video_bvid,video_aid,video_title,video_author,video_pubdate,video_play,video_review_count,part_page,part_title,cid,time_seconds,mode,font_size,color,send_time,send_timestamp,danmaku_pool,user_hash,row_id,text
BV1ms8V6tEXH,117117684814184,市区复杂路况通勤，小米智驾需要接管多少次？,王飞飞的日常,2026-08-19 09:00:00,10307,38,1,Timeline 1,41041461767,50.431,1,25,16777215,2026-08-21 03:05:06,1787252706,0,3c861020,2182392893670077184,这个比我的好多了 我的端到端特别抽象 它是先执行泊出 然后泊出到最后还没转直呢 就刹停然后交给记忆泊车...
BV1ms8V6tEXH,117117684814184,市区复杂路况通勤，小米智驾需要接管多少次？,王飞飞的日常,2026-08-19 09:00:00,10307,38,1,Timeline 1,41041461767,74.842,1,25,16777215,2026-08-21 03:05:38,1787252738,0,3c861020,2182393163280012544,感觉小米泊车的部分做的还挺好的
BV1ms8V6tEXH,117117684814184,市区复杂路况通勤，小米智驾需要接管多少次？,王飞飞的日常,2026-08-19 09:00:00,10307,38,1,Timeline 1,41041461767,131.280,1,25,16777215,2026-08-21 03:07:59,1787252879,0,3c861020,2182394348196077056,原来后面那么大地方 所有人还都从车前过啊
BV1ms8V6tEXH,117117684814184,市区复杂路况通勤，小米智驾需要接管多少次？,王飞飞的日常,2026-08-19 09:00:00,10307,38,1,Timeline 1,41041461767,27.982,1,25,16777215,2026-08-21 13:07:06,1787288826,0,a907014e,2182695887615869696,三千米通勤距离，不下雨骑电驴应该更快
BV1ms8V6tEXH,117117684814184,市区复杂路况通勤，小米智驾需要接管多少次？,王飞飞的日常,2026-08-19 09:00:00,10307,38,1,Timeline 1,41041461767,158.015,1,25,16777215,2026-08-25 17:13:33,1787649213,0,9ade017,2185719040276980480,看得见指尖。
BV1ms8V6tEXH,117117684814184,市区复杂路况通勤，小米智驾需要接管多少次？,王飞飞的日常,2026-08-19 09:00:00,10307,38,1,Timeline 1,41041461767,132.826,1,25,16777215,2026-08-25 17:25:39,1787649939,0,77f7594b,2185725127906904064,小米这个智驾就是这样的逻辑吗，我说有次前面一个su7右转的时候磨磨唧唧白天过不去，原来是开了自动驾驶
BV1ms8V6tEXH,117117684814184,市区复杂路况通勤，小米智驾需要接管多少次？,王飞飞的日常,2026-08-19 09:00:00,10307,38,1,Timeline 1,41041461767,174.182,1,25,16777215,2026-08-25 17:26:24,1787649984,0,77f7594b,2185725501619462912,为什么还要手扶方向盘啊
BV1ms8V6tEXH,117117684814184,市区复杂路况通勤，小米智驾需要接管多少次？,王飞飞的日常,2026-08-19 09:00:00,10307,38,1,Timeline 1,41041461767,178.643,1,25,16777215,2026-08-29 17:38:15,1787996295,0,acb95b79,2188630573667969024,因为国家法律和车企都是强制的，你手必须耷拉在方向盘上
BV1ms8V6tEXH,117117684814184,市区复杂路况通勤，小米智驾需要接管多少次？,王飞飞的日常,2026-08-19 09:00:00,10307,38,1,Timeline 1,41041461767,82.919,1,25,16777215,2026-09-05 21:08:49,1788613729,0,a094a163,2193809982943296768,主播应该是在一线城市
BV1ms8V6tEXH,117117684814184,市区复杂路况通勤，小米智驾需要接管多少次？,王飞飞的日常,2026-08-19 09:00:00,10307,38,1,Timeline 1,41041461767,69.937,1,25,16777215,2026-09-09 12:41:33,1788928893,0,8d28721a,2196453770362702336,你不是包月吗
BV1ms8V6tEXH,117117684814184,市区复杂路况通勤，小米智驾需要接管多少次？,王飞飞的日常,2026-08-19 09:00:00,10307,38,1,Timeline 1,41041461767,251.564,1,25,16777215,2026-09-09 13:39:59,1788932399,0,980c10de,2196483181803525888,声控的
BV1ms8V6tEXH,117117684814184,市区复杂路况通勤，小米智驾需要接管多少次？,王飞飞的日常,2026-08-19 09:00:00,10307,38,1,Timeline 1,41041461767,118.630,1,25,16777215,2026-09-09 18:58:56,1788951536,0,bebe7699,2196643714377295872,............................
BV1ms8V6tEXH,117117684814184,市区复杂路况通勤，小米智驾需要接管多少次？,王飞飞的日常,2026-08-19 09:00:00,10307,38,1,Timeline 1,41041461767,45.310,1,25,16777215,2026-09-12 13:42:15,1789191735,0,dd0e71c4,2198658646509359872,主包好高
BV1ms8V6tEXH,117117684814184,市区复杂路况通勤，小米智驾需要接管多少次？,王飞飞的日常,2026-08-19 09:00:00,10307,38,1,Timeline 1,41041461767,121.335,1,25,16777215,2026-09-20 17:43:38,1789897418,0,ddca0a10,2204578349803270144,这里看没人直接踩油催他就过去了
BV1ms8V6tEXH,117117684814184,市区复杂路况通勤，小米智驾需要接管多少次？,王飞飞的日常,2026-08-19 09:00:00,10307,38,1,Timeline 1,41041461767,409.554,1,25,16777215,2026-08-24 18:25:36,1787567136,0,e6a5739c,2185030525101277952,发现同款ei5，但是怎么是的士，难不成你在上海？
BV1MAeX6DEbc,117295238089770,智驾及格，音响好评，操控不拖后腿-小米澎程N70试驾体验,布软达爱雪雯,2026-09-19 10:09:30,7637,24,1,智驾及格，音响好评，操控不拖后腿-小米澎程N70试驾体验,42010281350,228.329,1,25,16777215,2026-09-19 17:05:19,1789808719,0,98c4f3ae,2203834283075306496,领克:你是哈曼调教的，那我是谁？哈哈
BV1MAeX6DEbc,117295238089770,智驾及格，音响好评，操控不拖后腿-小米澎程N70试驾体验,布软达爱雪雯,2026-09-19 10:09:30,7637,24,1,智驾及格，音响好评，操控不拖后腿-小米澎程N70试驾体验,42010281350,171.985,1,25,16777215,2026-09-19 19:25:33,1789817133,0,e101ed38,2203904869125884160,哈哈哈哈哈
BV1MAeX6DEbc,117295238089770,智驾及格，音响好评，操控不拖后腿-小米澎程N70试驾体验,布软达爱雪雯,2026-09-19 10:09:30,7637,24,1,智驾及格，音响好评，操控不拖后腿-小米澎程N70试驾体验,42010281350,73.900,1,25,16646914,2026-09-24 12:14:31,1790223271,0,3d59bd2,2207311799135610112,不能实线变道其实挺扯的，很多情况下小路没有探头又停车侵占，不灵活根本就过不去
BV1MAeX6DEbc,117295238089770,智驾及格，音响好评，操控不拖后腿-小米澎程N70试驾体验,布软达爱雪雯,2026-09-19 10:09:30,7637,24,1,智驾及格，音响好评，操控不拖后腿-小米澎程N70试驾体验,42010281350,425.140,1,25,16777215,2026-09-19 19:25:13,1789817113,0,d686873d,2203904698099719424,没那么夸张，yu7有经济、舒适、运动和运动+，应该介于舒适和运动之间
BV1MAeX6DEbc,117295238089770,智驾及格，音响好评，操控不拖后腿-小米澎程N70试驾体验,布软达爱雪雯,2026-09-19 10:09:30,7637,24,1,智驾及格，音响好评，操控不拖后腿-小米澎程N70试驾体验,42010281350,517.227,1,25,16777215,2026-09-27 06:42:18,1790462538,0,2ea7e72b,2209318921264808704,2
BV1MAeX6DEbc,117295238089770,智驾及格，音响好评，操控不拖后腿-小米澎程N70试驾体验,布软达爱雪雯,2026-09-19 10:09:30,7637,24,1,智驾及格，音响好评，操控不拖后腿-小米澎程N70试驾体验,42010281350,525.103,1,25,16777215,2026-09-27 09:20:13,1790472013,0,2282c003,2209398401908166912,《操控》
BV1MAeX6DEbc,117295238089770,智驾及格，音响好评，操控不拖后腿-小米澎程N70试驾体验,布软达爱雪雯,2026-09-19 10:09:30,7637,24,1,智驾及格，音响好评，操控不拖后腿-小米澎程N70试驾体验,42010281350,630.253,1,25,16777215,2026-09-27 09:22:00,1790472120,0,2282c003,2209399299640186368,四把 四把四把
BV1LL8M6FEU8,117132012555604,心多大才能零接管？小米YU7智驾一镜到底实测！,Still依然论,2026-08-21 18:00:00,5482,57,1,心多大才能零接管？小米YU7智驾一镜到底实测！,41120498955,28.094,1,25,15138834,2026-09-23 14:34:54,1790145294,0,bc345231,2206657682806223360,开场雷击！
BV1LL8M6FEU8,117132012555604,心多大才能零接管？小米YU7智驾一镜到底实测！,Still依然论,2026-08-21 18:00:00,5482,57,1,心多大才能零接管？小米YU7智驾一镜到底实测！,41120498955,59.733,1,25,15138834,2026-09-23 14:35:31,1790145331,0,bc345231,2206657995155783168,再次雷击！
BV15Xb86nEzv,117108709072765,【无广】9大辅助驾驶晚高峰实测！谁是真正的第一梯队？,凤凰车研所,2026-08-17 11:34:40,232781,1923,1,【无广实测】问/鹏/理/迪/米/蔚/尚/氪/奔 9车辅助驾驶深度体验,40983071508,54.345,1,25,16777215,2026-08-17 12:52:04,1786942324,0,43294cb0,2179789218577604096,理想不用马赫的那套新的感觉缺点意思…
BV15Xb86nEzv,117108709072765,【无广】9大辅助驾驶晚高峰实测！谁是真正的第一梯队？,凤凰车研所,2026-08-17 11:34:40,232781,1923,1,【无广实测】问/鹏/理/迪/米/蔚/尚/氪/奔 9车辅助驾驶深度体验,40983071508,109.034,1,25,16777215,2026-08-17 13:53:59,1786946039,0,f667c35f,2179820383732382464,我济南也有吗
BV15Xb86nEzv,117108709072765,【无广】9大辅助驾驶晚高峰实测！谁是真正的第一梯队？,凤凰车研所,2026-08-17 11:34:40,232781,1923,1,【无广实测】问/鹏/理/迪/米/蔚/尚/氪/奔 9车辅助驾驶深度体验,40983071508,210.860,1,25,16777215,2026-08-17 16:56:08,1786956968,0,9973877c,2179912065387999232,su7都接管3次了？？
BV15Xb86nEzv,117108709072765,【无广】9大辅助驾驶晚高峰实测！谁是真正的第一梯队？,凤凰车研所,2026-08-17 11:34:40,232781,1923,1,【无广实测】问/鹏/理/迪/米/蔚/尚/氪/奔 9车辅助驾驶深度体验,40983071508,194.517,1,25,16777215,2026-08-17 18:13:06,1786961586,0,e3251cdf,2179950801630627072,没绷住，你要干什么？
BV15Xb86nEzv,117108709072765,【无广】9大辅助驾驶晚高峰实测！谁是真正的第一梯队？,凤凰车研所,2026-08-17 11:34:40,232781,1923,1,【无广实测】问/鹏/理/迪/米/蔚/尚/氪/奔 9车辅助驾驶深度体验,40983071508,121.503,1,25,16777215,2026-08-17 18:58:11,1786964291,0,b0c524e1,2179973498435488512,我去
BV15Xb86nEzv,117108709072765,【无广】9大辅助驾驶晚高峰实测！谁是真正的第一梯队？,凤凰车研所,2026-08-17 11:34:40,232781,1923,1,【无广实测】问/鹏/理/迪/米/蔚/尚/氪/奔 9车辅助驾驶深度体验,40983071508,268.705,1,25,16777215,2026-08-17 19:59:37,1786967977,0,5a1330b1,2180004414516080384,纯视觉牛皮
BV15Xb86nEzv,117108709072765,【无广】9大辅助驾驶晚高峰实测！谁是真正的第一梯队？,凤凰车研所,2026-08-17 11:34:40,232781,1923,1,【无广实测】问/鹏/理/迪/米/蔚/尚/氪/奔 9车辅助驾驶深度体验,40983071508,181.821,1,25,16777215,2026-08-17 20:19:07,1786969147,0,9aeb0179,2180014232736193280,没事，咱有兜底
BV15Xb86nEzv,117108709072765,【无广】9大辅助驾驶晚高峰实测！谁是真正的第一梯队？,凤凰车研所,2026-08-17 11:34:40,232781,1923,1,【无广实测】问/鹏/理/迪/米/蔚/尚/氪/奔 9车辅助驾驶深度体验,40983071508,82.317,1,25,16777215,2026-08-17 20:42:16,1786970536,0,a7fa364d,2180025880410293760,这里P7的素材拼错了吧
BV15Xb86nEzv,117108709072765,【无广】9大辅助驾驶晚高峰实测！谁是真正的第一梯队？,凤凰车研所,2026-08-17 11:34:40,232781,1923,1,【无广实测】问/鹏/理/迪/米/蔚/尚/氪/奔 9车辅助驾驶深度体验,40983071508,76.228,1,25,16777215,2026-08-17 23:01:34,1786978894,0,c2d6af19,2180095995374378752,极氪9X考点一没有问题，剪辑师需要认真点了。
BV15Xb86nEzv,117108709072765,【无广】9大辅助驾驶晚高峰实测！谁是真正的第一梯队？,凤凰车研所,2026-08-17 11:34:40,232781,1923,1,【无广实测】问/鹏/理/迪/米/蔚/尚/氪/奔 9车辅助驾驶深度体验,40983071508,149.587,5,25,16707842,2026-08-17 23:13:34,1786979614,0,1f7c730d,2180102033125100800,买到正品理想了
BV15Xb86nEzv,117108709072765,【无广】9大辅助驾驶晚高峰实测！谁是真正的第一梯队？,凤凰车研所,2026-08-17 11:34:40,232781,1923,1,【无广实测】问/鹏/理/迪/米/蔚/尚/氪/奔 9车辅助驾驶深度体验,40983071508,123.373,5,25,15138834,2026-08-17 23:27:21,1786980441,0,d8645890,2180108973784147456,我就经常这样，总会有起步慢和玩手机的人的
BV15Xb86nEzv,117108709072765,【无广】9大辅助驾驶晚高峰实测！谁是真正的第一梯队？,凤凰车研所,2026-08-17 11:34:40,232781,1923,1,【无广实测】问/鹏/理/迪/米/蔚/尚/氪/奔 9车辅助驾驶深度体验,40983071508,130.034,1,25,16777215,2026-08-18 01:10:48,1786986648,0,afdba350,2180161041236172544,比亚迪整体策略都偏保守的，包括动力和充电，船夫哥要稳
BV15Xb86nEzv,117108709072765,【无广】9大辅助驾驶晚高峰实测！谁是真正的第一梯队？,凤凰车研所,2026-08-17 11:34:40,232781,1923,1,【无广实测】问/鹏/理/迪/米/蔚/尚/氪/奔 9车辅助驾驶深度体验,40983071508,168.038,5,25,15138835,2026-08-18 08:55:15,1787014515,0,9b2bd3bd,2180394806784857088,ads牛啊
BV15Xb86nEzv,117108709072765,【无广】9大辅助驾驶晚高峰实测！谁是真正的第一梯队？,凤凰车研所,2026-08-17 11:34:40,232781,1923,1,【无广实测】问/鹏/理/迪/米/蔚/尚/氪/奔 9车辅助驾驶深度体验,40983071508,194.320,1,25,16777215,2026-08-18 11:32:33,1787023953,0,f757845c,2180473978694125312,合理
BV15Xb86nEzv,117108709072765,【无广】9大辅助驾驶晚高峰实测！谁是真正的第一梯队？,凤凰车研所,2026-08-17 11:34:40,232781,1923,1,【无广实测】问/鹏/理/迪/米/蔚/尚/氪/奔 9车辅助驾驶深度体验,40983071508,333.186,5,25,16777215,2026-08-18 11:45:19,1787024719,0,8c40d280,2180480399762045184,问界M7深藏不露啊。
BV15Xb86nEzv,117108709072765,【无广】9大辅助驾驶晚高峰实测！谁是真正的第一梯队？,凤凰车研所,2026-08-17 11:34:40,232781,1923,1,【无广实测】问/鹏/理/迪/米/蔚/尚/氪/奔 9车辅助驾驶深度体验,40983071508,340.872,5,25,15138834,2026-08-18 11:47:22,1787024842,0,3299a4c,2180481429136766720,《布朗运动》
BV15Xb86nEzv,117108709072765,【无广】9大辅助驾驶晚高峰实测！谁是真正的第一梯队？,凤凰车研所,2026-08-17 11:34:40,232781,1923,1,【无广实测】问/鹏/理/迪/米/蔚/尚/氪/奔 9车辅助驾驶深度体验,40983071508,51.479,1,25,16777215,2026-08-18 12:04:35,1787025875,0,2f22d19c,2180490096506236416,租来的车能开智驾吗?我之前租的神州的，只能有简单的高速noa
BV15Xb86nEzv,117108709072765,【无广】9大辅助驾驶晚高峰实测！谁是真正的第一梯队？,凤凰车研所,2026-08-17 11:34:40,232781,1923,1,【无广实测】问/鹏/理/迪/米/蔚/尚/氪/奔 9车辅助驾驶深度体验,40983071508,36.883,1,25,16777215,2026-08-18 12:57:55,1787029075,0,fc868621,2180516937879458304,影视飓风赞助了T恤
BV15Xb86nEzv,117108709072765,【无广】9大辅助驾驶晚高峰实测！谁是真正的第一梯队？,凤凰车研所,2026-08-17 11:34:40,232781,1923,1,【无广实测】问/鹏/理/迪/米/蔚/尚/氪/奔 9车辅助驾驶深度体验,40983071508,72.917,1,25,16777215,2026-08-18 14:03:19,1787032999,0,ad6ab917,2180549855372940544,汉L的有点老了
BV15Xb86nEzv,117108709072765,【无广】9大辅助驾驶晚高峰实测！谁是真正的第一梯队？,凤凰车研所,2026-08-17 11:34:40,232781,1923,1,【无广实测】问/鹏/理/迪/米/蔚/尚/氪/奔 9车辅助驾驶深度体验,40983071508,107.506,1,25,16777215,2026-08-18 14:53:00,1787035980,0,e66daa53,2180574863541668352,前面这z9gt真帅吧
BV15Xb86nEzv,117108709072765,【无广】9大辅助驾驶晚高峰实测！谁是真正的第一梯队？,凤凰车研所,2026-08-17 11:34:40,232781,1923,1,【无广实测】问/鹏/理/迪/米/蔚/尚/氪/奔 9车辅助驾驶深度体验,40983071508,149.977,5,25,16646914,2026-08-18 16:40:16,1787042416,0,27230100,2180628854694422784,理他们干嘛，想怎么开就怎么开
BV15Xb86nEzv,117108709072765,【无广】9大辅助驾驶晚高峰实测！谁是真正的第一梯队？,凤凰车研所,2026-08-17 11:34:40,232781,1923,1,【无广实测】问/鹏/理/迪/米/蔚/尚/氪/奔 9车辅助驾驶深度体验,40983071508,1.786,1,25,16777215,2026-08-18 17:57:01,1787047021,0,e6c2509d,2180667482372288768,极氪有没有第一啊？？？
BV15Xb86nEzv,117108709072765,【无广】9大辅助驾驶晚高峰实测！谁是真正的第一梯队？,凤凰车研所,2026-08-17 11:34:40,232781,1923,1,【无广实测】问/鹏/理/迪/米/蔚/尚/氪/奔 9车辅助驾驶深度体验,40983071508,227.541,1,25,16777215,2026-08-18 18:23:39,1787048619,0,bbb58a46,2180680889792115712,千里冒汗了
BV15Xb86nEzv,117108709072765,【无广】9大辅助驾驶晚高峰实测！谁是真正的第一梯队？,凤凰车研所,2026-08-17 11:34:40,232781,1923,1,【无广实测】问/鹏/理/迪/米/蔚/尚/氪/奔 9车辅助驾驶深度体验,40983071508,115.679,5,25,15138834,2026-08-18 19:19:14,1787051954,0,3cbe95ed,2180708863375606784,济南中国第一堵城怎么可能没有。。。
BV15Xb86nEzv,117108709072765,【无广】9大辅助驾驶晚高峰实测！谁是真正的第一梯队？,凤凰车研所,2026-08-17 11:34:40,232781,1923,1,【无广实测】问/鹏/理/迪/米/蔚/尚/氪/奔 9车辅助驾驶深度体验,40983071508,213.717,1,25,16777215,2026-08-18 19:19:57,1787051997,0,54f70e5d,2180709224219288320,都1.17了吧
BV15Xb86nEzv,117108709072765,【无广】9大辅助驾驶晚高峰实测！谁是真正的第一梯队？,凤凰车研所,2026-08-17 11:34:40,232781,1923,1,【无广实测】问/鹏/理/迪/米/蔚/尚/氪/奔 9车辅助驾驶深度体验,40983071508,221.511,1,25,16777215,2026-08-18 19:20:39,1787052039,0,8021a033,2180709577094814464,比亚迪是没避让，但没退出智驾所以不算接管
BV15Xb86nEzv,117108709072765,【无广】9大辅助驾驶晚高峰实测！谁是真正的第一梯队？,凤凰车研所,2026-08-17 11:34:40,232781,1923,1,【无广实测】问/鹏/理/迪/米/蔚/尚/氪/奔 9车辅助驾驶深度体验,40983071508,290.099,1,25,16777215,2026-08-18 23:56:01,1787068561,0,dabdceaf,2180848175479742976,开小鹏的这..有了
BV15Xb86nEzv,117108709072765,【无广】9大辅助驾驶晚高峰实测！谁是真正的第一梯队？,凤凰车研所,2026-08-17 11:34:40,232781,1923,1,【无广实测】问/鹏/理/迪/米/蔚/尚/氪/奔 9车辅助驾驶深度体验,40983071508,107.262,1,25,16646914,2026-08-19 01:46:07,1787075167,0,9fc5f501,2180903592754872320,谁能跟我大武汉比路况。。。。。
BV15Xb86nEzv,117108709072765,【无广】9大辅助驾驶晚高峰实测！谁是真正的第一梯队？,凤凰车研所,2026-08-17 11:34:40,232781,1923,1,【无广实测】问/鹏/理/迪/米/蔚/尚/氪/奔 9车辅助驾驶深度体验,40983071508,310.178,5,25,16776960,2026-08-19 12:02:05,1787112125,0,7cc44e0,2181213614701449472,遇到鹏友了让一下能理解
BV15Xb86nEzv,117108709072765,【无广】9大辅助驾驶晚高峰实测！谁是真正的第一梯队？,凤凰车研所,2026-08-17 11:34:40,232781,1923,1,【无广实测】问/鹏/理/迪/米/蔚/尚/氪/奔 9车辅助驾驶深度体验,40983071508,120.723,1,25,16777215,2026-08-19 12:52:29,1787115149,0,4122fa4d,2181238985937729024,666
BV15Xb86nEzv,117108709072765,【无广】9大辅助驾驶晚高峰实测！谁是真正的第一梯队？,凤凰车研所,2026-08-17 11:34:40,232781,1923,1,【无广实测】问/鹏/理/迪/米/蔚/尚/氪/奔 9车辅助驾驶深度体验,40983071508,239.295,1,25,16777215,2026-08-19 14:48:06,1787122086,0,99fdc59f,2181297175177385728,估计是效率接管
BV15Xb86nEzv,117108709072765,【无广】9大辅助驾驶晚高峰实测！谁是真正的第一梯队？,凤凰车研所,2026-08-17 11:34:40,232781,1923,1,【无广实测】问/鹏/理/迪/米/蔚/尚/氪/奔 9车辅助驾驶深度体验,40983071508,33.546,1,25,16777215,2026-08-19 19:29:57,1787138997,0,c465af4b,2181439030465230080,人类老司机开上下班高峰期都会很累
BV15Xb86nEzv,117108709072765,【无广】9大辅助驾驶晚高峰实测！谁是真正的第一梯队？,凤凰车研所,2026-08-17 11:34:40,232781,1923,1,【无广实测】问/鹏/理/迪/米/蔚/尚/氪/奔 9车辅助驾驶深度体验,40983071508,45.069,1,25,16777215,2026-08-19 21:05:18,1787144718,0,d51eebf4,2181487022152815616,有
BV15Xb86nEzv,117108709072765,【无广】9大辅助驾驶晚高峰实测！谁是真正的第一梯队？,凤凰车研所,2026-08-17 11:34:40,232781,1923,1,【无广实测】问/鹏/理/迪/米/蔚/尚/氪/奔 9车辅助驾驶深度体验,40983071508,241.739,1,25,16777215,2026-08-19 21:24:19,1787145859,0,6e6f21e6,2181496595651849472,这个汇入的阻碍明显少很多啊
BV15Xb86nEzv,117108709072765,【无广】9大辅助驾驶晚高峰实测！谁是真正的第一梯队？,凤凰车研所,2026-08-17 11:34:40,232781,1923,1,【无广实测】问/鹏/理/迪/米/蔚/尚/氪/奔 9车辅助驾驶深度体验,40983071508,42.607,1,25,16777215,2026-08-19 22:21:35,1787149295,0,e941aba7,2181525419152194304,还有极氪的事？
BV15Xb86nEzv,117108709072765,【无广】9大辅助驾驶晚高峰实测！谁是真正的第一梯队？,凤凰车研所,2026-08-17 11:34:40,232781,1923,1,【无广实测】问/鹏/理/迪/米/蔚/尚/氪/奔 9车辅助驾驶深度体验,40983071508,330.860,1,25,16777215,2026-08-19 22:44:38,1787150678,0,3036fe75,2181537019195339520,种草尚界Z7T
BV15Xb86nEzv,117108709072765,【无广】9大辅助驾驶晚高峰实测！谁是真正的第一梯队？,凤凰车研所,2026-08-17 11:34:40,232781,1923,1,【无广实测】问/鹏/理/迪/米/蔚/尚/氪/奔 9车辅助驾驶深度体验,40983071508,297.367,5,25,16777215,2026-08-20 08:54:01,1787187241,0,305bdc26,2181843737490212096,怎么没见问界M7
BV15Xb86nEzv,117108709072765,【无广】9大辅助驾驶晚高峰实测！谁是真正的第一梯队？,凤凰车研所,2026-08-17 11:34:40,232781,1923,1,【无广实测】问/鹏/理/迪/米/蔚/尚/氪/奔 9车辅助驾驶深度体验,40983071508,192.745,5,25,41194,2026-08-20 09:41:28,1787190088,0,db1d956f,2181867615445341184,撞上了就是已经退出辅助驾驶了
BV15Xb86nEzv,117108709072765,【无广】9大辅助驾驶晚高峰实测！谁是真正的第一梯队？,凤凰车研所,2026-08-17 11:34:40,232781,1923,1,【无广实测】问/鹏/理/迪/米/蔚/尚/氪/奔 9车辅助驾驶深度体验,40983071508,232.440,1,25,16777215,2026-08-20 10:27:13,1787192833,0,296f7e1b,2181890643415173120,这种路有车就必然有风险
BV15Xb86nEzv,117108709072765,【无广】9大辅助驾驶晚高峰实测！谁是真正的第一梯队？,凤凰车研所,2026-08-17 11:34:40,232781,1923,1,【无广实测】问/鹏/理/迪/米/蔚/尚/氪/奔 9车辅助驾驶深度体验,40983071508,141.874,1,25,16777215,2026-08-20 13:13:40,1787202820,0,2f5aec6b,2181974418028028672,相信华为
BV15Xb86nEzv,117108709072765,【无广】9大辅助驾驶晚高峰实测！谁是真正的第一梯队？,凤凰车研所,2026-08-17 11:34:40,232781,1923,1,【无广实测】问/鹏/理/迪/米/蔚/尚/氪/奔 9车辅助驾驶深度体验,40983071508,111.946,1,25,16777215,2026-08-20 14:08:36,1787206116,0,8ad97fa,2182002073556902912,没有momenta吗
BV15Xb86nEzv,117108709072765,【无广】9大辅助驾驶晚高峰实测！谁是真正的第一梯队？,凤凰车研所,2026-08-17 11:34:40,232781,1923,1,【无广实测】问/鹏/理/迪/米/蔚/尚/氪/奔 9车辅助驾驶深度体验,40983071508,254.530,1,25,16777215,2026-08-20 14:38:53,1787207933,0,2bef6920,2182017315078897408,目前两台华为和一台理想表现最好。
BV15Xb86nEzv,117108709072765,【无广】9大辅助驾驶晚高峰实测！谁是真正的第一梯队？,凤凰车研所,2026-08-17 11:34:40,232781,1923,1,【无广实测】问/鹏/理/迪/米/蔚/尚/氪/奔 9车辅助驾驶深度体验,40983071508,324.795,1,25,16777215,2026-08-20 15:10:17,1787209817,0,b4a0b1cf,2182033116549107456,建议UP主把FSD的测试补上
BV15Xb86nEzv,117108709072765,【无广】9大辅助驾驶晚高峰实测！谁是真正的第一梯队？,凤凰车研所,2026-08-17 11:34:40,232781,1923,1,【无广实测】问/鹏/理/迪/米/蔚/尚/氪/奔 9车辅助驾驶深度体验,40983071508,359.709,1,25,16777215,2026-08-20 16:04:37,1787213077,0,c123426b,2182060460148056064,最后一期
BV15Xb86nEzv,117108709072765,【无广】9大辅助驾驶晚高峰实测！谁是真正的第一梯队？,凤凰车研所,2026-08-17 11:34:40,232781,1923,1,【无广实测】问/鹏/理/迪/米/蔚/尚/氪/奔 9车辅助驾驶深度体验,40983071508,285.104,1,25,16777215,2026-08-20 16:09:22,1787213362,0,53af74c4,2182062853434039296,这回运气不太好了？ 那之前是不是运气太好了？
BV15Xb86nEzv,117108709072765,【无广】9大辅助驾驶晚高峰实测！谁是真正的第一梯队？,凤凰车研所,2026-08-17 11:34:40,232781,1923,1,【无广实测】问/鹏/理/迪/米/蔚/尚/氪/奔 9车辅助驾驶深度体验,40983071508,9.956,5,25,16646914,2026-08-21 00:13:19,1787242399,0,769d42e0,2182306431724729088,华为5.0发布快1年了，用4.1版本，WHY？
BV15Xb86nEzv,117108709072765,【无广】9大辅助驾驶晚高峰实测！谁是真正的第一梯队？,凤凰车研所,2026-08-17 11:34:40,232781,1923,1,【无广实测】问/鹏/理/迪/米/蔚/尚/氪/奔 9车辅助驾驶深度体验,40983071508,5.886,5,25,16777215,2026-08-21 00:50:05,1787244605,0,2d204e70,2182324941616115712,刚升级你就用了一年了？再说4.1还不够打吗？
BV15Xb86nEzv,117108709072765,【无广】9大辅助驾驶晚高峰实测！谁是真正的第一梯队？,凤凰车研所,2026-08-17 11:34:40,232781,1923,1,【无广实测】问/鹏/理/迪/米/蔚/尚/氪/奔 9车辅助驾驶深度体验,40983071508,86.335,1,25,16777215,2026-08-21 21:32:51,1787319171,0,9fa21696,2182950445142855936,未来科学城
BV15Xb86nEzv,117108709072765,【无广】9大辅助驾驶晚高峰实测！谁是真正的第一梯队？,凤凰车研所,2026-08-17 11:34:40,232781,1923,1,【无广实测】问/鹏/理/迪/米/蔚/尚/氪/奔 9车辅助驾驶深度体验,40983071508,349.554,1,25,16777215,2026-08-21 23:47:02,1787327222,0,13fc6a1d,2183017982715192832,这个不是同一时间段录的吧，周边的行道树有些都是冬天没有叶子。
BV15Xb86nEzv,117108709072765,【无广】9大辅助驾驶晚高峰实测！谁是真正的第一梯队？,凤凰车研所,2026-08-17 11:34:40,232781,1923,1,【无广实测】问/鹏/理/迪/米/蔚/尚/氪/奔 9车辅助驾驶深度体验,40983071508,275.387,1,25,16777215,2026-08-22 20:07:38,1787400458,0,c77829f8,2183632330131459840,比亚迪现在选道很有问题
BV15Xb86nEzv,117108709072765,【无广】9大辅助驾驶晚高峰实测！谁是真正的第一梯队？,凤凰车研所,2026-08-17 11:34:40,232781,1923,1,【无广实测】问/鹏/理/迪/米/蔚/尚/氪/奔 9车辅助驾驶深度体验,40983071508,162.610,1,25,16777215,2026-08-23 13:11:45,1787461905,0,a044946d,2184147784004211456,小米果然是第一梯队，接管也算。
BV15Xb86nEzv,117108709072765,【无广】9大辅助驾驶晚高峰实测！谁是真正的第一梯队？,凤凰车研所,2026-08-17 11:34:40,232781,1923,1,【无广实测】问/鹏/理/迪/米/蔚/尚/氪/奔 9车辅助驾驶深度体验,40983071508,175.559,1,25,16777215,2026-08-23 17:44:56,1787478296,0,c464a22c,2184285277139636224,电摩真可怕
BV15Xb86nEzv,117108709072765,【无广】9大辅助驾驶晚高峰实测！谁是真正的第一梯队？,凤凰车研所,2026-08-17 11:34:40,232781,1923,1,【无广实测】问/鹏/理/迪/米/蔚/尚/氪/奔 9车辅助驾驶深度体验,40983071508,193.735,5,25,16777215,2026-08-23 19:19:16,1787483956,0,47bc77d5,2184332761853542144,小米：我稳定发挥，问题不大
BV15Xb86nEzv,117108709072765,【无广】9大辅助驾驶晚高峰实测！谁是真正的第一梯队？,凤凰车研所,2026-08-17 11:34:40,232781,1923,1,【无广实测】问/鹏/理/迪/米/蔚/尚/氪/奔 9车辅助驾驶深度体验,40983071508,248.255,5,25,16777215,2026-08-23 19:21:04,1787484064,0,47bc77d5,2184333668100025600,ADS强是真强，吹也是在一步一步进步的前提下。不说无敌，但仍然是最强的一档
BV15Xb86nEzv,117108709072765,【无广】9大辅助驾驶晚高峰实测！谁是真正的第一梯队？,凤凰车研所,2026-08-17 11:34:40,232781,1923,1,【无广实测】问/鹏/理/迪/米/蔚/尚/氪/奔 9车辅助驾驶深度体验,40983071508,38.430,1,25,16777215,2026-08-24 11:34:08,1787542448,0,7d38b2b9,2184823425326322944,这些路况都不太好用
BV15Xb86nEzv,117108709072765,【无广】9大辅助驾驶晚高峰实测！谁是真正的第一梯队？,凤凰车研所,2026-08-17 11:34:40,232781,1923,1,【无广实测】问/鹏/理/迪/米/蔚/尚/氪/奔 9车辅助驾驶深度体验,40983071508,72.763,1,25,16777215,2026-08-24 13:37:50,1787549870,0,467118fd,2184885687386874624,fsd呢？
BV15Xb86nEzv,117108709072765,【无广】9大辅助驾驶晚高峰实测！谁是真正的第一梯队？,凤凰车研所,2026-08-17 11:34:40,232781,1923,1,【无广实测】问/鹏/理/迪/米/蔚/尚/氪/奔 9车辅助驾驶深度体验,40983071508,178.272,5,25,16777215,2026-08-24 13:39:42,1787549982,0,467118fd,2184886629460827648,玄武骂归骂，华子智驾确实有东西的
BV15Xb86nEzv,117108709072765,【无广】9大辅助驾驶晚高峰实测！谁是真正的第一梯队？,凤凰车研所,2026-08-17 11:34:40,232781,1923,1,【无广实测】问/鹏/理/迪/米/蔚/尚/氪/奔 9车辅助驾驶深度体验,40983071508,185.172,5,25,16777215,2026-08-24 13:39:54,1787549994,0,467118fd,2184886728421412352,玄武骂归骂，华子智驾确实有东西的
BV15Xb86nEzv,117108709072765,【无广】9大辅助驾驶晚高峰实测！谁是真正的第一梯队？,凤凰车研所,2026-08-17 11:34:40,232781,1923,1,【无广实测】问/鹏/理/迪/米/蔚/尚/氪/奔 9车辅助驾驶深度体验,40983071508,243.854,5,25,16777215,2026-08-24 13:41:13,1787550073,0,467118fd,2184887386834717952,华为牛逼
BV15Xb86nEzv,117108709072765,【无广】9大辅助驾驶晚高峰实测！谁是真正的第一梯队？,凤凰车研所,2026-08-17 11:34:40,232781,1923,1,【无广实测】问/鹏/理/迪/米/蔚/尚/氪/奔 9车辅助驾驶深度体验,40983071508,303.791,5,25,16646914,2026-08-24 13:42:27,1787550147,0,467118fd,2184888009185631744,前面急死了，遇上交通管制还不是运气不好啊
BV15Xb86nEzv,117108709072765,【无广】9大辅助驾驶晚高峰实测！谁是真正的第一梯队？,凤凰车研所,2026-08-17 11:34:40,232781,1923,1,【无广实测】问/鹏/理/迪/米/蔚/尚/氪/奔 9车辅助驾驶深度体验,40983071508,313.061,4,25,16646914,2026-08-24 13:42:37,1787550157,0,467118fd,2184888095387044352,前面急死了，遇上交通管制还不是运气不好啊
BV15Xb86nEzv,117108709072765,【无广】9大辅助驾驶晚高峰实测！谁是真正的第一梯队？,凤凰车研所,2026-08-17 11:34:40,232781,1923,1,【无广实测】问/鹏/理/迪/米/蔚/尚/氪/奔 9车辅助驾驶深度体验,40983071508,91.862,1,25,16777215,2026-08-24 16:38:27,1787560707,0,8c82ef67,2184976591158131456,这不是奔驰么？
BV15Xb86nEzv,117108709072765,【无广】9大辅助驾驶晚高峰实测！谁是真正的第一梯队？,凤凰车研所,2026-08-17 11:34:40,232781,1923,1,【无广实测】问/鹏/理/迪/米/蔚/尚/氪/奔 9车辅助驾驶深度体验,40983071508,17.691,1,25,16777215,2026-08-24 21:29:50,1787578190,0,e92a521e,2185123253629548032,零跑呢
BV15Xb86nEzv,117108709072765,【无广】9大辅助驾驶晚高峰实测！谁是真正的第一梯队？,凤凰车研所,2026-08-17 11:34:40,232781,1923,1,【无广实测】问/鹏/理/迪/米/蔚/尚/氪/奔 9车辅助驾驶深度体验,40983071508,77.165,1,25,16777215,2026-08-24 23:32:01,1787585521,0,b0ddf2d9,2185184745716200960,汉L会不会太老了？
BV15Xb86nEzv,117108709072765,【无广】9大辅助驾驶晚高峰实测！谁是真正的第一梯队？,凤凰车研所,2026-08-17 11:34:40,232781,1923,1,【无广实测】问/鹏/理/迪/米/蔚/尚/氪/奔 9车辅助驾驶深度体验,40983071508,135.598,1,25,16777215,2026-08-25 11:02:04,1787626924,0,79d7a0de,2185532065184424448,我的极氪也是…城里面跟车能有2辆车的距离，直接就可以插
BV15Xb86nEzv,117108709072765,【无广】9大辅助驾驶晚高峰实测！谁是真正的第一梯队？,凤凰车研所,2026-08-17 11:34:40,232781,1923,1,【无广实测】问/鹏/理/迪/米/蔚/尚/氪/奔 9车辅助驾驶深度体验,40983071508,268.241,5,25,16777215,2026-08-25 13:40:10,1787636410,0,96b2bad8,2185611641348784128,小鹏VLA2在郑州老是走错路，还是在路况正常的情况，很奇怪
BV15Xb86nEzv,117108709072765,【无广】9大辅助驾驶晚高峰实测！谁是真正的第一梯队？,凤凰车研所,2026-08-17 11:34:40,232781,1923,1,【无广实测】问/鹏/理/迪/米/蔚/尚/氪/奔 9车辅助驾驶深度体验,40983071508,314.017,1,25,16646914,2026-08-26 01:25:12,1787678712,0,4c93ca2a,2185966492704249344,前车也是小鹏，人家开双闪跟你打招呼呢，你还一脸懵在原地
BV15Xb86nEzv,117108709072765,【无广】9大辅助驾驶晚高峰实测！谁是真正的第一梯队？,凤凰车研所,2026-08-17 11:34:40,232781,1923,1,【无广实测】问/鹏/理/迪/米/蔚/尚/氪/奔 9车辅助驾驶深度体验,40983071508,297.809,1,25,16777215,2026-08-26 15:16:50,1787728610,0,18f05a30,2186385067608605952,运气不好
BV15Xb86nEzv,117108709072765,【无广】9大辅助驾驶晚高峰实测！谁是真正的第一梯队？,凤凰车研所,2026-08-17 11:34:40,232781,1923,1,【无广实测】问/鹏/理/迪/米/蔚/尚/氪/奔 9车辅助驾驶深度体验,40983071508,25.650,1,25,16777215,2026-08-26 21:00:44,1787749244,0,abbcdc02,2186558155646492672,fsd出来全镇，所以特别安排休息O(∩_∩)O哈哈~
BV15Xb86nEzv,117108709072765,【无广】9大辅助驾驶晚高峰实测！谁是真正的第一梯队？,凤凰车研所,2026-08-17 11:34:40,232781,1923,1,【无广实测】问/鹏/理/迪/米/蔚/尚/氪/奔 9车辅助驾驶深度体验,40983071508,296.476,1,25,16777215,2026-08-29 10:28:45,1787970525,0,7715501c,2188414394743425280,这个就没办法了，交通管制不是常规的道路规则
BV15Xb86nEzv,117108709072765,【无广】9大辅助驾驶晚高峰实测！谁是真正的第一梯队？,凤凰车研所,2026-08-17 11:34:40,232781,1923,1,【无广实测】问/鹏/理/迪/米/蔚/尚/氪/奔 9车辅助驾驶深度体验,40983071508,106.355,5,25,15138834,2026-08-31 20:42:35,1788180155,0,564ab276,2190172897270881024,还有辆z9gt
BV15Xb86nEzv,117108709072765,【无广】9大辅助驾驶晚高峰实测！谁是真正的第一梯队？,凤凰车研所,2026-08-17 11:34:40,232781,1923,1,【无广实测】问/鹏/理/迪/米/蔚/尚/氪/奔 9车辅助驾驶深度体验,40983071508,342.154,1,25,16777215,2026-09-01 09:39:10,1788226750,0,ed94ef13,2190563769736764928,这里面只有问界的智驾需要单独购买
BV15Xb86nEzv,117108709072765,【无广】9大辅助驾驶晚高峰实测！谁是真正的第一梯队？,凤凰车研所,2026-08-17 11:34:40,232781,1923,1,【无广实测】问/鹏/理/迪/米/蔚/尚/氪/奔 9车辅助驾驶深度体验,40983071508,261.116,1,25,16777215,2026-09-02 14:51:20,1788331880,0,212cd675,2191445661235885056,第四梯队超常发挥
BV15Xb86nEzv,117108709072765,【无广】9大辅助驾驶晚高峰实测！谁是真正的第一梯队？,凤凰车研所,2026-08-17 11:34:40,232781,1923,1,【无广实测】问/鹏/理/迪/米/蔚/尚/氪/奔 9车辅助驾驶深度体验,40983071508,302.855,1,25,16777215,2026-09-02 17:15:20,1788340520,0,31d6a5fe,2191518137911462144,交通管制没办法的，他又看不懂交警手势
BV15Xb86nEzv,117108709072765,【无广】9大辅助驾驶晚高峰实测！谁是真正的第一梯队？,凤凰车研所,2026-08-17 11:34:40,232781,1923,1,【无广实测】问/鹏/理/迪/米/蔚/尚/氪/奔 9车辅助驾驶深度体验,40983071508,116.902,1,25,16777215,2026-09-02 19:03:02,1788346982,0,147deced,2191572349424493824,这种动作在上海算加塞违章
BV15Xb86nEzv,117108709072765,【无广】9大辅助驾驶晚高峰实测！谁是真正的第一梯队？,凤凰车研所,2026-08-17 11:34:40,232781,1923,1,【无广实测】问/鹏/理/迪/米/蔚/尚/氪/奔 9车辅助驾驶深度体验,40983071508,254.461,1,25,16777215,2026-09-02 19:05:44,1788347144,0,147deced,2191573702892760832,也有运气成分
BV15Xb86nEzv,117108709072765,【无广】9大辅助驾驶晚高峰实测！谁是真正的第一梯队？,凤凰车研所,2026-08-17 11:34:40,232781,1923,1,【无广实测】问/鹏/理/迪/米/蔚/尚/氪/奔 9车辅助驾驶深度体验,40983071508,155.483,1,25,16777215,2026-09-02 20:11:42,1788351102,0,32ce5c5d,2191606904751867904,哈哈哈
BV15Xb86nEzv,117108709072765,【无广】9大辅助驾驶晚高峰实测！谁是真正的第一梯队？,凤凰车研所,2026-08-17 11:34:40,232781,1923,1,【无广实测】问/鹏/理/迪/米/蔚/尚/氪/奔 9车辅助驾驶深度体验,40983071508,10.393,1,25,16777215,2026-09-03 20:12:22,1788437542,0,8aae2198,2192332016522246912,各方辩手有序入场
BV15Xb86nEzv,117108709072765,【无广】9大辅助驾驶晚高峰实测！谁是真正的第一梯队？,凤凰车研所,2026-08-17 11:34:40,232781,1923,1,【无广实测】问/鹏/理/迪/米/蔚/尚/氪/奔 9车辅助驾驶深度体验,40983071508,134.052,1,25,16777215,2026-09-03 21:43:46,1788443026,0,85b8363,2192378022752642560,千里冒汗名不虚传
BV15Xb86nEzv,117108709072765,【无广】9大辅助驾驶晚高峰实测！谁是真正的第一梯队？,凤凰车研所,2026-08-17 11:34:40,232781,1923,1,【无广实测】问/鹏/理/迪/米/蔚/尚/氪/奔 9车辅助驾驶深度体验,40983071508,178.506,1,25,16777215,2026-09-04 19:35:51,1788521751,0,1d5517b2,2193038415011610624,卷卷有爷名23333
BV15Xb86nEzv,117108709072765,【无广】9大辅助驾驶晚高峰实测！谁是真正的第一梯队？,凤凰车研所,2026-08-17 11:34:40,232781,1923,1,【无广实测】问/鹏/理/迪/米/蔚/尚/氪/奔 9车辅助驾驶深度体验,40983071508,335.174,1,25,16777215,2026-09-05 18:45:45,1788605145,0,98a8a6ad,2193737974670557440,别FSD了，国内上不了满血FSD
BV15Xb86nEzv,117108709072765,【无广】9大辅助驾驶晚高峰实测！谁是真正的第一梯队？,凤凰车研所,2026-08-17 11:34:40,232781,1923,1,【无广实测】问/鹏/理/迪/米/蔚/尚/氪/奔 9车辅助驾驶深度体验,40983071508,18.028,1,25,16777215,2026-09-06 04:06:50,1788638810,0,a0d881c7,2194020376135727872,批量产出统一形象？数字产线AI角色设计服务，让品牌IP更有记忆点。
BV15Xb86nEzv,117108709072765,【无广】9大辅助驾驶晚高峰实测！谁是真正的第一梯队？,凤凰车研所,2026-08-17 11:34:40,232781,1923,1,【无广实测】问/鹏/理/迪/米/蔚/尚/氪/奔 9车辅助驾驶深度体验,40983071508,289.296,1,25,16777215,2026-09-06 04:16:36,1788639396,0,373907ac,2194025290475808768,fsd能自己拐
BV15Xb86nEzv,117108709072765,【无广】9大辅助驾驶晚高峰实测！谁是真正的第一梯队？,凤凰车研所,2026-08-17 11:34:40,232781,1923,1,【无广实测】问/鹏/理/迪/米/蔚/尚/氪/奔 9车辅助驾驶深度体验,40983071508,150.648,5,25,16777215,2026-09-08 14:46:29,1788849989,0,a9678deb,2195791877541305600,买到正品了，理他干什么，想怎么开怎么开
BV15Xb86nEzv,117108709072765,【无广】9大辅助驾驶晚高峰实测！谁是真正的第一梯队？,凤凰车研所,2026-08-17 11:34:40,232781,1923,1,【无广实测】问/鹏/理/迪/米/蔚/尚/氪/奔 9车辅助驾驶深度体验,40983071508,351.864,5,25,16777215,2026-09-08 14:49:19,1788850159,0,a9678deb,2195793305039136768,已取餐
BV15Xb86nEzv,117108709072765,【无广】9大辅助驾驶晚高峰实测！谁是真正的第一梯队？,凤凰车研所,2026-08-17 11:34:40,232781,1923,1,【无广实测】问/鹏/理/迪/米/蔚/尚/氪/奔 9车辅助驾驶深度体验,40983071508,61.171,1,25,16777215,2026-09-09 01:36:05,1788888965,0,1cd5f7f0,2196118827555639808,免责声明？
BV15Xb86nEzv,117108709072765,【无广】9大辅助驾驶晚高峰实测！谁是真正的第一梯队？,凤凰车研所,2026-08-17 11:34:40,232781,1923,1,【无广实测】问/鹏/理/迪/米/蔚/尚/氪/奔 9车辅助驾驶深度体验,40983071508,155.298,1,25,16777215,2026-09-09 02:15:38,1788891338,0,3ad2ab95,2196138736365498368,是正品
BV15Xb86nEzv,117108709072765,【无广】9大辅助驾驶晚高峰实测！谁是真正的第一梯队？,凤凰车研所,2026-08-17 11:34:40,232781,1923,1,【无广实测】问/鹏/理/迪/米/蔚/尚/氪/奔 9车辅助驾驶深度体验,40983071508,151.348,5,25,16646914,2026-09-09 16:05:01,1788941101,0,4007ead6,2196556179890157056,正品
BV15Xb86nEzv,117108709072765,【无广】9大辅助驾驶晚高峰实测！谁是真正的第一梯队？,凤凰车研所,2026-08-17 11:34:40,232781,1923,1,【无广实测】问/鹏/理/迪/米/蔚/尚/氪/奔 9车辅助驾驶深度体验,40983071508,96.235,1,25,16777215,2026-09-11 19:28:41,1789126121,0,3bc683d4,2198108241970445568,没BYD？
BV15Xb86nEzv,117108709072765,【无广】9大辅助驾驶晚高峰实测！谁是真正的第一梯队？,凤凰车研所,2026-08-17 11:34:40,232781,1923,1,【无广实测】问/鹏/理/迪/米/蔚/尚/氪/奔 9车辅助驾驶深度体验,40983071508,202.271,1,25,16777215,2026-09-12 12:25:25,1789187125,0,b4857ad5,2198619981418634240,大胆
BV15Xb86nEzv,117108709072765,【无广】9大辅助驾驶晚高峰实测！谁是真正的第一梯队？,凤凰车研所,2026-08-17 11:34:40,232781,1923,1,【无广实测】问/鹏/理/迪/米/蔚/尚/氪/奔 9车辅助驾驶深度体验,40983071508,117.794,1,25,16777215,2026-09-18 19:06:52,1789729612,0,51ac9340,2203170687483789824,笛子就是momenta
BV15Xb86nEzv,117108709072765,【无广】9大辅助驾驶晚高峰实测！谁是真正的第一梯队？,凤凰车研所,2026-08-17 11:34:40,232781,1923,1,【无广实测】问/鹏/理/迪/米/蔚/尚/氪/奔 9车辅助驾驶深度体验,40983071508,187.944,1,25,16777215,2026-09-20 02:18:17,1789841897,0,60501416,2204112603020542976,兜底王
BV15Xb86nEzv,117108709072765,【无广】9大辅助驾驶晚高峰实测！谁是真正的第一梯队？,凤凰车研所,2026-08-17 11:34:40,232781,1923,1,【无广实测】问/鹏/理/迪/米/蔚/尚/氪/奔 9车辅助驾驶深度体验,40983071508,248.475,1,25,16777215,2026-09-20 07:01:04,1789858864,0,bedfd103,2204254932700885248,这个环岛往五个方向去的
BV15Xb86nEzv,117108709072765,【无广】9大辅助驾驶晚高峰实测！谁是真正的第一梯队？,凤凰车研所,2026-08-17 11:34:40,232781,1923,1,【无广实测】问/鹏/理/迪/米/蔚/尚/氪/奔 9车辅助驾驶深度体验,40983071508,157.699,1,25,16777215,2026-09-22 11:51:43,1790049103,0,871a3500,2205850768937565952,。。。。。。。
BV15Xb86nEzv,117108709072765,【无广】9大辅助驾驶晚高峰实测！谁是真正的第一梯队？,凤凰车研所,2026-08-17 11:34:40,232781,1923,1,【无广实测】问/鹏/理/迪/米/蔚/尚/氪/奔 9车辅助驾驶深度体验,40983071508,184.295,1,25,16777215,2026-09-22 11:52:27,1790049147,0,871a3500,2205851144184979200,..
BV15Xb86nEzv,117108709072765,【无广】9大辅助驾驶晚高峰实测！谁是真正的第一梯队？,凤凰车研所,2026-08-17 11:34:40,232781,1923,1,【无广实测】问/鹏/理/迪/米/蔚/尚/氪/奔 9车辅助驾驶深度体验,40983071508,249.328,1,25,16777215,2026-09-23 19:44:26,1790163866,0,cd358dee,2206813474783603968,运气好
BV15Xb86nEzv,117108709072765,【无广】9大辅助驾驶晚高峰实测！谁是真正的第一梯队？,凤凰车研所,2026-08-17 11:34:40,232781,1923,1,【无广实测】问/鹏/理/迪/米/蔚/尚/氪/奔 9车辅助驾驶深度体验,40983071508,309.892,1,25,16777215,2026-09-25 00:51:00,1790268660,0,ca0ae448,2207692550863792896,前面一辆车都没有咋就不说运气太好了？？
BV15Xb86nEzv,117108709072765,【无广】9大辅助驾驶晚高峰实测！谁是真正的第一梯队？,凤凰车研所,2026-08-17 11:34:40,232781,1923,1,【无广实测】问/鹏/理/迪/米/蔚/尚/氪/奔 9车辅助驾驶深度体验,40983071508,132.811,5,25,15138834,2026-09-25 00:55:17,1790268917,0,6c0e71cc,2207694707231052032,冒汗了
BV15Xb86nEzv,117108709072765,【无广】9大辅助驾驶晚高峰实测！谁是真正的第一梯队？,凤凰车研所,2026-08-17 11:34:40,232781,1923,1,【无广实测】问/鹏/理/迪/米/蔚/尚/氪/奔 9车辅助驾驶深度体验,40983071508,223.751,1,25,16777215,2026-09-27 01:09:04,1790442544,0,97613db,2209151196492047104,原地不动
BV15Xb86nEzv,117108709072765,【无广】9大辅助驾驶晚高峰实测！谁是真正的第一梯队？,凤凰车研所,2026-08-17 11:34:40,232781,1923,1,【无广实测】问/鹏/理/迪/米/蔚/尚/氪/奔 9车辅助驾驶深度体验,40983071508,229.064,1,25,16777215,2026-09-27 01:09:29,1790442569,0,97613db,2209151408212102912,原地不动
BV15Xb86nEzv,117108709072765,【无广】9大辅助驾驶晚高峰实测！谁是真正的第一梯队？,凤凰车研所,2026-08-17 11:34:40,232781,1923,1,【无广实测】问/鹏/理/迪/米/蔚/尚/氪/奔 9车辅助驾驶深度体验,40983071508,557.162,1,25,16777215,2026-08-17 17:29:16,1786958956,0,ed8ebf1c,2179928737452736512,郑州四中的话是陇海路，京广路。
BV15Xb86nEzv,117108709072765,【无广】9大辅助驾驶晚高峰实测！谁是真正的第一梯队？,凤凰车研所,2026-08-17 11:34:40,232781,1923,1,【无广实测】问/鹏/理/迪/米/蔚/尚/氪/奔 9车辅助驾驶深度体验,40983071508,596.002,1,25,16777215,2026-08-17 17:30:06,1786959006,0,ed8ebf1c,2179929160448243456,河医立交，郑大一附院。
BV15Xb86nEzv,117108709072765,【无广】9大辅助驾驶晚高峰实测！谁是真正的第一梯队？,凤凰车研所,2026-08-17 11:34:40,232781,1923,1,【无广实测】问/鹏/理/迪/米/蔚/尚/氪/奔 9车辅助驾驶深度体验,40983071508,607.162,1,25,16777215,2026-08-17 17:30:34,1786959034,0,ed8ebf1c,2179929395841192960,嗯，是的，宇宙最大医院的话那就是郑大一附院了，然后门前的路就是河医立交。
BV15Xb86nEzv,117108709072765,【无广】9大辅助驾驶晚高峰实测！谁是真正的第一梯队？,凤凰车研所,2026-08-17 11:34:40,232781,1923,1,【无广实测】问/鹏/理/迪/米/蔚/尚/氪/奔 9车辅助驾驶深度体验,40983071508,664.402,1,25,16777215,2026-08-17 17:31:44,1786959104,0,ed8ebf1c,2179929979763865344,没事都能过。
BV15Xb86nEzv,117108709072765,【无广】9大辅助驾驶晚高峰实测！谁是真正的第一梯队？,凤凰车研所,2026-08-17 11:34:40,232781,1923,1,【无广实测】问/鹏/理/迪/米/蔚/尚/氪/奔 9车辅助驾驶深度体验,40983071508,669.762,1,25,16777215,2026-08-17 17:31:59,1786959119,0,ed8ebf1c,2179930110626138112,还是蔚来过收费站过得好一点。
BV15Xb86nEzv,117108709072765,【无广】9大辅助驾驶晚高峰实测！谁是真正的第一梯队？,凤凰车研所,2026-08-17 11:34:40,232781,1923,1,【无广实测】问/鹏/理/迪/米/蔚/尚/氪/奔 9车辅助驾驶深度体验,40983071508,548.099,1,25,16777215,2026-08-17 18:15:03,1786961703,0,1fcd9801,2179951787216867840,这里的退出接管意义是什么？
BV15Xb86nEzv,117108709072765,【无广】9大辅助驾驶晚高峰实测！谁是真正的第一梯队？,凤凰车研所,2026-08-17 11:34:40,232781,1923,1,【无广实测】问/鹏/理/迪/米/蔚/尚/氪/奔 9车辅助驾驶深度体验,40983071508,497.702,1,25,16777215,2026-08-17 18:37:03,1786963023,0,3c557434,2179962858652285440,666
BV15Xb86nEzv,117108709072765,【无广】9大辅助驾驶晚高峰实测！谁是真正的第一梯队？,凤凰车研所,2026-08-17 11:34:40,232781,1923,1,【无广实测】问/鹏/理/迪/米/蔚/尚/氪/奔 9车辅助驾驶深度体验,40983071508,505.901,1,25,16777215,2026-08-17 19:11:05,1786965065,0,aec042c3,2179979987980352768,or
BV15Xb86nEzv,117108709072765,【无广】9大辅助驾驶晚高峰实测！谁是真正的第一梯队？,凤凰车研所,2026-08-17 11:34:40,232781,1923,1,【无广实测】问/鹏/理/迪/米/蔚/尚/氪/奔 9车辅助驾驶深度体验,40983071508,506.536,5,25,16777215,2026-08-17 19:39:15,1786966755,0,e810564d,2179994161884495104,千里冒汗了
BV15Xb86nEzv,117108709072765,【无广】9大辅助驾驶晚高峰实测！谁是真正的第一梯队？,凤凰车研所,2026-08-17 11:34:40,232781,1923,1,【无广实测】问/鹏/理/迪/米/蔚/尚/氪/奔 9车辅助驾驶深度体验,40983071508,456.132,5,25,16777215,2026-08-17 21:23:04,1786972984,0,e43a41ff,2180046412535172608,这是解放路好吧
BV15Xb86nEzv,117108709072765,【无广】9大辅助驾驶晚高峰实测！谁是真正的第一梯队？,凤凰车研所,2026-08-17 11:34:40,232781,1923,1,【无广实测】问/鹏/理/迪/米/蔚/尚/氪/奔 9车辅助驾驶深度体验,40983071508,567.444,5,25,16777215,2026-08-17 21:25:12,1786973112,0,e43a41ff,2180047493180741888,中原路京广路口好吧
BV15Xb86nEzv,117108709072765,【无广】9大辅助驾驶晚高峰实测！谁是真正的第一梯队？,凤凰车研所,2026-08-17 11:34:40,232781,1923,1,【无广实测】问/鹏/理/迪/米/蔚/尚/氪/奔 9车辅助驾驶深度体验,40983071508,384.150,5,25,16707842,2026-08-17 23:17:46,1786979866,0,1f7c730d,2180104143505648640,小鹏：广州训练日常
BV15Xb86nEzv,117108709072765,【无广】9大辅助驾驶晚高峰实测！谁是真正的第一梯队？,凤凰车研所,2026-08-17 11:34:40,232781,1923,1,【无广实测】问/鹏/理/迪/米/蔚/尚/氪/奔 9车辅助驾驶深度体验,40983071508,407.599,5,25,16707842,2026-08-17 23:18:21,1786979901,0,1f7c730d,2180104436678999040,阿姨666
BV15Xb86nEzv,117108709072765,【无广】9大辅助驾驶晚高峰实测！谁是真正的第一梯队？,凤凰车研所,2026-08-17 11:34:40,232781,1923,1,【无广实测】问/鹏/理/迪/米/蔚/尚/氪/奔 9车辅助驾驶深度体验,40983071508,561.328,1,25,16777215,2026-08-17 23:45:37,1786981537,0,150dcd5d,2180118166381598976,看来现阶段智驾还是不能用
BV15Xb86nEzv,117108709072765,【无广】9大辅助驾驶晚高峰实测！谁是真正的第一梯队？,凤凰车研所,2026-08-17 11:34:40,232781,1923,1,【无广实测】问/鹏/理/迪/米/蔚/尚/氪/奔 9车辅助驾驶深度体验,40983071508,496.628,5,25,15138834,2026-08-18 00:28:27,1786984107,0,4d115627,2180139722260394752,白干了哈哈哈哈哈
BV15Xb86nEzv,117108709072765,【无广】9大辅助驾驶晚高峰实测！谁是真正的第一梯队？,凤凰车研所,2026-08-17 11:34:40,232781,1923,1,【无广实测】问/鹏/理/迪/米/蔚/尚/氪/奔 9车辅助驾驶深度体验,40983071508,674.254,1,25,16777215,2026-08-18 01:04:36,1786986276,0,8b760385,2180157919742802688,设置ETC和人工了吗 我经常用没出现过这情况
BV15Xb86nEzv,117108709072765,【无广】9大辅助驾驶晚高峰实测！谁是真正的第一梯队？,凤凰车研所,2026-08-17 11:34:40,232781,1923,1,【无广实测】问/鹏/理/迪/米/蔚/尚/氪/奔 9车辅助驾驶深度体验,40983071508,703.695,5,25,16777215,2026-08-18 09:38:48,1787017128,0,cf9c923a,2180416721176418560,蔚来怎么变9了，刚刚还是8
BV15Xb86nEzv,117108709072765,【无广】9大辅助驾驶晚高峰实测！谁是真正的第一梯队？,凤凰车研所,2026-08-17 11:34:40,232781,1923,1,【无广实测】问/鹏/理/迪/米/蔚/尚/氪/奔 9车辅助驾驶深度体验,40983071508,362.984,1,25,16777215,2026-08-18 10:53:04,1787021584,0,8e05c533,2180454104252687616,没有特斯拉
BV15Xb86nEzv,117108709072765,【无广】9大辅助驾驶晚高峰实测！谁是真正的第一梯队？,凤凰车研所,2026-08-17 11:34:40,232781,1923,1,【无广实测】问/鹏/理/迪/米/蔚/尚/氪/奔 9车辅助驾驶深度体验,40983071508,401.032,5,25,16777215,2026-08-18 15:48:17,1787039297,0,745524f7,2180602691641384192,这时候再上去，对面的出租车根本过不了。
BV15Xb86nEzv,117108709072765,【无广】9大辅助驾驶晚高峰实测！谁是真正的第一梯队？,凤凰车研所,2026-08-17 11:34:40,232781,1923,1,【无广实测】问/鹏/理/迪/米/蔚/尚/氪/奔 9车辅助驾驶深度体验,40983071508,368.164,5,25,16777215,2026-08-18 15:53:08,1787039588,0,745524f7,2180605132197751552,这4辆车在路口左转时，没有遇到左边来车，所以左转很丝滑。是在进了路口以后，才来车。
BV15Xb86nEzv,117108709072765,【无广】9大辅助驾驶晚高峰实测！谁是真正的第一梯队？,凤凰车研所,2026-08-17 11:34:40,232781,1923,1,【无广实测】问/鹏/理/迪/米/蔚/尚/氪/奔 9车辅助驾驶深度体验,40983071508,547.438,5,25,16777215,2026-08-18 15:57:54,1787039874,0,745524f7,2180607534015770880,这里加塞车变道，应该要让主路的车行驶。强行接管减速，反而是纵容了对方加塞。
BV15Xb86nEzv,117108709072765,【无广】9大辅助驾驶晚高峰实测！谁是真正的第一梯队？,凤凰车研所,2026-08-17 11:34:40,232781,1923,1,【无广实测】问/鹏/理/迪/米/蔚/尚/氪/奔 9车辅助驾驶深度体验,40983071508,597.878,5,25,16777215,2026-08-18 15:59:00,1787039940,0,745524f7,2180608087923956480,这里太多闯红灯的路人了吧。
BV15Xb86nEzv,117108709072765,【无广】9大辅助驾驶晚高峰实测！谁是真正的第一梯队？,凤凰车研所,2026-08-17 11:34:40,232781,1923,1,【无广实测】问/鹏/理/迪/米/蔚/尚/氪/奔 9车辅助驾驶深度体验,40983071508,391.949,1,25,16777215,2026-08-18 16:05:45,1787040345,0,a156bd4b,2180611483506471680,小鹏应该加强高速了，老城区我都手动跑，骑手太疯狂
BV15Xb86nEzv,117108709072765,【无广】9大辅助驾驶晚高峰实测！谁是真正的第一梯队？,凤凰车研所,2026-08-17 11:34:40,232781,1923,1,【无广实测】问/鹏/理/迪/米/蔚/尚/氪/奔 9车辅助驾驶深度体验,40983071508,704.217,1,25,16777215,2026-08-18 16:18:43,1787041123,0,bcbdc28a,2180618006127389184,够用了
BV15Xb86nEzv,117108709072765,【无广】9大辅助驾驶晚高峰实测！谁是真正的第一梯队？,凤凰车研所,2026-08-17 11:34:40,232781,1923,1,【无广实测】问/鹏/理/迪/米/蔚/尚/氪/奔 9车辅助驾驶深度体验,40983071508,405.760,1,25,8700107,2026-08-18 18:18:01,1787048281,0,f30db5e7,2180678050105857024,前面不是激进吗？这里又保守了？
BV15Xb86nEzv,117108709072765,【无广】9大辅助驾驶晚高峰实测！谁是真正的第一梯队？,凤凰车研所,2026-08-17 11:34:40,232781,1923,1,【无广实测】问/鹏/理/迪/米/蔚/尚/氪/奔 9车辅助驾驶深度体验,40983071508,676.649,1,25,16777215,2026-08-18 21:24:09,1787059449,0,f09931e4,2180771740832776960,应该是没设置选项没选。
BV15Xb86nEzv,117108709072765,【无广】9大辅助驾驶晚高峰实测！谁是真正的第一梯队？,凤凰车研所,2026-08-17 11:34:40,232781,1923,1,【无广实测】问/鹏/理/迪/米/蔚/尚/氪/奔 9车辅助驾驶深度体验,40983071508,420.348,1,25,16777215,2026-08-18 23:11:44,1787065904,0,197df193,2180825883903047680,没招啊极客9x最胖
BV15Xb86nEzv,117108709072765,【无广】9大辅助驾驶晚高峰实测！谁是真正的第一梯队？,凤凰车研所,2026-08-17 11:34:40,232781,1923,1,【无广实测】问/鹏/理/迪/米/蔚/尚/氪/奔 9车辅助驾驶深度体验,40983071508,381.241,5,25,16776960,2026-08-19 12:03:34,1787112214,0,7cc44e0,2181214362914586112,nb
BV15Xb86nEzv,117108709072765,【无广】9大辅助驾驶晚高峰实测！谁是真正的第一梯队？,凤凰车研所,2026-08-17 11:34:40,232781,1923,1,【无广实测】问/鹏/理/迪/米/蔚/尚/氪/奔 9车辅助驾驶深度体验,40983071508,464.220,1,25,16777215,2026-08-19 14:50:34,1787122234,0,99fdc59f,2181298418134170368,问界本来就不看扫图啊，以前走过就能有
BV15Xb86nEzv,117108709072765,【无广】9大辅助驾驶晚高峰实测！谁是真正的第一梯队？,凤凰车研所,2026-08-17 11:34:40,232781,1923,1,【无广实测】问/鹏/理/迪/米/蔚/尚/氪/奔 9车辅助驾驶深度体验,40983071508,621.262,1,25,16777215,2026-08-19 21:04:04,1787144644,0,fa1f73e2,2181486402587124480,问界到现在才两次吗？
BV15Xb86nEzv,117108709072765,【无广】9大辅助驾驶晚高峰实测！谁是真正的第一梯队？,凤凰车研所,2026-08-17 11:34:40,232781,1923,1,【无广实测】问/鹏/理/迪/米/蔚/尚/氪/奔 9车辅助驾驶深度体验,40983071508,696.176,1,25,16777215,2026-08-19 21:54:18,1787147658,0,256c3ac7,2181511687956825088,捷途有安心智驾包，出事了捷途负责
BV15Xb86nEzv,117108709072765,【无广】9大辅助驾驶晚高峰实测！谁是真正的第一梯队？,凤凰车研所,2026-08-17 11:34:40,232781,1923,1,【无广实测】问/鹏/理/迪/米/蔚/尚/氪/奔 9车辅助驾驶深度体验,40983071508,436.412,1,25,16777215,2026-08-20 00:44:28,1787157868,0,c620b199,2181597337942766336,介入问题不大，自己开着就知道了
BV15Xb86nEzv,117108709072765,【无广】9大辅助驾驶晚高峰实测！谁是真正的第一梯队？,凤凰车研所,2026-08-17 11:34:40,232781,1923,1,【无广实测】问/鹏/理/迪/米/蔚/尚/氪/奔 9车辅助驾驶深度体验,40983071508,508.087,1,25,16777215,2026-08-20 02:02:43,1787162563,0,dd2515f0,2181636720620588032,千里冒汗名不虚传
BV15Xb86nEzv,117108709072765,【无广】9大辅助驾驶晚高峰实测！谁是真正的第一梯队？,凤凰车研所,2026-08-17 11:34:40,232781,1923,1,【无广实测】问/鹏/理/迪/米/蔚/尚/氪/奔 9车辅助驾驶深度体验,40983071508,449.300,5,25,16777215,2026-08-20 09:45:40,1787190340,0,db1d956f,2181869732830639360,哈哈哈哈哈哈哈
BV15Xb86nEzv,117108709072765,【无广】9大辅助驾驶晚高峰实测！谁是真正的第一梯队？,凤凰车研所,2026-08-17 11:34:40,232781,1923,1,【无广实测】问/鹏/理/迪/米/蔚/尚/氪/奔 9车辅助驾驶深度体验,40983071508,694.155,1,25,16777215,2026-08-20 10:56:20,1787194580,0,994d1b68,2181905299983298048,所以兜底就一家
BV15Xb86nEzv,117108709072765,【无广】9大辅助驾驶晚高峰实测！谁是真正的第一梯队？,凤凰车研所,2026-08-17 11:34:40,232781,1923,1,【无广实测】问/鹏/理/迪/米/蔚/尚/氪/奔 9车辅助驾驶深度体验,40983071508,364.478,1,25,16777215,2026-08-20 11:24:08,1787196248,0,8ecf505a,2181919291006756608,这路况差别也太
BV15Xb86nEzv,117108709072765,【无广】9大辅助驾驶晚高峰实测！谁是真正的第一梯队？,凤凰车研所,2026-08-17 11:34:40,232781,1923,1,【无广实测】问/鹏/理/迪/米/蔚/尚/氪/奔 9车辅助驾驶深度体验,40983071508,383.177,1,25,16777215,2026-08-20 11:31:17,1787196677,0,eb3096f1,2181922893427154432,老广舒适区了属于是
BV15Xb86nEzv,117108709072765,【无广】9大辅助驾驶晚高峰实测！谁是真正的第一梯队？,凤凰车研所,2026-08-17 11:34:40,232781,1923,1,【无广实测】问/鹏/理/迪/米/蔚/尚/氪/奔 9车辅助驾驶深度体验,40983071508,410.772,1,25,16777215,2026-08-20 12:58:39,1787201919,0,d7ab2587,2181966864606618112,最合理
BV15Xb86nEzv,117108709072765,【无广】9大辅助驾驶晚高峰实测！谁是真正的第一梯队？,凤凰车研所,2026-08-17 11:34:40,232781,1923,1,【无广实测】问/鹏/理/迪/米/蔚/尚/氪/奔 9车辅助驾驶深度体验,40983071508,651.007,1,25,16777215,2026-08-20 14:38:37,1787207917,0,880a5951,2182017181037467136,这样走是违章的呀
BV15Xb86nEzv,117108709072765,【无广】9大辅助驾驶晚高峰实测！谁是真正的第一梯队？,凤凰车研所,2026-08-17 11:34:40,232781,1923,1,【无广实测】问/鹏/理/迪/米/蔚/尚/氪/奔 9车辅助驾驶深度体验,40983071508,600.696,1,25,16777215,2026-08-20 14:46:13,1787208373,0,2bef6920,2182021000126999296,两台华为依旧遥遥领先
BV15Xb86nEzv,117108709072765,【无广】9大辅助驾驶晚高峰实测！谁是真正的第一梯队？,凤凰车研所,2026-08-17 11:34:40,232781,1923,1,【无广实测】问/鹏/理/迪/米/蔚/尚/氪/奔 9车辅助驾驶深度体验,40983071508,530.739,1,25,16777215,2026-08-20 15:10:21,1787209821,0,3750d5a9,2182033145640866816,手里冒汗
BV15Xb86nEzv,117108709072765,【无广】9大辅助驾驶晚高峰实测！谁是真正的第一梯队？,凤凰车研所,2026-08-17 11:34:40,232781,1923,1,【无广实测】问/鹏/理/迪/米/蔚/尚/氪/奔 9车辅助驾驶深度体验,40983071508,546.485,1,25,16777215,2026-08-20 21:11:44,1787231504,0,b974957b,2182215035425028352,千里冒汗名不虚传
BV15Xb86nEzv,117108709072765,【无广】9大辅助驾驶晚高峰实测！谁是真正的第一梯队？,凤凰车研所,2026-08-17 11:34:40,232781,1923,1,【无广实测】问/鹏/理/迪/米/蔚/尚/氪/奔 9车辅助驾驶深度体验,40983071508,367.318,1,25,16777215,2026-08-20 22:26:29,1787235989,0,6c40c018,2182252660563722240,哒哒哒 哒胆
BV15Xb86nEzv,117108709072765,【无广】9大辅助驾驶晚高峰实测！谁是真正的第一梯队？,凤凰车研所,2026-08-17 11:34:40,232781,1923,1,【无广实测】问/鹏/理/迪/米/蔚/尚/氪/奔 9车辅助驾驶深度体验,40983071508,614.742,1,25,16777215,2026-08-21 15:24:11,1787297051,0,e3bfc840,2182764889369299968,这交通环境也是跟广州有一拼了
BV15Xb86nEzv,117108709072765,【无广】9大辅助驾驶晚高峰实测！谁是真正的第一梯队？,凤凰车研所,2026-08-17 11:34:40,232781,1923,1,【无广实测】问/鹏/理/迪/米/蔚/尚/氪/奔 9车辅助驾驶深度体验,40983071508,515.983,1,25,16777215,2026-08-21 18:51:45,1787309505,0,1a0e09ac,2182869359809839616,极客的智驾真的偏弱，不过相比于之前的令人汗颜的技术，现在的已经是长进巨大了
BV15Xb86nEzv,117108709072765,【无广】9大辅助驾驶晚高峰实测！谁是真正的第一梯队？,凤凰车研所,2026-08-17 11:34:40,232781,1923,1,【无广实测】问/鹏/理/迪/米/蔚/尚/氪/奔 9车辅助驾驶深度体验,40983071508,375.819,1,25,16777215,2026-08-22 13:42:42,1787377362,0,4531d291,2183438581992068352,ads还是最稳
BV15Xb86nEzv,117108709072765,【无广】9大辅助驾驶晚高峰实测！谁是真正的第一梯队？,凤凰车研所,2026-08-17 11:34:40,232781,1923,1,【无广实测】问/鹏/理/迪/米/蔚/尚/氪/奔 9车辅助驾驶深度体验,40983071508,435.800,1,25,16777215,2026-08-22 13:44:11,1787377451,0,4531d291,2183439335758658560,千里冒汗
BV15Xb86nEzv,117108709072765,【无广】9大辅助驾驶晚高峰实测！谁是真正的第一梯队？,凤凰车研所,2026-08-17 11:34:40,232781,1923,1,【无广实测】问/鹏/理/迪/米/蔚/尚/氪/奔 9车辅助驾驶深度体验,40983071508,681.512,1,25,16777215,2026-08-22 13:48:37,1787377717,0,b18ca3c3,2183441564377015552,是不是设置了人工通道？
BV15Xb86nEzv,117108709072765,【无广】9大辅助驾驶晚高峰实测！谁是真正的第一梯队？,凤凰车研所,2026-08-17 11:34:40,232781,1923,1,【无广实测】问/鹏/理/迪/米/蔚/尚/氪/奔 9车辅助驾驶深度体验,40983071508,698.229,1,25,16777215,2026-08-23 03:48:15,1787428095,0,59c2aad6,2183864164144626688,兜底的只是泊车，还没有哪家敢说上路兜底
BV15Xb86nEzv,117108709072765,【无广】9大辅助驾驶晚高峰实测！谁是真正的第一梯队？,凤凰车研所,2026-08-17 11:34:40,232781,1923,1,【无广实测】问/鹏/理/迪/米/蔚/尚/氪/奔 9车辅助驾驶深度体验,40983071508,591.656,1,25,16777215,2026-08-23 23:56:38,1787500598,0,d7ed1274,2184472364396354816,差点绿化带
BV15Xb86nEzv,117108709072765,【无广】9大辅助驾驶晚高峰实测！谁是真正的第一梯队？,凤凰车研所,2026-08-17 11:34:40,232781,1923,1,【无广实测】问/鹏/理/迪/米/蔚/尚/氪/奔 9车辅助驾驶深度体验,40983071508,602.897,1,25,16777215,2026-08-24 03:28:58,1787513338,0,1b78510,2184579234876742144,这里交通情况巨差
BV15Xb86nEzv,117108709072765,【无广】9大辅助驾驶晚高峰实测！谁是真正的第一梯队？,凤凰车研所,2026-08-17 11:34:40,232781,1923,1,【无广实测】问/鹏/理/迪/米/蔚/尚/氪/奔 9车辅助驾驶深度体验,40983071508,632.239,1,25,16777215,2026-08-24 12:55:59,1787547359,0,9cadf8a7,2184864626125923072,恐怖路况
BV15Xb86nEzv,117108709072765,【无广】9大辅助驾驶晚高峰实测！谁是真正的第一梯队？,凤凰车研所,2026-08-17 11:34:40,232781,1923,1,【无广实测】问/鹏/理/迪/米/蔚/尚/氪/奔 9车辅助驾驶深度体验,40983071508,590.726,1,25,16777215,2026-08-25 15:05:34,1787641534,0,c3b16cc,2185654618620186880,城市乱成这样？？？？？咋规划的啊
BV15Xb86nEzv,117108709072765,【无广】9大辅助驾驶晚高峰实测！谁是真正的第一梯队？,凤凰车研所,2026-08-17 11:34:40,232781,1923,1,【无广实测】问/鹏/理/迪/米/蔚/尚/氪/奔 9车辅助驾驶深度体验,40983071508,653.896,1,25,16777215,2026-08-25 17:43:12,1787650992,0,c937f897,2185733958158123520,两台华为呢？
BV15Xb86nEzv,117108709072765,【无广】9大辅助驾驶晚高峰实测！谁是真正的第一梯队？,凤凰车研所,2026-08-17 11:34:40,232781,1923,1,【无广实测】问/鹏/理/迪/米/蔚/尚/氪/奔 9车辅助驾驶深度体验,40983071508,525.030,1,25,16777215,2026-08-26 01:20:04,1787678404,0,5e975d7a,2185963911026402304,小鹏好像是纯视觉方案，光线不好效率变低了
BV15Xb86nEzv,117108709072765,【无广】9大辅助驾驶晚高峰实测！谁是真正的第一梯队？,凤凰车研所,2026-08-17 11:34:40,232781,1923,1,【无广实测】问/鹏/理/迪/米/蔚/尚/氪/奔 9车辅助驾驶深度体验,40983071508,398.631,1,25,16777215,2026-08-26 02:03:17,1787680997,0,ac081eeb,2185985658911504640,你用ads5.0可能就不一样了
BV15Xb86nEzv,117108709072765,【无广】9大辅助驾驶晚高峰实测！谁是真正的第一梯队？,凤凰车研所,2026-08-17 11:34:40,232781,1923,1,【无广实测】问/鹏/理/迪/米/蔚/尚/氪/奔 9车辅助驾驶深度体验,40983071508,536.930,1,25,16777215,2026-08-26 15:10:33,1787728233,0,a81e9094,2186381906185677312,上海训练的，模型，遵守交规
BV15Xb86nEzv,117108709072765,【无广】9大辅助驾驶晚高峰实测！谁是真正的第一梯队？,凤凰车研所,2026-08-17 11:34:40,232781,1923,1,【无广实测】问/鹏/理/迪/米/蔚/尚/氪/奔 9车辅助驾驶深度体验,40983071508,621.323,1,25,16777215,2026-08-26 15:12:09,1787728329,0,a81e9094,2186382711106326528,老广本地人的从容
BV15Xb86nEzv,117108709072765,【无广】9大辅助驾驶晚高峰实测！谁是真正的第一梯队？,凤凰车研所,2026-08-17 11:34:40,232781,1923,1,【无广实测】问/鹏/理/迪/米/蔚/尚/氪/奔 9车辅助驾驶深度体验,40983071508,712.115,1,25,16777215,2026-08-26 15:14:02,1787728442,0,a81e9094,2186383661099418112,小米对吗，压线调头？？
BV15Xb86nEzv,117108709072765,【无广】9大辅助驾驶晚高峰实测！谁是真正的第一梯队？,凤凰车研所,2026-08-17 11:34:40,232781,1923,1,【无广实测】问/鹏/理/迪/米/蔚/尚/氪/奔 9车辅助驾驶深度体验,40983071508,461.868,1,25,16777215,2026-08-26 18:00:54,1787738454,0,9c1dc929,2186467640753737728,千里冒汗了
BV15Xb86nEzv,117108709072765,【无广】9大辅助驾驶晚高峰实测！谁是真正的第一梯队？,凤凰车研所,2026-08-17 11:34:40,232781,1923,1,【无广实测】问/鹏/理/迪/米/蔚/尚/氪/奔 9车辅助驾驶深度体验,40983071508,688.466,1,25,16777215,2026-08-26 23:15:10,1787757310,0,c548fbdb,2186625819827616256,尚界不是接管了吗？接管次数怎么没变成2
BV15Xb86nEzv,117108709072765,【无广】9大辅助驾驶晚高峰实测！谁是真正的第一梯队？,凤凰车研所,2026-08-17 11:34:40,232781,1923,1,【无广实测】问/鹏/理/迪/米/蔚/尚/氪/奔 9车辅助驾驶深度体验,40983071508,390.098,1,25,16777215,2026-08-28 09:48:20,1787881700,0,bdd1abba,2187669282316529408,都说了是体验
BV15Xb86nEzv,117108709072765,【无广】9大辅助驾驶晚高峰实测！谁是真正的第一梯队？,凤凰车研所,2026-08-17 11:34:40,232781,1923,1,【无广实测】问/鹏/理/迪/米/蔚/尚/氪/奔 9车辅助驾驶深度体验,40983071508,428.418,1,25,16777215,2026-08-29 00:53:56,1787936036,0,781caed,2188125084068280320,这城市规划也是666
BV15Xb86nEzv,117108709072765,【无广】9大辅助驾驶晚高峰实测！谁是真正的第一梯队？,凤凰车研所,2026-08-17 11:34:40,232781,1923,1,【无广实测】问/鹏/理/迪/米/蔚/尚/氪/奔 9车辅助驾驶深度体验,40983071508,489.720,1,25,16777215,2026-08-31 13:32:28,1788154348,0,61af24fc,2189956413403771904,。。。。
BV15Xb86nEzv,117108709072765,【无广】9大辅助驾驶晚高峰实测！谁是真正的第一梯队？,凤凰车研所,2026-08-17 11:34:40,232781,1923,1,【无广实测】问/鹏/理/迪/米/蔚/尚/氪/奔 9车辅助驾驶深度体验,40983071508,450.133,1,25,16777215,2026-09-02 01:43:48,1788284628,0,a7a086dd,2191049285934816768,已取餐
BV15Xb86nEzv,117108709072765,【无广】9大辅助驾驶晚高峰实测！谁是真正的第一梯队？,凤凰车研所,2026-08-17 11:34:40,232781,1923,1,【无广实测】问/鹏/理/迪/米/蔚/尚/氪/奔 9车辅助驾驶深度体验,40983071508,491.214,1,25,16777215,2026-09-02 01:44:35,1788284675,0,a7a086dd,2191049682271281664,已取餐
BV15Xb86nEzv,117108709072765,【无广】9大辅助驾驶晚高峰实测！谁是真正的第一梯队？,凤凰车研所,2026-08-17 11:34:40,232781,1923,1,【无广实测】问/鹏/理/迪/米/蔚/尚/氪/奔 9车辅助驾驶深度体验,40983071508,670.362,1,25,16777215,2026-09-02 20:47:08,1788353228,0,6b8ec5a,2191624746163541760,怪的，我的R7就很正常选条最近的就进去了
BV15Xb86nEzv,117108709072765,【无广】9大辅助驾驶晚高峰实测！谁是真正的第一梯队？,凤凰车研所,2026-08-17 11:34:40,232781,1923,1,【无广实测】问/鹏/理/迪/米/蔚/尚/氪/奔 9车辅助驾驶深度体验,40983071508,503.398,1,25,16777215,2026-09-03 18:36:06,1788431766,0,7f7d6bf7,2192283570297417472,满头大汗
BV15Xb86nEzv,117108709072765,【无广】9大辅助驾驶晚高峰实测！谁是真正的第一梯队？,凤凰车研所,2026-08-17 11:34:40,232781,1923,1,【无广实测】问/鹏/理/迪/米/蔚/尚/氪/奔 9车辅助驾驶深度体验,40983071508,413.361,1,25,16777215,2026-09-04 14:56:51,1788505011,0,e2aa2dbe,2192897986953006336,贴脸打方向才是老司机
BV15Xb86nEzv,117108709072765,【无广】9大辅助驾驶晚高峰实测！谁是真正的第一梯队？,凤凰车研所,2026-08-17 11:34:40,232781,1923,1,【无广实测】问/鹏/理/迪/米/蔚/尚/氪/奔 9车辅助驾驶深度体验,40983071508,538.144,1,25,16777215,2026-09-04 14:59:28,1788505168,0,e2aa2dbe,2192899303519970816,我避他锋芒？
BV15Xb86nEzv,117108709072765,【无广】9大辅助驾驶晚高峰实测！谁是真正的第一梯队？,凤凰车研所,2026-08-17 11:34:40,232781,1923,1,【无广实测】问/鹏/理/迪/米/蔚/尚/氪/奔 9车辅助驾驶深度体验,40983071508,447.760,1,25,16777215,2026-09-05 08:04:06,1788566646,0,5e275acc,2193415026298379008,日照条件完全不一样 不太能参考
BV15Xb86nEzv,117108709072765,【无广】9大辅助驾驶晚高峰实测！谁是真正的第一梯队？,凤凰车研所,2026-08-17 11:34:40,232781,1923,1,【无广实测】问/鹏/理/迪/米/蔚/尚/氪/奔 9车辅助驾驶深度体验,40983071508,717.861,1,25,16777215,2026-09-11 15:06:42,1789110402,0,75d961a4,2197976376240598016,比亚迪的兜底是不设置赔偿上限，跟智驾险还是不太一样
BV15Xb86nEzv,117108709072765,【无广】9大辅助驾驶晚高峰实测！谁是真正的第一梯队？,凤凰车研所,2026-08-17 11:34:40,232781,1923,1,【无广实测】问/鹏/理/迪/米/蔚/尚/氪/奔 9车辅助驾驶深度体验,40983071508,478.338,1,25,16777215,2026-09-12 11:46:08,1789184768,0,45c2431d,2198600204998358528,ADS还是断层领先
BV15Xb86nEzv,117108709072765,【无广】9大辅助驾驶晚高峰实测！谁是真正的第一梯队？,凤凰车研所,2026-08-17 11:34:40,232781,1923,1,【无广实测】问/鹏/理/迪/米/蔚/尚/氪/奔 9车辅助驾驶深度体验,40983071508,704.783,1,25,16777215,2026-09-17 19:44:06,1789645446,0,51092c0f,2202464652825857536,比亚迪城市道路兜底啊
BV15Xb86nEzv,117108709072765,【无广】9大辅助驾驶晚高峰实测！谁是真正的第一梯队？,凤凰车研所,2026-08-17 11:34:40,232781,1923,1,【无广实测】问/鹏/理/迪/米/蔚/尚/氪/奔 9车辅助驾驶深度体验,40983071508,663.715,1,25,16777215,2026-09-23 19:51:20,1790164280,0,cd358dee,2206816950066471424,华为呢
BV15Xb86nEzv,117108709072765,【无广】9大辅助驾驶晚高峰实测！谁是真正的第一梯队？,凤凰车研所,2026-08-17 11:34:40,232781,1923,1,【无广实测】问/鹏/理/迪/米/蔚/尚/氪/奔 9车辅助驾驶深度体验,40983071508,748.662,1,25,16777215,2026-08-17 17:33:33,1786959213,0,ed8ebf1c,2179930895606661632,蔚来的高速辅助驾驶还是很不错的，加减速也都很平稳。
BV15Xb86nEzv,117108709072765,【无广】9大辅助驾驶晚高峰实测！谁是真正的第一梯队？,凤凰车研所,2026-08-17 11:34:40,232781,1923,1,【无广实测】问/鹏/理/迪/米/蔚/尚/氪/奔 9车辅助驾驶深度体验,40983071508,831.582,1,25,16777215,2026-08-17 17:35:20,1786959320,0,ed8ebf1c,2179931796895723776,就现在这个辅助驾驶阶段，城区用什么辅助驾驶啊辅助驾驶都是高速上缓解疲劳的，城区我都自己开了。
BV15Xb86nEzv,117108709072765,【无广】9大辅助驾驶晚高峰实测！谁是真正的第一梯队？,凤凰车研所,2026-08-17 11:34:40,232781,1923,1,【无广实测】问/鹏/理/迪/米/蔚/尚/氪/奔 9车辅助驾驶深度体验,40983071508,1076.143,1,25,16777215,2026-08-17 20:22:49,1786969369,0,f7f1dbc4,2180016092247563264,tesla呢?
BV15Xb86nEzv,117108709072765,【无广】9大辅助驾驶晚高峰实测！谁是真正的第一梯队？,凤凰车研所,2026-08-17 11:34:40,232781,1923,1,【无广实测】问/鹏/理/迪/米/蔚/尚/氪/奔 9车辅助驾驶深度体验,40983071508,1034.194,5,25,16707842,2026-08-17 22:16:57,1786976217,0,fbfb4d3c,2180073537048652800,问界尚界相对来说更安全一些
BV15Xb86nEzv,117108709072765,【无广】9大辅助驾驶晚高峰实测！谁是真正的第一梯队？,凤凰车研所,2026-08-17 11:34:40,232781,1923,1,【无广实测】问/鹏/理/迪/米/蔚/尚/氪/奔 9车辅助驾驶深度体验,40983071508,769.311,1,25,16777215,2026-08-17 23:24:23,1786980263,0,1f7c730d,2180107476610258688,我只在堵车的时候启动智驾
BV15Xb86nEzv,117108709072765,【无广】9大辅助驾驶晚高峰实测！谁是真正的第一梯队？,凤凰车研所,2026-08-17 11:34:40,232781,1923,1,【无广实测】问/鹏/理/迪/米/蔚/尚/氪/奔 9车辅助驾驶深度体验,40983071508,898.475,1,25,16777215,2026-08-18 02:37:44,1786991864,0,a42a1f3e,2180204793221065728,其他家都是风味更新，明年l3估计新势力好几家都用ads
BV15Xb86nEzv,117108709072765,【无广】9大辅助驾驶晚高峰实测！谁是真正的第一梯队？,凤凰车研所,2026-08-17 11:34:40,232781,1923,1,【无广实测】问/鹏/理/迪/米/蔚/尚/氪/奔 9车辅助驾驶深度体验,40983071508,983.205,1,25,16777215,2026-08-18 10:30:07,1787020207,0,ba2153c7,2180442554205079552,小鹏GX走小路很安心
BV15Xb86nEzv,117108709072765,【无广】9大辅助驾驶晚高峰实测！谁是真正的第一梯队？,凤凰车研所,2026-08-17 11:34:40,232781,1923,1,【无广实测】问/鹏/理/迪/米/蔚/尚/氪/奔 9车辅助驾驶深度体验,40983071508,862.537,1,25,16777215,2026-08-18 10:57:36,1787021856,0,900e1b7b,2180456383001384960,简单总结就是各家各有优劣但都达不到完美 所以现阶段这个功能还是高速或者城区开阔路面用一用能轻松一会得了
BV15Xb86nEzv,117108709072765,【无广】9大辅助驾驶晚高峰实测！谁是真正的第一梯队？,凤凰车研所,2026-08-17 11:34:40,232781,1923,1,【无广实测】问/鹏/理/迪/米/蔚/尚/氪/奔 9车辅助驾驶深度体验,40983071508,1078.464,1,25,16777215,2026-08-18 12:16:44,1787026604,0,828d2843,2180496216490976768,这个评测还是挺好的
BV15Xb86nEzv,117108709072765,【无广】9大辅助驾驶晚高峰实测！谁是真正的第一梯队？,凤凰车研所,2026-08-17 11:34:40,232781,1923,1,【无广实测】问/鹏/理/迪/米/蔚/尚/氪/奔 9车辅助驾驶深度体验,40983071508,802.462,1,25,16777215,2026-08-18 12:37:31,1787027851,0,3987537,2180506672178028544,蔚来哪怕最老的车型，高速和高架都挺好用的
BV15Xb86nEzv,117108709072765,【无广】9大辅助驾驶晚高峰实测！谁是真正的第一梯队？,凤凰车研所,2026-08-17 11:34:40,232781,1923,1,【无广实测】问/鹏/理/迪/米/蔚/尚/氪/奔 9车辅助驾驶深度体验,40983071508,830.959,1,25,16777215,2026-08-18 14:39:17,1787035157,0,4f01d7b7,2180567962728756480,作为天神之眼用户来说 这个应该是之前手工介入过调速，这系统有个bug手工介入过就会一直维持这个限速。但是如果真过不了弯他会自己降速的。完全不用接管
BV15Xb86nEzv,117108709072765,【无广】9大辅助驾驶晚高峰实测！谁是真正的第一梯队？,凤凰车研所,2026-08-17 11:34:40,232781,1923,1,【无广实测】问/鹏/理/迪/米/蔚/尚/氪/奔 9车辅助驾驶深度体验,40983071508,864.552,1,25,16777215,2026-08-18 18:35:38,1787049338,0,4cbb5942,2180686916998417408,弹幕应激了哈哈哈
BV15Xb86nEzv,117108709072765,【无广】9大辅助驾驶晚高峰实测！谁是真正的第一梯队？,凤凰车研所,2026-08-17 11:34:40,232781,1923,1,【无广实测】问/鹏/理/迪/米/蔚/尚/氪/奔 9车辅助驾驶深度体验,40983071508,777.300,1,25,16777215,2026-08-18 19:35:51,1787052951,0,8021a033,2180717227714966784,我只有高速和大堵车时候用智驾，车辆多环境复杂还是自己开靠谱
BV15Xb86nEzv,117108709072765,【无广】9大辅助驾驶晚高峰实测！谁是真正的第一梯队？,凤凰车研所,2026-08-17 11:34:40,232781,1923,1,【无广实测】问/鹏/理/迪/米/蔚/尚/氪/奔 9车辅助驾驶深度体验,40983071508,794.313,1,25,16777215,2026-08-18 20:56:34,1787057794,0,7b3e9892,2180757856604033024,还得是ADS
BV15Xb86nEzv,117108709072765,【无广】9大辅助驾驶晚高峰实测！谁是真正的第一梯队？,凤凰车研所,2026-08-17 11:34:40,232781,1923,1,【无广实测】问/鹏/理/迪/米/蔚/尚/氪/奔 9车辅助驾驶深度体验,40983071508,1042.166,1,25,16777215,2026-08-18 21:32:31,1787059951,0,f09931e4,2180775952358337536,这还只是智驾的，问界和上界的安全那才是厉害。
BV15Xb86nEzv,117108709072765,【无广】9大辅助驾驶晚高峰实测！谁是真正的第一梯队？,凤凰车研所,2026-08-17 11:34:40,232781,1923,1,【无广实测】问/鹏/理/迪/米/蔚/尚/氪/奔 9车辅助驾驶深度体验,40983071508,847.752,1,25,16777215,2026-08-18 21:56:27,1787061387,0,ca7a07ec,2180787994716974592,所有路段的压力路况都不给M7评分可不好吗
BV15Xb86nEzv,117108709072765,【无广】9大辅助驾驶晚高峰实测！谁是真正的第一梯队？,凤凰车研所,2026-08-17 11:34:40,232781,1923,1,【无广实测】问/鹏/理/迪/米/蔚/尚/氪/奔 9车辅助驾驶深度体验,40983071508,1037.817,1,25,16777215,2026-08-18 23:27:06,1787066826,0,13646793,2180833616815601152,华为ADS5.0更强了
BV15Xb86nEzv,117108709072765,【无广】9大辅助驾驶晚高峰实测！谁是真正的第一梯队？,凤凰车研所,2026-08-17 11:34:40,232781,1923,1,【无广实测】问/鹏/理/迪/米/蔚/尚/氪/奔 9车辅助驾驶深度体验,40983071508,926.199,1,25,16777215,2026-08-19 11:21:45,1787109705,0,d18d6250,2181193311770691584,不是说我我太聪明
BV15Xb86nEzv,117108709072765,【无广】9大辅助驾驶晚高峰实测！谁是真正的第一梯队？,凤凰车研所,2026-08-17 11:34:40,232781,1923,1,【无广实测】问/鹏/理/迪/米/蔚/尚/氪/奔 9车辅助驾驶深度体验,40983071508,761.109,1,25,16777215,2026-08-19 20:52:49,1787143969,0,49519a1a,2181480746752364032,理想是这样的，我开的时候也遇到过，下匝道变道太晚
BV15Xb86nEzv,117108709072765,【无广】9大辅助驾驶晚高峰实测！谁是真正的第一梯队？,凤凰车研所,2026-08-17 11:34:40,232781,1923,1,【无广实测】问/鹏/理/迪/米/蔚/尚/氪/奔 9车辅助驾驶深度体验,40983071508,1055.468,1,25,16777215,2026-08-20 02:36:34,1787164594,0,c06cafce,2181653756373439232,看完就是都还远达不到L3
BV15Xb86nEzv,117108709072765,【无广】9大辅助驾驶晚高峰实测！谁是真正的第一梯队？,凤凰车研所,2026-08-17 11:34:40,232781,1923,1,【无广实测】问/鹏/理/迪/米/蔚/尚/氪/奔 9车辅助驾驶深度体验,40983071508,826.748,1,25,16777215,2026-08-20 09:05:10,1787187910,0,305bdc26,2181849343395599872,开的看起来慢而已，实际上舒适型轿车在这里70速度过急弯很容易失控
BV15Xb86nEzv,117108709072765,【无广】9大辅助驾驶晚高峰实测！谁是真正的第一梯队？,凤凰车研所,2026-08-17 11:34:40,232781,1923,1,【无广实测】问/鹏/理/迪/米/蔚/尚/氪/奔 9车辅助驾驶深度体验,40983071508,1021.509,1,25,16777215,2026-08-20 14:34:49,1787207689,0,52f42dfc,2182015261438430208,锁单了 尚界Z7T
BV15Xb86nEzv,117108709072765,【无广】9大辅助驾驶晚高峰实测！谁是真正的第一梯队？,凤凰车研所,2026-08-17 11:34:40,232781,1923,1,【无广实测】问/鹏/理/迪/米/蔚/尚/氪/奔 9车辅助驾驶深度体验,40983071508,930.711,1,25,16777215,2026-08-20 14:38:33,1787207913,0,d2b56822,2182017142844323072,？？
BV15Xb86nEzv,117108709072765,【无广】9大辅助驾驶晚高峰实测！谁是真正的第一梯队？,凤凰车研所,2026-08-17 11:34:40,232781,1923,1,【无广实测】问/鹏/理/迪/米/蔚/尚/氪/奔 9车辅助驾驶深度体验,40983071508,859.187,1,25,16777215,2026-08-20 16:17:58,1787213878,0,d2a430c9,2182067178332192768,问届拉满
BV15Xb86nEzv,117108709072765,【无广】9大辅助驾驶晚高峰实测！谁是真正的第一梯队？,凤凰车研所,2026-08-17 11:34:40,232781,1923,1,【无广实测】问/鹏/理/迪/米/蔚/尚/氪/奔 9车辅助驾驶深度体验,40983071508,847.675,1,25,16777215,2026-08-20 22:07:27,1787234847,0,cf0e6c9d,2182243082978832896,华子笑而不语（doge
BV15Xb86nEzv,117108709072765,【无广】9大辅助驾驶晚高峰实测！谁是真正的第一梯队？,凤凰车研所,2026-08-17 11:34:40,232781,1923,1,【无广实测】问/鹏/理/迪/米/蔚/尚/氪/奔 9车辅助驾驶深度体验,40983071508,875.671,1,25,16777215,2026-08-20 22:07:54,1787234874,0,cf0e6c9d,2182243308121010432,华子笑而不语（doge
BV15Xb86nEzv,117108709072765,【无广】9大辅助驾驶晚高峰实测！谁是真正的第一梯队？,凤凰车研所,2026-08-17 11:34:40,232781,1923,1,【无广实测】问/鹏/理/迪/米/蔚/尚/氪/奔 9车辅助驾驶深度体验,40983071508,916.496,1,25,16777215,2026-08-20 22:09:14,1787234954,0,cf0e6c9d,2182243982044731904,他也没遇上对象车这种bug考题（doge
BV15Xb86nEzv,117108709072765,【无广】9大辅助驾驶晚高峰实测！谁是真正的第一梯队？,凤凰车研所,2026-08-17 11:34:40,232781,1923,1,【无广实测】问/鹏/理/迪/米/蔚/尚/氪/奔 9车辅助驾驶深度体验,40983071508,1041.650,1,25,16777215,2026-08-20 22:39:51,1787236791,0,6c40c018,2182259386893276928,应该学习深圳交警，严查解速电动自行车
BV15Xb86nEzv,117108709072765,【无广】9大辅助驾驶晚高峰实测！谁是真正的第一梯队？,凤凰车研所,2026-08-17 11:34:40,232781,1923,1,【无广实测】问/鹏/理/迪/米/蔚/尚/氪/奔 9车辅助驾驶深度体验,40983071508,871.065,1,25,16777215,2026-08-20 23:34:37,1787240077,0,8e5517b6,2182286955868890880,问界：你是不是把我忘了，你也说说我呀
BV15Xb86nEzv,117108709072765,【无广】9大辅助驾驶晚高峰实测！谁是真正的第一梯队？,凤凰车研所,2026-08-17 11:34:40,232781,1923,1,【无广实测】问/鹏/理/迪/米/蔚/尚/氪/奔 9车辅助驾驶深度体验,40983071508,755.068,1,25,16777215,2026-08-21 01:49:44,1787248184,0,743e6975,2182354958958210048,太多理想车主这样干了，系统已经学习到了
BV15Xb86nEzv,117108709072765,【无广】9大辅助驾驶晚高峰实测！谁是真正的第一梯队？,凤凰车研所,2026-08-17 11:34:40,232781,1923,1,【无广实测】问/鹏/理/迪/米/蔚/尚/氪/奔 9车辅助驾驶深度体验,40983071508,909.480,1,25,16777215,2026-08-21 06:51:57,1787266317,0,3d1e45e5,2182507070107686656,难道不是因为在广州给练出来了吗...
BV15Xb86nEzv,117108709072765,【无广】9大辅助驾驶晚高峰实测！谁是真正的第一梯队？,凤凰车研所,2026-08-17 11:34:40,232781,1923,1,【无广实测】问/鹏/理/迪/米/蔚/尚/氪/奔 9车辅助驾驶深度体验,40983071508,764.676,1,25,16777215,2026-08-22 13:17:56,1787375876,0,f42738be,2183426120052244992,我去，追尾太恐怖了。
BV15Xb86nEzv,117108709072765,【无广】9大辅助驾驶晚高峰实测！谁是真正的第一梯队？,凤凰车研所,2026-08-17 11:34:40,232781,1923,1,【无广实测】问/鹏/理/迪/米/蔚/尚/氪/奔 9车辅助驾驶深度体验,40983071508,907.919,1,25,16777215,2026-08-24 11:52:29,1787543549,0,7d38b2b9,2184832664832486656,现在的M7有老手风范，两年前的M7完全是新手
BV15Xb86nEzv,117108709072765,【无广】9大辅助驾驶晚高峰实测！谁是真正的第一梯队？,凤凰车研所,2026-08-17 11:34:40,232781,1923,1,【无广实测】问/鹏/理/迪/米/蔚/尚/氪/奔 9车辅助驾驶深度体验,40983071508,727.811,1,25,16777215,2026-08-24 13:55:35,1787550935,0,1019295b,2184894617211433216,问界怎么突然多了4次接管？
BV15Xb86nEzv,117108709072765,【无广】9大辅助驾驶晚高峰实测！谁是真正的第一梯队？,凤凰车研所,2026-08-17 11:34:40,232781,1923,1,【无广实测】问/鹏/理/迪/米/蔚/尚/氪/奔 9车辅助驾驶深度体验,40983071508,784.336,1,25,16777215,2026-08-25 00:11:09,1787587869,0,e0e4b6da,2185204448492911104,前面的我跟你一样
BV15Xb86nEzv,117108709072765,【无广】9大辅助驾驶晚高峰实测！谁是真正的第一梯队？,凤凰车研所,2026-08-17 11:34:40,232781,1923,1,【无广实测】问/鹏/理/迪/米/蔚/尚/氪/奔 9车辅助驾驶深度体验,40983071508,724.113,1,25,16777215,2026-08-25 13:40:02,1787636402,0,b8a1685d,2185611567469906944,又冒汗了
BV15Xb86nEzv,117108709072765,【无广】9大辅助驾驶晚高峰实测！谁是真正的第一梯队？,凤凰车研所,2026-08-17 11:34:40,232781,1923,1,【无广实测】问/鹏/理/迪/米/蔚/尚/氪/奔 9车辅助驾驶深度体验,40983071508,857.674,1,25,16777215,2026-08-28 00:55:52,1787849752,0,d18a2b87,2187401282582292736,小米已经进步明显了，之前在大明湖，走都走不动
BV15Xb86nEzv,117108709072765,【无广】9大辅助驾驶晚高峰实测！谁是真正的第一梯队？,凤凰车研所,2026-08-17 11:34:40,232781,1923,1,【无广实测】问/鹏/理/迪/米/蔚/尚/氪/奔 9车辅助驾驶深度体验,40983071508,945.160,1,25,16777215,2026-08-28 11:08:16,1787886496,0,c0f75771,2187709513870638592,华子别的不说，智驾绝对牛
BV15Xb86nEzv,117108709072765,【无广】9大辅助驾驶晚高峰实测！谁是真正的第一梯队？,凤凰车研所,2026-08-17 11:34:40,232781,1923,1,【无广实测】问/鹏/理/迪/米/蔚/尚/氪/奔 9车辅助驾驶深度体验,40983071508,1029.080,1,25,16777215,2026-08-28 11:09:40,1787886580,0,c0f75771,2187710217935187968,特斯拉还没测
BV15Xb86nEzv,117108709072765,【无广】9大辅助驾驶晚高峰实测！谁是真正的第一梯队？,凤凰车研所,2026-08-17 11:34:40,232781,1923,1,【无广实测】问/鹏/理/迪/米/蔚/尚/氪/奔 9车辅助驾驶深度体验,40983071508,883.413,1,25,16777215,2026-08-29 10:44:29,1787971469,0,7715501c,2188422313237342208,这里可以回答最开始的问题了，华为只是4.1，但应付一个测试仍然足够。
BV15Xb86nEzv,117108709072765,【无广】9大辅助驾驶晚高峰实测！谁是真正的第一梯队？,凤凰车研所,2026-08-17 11:34:40,232781,1923,1,【无广实测】问/鹏/理/迪/米/蔚/尚/氪/奔 9车辅助驾驶深度体验,40983071508,906.611,5,25,15138834,2026-08-29 19:21:37,1788002497,0,a1ab6428,2188682596366845440,在广州日常训练环境下小鹏
BV15Xb86nEzv,117108709072765,【无广】9大辅助驾驶晚高峰实测！谁是真正的第一梯队？,凤凰车研所,2026-08-17 11:34:40,232781,1923,1,【无广实测】问/鹏/理/迪/米/蔚/尚/氪/奔 9车辅助驾驶深度体验,40983071508,960.438,1,25,16777215,2026-09-02 11:06:57,1788318417,0,7b78a2c7,2191332729306958080,断崖和紧随，用词点矛盾哦
BV15Xb86nEzv,117108709072765,【无广】9大辅助驾驶晚高峰实测！谁是真正的第一梯队？,凤凰车研所,2026-08-17 11:34:40,232781,1923,1,【无广实测】问/鹏/理/迪/米/蔚/尚/氪/奔 9车辅助驾驶深度体验,40983071508,1031.333,1,25,16777215,2026-09-02 12:36:19,1788323779,0,372ec10d,2191377707555417856,总结：辅助驾驶并没有拉开显著差异
BV15Xb86nEzv,117108709072765,【无广】9大辅助驾驶晚高峰实测！谁是真正的第一梯队？,凤凰车研所,2026-08-17 11:34:40,232781,1923,1,【无广实测】问/鹏/理/迪/米/蔚/尚/氪/奔 9车辅助驾驶深度体验,40983071508,810.653,1,25,16777215,2026-09-02 20:48:03,1788353283,0,cc66116f,2191625206706800640,纯视觉还是有硬伤
BV15Xb86nEzv,117108709072765,【无广】9大辅助驾驶晚高峰实测！谁是真正的第一梯队？,凤凰车研所,2026-08-17 11:34:40,232781,1923,1,【无广实测】问/鹏/理/迪/米/蔚/尚/氪/奔 9车辅助驾驶深度体验,40983071508,953.287,1,25,16777215,2026-09-03 06:54:29,1788389669,0,fc733d9f,2191930434001449984,i8这个氛围灯这么好看
BV15Xb86nEzv,117108709072765,【无广】9大辅助驾驶晚高峰实测！谁是真正的第一梯队？,凤凰车研所,2026-08-17 11:34:40,232781,1923,1,【无广实测】问/鹏/理/迪/米/蔚/尚/氪/奔 9车辅助驾驶深度体验,40983071508,748.805,1,25,16777215,2026-09-03 12:18:46,1788409126,0,6af9a69b,2192093647708308480,天神B的钛3车主表示只用车道巡航……
BV15Xb86nEzv,117108709072765,【无广】9大辅助驾驶晚高峰实测！谁是真正的第一梯队？,凤凰车研所,2026-08-17 11:34:40,232781,1923,1,【无广实测】问/鹏/理/迪/米/蔚/尚/氪/奔 9车辅助驾驶深度体验,40983071508,882.281,1,25,16777215,2026-09-03 15:13:52,1788419632,0,a5b84ce1,2192181775513118976,现在都ads5.0了，能追上吗
BV15Xb86nEzv,117108709072765,【无广】9大辅助驾驶晚高峰实测！谁是真正的第一梯队？,凤凰车研所,2026-08-17 11:34:40,232781,1923,1,【无广实测】问/鹏/理/迪/米/蔚/尚/氪/奔 9车辅助驾驶深度体验,40983071508,892.422,1,25,16777215,2026-09-03 18:42:37,1788432157,0,7f7d6bf7,2192286844312784128,5.0比4.1又进步很多
BV15Xb86nEzv,117108709072765,【无广】9大辅助驾驶晚高峰实测！谁是真正的第一梯队？,凤凰车研所,2026-08-17 11:34:40,232781,1923,1,【无广实测】问/鹏/理/迪/米/蔚/尚/氪/奔 9车辅助驾驶深度体验,40983071508,794.817,1,25,16777215,2026-09-04 03:17:49,1788463069,0,903a8833,2192546154431653632,前车车距都有300米了，限速80开65，说不过去
BV15Xb86nEzv,117108709072765,【无广】9大辅助驾驶晚高峰实测！谁是真正的第一梯队？,凤凰车研所,2026-08-17 11:34:40,232781,1923,1,【无广实测】问/鹏/理/迪/米/蔚/尚/氪/奔 9车辅助驾驶深度体验,40983071508,803.826,1,25,16777215,2026-09-05 10:48:35,1788576515,0,cf6476e5,2193497809603744256,路况好我才开，路况不好开那玩意有点不放心
BV15Xb86nEzv,117108709072765,【无广】9大辅助驾驶晚高峰实测！谁是真正的第一梯队？,凤凰车研所,2026-08-17 11:34:40,232781,1923,1,【无广实测】问/鹏/理/迪/米/蔚/尚/氪/奔 9车辅助驾驶深度体验,40983071508,840.364,1,25,16777215,2026-09-08 21:24:27,1788873867,0,31652878,2195992181905789696,华子赢嘛了
BV15Xb86nEzv,117108709072765,【无广】9大辅助驾驶晚高峰实测！谁是真正的第一梯队？,凤凰车研所,2026-08-17 11:34:40,232781,1923,1,【无广实测】问/鹏/理/迪/米/蔚/尚/氪/奔 9车辅助驾驶深度体验,40983071508,1070.504,1,25,16777215,2026-09-12 12:39:14,1789187954,0,45c2431d,2198626934970499584,还是ADS在第一段，小鹏解决高速能追上，新势力差一档，大品牌还在追
BV15Xb86nEzv,117108709072765,【无广】9大辅助驾驶晚高峰实测！谁是真正的第一梯队？,凤凰车研所,2026-08-17 11:34:40,232781,1923,1,【无广实测】问/鹏/理/迪/米/蔚/尚/氪/奔 9车辅助驾驶深度体验,40983071508,993.373,1,25,16777215,2026-09-15 14:50:14,1789455014,0,9a2ad327,2200867195944010496,用特斯拉FSD，驾照分够扣吗
BV15Xb86nEzv,117108709072765,【无广】9大辅助驾驶晚高峰实测！谁是真正的第一梯队？,凤凰车研所,2026-08-17 11:34:40,232781,1923,1,【无广实测】问/鹏/理/迪/米/蔚/尚/氪/奔 9车辅助驾驶深度体验,40983071508,916.219,1,25,16777215,2026-09-22 00:16:01,1790007361,0,4a648efb,2205500618197051392,事实证明，这种窄路场景只有视觉+高算力+无规则才能高效率
BV15Xb86nEzv,117108709072765,【无广】9大辅助驾驶晚高峰实测！谁是真正的第一梯队？,凤凰车研所,2026-08-17 11:34:40,232781,1923,1,【无广实测】问/鹏/理/迪/米/蔚/尚/氪/奔 9车辅助驾驶深度体验,40983071508,875.524,1,25,16777215,2026-09-23 19:54:52,1790164492,0,cd358dee,2206818728107478272,理想没这么差。其实跟华为CBD
BV15Xb86nEzv,117108709072765,【无广】9大辅助驾驶晚高峰实测！谁是真正的第一梯队？,凤凰车研所,2026-08-17 11:34:40,232781,1923,1,【无广实测】问/鹏/理/迪/米/蔚/尚/氪/奔 9车辅助驾驶深度体验,40983071508,889.150,1,25,16777215,2026-09-23 19:55:06,1790164506,0,cd358dee,2206818841857046528,无广
BV15Xb86nEzv,117108709072765,【无广】9大辅助驾驶晚高峰实测！谁是真正的第一梯队？,凤凰车研所,2026-08-17 11:34:40,232781,1923,1,【无广实测】问/鹏/理/迪/米/蔚/尚/氪/奔 9车辅助驾驶深度体验,40983071508,1084.960,1,25,16777215,2026-08-28 11:10:36,1787886636,0,c0f75771,2187710686682378240,我觉得以后会有和驾驶员交互的ai问要不要过
BV1HCNQ6YE8M,116916123403509,小米最新驾驶辅助实战 进步了多少？｜ 未来方向盘2.0,扬哥YOUNGER,2026-07-14 11:13:48,50822,495,1,小米最新驾驶辅助实战 进步了多少？｜ 未来方向盘2.0,39929774585,333.240,5,25,16777215,2026-07-14 14:35:16,1784010916,0,e14c359c,2155198791111044608,被大米汽车告过一次了
BV1HCNQ6YE8M,116916123403509,小米最新驾驶辅助实战 进步了多少？｜ 未来方向盘2.0,扬哥YOUNGER,2026-07-14 11:13:48,50822,495,1,小米最新驾驶辅助实战 进步了多少？｜ 未来方向盘2.0,39929774585,172.741,1,25,16777215,2026-07-14 20:02:55,1784030575,0,a78a37d8,2155363696933796096,园区里扫地几次就能开了，但是经常被乱窜的车或者人打断
BV1HCNQ6YE8M,116916123403509,小米最新驾驶辅助实战 进步了多少？｜ 未来方向盘2.0,扬哥YOUNGER,2026-07-14 11:13:48,50822,495,1,小米最新驾驶辅助实战 进步了多少？｜ 未来方向盘2.0,39929774585,319.019,1,25,16777215,2026-07-14 21:09:29,1784034569,0,44d89e08,2155397208306991872,这里也是挺危险的，遇到行人了居然不减速
BV1HCNQ6YE8M,116916123403509,小米最新驾驶辅助实战 进步了多少？｜ 未来方向盘2.0,扬哥YOUNGER,2026-07-14 11:13:48,50822,495,1,小米最新驾驶辅助实战 进步了多少？｜ 未来方向盘2.0,39929774585,298.464,1,25,16777215,2026-07-14 23:56:30,1784044590,0,c0d0cbd6,2155481264902268416,既然已经这么谨慎了之后建议还是直接导航界面放出来就完事了，也不用花这么长时间解释
BV1HCNQ6YE8M,116916123403509,小米最新驾驶辅助实战 进步了多少？｜ 未来方向盘2.0,扬哥YOUNGER,2026-07-14 11:13:48,50822,495,1,小米最新驾驶辅助实战 进步了多少？｜ 未来方向盘2.0,39929774585,198.775,5,25,16777215,2026-07-15 00:04:23,1784045063,0,8b669a01,2155485234685805056,爱国理想也是理想！
BV1HCNQ6YE8M,116916123403509,小米最新驾驶辅助实战 进步了多少？｜ 未来方向盘2.0,扬哥YOUNGER,2026-07-14 11:13:48,50822,495,1,小米最新驾驶辅助实战 进步了多少？｜ 未来方向盘2.0,39929774585,334.152,1,25,16777215,2026-07-15 01:23:14,1784049794,0,d5c52c50,2155524918640136960,也许以后没有评测资质 不合法
BV1HCNQ6YE8M,116916123403509,小米最新驾驶辅助实战 进步了多少？｜ 未来方向盘2.0,扬哥YOUNGER,2026-07-14 11:13:48,50822,495,1,小米最新驾驶辅助实战 进步了多少？｜ 未来方向盘2.0,39929774585,231.701,1,25,16777215,2026-07-15 10:28:04,1784082484,0,b6f37bde,2155799146605821952,哈哈
BV1HCNQ6YE8M,116916123403509,小米最新驾驶辅助实战 进步了多少？｜ 未来方向盘2.0,扬哥YOUNGER,2026-07-14 11:13:48,50822,495,1,小米最新驾驶辅助实战 进步了多少？｜ 未来方向盘2.0,39929774585,141.841,1,25,16777215,2026-07-15 10:43:01,1784083381,0,8fed9236,2155806669324832768,开局天崩
BV1HCNQ6YE8M,116916123403509,小米最新驾驶辅助实战 进步了多少？｜ 未来方向盘2.0,扬哥YOUNGER,2026-07-14 11:13:48,50822,495,1,小米最新驾驶辅助实战 进步了多少？｜ 未来方向盘2.0,39929774585,240.483,1,25,16777215,2026-07-15 11:20:34,1784085634,0,18637659,2155825566082454528,这个我也不知道到底是识别错误还是跟车是底层逻辑，很明显是被前车影响到了（不是洗，是因为我也遇到这个问题了）
BV1HCNQ6YE8M,116916123403509,小米最新驾驶辅助实战 进步了多少？｜ 未来方向盘2.0,扬哥YOUNGER,2026-07-14 11:13:48,50822,495,1,小米最新驾驶辅助实战 进步了多少？｜ 未来方向盘2.0,39929774585,149.553,1,25,16777215,2026-07-15 12:09:09,1784088549,0,694e5e2f,2155850018488828928,停车场内又没有建模，哪来辅助
BV1HCNQ6YE8M,116916123403509,小米最新驾驶辅助实战 进步了多少？｜ 未来方向盘2.0,扬哥YOUNGER,2026-07-14 11:13:48,50822,495,1,小米最新驾驶辅助实战 进步了多少？｜ 未来方向盘2.0,39929774585,162.046,1,25,16777215,2026-07-15 15:14:46,1784099686,0,c465e09d,2155943448363559168,要开洞过程中才能开启
BV1HCNQ6YE8M,116916123403509,小米最新驾驶辅助实战 进步了多少？｜ 未来方向盘2.0,扬哥YOUNGER,2026-07-14 11:13:48,50822,495,1,小米最新驾驶辅助实战 进步了多少？｜ 未来方向盘2.0,39929774585,152.222,1,25,16777215,2026-07-15 20:07:04,1784117224,0,a81fc922,2156090569330660096,有轨扫障车！
BV1HCNQ6YE8M,116916123403509,小米最新驾驶辅助实战 进步了多少？｜ 未来方向盘2.0,扬哥YOUNGER,2026-07-14 11:13:48,50822,495,1,小米最新驾驶辅助实战 进步了多少？｜ 未来方向盘2.0,39929774585,250.680,1,25,16777215,2026-07-15 21:17:45,1784121465,0,3c861020,2156126139570780672,我也感觉跟车的优先级很高 智驾很容易就跟着前车跑到不是自己的路线去了
BV1HCNQ6YE8M,116916123403509,小米最新驾驶辅助实战 进步了多少？｜ 未来方向盘2.0,扬哥YOUNGER,2026-07-14 11:13:48,50822,495,1,小米最新驾驶辅助实战 进步了多少？｜ 未来方向盘2.0,39929774585,338.588,1,25,16777215,2026-07-15 21:19:00,1784121540,0,3c861020,2156126769278431488,我主观上认为我来也不一定就不压了））不过纯主观）
BV1HCNQ6YE8M,116916123403509,小米最新驾驶辅助实战 进步了多少？｜ 未来方向盘2.0,扬哥YOUNGER,2026-07-14 11:13:48,50822,495,1,小米最新驾驶辅助实战 进步了多少？｜ 未来方向盘2.0,39929774585,264.471,1,25,16777215,2026-07-15 21:30:31,1784122231,0,f87fa6ab,2156132569463476736,武汉的路难度确实大
BV1HCNQ6YE8M,116916123403509,小米最新驾驶辅助实战 进步了多少？｜ 未来方向盘2.0,扬哥YOUNGER,2026-07-14 11:13:48,50822,495,1,小米最新驾驶辅助实战 进步了多少？｜ 未来方向盘2.0,39929774585,236.957,1,25,16777215,2026-07-16 19:14:04,1784200444,0,fa964fb4,2156788667492890368,经典跟车逻辑
BV1HCNQ6YE8M,116916123403509,小米最新驾驶辅助实战 进步了多少？｜ 未来方向盘2.0,扬哥YOUNGER,2026-07-14 11:13:48,50822,495,1,小米最新驾驶辅助实战 进步了多少？｜ 未来方向盘2.0,39929774585,282.216,1,25,16777215,2026-07-17 18:47:39,1784285259,0,ca095243,2157500144957468416,是的
BV1HCNQ6YE8M,116916123403509,小米最新驾驶辅助实战 进步了多少？｜ 未来方向盘2.0,扬哥YOUNGER,2026-07-14 11:13:48,50822,495,1,小米最新驾驶辅助实战 进步了多少？｜ 未来方向盘2.0,39929774585,247.557,1,25,16777215,2026-07-28 11:02:23,1785207743,0,8619fefb,2165238499455538944,理想也这跟车逻辑
BV1HCNQ6YE8M,116916123403509,小米最新驾驶辅助实战 进步了多少？｜ 未来方向盘2.0,扬哥YOUNGER,2026-07-14 11:13:48,50822,495,1,小米最新驾驶辅助实战 进步了多少？｜ 未来方向盘2.0,39929774585,235.719,1,25,16777215,2026-07-30 09:29:21,1785374961,0,847907e6,2166641231344862464,看来还是老问题，定位精度误差在几米的范围内
BV1HCNQ6YE8M,116916123403509,小米最新驾驶辅助实战 进步了多少？｜ 未来方向盘2.0,扬哥YOUNGER,2026-07-14 11:13:48,50822,495,1,小米最新驾驶辅助实战 进步了多少？｜ 未来方向盘2.0,39929774585,47.769,1,25,16777215,2026-08-04 03:29:44,1785785384,0,b168881f,2170084108561861376,端到端之前 大家都是用规则，端到端之后才是真正的大模型
BV1HCNQ6YE8M,116916123403509,小米最新驾驶辅助实战 进步了多少？｜ 未来方向盘2.0,扬哥YOUNGER,2026-07-14 11:13:48,50822,495,1,小米最新驾驶辅助实战 进步了多少？｜ 未来方向盘2.0,39929774585,256.491,1,25,16777215,2026-08-05 22:45:23,1785941123,0,3d5cf766,2171390540984901376,跟车优先级高
BV1HCNQ6YE8M,116916123403509,小米最新驾驶辅助实战 进步了多少？｜ 未来方向盘2.0,扬哥YOUNGER,2026-07-14 11:13:48,50822,495,1,小米最新驾驶辅助实战 进步了多少？｜ 未来方向盘2.0,39929774585,202.602,1,25,16777215,2026-08-09 18:33:57,1786271637,0,f8b5b1cd,2174163090500157440,两个理想
BV1HCNQ6YE8M,116916123403509,小米最新驾驶辅助实战 进步了多少？｜ 未来方向盘2.0,扬哥YOUNGER,2026-07-14 11:13:48,50822,495,1,小米最新驾驶辅助实战 进步了多少？｜ 未来方向盘2.0,39929774585,401.467,1,25,16777215,2026-07-14 18:32:30,1784025150,0,f32e5669,2155318194473747712,还是车辆后台跑得少，所以大数据升级慢
BV1HCNQ6YE8M,116916123403509,小米最新驾驶辅助实战 进步了多少？｜ 未来方向盘2.0,扬哥YOUNGER,2026-07-14 11:13:48,50822,495,1,小米最新驾驶辅助实战 进步了多少？｜ 未来方向盘2.0,39929774585,490.428,1,25,16777215,2026-07-14 22:38:15,1784039895,0,c63018e3,2155441886402385920,武汉滴啊
BV1HCNQ6YE8M,116916123403509,小米最新驾驶辅助实战 进步了多少？｜ 未来方向盘2.0,扬哥YOUNGER,2026-07-14 11:13:48,50822,495,1,小米最新驾驶辅助实战 进步了多少？｜ 未来方向盘2.0,39929774585,601.521,1,25,16777215,2026-07-14 22:40:12,1784040012,0,42aa7de9,2155442860731320320,这交通路况 无敌了 不愧是武汉
BV1HCNQ6YE8M,116916123403509,小米最新驾驶辅助实战 进步了多少？｜ 未来方向盘2.0,扬哥YOUNGER,2026-07-14 11:13:48,50822,495,1,小米最新驾驶辅助实战 进步了多少？｜ 未来方向盘2.0,39929774585,455.818,1,25,16777215,2026-07-14 22:46:26,1784040386,0,29f5b486,2155445997323443200,智驾速度还是慢啊，不会去超前面的慢车，周围的车都在嗷嗷超车
BV1HCNQ6YE8M,116916123403509,小米最新驾驶辅助实战 进步了多少？｜ 未来方向盘2.0,扬哥YOUNGER,2026-07-14 11:13:48,50822,495,1,小米最新驾驶辅助实战 进步了多少？｜ 未来方向盘2.0,39929774585,380.740,1,25,16777215,2026-07-15 11:21:43,1784085703,0,3d54813,2155826151690796288,交给
BV1HCNQ6YE8M,116916123403509,小米最新驾驶辅助实战 进步了多少？｜ 未来方向盘2.0,扬哥YOUNGER,2026-07-14 11:13:48,50822,495,1,小米最新驾驶辅助实战 进步了多少？｜ 未来方向盘2.0,39929774585,526.562,5,25,16777215,2026-07-15 12:20:19,1784089219,0,47df0e4b,2155855641841978880,I？
BV1HCNQ6YE8M,116916123403509,小米最新驾驶辅助实战 进步了多少？｜ 未来方向盘2.0,扬哥YOUNGER,2026-07-14 11:13:48,50822,495,1,小米最新驾驶辅助实战 进步了多少？｜ 未来方向盘2.0,39929774585,576.905,5,25,16777215,2026-07-15 12:20:50,1784089250,0,47df0e4b,2155855906402171392,武汉这路真是…
BV1HCNQ6YE8M,116916123403509,小米最新驾驶辅助实战 进步了多少？｜ 未来方向盘2.0,扬哥YOUNGER,2026-07-14 11:13:48,50822,495,1,小米最新驾驶辅助实战 进步了多少？｜ 未来方向盘2.0,39929774585,640.377,5,25,16707842,2026-07-15 13:40:20,1784094020,0,a1ba45b7,2155895913964093184,真是这个路况我都想接管了
BV1HCNQ6YE8M,116916123403509,小米最新驾驶辅助实战 进步了多少？｜ 未来方向盘2.0,扬哥YOUNGER,2026-07-14 11:13:48,50822,495,1,小米最新驾驶辅助实战 进步了多少？｜ 未来方向盘2.0,39929774585,533.949,1,25,16777215,2026-07-15 19:04:47,1784113487,0,b42b81b,2156059217268969216,启动太慢了导致的
BV1HCNQ6YE8M,116916123403509,小米最新驾驶辅助实战 进步了多少？｜ 未来方向盘2.0,扬哥YOUNGER,2026-07-14 11:13:48,50822,495,1,小米最新驾驶辅助实战 进步了多少？｜ 未来方向盘2.0,39929774585,496.933,1,25,16777215,2026-07-15 21:21:38,1784121698,0,3c861020,2156128098897825280,这个情况我今天也遇到了 我在三车道和一车道的车同时向二车道变 我车是OrinY带激光雷达的智驾 也是差不多很顺畅的就避让回原车道然后很快等一车道那辆车过去之后就又变到了二车道
BV1HCNQ6YE8M,116916123403509,小米最新驾驶辅助实战 进步了多少？｜ 未来方向盘2.0,扬哥YOUNGER,2026-07-14 11:13:48,50822,495,1,小米最新驾驶辅助实战 进步了多少？｜ 未来方向盘2.0,39929774585,555.586,1,25,16777215,2026-07-15 21:59:19,1784123959,0,ec5e9d92,2156147066765204480,也有可能是素质高
BV1HCNQ6YE8M,116916123403509,小米最新驾驶辅助实战 进步了多少？｜ 未来方向盘2.0,扬哥YOUNGER,2026-07-14 11:13:48,50822,495,1,小米最新驾驶辅助实战 进步了多少？｜ 未来方向盘2.0,39929774585,556.009,1,25,16707842,2026-07-23 08:14:32,1784765672,0,58d4df29,2161530144102679296,斑马之城
BV1HCNQ6YE8M,116916123403509,小米最新驾驶辅助实战 进步了多少？｜ 未来方向盘2.0,扬哥YOUNGER,2026-07-14 11:13:48,50822,495,1,小米最新驾驶辅助实战 进步了多少？｜ 未来方向盘2.0,39929774585,667.191,1,25,16777215,2026-07-23 17:35:44,1784799344,0,3a34f3e2,2161812603449017088,蔚来赶上来了，小米加油
BV1HCNQ6YE8M,116916123403509,小米最新驾驶辅助实战 进步了多少？｜ 未来方向盘2.0,扬哥YOUNGER,2026-07-14 11:13:48,50822,495,1,小米最新驾驶辅助实战 进步了多少？｜ 未来方向盘2.0,39929774585,366.297,1,25,16777215,2026-07-24 20:08:09,1784894889,0,59f619c0,2162614089972000768,看来智驾这块还是得特斯拉啊，小米还有很长的路要走，不过我还是喜欢自己开
BV1HCNQ6YE8M,116916123403509,小米最新驾驶辅助实战 进步了多少？｜ 未来方向盘2.0,扬哥YOUNGER,2026-07-14 11:13:48,50822,495,1,小米最新驾驶辅助实战 进步了多少？｜ 未来方向盘2.0,39929774585,377.319,1,25,16777215,2026-07-30 15:37:03,1785397023,0,dd0e71c4,2166826294431272192,特斯拉国内有没有FSD
BV1HCNQ6YE8M,116916123403509,小米最新驾驶辅助实战 进步了多少？｜ 未来方向盘2.0,扬哥YOUNGER,2026-07-14 11:13:48,50822,495,1,小米最新驾驶辅助实战 进步了多少？｜ 未来方向盘2.0,39929774585,643.627,1,25,16777215,2026-08-02 01:03:50,1785603830,0,173a3e85,2168561118133043712,没啥问题，终将要遇到这些路况
BV1HCNQ6YE8M,116916123403509,小米最新驾驶辅助实战 进步了多少？｜ 未来方向盘2.0,扬哥YOUNGER,2026-07-14 11:13:48,50822,495,1,小米最新驾驶辅助实战 进步了多少？｜ 未来方向盘2.0,39929774585,618.455,1,25,16777215,2026-08-06 21:26:59,1786022819,0,23efd427,2172075851511588096,符合我要求吧，安全最重要，别给我碰人了就行，效率我自己会接管
BV1HCNQ6YE8M,116916123403509,小米最新驾驶辅助实战 进步了多少？｜ 未来方向盘2.0,扬哥YOUNGER,2026-07-14 11:13:48,50822,495,1,小米最新驾驶辅助实战 进步了多少？｜ 未来方向盘2.0,39929774585,549.779,1,25,16777215,2026-08-09 11:50:50,1786247450,0,58bb7097,2173960195901580544,斑马小镇
BV1HCNQ6YE8M,116916123403509,小米最新驾驶辅助实战 进步了多少？｜ 未来方向盘2.0,扬哥YOUNGER,2026-07-14 11:13:48,50822,495,1,小米最新驾驶辅助实战 进步了多少？｜ 未来方向盘2.0,39929774585,769.003,1,25,16777215,2026-08-06 21:31:40,1786023100,0,23efd427,2172078215379225856,估计是识别到路口了智驾不敢过怕压线被拍
BV1dnE46EEEq,116707817494779,小米最新辅助驾驶什么水平？30个考点全面评测能力边界 | Xauto智驾榜,Xauto报告,2026-06-07 16:39:55,39674,305,1,小米最新辅助驾驶什么水平？30个考点全面评测能力边界 | Xauto智驾榜,38928713873,191.891,1,25,16777215,2026-06-07 18:23:50,1780827830,0,57f00335,2128497129788923392,和我的yu7一样，太保守了，一有车就不变了。。
BV1dnE46EEEq,116707817494779,小米最新辅助驾驶什么水平？30个考点全面评测能力边界 | Xauto智驾榜,Xauto报告,2026-06-07 16:39:55,39674,305,1,小米最新辅助驾驶什么水平？30个考点全面评测能力边界 | Xauto智驾榜,38928713873,342.965,1,25,16777215,2026-06-08 09:01:13,1780880473,0,cf20bdbc,2128938733310529536,流行的说法就是小米的还是先输出轨迹，再根据轨迹做动作的
BV1dnE46EEEq,116707817494779,小米最新辅助驾驶什么水平？30个考点全面评测能力边界 | Xauto智驾榜,Xauto报告,2026-06-07 16:39:55,39674,305,1,小米最新辅助驾驶什么水平？30个考点全面评测能力边界 | Xauto智驾榜,38928713873,108.995,1,25,16777215,2026-06-08 09:33:50,1780882430,0,ddde5840,2128955144867227904,这个有点复杂
BV1dnE46EEEq,116707817494779,小米最新辅助驾驶什么水平？30个考点全面评测能力边界 | Xauto智驾榜,Xauto报告,2026-06-07 16:39:55,39674,305,1,小米最新辅助驾驶什么水平？30个考点全面评测能力边界 | Xauto智驾榜,38928713873,9.471,1,25,16777215,2026-06-08 11:50:08,1780890608,0,baa8c195,2129023747900914944,这是车圈里对口相声说的最好的两位
BV1dnE46EEEq,116707817494779,小米最新辅助驾驶什么水平？30个考点全面评测能力边界 | Xauto智驾榜,Xauto报告,2026-06-07 16:39:55,39674,305,1,小米最新辅助驾驶什么水平？30个考点全面评测能力边界 | Xauto智驾榜,38928713873,230.066,1,25,16777215,2026-06-08 22:24:39,1780928679,0,961af4a7,2129343113851394560,这大车。。
BV1dnE46EEEq,116707817494779,小米最新辅助驾驶什么水平？30个考点全面评测能力边界 | Xauto智驾榜,Xauto报告,2026-06-07 16:39:55,39674,305,1,小米最新辅助驾驶什么水平？30个考点全面评测能力边界 | Xauto智驾榜,38928713873,197.776,1,25,16777215,2026-06-09 12:14:48,1780978488,0,fee64042,2129760936138288128,这点扣分了
BV1dnE46EEEq,116707817494779,小米最新辅助驾驶什么水平？30个考点全面评测能力边界 | Xauto智驾榜,Xauto报告,2026-06-07 16:39:55,39674,305,1,小米最新辅助驾驶什么水平？30个考点全面评测能力边界 | Xauto智驾榜,38928713873,260.206,1,25,16777215,2026-06-09 12:15:50,1780978550,0,fee64042,2129761460149096192,看来小米城区智驾目前还是比较一般
BV1dnE46EEEq,116707817494779,小米最新辅助驾驶什么水平？30个考点全面评测能力边界 | Xauto智驾榜,Xauto报告,2026-06-07 16:39:55,39674,305,1,小米最新辅助驾驶什么水平？30个考点全面评测能力边界 | Xauto智驾榜,38928713873,229.989,1,25,16777215,2026-06-09 17:24:10,1780997050,0,8fed9236,2129916652711013120,小米辅助驾驶太怂了 犹豫不决的
BV1dnE46EEEq,116707817494779,小米最新辅助驾驶什么水平？30个考点全面评测能力边界 | Xauto智驾榜,Xauto报告,2026-06-07 16:39:55,39674,305,1,小米最新辅助驾驶什么水平？30个考点全面评测能力边界 | Xauto智驾榜,38928713873,329.799,1,25,16777215,2026-06-09 18:22:29,1781000549,0,969d30de,2129945997211238144,小米为了绝对不出错调教地太保守了
BV1dnE46EEEq,116707817494779,小米最新辅助驾驶什么水平？30个考点全面评测能力边界 | Xauto智驾榜,Xauto报告,2026-06-07 16:39:55,39674,305,1,小米最新辅助驾驶什么水平？30个考点全面评测能力边界 | Xauto智驾榜,38928713873,117.546,1,25,16777215,2026-06-09 18:59:10,1781002750,0,99408c49,2129964460638296064,小米有智驾吗？？？
BV1dnE46EEEq,116707817494779,小米最新辅助驾驶什么水平？30个考点全面评测能力边界 | Xauto智驾榜,Xauto报告,2026-06-07 16:39:55,39674,305,1,小米最新辅助驾驶什么水平？30个考点全面评测能力边界 | Xauto智驾榜,38928713873,226.651,1,25,16777215,2026-06-09 19:16:38,1781003798,0,6b7214da,2129973255321941760,这个大车的车道也有问题其实
BV1dnE46EEEq,116707817494779,小米最新辅助驾驶什么水平？30个考点全面评测能力边界 | Xauto智驾榜,Xauto报告,2026-06-07 16:39:55,39674,305,1,小米最新辅助驾驶什么水平？30个考点全面评测能力边界 | Xauto智驾榜,38928713873,282.695,1,25,16777215,2026-06-09 19:19:46,1781003986,0,6b7214da,2129974829158975744,看了up其他视频，连续变道这里今天车挺多的
BV1dnE46EEEq,116707817494779,小米最新辅助驾驶什么水平？30个考点全面评测能力边界 | Xauto智驾榜,Xauto报告,2026-06-07 16:39:55,39674,305,1,小米最新辅助驾驶什么水平？30个考点全面评测能力边界 | Xauto智驾榜,38928713873,287.285,1,25,16777215,2026-06-11 17:50:17,1781171417,0,29fa8545,2131379341303663616,这只能高速用用
BV1dnE46EEEq,116707817494779,小米最新辅助驾驶什么水平？30个考点全面评测能力边界 | Xauto智驾榜,Xauto报告,2026-06-07 16:39:55,39674,305,1,小米最新辅助驾驶什么水平？30个考点全面评测能力边界 | Xauto智驾榜,38928713873,147.117,1,25,16777215,2026-06-13 09:28:34,1781314114,0,469cd50d,2132576372815359232,前面的哪挖出来的，小米没智驾么
BV1dnE46EEEq,116707817494779,小米最新辅助驾驶什么水平？30个考点全面评测能力边界 | Xauto智驾榜,Xauto报告,2026-06-07 16:39:55,39674,305,1,小米最新辅助驾驶什么水平？30个考点全面评测能力边界 | Xauto智驾榜,38928713873,31.029,1,25,16777215,2026-06-15 20:04:34,1781525074,0,11d7b4c4,2134346036528143616,天津的？
BV1dnE46EEEq,116707817494779,小米最新辅助驾驶什么水平？30个考点全面评测能力边界 | Xauto智驾榜,Xauto报告,2026-06-07 16:39:55,39674,305,1,小米最新辅助驾驶什么水平？30个考点全面评测能力边界 | Xauto智驾榜,38928713873,335.187,1,25,16777215,2026-06-29 23:18:12,1782746292,0,f9b83c4c,2144590351829764864,小米被搞怕了
BV1dnE46EEEq,116707817494779,小米最新辅助驾驶什么水平？30个考点全面评测能力边界 | Xauto智驾榜,Xauto报告,2026-06-07 16:39:55,39674,305,1,小米最新辅助驾驶什么水平？30个考点全面评测能力边界 | Xauto智驾榜,38928713873,81.156,1,25,16777215,2026-06-30 12:16:41,1782793001,0,426b5890,2144982175060820992,应该去重庆测试
BV1dnE46EEEq,116707817494779,小米最新辅助驾驶什么水平？30个考点全面评测能力边界 | Xauto智驾榜,Xauto报告,2026-06-07 16:39:55,39674,305,1,小米最新辅助驾驶什么水平？30个考点全面评测能力边界 | Xauto智驾榜,38928713873,163.477,1,25,16777215,2026-07-04 19:18:19,1783163899,0,d9e419cf,2148093496019051264,这里剪了？我su7过etc会急刹
BV1dnE46EEEq,116707817494779,小米最新辅助驾驶什么水平？30个考点全面评测能力边界 | Xauto智驾榜,Xauto报告,2026-06-07 16:39:55,39674,305,1,小米最新辅助驾驶什么水平？30个考点全面评测能力边界 | Xauto智驾榜,38928713873,237.092,1,25,16777215,2026-08-26 22:35:26,1787754926,0,c26e8220,2186605821897954560,不是太怂  人命关天！！肯定要谨慎
BV1dnE46EEEq,116707817494779,小米最新辅助驾驶什么水平？30个考点全面评测能力边界 | Xauto智驾榜,Xauto报告,2026-06-07 16:39:55,39674,305,1,小米最新辅助驾驶什么水平？30个考点全面评测能力边界 | Xauto智驾榜,38928713873,273.692,1,25,16777215,2026-08-30 01:30:31,1788024631,0,d808b581,2188868271846091264,这是单线程吗，必须要停下来才能思考
BV1dnE46EEEq,116707817494779,小米最新辅助驾驶什么水平？30个考点全面评测能力边界 | Xauto智驾榜,Xauto报告,2026-06-07 16:39:55,39674,305,1,小米最新辅助驾驶什么水平？30个考点全面评测能力边界 | Xauto智驾榜,38928713873,645.791,1,25,16777215,2026-06-07 17:13:19,1780823599,0,8e07d2e6,2128461638436419840,哈哈哈
BV1dnE46EEEq,116707817494779,小米最新辅助驾驶什么水平？30个考点全面评测能力边界 | Xauto智驾榜,Xauto报告,2026-06-07 16:39:55,39674,305,1,小米最新辅助驾驶什么水平？30个考点全面评测能力边界 | Xauto智驾榜,38928713873,543.226,1,25,16777215,2026-06-07 17:15:56,1780823756,0,8977e721,2128462949583839232,巨犟，非要保持居中
BV1dnE46EEEq,116707817494779,小米最新辅助驾驶什么水平？30个考点全面评测能力边界 | Xauto智驾榜,Xauto报告,2026-06-07 16:39:55,39674,305,1,小米最新辅助驾驶什么水平？30个考点全面评测能力边界 | Xauto智驾榜,38928713873,654.211,5,25,16777215,2026-06-07 23:36:34,1780846594,0,a82adba7,2128654532455289856,这里给点电门可以鼓励他过去
BV1dnE46EEEq,116707817494779,小米最新辅助驾驶什么水平？30个考点全面评测能力边界 | Xauto智驾榜,Xauto报告,2026-06-07 16:39:55,39674,305,1,小米最新辅助驾驶什么水平？30个考点全面评测能力边界 | Xauto智驾榜,38928713873,435.497,1,25,16777215,2026-06-08 04:16:21,1780863381,0,a63a8d54,2128795348352140544,我觉得好像用不了
BV1dnE46EEEq,116707817494779,小米最新辅助驾驶什么水平？30个考点全面评测能力边界 | Xauto智驾榜,Xauto报告,2026-06-07 16:39:55,39674,305,1,小米最新辅助驾驶什么水平？30个考点全面评测能力边界 | Xauto智驾榜,38928713873,623.201,1,25,16777215,2026-06-08 09:05:56,1780880756,0,cf20bdbc,2128941106724397824,sr的确很飘忽啊
BV1dnE46EEEq,116707817494779,小米最新辅助驾驶什么水平？30个考点全面评测能力边界 | Xauto智驾榜,Xauto报告,2026-06-07 16:39:55,39674,305,1,小米最新辅助驾驶什么水平？30个考点全面评测能力边界 | Xauto智驾榜,38928713873,389.330,1,25,16777215,2026-06-08 09:23:38,1780881818,0,12f4871b,2128950014092412160,龙德广场啊， 这个路口超级堵
BV1dnE46EEEq,116707817494779,小米最新辅助驾驶什么水平？30个考点全面评测能力边界 | Xauto智驾榜,Xauto报告,2026-06-07 16:39:55,39674,305,1,小米最新辅助驾驶什么水平？30个考点全面评测能力边界 | Xauto智驾榜,38928713873,463.149,1,25,16777215,2026-06-08 10:48:28,1780886908,0,199fd2b7,2128992708549795072,看了一会感觉小米的城区用不了
BV1dnE46EEEq,116707817494779,小米最新辅助驾驶什么水平？30个考点全面评测能力边界 | Xauto智驾榜,Xauto报告,2026-06-07 16:39:55,39674,305,1,小米最新辅助驾驶什么水平？30个考点全面评测能力边界 | Xauto智驾榜,38928713873,579.963,1,25,16777215,2026-06-08 10:51:02,1780887062,0,199fd2b7,2128994003423969536,卧槽 这里有点危险
BV1dnE46EEEq,116707817494779,小米最新辅助驾驶什么水平？30个考点全面评测能力边界 | Xauto智驾榜,Xauto报告,2026-06-07 16:39:55,39674,305,1,小米最新辅助驾驶什么水平？30个考点全面评测能力边界 | Xauto智驾榜,38928713873,636.041,1,25,16777215,2026-06-08 11:47:41,1780890461,0,e2ed5928,2129022518785997312,现在很多两轮车也是开车看手机了
BV1dnE46EEEq,116707817494779,小米最新辅助驾驶什么水平？30个考点全面评测能力边界 | Xauto智驾榜,Xauto报告,2026-06-07 16:39:55,39674,305,1,小米最新辅助驾驶什么水平？30个考点全面评测能力边界 | Xauto智驾榜,38928713873,500.925,1,25,16777215,2026-06-08 12:52:04,1780894324,0,a03c19c7,2129054922233564416,车的传感器少，就会有这种急刹
BV1dnE46EEEq,116707817494779,小米最新辅助驾驶什么水平？30个考点全面评测能力边界 | Xauto智驾榜,Xauto报告,2026-06-07 16:39:55,39674,305,1,小米最新辅助驾驶什么水平？30个考点全面评测能力边界 | Xauto智驾榜,38928713873,699.012,1,25,16777215,2026-06-08 12:55:22,1780894522,0,a03c19c7,2129056582775165184,这种辅助驾驶相当于不能用，速度控制不好，窄路应该是低速，慢行，不是老提速
BV1dnE46EEEq,116707817494779,小米最新辅助驾驶什么水平？30个考点全面评测能力边界 | Xauto智驾榜,Xauto报告,2026-06-07 16:39:55,39674,305,1,小米最新辅助驾驶什么水平？30个考点全面评测能力边界 | Xauto智驾榜,38928713873,485.619,1,25,16777215,2026-06-08 14:26:29,1780899989,0,75537d8e,2129102444922833920,程序里边底层代码就没有提前避让的代码，都是到了面前再突然决策
BV1dnE46EEEq,116707817494779,小米最新辅助驾驶什么水平？30个考点全面评测能力边界 | Xauto智驾榜,Xauto报告,2026-06-07 16:39:55,39674,305,1,小米最新辅助驾驶什么水平？30个考点全面评测能力边界 | Xauto智驾榜,38928713873,549.305,1,25,16777215,2026-06-08 14:30:08,1780900208,0,75537d8e,2129104275962912512,这明显就是传感器看到了，但是底层代码没有提前避让逻辑，到了面前突然决策，实际车主不会放心用的，根本不留给车主反应时间
BV1dnE46EEEq,116707817494779,小米最新辅助驾驶什么水平？30个考点全面评测能力边界 | Xauto智驾榜,Xauto报告,2026-06-07 16:39:55,39674,305,1,小米最新辅助驾驶什么水平？30个考点全面评测能力边界 | Xauto智驾榜,38928713873,600.450,1,25,16777215,2026-06-08 16:18:29,1780906709,0,6f652062,2129158811436281088,牛逼
BV1dnE46EEEq,116707817494779,小米最新辅助驾驶什么水平？30个考点全面评测能力边界 | Xauto智驾榜,Xauto报告,2026-06-07 16:39:55,39674,305,1,小米最新辅助驾驶什么水平？30个考点全面评测能力边界 | Xauto智驾榜,38928713873,713.381,1,25,16777215,2026-06-08 16:21:04,1780906864,0,6f652062,2129160117181572864,挺好的，第一梯队
BV1dnE46EEEq,116707817494779,小米最新辅助驾驶什么水平？30个考点全面评测能力边界 | Xauto智驾榜,Xauto报告,2026-06-07 16:39:55,39674,305,1,小米最新辅助驾驶什么水平？30个考点全面评测能力边界 | Xauto智驾榜,38928713873,651.031,1,25,16777215,2026-06-09 12:22:32,1780978952,0,fee64042,2129764828200823552,慌了
BV1dnE46EEEq,116707817494779,小米最新辅助驾驶什么水平？30个考点全面评测能力边界 | Xauto智驾榜,Xauto报告,2026-06-07 16:39:55,39674,305,1,小米最新辅助驾驶什么水平？30个考点全面评测能力边界 | Xauto智驾榜,38928713873,656.383,1,25,16777215,2026-06-09 12:22:38,1780978958,0,fee64042,2129764886006699008,哈哈哈
BV1dnE46EEEq,116707817494779,小米最新辅助驾驶什么水平？30个考点全面评测能力边界 | Xauto智驾榜,Xauto报告,2026-06-07 16:39:55,39674,305,1,小米最新辅助驾驶什么水平？30个考点全面评测能力边界 | Xauto智驾榜,38928713873,481.907,1,25,16777215,2026-06-09 18:25:32,1781000732,0,969d30de,2129947534214064128,保守点好，毕竟小米智驾没出过大事故
BV1dnE46EEEq,116707817494779,小米最新辅助驾驶什么水平？30个考点全面评测能力边界 | Xauto智驾榜,Xauto报告,2026-06-07 16:39:55,39674,305,1,小米最新辅助驾驶什么水平？30个考点全面评测能力边界 | Xauto智驾榜,38928713873,593.107,1,25,16777215,2026-06-14 14:48:38,1781419718,0,ff8488c6,2133462244707972608,人不会来这么快，没啥好头疼的
BV1dnE46EEEq,116707817494779,小米最新辅助驾驶什么水平？30个考点全面评测能力边界 | Xauto智驾榜,Xauto报告,2026-06-07 16:39:55,39674,305,1,小米最新辅助驾驶什么水平？30个考点全面评测能力边界 | Xauto智驾榜,38928713873,605.265,1,25,16777215,2026-06-20 15:15:04,1781939704,0,3d24d5e7,2137824201632614656,人开不会这么高速度
BV1dnE46EEEq,116707817494779,小米最新辅助驾驶什么水平？30个考点全面评测能力边界 | Xauto智驾榜,Xauto报告,2026-06-07 16:39:55,39674,305,1,小米最新辅助驾驶什么水平？30个考点全面评测能力边界 | Xauto智驾榜,38928713873,616.875,1,25,16777215,2026-06-21 22:37:05,1782052625,0,6c498c5b,2138771457307244800,这样已经很不错了。哪怕是fsd你有这能力在这种工况下我都不敢用。
BV1dnE46EEEq,116707817494779,小米最新辅助驾驶什么水平？30个考点全面评测能力边界 | Xauto智驾榜,Xauto报告,2026-06-07 16:39:55,39674,305,1,小米最新辅助驾驶什么水平？30个考点全面评测能力边界 | Xauto智驾榜,38928713873,586.314,1,25,16707842,2026-06-25 16:44:23,1782377063,0,3d54813,2141493033152447488,这不能怪车，你自己害怕有什么办法
BV1dnE46EEEq,116707817494779,小米最新辅助驾驶什么水平？30个考点全面评测能力边界 | Xauto智驾榜,Xauto报告,2026-06-07 16:39:55,39674,305,1,小米最新辅助驾驶什么水平？30个考点全面评测能力边界 | Xauto智驾榜,38928713873,492.490,1,25,16777215,2026-06-25 21:56:46,1782395806,0,d9c0b971,2141650261813465344,如果城区都是这种道路，那我是不会用的
BV1dnE46EEEq,116707817494779,小米最新辅助驾驶什么水平？30个考点全面评测能力边界 | Xauto智驾榜,Xauto报告,2026-06-07 16:39:55,39674,305,1,小米最新辅助驾驶什么水平？30个考点全面评测能力边界 | Xauto智驾榜,38928713873,376.146,1,25,16777215,2026-06-27 22:48:13,1782571693,0,8332738e,2143125714168608000,好熟悉的路口！好熟悉的门牌！我明明没来过这儿
BV1dnE46EEEq,116707817494779,小米最新辅助驾驶什么水平？30个考点全面评测能力边界 | Xauto智驾榜,Xauto报告,2026-06-07 16:39:55,39674,305,1,小米最新辅助驾驶什么水平？30个考点全面评测能力边界 | Xauto智驾榜,38928713873,583.299,1,25,16777215,2026-06-30 13:52:28,1782798748,0,2ce441a0,2145030389583444480,驾驶员害怕了 实际上这种地方自己都害怕就不可能去用辅助驾驶了
BV1dnE46EEEq,116707817494779,小米最新辅助驾驶什么水平？30个考点全面评测能力边界 | Xauto智驾榜,Xauto报告,2026-06-07 16:39:55,39674,305,1,小米最新辅助驾驶什么水平？30个考点全面评测能力边界 | Xauto智驾榜,38928713873,598.169,1,25,16777215,2026-08-22 10:23:02,1787365382,0,3f2dc05b,2183338086401355520,弹幕去看看最新的问界M9是怎么过这里的吧
BV1dnE46EEEq,116707817494779,小米最新辅助驾驶什么水平？30个考点全面评测能力边界 | Xauto智驾榜,Xauto报告,2026-06-07 16:39:55,39674,305,1,小米最新辅助驾驶什么水平？30个考点全面评测能力边界 | Xauto智驾榜,38928713873,399.303,1,25,16777215,2026-09-08 00:16:13,1788797773,0,ca095243,2195353854412443136,不敢博弈
BV1dnE46EEEq,116707817494779,小米最新辅助驾驶什么水平？30个考点全面评测能力边界 | Xauto智驾榜,Xauto报告,2026-06-07 16:39:55,39674,305,1,小米最新辅助驾驶什么水平？30个考点全面评测能力边界 | Xauto智驾榜,38928713873,830.188,1,25,16777215,2026-06-07 23:06:41,1780844801,0,f67c35c4,2128639494516887552,人和两轮车的在的时候，根本不敢用
BV1dnE46EEEq,116707817494779,小米最新辅助驾驶什么水平？30个考点全面评测能力边界 | Xauto智驾榜,Xauto报告,2026-06-07 16:39:55,39674,305,1,小米最新辅助驾驶什么水平？30个考点全面评测能力边界 | Xauto智驾榜,38928713873,872.161,1,25,16777215,2026-06-08 07:15:13,1780874113,0,c7af6105,2128885382643808000,交通规则要求，要走最右侧然后再变道到其他车道
BV1dnE46EEEq,116707817494779,小米最新辅助驾驶什么水平？30个考点全面评测能力边界 | Xauto智驾榜,Xauto报告,2026-06-07 16:39:55,39674,305,1,小米最新辅助驾驶什么水平？30个考点全面评测能力边界 | Xauto智驾榜,38928713873,834.694,1,25,16777215,2026-06-08 09:35:14,1780882514,0,12f4871b,2128955851665875712,喜欢吃烧烤的，推荐去这里的小骆驼吃，很正宗的西安烤串。
BV1dnE46EEEq,116707817494779,小米最新辅助驾驶什么水平？30个考点全面评测能力边界 | Xauto智驾榜,Xauto报告,2026-06-07 16:39:55,39674,305,1,小米最新辅助驾驶什么水平？30个考点全面评测能力边界 | Xauto智驾榜,38928713873,1040.427,1,25,16777215,2026-06-08 17:56:12,1780912572,0,92ad4e55,2129207993072618752,这不在让电动车吗
BV1dnE46EEEq,116707817494779,小米最新辅助驾驶什么水平？30个考点全面评测能力边界 | Xauto智驾榜,Xauto报告,2026-06-07 16:39:55,39674,305,1,小米最新辅助驾驶什么水平？30个考点全面评测能力边界 | Xauto智驾榜,38928713873,825.690,1,25,16777215,2026-06-30 13:58:28,1782799108,0,2ce441a0,2145033409323099904,哪家你敢放手一搏？
BV1dnE46EEEq,116707817494779,小米最新辅助驾驶什么水平？30个考点全面评测能力边界 | Xauto智驾榜,Xauto报告,2026-06-07 16:39:55,39674,305,1,小米最新辅助驾驶什么水平？30个考点全面评测能力边界 | Xauto智驾榜,38928713873,916.943,1,25,16777215,2026-06-30 13:59:55,1782799195,0,2ce441a0,2145034137605186304,小米确实有乱并线的问题 有的并线确实无意义
BV1dnE46EEEq,116707817494779,小米最新辅助驾驶什么水平？30个考点全面评测能力边界 | Xauto智驾榜,Xauto报告,2026-06-07 16:39:55,39674,305,1,小米最新辅助驾驶什么水平？30个考点全面评测能力边界 | Xauto智驾榜,38928713873,875.254,1,25,16777215,2026-07-16 19:51:00,1784202660,0,fa964fb4,2156807254148472320,你说反了，他这是先在左侧车道，然后变到右侧车道的
BV1dnE46EEEq,116707817494779,小米最新辅助驾驶什么水平？30个考点全面评测能力边界 | Xauto智驾榜,Xauto报告,2026-06-07 16:39:55,39674,305,1,小米最新辅助驾驶什么水平？30个考点全面评测能力边界 | Xauto智驾榜,38928713873,1074.257,1,25,16777215,2026-07-31 22:28:40,1785508120,0,ca4356ac,2167758243848443136,西直门了
BV1dnE46EEEq,116707817494779,小米最新辅助驾驶什么水平？30个考点全面评测能力边界 | Xauto智驾榜,Xauto报告,2026-06-07 16:39:55,39674,305,1,小米最新辅助驾驶什么水平？30个考点全面评测能力边界 | Xauto智驾榜,38928713873,736.366,1,25,16777215,2026-08-24 22:14:53,1787580893,0,94f0b2b4,2185145928036659968,没有第二梯队了是吧
BV1dnE46EEEq,116707817494779,小米最新辅助驾驶什么水平？30个考点全面评测能力边界 | Xauto智驾榜,Xauto报告,2026-06-07 16:39:55,39674,305,1,小米最新辅助驾驶什么水平？30个考点全面评测能力边界 | Xauto智驾榜,38928713873,1282.893,1,25,16777215,2026-06-08 09:56:19,1780883779,0,ddde5840,2128966466166026240,并道一半的时候一看不对再回原车道不需要打灯，人开也经常这样，城区路段
BV1dnE46EEEq,116707817494779,小米最新辅助驾驶什么水平？30个考点全面评测能力边界 | Xauto智驾榜,Xauto报告,2026-06-07 16:39:55,39674,305,1,小米最新辅助驾驶什么水平？30个考点全面评测能力边界 | Xauto智驾榜,38928713873,1366.122,1,25,16777215,2026-06-09 12:36:03,1780979763,0,fee64042,2129771638064080896,压线了
BV1dnE46EEEq,116707817494779,小米最新辅助驾驶什么水平？30个考点全面评测能力边界 | Xauto智驾榜,Xauto报告,2026-06-07 16:39:55,39674,305,1,小米最新辅助驾驶什么水平？30个考点全面评测能力边界 | Xauto智驾榜,38928713873,1402.924,1,25,16777215,2026-06-09 23:19:36,1781018376,0,4581b5ca,2130095546512427008,向右借点空间吗
BV1dnE46EEEq,116707817494779,小米最新辅助驾驶什么水平？30个考点全面评测能力边界 | Xauto智驾榜,Xauto报告,2026-06-07 16:39:55,39674,305,1,小米最新辅助驾驶什么水平？30个考点全面评测能力边界 | Xauto智驾榜,38928713873,1132.607,5,25,15138834,2026-06-13 10:39:26,1781318366,0,9f7a67ad,2132612040538542080,这里居然没有跟着非机动车道走?！
BV1dnE46EEEq,116707817494779,小米最新辅助驾驶什么水平？30个考点全面评测能力边界 | Xauto智驾榜,Xauto报告,2026-06-07 16:39:55,39674,305,1,小米最新辅助驾驶什么水平？30个考点全面评测能力边界 | Xauto智驾榜,38928713873,1390.833,1,25,16777215,2026-06-27 17:22:42,1782552162,0,773be567,2142961871861679104,开小米注意屏上引导线，乱跳，特别注意
BV1dnE46EEEq,116707817494779,小米最新辅助驾驶什么水平？30个考点全面评测能力边界 | Xauto智驾榜,Xauto报告,2026-06-07 16:39:55,39674,305,1,小米最新辅助驾驶什么水平？30个考点全面评测能力边界 | Xauto智驾榜,38928713873,1093.344,1,25,16777215,2026-07-20 15:17:45,1784531865,0,19ef2e20,2159568827640658432,驾驶员的谨慎度太高了
BV1dnE46EEEq,116707817494779,小米最新辅助驾驶什么水平？30个考点全面评测能力边界 | Xauto智驾榜,Xauto报告,2026-06-07 16:39:55,39674,305,1,小米最新辅助驾驶什么水平？30个考点全面评测能力边界 | Xauto智驾榜,38928713873,1189.842,1,25,16777215,2026-07-20 15:19:35,1784531975,0,19ef2e20,2159569746629144320,跟车距离设置是不是太远了？
BV1dnE46EEEq,116707817494779,小米最新辅助驾驶什么水平？30个考点全面评测能力边界 | Xauto智驾榜,Xauto报告,2026-06-07 16:39:55,39674,305,1,小米最新辅助驾驶什么水平？30个考点全面评测能力边界 | Xauto智驾榜,38928713873,1733.880,1,25,16777215,2026-06-07 17:32:54,1780824774,0,17475409,2128471493003878912,？？？
BV1dnE46EEEq,116707817494779,小米最新辅助驾驶什么水平？30个考点全面评测能力边界 | Xauto智驾榜,Xauto报告,2026-06-07 16:39:55,39674,305,1,小米最新辅助驾驶什么水平？30个考点全面评测能力边界 | Xauto智驾榜,38928713873,1446.987,1,25,16777215,2026-06-11 11:47:01,1781149621,0,22e8cbc1,2131196507448632320,这不是等对面车过去吗？这个接管什么？
BV1dnE46EEEq,116707817494779,小米最新辅助驾驶什么水平？30个考点全面评测能力边界 | Xauto智驾榜,Xauto报告,2026-06-07 16:39:55,39674,305,1,小米最新辅助驾驶什么水平？30个考点全面评测能力边界 | Xauto智驾榜,38928713873,1618.866,1,25,16777215,2026-06-29 23:35:35,1782747335,0,f9b83c4c,2144599105099083520,还要多优化
BV1dnE46EEEq,116707817494779,小米最新辅助驾驶什么水平？30个考点全面评测能力边界 | Xauto智驾榜,Xauto报告,2026-06-07 16:39:55,39674,305,1,小米最新辅助驾驶什么水平？30个考点全面评测能力边界 | Xauto智驾榜,38928713873,1454.281,1,25,16777215,2026-07-02 23:26:51,1783006011,0,29fa15b,2146769039153074688,不是，他刹停以后不会再走的
BV1dnE46EEEq,116707817494779,小米最新辅助驾驶什么水平？30个考点全面评测能力边界 | Xauto智驾榜,Xauto报告,2026-06-07 16:39:55,39674,305,1,小米最新辅助驾驶什么水平？30个考点全面评测能力边界 | Xauto智驾榜,38928713873,1605.073,1,25,16777215,2026-08-22 10:40:12,1787366412,0,3f2dc05b,2183346730199408896,真勇
BV1dnE46EEEq,116707817494779,小米最新辅助驾驶什么水平？30个考点全面评测能力边界 | Xauto智驾榜,Xauto报告,2026-06-07 16:39:55,39674,305,1,小米最新辅助驾驶什么水平？30个考点全面评测能力边界 | Xauto智驾榜,38928713873,1823.452,1,25,16777215,2026-06-09 13:16:39,1780982199,0,fee64042,2129792070549207552,哈哈 高估了 我猜的70-80
BV1dnE46EEEq,116707817494779,小米最新辅助驾驶什么水平？30个考点全面评测能力边界 | Xauto智驾榜,Xauto报告,2026-06-07 16:39:55,39674,305,1,小米最新辅助驾驶什么水平？30个考点全面评测能力边界 | Xauto智驾榜,38928713873,1915.765,1,25,16777215,2026-06-14 22:31:09,1781447469,0,728f3237,2133695037631375104,好尴尬
BV1dnE46EEEq,116707817494779,小米最新辅助驾驶什么水平？30个考点全面评测能力边界 | Xauto智驾榜,Xauto报告,2026-06-07 16:39:55,39674,305,1,小米最新辅助驾驶什么水平？30个考点全面评测能力边界 | Xauto智驾榜,38928713873,1846.503,1,25,16777215,2026-06-23 13:40:45,1782193245,0,bb49243c,2139951063204939776,说句实话，全靠智驾在现阶段还并不完美，所以，在had开启的基础上，我会根据我的驾驶习惯提前用拨杆变道来让智驾更加人性化一点。但始终需要牢记的是，现阶段驾驶员始终是第一责任人。
BV1dnE46EEEq,116707817494779,小米最新辅助驾驶什么水平？30个考点全面评测能力边界 | Xauto智驾榜,Xauto报告,2026-06-07 16:39:55,39674,305,1,小米最新辅助驾驶什么水平？30个考点全面评测能力边界 | Xauto智驾榜,38928713873,1834.677,1,25,16777215,2026-07-12 22:15:22,1783865722,0,b6b3cf1f,2153980817054527232,和我试驾感觉差不多。小米有点吓人，刹车的时候处理的不是很好
BV1dnE46EEEq,116707817494779,小米最新辅助驾驶什么水平？30个考点全面评测能力边界 | Xauto智驾榜,Xauto报告,2026-06-07 16:39:55,39674,305,1,小米最新辅助驾驶什么水平？30个考点全面评测能力边界 | Xauto智驾榜,38928713873,1927.231,1,25,16777215,2026-08-24 00:42:20,1787503340,0,1524fc6,2184495366329017600,老早就第一梯队了好吧
BV1dnE46EEEq,116707817494779,小米最新辅助驾驶什么水平？30个考点全面评测能力边界 | Xauto智驾榜,Xauto报告,2026-06-07 16:39:55,39674,305,1,小米最新辅助驾驶什么水平？30个考点全面评测能力边界 | Xauto智驾榜,38928713873,1917.417,1,25,16777215,2026-09-06 14:32:26,1788676346,0,1d678164,2194335253685252608,尴尬啥，人家的确没吹
BV1Vp9KBgEK4,116339742081697,试过一次就放弃了！新一代小米su7智驾就这水平？,千条叔Carlife,2026-04-03 16:18:55,51596,314,1,试过一次就放弃了！新一代小米su7智驾就这水平？,37203348225,67.592,1,25,16777215,2026-04-05 10:38:13,1775356693,0,5ed907bd,2082601902574741504,学了新手的驾驶过程不是炸缸了
BV1Vp9KBgEK4,116339742081697,试过一次就放弃了！新一代小米su7智驾就这水平？,千条叔Carlife,2026-04-03 16:18:55,51596,314,1,试过一次就放弃了！新一代小米su7智驾就这水平？,37203348225,87.857,1,25,16777215,2026-04-10 01:25:18,1775755518,0,55022c6,2085947494797767680,MG敞篷
BV1Vp9KBgEK4,116339742081697,试过一次就放弃了！新一代小米su7智驾就这水平？,千条叔Carlife,2026-04-03 16:18:55,51596,314,1,试过一次就放弃了！新一代小米su7智驾就这水平？,37203348225,39.479,1,25,16777215,2026-04-11 12:34:22,1775882062,0,a9ff4155,2087009023110453504,确实难绷
BV1Vp9KBgEK4,116339742081697,试过一次就放弃了！新一代小米su7智驾就这水平？,千条叔Carlife,2026-04-03 16:18:55,51596,314,1,试过一次就放弃了！新一代小米su7智驾就这水平？,37203348225,308.860,1,25,16777215,2026-04-12 19:24:21,1775993061,0,d8fa0825,2087940150780324608,超出我的YU7
BV1Vp9KBgEK4,116339742081697,试过一次就放弃了！新一代小米su7智驾就这水平？,千条叔Carlife,2026-04-03 16:18:55,51596,314,1,试过一次就放弃了！新一代小米su7智驾就这水平？,37203348225,19.825,1,25,16777215,2026-04-22 15:18:38,1776842318,0,255af5ee,2095064230876260352,压秒过绿灯对智驾来说不太好，因为这种时候容易出现复杂路况的
BV1Vp9KBgEK4,116339742081697,试过一次就放弃了！新一代小米su7智驾就这水平？,千条叔Carlife,2026-04-03 16:18:55,51596,314,1,试过一次就放弃了！新一代小米su7智驾就这水平？,37203348225,13.180,1,25,16777215,2026-06-14 18:20:03,1781432403,0,d1427f89,2133568657950462208,哎，
BV1Vp9KBgEK4,116339742081697,试过一次就放弃了！新一代小米su7智驾就这水平？,千条叔Carlife,2026-04-03 16:18:55,51596,314,1,试过一次就放弃了！新一代小米su7智驾就这水平？,37203348225,240.209,1,25,16777215,2026-07-21 16:05:23,1784621123,0,f2ca216b,2160317573643307776,够用了
BV1Vp9KBgEK4,116339742081697,试过一次就放弃了！新一代小米su7智驾就这水平？,千条叔Carlife,2026-04-03 16:18:55,51596,314,1,试过一次就放弃了！新一代小米su7智驾就这水平？,37203348225,681.565,1,25,16777215,2026-04-03 17:50:48,1775209848,0,f172f810,2081370080007951360,你把sr界面调出来就知道了
BV1Vp9KBgEK4,116339742081697,试过一次就放弃了！新一代小米su7智驾就这水平？,千条叔Carlife,2026-04-03 16:18:55,51596,314,1,试过一次就放弃了！新一代小米su7智驾就这水平？,37203348225,627.416,1,25,16777215,2026-04-04 02:55:01,1775242501,0,59884ff7,2081643990037671936,进步了，至少不会无效胡乱变道再变回来
BV1Vp9KBgEK4,116339742081697,试过一次就放弃了！新一代小米su7智驾就这水平？,千条叔Carlife,2026-04-03 16:18:55,51596,314,1,试过一次就放弃了！新一代小米su7智驾就这水平？,37203348225,645.540,1,25,16777215,2026-04-05 16:51:04,1775379064,0,524e2c28,2082789569392271872,说不定它是想跟着前车学呢？
BV1Vp9KBgEK4,116339742081697,试过一次就放弃了！新一代小米su7智驾就这水平？,千条叔Carlife,2026-04-03 16:18:55,51596,314,1,试过一次就放弃了！新一代小米su7智驾就这水平？,37203348225,700.396,1,25,16777215,2026-04-06 10:39:20,1775443160,0,81fb13b2,2083327243479733248,管后面车干嘛，一直滴也不用理的
BV1Vp9KBgEK4,116339742081697,试过一次就放弃了！新一代小米su7智驾就这水平？,千条叔Carlife,2026-04-03 16:18:55,51596,314,1,试过一次就放弃了！新一代小米su7智驾就这水平？,37203348225,448.290,1,25,16777215,2026-04-06 20:19:29,1775477969,0,48ddc9f0,2083619239667381248,这是保守派智能7驾驶
BV1Vp9KBgEK4,116339742081697,试过一次就放弃了！新一代小米su7智驾就这水平？,千条叔Carlife,2026-04-03 16:18:55,51596,314,1,试过一次就放弃了！新一代小米su7智驾就这水平？,37203348225,574.553,1,25,16777215,2026-04-06 22:09:30,1775484570,0,5662fa89,2083674613162079488,感觉还行吧 本来就是辅助驾驶
BV1Vp9KBgEK4,116339742081697,试过一次就放弃了！新一代小米su7智驾就这水平？,千条叔Carlife,2026-04-03 16:18:55,51596,314,1,试过一次就放弃了！新一代小米su7智驾就这水平？,37203348225,403.602,1,25,16777215,2026-04-07 15:53:42,1775548422,0,1fafce21,2084210240362656000,为什么剪辑了？
BV1Vp9KBgEK4,116339742081697,试过一次就放弃了！新一代小米su7智驾就这水平？,千条叔Carlife,2026-04-03 16:18:55,51596,314,1,试过一次就放弃了！新一代小米su7智驾就这水平？,37203348225,632.748,1,25,16777215,2026-04-08 01:57:32,1775584652,0,173984e,2084514162062515200,作为辅助驾驶，原本就该偏保守，是为了应对一些分心的状况
BV1Vp9KBgEK4,116339742081697,试过一次就放弃了！新一代小米su7智驾就这水平？,千条叔Carlife,2026-04-03 16:18:55,51596,314,1,试过一次就放弃了！新一代小米su7智驾就这水平？,37203348225,447.307,1,25,16777215,2026-04-08 12:17:57,1775621877,0,d2e30160,2084826431343041792,就叫辅助驾驶就行，为啥要说智能驾驶
BV1Vp9KBgEK4,116339742081697,试过一次就放弃了！新一代小米su7智驾就这水平？,千条叔Carlife,2026-04-03 16:18:55,51596,314,1,试过一次就放弃了！新一代小米su7智驾就这水平？,37203348225,567.234,1,25,16777215,2026-04-08 12:20:29,1775622029,0,d2e30160,2084827708793760768,你就跟副驾打牌，他给你送到就行了
BV1Vp9KBgEK4,116339742081697,试过一次就放弃了！新一代小米su7智驾就这水平？,千条叔Carlife,2026-04-03 16:18:55,51596,314,1,试过一次就放弃了！新一代小米su7智驾就这水平？,37203348225,559.000,1,25,16777215,2026-04-09 01:23:56,1775669036,0,1da23bc7,2085222024087271936,不是，这路况还复杂啊？是L2还远远不能满足城市通行需求
BV1Vp9KBgEK4,116339742081697,试过一次就放弃了！新一代小米su7智驾就这水平？,千条叔Carlife,2026-04-03 16:18:55,51596,314,1,试过一次就放弃了！新一代小米su7智驾就这水平？,37203348225,461.550,1,25,16777215,2026-04-09 12:02:26,1775707346,0,bff9a7ef,2085543396491725056,保守是对的，你看之前实际测试，大多数因为激进而翻车的智驾实在太多了
BV1Vp9KBgEK4,116339742081697,试过一次就放弃了！新一代小米su7智驾就这水平？,千条叔Carlife,2026-04-03 16:18:55,51596,314,1,试过一次就放弃了！新一代小米su7智驾就这水平？,37203348225,542.136,1,25,16777215,2026-04-10 09:56:16,1775786176,0,fac869b7,2086204666416574208,那限速35的路，就走35以下，不是车的问题
BV1Vp9KBgEK4,116339742081697,试过一次就放弃了！新一代小米su7智驾就这水平？,千条叔Carlife,2026-04-03 16:18:55,51596,314,1,试过一次就放弃了！新一代小米su7智驾就这水平？,37203348225,688.801,1,25,16777215,2026-05-05 02:32:13,1777919533,0,702d5d05,2104100561376538112,货车挡住了吧，识别不到
BV1Vp9KBgEK4,116339742081697,试过一次就放弃了！新一代小米su7智驾就这水平？,千条叔Carlife,2026-04-03 16:18:55,51596,314,1,试过一次就放弃了！新一代小米su7智驾就这水平？,37203348225,506.646,1,25,16777215,2026-05-10 13:11:06,1778389866,0,282ece28,2108046008042132224,为什么不把那个界面放出来
BV1Vp9KBgEK4,116339742081697,试过一次就放弃了！新一代小米su7智驾就这水平？,千条叔Carlife,2026-04-03 16:18:55,51596,314,1,试过一次就放弃了！新一代小米su7智驾就这水平？,37203348225,552.964,1,25,16777215,2026-05-19 21:47:18,1779198438,0,d9c3bcc4,2114828795600267264,可没可能说的不是限速问题
BV1Vp9KBgEK4,116339742081697,试过一次就放弃了！新一代小米su7智驾就这水平？,千条叔Carlife,2026-04-03 16:18:55,51596,314,1,试过一次就放弃了！新一代小米su7智驾就这水平？,37203348225,493.453,1,25,16777215,2026-09-25 20:18:31,1790338711,0,89d8f663,2208280179792074752,我作为一个新手司机，这个情况我也是会跟车，而不是超过去
BV1Vp9KBgEK4,116339742081697,试过一次就放弃了！新一代小米su7智驾就这水平？,千条叔Carlife,2026-04-03 16:18:55,51596,314,1,试过一次就放弃了！新一代小米su7智驾就这水平？,37203348225,890.309,1,25,16777215,2026-04-04 01:13:05,1775236385,0,9b4e68f9,2081592687970097408,神了
BV1Vp9KBgEK4,116339742081697,试过一次就放弃了！新一代小米su7智驾就这水平？,千条叔Carlife,2026-04-03 16:18:55,51596,314,1,试过一次就放弃了！新一代小米su7智驾就这水平？,37203348225,742.642,1,25,16777215,2026-04-04 17:30:05,1775295005,0,5d7cd0a4,2082084427165027584,我觉得智驾最需要的场景是高速，开的时间长了偶尔开几分钟放松一下的，市区里面还是太危险
BV1Vp9KBgEK4,116339742081697,试过一次就放弃了！新一代小米su7智驾就这水平？,千条叔Carlife,2026-04-03 16:18:55,51596,314,1,试过一次就放弃了！新一代小米su7智驾就这水平？,37203348225,801.444,1,25,16777215,2026-04-04 18:48:42,1775299722,0,e1149922,2082124001396067584,为了安全啊，他这估计是为了防止突发情况反应不过来给自己留的不让你出事吧
BV1Vp9KBgEK4,116339742081697,试过一次就放弃了！新一代小米su7智驾就这水平？,千条叔Carlife,2026-04-03 16:18:55,51596,314,1,试过一次就放弃了！新一代小米su7智驾就这水平？,37203348225,787.088,1,25,16777215,2026-04-04 20:02:10,1775304130,0,c0bdbbe2,2082160977264839424,智驾考虑的是安全，高速带来的刹车距离变长是事实，低速有效降低风险
BV1Vp9KBgEK4,116339742081697,试过一次就放弃了！新一代小米su7智驾就这水平？,千条叔Carlife,2026-04-03 16:18:55,51596,314,1,试过一次就放弃了！新一代小米su7智驾就这水平？,37203348225,849.529,1,25,16777215,2026-04-04 23:53:53,1775318033,0,d034d957,2082277599836510464,着急肯定自己开。用辅助驾驶肯定是想在开车的时候做别的事。
BV1Vp9KBgEK4,116339742081697,试过一次就放弃了！新一代小米su7智驾就这水平？,千条叔Carlife,2026-04-03 16:18:55,51596,314,1,试过一次就放弃了！新一代小米su7智驾就这水平？,37203348225,898.389,1,25,16777215,2026-04-05 18:37:33,1775385453,0,9f44690f,2082843162514757376,人这不是在试车嘛
BV1Vp9KBgEK4,116339742081697,试过一次就放弃了！新一代小米su7智驾就这水平？,千条叔Carlife,2026-04-03 16:18:55,51596,314,1,试过一次就放弃了！新一代小米su7智驾就这水平？,37203348225,1021.598,1,25,16777215,2026-04-06 10:37:16,1775443036,0,8c8f8ea,2083326199073153024,哈哈哈哈，很急
BV1Vp9KBgEK4,116339742081697,试过一次就放弃了！新一代小米su7智驾就这水平？,千条叔Carlife,2026-04-03 16:18:55,51596,314,1,试过一次就放弃了！新一代小米su7智驾就这水平？,37203348225,851.766,1,25,16777215,2026-04-06 14:23:36,1775456616,0,4a8ec950,2083440123123135488,哪个赶时间的会开智驾呢
BV1Vp9KBgEK4,116339742081697,试过一次就放弃了！新一代小米su7智驾就这水平？,千条叔Carlife,2026-04-03 16:18:55,51596,314,1,试过一次就放弃了！新一代小米su7智驾就这水平？,37203348225,836.573,1,25,16777215,2026-04-06 21:58:34,1775483914,0,25b18954,2083669114068774400,除了抢黄灯和待转区 其实还可以
BV1Vp9KBgEK4,116339742081697,试过一次就放弃了！新一代小米su7智驾就这水平？,千条叔Carlife,2026-04-03 16:18:55,51596,314,1,试过一次就放弃了！新一代小米su7智驾就这水平？,37203348225,876.263,1,25,16777215,2026-04-06 22:11:27,1775484687,0,5662fa89,2083675596776765952,51的速度还不行？？...
BV1Vp9KBgEK4,116339742081697,试过一次就放弃了！新一代小米su7智驾就这水平？,千条叔Carlife,2026-04-03 16:18:55,51596,314,1,试过一次就放弃了！新一代小米su7智驾就这水平？,37203348225,1031.181,1,25,16777215,2026-04-06 22:56:55,1775487415,0,579b0b35,2083698482728471040,实线，来不及转
BV1Vp9KBgEK4,116339742081697,试过一次就放弃了！新一代小米su7智驾就这水平？,千条叔Carlife,2026-04-03 16:18:55,51596,314,1,试过一次就放弃了！新一代小米su7智驾就这水平？,37203348225,1015.987,1,25,16777215,2026-04-07 19:19:54,1775560794,0,d881894b,2084314027408119040,右转进的车道不对
BV1Vp9KBgEK4,116339742081697,试过一次就放弃了！新一代小米su7智驾就这水平？,千条叔Carlife,2026-04-03 16:18:55,51596,314,1,试过一次就放弃了！新一代小米su7智驾就这水平？,37203348225,890.943,1,25,16777215,2026-04-08 01:17:58,1775582278,0,ad937732,2084494247524502016,哈哈哈哈哈哈哈
BV1Vp9KBgEK4,116339742081697,试过一次就放弃了！新一代小米su7智驾就这水平？,千条叔Carlife,2026-04-03 16:18:55,51596,314,1,试过一次就放弃了！新一代小米su7智驾就这水平？,37203348225,843.375,5,25,16777215,2026-04-08 02:36:14,1775586974,0,b4bf2eba,2084533643590323456,后面版本可以根据车主的习惯来调智驾的激进程度
BV1Vp9KBgEK4,116339742081697,试过一次就放弃了！新一代小米su7智驾就这水平？,千条叔Carlife,2026-04-03 16:18:55,51596,314,1,试过一次就放弃了！新一代小米su7智驾就这水平？,37203348225,781.426,1,25,16777215,2026-04-09 12:16:53,1775708213,0,bff9a7ef,2085550669112761856,这个距离就对了，如果刚好特斯拉出来就容易发生事故
BV1Vp9KBgEK4,116339742081697,试过一次就放弃了！新一代小米su7智驾就这水平？,千条叔Carlife,2026-04-03 16:18:55,51596,314,1,试过一次就放弃了！新一代小米su7智驾就这水平？,37203348225,829.663,1,25,16777215,2026-04-09 12:17:39,1775708259,0,bff9a7ef,2085551051104703744,老司机纯粹无视安全风险罢了，智驾就是要求稳才是正途
BV1Vp9KBgEK4,116339742081697,试过一次就放弃了！新一代小米su7智驾就这水平？,千条叔Carlife,2026-04-03 16:18:55,51596,314,1,试过一次就放弃了！新一代小米su7智驾就这水平？,37203348225,798.399,1,25,16777215,2026-04-10 22:59:45,1775833185,0,ec1e21b7,2086599008226941952,要效率开什么智驾？智驾要做的是安全省心，主播别乱带节奏
BV1Vp9KBgEK4,116339742081697,试过一次就放弃了！新一代小米su7智驾就这水平？,千条叔Carlife,2026-04-03 16:18:55,51596,314,1,试过一次就放弃了！新一代小米su7智驾就这水平？,37203348225,830.855,1,25,16777215,2026-04-11 11:10:49,1775877049,0,930ec009,2086966969315538176,虽然我跟博主开车一个脾气，但是我真觉得这里智驾开的没问题
BV1Vp9KBgEK4,116339742081697,试过一次就放弃了！新一代小米su7智驾就这水平？,千条叔Carlife,2026-04-03 16:18:55,51596,314,1,试过一次就放弃了！新一代小米su7智驾就这水平？,37203348225,843.223,1,25,16777215,2026-04-12 12:48:53,1775969333,0,7a2d68ce,2087741099397155072,随机应变啊，人直行车明显让速完全就可以走了
BV1Vp9KBgEK4,116339742081697,试过一次就放弃了！新一代小米su7智驾就这水平？,千条叔Carlife,2026-04-03 16:18:55,51596,314,1,试过一次就放弃了！新一代小米su7智驾就这水平？,37203348225,883.130,1,25,16777215,2026-04-12 12:49:51,1775969391,0,7a2d68ce,2087741589098790400,这里怎么又不安全了
BV1Vp9KBgEK4,116339742081697,试过一次就放弃了！新一代小米su7智驾就这水平？,千条叔Carlife,2026-04-03 16:18:55,51596,314,1,试过一次就放弃了！新一代小米su7智驾就这水平？,37203348225,977.545,1,25,16777215,2026-04-12 12:51:54,1775969514,0,7a2d68ce,2087742622248190208,拟人化行驶，开错道也是可以理解的哈哈
BV1Vp9KBgEK4,116339742081697,试过一次就放弃了！新一代小米su7智驾就这水平？,千条叔Carlife,2026-04-03 16:18:55,51596,314,1,试过一次就放弃了！新一代小米su7智驾就这水平？,37203348225,756.561,1,25,16777215,2026-04-12 16:23:03,1775982183,0,af4cfffa,2087848894494323968,斑马线要观察啊
BV1Vp9KBgEK4,116339742081697,试过一次就放弃了！新一代小米su7智驾就这水平？,千条叔Carlife,2026-04-03 16:18:55,51596,314,1,试过一次就放弃了！新一代小米su7智驾就这水平？,37203348225,917.337,1,25,16777215,2026-04-12 19:36:00,1775993760,0,d8fa0825,2087946006515414016,这是导航的问题，我自己驾驶也碰到过类似情况。现实和显示不在一个车道上
BV1Vp9KBgEK4,116339742081697,试过一次就放弃了！新一代小米su7智驾就这水平？,千条叔Carlife,2026-04-03 16:18:55,51596,314,1,试过一次就放弃了！新一代小米su7智驾就这水平？,37203348225,731.090,1,25,16777215,2026-04-12 23:14:12,1776006852,0,47a976af,2088055831043671296,这个倒很老司机
BV1Vp9KBgEK4,116339742081697,试过一次就放弃了！新一代小米su7智驾就这水平？,千条叔Carlife,2026-04-03 16:18:55,51596,314,1,试过一次就放弃了！新一代小米su7智驾就这水平？,37203348225,1035.501,1,25,16777215,2026-04-12 23:18:10,1776007090,0,47a976af,2088057832255012096,这个确实太恐怖了
BV1Vp9KBgEK4,116339742081697,试过一次就放弃了！新一代小米su7智驾就这水平？,千条叔Carlife,2026-04-03 16:18:55,51596,314,1,试过一次就放弃了！新一代小米su7智驾就这水平？,37203348225,870.656,1,25,16777215,2026-04-14 07:07:58,1776121678,0,6c87b789,2089019063761875968,安全肯定是首要的，效率是其次
BV1Vp9KBgEK4,116339742081697,试过一次就放弃了！新一代小米su7智驾就这水平？,千条叔Carlife,2026-04-03 16:18:55,51596,314,1,试过一次就放弃了！新一代小米su7智驾就这水平？,37203348225,885.216,1,25,16777215,2026-04-22 15:38:39,1776843519,0,255af5ee,2095074305032800768,确实，靠右开路过斑马线就该慢，保不齐有鬼探头冲出来
BV1Vp9KBgEK4,116339742081697,试过一次就放弃了！新一代小米su7智驾就这水平？,千条叔Carlife,2026-04-03 16:18:55,51596,314,1,试过一次就放弃了！新一代小米su7智驾就这水平？,37203348225,739.405,1,25,16777215,2026-04-23 16:26:52,1776932812,0,59da0832,2095823348956701440,我买的领克车智驾就是这样闯的红灯。。而且停了一秒他自己又启动过去了。
BV1Vp9KBgEK4,116339742081697,试过一次就放弃了！新一代小米su7智驾就这水平？,千条叔Carlife,2026-04-03 16:18:55,51596,314,1,试过一次就放弃了！新一代小米su7智驾就这水平？,37203348225,823.238,1,25,16777215,2026-04-29 01:50:57,1777398657,0,11e8bdf8,2099731140067049984,像极了我练科目三大路，怂的一逼
BV1Vp9KBgEK4,116339742081697,试过一次就放弃了！新一代小米su7智驾就这水平？,千条叔Carlife,2026-04-03 16:18:55,51596,314,1,试过一次就放弃了！新一代小米su7智驾就这水平？,37203348225,808.784,1,25,16777215,2026-05-16 20:25:53,1778934353,0,894cc6f2,2112613492632217856,速度慢有时更加危险
BV1Vp9KBgEK4,116339742081697,试过一次就放弃了！新一代小米su7智驾就这水平？,千条叔Carlife,2026-04-03 16:18:55,51596,314,1,试过一次就放弃了！新一代小米su7智驾就这水平？,37203348225,776.916,1,25,16777215,2026-05-19 21:51:03,1779198663,0,d9c3bcc4,2114830688682631424,你的意思是30m看不见换
BV1Vp9KBgEK4,116339742081697,试过一次就放弃了！新一代小米su7智驾就这水平？,千条叔Carlife,2026-04-03 16:18:55,51596,314,1,试过一次就放弃了！新一代小米su7智驾就这水平？,37203348225,808.320,1,25,16777215,2026-05-20 00:06:37,1779206797,0,319af980,2114898916889260800,安全就是闯黄灯是吗？
BV1Vp9KBgEK4,116339742081697,试过一次就放弃了！新一代小米su7智驾就这水平？,千条叔Carlife,2026-04-03 16:18:55,51596,314,1,试过一次就放弃了！新一代小米su7智驾就这水平？,37203348225,952.695,1,25,16777215,2026-05-24 11:52:30,1779594750,0,422d6550,2118153304055022080,？那你想让他干嘛
BV1Vp9KBgEK4,116339742081697,试过一次就放弃了！新一代小米su7智驾就这水平？,千条叔Carlife,2026-04-03 16:18:55,51596,314,1,试过一次就放弃了！新一代小米su7智驾就这水平？,37203348225,824.574,1,25,16777215,2026-06-25 03:51:29,1782330689,0,62ec383c,2141104021153740800,按照法规就是应该这样啊。
BV1Vp9KBgEK4,116339742081697,试过一次就放弃了！新一代小米su7智驾就这水平？,千条叔Carlife,2026-04-03 16:18:55,51596,314,1,试过一次就放弃了！新一代小米su7智驾就这水平？,37203348225,739.818,1,25,16777215,2026-06-27 15:45:36,1782546336,0,8758e668,2142913000217753344,这种逻辑劝退了，交通事故频发的就是抢红绿灯。
BV1Vp9KBgEK4,116339742081697,试过一次就放弃了！新一代小米su7智驾就这水平？,千条叔Carlife,2026-04-03 16:18:55,51596,314,1,试过一次就放弃了！新一代小米su7智驾就这水平？,37203348225,948.345,1,25,16776960,2026-07-12 01:25:08,1783790708,0,5821fe26,2153351549735352064,智驾选择的路线是直行你非要左转
BV1Vp9KBgEK4,116339742081697,试过一次就放弃了！新一代小米su7智驾就这水平？,千条叔Carlife,2026-04-03 16:18:55,51596,314,1,试过一次就放弃了！新一代小米su7智驾就这水平？,37203348225,969.142,1,25,16777215,2026-07-12 01:27:56,1783790876,0,5821fe26,2153352956228181504,你自己选的直行路线
BV1Vp9KBgEK4,116339742081697,试过一次就放弃了！新一代小米su7智驾就这水平？,千条叔Carlife,2026-04-03 16:18:55,51596,314,1,试过一次就放弃了！新一代小米su7智驾就这水平？,37203348225,756.974,1,25,16777215,2026-07-27 20:41:09,1785156069,0,191c10a7,2164805026215040256,我也遇到过一样的情况，我也是su7
BV1Vp9KBgEK4,116339742081697,试过一次就放弃了！新一代小米su7智驾就这水平？,千条叔Carlife,2026-04-03 16:18:55,51596,314,1,试过一次就放弃了！新一代小米su7智驾就这水平？,37203348225,1045.667,1,25,16777215,2026-09-09 17:35:55,1788946555,0,50b43cb4,2196601933883191552,这种智驾是模拟驾驶，跟特斯拉华为那种智驾完全两套东西，怪不得这么难受
BV1Vp9KBgEK4,116339742081697,试过一次就放弃了！新一代小米su7智驾就这水平？,千条叔Carlife,2026-04-03 16:18:55,51596,314,1,试过一次就放弃了！新一代小米su7智驾就这水平？,37203348225,815.675,5,25,15138834,2026-09-23 12:49:02,1790138942,0,9f89d9cc,2206604396782034944,所以这就是安全是吗
BV1Vp9KBgEK4,116339742081697,试过一次就放弃了！新一代小米su7智驾就这水平？,千条叔Carlife,2026-04-03 16:18:55,51596,314,1,试过一次就放弃了！新一代小米su7智驾就这水平？,37203348225,816.719,1,25,16777215,2026-09-25 20:23:57,1790339037,0,89d8f663,2208282916248294656,转弯让直行呀
BV1Vp9KBgEK4,116339742081697,试过一次就放弃了！新一代小米su7智驾就这水平？,千条叔Carlife,2026-04-03 16:18:55,51596,314,1,试过一次就放弃了！新一代小米su7智驾就这水平？,37203348225,1406.972,1,25,16777215,2026-04-03 16:54:31,1775206471,0,e790200f,2081341748089249536,后驱在抓地力足够的路面下确实比四驱开起来爽
BV1Vp9KBgEK4,116339742081697,试过一次就放弃了！新一代小米su7智驾就这水平？,千条叔Carlife,2026-04-03 16:18:55,51596,314,1,试过一次就放弃了！新一代小米su7智驾就这水平？,37203348225,1189.530,1,25,16777215,2026-04-03 23:28:48,1775230128,0,1bf5aabc,2081540201960250368,这有什么办法？
BV1Vp9KBgEK4,116339742081697,试过一次就放弃了！新一代小米su7智驾就这水平？,千条叔Carlife,2026-04-03 16:18:55,51596,314,1,试过一次就放弃了！新一代小米su7智驾就这水平？,37203348225,1283.757,1,25,16777215,2026-04-04 18:53:44,1775300024,0,e1149922,2082126534562571008,那我可以问一下就是那个车子的智驾在刚刚你说的那些情况会做出你自己想法的选择吗，了解一下
BV1Vp9KBgEK4,116339742081697,试过一次就放弃了！新一代小米su7智驾就这水平？,千条叔Carlife,2026-04-03 16:18:55,51596,314,1,试过一次就放弃了！新一代小米su7智驾就这水平？,37203348225,1201.964,1,25,16777215,2026-04-04 22:07:05,1775311625,0,6d7f35da,2082223850300590848,怎么弹幕一直找补 小米做车才多久确实还不是很成熟啊
BV1Vp9KBgEK4,116339742081697,试过一次就放弃了！新一代小米su7智驾就这水平？,千条叔Carlife,2026-04-03 16:18:55,51596,314,1,试过一次就放弃了！新一代小米su7智驾就这水平？,37203348225,1225.629,1,25,16777215,2026-04-05 20:44:28,1775393068,0,ab93f0d8,2082907039835242496,小米智驾不会进步很快，也不会去买小鹏的智驾，它要自己的模型在自己的产品生态落地，它一定不是首先要单独做好某一件事
BV1Vp9KBgEK4,116339742081697,试过一次就放弃了！新一代小米su7智驾就这水平？,千条叔Carlife,2026-04-03 16:18:55,51596,314,1,试过一次就放弃了！新一代小米su7智驾就这水平？,37203348225,1270.850,1,25,16777215,2026-04-06 20:33:15,1775478795,0,67cbbcb8,2083626171098359552,哈哈哈哈哈哈啊哈哈哈哈哈
BV1Vp9KBgEK4,116339742081697,试过一次就放弃了！新一代小米su7智驾就这水平？,千条叔Carlife,2026-04-03 16:18:55,51596,314,1,试过一次就放弃了！新一代小米su7智驾就这水平？,37203348225,1086.000,1,25,16777215,2026-04-09 01:37:13,1775669833,0,1da23bc7,2085228711687002880,其实L2的智驾再智能也达不到人的要求，还是看看今年L3啥水平吧
BV1Vp9KBgEK4,116339742081697,试过一次就放弃了！新一代小米su7智驾就这水平？,千条叔Carlife,2026-04-03 16:18:55,51596,314,1,试过一次就放弃了！新一代小米su7智驾就这水平？,37203348225,1187.000,1,25,16777215,2026-04-09 01:39:07,1775669947,0,1da23bc7,2085229672023235072,地图上不能识别吗？说明还有进步空间
BV1Vp9KBgEK4,116339742081697,试过一次就放弃了！新一代小米su7智驾就这水平？,千条叔Carlife,2026-04-03 16:18:55,51596,314,1,试过一次就放弃了！新一代小米su7智驾就这水平？,37203348225,1276.000,1,25,16777215,2026-04-09 01:40:49,1775670049,0,1da23bc7,2085230529045313792,好好好
BV1Vp9KBgEK4,116339742081697,试过一次就放弃了！新一代小米su7智驾就这水平？,千条叔Carlife,2026-04-03 16:18:55,51596,314,1,试过一次就放弃了！新一代小米su7智驾就这水平？,37203348225,1141.464,1,25,16777215,2026-04-09 12:20:30,1775708430,0,bff9a7ef,2085552488870309376,起步是故意的，因为太多太多行人违章导致的事故
BV1Vp9KBgEK4,116339742081697,试过一次就放弃了！新一代小米su7智驾就这水平？,千条叔Carlife,2026-04-03 16:18:55,51596,314,1,试过一次就放弃了！新一代小米su7智驾就这水平？,37203348225,1206.605,1,25,16777215,2026-04-10 11:47:53,1775792873,0,495099ab,2086260848699500544,小米已经在全国所有道路开了两年了，你想想你回家的路你怎么开
BV1Vp9KBgEK4,116339742081697,试过一次就放弃了！新一代小米su7智驾就这水平？,千条叔Carlife,2026-04-03 16:18:55,51596,314,1,试过一次就放弃了！新一代小米su7智驾就这水平？,37203348225,1274.391,1,25,16777215,2026-04-10 21:25:35,1775827535,0,2ca3157b,2086551616685409280,Nb
BV1Vp9KBgEK4,116339742081697,试过一次就放弃了！新一代小米su7智驾就这水平？,千条叔Carlife,2026-04-03 16:18:55,51596,314,1,试过一次就放弃了！新一代小米su7智驾就这水平？,37203348225,1396.649,1,25,15138834,2026-04-10 23:18:24,1775834304,0,ec1e21b7,2086608400078646016,要效率，别智驾。安全保守点没什么问题
BV1Vp9KBgEK4,116339742081697,试过一次就放弃了！新一代小米su7智驾就这水平？,千条叔Carlife,2026-04-03 16:18:55,51596,314,1,试过一次就放弃了！新一代小米su7智驾就这水平？,37203348225,1262.091,1,25,16777215,2026-04-11 11:30:45,1775878245,0,84a5ac31,2086977004187697664,线路没错，你还能要求他判断前车怎么走吗？
BV1Vp9KBgEK4,116339742081697,试过一次就放弃了！新一代小米su7智驾就这水平？,千条叔Carlife,2026-04-03 16:18:55,51596,314,1,试过一次就放弃了！新一代小米su7智驾就这水平？,37203348225,1240.741,1,25,16777215,2026-04-12 16:32:10,1775982730,0,af4cfffa,2087853486376263424,如果待会变道失败怎么办？
BV1Vp9KBgEK4,116339742081697,试过一次就放弃了！新一代小米su7智驾就这水平？,千条叔Carlife,2026-04-03 16:18:55,51596,314,1,试过一次就放弃了！新一代小米su7智驾就这水平？,37203348225,1164.897,1,25,16777215,2026-04-12 19:41:10,1775994070,0,d8fa0825,2087948613753449984,是个ai都不知道这种情况吧！除非有大语言学习模型，按照你开车习惯开
BV1Vp9KBgEK4,116339742081697,试过一次就放弃了！新一代小米su7智驾就这水平？,千条叔Carlife,2026-04-03 16:18:55,51596,314,1,试过一次就放弃了！新一代小米su7智驾就这水平？,37203348225,1159.374,1,25,16777215,2026-04-22 15:44:39,1776843879,0,255af5ee,2095077326021990656,其实目前大部分智驾驾驶员其实最好做一些打灯指令来介入辅助
BV1Vp9KBgEK4,116339742081697,试过一次就放弃了！新一代小米su7智驾就这水平？,千条叔Carlife,2026-04-03 16:18:55,51596,314,1,试过一次就放弃了！新一代小米su7智驾就这水平？,37203348225,1360.741,1,25,16777215,2026-07-14 01:11:59,1783962719,0,cb961d60,2154794483752164096,可以关闭
BV1Vp9KBgEK4,116339742081697,试过一次就放弃了！新一代小米su7智驾就这水平？,千条叔Carlife,2026-04-03 16:18:55,51596,314,1,试过一次就放弃了！新一代小米su7智驾就这水平？,37203348225,1191.399,1,25,16777215,2026-08-13 12:20:46,1786594846,0,3bddd704,2176874362644007936,可以打方向提前走中间
BV1Vp9KBgEK4,116339742081697,试过一次就放弃了！新一代小米su7智驾就这水平？,千条叔Carlife,2026-04-03 16:18:55,51596,314,1,试过一次就放弃了！新一代小米su7智驾就这水平？,37203348225,1095.476,1,25,16777215,2026-09-26 21:25:18,1790429118,0,906f483b,2209038567778000384,前面正常的，试一下ads5.0
BV1qee36EEQo,117286866329280,华为智驾高速匝道失误发疯，离家只剩10分钟，一车3人的性命和3个家庭的生活，差点交代在这里,TJ起落落,2026-09-17 22:36:15,78395,1018,1,9月12日(1),41978891762,174.476,1,25,16777215,2026-09-19 01:32:10,1789752730,0,adb82bac,2203364615792987136,遥遥领先
BV1qee36EEQo,117286866329280,华为智驾高速匝道失误发疯，离家只剩10分钟，一车3人的性命和3个家庭的生活，差点交代在这里,TJ起落落,2026-09-17 22:36:15,78395,1018,1,9月12日(1),41978891762,30.311,1,25,16777215,2026-09-19 02:53:35,1789757615,0,61b6cc47,2203405598580586240,不是哥们，背景bgm放鸣潮的剧情
BV1qee36EEQo,117286866329280,华为智驾高速匝道失误发疯，离家只剩10分钟，一车3人的性命和3个家庭的生活，差点交代在这里,TJ起落落,2026-09-17 22:36:15,78395,1018,1,9月12日(1),41978891762,165.505,1,25,16777215,2026-09-19 08:29:25,1789777765,0,e4f6461b,2203574628570769152,好车，多买
BV1qee36EEQo,117286866329280,华为智驾高速匝道失误发疯，离家只剩10分钟，一车3人的性命和3个家庭的生活，差点交代在这里,TJ起落落,2026-09-17 22:36:15,78395,1018,1,9月12日(1),41978891762,89.964,1,25,16777215,2026-09-19 12:08:03,1789790883,0,c075d32,2203684662629633536,智驾老传统了，理想也这样
BV1qee36EEQo,117286866329280,华为智驾高速匝道失误发疯，离家只剩10分钟，一车3人的性命和3个家庭的生活，差点交代在这里,TJ起落落,2026-09-17 22:36:15,78395,1018,1,9月12日(1),41978891762,56.433,1,25,16777215,2026-09-19 14:16:35,1789798595,0,39e020fa,2203749363552418816,额，辅助驾驶辅助驾驶多说几遍
BV1qee36EEQo,117286866329280,华为智驾高速匝道失误发疯，离家只剩10分钟，一车3人的性命和3个家庭的生活，差点交代在这里,TJ起落落,2026-09-17 22:36:15,78395,1018,1,9月12日(1),41978891762,136.587,1,25,16777215,2026-09-19 14:20:39,1789798839,0,1d6f03b4,2203751410087819776,辅助驾驶用来跟车，你尽然反向操作。
BV1qee36EEQo,117286866329280,华为智驾高速匝道失误发疯，离家只剩10分钟，一车3人的性命和3个家庭的生活，差点交代在这里,TJ起落落,2026-09-17 22:36:15,78395,1018,1,9月12日(1),41978891762,191.580,1,25,16777215,2026-09-19 14:55:11,1789800911,0,32e9a015,2203768789949601024,这是辅助驾驶
BV1qee36EEQo,117286866329280,华为智驾高速匝道失误发疯，离家只剩10分钟，一车3人的性命和3个家庭的生活，差点交代在这里,TJ起落落,2026-09-17 22:36:15,78395,1018,1,9月12日(1),41978891762,61.523,1,25,16777215,2026-09-19 15:52:32,1789804352,0,9465068,2203797655409403904,智驾有时候就是会激进的超车，超车的优先级最高，所以这种情况我一般会退出智驾自己开，更保险
BV1qee36EEQo,117286866329280,华为智驾高速匝道失误发疯，离家只剩10分钟，一车3人的性命和3个家庭的生活，差点交代在这里,TJ起落落,2026-09-17 22:36:15,78395,1018,1,9月12日(1),41978891762,120.361,1,25,16777215,2026-09-19 17:46:30,1789811190,0,93b34822,2203855013431024640,我也是
BV1qee36EEQo,117286866329280,华为智驾高速匝道失误发疯，离家只剩10分钟，一车3人的性命和3个家庭的生活，差点交代在这里,TJ起落落,2026-09-17 22:36:15,78395,1018,1,9月12日(1),41978891762,84.448,1,25,16777215,2026-09-19 18:09:12,1789812552,0,b45bc166,2203866439403062784,这里提示靠左行驶，明导航出现问题了。就是不知道是定位的问题还是导道未及时刷新。
BV1qee36EEQo,117286866329280,华为智驾高速匝道失误发疯，离家只剩10分钟，一车3人的性命和3个家庭的生活，差点交代在这里,TJ起落落,2026-09-17 22:36:15,78395,1018,1,9月12日(1),41978891762,183.400,1,25,16777215,2026-09-19 18:52:39,1789815159,0,cedc2cad,2203888312513900032,现在已经分开了，不能再买了，没意义了。
BV1qee36EEQo,117286866329280,华为智驾高速匝道失误发疯，离家只剩10分钟，一车3人的性命和3个家庭的生活，差点交代在这里,TJ起落落,2026-09-17 22:36:15,78395,1018,1,9月12日(1),41978891762,174.590,1,25,16777215,2026-09-19 19:00:07,1789815607,0,5d86e5a9,2203892063304024832,这是豆包开的吧？
BV1qee36EEQo,117286866329280,华为智驾高速匝道失误发疯，离家只剩10分钟，一车3人的性命和3个家庭的生活，差点交代在这里,TJ起落落,2026-09-17 22:36:15,78395,1018,1,9月12日(1),41978891762,189.719,1,25,16777215,2026-09-19 19:00:36,1789815636,0,7a165580,2203892307873836544,换外包了
BV1qee36EEQo,117286866329280,华为智驾高速匝道失误发疯，离家只剩10分钟，一车3人的性命和3个家庭的生活，差点交代在这里,TJ起落落,2026-09-17 22:36:15,78395,1018,1,9月12日(1),41978891762,105.851,1,25,16777215,2026-09-19 19:06:59,1789816019,0,de5c3ea7,2203895521952299264,都已经退出智驾了！
BV1qee36EEQo,117286866329280,华为智驾高速匝道失误发疯，离家只剩10分钟，一车3人的性命和3个家庭的生活，差点交代在这里,TJ起落落,2026-09-17 22:36:15,78395,1018,1,9月12日(1),41978891762,138.949,1,25,16777215,2026-09-19 20:27:27,1789820847,0,4c8454b4,2203936020138644224,←宣传里可不是辅助驾驶，上车直接睡觉的
BV1qee36EEQo,117286866329280,华为智驾高速匝道失误发疯，离家只剩10分钟，一车3人的性命和3个家庭的生活，差点交代在这里,TJ起落落,2026-09-17 22:36:15,78395,1018,1,9月12日(1),41978891762,57.219,1,25,16777215,2026-09-20 01:27:15,1789838835,0,505964dd,2204086915132326656,导航没看见，智驾走错路的情况下强行介入
BV1qee36EEQo,117286866329280,华为智驾高速匝道失误发疯，离家只剩10分钟，一车3人的性命和3个家庭的生活，差点交代在这里,TJ起落落,2026-09-17 22:36:15,78395,1018,1,9月12日(1),41978891762,0.633,1,25,16777215,2026-09-20 09:02:39,1789866159,0,82c95dbd,2204316123930429440,界是什么车啊
BV1qee36EEQo,117286866329280,华为智驾高速匝道失误发疯，离家只剩10分钟，一车3人的性命和3个家庭的生活，差点交代在这里,TJ起落落,2026-09-17 22:36:15,78395,1018,1,9月12日(1),41978891762,77.959,1,25,16777215,2026-09-20 10:33:33,1789871613,0,f9928e8c,2204361883141145600,这个图标是踩了刹车退出智驾的意思
BV1qee36EEQo,117286866329280,华为智驾高速匝道失误发疯，离家只剩10分钟，一车3人的性命和3个家庭的生活，差点交代在这里,TJ起落落,2026-09-17 22:36:15,78395,1018,1,9月12日(1),41978891762,93.920,1,25,16777215,2026-09-20 11:44:20,1789875860,0,44c9a66f,2204397501774093824,开车注意安全嘛，师傅。
BV1qee36EEQo,117286866329280,华为智驾高速匝道失误发疯，离家只剩10分钟，一车3人的性命和3个家庭的生活，差点交代在这里,TJ起落落,2026-09-17 22:36:15,78395,1018,1,9月12日(1),41978891762,156.198,1,25,16777215,2026-09-20 23:40:29,1789918829,0,fcabf256,2204757953658827520,这是智驾本驾
BV1qee36EEQo,117286866329280,华为智驾高速匝道失误发疯，离家只剩10分钟，一车3人的性命和3个家庭的生活，差点交代在这里,TJ起落落,2026-09-17 22:36:15,78395,1018,1,9月12日(1),41978891762,43.260,1,25,16777215,2026-09-21 09:46:20,1789955180,0,cc6cd3a8,2205062889567182592,这也不是NCA状态呀
BV1qee36EEQo,117286866329280,华为智驾高速匝道失误发疯，离家只剩10分钟，一车3人的性命和3个家庭的生活，差点交代在这里,TJ起落落,2026-09-17 22:36:15,78395,1018,1,9月12日(1),41978891762,63.861,1,25,16777215,2026-09-22 11:41:28,1790048488,0,bcbde1b6,2205845617283646720,喜欢激进
BV1qee36EEQo,117286866329280,华为智驾高速匝道失误发疯，离家只剩10分钟，一车3人的性命和3个家庭的生活，差点交代在这里,TJ起落落,2026-09-17 22:36:15,78395,1018,1,9月12日(1),41978891762,105.386,1,25,16777215,2026-09-22 11:42:16,1790048536,0,bcbde1b6,2205846019307657216,坏结局
BV1qee36EEQo,117286866329280,华为智驾高速匝道失误发疯，离家只剩10分钟，一车3人的性命和3个家庭的生活，差点交代在这里,TJ起落落,2026-09-17 22:36:15,78395,1018,1,9月12日(1),41978891762,163.722,1,25,16777215,2026-09-22 13:16:46,1790054206,0,e0271663,2205893583813553152,鸿蒙软件的问题 办公还行 做其他的肯定会 bug
BV1qee36EEQo,117286866329280,华为智驾高速匝道失误发疯，离家只剩10分钟，一车3人的性命和3个家庭的生活，差点交代在这里,TJ起落落,2026-09-17 22:36:15,78395,1018,1,9月12日(1),41978891762,205.507,1,25,16777215,2026-09-22 13:19:47,1790054387,0,e0271663,2205895100205191680,但是不开的话效率太低了
BV1qee36EEQo,117286866329280,华为智驾高速匝道失误发疯，离家只剩10分钟，一车3人的性命和3个家庭的生活，差点交代在这里,TJ起落落,2026-09-17 22:36:15,78395,1018,1,9月12日(1),41978891762,81.720,1,25,16777215,2026-09-22 13:24:59,1790054699,0,e0271663,2205897718885465088,0.1秒退出智驾老传统了
BV1qee36EEQo,117286866329280,华为智驾高速匝道失误发疯，离家只剩10分钟，一车3人的性命和3个家庭的生活，差点交代在这里,TJ起落落,2026-09-17 22:36:15,78395,1018,1,9月12日(1),41978891762,161.280,1,25,16777215,2026-09-22 13:32:04,1790055124,0,e0271663,2205901281477066496,3.几版本是最好用的，后面越更新越不行
BV1qee36EEQo,117286866329280,华为智驾高速匝道失误发疯，离家只剩10分钟，一车3人的性命和3个家庭的生活，差点交代在这里,TJ起落落,2026-09-17 22:36:15,78395,1018,1,9月12日(1),41978891762,9.243,1,25,16777215,2026-09-23 00:57:15,1790096235,0,9d46abd6,2206246148166703360,l
BV1qee36EEQo,117286866329280,华为智驾高速匝道失误发疯，离家只剩10分钟，一车3人的性命和3个家庭的生活，差点交代在这里,TJ起落落,2026-09-17 22:36:15,78395,1018,1,9月12日(1),41978891762,79.033,1,25,16777215,2026-09-23 06:51:09,1790117469,0,d26be324,2206424272237692928,应该是车主踩刹车接管了吧
BV1qee36EEQo,117286866329280,华为智驾高速匝道失误发疯，离家只剩10分钟，一车3人的性命和3个家庭的生活，差点交代在这里,TJ起落落,2026-09-17 22:36:15,78395,1018,1,9月12日(1),41978891762,30.441,1,25,16777215,2026-09-23 09:18:43,1790126323,0,3509be27,2206498537742354176,你既然相信它买这车，那就相信到底
BV1qee36EEQo,117286866329280,华为智驾高速匝道失误发疯，离家只剩10分钟，一车3人的性命和3个家庭的生活，差点交代在这里,TJ起落落,2026-09-17 22:36:15,78395,1018,1,9月12日(1),41978891762,147.353,1,25,16777215,2026-09-23 16:14:12,1790151252,0,99acf3c7,2206707664380772864,小米智驾，还有1公里就要变道到最右车道上去，然后慢慢下
BV1qee36EEQo,117286866329280,华为智驾高速匝道失误发疯，离家只剩10分钟，一车3人的性命和3个家庭的生活，差点交代在这里,TJ起落落,2026-09-17 22:36:15,78395,1018,1,9月12日(1),41978891762,204.118,1,25,16777215,2026-09-23 20:55:20,1790168120,0,cb755713,2206849163604652288,我就没开过
BV1qee36EEQo,117286866329280,华为智驾高速匝道失误发疯，离家只剩10分钟，一车3人的性命和3个家庭的生活，差点交代在这里,TJ起落落,2026-09-17 22:36:15,78395,1018,1,9月12日(1),41978891762,47.874,1,25,16777215,2026-09-24 00:09:46,1790179786,0,47c90a66,2206947025465941504,车况这么复杂，你刚好心血来潮开自动驾驶
BV1qee36EEQo,117286866329280,华为智驾高速匝道失误发疯，离家只剩10分钟，一车3人的性命和3个家庭的生活，差点交代在这里,TJ起落落,2026-09-17 22:36:15,78395,1018,1,9月12日(1),41978891762,196.040,1,25,16777215,2026-09-24 09:44:37,1790214277,0,de8674fe,2207236351777486080,辅助驾驶是辅助人，危险时候快速反应，而不是人不管不顾使用智驾
BV1qee36EEQo,117286866329280,华为智驾高速匝道失误发疯，离家只剩10分钟，一车3人的性命和3个家庭的生活，差点交代在这里,TJ起落落,2026-09-17 22:36:15,78395,1018,1,9月12日(1),41978891762,159.849,1,25,16777215,2026-09-24 13:39:08,1790228348,0,b9f77984,2207354388283213824,说多了容易被封
BV1qee36EEQo,117286866329280,华为智驾高速匝道失误发疯，离家只剩10分钟，一车3人的性命和3个家庭的生活，差点交代在这里,TJ起落落,2026-09-17 22:36:15,78395,1018,1,9月12日(1),41978891762,149.456,1,25,16777215,2026-09-24 17:20:17,1790241617,0,2517dec2,2207465698148702464,这是老款吧？买新款肯定不会这样吧。
BV1qee36EEQo,117286866329280,华为智驾高速匝道失误发疯，离家只剩10分钟，一车3人的性命和3个家庭的生活，差点交代在这里,TJ起落落,2026-09-17 22:36:15,78395,1018,1,9月12日(1),41978891762,6.902,5,25,16777215,2026-09-25 00:22:30,1790266950,0,426eded7,2207678209405939200,第一梯队
BV1qee36EEQo,117286866329280,华为智驾高速匝道失误发疯，离家只剩10分钟，一车3人的性命和3个家庭的生活，差点交代在这里,TJ起落落,2026-09-17 22:36:15,78395,1018,1,9月12日(1),41978891762,162.111,5,25,16777215,2026-09-25 00:24:05,1790267045,0,426eded7,2207679006365878016,遥遥领先
BV1qee36EEQo,117286866329280,华为智驾高速匝道失误发疯，离家只剩10分钟，一车3人的性命和3个家庭的生活，差点交代在这里,TJ起落落,2026-09-17 22:36:15,78395,1018,1,9月12日(1),41978891762,82.420,1,25,16777215,2026-09-25 10:22:08,1790302928,0,15abcbae,2207980015482955008,你这智驾标识怎么和我的不一样
BV1qee36EEQo,117286866329280,华为智驾高速匝道失误发疯，离家只剩10分钟，一车3人的性命和3个家庭的生活，差点交代在这里,TJ起落落,2026-09-17 22:36:15,78395,1018,1,9月12日(1),41978891762,123.271,1,25,16777215,2026-09-25 11:28:10,1790306890,0,f258c597,2208013245645378304,我是AI司机
BV1qee36EEQo,117286866329280,华为智驾高速匝道失误发疯，离家只剩10分钟，一车3人的性命和3个家庭的生活，差点交代在这里,TJ起落落,2026-09-17 22:36:15,78395,1018,1,9月12日(1),41978891762,41.340,1,25,16777215,2026-09-25 18:13:44,1790331224,0,b8bd6384,2208217379115171328,前面这些没必要说
BV1qee36EEQo,117286866329280,华为智驾高速匝道失误发疯，离家只剩10分钟，一车3人的性命和3个家庭的生活，差点交代在这里,TJ起落落,2026-09-17 22:36:15,78395,1018,1,9月12日(1),41978891762,49.217,1,25,16777215,2026-09-25 21:03:24,1790341404,0,6de39397,2208302771906676736,这么复杂的高速路况，你放心智驾？
BV1qee36EEQo,117286866329280,华为智驾高速匝道失误发疯，离家只剩10分钟，一车3人的性命和3个家庭的生活，差点交代在这里,TJ起落落,2026-09-17 22:36:15,78395,1018,1,9月12日(1),41978891762,5.086,1,25,16777215,2026-09-26 11:20:27,1790392827,0,d0f13c45,2208734137434112000,界是什么车啊
BV1qee36EEQo,117286866329280,华为智驾高速匝道失误发疯，离家只剩10分钟，一车3人的性命和3个家庭的生活，差点交代在这里,TJ起落落,2026-09-17 22:36:15,78395,1018,1,9月12日(1),41978891762,10.631,1,25,16777215,2026-09-26 11:44:50,1790394290,0,d84b91dd,2208746415403244800,哪来的发疯？界很合理啊
BV1qee36EEQo,117286866329280,华为智驾高速匝道失误发疯，离家只剩10分钟，一车3人的性命和3个家庭的生活，差点交代在这里,TJ起落落,2026-09-17 22:36:15,78395,1018,1,9月12日(1),41978891762,116.630,1,25,16777215,2026-09-26 17:53:20,1790416400,0,11629822,2208931880076940800,可惜了
BV1qee36EEQo,117286866329280,华为智驾高速匝道失误发疯，离家只剩10分钟，一车3人的性命和3个家庭的生活，差点交代在这里,TJ起落落,2026-09-17 22:36:15,78395,1018,1,9月12日(1),41978891762,16.163,1,25,16777215,2026-09-27 11:44:26,1790480666,0,5fb12d5f,2209470985470732544,界是什么车
BV1qee36EEQo,117286866329280,华为智驾高速匝道失误发疯，离家只剩10分钟，一车3人的性命和3个家庭的生活，差点交代在这里,TJ起落落,2026-09-17 22:36:15,78395,1018,1,9月12日(1),41978891762,116.815,1,25,16777215,2026-09-27 12:16:40,1790482600,0,e9937cfb,2209487206186875648,这是目前辅助驾驶最大的问题，很多路段它为了超车就不顾马上就到的分岔口，这点应该需要和地图导航合并而不能全靠激光雷达或者视觉系统
BV1qee36EEQo,117286866329280,华为智驾高速匝道失误发疯，离家只剩10分钟，一车3人的性命和3个家庭的生活，差点交代在这里,TJ起落落,2026-09-17 22:36:15,78395,1018,1,9月12日(1),41978891762,3.570,1,25,16777215,2026-09-27 16:28:50,1790497730,0,88550322,2209614125775114496,喜欢智架架呗
BV1qee36EEQo,117286866329280,华为智驾高速匝道失误发疯，离家只剩10分钟，一车3人的性命和3个家庭的生活，差点交代在这里,TJ起落落,2026-09-17 22:36:15,78395,1018,1,9月12日(1),41978891762,115.137,1,25,16707842,2026-09-28 00:31:40,1790526700,0,d5cd74b5,2209857147884654592,可惜了
BV1qee36EEQo,117286866329280,华为智驾高速匝道失误发疯，离家只剩10分钟，一车3人的性命和3个家庭的生活，差点交代在这里,TJ起落落,2026-09-17 22:36:15,78395,1018,1,9月12日(1),41978891762,38.624,1,25,16777215,2026-09-28 08:31:06,1790555466,0,4db42bb1,2210098454759022336,这BGM，咋是我与你、那颗星梦见的春日？
BV1oMh96sE3p,117335788622283,开了好几年的小米汽车，你们刚提澎程的车友像我这样设置起来，开起来会更加舒适安全,小小小阿才,2026-09-26 14:03:28,3660,5,1,开了好几年的小米汽车，你们刚提澎程的车友像我这样设置起来，开起来会更加舒适安全,42213245480,11.229,1,25,16777215,2026-09-26 15:52:05,1790409125,0,339dcd44,2208870859085794560,666
BV1Dnuh6aEtp,117053981788779,开小米SU7Ultra接顺风车遇极品御姐，把我整不会了！,暖暖Ultra日记,2026-08-07 19:31:13,93479,115,1,studio_video_1786101553740.mp4,40688026644,4.539,1,25,16777215,2026-08-07 21:34:55,1786109695,0,5890ef2c,2172804620043796736,开一局
BV1Dnuh6aEtp,117053981788779,开小米SU7Ultra接顺风车遇极品御姐，把我整不会了！,暖暖Ultra日记,2026-08-07 19:31:13,93479,115,1,studio_video_1786101553740.mp4,40688026644,139.628,5,25,16777215,2026-08-07 22:10:52,1786111852,0,cd1bceb,2172822717651811584,确认过眼神
BV1Dnuh6aEtp,117053981788779,开小米SU7Ultra接顺风车遇极品御姐，把我整不会了！,暖暖Ultra日记,2026-08-07 19:31:13,93479,115,1,studio_video_1786101553740.mp4,40688026644,179.170,5,25,16777215,2026-08-07 22:11:35,1786111895,0,cd1bceb,2172823078832005632,不行了乐死我了
BV1Dnuh6aEtp,117053981788779,开小米SU7Ultra接顺风车遇极品御姐，把我整不会了！,暖暖Ultra日记,2026-08-07 19:31:13,93479,115,1,studio_video_1786101553740.mp4,40688026644,199.366,5,25,16777215,2026-08-07 22:11:51,1786111911,0,cd1bceb,2172823214056304128,？
BV1Dnuh6aEtp,117053981788779,开小米SU7Ultra接顺风车遇极品御姐，把我整不会了！,暖暖Ultra日记,2026-08-07 19:31:13,93479,115,1,studio_video_1786101553740.mp4,40688026644,302.084,5,25,16777215,2026-08-07 22:13:24,1786112004,0,cd1bceb,2172823991797511168,不敢回头（不愿回头）
BV1Dnuh6aEtp,117053981788779,开小米SU7Ultra接顺风车遇极品御姐，把我整不会了！,暖暖Ultra日记,2026-08-07 19:31:13,93479,115,1,studio_video_1786101553740.mp4,40688026644,151.732,1,25,16777215,2026-08-07 22:46:46,1786114006,0,f3fbd4e,2172840785119690752,段子就是段子
BV1Dnuh6aEtp,117053981788779,开小米SU7Ultra接顺风车遇极品御姐，把我整不会了！,暖暖Ultra日记,2026-08-07 19:31:13,93479,115,1,studio_video_1786101553740.mp4,40688026644,172.829,1,25,15138835,2026-08-08 07:08:19,1786144099,0,8864e88c,2173093225991446016,还是喜欢你说四川话桀骜不驯的样子
BV1Dnuh6aEtp,117053981788779,开小米SU7Ultra接顺风车遇极品御姐，把我整不会了！,暖暖Ultra日记,2026-08-07 19:31:13,93479,115,1,studio_video_1786101553740.mp4,40688026644,203.264,1,25,16777215,2026-08-08 13:06:47,1786165607,0,a4d916ca,2173273646427865600,易经了
BV1Dnuh6aEtp,117053981788779,开小米SU7Ultra接顺风车遇极品御姐，把我整不会了！,暖暖Ultra日记,2026-08-07 19:31:13,93479,115,1,studio_video_1786101553740.mp4,40688026644,221.770,1,25,16777215,2026-08-08 14:42:27,1786171347,0,8331585a,2173321800191629056,建模不好就是相反的剧情了
BV1Dnuh6aEtp,117053981788779,开小米SU7Ultra接顺风车遇极品御姐，把我整不会了！,暖暖Ultra日记,2026-08-07 19:31:13,93479,115,1,studio_video_1786101553740.mp4,40688026644,131.001,1,25,16777215,2026-08-09 09:59:19,1786240759,0,4147f7e7,2173904065099405824,话又说回来
BV1Dnuh6aEtp,117053981788779,开小米SU7Ultra接顺风车遇极品御姐，把我整不会了！,暖暖Ultra日记,2026-08-07 19:31:13,93479,115,1,studio_video_1786101553740.mp4,40688026644,313.189,1,25,16777215,2026-08-12 02:13:59,1786472039,0,9c102ccd,2175844185394740992,后排系安全带啊(doge)
BV1Dnuh6aEtp,117053981788779,开小米SU7Ultra接顺风车遇极品御姐，把我整不会了！,暖暖Ultra日记,2026-08-07 19:31:13,93479,115,1,studio_video_1786101553740.mp4,40688026644,165.834,1,25,16777215,2026-08-12 18:33:58,1786530838,0,ec7b5f5,2176337430696360448,其实现实也差不多这样了 全看建模
BV1Dnuh6aEtp,117053981788779,开小米SU7Ultra接顺风车遇极品御姐，把我整不会了！,暖暖Ultra日记,2026-08-07 19:31:13,93479,115,1,studio_video_1786101553740.mp4,40688026644,69.597,1,25,16777215,2026-08-12 18:56:52,1786532212,0,a2cb1c29,2176348952767656960,还拍上剧情了
BV1Dnuh6aEtp,117053981788779,开小米SU7Ultra接顺风车遇极品御姐，把我整不会了！,暖暖Ultra日记,2026-08-07 19:31:13,93479,115,1,studio_video_1786101553740.mp4,40688026644,262.587,5,25,16707842,2026-08-13 14:33:03,1786602783,0,d33d27bd,2176940945374355200,笑死我了
BV1Dnuh6aEtp,117053981788779,开小米SU7Ultra接顺风车遇极品御姐，把我整不会了！,暖暖Ultra日记,2026-08-07 19:31:13,93479,115,1,studio_video_1786101553740.mp4,40688026644,175.193,1,25,16777215,2026-08-13 19:10:12,1786619412,0,e6553cf2,2177080441399105024,只有伞上有水吗
BV1Dnuh6aEtp,117053981788779,开小米SU7Ultra接顺风车遇极品御姐，把我整不会了！,暖暖Ultra日记,2026-08-07 19:31:13,93479,115,1,studio_video_1786101553740.mp4,40688026644,104.792,1,25,16777215,2026-08-13 23:46:05,1786635965,0,aed41aee,2177219299922936832,干得好
BV1Dnuh6aEtp,117053981788779,开小米SU7Ultra接顺风车遇极品御姐，把我整不会了！,暖暖Ultra日记,2026-08-07 19:31:13,93479,115,1,studio_video_1786101553740.mp4,40688026644,185.172,1,25,16777215,2026-08-14 14:41:35,1786689695,0,bddc23c5,2177670014336388096,啊～谢谢～
BV1Dnuh6aEtp,117053981788779,开小米SU7Ultra接顺风车遇极品御姐，把我整不会了！,暖暖Ultra日记,2026-08-07 19:31:13,93479,115,1,studio_video_1786101553740.mp4,40688026644,178.980,5,25,16777215,2026-08-15 11:39:18,1786765158,0,c782cdea,2178303046990657024,两个人声音马上夹起来了哈哈哈哈哈哈哈
BV1Dnuh6aEtp,117053981788779,开小米SU7Ultra接顺风车遇极品御姐，把我整不会了！,暖暖Ultra日记,2026-08-07 19:31:13,93479,115,1,studio_video_1786101553740.mp4,40688026644,25.135,1,25,16777215,2026-08-15 13:49:19,1786772959,0,7af02eec,2178368488384316160,开一局就开一句
BV1Dnuh6aEtp,117053981788779,开小米SU7Ultra接顺风车遇极品御姐，把我整不会了！,暖暖Ultra日记,2026-08-07 19:31:13,93479,115,1,studio_video_1786101553740.mp4,40688026644,178.943,1,25,16777215,2026-08-15 13:51:54,1786773114,0,7af02eec,2178369784348742400,不说方言了？
BV1Dnuh6aEtp,117053981788779,开小米SU7Ultra接顺风车遇极品御姐，把我整不会了！,暖暖Ultra日记,2026-08-07 19:31:13,93479,115,1,studio_video_1786101553740.mp4,40688026644,157.276,1,25,16777215,2026-08-16 01:58:39,1786816719,0,17dd48d0,2178735569792839424,“闺蜜我跟你说我今天遇到一个特别帅的顺风车司机”
BV1Dnuh6aEtp,117053981788779,开小米SU7Ultra接顺风车遇极品御姐，把我整不会了！,暖暖Ultra日记,2026-08-07 19:31:13,93479,115,1,studio_video_1786101553740.mp4,40688026644,262.175,1,25,16777215,2026-08-18 10:55:14,1787021714,0,e1c41beb,2180455197321952768,？？？何意味
BV1Dnuh6aEtp,117053981788779,开小米SU7Ultra接顺风车遇极品御姐，把我整不会了！,暖暖Ultra日记,2026-08-07 19:31:13,93479,115,1,studio_video_1786101553740.mp4,40688026644,124.467,1,25,16777215,2026-08-18 15:29:58,1787038198,0,b717dec4,2180593471671986432,这不就是剧本吗？打网约车时都会显示司机头像跟车辆信息，怎么会上了车才知道长相呢
BV1Dnuh6aEtp,117053981788779,开小米SU7Ultra接顺风车遇极品御姐，把我整不会了！,暖暖Ultra日记,2026-08-07 19:31:13,93479,115,1,studio_video_1786101553740.mp4,40688026644,35.869,1,25,16707842,2026-08-27 11:51:32,1787802692,0,e6a908fb,2187006514714575872,重庆中文
BV1Dnuh6aEtp,117053981788779,开小米SU7Ultra接顺风车遇极品御姐，把我整不会了！,暖暖Ultra日记,2026-08-07 19:31:13,93479,115,1,studio_video_1786101553740.mp4,40688026644,147.941,1,25,16777215,2026-08-29 00:02:16,1787932936,0,94c14002,2188099081212843776,管这是不是剧本？看的好玩就行了
BV1Dnuh6aEtp,117053981788779,开小米SU7Ultra接顺风车遇极品御姐，把我整不会了！,暖暖Ultra日记,2026-08-07 19:31:13,93479,115,1,studio_video_1786101553740.mp4,40688026644,1.880,1,25,16777215,2026-09-06 22:31:29,1788705089,0,456dae36,2194576367202097664,美女
BV1Dnuh6aEtp,117053981788779,开小米SU7Ultra接顺风车遇极品御姐，把我整不会了！,暖暖Ultra日记,2026-08-07 19:31:13,93479,115,1,studio_video_1786101553740.mp4,40688026644,127.846,1,25,16777215,2026-09-22 17:17:53,1790068673,0,6e036680,2206014940371553536,额，我刚才是不是太凶了
BV1CoKizrEXN,114753322098512,男的我劝你别买小米YU7，这个功能太可怕了…,拜托了飞哥,2025-06-27 12:00:51,258076,569,1,男的我劝你别买小米YU7，这个功能太可怕了…,30718169042,1.917,1,25,16777215,2025-06-27 12:35:40,1750998940,0,c12f39c0,1878274262860231424,你就是令狐冲是吧
BV1CoKizrEXN,114753322098512,男的我劝你别买小米YU7，这个功能太可怕了…,拜托了飞哥,2025-06-27 12:00:51,258076,569,1,男的我劝你别买小米YU7，这个功能太可怕了…,30718169042,135.720,1,25,16777215,2025-06-27 17:43:36,1751017416,0,cd63fdd6,1878429248877100544,哈哈哈
BV1CoKizrEXN,114753322098512,男的我劝你别买小米YU7，这个功能太可怕了…,拜托了飞哥,2025-06-27 12:00:51,258076,569,1,男的我劝你别买小米YU7，这个功能太可怕了…,30718169042,134.245,1,25,16777215,2025-06-27 19:24:32,1751023472,0,ce159f73,1878480052585369344,这前备箱这么大啊
BV1CoKizrEXN,114753322098512,男的我劝你别买小米YU7，这个功能太可怕了…,拜托了飞哥,2025-06-27 12:00:51,258076,569,1,男的我劝你别买小米YU7，这个功能太可怕了…,30718169042,112.995,1,25,16777215,2025-06-27 21:02:14,1751029334,0,99465b9c,1878529225431294720,这个巧妙
BV1CoKizrEXN,114753322098512,男的我劝你别买小米YU7，这个功能太可怕了…,拜托了飞哥,2025-06-27 12:00:51,258076,569,1,男的我劝你别买小米YU7，这个功能太可怕了…,30718169042,150.005,1,25,16777215,2025-06-27 22:50:46,1751035846,0,a61fb5ff,1878583853699470848,声纹能录几个？
BV1CoKizrEXN,114753322098512,男的我劝你别买小米YU7，这个功能太可怕了…,拜托了飞哥,2025-06-27 12:00:51,258076,569,1,男的我劝你别买小米YU7，这个功能太可怕了…,30718169042,49.720,1,25,16777215,2025-06-27 23:49:45,1751039385,0,d97607b0,1878613539330630400,666666
BV1CoKizrEXN,114753322098512,男的我劝你别买小米YU7，这个功能太可怕了…,拜托了飞哥,2025-06-27 12:00:51,258076,569,1,男的我劝你别买小米YU7，这个功能太可怕了…,30718169042,17.663,1,25,16777215,2025-06-28 06:22:12,1751062932,0,33f35efd,1878811070966674176,阿杜在车底
BV1CoKizrEXN,114753322098512,男的我劝你别买小米YU7，这个功能太可怕了…,拜托了飞哥,2025-06-27 12:00:51,258076,569,1,男的我劝你别买小米YU7，这个功能太可怕了…,30718169042,88.253,1,25,16777215,2025-06-28 09:13:57,1751073237,0,ea910b43,1878897515387264256,这是小爱同学
BV1CoKizrEXN,114753322098512,男的我劝你别买小米YU7，这个功能太可怕了…,拜托了飞哥,2025-06-27 12:00:51,258076,569,1,男的我劝你别买小米YU7，这个功能太可怕了…,30718169042,86.044,1,25,16777215,2025-06-28 09:25:50,1751073950,0,1a8fdc92,1878903495525649408,这是小爱同学
BV1CoKizrEXN,114753322098512,男的我劝你别买小米YU7，这个功能太可怕了…,拜托了飞哥,2025-06-27 12:00:51,258076,569,1,男的我劝你别买小米YU7，这个功能太可怕了…,30718169042,46.951,1,25,16777215,2025-06-28 09:40:48,1751074848,0,634f2006,1878911028570381312,哈哈哈
BV1CoKizrEXN,114753322098512,男的我劝你别买小米YU7，这个功能太可怕了…,拜托了飞哥,2025-06-27 12:00:51,258076,569,1,男的我劝你别买小米YU7，这个功能太可怕了…,30718169042,45.501,1,25,16777215,2025-06-28 11:17:04,1751080624,0,af4041e5,1878959481388729344,细节绿色车漆
BV1CoKizrEXN,114753322098512,男的我劝你别买小米YU7，这个功能太可怕了…,拜托了飞哥,2025-06-27 12:00:51,258076,569,1,男的我劝你别买小米YU7，这个功能太可怕了…,30718169042,38.025,1,25,16777215,2025-06-28 11:20:16,1751080816,0,ec68fc56,1878961092513443328,不像演的
BV1CoKizrEXN,114753322098512,男的我劝你别买小米YU7，这个功能太可怕了…,拜托了飞哥,2025-06-27 12:00:51,258076,569,1,男的我劝你别买小米YU7，这个功能太可怕了…,30718169042,74.243,1,25,16707842,2025-06-28 11:22:45,1751080965,0,62f22e9a,1878962339361861888,算鸟算鸟，不能买
BV1CoKizrEXN,114753322098512,男的我劝你别买小米YU7，这个功能太可怕了…,拜托了飞哥,2025-06-27 12:00:51,258076,569,1,男的我劝你别买小米YU7，这个功能太可怕了…,30718169042,31.675,1,25,16777215,2025-06-28 11:48:09,1751082489,0,45c91784,1878975126586790144,汗流浃背了
BV1CoKizrEXN,114753322098512,男的我劝你别买小米YU7，这个功能太可怕了…,拜托了飞哥,2025-06-27 12:00:51,258076,569,1,男的我劝你别买小米YU7，这个功能太可怕了…,30718169042,102.080,1,25,16777215,2025-06-28 14:31:50,1751092310,0,a7dfb681,1879057507658989824,绿色
BV1CoKizrEXN,114753322098512,男的我劝你别买小米YU7，这个功能太可怕了…,拜托了飞哥,2025-06-27 12:00:51,258076,569,1,男的我劝你别买小米YU7，这个功能太可怕了…,30718169042,103.242,1,25,16777215,2025-06-28 14:58:00,1751093880,0,352adb9b,1879070677395369984,好演哈哈哈
BV1CoKizrEXN,114753322098512,男的我劝你别买小米YU7，这个功能太可怕了…,拜托了飞哥,2025-06-27 12:00:51,258076,569,1,男的我劝你别买小米YU7，这个功能太可怕了…,30718169042,127.363,1,25,16777215,2025-06-28 16:50:44,1751100644,0,4e38910a,1879127418996968704,点赞了
BV1CoKizrEXN,114753322098512,男的我劝你别买小米YU7，这个功能太可怕了…,拜托了飞哥,2025-06-27 12:00:51,258076,569,1,男的我劝你别买小米YU7，这个功能太可怕了…,30718169042,10.060,1,25,16777215,2025-06-28 19:57:33,1751111853,0,8502a196,1879221442198066432,内饰真的丑
BV1CoKizrEXN,114753322098512,男的我劝你别买小米YU7，这个功能太可怕了…,拜托了飞哥,2025-06-27 12:00:51,258076,569,1,男的我劝你别买小米YU7，这个功能太可怕了…,30718169042,127.878,1,25,16777215,2025-06-28 23:00:24,1751122824,0,699edca1,1879313477148474624,？？？？
BV1CoKizrEXN,114753322098512,男的我劝你别买小米YU7，这个功能太可怕了…,拜托了飞哥,2025-06-27 12:00:51,258076,569,1,男的我劝你别买小米YU7，这个功能太可怕了…,30718169042,101.924,1,25,16777215,2025-06-29 17:14:28,1751188468,0,443a9518,1879864137464154624,挺好，测评还能看小品
BV1CoKizrEXN,114753322098512,男的我劝你别买小米YU7，这个功能太可怕了…,拜托了飞哥,2025-06-27 12:00:51,258076,569,1,男的我劝你别买小米YU7，这个功能太可怕了…,30718169042,81.680,1,25,16777215,2025-06-30 11:52:54,1751255574,0,41a3178e,1880427064943924736,这个摄像头是配件吧，要单独买？
BV1CoKizrEXN,114753322098512,男的我劝你别买小米YU7，这个功能太可怕了…,拜托了飞哥,2025-06-27 12:00:51,258076,569,1,男的我劝你别买小米YU7，这个功能太可怕了…,30718169042,121.050,1,25,16777215,2025-06-30 12:46:47,1751258807,0,deba51f2,1880454187293743872,你把我的小爱叫出来了
BV1CoKizrEXN,114753322098512,男的我劝你别买小米YU7，这个功能太可怕了…,拜托了飞哥,2025-06-27 12:00:51,258076,569,1,男的我劝你别买小米YU7，这个功能太可怕了…,30718169042,11.800,1,25,16777215,2025-06-30 15:34:14,1751268854,0,c3d9d312,1880538463024141824,师妹真漂亮
BV1CoKizrEXN,114753322098512,男的我劝你别买小米YU7，这个功能太可怕了…,拜托了飞哥,2025-06-27 12:00:51,258076,569,1,男的我劝你别买小米YU7，这个功能太可怕了…,30718169042,56.378,1,25,16777215,2025-06-30 15:35:07,1751268907,0,c3d9d312,1880538908987683072,师妹吃醋
BV1CoKizrEXN,114753322098512,男的我劝你别买小米YU7，这个功能太可怕了…,拜托了飞哥,2025-06-27 12:00:51,258076,569,1,男的我劝你别买小米YU7，这个功能太可怕了…,30718169042,31.122,1,25,16646914,2025-07-01 11:13:48,1751339628,0,32b6fecf,1881132163643496704,前背箱是吧
BV1CoKizrEXN,114753322098512,男的我劝你别买小米YU7，这个功能太可怕了…,拜托了飞哥,2025-06-27 12:00:51,258076,569,1,男的我劝你别买小米YU7，这个功能太可怕了…,30718169042,51.862,1,25,16777215,2025-07-01 11:56:10,1751342170,0,349e7a1d,1881153488558614016,这是小爱同学
BV1CoKizrEXN,114753322098512,男的我劝你别买小米YU7，这个功能太可怕了…,拜托了飞哥,2025-06-27 12:00:51,258076,569,1,男的我劝你别买小米YU7，这个功能太可怕了…,30718169042,115.225,1,25,16777215,2025-07-01 12:56:55,1751345815,0,265dc250,1881184059741561344,有没有可能小师妹才是车主
BV1CoKizrEXN,114753322098512,男的我劝你别买小米YU7，这个功能太可怕了…,拜托了飞哥,2025-06-27 12:00:51,258076,569,1,男的我劝你别买小米YU7，这个功能太可怕了…,30718169042,67.820,1,25,16777215,2025-07-05 08:11:38,1751674298,0,31a16634,1883939573319813376,是长发男性
BV1CoKizrEXN,114753322098512,男的我劝你别买小米YU7，这个功能太可怕了…,拜托了飞哥,2025-06-27 12:00:51,258076,569,1,男的我劝你别买小米YU7，这个功能太可怕了…,30718169042,155.999,1,25,16777215,2025-07-05 12:21:08,1751689268,0,21d2f0c1,1884065157484137216,没录声纹之前都可以打开
BV1CoKizrEXN,114753322098512,男的我劝你别买小米YU7，这个功能太可怕了…,拜托了飞哥,2025-06-27 12:00:51,258076,569,1,男的我劝你别买小米YU7，这个功能太可怕了…,30718169042,144.155,1,25,16777215,2025-07-08 18:24:18,1751970258,0,a70edf48,1886422272873341184,？
BV1CoKizrEXN,114753322098512,男的我劝你别买小米YU7，这个功能太可怕了…,拜托了飞哥,2025-06-27 12:00:51,258076,569,1,男的我劝你别买小米YU7，这个功能太可怕了…,30718169042,99.926,1,25,16777215,2025-07-08 21:05:58,1751979958,0,26bf9ad7,1886503639209226752,逗斗车也是跑这里拍，你们小米是组团来了？
BV1CoKizrEXN,114753322098512,男的我劝你别买小米YU7，这个功能太可怕了…,拜托了飞哥,2025-06-27 12:00:51,258076,569,1,男的我劝你别买小米YU7，这个功能太可怕了…,30718169042,146.312,1,25,16777215,2025-07-09 19:26:34,1752060394,0,9f098758,1887178383645838080,？
BV1CoKizrEXN,114753322098512,男的我劝你别买小米YU7，这个功能太可怕了…,拜托了飞哥,2025-06-27 12:00:51,258076,569,1,男的我劝你别买小米YU7，这个功能太可怕了…,30718169042,60.468,1,25,16777215,2026-03-14 15:25:11,1773473111,0,58369cd,2066801270693949952,哈哈哈哈
BV1CoKizrEXN,114753322098512,男的我劝你别买小米YU7，这个功能太可怕了…,拜托了飞哥,2025-06-27 12:00:51,258076,569,1,男的我劝你别买小米YU7，这个功能太可怕了…,30718169042,2.557,1,25,16777215,2026-03-18 17:34:43,1773826483,0,77005652,2069765569779441408,吓我一跳，应激了！
BV1CoKizrEXN,114753322098512,男的我劝你别买小米YU7，这个功能太可怕了…,拜托了飞哥,2025-06-27 12:00:51,258076,569,1,男的我劝你别买小米YU7，这个功能太可怕了…,30718169042,88.104,1,25,16777215,2026-04-01 08:11:51,1775002311,0,26c4e0ff,2079629133083761664,这是小爱
BV1CoKizrEXN,114753322098512,男的我劝你别买小米YU7，这个功能太可怕了…,拜托了飞哥,2025-06-27 12:00:51,258076,569,1,男的我劝你别买小米YU7，这个功能太可怕了…,30718169042,15.140,1,25,16777215,2026-04-12 11:07:01,1775963221,0,27efb83c,2087689828845650944,这师妹这么凶？
BV1CoKizrEXN,114753322098512,男的我劝你别买小米YU7，这个功能太可怕了…,拜托了飞哥,2025-06-27 12:00:51,258076,569,1,男的我劝你别买小米YU7，这个功能太可怕了…,30718169042,156.487,1,25,16777215,2026-04-16 07:57:44,1776297464,0,809fb0be,2090493667155439616,好玩吗？
BV1CoKizrEXN,114753322098512,男的我劝你别买小米YU7，这个功能太可怕了…,拜托了飞哥,2025-06-27 12:00:51,258076,569,1,男的我劝你别买小米YU7，这个功能太可怕了…,30718169042,24.023,1,25,16777215,2026-05-20 14:05:17,1779257117,0,e719359f,2115321029236444672,河里河里
BV1GtY769EB3,117252271773398,第一视角体验！？比亚迪大唐的城市智驾,Pov_Car,2026-09-11 20:12:32,3671,8,1,第一视角体验！？比亚迪大唐的城市智驾,41794798239,186.257,1,25,16777215,2026-09-12 08:50:56,1789174256,0,19689137,2198512025125341440,康桥地铁站的比亚迪吗
BV1GtY769EB3,117252271773398,第一视角体验！？比亚迪大唐的城市智驾,Pov_Car,2026-09-11 20:12:32,3671,8,1,第一视角体验！？比亚迪大唐的城市智驾,41794798239,38.700,1,25,16777215,2026-09-12 09:02:16,1789174936,0,15424925,2198517729546447360,兄弟别紧张
BV1GtY769EB3,117252271773398,第一视角体验！？比亚迪大唐的城市智驾,Pov_Car,2026-09-11 20:12:32,3671,8,1,第一视角体验！？比亚迪大唐的城市智驾,41794798239,50.278,1,25,16777215,2026-09-13 11:27:09,1789270029,0,e55da568,2199315423748260096,太猛了
BV1GtY769EB3,117252271773398,第一视角体验！？比亚迪大唐的城市智驾,Pov_Car,2026-09-11 20:12:32,3671,8,1,第一视角体验！？比亚迪大唐的城市智驾,41794798239,57.271,1,25,16777215,2026-09-28 02:22:24,1790533344,0,21e84f3f,2209912880118884096,感觉有点晃
BV1GtY769EB3,117252271773398,第一视角体验！？比亚迪大唐的城市智驾,Pov_Car,2026-09-11 20:12:32,3671,8,1,第一视角体验！？比亚迪大唐的城市智驾,41794798239,65.645,1,25,16777215,2026-09-28 17:59:21,1790589561,0,708664b3,2210384459423830016,满满的开船感
BV1ciDLBrEY3,116368498232356,小米YU7城区智驾一镜到底,爱车的小成,2026-04-08 18:02:05,74955,63,1,小米YU7城区智驾一镜到底,37333765261,58.411,1,25,16777215,2026-04-08 20:29:50,1775651390,0,4382b537,2085073998416915456,系统和地图匹配的不精啊
BV1ciDLBrEY3,116368498232356,小米YU7城区智驾一镜到底,爱车的小成,2026-04-08 18:02:05,74955,63,1,小米YU7城区智驾一镜到底,37333765261,68.311,1,25,16777215,2026-04-13 00:30:13,1776011413,0,2ae6c52a,2088094098262804736,我在想，本来红灯他一个加速过去，，，
BV1ciDLBrEY3,116368498232356,小米YU7城区智驾一镜到底,爱车的小成,2026-04-08 18:02:05,74955,63,1,小米YU7城区智驾一镜到底,37333765261,7.919,1,25,16777215,2026-04-13 19:21:49,1776079309,0,41c7b1fe,2088663647894967296,牛逼
BV1ciDLBrEY3,116368498232356,小米YU7城区智驾一镜到底,爱车的小成,2026-04-08 18:02:05,74955,63,1,小米YU7城区智驾一镜到底,37333765261,7.589,1,25,16777215,2026-04-13 20:40:11,1776084011,0,8e311b16,2088703090944480256,正品
BV1ciDLBrEY3,116368498232356,小米YU7城区智驾一镜到底,爱车的小成,2026-04-08 18:02:05,74955,63,1,小米YU7城区智驾一镜到底,37333765261,76.743,1,25,16777215,2026-04-13 21:57:57,1776088677,0,1eddb9af,2088742227885953024,怎么老是变道？
BV1ciDLBrEY3,116368498232356,小米YU7城区智驾一镜到底,爱车的小成,2026-04-08 18:02:05,74955,63,1,小米YU7城区智驾一镜到底,37333765261,74.670,1,25,16777215,2026-04-14 22:31:02,1776177062,0,c709936c,2089483659215591424,这一直变道真的吓人
BV1ciDLBrEY3,116368498232356,小米YU7城区智驾一镜到底,爱车的小成,2026-04-08 18:02:05,74955,63,1,小米YU7城区智驾一镜到底,37333765261,1.823,1,25,16777215,2026-04-15 07:39:32,1776209972,0,34400f3a,2089759726728178688,停牌不停
BV1ciDLBrEY3,116368498232356,小米YU7城区智驾一镜到底,爱车的小成,2026-04-08 18:02:05,74955,63,1,小米YU7城区智驾一镜到底,37333765261,67.240,1,25,16777215,2026-04-15 07:41:08,1776210068,0,34400f3a,2089760532965579520,路口变道
BV1ciDLBrEY3,116368498232356,小米YU7城区智驾一镜到底,爱车的小成,2026-04-08 18:02:05,74955,63,1,小米YU7城区智驾一镜到底,37333765261,42.516,1,25,16777215,2026-04-15 19:15:18,1776251718,0,e76fb2c6,2090109921609131776,这是城郊吧
BV1ciDLBrEY3,116368498232356,小米YU7城区智驾一镜到底,爱车的小成,2026-04-08 18:02:05,74955,63,1,小米YU7城区智驾一镜到底,37333765261,103.366,1,25,16777215,2026-04-20 00:56:08,1776617768,0,b2c57af9,2093180569679790336,靠左行驶代码是这么写的，然后直行还得回中间
BV1ciDLBrEY3,116368498232356,小米YU7城区智驾一镜到底,爱车的小成,2026-04-08 18:02:05,74955,63,1,小米YU7城区智驾一镜到底,37333765261,1.823,5,25,16707842,2026-04-20 09:29:43,1776648583,0,ab18e9d3,2093439063335188992,出门第一件事情就是回家
BV1ciDLBrEY3,116368498232356,小米YU7城区智驾一镜到底,爱车的小成,2026-04-08 18:02:05,74955,63,1,小米YU7城区智驾一镜到底,37333765261,247.120,1,25,9487136,2026-04-20 12:29:57,1776659397,0,5fc9432c,2093529778102839040,脱手报警这么频繁吗
BV1ciDLBrEY3,116368498232356,小米YU7城区智驾一镜到底,爱车的小成,2026-04-08 18:02:05,74955,63,1,小米YU7城区智驾一镜到底,37333765261,302.293,1,25,16777215,2026-04-25 15:42:27,1777102947,0,732ce3c9,2097250542622806784,差点上绿化带
BV1ciDLBrEY3,116368498232356,小米YU7城区智驾一镜到底,爱车的小成,2026-04-08 18:02:05,74955,63,1,小米YU7城区智驾一镜到底,37333765261,137.634,1,25,16777215,2026-04-27 12:08:38,1777262918,0,27fd9d4e,2098592475333110784,方向盘歪的？
BV1ciDLBrEY3,116368498232356,小米YU7城区智驾一镜到底,爱车的小成,2026-04-08 18:02:05,74955,63,1,小米YU7城区智驾一镜到底,37333765261,15.263,1,25,16777215,2026-05-05 02:19:26,1777918766,0,b1eb2476,2104094132112390656,实线变道？
BV1ciDLBrEY3,116368498232356,小米YU7城区智驾一镜到底,爱车的小成,2026-04-08 18:02:05,74955,63,1,小米YU7城区智驾一镜到底,37333765261,34.731,1,25,16777215,2026-05-21 18:01:51,1779357711,0,57092a7c,2116164874555594240,他在发抖
BV1ciDLBrEY3,116368498232356,小米YU7城区智驾一镜到底,爱车的小成,2026-04-08 18:02:05,74955,63,1,小米YU7城区智驾一镜到底,37333765261,45.578,5,25,16707842,2026-08-30 22:29:35,1788100175,0,f8271543,2189501976621355776,哈哈哈哈
BV1KrLdzoEbT,114404775493652,小米SU7哨兵模式竟然拍到这么多不为人知的照片！,小宇宙Sama丶,2025-04-26 22:40:33,200438,94,1,小米SU7哨兵模式竟然拍到这么多不为人知的照片！,29628958855,31.591,1,25,16777215,2025-04-27 12:14:08,1745727248,0,887019ce,1834052102524252160,哨兵模式费电啊
BV1KrLdzoEbT,114404775493652,小米SU7哨兵模式竟然拍到这么多不为人知的照片！,小宇宙Sama丶,2025-04-26 22:40:33,200438,94,1,小米SU7哨兵模式竟然拍到这么多不为人知的照片！,29628958855,3.160,1,25,16777215,2025-04-27 15:52:07,1745740327,0,6441c39a,1834161820786119680,6
BV1KrLdzoEbT,114404775493652,小米SU7哨兵模式竟然拍到这么多不为人知的照片！,小宇宙Sama丶,2025-04-26 22:40:33,200438,94,1,小米SU7哨兵模式竟然拍到这么多不为人知的照片！,29628958855,2.304,1,25,16777215,2025-04-27 18:20:39,1745749239,0,1ce227ec,1834236579666204672,bug好吵啊
BV1KrLdzoEbT,114404775493652,小米SU7哨兵模式竟然拍到这么多不为人知的照片！,小宇宙Sama丶,2025-04-26 22:40:33,200438,94,1,小米SU7哨兵模式竟然拍到这么多不为人知的照片！,29628958855,30.911,5,25,16777215,2025-04-27 20:07:33,1745755653,0,e8930552,1834290386530169856,这大爷干啥呢？没看懂
BV1KrLdzoEbT,114404775493652,小米SU7哨兵模式竟然拍到这么多不为人知的照片！,小宇宙Sama丶,2025-04-26 22:40:33,200438,94,1,小米SU7哨兵模式竟然拍到这么多不为人知的照片！,29628958855,15.967,1,25,16777215,2025-04-27 20:37:57,1745757477,0,d210256f,1834305686771906560,？？？
BV1KrLdzoEbT,114404775493652,小米SU7哨兵模式竟然拍到这么多不为人知的照片！,小宇宙Sama丶,2025-04-26 22:40:33,200438,94,1,小米SU7哨兵模式竟然拍到这么多不为人知的照片！,29628958855,8.711,1,25,16777215,2025-04-27 21:56:05,1745762165,0,c3e49d6e,1834345010494037504,隔着屏幕都怕有毒
BV1KrLdzoEbT,114404775493652,小米SU7哨兵模式竟然拍到这么多不为人知的照片！,小宇宙Sama丶,2025-04-26 22:40:33,200438,94,1,小米SU7哨兵模式竟然拍到这么多不为人知的照片！,29628958855,21.042,1,25,16777215,2025-04-27 22:32:05,1745764325,0,1dc1f62c,1834363130172715776,兄弟萌动动发财的小手点点赞呀~点击评论区置顶链接观看精彩影片
BV1KrLdzoEbT,114404775493652,小米SU7哨兵模式竟然拍到这么多不为人知的照片！,小宇宙Sama丶,2025-04-26 22:40:33,200438,94,1,小米SU7哨兵模式竟然拍到这么多不为人知的照片！,29628958855,33.931,1,25,16777215,2025-04-27 22:34:18,1745764458,0,b9eaf74a,1834364241848209152,是不是乱停车挡行道了
BV1KrLdzoEbT,114404775493652,小米SU7哨兵模式竟然拍到这么多不为人知的照片！,小宇宙Sama丶,2025-04-26 22:40:33,200438,94,1,小米SU7哨兵模式竟然拍到这么多不为人知的照片！,29628958855,35.760,1,25,16777215,2025-12-04 21:44:54,1764855894,0,3a783473,1994514815120647168,费电？这能费多少电啊？被划一次就够你哨兵模式一年的电了
BV1KrLdzoEbT,114404775493652,小米SU7哨兵模式竟然拍到这么多不为人知的照片！,小宇宙Sama丶,2025-04-26 22:40:33,200438,94,1,小米SU7哨兵模式竟然拍到这么多不为人知的照片！,29628958855,9.160,1,25,16777215,2026-02-06 22:59:27,1770389967,0,96517e09,2040937985688131840,卧槽
BV1KrLdzoEbT,114404775493652,小米SU7哨兵模式竟然拍到这么多不为人知的照片！,小宇宙Sama丶,2025-04-26 22:40:33,200438,94,1,小米SU7哨兵模式竟然拍到这么多不为人知的照片！,29628958855,21.931,1,25,16777215,2026-05-25 03:55:50,1779652550,0,4305bc57,2118638165950105600,没绷住
BV1NrGy6TEqd,116645406247121,小米yu7智驾闯红灯差点死在路上，给孩子吓哭了,葵花白发抄丶,2026-05-27 15:51:46,9306,320,1,小米yu7智驾闯红灯差点死在路上，给孩子吓哭了,38646712666,7.221,1,25,16777215,2026-05-27 18:18:42,1779877122,0,d5d091f6,2120522014019751424,杰青还好吧？院士没受伤吧？
BV1NrGy6TEqd,116645406247121,小米yu7智驾闯红灯差点死在路上，给孩子吓哭了,葵花白发抄丶,2026-05-27 15:51:46,9306,320,1,小米yu7智驾闯红灯差点死在路上，给孩子吓哭了,38646712666,7.837,1,25,16777215,2026-05-28 14:35:36,1779950136,0,1642d39c,2121134493997173504,辅助驾驶还是得看fsd.......
BV1NrGy6TEqd,116645406247121,小米yu7智驾闯红灯差点死在路上，给孩子吓哭了,葵花白发抄丶,2026-05-27 15:51:46,9306,320,1,小米yu7智驾闯红灯差点死在路上，给孩子吓哭了,38646712666,25.002,1,25,16777215,2026-05-28 16:40:23,1779957623,0,ec833bde,2121197306769953792,雷军说过不能脱手脱眼
BV1NrGy6TEqd,116645406247121,小米yu7智驾闯红灯差点死在路上，给孩子吓哭了,葵花白发抄丶,2026-05-27 15:51:46,9306,320,1,小米yu7智驾闯红灯差点死在路上，给孩子吓哭了,38646712666,59.603,1,25,16777215,2026-05-29 12:10:58,1780027858,0,6ed0cb6c,2121786481357316352,引导线当左转待行线了
BV1NrGy6TEqd,116645406247121,小米yu7智驾闯红灯差点死在路上，给孩子吓哭了,葵花白发抄丶,2026-05-27 15:51:46,9306,320,1,小米yu7智驾闯红灯差点死在路上，给孩子吓哭了,38646712666,14.971,1,25,16777215,2026-06-02 09:51:44,1780365104,0,237307e7,2124615505439960576,车规级色盲
BV1VNtJ6UEAS,117200832693665,小米智驾怎么样？未来发展如何？（转）,电车小炮,2026-09-02 17:56:46,1527,0,1,studio_video_1788342897298,41520400898,12.060,1,25,16777215,2026-09-04 01:34:37,1788456877,0,e01400fb,2192494214922060544,缺的东西多了，只有轮毂是自己的
BV13b421a7F1,1803967275,开完小米智驾，再开华为智界，被车评人骗了，卧龙之处必有凤雏,喜悦侃车,2024-04-29 09:40:49,433464,1056,1,开完小米智驾，再开华为智界，被车评人骗了，卧龙之处必有凤雏,1523864233,47.778,1,25,16777215,2024-04-30 09:02:59,1714438979,0,1a32d537,1571587078775846912,曹操对欧阳说。。。。。。
BV13b421a7F1,1803967275,开完小米智驾，再开华为智界，被车评人骗了，卧龙之处必有凤雏,喜悦侃车,2024-04-29 09:40:49,433464,1056,1,开完小米智驾，再开华为智界，被车评人骗了，卧龙之处必有凤雏,1523864233,109.019,1,25,16777215,2024-04-30 22:42:43,1714488163,0,33857cd9,1571999667972077056,遥遥领先？
BV13b421a7F1,1803967275,开完小米智驾，再开华为智界，被车评人骗了，卧龙之处必有凤雏,喜悦侃车,2024-04-29 09:40:49,433464,1056,1,开完小米智驾，再开华为智界，被车评人骗了，卧龙之处必有凤雏,1523864233,116.156,1,25,16777215,2024-05-02 13:44:43,1714628683,0,c311718d,1573178437441581056,无人机航测的激光雷达性能更强
BV13b421a7F1,1803967275,开完小米智驾，再开华为智界，被车评人骗了，卧龙之处必有凤雏,喜悦侃车,2024-04-29 09:40:49,433464,1056,1,开完小米智驾，再开华为智界，被车评人骗了，卧龙之处必有凤雏,1523864233,35.175,1,25,16777215,2024-05-03 07:55:50,1714694150,0,51ecd315,1573727613745195008,包大选某米
BV13b421a7F1,1803967275,开完小米智驾，再开华为智界，被车评人骗了，卧龙之处必有凤雏,喜悦侃车,2024-04-29 09:40:49,433464,1056,1,开完小米智驾，再开华为智界，被车评人骗了，卧龙之处必有凤雏,1523864233,18.679,1,25,16777215,2024-05-06 22:13:56,1715004836,0,ee46b4d9,1576333831852531968,都牛，一个真牛，一个吹牛
BV13b421a7F1,1803967275,开完小米智驾，再开华为智界，被车评人骗了，卧龙之处必有凤雏,喜悦侃车,2024-04-29 09:40:49,433464,1056,1,开完小米智驾，再开华为智界，被车评人骗了，卧龙之处必有凤雏,1523864233,138.099,1,25,16777215,2024-05-06 22:16:06,1715004966,0,ee46b4d9,1576334924729255168,会不会突然死机？
BV13b421a7F1,1803967275,开完小米智驾，再开华为智界，被车评人骗了，卧龙之处必有凤雏,喜悦侃车,2024-04-29 09:40:49,433464,1056,1,开完小米智驾，再开华为智界，被车评人骗了，卧龙之处必有凤雏,1523864233,82.083,1,25,16777215,2024-05-07 21:28:54,1715088534,0,88f00c8f,1577035943183948288,科幻
BV13b421a7F1,1803967275,开完小米智驾，再开华为智界，被车评人骗了，卧龙之处必有凤雏,喜悦侃车,2024-04-29 09:40:49,433464,1056,1,开完小米智驾，再开华为智界，被车评人骗了，卧龙之处必有凤雏,1523864233,50.122,5,25,16707842,2024-05-12 01:07:50,1715447270,0,77d585c2,1580045240247609856,华为是自研投入最多的，小米搞集采整合
BV13b421a7F1,1803967275,开完小米智驾，再开华为智界，被车评人骗了，卧龙之处必有凤雏,喜悦侃车,2024-04-29 09:40:49,433464,1056,1,开完小米智驾，再开华为智界，被车评人骗了，卧龙之处必有凤雏,1523864233,9.861,1,25,16777215,2024-05-12 07:38:13,1715470693,0,fd462f73,1580241730169907456,智驾，华为目前一定是第一。不是领先一丢丢，而是遥遥领先！
BV13b421a7F1,1803967275,开完小米智驾，再开华为智界，被车评人骗了，卧龙之处必有凤雏,喜悦侃车,2024-04-29 09:40:49,433464,1056,1,开完小米智驾，再开华为智界，被车评人骗了，卧龙之处必有凤雏,1523864233,171.584,1,25,16777215,2024-05-13 12:17:16,1715573836,0,252b2be8,1581106950299971072,核心技术肯投钱自研，兼容性和性能只会越来越好，华为的品控，只有代工企业才知道，绝对是精品。华为产品故障率都比较低，这就是精益求精的结果。
BV13b421a7F1,1803967275,开完小米智驾，再开华为智界，被车评人骗了，卧龙之处必有凤雏,喜悦侃车,2024-04-29 09:40:49,433464,1056,1,开完小米智驾，再开华为智界，被车评人骗了，卧龙之处必有凤雏,1523864233,144.499,1,25,16777215,2024-05-14 21:13:53,1715692433,0,f7d0825,1582101819436764160,有可比性吗
BV13b421a7F1,1803967275,开完小米智驾，再开华为智界，被车评人骗了，卧龙之处必有凤雏,喜悦侃车,2024-04-29 09:40:49,433464,1056,1,开完小米智驾，再开华为智界，被车评人骗了，卧龙之处必有凤雏,1523864233,60.179,1,25,16777215,2024-05-19 23:56:08,1716134168,0,a1650ffd,1585807356049416192,？
BV13b421a7F1,1803967275,开完小米智驾，再开华为智界，被车评人骗了，卧龙之处必有凤雏,喜悦侃车,2024-04-29 09:40:49,433464,1056,1,开完小米智驾，再开华为智界，被车评人骗了，卧龙之处必有凤雏,1523864233,88.822,1,25,16777215,2024-05-26 20:16:36,1716725796,0,8968543c,1590770294048849664,米糇听不下去了哈哈哈
BV13b421a7F1,1803967275,开完小米智驾，再开华为智界，被车评人骗了，卧龙之处必有凤雏,喜悦侃车,2024-04-29 09:40:49,433464,1056,1,开完小米智驾，再开华为智界，被车评人骗了，卧龙之处必有凤雏,1523864233,15.097,1,25,16777215,2024-05-26 23:34:29,1716737669,0,83202894,1590869888392971776,小米支架，华为智驾
BV13b421a7F1,1803967275,开完小米智驾，再开华为智界，被车评人骗了，卧龙之处必有凤雏,喜悦侃车,2024-04-29 09:40:49,433464,1056,1,开完小米智驾，再开华为智界，被车评人骗了，卧龙之处必有凤雏,1523864233,77.062,1,25,16777215,2024-06-08 22:42:08,1717857728,0,e60e5400,1600265629246516736,最后一期
BV13b421a7F1,1803967275,开完小米智驾，再开华为智界，被车评人骗了，卧龙之处必有凤雏,喜悦侃车,2024-04-29 09:40:49,433464,1056,1,开完小米智驾，再开华为智界，被车评人骗了，卧龙之处必有凤雏,1523864233,164.879,1,25,16777215,2024-06-19 02:54:52,1718736892,0,2521accb,1607640589321599744,小米苏区的智能驾驶你敢用吗？
BV13b421a7F1,1803967275,开完小米智驾，再开华为智界，被车评人骗了，卧龙之处必有凤雏,喜悦侃车,2024-04-29 09:40:49,433464,1056,1,开完小米智驾，再开华为智界，被车评人骗了，卧龙之处必有凤雏,1523864233,102.156,1,25,16777215,2024-11-17 17:26:31,1731835591,0,89c7ae79,1717520444519222784,好家伙，我以为是现实开车对比呢，原来就这念台词啊
BV13b421a7F1,1803967275,开完小米智驾，再开华为智界，被车评人骗了，卧龙之处必有凤雏,喜悦侃车,2024-04-29 09:40:49,433464,1056,1,开完小米智驾，再开华为智界，被车评人骗了，卧龙之处必有凤雏,1523864233,61.548,5,25,16777215,2024-12-07 11:21:03,1733541663,0,1dd3321a,1731832013260350208,奥迪也是用华为了
BV13b421a7F1,1803967275,开完小米智驾，再开华为智界，被车评人骗了，卧龙之处必有凤雏,喜悦侃车,2024-04-29 09:40:49,433464,1056,1,开完小米智驾，再开华为智界，被车评人骗了，卧龙之处必有凤雏,1523864233,107.858,1,25,16777215,2025-01-01 08:06:15,1735689975,0,d1da2459,1749853353535907584,是的，都是情怀党，买华为就是为了智驾去的，买小米好开好玩
BV13b421a7F1,1803967275,开完小米智驾，再开华为智界，被车评人骗了，卧龙之处必有凤雏,喜悦侃车,2024-04-29 09:40:49,433464,1056,1,开完小米智驾，再开华为智界，被车评人骗了，卧龙之处必有凤雏,1523864233,68.011,1,25,16777215,2025-01-03 20:22:39,1735906959,0,71fe64de,1751673553142715392,哈哈哈
BV13b421a7F1,1803967275,开完小米智驾，再开华为智界，被车评人骗了，卧龙之处必有凤雏,喜悦侃车,2024-04-29 09:40:49,433464,1056,1,开完小米智驾，再开华为智界，被车评人骗了，卧龙之处必有凤雏,1523864233,101.888,1,25,16777215,2025-01-06 23:59:56,1736179196,0,ea3a1145,1753957244028536320,市值可以估算
BV13b421a7F1,1803967275,开完小米智驾，再开华为智界，被车评人骗了，卧龙之处必有凤雏,喜悦侃车,2024-04-29 09:40:49,433464,1056,1,开完小米智驾，再开华为智界，被车评人骗了，卧龙之处必有凤雏,1523864233,162.380,1,25,16777215,2025-01-07 08:08:08,1736208488,0,ce674e1a,1754202957898894336,《够用》
BV13b421a7F1,1803967275,开完小米智驾，再开华为智界，被车评人骗了，卧龙之处必有凤雏,喜悦侃车,2024-04-29 09:40:49,433464,1056,1,开完小米智驾，再开华为智界，被车评人骗了，卧龙之处必有凤雏,1523864233,68.731,1,25,16777215,2025-01-23 11:39:09,1737603549,0,d9c85c23,1765905581707365632,哦，那我在网上看到的那个手机支架是假的喽？
BV13b421a7F1,1803967275,开完小米智驾，再开华为智界，被车评人骗了，卧龙之处必有凤雏,喜悦侃车,2024-04-29 09:40:49,433464,1056,1,开完小米智驾，再开华为智界，被车评人骗了，卧龙之处必有凤雏,1523864233,1.309,5,25,15138834,2025-01-25 20:33:36,1737808416,0,650af1f5,1767624127306436864,键盘侠一个，不如信我是秦始皇
BV13b421a7F1,1803967275,开完小米智驾，再开华为智界，被车评人骗了，卧龙之处必有凤雏,喜悦侃车,2024-04-29 09:40:49,433464,1056,1,开完小米智驾，再开华为智界，被车评人骗了，卧龙之处必有凤雏,1523864233,117.785,1,25,16777215,2025-01-25 21:59:10,1737813550,0,a1b47d3d,1767667197305512448,对着稿念，佩服佩服。
BV13b421a7F1,1803967275,开完小米智驾，再开华为智界，被车评人骗了，卧龙之处必有凤雏,喜悦侃车,2024-04-29 09:40:49,433464,1056,1,开完小米智驾，再开华为智界，被车评人骗了，卧龙之处必有凤雏,1523864233,142.824,1,25,16777215,2025-02-03 10:48:35,1738550915,0,3f04a8dc,1773852659737654272,你这等于没说
BV13b421a7F1,1803967275,开完小米智驾，再开华为智界，被车评人骗了，卧龙之处必有凤雏,喜悦侃车,2024-04-29 09:40:49,433464,1056,1,开完小米智驾，再开华为智界，被车评人骗了，卧龙之处必有凤雏,1523864233,1.080,1,25,16777215,2025-02-15 07:37:10,1739576230,0,55095557,1782453626892026112,小米：你报我身份证得了，我也是字研的
BV13b421a7F1,1803967275,开完小米智驾，再开华为智界，被车评人骗了，卧龙之处必有凤雏,喜悦侃车,2024-04-29 09:40:49,433464,1056,1,开完小米智驾，再开华为智界，被车评人骗了，卧龙之处必有凤雏,1523864233,85.165,1,25,16777215,2025-02-26 21:20:12,1740576012,0,54dc6447,1790840406293527040,军工级极光雷达
BV13b421a7F1,1803967275,开完小米智驾，再开华为智界，被车评人骗了，卧龙之处必有凤雏,喜悦侃车,2024-04-29 09:40:49,433464,1056,1,开完小米智驾，再开华为智界，被车评人骗了，卧龙之处必有凤雏,1523864233,56.141,1,25,16777215,2025-03-15 09:50:20,1742003420,0,443e355b,1802814371773250304,小米的车标真是高科技
BV13b421a7F1,1803967275,开完小米智驾，再开华为智界，被车评人骗了，卧龙之处必有凤雏,喜悦侃车,2024-04-29 09:40:49,433464,1056,1,开完小米智驾，再开华为智界，被车评人骗了，卧龙之处必有凤雏,1523864233,109.801,1,25,16777215,2025-04-01 19:38:41,1743507521,0,fd8c9d1e,1815431687283411968,你一张图讲这么久，真的很牛
BV13b421a7F1,1803967275,开完小米智驾，再开华为智界，被车评人骗了，卧龙之处必有凤雏,喜悦侃车,2024-04-29 09:40:49,433464,1056,1,开完小米智驾，再开华为智界，被车评人骗了，卧龙之处必有凤雏,1523864233,60.484,1,25,16777215,2025-04-14 10:32:12,1744597932,0,3e8bbaf5,1824578717419836160,芯片不代表智驾啊，UP搞错了
BV13b421a7F1,1803967275,开完小米智驾，再开华为智界，被车评人骗了，卧龙之处必有凤雏,喜悦侃车,2024-04-29 09:40:49,433464,1056,1,开完小米智驾，再开华为智界，被车评人骗了，卧龙之处必有凤雏,1523864233,96.840,1,25,16777215,2025-04-24 08:24:20,1745454260,0,637919f0,1831762116558838016,华为永不上市
BV13b421a7F1,1803967275,开完小米智驾，再开华为智界，被车评人骗了，卧龙之处必有凤雏,喜悦侃车,2024-04-29 09:40:49,433464,1056,1,开完小米智驾，再开华为智界，被车评人骗了，卧龙之处必有凤雏,1523864233,157.397,1,25,16777215,2025-05-04 12:29:32,1746332972,0,7158e5e6,1839133290360221696,给足脸面了，绝对满足马路牙子需求了
BV13b421a7F1,1803967275,开完小米智驾，再开华为智界，被车评人骗了，卧龙之处必有凤雏,喜悦侃车,2024-04-29 09:40:49,433464,1056,1,开完小米智驾，再开华为智界，被车评人骗了，卧龙之处必有凤雏,1523864233,128.633,1,25,16777215,2025-05-08 20:06:41,1746706001,0,f4ae982,1842262478390848000,自动驾驶 犯忌了啊
BV13b421a7F1,1803967275,开完小米智驾，再开华为智界，被车评人骗了，卧龙之处必有凤雏,喜悦侃车,2024-04-29 09:40:49,433464,1056,1,开完小米智驾，再开华为智界，被车评人骗了，卧龙之处必有凤雏,1523864233,122.303,1,25,16777215,2025-05-08 20:56:53,1746709013,0,2e76f3d5,1842287749458595072,小米是性能车华为是家用车定位不一样
BV13b421a7F1,1803967275,开完小米智驾，再开华为智界，被车评人骗了，卧龙之处必有凤雏,喜悦侃车,2024-04-29 09:40:49,433464,1056,1,开完小米智驾，再开华为智界，被车评人骗了，卧龙之处必有凤雏,1523864233,30.155,1,25,16777215,2025-05-13 00:57:28,1747069048,0,81bd19ff,1845307941302490624,不管谁牛逼，驾驶位上坐的是人不是放了块石头，请做出一个驾驶员该做的事
BV13b421a7F1,1803967275,开完小米智驾，再开华为智界，被车评人骗了，卧龙之处必有凤雏,喜悦侃车,2024-04-29 09:40:49,433464,1056,1,开完小米智驾，再开华为智界，被车评人骗了，卧龙之处必有凤雏,1523864233,61.650,5,25,16777215,2025-05-16 20:52:58,1747399978,0,3a132e15,1848083982533603584,华为救了赛力斯，同时省了自己建厂
BV13b421a7F1,1803967275,开完小米智驾，再开华为智界，被车评人骗了，卧龙之处必有凤雏,喜悦侃车,2024-04-29 09:40:49,433464,1056,1,开完小米智驾，再开华为智界，被车评人骗了，卧龙之处必有凤雏,1523864233,89.586,1,25,16777215,2025-05-18 22:17:10,1747577830,0,dabce11e,1849575911516288256,30W起步，太贵了，买不起啊
BV13b421a7F1,1803967275,开完小米智驾，再开华为智界，被车评人骗了，卧龙之处必有凤雏,喜悦侃车,2024-04-29 09:40:49,433464,1056,1,开完小米智驾，再开华为智界，被车评人骗了，卧龙之处必有凤雏,1523864233,92.611,5,25,16777215,2025-05-27 00:59:31,1748278771,0,307a613d,1855455832180305920,华子的有源相控阵雷达都快来了
BV13b421a7F1,1803967275,开完小米智驾，再开华为智界，被车评人骗了，卧龙之处必有凤雏,喜悦侃车,2024-04-29 09:40:49,433464,1056,1,开完小米智驾，再开华为智界，被车评人骗了，卧龙之处必有凤雏,1523864233,120.867,1,25,16777215,2025-06-09 17:04:10,1749459850,0,3fab2edc,1865363440383241216,小米变道这个犹犹豫豫到底是为啥啊 端到端自相矛盾？
BV13b421a7F1,1803967275,开完小米智驾，再开华为智界，被车评人骗了，卧龙之处必有凤雏,喜悦侃车,2024-04-29 09:40:49,433464,1056,1,开完小米智驾，再开华为智界，被车评人骗了，卧龙之处必有凤雏,1523864233,158.052,1,25,16777215,2025-06-14 22:57:22,1749913042,0,d90c55ef,1869165090336116480,毕竟华为的贵了这么多，够用就行可以接受
BV13b421a7F1,1803967275,开完小米智驾，再开华为智界，被车评人骗了，卧龙之处必有凤雏,喜悦侃车,2024-04-29 09:40:49,433464,1056,1,开完小米智驾，再开华为智界，被车评人骗了，卧龙之处必有凤雏,1523864233,8.091,1,25,16777215,2025-09-26 19:58:36,1758887916,0,f2e4d799,1944451789021711616,华为是真牛
BV13b421a7F1,1803967275,开完小米智驾，再开华为智界，被车评人骗了，卧龙之处必有凤雏,喜悦侃车,2024-04-29 09:40:49,433464,1056,1,开完小米智驾，再开华为智界，被车评人骗了，卧龙之处必有凤雏,1523864233,75.730,5,25,16777215,2025-12-07 09:04:47,1765069487,0,43e18dba,1996306568144358912,芯片是华为的海思麒麟芯片
BV13b421a7F1,1803967275,开完小米智驾，再开华为智界，被车评人骗了，卧龙之处必有凤雏,喜悦侃车,2024-04-29 09:40:49,433464,1056,1,开完小米智驾，再开华为智界，被车评人骗了，卧龙之处必有凤雏,1523864233,152.045,1,25,16777215,2026-03-08 23:57:26,1772985446,0,aa82c02d,2062710444099692288,支持华为，我们明眼人都买华为
BV1Q7eM6aEtj,117284718774789,战争结束，小米这些紧急避让确实很难黑,Exrick车库,2026-09-17 13:26:44,8847,45,1,战争结束，小米这些紧急避让确实很难黑,41964799207,7.932,1,25,16777215,2026-09-18 21:09:22,1789736962,0,d4ce3f64,2203232344994406656,开了两年的SU7，从没觉得智驾有什么问题
BV1Q7eM6aEtj,117284718774789,战争结束，小米这些紧急避让确实很难黑,Exrick车库,2026-09-17 13:26:44,8847,45,1,战争结束，小米这些紧急避让确实很难黑,41964799207,26.230,1,25,16777215,2026-09-27 13:00:28,1790485228,0,4afc8a22,2209509257060571392,这个是真吓人，车屁股已经横向滑出去，车头指向护栏了
BV1nQBaBHEPm,115783795481269,小米SU7巨大的HUD真的太容易积攒灰尘了，,凌凌好物分享,2025-12-26 11:45:37,141260,251,1,小米SU7巨大的HUD真的太容易积攒灰尘了，,34985938895,42.445,1,25,16777215,2026-01-17 08:46:07,1768610767,0,319f4644,2026012976406650880,挡板积灰拆下来擦一下就行，HUD积灰不好擦
BV1nQBaBHEPm,115783795481269,小米SU7巨大的HUD真的太容易积攒灰尘了，,凌凌好物分享,2025-12-26 11:45:37,141260,251,1,小米SU7巨大的HUD真的太容易积攒灰尘了，,34985938895,16.188,1,25,16777215,2026-01-17 13:07:42,1768626462,0,3e991859,2026144634811785216,和你环境有关系
BV1nQBaBHEPm,115783795481269,小米SU7巨大的HUD真的太容易积攒灰尘了，,凌凌好物分享,2025-12-26 11:45:37,141260,251,1,小米SU7巨大的HUD真的太容易积攒灰尘了，,34985938895,8.360,1,25,16777215,2026-01-17 18:51:21,1768647081,0,851a10a0,2026317599662814976,大吗？
BV1nQBaBHEPm,115783795481269,小米SU7巨大的HUD真的太容易积攒灰尘了，,凌凌好物分享,2025-12-26 11:45:37,141260,251,1,小米SU7巨大的HUD真的太容易积攒灰尘了，,34985938895,79.070,1,25,16777215,2026-01-17 19:12:57,1768648377,0,2b5d3c3a,2026328474352286208,凹面镜，太牛了老铁
BV1nQBaBHEPm,115783795481269,小米SU7巨大的HUD真的太容易积攒灰尘了，,凌凌好物分享,2025-12-26 11:45:37,141260,251,1,小米SU7巨大的HUD真的太容易积攒灰尘了，,34985938895,38.570,5,25,15138834,2026-01-17 19:52:34,1768650754,0,af012e9a,2026348407647419904,哦，原来是卖东西的！
BV1nQBaBHEPm,115783795481269,小米SU7巨大的HUD真的太容易积攒灰尘了，,凌凌好物分享,2025-12-26 11:45:37,141260,251,1,小米SU7巨大的HUD真的太容易积攒灰尘了，,34985938895,26.280,5,25,16777215,2026-01-17 23:15:14,1768662914,0,b38a0861,2026450414815825152,这下听懂了
BV1nQBaBHEPm,115783795481269,小米SU7巨大的HUD真的太容易积攒灰尘了，,凌凌好物分享,2025-12-26 11:45:37,141260,251,1,小米SU7巨大的HUD真的太容易积攒灰尘了，,34985938895,28.297,1,25,16777215,2026-01-18 09:10:53,1768698653,0,f50ae19,2026750217466340608,擦坏的原因就是沙子，内饰我擦坏过
BV1nQBaBHEPm,115783795481269,小米SU7巨大的HUD真的太容易积攒灰尘了，,凌凌好物分享,2025-12-26 11:45:37,141260,251,1,小米SU7巨大的HUD真的太容易积攒灰尘了，,34985938895,10.917,1,25,16777215,2026-01-19 12:10:53,1768795853,0,3cce3675,2027565589988011776,可真大
BV1nQBaBHEPm,115783795481269,小米SU7巨大的HUD真的太容易积攒灰尘了，,凌凌好物分享,2025-12-26 11:45:37,141260,251,1,小米SU7巨大的HUD真的太容易积攒灰尘了，,34985938895,73.921,1,25,16777215,2026-02-02 17:34:30,1770024870,0,2bec2e07,2037875335601193728,再贴个膜
BV1nQBaBHEPm,115783795481269,小米SU7巨大的HUD真的太容易积攒灰尘了，,凌凌好物分享,2025-12-26 11:45:37,141260,251,1,小米SU7巨大的HUD真的太容易积攒灰尘了，,34985938895,6.248,1,25,16777215,2026-02-14 09:22:46,1771032166,0,ab4406b,2046325145592795904,大在哪，hud不都这样？
BV1nQBaBHEPm,115783795481269,小米SU7巨大的HUD真的太容易积攒灰尘了，,凌凌好物分享,2025-12-26 11:45:37,141260,251,1,小米SU7巨大的HUD真的太容易积攒灰尘了，,34985938895,41.462,5,25,15138834,2026-02-22 22:41:40,1771771300,0,7d55aa61,2052525446902072064,不是你一镜到底也没擦刚刚的灰啊，这不就说明灰根本不影响吗
BV1nQBaBHEPm,115783795481269,小米SU7巨大的HUD真的太容易积攒灰尘了，,凌凌好物分享,2025-12-26 11:45:37,141260,251,1,小米SU7巨大的HUD真的太容易积攒灰尘了，,34985938895,34.519,5,25,15138834,2026-02-22 22:44:07,1771771447,0,7d55aa61,2052526677678554624,高速一个急刹飞脸上怎么办
BV1nQBaBHEPm,115783795481269,小米SU7巨大的HUD真的太容易积攒灰尘了，,凌凌好物分享,2025-12-26 11:45:37,141260,251,1,小米SU7巨大的HUD真的太容易积攒灰尘了，,34985938895,50.448,1,25,16777215,2026-03-02 19:32:35,1772451155,0,3637e8ac,2058228485310488576,前面撞车了
BV1nQBaBHEPm,115783795481269,小米SU7巨大的HUD真的太容易积攒灰尘了，,凌凌好物分享,2025-12-26 11:45:37,141260,251,1,小米SU7巨大的HUD真的太容易积攒灰尘了，,34985938895,51.388,1,25,16777215,2026-03-05 10:56:54,1772679414,0,a10605ed,2060143263461085184,都开始一闪一闪了。
BV1nQBaBHEPm,115783795481269,小米SU7巨大的HUD真的太容易积攒灰尘了，,凌凌好物分享,2025-12-26 11:45:37,141260,251,1,小米SU7巨大的HUD真的太容易积攒灰尘了，,34985938895,62.941,1,25,16777215,2026-03-05 10:57:17,1772679437,0,a10605ed,2060143454931151104,一装上这个板板就开始闪
BV1nQBaBHEPm,115783795481269,小米SU7巨大的HUD真的太容易积攒灰尘了，,凌凌好物分享,2025-12-26 11:45:37,141260,251,1,小米SU7巨大的HUD真的太容易积攒灰尘了，,34985938895,42.747,1,25,16777215,2026-04-23 10:54:33,1776912873,0,d5247bd1,2095656089114057216,板子可以拆下来擦呀，脑子
BV1nQBaBHEPm,115783795481269,小米SU7巨大的HUD真的太容易积攒灰尘了，,凌凌好物分享,2025-12-26 11:45:37,141260,251,1,小米SU7巨大的HUD真的太容易积攒灰尘了，,34985938895,57.352,1,25,16777215,2026-05-23 08:38:02,1779496682,0,17ab50c7,2117330646044403968,一闪一闪的是显示光源频闪，你对着自己家灯泡录一段视频看看就懂了
BV1nQBaBHEPm,115783795481269,小米SU7巨大的HUD真的太容易积攒灰尘了，,凌凌好物分享,2025-12-26 11:45:37,141260,251,1,小米SU7巨大的HUD真的太容易积攒灰尘了，,34985938895,23.752,1,25,16777215,2026-08-25 17:48:43,1787651323,0,632650e7,2185736738503334400,无纺布啊
BV19WpweyEXW,113079257990534,小米无图智驾，农村路首测，结果很意外,小杨试驾,2024-09-04 20:40:06,193478,745,1,小米无图智驾，农村路首测，结果很意外,25736907867,39.986,1,25,16777215,2024-09-04 20:42:55,1725453775,0,f5828ce7,1663985886230321664,真全网首秀了
BV19WpweyEXW,113079257990534,小米无图智驾，农村路首测，结果很意外,小杨试驾,2024-09-04 20:40:06,193478,745,1,小米无图智驾，农村路首测，结果很意外,25736907867,109.425,1,25,16777215,2024-09-04 20:43:21,1725453801,0,bb4eaeb,1663986108788726784,去田里干活
BV19WpweyEXW,113079257990534,小米无图智驾，农村路首测，结果很意外,小杨试驾,2024-09-04 20:40:06,193478,745,1,小米无图智驾，农村路首测，结果很意外,25736907867,270.019,1,25,16777215,2024-09-04 20:46:43,1725454003,0,185480c2,1663987796358506496,牛哇牛哇
BV19WpweyEXW,113079257990534,小米无图智驾，农村路首测，结果很意外,小杨试驾,2024-09-04 20:40:06,193478,745,1,小米无图智驾，农村路首测，结果很意外,25736907867,169.905,1,25,16777215,2024-09-04 20:54:12,1725454452,0,e21fef34,1663991569554439424,车太大了
BV19WpweyEXW,113079257990534,小米无图智驾，农村路首测，结果很意外,小杨试驾,2024-09-04 20:40:06,193478,745,1,小米无图智驾，农村路首测，结果很意外,25736907867,294.487,5,25,15138834,2024-09-04 20:56:49,1725454609,0,1ebf7978,1663992885433276416,还有很大的进步空间，例如这个路口盲区没有防御性刹车
BV19WpweyEXW,113079257990534,小米无图智驾，农村路首测，结果很意外,小杨试驾,2024-09-04 20:40:06,193478,745,1,小米无图智驾，农村路首测，结果很意外,25736907867,48.214,1,25,16777215,2024-09-04 20:58:47,1725454727,0,f0b54c41,1663993876597872384,高德的数据也挺牛的
BV19WpweyEXW,113079257990534,小米无图智驾，农村路首测，结果很意外,小杨试驾,2024-09-04 20:40:06,193478,745,1,小米无图智驾，农村路首测，结果很意外,25736907867,343.885,1,25,16777215,2024-09-04 21:10:18,1725455418,0,d49c97e9,1663999669745364992,让你自己观察路口
BV19WpweyEXW,113079257990534,小米无图智驾，农村路首测，结果很意外,小杨试驾,2024-09-04 20:40:06,193478,745,1,小米无图智驾，农村路首测，结果很意外,25736907867,46.839,1,25,16777215,2024-09-04 21:14:26,1725455666,0,94a24339,1664001752527322368,每次开高德导航，显示“无名道路”时我就很兴奋
BV19WpweyEXW,113079257990534,小米无图智驾，农村路首测，结果很意外,小杨试驾,2024-09-04 20:40:06,193478,745,1,小米无图智驾，农村路首测，结果很意外,25736907867,260.030,1,25,16777215,2024-09-04 21:55:30,1725458130,0,2e87ef9c,1664022421218884864,小米智能拖拉机指日可待
BV19WpweyEXW,113079257990534,小米无图智驾，农村路首测，结果很意外,小杨试驾,2024-09-04 20:40:06,193478,745,1,小米无图智驾，农村路首测，结果很意外,25736907867,60.139,1,25,16777215,2024-09-04 22:14:42,1725459282,0,604d2660,1664032080155414528,我以前跑滴滴显示无名道路时慌得一比
BV19WpweyEXW,113079257990534,小米无图智驾，农村路首测，结果很意外,小杨试驾,2024-09-04 20:40:06,193478,745,1,小米无图智驾，农村路首测，结果很意外,25736907867,114.738,1,25,16777215,2024-09-04 22:36:15,1725460575,0,d4fbf139,1664042929712850176,这里弯度较大，这个车车身比较长，路还比较窄，还刚好有一个小电瓶车，
BV19WpweyEXW,113079257990534,小米无图智驾，农村路首测，结果很意外,小杨试驾,2024-09-04 20:40:06,193478,745,1,小米无图智驾，农村路首测，结果很意外,25736907867,171.700,1,25,16777215,2024-09-04 22:49:20,1725461360,0,3dd35129,1664049514509956608,这种路况喂得数据太少了，给小爱同学干迷糊了
BV19WpweyEXW,113079257990534,小米无图智驾，农村路首测，结果很意外,小杨试驾,2024-09-04 20:40:06,193478,745,1,小米无图智驾，农村路首测，结果很意外,25736907867,301.342,1,25,16777215,2024-09-04 23:04:52,1725462292,0,bfdd54a8,1664057335410737408,实际慌得很
BV19WpweyEXW,113079257990534,小米无图智驾，农村路首测，结果很意外,小杨试驾,2024-09-04 20:40:06,193478,745,1,小米无图智驾，农村路首测，结果很意外,25736907867,287.773,1,25,16777215,2024-09-04 23:07:19,1725462439,0,ead12127,1664058565599884800,没有画线对向来车，识别为对方逆行
BV19WpweyEXW,113079257990534,小米无图智驾，农村路首测，结果很意外,小杨试驾,2024-09-04 20:40:06,193478,745,1,小米无图智驾，农村路首测，结果很意外,25736907867,53.899,1,25,16777215,2024-09-04 23:09:08,1725462548,0,cc8fedc7,1664059485074995200,这个还是依托导航地图，叫轻图更合适吧
BV19WpweyEXW,113079257990534,小米无图智驾，农村路首测，结果很意外,小杨试驾,2024-09-04 20:40:06,193478,745,1,小米无图智驾，农村路首测，结果很意外,25736907867,198.179,1,25,16777215,2024-09-04 23:20:14,1725463214,0,c87ac778,1664065067182144000,地图没识别出来的路啊
BV19WpweyEXW,113079257990534,小米无图智驾，农村路首测，结果很意外,小杨试驾,2024-09-04 20:40:06,193478,745,1,小米无图智驾，农村路首测，结果很意外,25736907867,56.645,1,25,16777215,2024-09-04 23:35:15,1725464115,0,d558729,1664072629050986496,无图就是无高精地图，你没导航地图那让车怎么开。。。轻图是说有路口拓扑信息那种
BV19WpweyEXW,113079257990534,小米无图智驾，农村路首测，结果很意外,小杨试驾,2024-09-04 20:40:06,193478,745,1,小米无图智驾，农村路首测，结果很意外,25736907867,73.659,5,25,15138834,2024-09-04 23:36:42,1725464202,0,4fb66eb7,1664073356494061312,我自己开都做不到无图
BV19WpweyEXW,113079257990534,小米无图智驾，农村路首测，结果很意外,小杨试驾,2024-09-04 20:40:06,193478,745,1,小米无图智驾，农村路首测，结果很意外,25736907867,262.051,1,25,16777215,2024-09-04 23:47:31,1725464851,0,57e7aeab,1664078800675617280,下次出个小米自动耕田机
BV19WpweyEXW,113079257990534,小米无图智驾，农村路首测，结果很意外,小杨试驾,2024-09-04 20:40:06,193478,745,1,小米无图智驾，农村路首测，结果很意外,25736907867,155.409,1,25,16777215,2024-09-05 00:12:38,1725466358,0,f3ed7972,1664091444765803776,过不去吧
BV19WpweyEXW,113079257990534,小米无图智驾，农村路首测，结果很意外,小杨试驾,2024-09-04 20:40:06,193478,745,1,小米无图智驾，农村路首测，结果很意外,25736907867,240.998,1,25,16777215,2024-09-05 00:15:09,1725466509,0,f3ed7972,1664092705993048320,路旁边的草会影响雷达判断
BV19WpweyEXW,113079257990534,小米无图智驾，农村路首测，结果很意外,小杨试驾,2024-09-04 20:40:06,193478,745,1,小米无图智驾，农村路首测，结果很意外,25736907867,250.628,1,25,16777215,2024-09-05 00:18:51,1725466731,0,21a345ce,1664094573347437056,山区开习惯了的表示无所畏惧哈哈
BV19WpweyEXW,113079257990534,小米无图智驾，农村路首测，结果很意外,小杨试驾,2024-09-04 20:40:06,193478,745,1,小米无图智驾，农村路首测，结果很意外,25736907867,227.939,1,25,16777215,2024-09-05 00:54:10,1725468850,0,3b34dda2,1664112345552779776,小爱：给我干哪来了？这还是国内么
BV19WpweyEXW,113079257990534,小米无图智驾，农村路首测，结果很意外,小杨试驾,2024-09-04 20:40:06,193478,745,1,小米无图智驾，农村路首测，结果很意外,25736907867,92.478,1,25,16777215,2024-09-05 00:55:57,1725468957,0,268c3ee3,1664113243712622080,不靠图车怎么知道怎么走，至少得自己开过一次吧
BV19WpweyEXW,113079257990534,小米无图智驾，农村路首测，结果很意外,小杨试驾,2024-09-04 20:40:06,193478,745,1,小米无图智驾，农村路首测，结果很意外,25736907867,65.799,1,25,16777215,2024-09-05 01:03:41,1725469421,0,fa0844e8,1664117139843681024,无图这个专有名词就是指的高清地图，没地图导航都导不了
BV19WpweyEXW,113079257990534,小米无图智驾，农村路首测，结果很意外,小杨试驾,2024-09-04 20:40:06,193478,745,1,小米无图智驾，农村路首测，结果很意外,25736907867,92.565,1,25,16777215,2024-09-05 01:18:20,1725470300,0,abc6aefc,1664124511056475648,极限
BV19WpweyEXW,113079257990534,小米无图智驾，农村路首测，结果很意外,小杨试驾,2024-09-04 20:40:06,193478,745,1,小米无图智驾，农村路首测，结果很意外,25736907867,165.219,1,25,16777215,2024-09-05 02:21:28,1725474088,0,8c8f8ea,1664156286943916544,这种路还是别辅助驾驶了吧。。。自己都开不快
BV19WpweyEXW,113079257990534,小米无图智驾，农村路首测，结果很意外,小杨试驾,2024-09-04 20:40:06,193478,745,1,小米无图智驾，农村路首测，结果很意外,25736907867,6.859,1,25,16777215,2024-09-05 03:50:44,1725479444,0,baf067cf,1664201216831918336,识别不了建筑物嘛
BV19WpweyEXW,113079257990534,小米无图智驾，农村路首测，结果很意外,小杨试驾,2024-09-04 20:40:06,193478,745,1,小米无图智驾，农村路首测，结果很意外,25736907867,82.649,1,25,16777215,2024-09-05 03:51:50,1725479510,0,baf067cf,1664201766847781376,识别不到道路
BV19WpweyEXW,113079257990534,小米无图智驾，农村路首测，结果很意外,小杨试驾,2024-09-04 20:40:06,193478,745,1,小米无图智驾，农村路首测，结果很意外,25736907867,213.807,1,25,16777215,2024-09-05 07:07:50,1725491270,0,37acae8d,1664300416852525824,加点电鼓励一下
BV19WpweyEXW,113079257990534,小米无图智驾，农村路首测，结果很意外,小杨试驾,2024-09-04 20:40:06,193478,745,1,小米无图智驾，农村路首测，结果很意外,25736907867,340.489,1,25,16777215,2024-09-05 08:01:34,1725494494,0,100acce5,1664327465642382336,没跑过的路多跑几次，让小爱学习就好跑了
BV19WpweyEXW,113079257990534,小米无图智驾，农村路首测，结果很意外,小杨试驾,2024-09-04 20:40:06,193478,745,1,小米无图智驾，农村路首测，结果很意外,25736907867,173.740,1,25,16777215,2024-09-05 08:10:32,1725495032,0,1823fb56,1664331979401210112,明显缺少这种路况的针对性训练，和复杂度没关系
BV19WpweyEXW,113079257990534,小米无图智驾，农村路首测，结果很意外,小杨试驾,2024-09-04 20:40:06,193478,745,1,小米无图智驾，农村路首测，结果很意外,25736907867,331.715,1,25,16777215,2024-09-05 08:13:34,1725495214,0,1823fb56,1664333505708492800,没有一个弯能转过去的。走个直线还强的可怕
BV19WpweyEXW,113079257990534,小米无图智驾，农村路首测，结果很意外,小杨试驾,2024-09-04 20:40:06,193478,745,1,小米无图智驾，农村路首测，结果很意外,25736907867,105.014,1,25,16777215,2024-09-05 08:27:55,1725496075,0,8a75a530,1664340721748254720,好险，是不是差点
BV19WpweyEXW,113079257990534,小米无图智驾，农村路首测，结果很意外,小杨试驾,2024-09-04 20:40:06,193478,745,1,小米无图智驾，农村路首测，结果很意外,25736907867,75.751,1,25,16777215,2024-09-05 08:56:21,1725497781,0,a641edc8,1664355038644448000,相当于你会开车，但是不知道道在哪，没有地图怎么开
BV19WpweyEXW,113079257990534,小米无图智驾，农村路首测，结果很意外,小杨试驾,2024-09-04 20:40:06,193478,745,1,小米无图智驾，农村路首测，结果很意外,25736907867,61.669,1,25,16777215,2024-09-05 09:02:48,1725498168,0,3f2cfdd1,1664358281244003072,前面的真幽默，没地图，导航信息哪里来？
BV19WpweyEXW,113079257990534,小米无图智驾，农村路首测，结果很意外,小杨试驾,2024-09-04 20:40:06,193478,745,1,小米无图智驾，农村路首测，结果很意外,25736907867,309.726,1,25,16777215,2024-09-05 09:35:04,1725500104,0,1fda361a,1664374523971565568,这个比自己开的还累
BV19WpweyEXW,113079257990534,小米无图智驾，农村路首测，结果很意外,小杨试驾,2024-09-04 20:40:06,193478,745,1,小米无图智驾，农村路首测，结果很意外,25736907867,342.261,1,25,16777215,2024-09-05 09:35:38,1725500138,0,f4a33eb6,1664374810325126144,这是对的，在路口把选择权交给驾驶员，避免无法预知的风险。
BV19WpweyEXW,113079257990534,小米无图智驾，农村路首测，结果很意外,小杨试驾,2024-09-04 20:40:06,193478,745,1,小米无图智驾，农村路首测，结果很意外,25736907867,56.294,1,25,16777215,2024-09-05 09:56:50,1725501410,0,c0639fcb,1664385475324430592,模型的ui审美不错
BV19WpweyEXW,113079257990534,小米无图智驾，农村路首测，结果很意外,小杨试驾,2024-09-04 20:40:06,193478,745,1,小米无图智驾，农村路首测，结果很意外,25736907867,1.581,1,25,16777215,2024-09-05 10:02:22,1725501742,0,d1967ce3,1664388262850572288,开幕雷击
BV19WpweyEXW,113079257990534,小米无图智驾，农村路首测，结果很意外,小杨试驾,2024-09-04 20:40:06,193478,745,1,小米无图智驾，农村路首测，结果很意外,25736907867,176.339,1,25,16777215,2024-09-05 10:04:23,1725501863,0,8a209a7f,1664389275783310080,这种村里的路基本就是一个车道的宽度
BV19WpweyEXW,113079257990534,小米无图智驾，农村路首测，结果很意外,小杨试驾,2024-09-04 20:40:06,193478,745,1,小米无图智驾，农村路首测，结果很意外,25736907867,181.538,1,25,16777215,2024-09-05 10:33:11,1725503591,0,74460131,1664403772136428800,多等一会就走了，你老是接管，系统会就会延迟
BV19WpweyEXW,113079257990534,小米无图智驾，农村路首测，结果很意外,小杨试驾,2024-09-04 20:40:06,193478,745,1,小米无图智驾，农村路首测，结果很意外,25736907867,165.851,1,25,16777215,2024-09-05 11:07:17,1725505637,0,fc131364,1664420938323776768,声音像李老八
BV19WpweyEXW,113079257990534,小米无图智驾，农村路首测，结果很意外,小杨试驾,2024-09-04 20:40:06,193478,745,1,小米无图智驾，农村路首测，结果很意外,25736907867,181.081,1,25,16777215,2024-09-05 11:15:37,1725506137,0,2d656ee7,1664425134431500032,给我看的尴尬的一批，并且汗流浃背
BV19WpweyEXW,113079257990534,小米无图智驾，农村路首测，结果很意外,小杨试驾,2024-09-04 20:40:06,193478,745,1,小米无图智驾，农村路首测，结果很意外,25736907867,203.201,1,25,16777215,2024-09-05 11:26:21,1725506781,0,2173ae08,1664430534715578880,小爱同学看来是城市人，农村路易迷路
BV19WpweyEXW,113079257990534,小米无图智驾，农村路首测，结果很意外,小杨试驾,2024-09-04 20:40:06,193478,745,1,小米无图智驾，农村路首测，结果很意外,25736907867,288.432,5,25,16777215,2024-09-05 11:34:22,1725507262,0,1bbb1807,1664434570457804288,这里为了安全考虑礼让行人没毛病啊，前面的是武汉司机嘛？
BV19WpweyEXW,113079257990534,小米无图智驾，农村路首测，结果很意外,小杨试驾,2024-09-04 20:40:06,193478,745,1,小米无图智驾，农村路首测，结果很意外,25736907867,163.371,1,25,16777215,2024-09-05 12:17:29,1725509849,0,d30bcd03,1664456269513716736,《复杂》
BV19WpweyEXW,113079257990534,小米无图智驾，农村路首测，结果很意外,小杨试驾,2024-09-04 20:40:06,193478,745,1,小米无图智驾，农村路首测，结果很意外,25736907867,196.762,1,25,16777215,2024-09-05 12:18:53,1725509933,0,d30bcd03,1664456971506044928,退出没提示？？
BV19WpweyEXW,113079257990534,小米无图智驾，农村路首测，结果很意外,小杨试驾,2024-09-04 20:40:06,193478,745,1,小米无图智驾，农村路首测，结果很意外,25736907867,204.941,1,25,16777215,2024-09-05 12:19:14,1725509954,0,d30bcd03,1664457150342822144,退出不提示很危险的对于司机来说
BV19WpweyEXW,113079257990534,小米无图智驾，农村路首测，结果很意外,小杨试驾,2024-09-04 20:40:06,193478,745,1,小米无图智驾，农村路首测，结果很意外,25736907867,321.550,1,25,16777215,2024-09-05 12:24:08,1725510248,0,af6a58ba,1664459616056011264,找个弧形乡村路啊
BV19WpweyEXW,113079257990534,小米无图智驾，农村路首测，结果很意外,小杨试驾,2024-09-04 20:40:06,193478,745,1,小米无图智驾，农村路首测，结果很意外,25736907867,63.869,1,25,16777215,2024-09-05 12:36:51,1725511011,0,d1c78ef2,1664466019298861824,所谓无图，就是借用导航的路线规划，再加上车的视觉和雷达感知，把道路信息详细化作为完整的道路信息，再规划路线
BV19WpweyEXW,113079257990534,小米无图智驾，农村路首测，结果很意外,小杨试驾,2024-09-04 20:40:06,193478,745,1,小米无图智驾，农村路首测，结果很意外,25736907867,97.956,1,25,16777215,2024-09-05 12:37:48,1725511068,0,e6a5739c,1664466494320846592,这里手动介入了吧，也挺牛逼了
BV19WpweyEXW,113079257990534,小米无图智驾，农村路首测，结果很意外,小杨试驾,2024-09-04 20:40:06,193478,745,1,小米无图智驾，农村路首测，结果很意外,25736907867,87.954,1,25,16777215,2024-09-05 12:42:11,1725511331,0,85a6e921,1664468705029504512,肯定得有点地图，至少得让智驾知道该咋走吧，就你去一个陌生的城市要去一个地方不也得导航提醒或者问路吗
BV19WpweyEXW,113079257990534,小米无图智驾，农村路首测，结果很意外,小杨试驾,2024-09-04 20:40:06,193478,745,1,小米无图智驾，农村路首测，结果很意外,25736907867,7.378,1,25,16777215,2024-09-05 12:51:09,1725511869,0,463a089e,1664473218695771392,极限
BV19WpweyEXW,113079257990534,小米无图智驾，农村路首测，结果很意外,小杨试驾,2024-09-04 20:40:06,193478,745,1,小米无图智驾，农村路首测，结果很意外,25736907867,309.478,1,25,16777215,2024-09-05 13:00:02,1725512402,0,d07567e5,1664477686023993088,农村道路测试 直线
BV19WpweyEXW,113079257990534,小米无图智驾，农村路首测，结果很意外,小杨试驾,2024-09-04 20:40:06,193478,745,1,小米无图智驾，农村路首测，结果很意外,25736907867,302.019,1,25,16777215,2024-09-05 13:06:42,1725512802,0,18ce7a2e,1664481039865168896,没必要个人认为
BV19WpweyEXW,113079257990534,小米无图智驾，农村路首测，结果很意外,小杨试驾,2024-09-04 20:40:06,193478,745,1,小米无图智驾，农村路首测，结果很意外,25736907867,340.827,1,25,16777215,2024-09-05 14:01:22,1725516082,0,a93552dd,1664508555615047680,保守点没坏处，但是要给提示，别干停着
BV19WpweyEXW,113079257990534,小米无图智驾，农村路首测，结果很意外,小杨试驾,2024-09-04 20:40:06,193478,745,1,小米无图智驾，农村路首测，结果很意外,25736907867,194.779,1,25,16777215,2024-09-05 14:14:33,1725516873,0,accfc1eb,1664515191406726400,很明显没训练
BV19WpweyEXW,113079257990534,小米无图智驾，农村路首测，结果很意外,小杨试驾,2024-09-04 20:40:06,193478,745,1,小米无图智驾，农村路首测，结果很意外,25736907867,14.917,1,25,16777215,2024-09-05 14:21:33,1725517293,0,aceeed06,1664518716215483392,农村？
BV19WpweyEXW,113079257990534,小米无图智驾，农村路首测，结果很意外,小杨试驾,2024-09-04 20:40:06,193478,745,1,小米无图智驾，农村路首测，结果很意外,25736907867,31.939,1,25,16777215,2024-09-05 14:34:32,1725518072,0,96131fb8,1664525250387477760,北方的农村我不熟悉，但是贵州的农村尽量还是别开车进去太深的地方，人都开不了，更别说机器了
BV19WpweyEXW,113079257990534,小米无图智驾，农村路首测，结果很意外,小杨试驾,2024-09-04 20:40:06,193478,745,1,小米无图智驾，农村路首测，结果很意外,25736907867,103.500,1,25,16777215,2024-09-05 14:43:31,1725518611,0,7046209f,1664529768148265472,这差点擦上
BV19WpweyEXW,113079257990534,小米无图智驾，农村路首测，结果很意外,小杨试驾,2024-09-04 20:40:06,193478,745,1,小米无图智驾，农村路首测，结果很意外,25736907867,94.276,1,25,16777215,2024-09-05 14:50:49,1725519049,0,cc2f405,1664533442140434944,这路在农村算好的了
BV19WpweyEXW,113079257990534,小米无图智驾，农村路首测，结果很意外,小杨试驾,2024-09-04 20:40:06,193478,745,1,小米无图智驾，农村路首测，结果很意外,25736907867,75.141,1,25,16777215,2024-09-05 14:52:49,1725519169,0,c41adc9d,1664534454502719232,这样右转？
BV19WpweyEXW,113079257990534,小米无图智驾，农村路首测，结果很意外,小杨试驾,2024-09-04 20:40:06,193478,745,1,小米无图智驾，农村路首测，结果很意外,25736907867,8.849,1,25,16777215,2024-09-05 14:54:41,1725519281,0,84d5d9b2,1664535390772126208,听不懂，还以为没字幕，原来在上面
BV19WpweyEXW,113079257990534,小米无图智驾，农村路首测，结果很意外,小杨试驾,2024-09-04 20:40:06,193478,745,1,小米无图智驾，农村路首测，结果很意外,25736907867,124.819,1,25,16777215,2024-09-05 15:50:11,1725522611,0,a18272c3,1664563322185893632,这个还是有点呆。。。
BV19WpweyEXW,113079257990534,小米无图智驾，农村路首测，结果很意外,小杨试驾,2024-09-04 20:40:06,193478,745,1,小米无图智驾，农村路首测，结果很意外,25736907867,193.515,1,25,16777215,2024-09-05 15:55:37,1725522937,0,2106623d,1664566064656785408,卧槽地图都是空白的啊，全靠雷达探测了啊这
BV19WpweyEXW,113079257990534,小米无图智驾，农村路首测，结果很意外,小杨试驾,2024-09-04 20:40:06,193478,745,1,小米无图智驾，农村路首测，结果很意外,25736907867,345.110,1,25,16777215,2024-09-05 16:06:43,1725523603,0,43512a26,1664571650370239232,合理的，他认为过不去了，所以给你判断
BV19WpweyEXW,113079257990534,小米无图智驾，农村路首测，结果很意外,小杨试驾,2024-09-04 20:40:06,193478,745,1,小米无图智驾，农村路首测，结果很意外,25736907867,208.564,1,25,16777215,2024-09-05 16:11:33,1725523893,0,761bbf04,1664574080189862400,没有退出，是在计算思考
BV19WpweyEXW,113079257990534,小米无图智驾，农村路首测，结果很意外,小杨试驾,2024-09-04 20:40:06,193478,745,1,小米无图智驾，农村路首测，结果很意外,25736907867,27.006,1,25,16777215,2024-09-05 16:33:55,1725525235,0,9069757d,1664585335822776832,左下角都没放出来，散了吧
BV19WpweyEXW,113079257990534,小米无图智驾，农村路首测，结果很意外,小杨试驾,2024-09-04 20:40:06,193478,745,1,小米无图智驾，农村路首测，结果很意外,25736907867,181.587,1,25,16777215,2024-09-05 16:41:53,1725525713,0,1ca7bdeb,1664589343907555584,这种路要接管还算正常
BV19WpweyEXW,113079257990534,小米无图智驾，农村路首测，结果很意外,小杨试驾,2024-09-04 20:40:06,193478,745,1,小米无图智驾，农村路首测，结果很意外,25736907867,168.859,1,25,16777215,2024-09-05 17:18:46,1725527926,0,c88c7b1c,1664607914012960000,还是多跑跑吧，这一条路要介入那么多次
BV19WpweyEXW,113079257990534,小米无图智驾，农村路首测，结果很意外,小杨试驾,2024-09-04 20:40:06,193478,745,1,小米无图智驾，农村路首测，结果很意外,25736907867,33.982,5,25,15138834,2024-09-05 17:39:29,1725529169,0,1ff268d4,1664618338402035456,那个说左下角没放出来的，屏幕上的NOA几个字母看不了？
BV19WpweyEXW,113079257990534,小米无图智驾，农村路首测，结果很意外,小杨试驾,2024-09-04 20:40:06,193478,745,1,小米无图智驾，农村路首测，结果很意外,25736907867,61.099,1,25,16777215,2024-09-05 17:56:06,1725530166,0,df5d3819,1664626704041876736,无图智驾是无高精地图，导航你都不给，车知道往哪开么
BV19WpweyEXW,113079257990534,小米无图智驾，农村路首测，结果很意外,小杨试驾,2024-09-04 20:40:06,193478,745,1,小米无图智驾，农村路首测，结果很意外,25736907867,189.316,1,25,16777215,2024-09-05 19:14:01,1725534841,0,a5b3937b,1664665922603986176,都开到田里去啦
BV19WpweyEXW,113079257990534,小米无图智驾，农村路首测，结果很意外,小杨试驾,2024-09-04 20:40:06,193478,745,1,小米无图智驾，农村路首测，结果很意外,25736907867,262.715,1,25,16777215,2024-09-05 19:23:31,1725535411,0,d852da1d,1664670701049376768,提心吊胆
BV19WpweyEXW,113079257990534,小米无图智驾，农村路首测，结果很意外,小杨试驾,2024-09-04 20:40:06,193478,745,1,小米无图智驾，农村路首测，结果很意外,25736907867,113.299,1,25,16777215,2024-09-05 19:26:24,1725535584,0,3fc64535,1664672151925686016,叫啥啊！这速度
BV19WpweyEXW,113079257990534,小米无图智驾，农村路首测，结果很意外,小杨试驾,2024-09-04 20:40:06,193478,745,1,小米无图智驾，农村路首测，结果很意外,25736907867,241.259,1,25,16777215,2024-09-05 19:29:27,1725535767,0,3fc64535,1664673684482465280,判断：卡在原地
BV19WpweyEXW,113079257990534,小米无图智驾，农村路首测，结果很意外,小杨试驾,2024-09-04 20:40:06,193478,745,1,小米无图智驾，农村路首测，结果很意外,25736907867,350.040,1,25,16777215,2024-09-05 19:31:36,1725535896,0,3fc64535,1664674765488740096,60，上面不写着30么？？
BV19WpweyEXW,113079257990534,小米无图智驾，农村路首测，结果很意外,小杨试驾,2024-09-04 20:40:06,193478,745,1,小米无图智驾，农村路首测，结果很意外,25736907867,124.995,1,25,16777215,2024-09-05 19:35:48,1725536148,0,e4c25c50,1664676885567429888,散了吧
BV19WpweyEXW,113079257990534,小米无图智驾，农村路首测，结果很意外,小杨试驾,2024-09-04 20:40:06,193478,745,1,小米无图智驾，农村路首测，结果很意外,25736907867,151.174,5,25,16707842,2024-09-05 19:48:49,1725536929,0,a9e20387,1664683434780247808,后面造成交通拥堵了
BV19WpweyEXW,113079257990534,小米无图智驾，农村路首测，结果很意外,小杨试驾,2024-09-04 20:40:06,193478,745,1,小米无图智驾，农村路首测，结果很意外,25736907867,203.846,5,25,16707842,2024-09-05 19:49:34,1725536974,0,a9e20387,1664683808115256576,emm
BV19WpweyEXW,113079257990534,小米无图智驾，农村路首测，结果很意外,小杨试驾,2024-09-04 20:40:06,193478,745,1,小米无图智驾，农村路首测，结果很意外,25736907867,94.588,1,25,16777215,2024-09-05 20:13:34,1725538414,0,5e4c4371,1664695887878383872,SR很明显是视觉车道线了
BV19WpweyEXW,113079257990534,小米无图智驾，农村路首测，结果很意外,小杨试驾,2024-09-04 20:40:06,193478,745,1,小米无图智驾，农村路首测，结果很意外,25736907867,134.402,1,25,16777215,2024-09-05 20:18:49,1725538729,0,970c32c,1664698535599273728,还是小爱声音好听
BV19WpweyEXW,113079257990534,小米无图智驾，农村路首测，结果很意外,小杨试驾,2024-09-04 20:40:06,193478,745,1,小米无图智驾，农村路首测，结果很意外,25736907867,250.460,1,25,16777215,2024-09-05 21:08:40,1725541720,0,302a07e5,1664723624886220544,是这样的
BV19WpweyEXW,113079257990534,小米无图智驾，农村路首测，结果很意外,小杨试驾,2024-09-04 20:40:06,193478,745,1,小米无图智驾，农村路首测，结果很意外,25736907867,354.759,1,25,16777215,2024-09-05 21:10:37,1725541837,0,302a07e5,1664724601773330176,可以停，但不能错，一错就寄
BV19WpweyEXW,113079257990534,小米无图智驾，农村路首测，结果很意外,小杨试驾,2024-09-04 20:40:06,193478,745,1,小米无图智驾，农村路首测，结果很意外,25736907867,17.480,1,25,16777215,2024-09-05 21:47:51,1725544071,0,75715d43,1664743347736121344,这才几个月，能跑农村了？？？
BV19WpweyEXW,113079257990534,小米无图智驾，农村路首测，结果很意外,小杨试驾,2024-09-04 20:40:06,193478,745,1,小米无图智驾，农村路首测，结果很意外,25736907867,295.862,1,25,16777215,2024-09-05 22:10:14,1725545414,0,fb2ec691,1664754613310231296,武汉司机什么梗？
BV19WpweyEXW,113079257990534,小米无图智驾，农村路首测，结果很意外,小杨试驾,2024-09-04 20:40:06,193478,745,1,小米无图智驾，农村路首测，结果很意外,25736907867,146.598,1,25,16777215,2024-09-05 22:10:58,1725545458,0,2720940d,1664754980084679680,这语音确实听着还好，小孩子的声音
BV19WpweyEXW,113079257990534,小米无图智驾，农村路首测，结果很意外,小杨试驾,2024-09-04 20:40:06,193478,745,1,小米无图智驾，农村路首测，结果很意外,25736907867,74.903,5,25,16777215,2024-09-05 22:24:11,1725546251,0,74043531,1664761636336669184,肯定要看导航呀， 但是现在谁去不认识的地方不看导航，你说去认识的地方那就相当于有高精地图嘛
BV19WpweyEXW,113079257990534,小米无图智驾，农村路首测，结果很意外,小杨试驾,2024-09-04 20:40:06,193478,745,1,小米无图智驾，农村路首测，结果很意外,25736907867,92.011,5,25,16777215,2024-09-05 22:25:01,1725546301,0,74043531,1664762052940219904,角度太大了没识别到下一跳道路吧，所以不敢走，看来还是有点缺点
BV19WpweyEXW,113079257990534,小米无图智驾，农村路首测，结果很意外,小杨试驾,2024-09-04 20:40:06,193478,745,1,小米无图智驾，农村路首测，结果很意外,25736907867,185.304,5,25,16777215,2024-09-05 22:26:52,1725546412,0,74043531,1664762986315374336,这种路熟悉的话开到40-60应该也是可以的
BV19WpweyEXW,113079257990534,小米无图智驾，农村路首测，结果很意外,小杨试驾,2024-09-04 20:40:06,193478,745,1,小米无图智驾，农村路首测，结果很意外,25736907867,218.369,5,25,16777215,2024-09-05 22:30:16,1725546616,0,74043531,1664764690536579328,缺点很明显了，没识别出来路就不走了，也能说是安全吧
BV19WpweyEXW,113079257990534,小米无图智驾，农村路首测，结果很意外,小杨试驾,2024-09-04 20:40:06,193478,745,1,小米无图智驾，农村路首测，结果很意外,25736907867,274.089,5,25,16777215,2024-09-05 22:31:42,1725546702,0,74043531,1664765411847827712,讲道理还是看得出来有缺点的。。。没必要这么吹，只是不知道其他车在这里啥表现
BV19WpweyEXW,113079257990534,小米无图智驾，农村路首测，结果很意外,小杨试驾,2024-09-04 20:40:06,193478,745,1,小米无图智驾，农村路首测，结果很意外,25736907867,177.054,1,25,16777215,2024-09-05 23:03:15,1725548595,0,bd81bb95,1664781293797339392,小爱：田里也能走，没逝
BV19WpweyEXW,113079257990534,小米无图智驾，农村路首测，结果很意外,小杨试驾,2024-09-04 20:40:06,193478,745,1,小米无图智驾，农村路首测，结果很意外,25736907867,329.664,1,25,16777215,2024-09-05 23:31:31,1725550291,0,b6261a04,1664795519131596032,看着真着急
BV19WpweyEXW,113079257990534,小米无图智驾，农村路首测，结果很意外,小杨试驾,2024-09-04 20:40:06,193478,745,1,小米无图智驾，农村路首测，结果很意外,25736907867,279.468,1,25,16777215,2024-09-05 23:37:50,1725550670,0,7ed1ce24,1664798704572019456,感谢你们贡献的第一批力量，让我们以后用上更好的智驾
BV19WpweyEXW,113079257990534,小米无图智驾，农村路首测，结果很意外,小杨试驾,2024-09-04 20:40:06,193478,745,1,小米无图智驾，农村路首测，结果很意外,25736907867,116.696,1,25,16777215,2024-09-06 02:07:09,1725559629,0,1f022196,1664873859000268032,好危险
BV19WpweyEXW,113079257990534,小米无图智驾，农村路首测，结果很意外,小杨试驾,2024-09-04 20:40:06,193478,745,1,小米无图智驾，农村路首测，结果很意外,25736907867,232.179,1,25,16777215,2024-09-06 07:51:32,1725580292,0,f23d5dfa,1665047191498835968,现在能走，那么数据量够大了。后面就变丝滑了。
BV19WpweyEXW,113079257990534,小米无图智驾，农村路首测，结果很意外,小杨试驾,2024-09-04 20:40:06,193478,745,1,小米无图智驾，农村路首测，结果很意外,25736907867,118.443,1,25,16777215,2024-09-06 11:57:05,1725595025,0,ee4ada3,1665170776708175360,这道，有点难为车了吧
BV19WpweyEXW,113079257990534,小米无图智驾，农村路首测，结果很意外,小杨试驾,2024-09-04 20:40:06,193478,745,1,小米无图智驾，农村路首测，结果很意外,25736907867,278.365,1,25,16777215,2024-09-06 12:17:37,1725596257,0,94ba119f,1665181113595570944,扫地机器人改装一下就是耕地机器人了
BV19WpweyEXW,113079257990534,小米无图智驾，农村路首测，结果很意外,小杨试驾,2024-09-04 20:40:06,193478,745,1,小米无图智驾，农村路首测，结果很意外,25736907867,176.649,1,25,16777215,2024-09-06 13:44:17,1725601457,0,1d1cd144,1665224734080480512,大数据没啥智驾跑这种路，所以还需要学习
BV19WpweyEXW,113079257990534,小米无图智驾，农村路首测，结果很意外,小杨试驾,2024-09-04 20:40:06,193478,745,1,小米无图智驾，农村路首测，结果很意外,25736907867,25.423,1,25,16777215,2024-09-06 13:52:26,1725601946,0,eb61f38c,1665228838575071744,厉害了
BV19WpweyEXW,113079257990534,小米无图智驾，农村路首测，结果很意外,小杨试驾,2024-09-04 20:40:06,193478,745,1,小米无图智驾，农村路首测，结果很意外,25736907867,299.648,1,25,16777215,2024-09-06 14:10:58,1725603058,0,6c4c5ec4,1665238163025528320,武汉行人礼让司机
BV19WpweyEXW,113079257990534,小米无图智驾，农村路首测，结果很意外,小杨试驾,2024-09-04 20:40:06,193478,745,1,小米无图智驾，农村路首测，结果很意外,25736907867,272.659,1,25,16777215,2024-09-06 15:46:14,1725608774,0,90db9d1a,1665286109900877824,一段直线惊天地泣鬼神？
BV19WpweyEXW,113079257990534,小米无图智驾，农村路首测，结果很意外,小杨试驾,2024-09-04 20:40:06,193478,745,1,小米无图智驾，农村路首测，结果很意外,25736907867,134.973,1,25,16777215,2024-09-06 18:57:05,1725620225,0,9fb0dc8e,1665382167943043840,有个带雨棚的摩托车，识别成三轮车
BV19WpweyEXW,113079257990534,小米无图智驾，农村路首测，结果很意外,小杨试驾,2024-09-04 20:40:06,193478,745,1,小米无图智驾，农村路首测，结果很意外,25736907867,208.676,1,25,16777215,2024-09-06 18:58:23,1725620303,0,9fb0dc8e,1665382826037781504,因为就没退出啊
BV19WpweyEXW,113079257990534,小米无图智驾，农村路首测，结果很意外,小杨试驾,2024-09-04 20:40:06,193478,745,1,小米无图智驾，农村路首测，结果很意外,25736907867,129.356,1,25,16777215,2024-09-06 19:04:55,1725620695,0,83202894,1665386114758674432,这也不能用呀
BV19WpweyEXW,113079257990534,小米无图智驾，农村路首测，结果很意外,小杨试驾,2024-09-04 20:40:06,193478,745,1,小米无图智驾，农村路首测，结果很意外,25736907867,147.065,1,25,16777215,2024-09-06 19:14:23,1725621263,0,d59c6344,1665390875930503936,这个智驾声音有点像生化危机的那个AI
BV19WpweyEXW,113079257990534,小米无图智驾，农村路首测，结果很意外,小杨试驾,2024-09-04 20:40:06,193478,745,1,小米无图智驾，农村路首测，结果很意外,25736907867,150.540,1,25,16777215,2024-09-06 19:43:31,1725623011,0,c84b23f,1665405545786335744,这.......转弯基本还是困难
BV19WpweyEXW,113079257990534,小米无图智驾，农村路首测，结果很意外,小杨试驾,2024-09-04 20:40:06,193478,745,1,小米无图智驾，农村路首测，结果很意外,25736907867,19.543,1,25,16777215,2024-09-06 19:55:06,1725623706,0,77a53e6a,1665411369920416000,前面农村打问号的，是从来没去过农村吗？我这里的村路，很多都是柏油路了，舒适
BV19WpweyEXW,113079257990534,小米无图智驾，农村路首测，结果很意外,小杨试驾,2024-09-04 20:40:06,193478,745,1,小米无图智驾，农村路首测，结果很意外,25736907867,109.030,1,25,16777215,2024-09-06 20:01:26,1725624086,0,97ee2d4c,1665414558858651648,这路跑30有点害怕
BV19WpweyEXW,113079257990534,小米无图智驾，农村路首测，结果很意外,小杨试驾,2024-09-04 20:40:06,193478,745,1,小米无图智驾，农村路首测，结果很意外,25736907867,156.755,1,25,16777215,2024-09-06 21:27:53,1725629273,0,89bc9b1a,1665458070794488576,还有很高的提升空间啊哈哈
BV19WpweyEXW,113079257990534,小米无图智驾，农村路首测，结果很意外,小杨试驾,2024-09-04 20:40:06,193478,745,1,小米无图智驾，农村路首测，结果很意外,25736907867,338.991,1,25,16777215,2024-09-06 21:51:23,1725630683,0,5db1345c,1665469900913115136,右边这距离
BV19WpweyEXW,113079257990534,小米无图智驾，农村路首测，结果很意外,小杨试驾,2024-09-04 20:40:06,193478,745,1,小米无图智驾，农村路首测，结果很意外,25736907867,81.179,1,25,16777215,2024-09-06 22:51:10,1725634270,0,df3d8cbb,1665499985791213056,你这方向盘都没拍全，不具备说服性啊
BV19WpweyEXW,113079257990534,小米无图智驾，农村路首测，结果很意外,小杨试驾,2024-09-04 20:40:06,193478,745,1,小米无图智驾，农村路首测，结果很意外,25736907867,292.339,1,25,16777215,2024-09-06 23:46:38,1725637598,0,7c288482,1665527906938277632,武汉司机蚌埠住了
BV19WpweyEXW,113079257990534,小米无图智驾，农村路首测，结果很意外,小杨试驾,2024-09-04 20:40:06,193478,745,1,小米无图智驾，农村路首测，结果很意外,25736907867,118.665,5,25,16777215,2024-09-07 08:05:29,1725667529,0,63e7e1db,1665778986791350272,小爱同学：这人怎么大惊小怪的？
BV19WpweyEXW,113079257990534,小米无图智驾，农村路首测，结果很意外,小杨试驾,2024-09-04 20:40:06,193478,745,1,小米无图智驾，农村路首测，结果很意外,25736907867,86.515,5,25,16646914,2024-09-07 08:18:38,1725668318,0,13bb9181,1665785608490895872,车机屏幕上有NOA就是智驾
BV19WpweyEXW,113079257990534,小米无图智驾，农村路首测，结果很意外,小杨试驾,2024-09-04 20:40:06,193478,745,1,小米无图智驾，农村路首测，结果很意外,25736907867,259.003,1,25,16777215,2024-09-07 09:52:54,1725673974,0,3c6b5636,1665833052889070336,正直的车评人
BV19WpweyEXW,113079257990534,小米无图智驾，农村路首测，结果很意外,小杨试驾,2024-09-04 20:40:06,193478,745,1,小米无图智驾，农村路首测，结果很意外,25736907867,100.326,1,25,16777215,2024-09-07 13:03:13,1725685393,0,9a9a6a1,1665928842025579520,又要上墙了上墙了，哈哈
BV19WpweyEXW,113079257990534,小米无图智驾，农村路首测，结果很意外,小杨试驾,2024-09-04 20:40:06,193478,745,1,小米无图智驾，农村路首测，结果很意外,25736907867,262.210,1,25,16777215,2024-09-07 15:10:11,1725693011,0,c0ca38b4,1665992748077847808,希望UP在农村多跑跑，给喂多点数据
BV19WpweyEXW,113079257990534,小米无图智驾，农村路首测，结果很意外,小杨试驾,2024-09-04 20:40:06,193478,745,1,小米无图智驾，农村路首测，结果很意外,25736907867,215.251,1,25,16777215,2024-09-07 17:41:45,1725702105,0,f9654cd3,1666069027409307904,哪里退出了？
BV19WpweyEXW,113079257990534,小米无图智驾，农村路首测，结果很意外,小杨试驾,2024-09-04 20:40:06,193478,745,1,小米无图智驾，农村路首测，结果很意外,25736907867,36.418,1,25,16777215,2024-09-08 19:42:22,1725795742,0,69842b06,1666854516580434688,这应该是打一点的镇子
BV19WpweyEXW,113079257990534,小米无图智驾，农村路首测，结果很意外,小杨试驾,2024-09-04 20:40:06,193478,745,1,小米无图智驾，农村路首测，结果很意外,25736907867,286.891,1,25,16777215,2024-09-08 21:17:01,1725801421,0,35ec94b9,1666902151467137792,说的好夸张，没必要
BV19WpweyEXW,113079257990534,小米无图智驾，农村路首测，结果很意外,小杨试驾,2024-09-04 20:40:06,193478,745,1,小米无图智驾，农村路首测，结果很意外,25736907867,229.219,1,25,16777215,2024-09-08 22:19:41,1725805181,0,fb42246b,1666933695510515200,这路在农村算不错的了
BV19WpweyEXW,113079257990534,小米无图智驾，农村路首测，结果很意外,小杨试驾,2024-09-04 20:40:06,193478,745,1,小米无图智驾，农村路首测，结果很意外,25736907867,154.199,1,25,16777215,2024-09-08 23:05:15,1725807915,0,f2724da6,1666956631055023360,声控车
BV19WpweyEXW,113079257990534,小米无图智驾，农村路首测，结果很意外,小杨试驾,2024-09-04 20:40:06,193478,745,1,小米无图智驾，农村路首测，结果很意外,25736907867,55.783,1,25,16777215,2024-09-09 15:23:44,1725866624,0,d1da15fb,1667449116667714560,视频加速有什么意义？
BV19WpweyEXW,113079257990534,小米无图智驾，农村路首测，结果很意外,小杨试驾,2024-09-04 20:40:06,193478,745,1,小米无图智驾，农村路首测，结果很意外,25736907867,229.068,1,25,16777215,2024-09-09 21:25:40,1725888340,0,9cc88781,1667631283150468352,速度怎么拉的？手机上设置吗？
BV19WpweyEXW,113079257990534,小米无图智驾，农村路首测，结果很意外,小杨试驾,2024-09-04 20:40:06,193478,745,1,小米无图智驾，农村路首测，结果很意外,25736907867,254.700,1,25,16777215,2024-09-10 16:05:08,1725955508,0,edee5a4a,1668194726639969536,智驾能匹配到乡下无名路就已经很牛逼了
BV19WpweyEXW,113079257990534,小米无图智驾，农村路首测，结果很意外,小杨试驾,2024-09-04 20:40:06,193478,745,1,小米无图智驾，农村路首测，结果很意外,25736907867,278.970,1,25,16777215,2024-09-10 16:05:32,1725955532,0,edee5a4a,1668194930885417216,而且后期还可以OTA
BV19WpweyEXW,113079257990534,小米无图智驾，农村路首测，结果很意外,小杨试驾,2024-09-04 20:40:06,193478,745,1,小米无图智驾，农村路首测，结果很意外,25736907867,321.116,1,25,16777215,2024-09-11 13:03:24,1726031004,0,631a0269,1668828033098641152,有个突发情况就问你反应的过来不
BV19WpweyEXW,113079257990534,小米无图智驾，农村路首测，结果很意外,小杨试驾,2024-09-04 20:40:06,193478,745,1,小米无图智驾，农村路首测，结果很意外,25736907867,258.034,1,25,16777215,2024-09-11 16:19:19,1726042759,0,b64b5dde,1668926646486991104,《强得可怕》
BV19WpweyEXW,113079257990534,小米无图智驾，农村路首测，结果很意外,小杨试驾,2024-09-04 20:40:06,193478,745,1,小米无图智驾，农村路首测，结果很意外,25736907867,297.161,1,25,16777215,2024-09-11 21:51:44,1726062704,0,39bdf679,1669093955997895680,这个路口不应该减速吗
BV19WpweyEXW,113079257990534,小米无图智驾，农村路首测，结果很意外,小杨试驾,2024-09-04 20:40:06,193478,745,1,小米无图智驾，农村路首测，结果很意外,25736907867,72.079,5,25,41194,2024-09-12 12:32:19,1726115539,0,c8072ddd,1669537166541403136,完全没有地图怎么知道在哪拐弯
BV19WpweyEXW,113079257990534,小米无图智驾，农村路首测，结果很意外,小杨试驾,2024-09-04 20:40:06,193478,745,1,小米无图智驾，农村路首测，结果很意外,25736907867,43.329,1,25,16777215,2024-09-12 20:28:22,1726144102,0,650b24fd,1669776774051418880,这里还属于镇上吧，跟村还差点
BV19WpweyEXW,113079257990534,小米无图智驾，农村路首测，结果很意外,小杨试驾,2024-09-04 20:40:06,193478,745,1,小米无图智驾，农村路首测，结果很意外,25736907867,28.363,1,25,16777215,2024-09-12 21:20:21,1726147221,0,d96dfe59,1669802934395297792,城中村
BV19WpweyEXW,113079257990534,小米无图智驾，农村路首测，结果很意外,小杨试驾,2024-09-04 20:40:06,193478,745,1,小米无图智驾，农村路首测，结果很意外,25736907867,279.079,1,25,16777215,2024-09-13 01:30:25,1726162225,0,3fc57b14,1669928797379589632,话密了嗷
BV19WpweyEXW,113079257990534,小米无图智驾，农村路首测，结果很意外,小杨试驾,2024-09-04 20:40:06,193478,745,1,小米无图智驾，农村路首测，结果很意外,25736907867,132.564,1,25,16777215,2024-09-13 17:12:55,1726218775,0,df3e10d8,1670403175770984960,这种路况 什么车能做到全程自动？
BV19WpweyEXW,113079257990534,小米无图智驾，农村路首测，结果很意外,小杨试驾,2024-09-04 20:40:06,193478,745,1,小米无图智驾，农村路首测，结果很意外,25736907867,224.458,1,25,16777215,2024-09-13 20:21:33,1726230093,0,71a3ec0f,1670498118112196864,这是缺点吗，这是安全准则啊
BV19WpweyEXW,113079257990534,小米无图智驾，农村路首测，结果很意外,小杨试驾,2024-09-04 20:40:06,193478,745,1,小米无图智驾，农村路首测，结果很意外,25736907867,71.909,1,25,16777215,2024-09-17 01:15:26,1726506926,0,2394b974,1672820354734661376,额，这就是跟车了吧
BV19WpweyEXW,113079257990534,小米无图智驾，农村路首测，结果很意外,小杨试驾,2024-09-04 20:40:06,193478,745,1,小米无图智驾，农村路首测，结果很意外,25736907867,127.377,5,25,16777215,2024-09-17 13:33:44,1726551224,0,7e2a7c34,1673191956069139456,说虚空三轮车的可以去看下眼睛了 视角对着前面的 三轮车在左边
BV19WpweyEXW,113079257990534,小米无图智驾，农村路首测，结果很意外,小杨试驾,2024-09-04 20:40:06,193478,745,1,小米无图智驾，农村路首测，结果很意外,25736907867,333.659,5,25,16777215,2024-09-21 12:09:18,1726891758,0,641f1dd1,1676048566307486208,陌生路，没识别到边线不敢转
BV19WpweyEXW,113079257990534,小米无图智驾，农村路首测，结果很意外,小杨试驾,2024-09-04 20:40:06,193478,745,1,小米无图智驾，农村路首测，结果很意外,25736907867,296.739,1,25,16777215,2024-09-22 13:20:56,1726982456,0,9c8cacb,1676809393104080384,我一个米粉都觉得你表演欲望太强了
BV19WpweyEXW,113079257990534,小米无图智驾，农村路首测，结果很意外,小杨试驾,2024-09-04 20:40:06,193478,745,1,小米无图智驾，农村路首测，结果很意外,25736907867,183.818,5,25,16777215,2024-10-12 20:06:05,1728734765,0,d705efcc,1691508826048039936,小爱：这给我干哪来了
BV19WpweyEXW,113079257990534,小米无图智驾，农村路首测，结果很意外,小杨试驾,2024-09-04 20:40:06,193478,745,1,小米无图智驾，农村路首测，结果很意外,25736907867,366.544,1,25,16777215,2024-09-04 21:09:48,1725455388,0,f0b54c41,1663999416535140096,地库都能让，这个肯定没问题吧（
BV19WpweyEXW,113079257990534,小米无图智驾，农村路首测，结果很意外,小杨试驾,2024-09-04 20:40:06,193478,745,1,小米无图智驾，农村路首测，结果很意外,25736907867,411.346,1,25,16777215,2024-09-04 23:25:29,1725463529,0,a34e6a98,1664067706464587264,单口相声
BV19WpweyEXW,113079257990534,小米无图智驾，农村路首测，结果很意外,小杨试驾,2024-09-04 20:40:06,193478,745,1,小米无图智驾，农村路首测，结果很意外,25736907867,369.834,1,25,16777215,2024-09-04 23:33:07,1725463987,0,b838721a,1664071555736798720,好一个避让
BV19WpweyEXW,113079257990534,小米无图智驾，农村路首测，结果很意外,小杨试驾,2024-09-04 20:40:06,193478,745,1,小米无图智驾，农村路首测，结果很意外,25736907867,402.019,1,25,16777215,2024-09-05 06:55:26,1725490526,0,370a0fd9,1664294177850441984,小爱同学:一天天啥都要我干！！
BV19WpweyEXW,113079257990534,小米无图智驾，农村路首测，结果很意外,小杨试驾,2024-09-04 20:40:06,193478,745,1,小米无图智驾，农村路首测，结果很意外,25736907867,376.797,1,25,16777215,2024-09-05 08:58:07,1725497887,0,4c64c57b,1664355923659233792,这里表现就很一般了
BV19WpweyEXW,113079257990534,小米无图智驾，农村路首测，结果很意外,小杨试驾,2024-09-04 20:40:06,193478,745,1,小米无图智驾，农村路首测，结果很意外,25736907867,373.652,1,25,16777215,2024-09-05 11:36:42,1725507402,0,1bbb1807,1664435745794087424,农村道路数据跑少了，所以现在表现不怎么样，现在城市里面能用就可以了
BV19WpweyEXW,113079257990534,小米无图智驾，农村路首测，结果很意外,小杨试驾,2024-09-04 20:40:06,193478,745,1,小米无图智驾，农村路首测，结果很意外,25736907867,418.450,1,25,16777215,2024-09-05 12:36:40,1725511000,0,12af594a,1664465923769703424,每个人的认知是存在偏差的。
BV19WpweyEXW,113079257990534,小米无图智驾，农村路首测，结果很意外,小杨试驾,2024-09-04 20:40:06,193478,745,1,小米无图智驾，农村路首测，结果很意外,25736907867,441.173,5,25,16777215,2024-09-05 13:50:13,1725515413,0,c2583120,1664502944449758976,应该是这个路口的草和树比较少
BV19WpweyEXW,113079257990534,小米无图智驾，农村路首测，结果很意外,小杨试驾,2024-09-04 20:40:06,193478,745,1,小米无图智驾，农村路首测，结果很意外,25736907867,421.035,1,25,16777215,2024-09-05 17:06:43,1725527203,0,38a7429b,1664601844124620032,树种线上
BV19WpweyEXW,113079257990534,小米无图智驾，农村路首测，结果很意外,小杨试驾,2024-09-04 20:40:06,193478,745,1,小米无图智驾，农村路首测，结果很意外,25736907867,427.591,1,25,16777215,2024-09-05 18:18:02,1725531482,0,df76c489,1664637741729730304,这路比我重庆老家村里的不知道好多少倍了
BV19WpweyEXW,113079257990534,小米无图智驾，农村路首测，结果很意外,小杨试驾,2024-09-04 20:40:06,193478,745,1,小米无图智驾，农村路首测，结果很意外,25736907867,379.195,1,25,16777215,2024-09-05 19:24:46,1725535486,0,24a6ebe7,1664671331477794560,对面：这是啥玩意这是
BV19WpweyEXW,113079257990534,小米无图智驾，农村路首测，结果很意外,小杨试驾,2024-09-04 20:40:06,193478,745,1,小米无图智驾，农村路首测，结果很意外,25736907867,447.834,1,25,16777215,2024-09-05 19:44:35,1725536675,0,af4d8e59,1664681303527852544,坦白说：以小米入局的时间，训练的数据量来说，很不错了
BV19WpweyEXW,113079257990534,小米无图智驾，农村路首测，结果很意外,小杨试驾,2024-09-04 20:40:06,193478,745,1,小米无图智驾，农村路首测，结果很意外,25736907867,366.477,1,25,16777215,2024-09-05 20:24:31,1725539071,0,1e6c45b3,1664701405870439936,有草的，会影响判断
BV19WpweyEXW,113079257990534,小米无图智驾，农村路首测，结果很意外,小杨试驾,2024-09-04 20:40:06,193478,745,1,小米无图智驾，农村路首测，结果很意外,25736907867,373.161,1,25,16777215,2024-09-06 00:41:24,1725554484,0,b295cd1c,1664830698102248448,哈哈哈，米粉服了没有
BV19WpweyEXW,113079257990534,小米无图智驾，农村路首测，结果很意外,小杨试驾,2024-09-04 20:40:06,193478,745,1,小米无图智驾，农村路首测，结果很意外,25736907867,391.109,1,25,16777215,2024-09-06 01:22:13,1725556933,0,881d92b5,1664851238035933952,五个月达到这种程度
BV19WpweyEXW,113079257990534,小米无图智驾，农村路首测，结果很意外,小杨试驾,2024-09-04 20:40:06,193478,745,1,小米无图智驾，农村路首测，结果很意外,25736907867,391.729,1,25,16777215,2024-09-06 03:22:36,1725564156,0,3aa4969,1664911833909908992,摄像头扫描到让车需要压白线 这种情况下那个智驾敢压白线？
BV19WpweyEXW,113079257990534,小米无图智驾，农村路首测，结果很意外,小杨试驾,2024-09-04 20:40:06,193478,745,1,小米无图智驾，农村路首测，结果很意外,25736907867,430.003,1,25,16646914,2024-09-06 07:48:44,1725580124,0,5df450f,1665045776717428736,这车上市几个月了，智能驾驶能到这种程度可以了！
BV19WpweyEXW,113079257990534,小米无图智驾，农村路首测，结果很意外,小杨试驾,2024-09-04 20:40:06,193478,745,1,小米无图智驾，农村路首测，结果很意外,25736907867,406.587,1,25,16777215,2024-09-06 10:15:52,1725588952,0,bfd7b8fa,1665119835006288384,还得训练 等吧
BV19WpweyEXW,113079257990534,小米无图智驾，农村路首测，结果很意外,小杨试驾,2024-09-04 20:40:06,193478,745,1,小米无图智驾，农村路首测，结果很意外,25736907867,412.942,1,25,16777215,2024-09-06 14:14:07,1725603247,0,f48a89f7,1665239746173182208,主要是前期不会那么激进，如果太激进出了事品牌形象会问题很大，所以更多的是温和一点的判断，人工介入
BV19WpweyEXW,113079257990534,小米无图智驾，农村路首测，结果很意外,小杨试驾,2024-09-04 20:40:06,193478,745,1,小米无图智驾，农村路首测，结果很意外,25736907867,437.683,1,25,16740868,2024-09-06 17:42:57,1725615777,0,3037ccd8,1665344863182419712,主要是车少数据少了，不过这个表现很不错啦
BV19WpweyEXW,113079257990534,小米无图智驾，农村路首测，结果很意外,小杨试驾,2024-09-04 20:40:06,193478,745,1,小米无图智驾，农村路首测，结果很意外,25736907867,387.187,1,25,16777215,2024-09-06 19:10:08,1725621008,0,83202894,1665388743790402816,只能走直线
BV19WpweyEXW,113079257990534,小米无图智驾，农村路首测，结果很意外,小杨试驾,2024-09-04 20:40:06,193478,745,1,小米无图智驾，农村路首测，结果很意外,25736907867,450.563,1,25,16777215,2024-09-06 22:39:22,1725633562,0,cc4ee5e3,1665494053846280704,现在保守点是正常的
BV19WpweyEXW,113079257990534,小米无图智驾，农村路首测，结果很意外,小杨试驾,2024-09-04 20:40:06,193478,745,1,小米无图智驾，农村路首测，结果很意外,25736907867,371.196,1,25,16777215,2024-09-06 23:13:56,1725635636,0,2d350041,1665511450778741248,红车：完了，冲我来的
BV19WpweyEXW,113079257990534,小米无图智驾，农村路首测，结果很意外,小杨试驾,2024-09-04 20:40:06,193478,745,1,小米无图智驾，农村路首测，结果很意外,25736907867,449.528,1,25,16777215,2024-09-07 05:12:28,1725657148,0,de96d464,1665691904106543872,剪了。
BV19WpweyEXW,113079257990534,小米无图智驾，农村路首测，结果很意外,小杨试驾,2024-09-04 20:40:06,193478,745,1,小米无图智驾，农村路首测，结果很意外,25736907867,417.574,5,25,16707842,2024-09-07 23:42:28,1725723748,0,128bb4e,1666250583730751744,可能up没用过别家的
BV19WpweyEXW,113079257990534,小米无图智驾，农村路首测，结果很意外,小杨试驾,2024-09-04 20:40:06,193478,745,1,小米无图智驾，农村路首测，结果很意外,25736907867,395.746,1,25,16777215,2024-09-08 17:59:23,1725789563,0,542d6221,1666802680510766336,这属于不够用的程度哈哈
BV19WpweyEXW,113079257990534,小米无图智驾，农村路首测，结果很意外,小杨试驾,2024-09-04 20:40:06,193478,745,1,小米无图智驾，农村路首测，结果很意外,25736907867,395.450,1,25,16777215,2024-09-08 18:10:19,1725790219,0,13469ab,1666808184369059328,感觉还是视觉更合理
BV19WpweyEXW,113079257990534,小米无图智驾，农村路首测，结果很意外,小杨试驾,2024-09-04 20:40:06,193478,745,1,小米无图智驾，农村路首测，结果很意外,25736907867,441.106,1,25,16777215,2024-09-08 22:42:10,1725806530,0,536fb271,1666945012782429696,地上有方向标识是不犹豫直接打过来了，农村无线无图还是比较保守的
BV19WpweyEXW,113079257990534,小米无图智驾，农村路首测，结果很意外,小杨试驾,2024-09-04 20:40:06,193478,745,1,小米无图智驾，农村路首测，结果很意外,25736907867,455.577,1,25,16777215,2024-09-10 16:08:37,1725955717,0,edee5a4a,1668196480001268992,小米牛逼
BV19WpweyEXW,113079257990534,小米无图智驾，农村路首测，结果很意外,小杨试驾,2024-09-04 20:40:06,193478,745,1,小米无图智驾，农村路首测，结果很意外,25736907867,412.102,1,25,16777215,2024-09-11 12:54:49,1726030489,0,c6046364,1668823711941702912,一般般啊
BV19WpweyEXW,113079257990534,小米无图智驾，农村路首测，结果很意外,小杨试驾,2024-09-04 20:40:06,193478,745,1,小米无图智驾，农村路首测，结果很意外,25736907867,430.437,1,25,16777215,2024-09-20 21:10:05,1726837805,0,1d53c1fc,1675595974825252864,用的人多了自然越来越好，小米才多少车 大模型需要不断学习优化
BV19WpweyEXW,113079257990534,小米无图智驾，农村路首测，结果很意外,小杨试驾,2024-09-04 20:40:06,193478,745,1,小米无图智驾，农村路首测，结果很意外,25736907867,421.599,1,25,16777215,2024-09-29 03:05:39,1727550339,0,45eefddc,1681573142885638144,结论是这玩意没智驾啊
BV19WpweyEXW,113079257990534,小米无图智驾，农村路首测，结果很意外,小杨试驾,2024-09-04 20:40:06,193478,745,1,小米无图智驾，农村路首测，结果很意外,25736907867,386.290,1,25,16777215,2024-11-09 22:44:39,1731163479,0,1b4f1822,1711882355008486656,真的一般
BV1npM26pEff,117043596628408,开YU7第一次下班全程使用辅助驾驶，没想到居然。。。。,童工不是童工,2026-08-05 23:47:57,5141,31,1,开YU7第一次下班全程使用辅助驾驶，没想到居然。。。。,40629241240,313.620,1,25,16777215,2026-08-10 18:42:51,1786358571,0,15611edd,2174892345688895232,目前这个场景是还没解决的
BV1npM26pEff,117043596628408,开YU7第一次下班全程使用辅助驾驶，没想到居然。。。。,童工不是童工,2026-08-05 23:47:57,5141,31,1,开YU7第一次下班全程使用辅助驾驶，没想到居然。。。。,40629241240,480.226,1,25,16777215,2026-08-07 21:41:26,1786110086,0,83560013,2172807906532120320,确实宝马这个功能能增加很多驾驶的乐趣，又不担心超速
BV1npM26pEff,117043596628408,开YU7第一次下班全程使用辅助驾驶，没想到居然。。。。,童工不是童工,2026-08-05 23:47:57,5141,31,1,开YU7第一次下班全程使用辅助驾驶，没想到居然。。。。,40629241240,543.252,1,25,16777215,2026-08-10 18:47:23,1786358843,0,15611edd,2174894631870172672,路口效率变道
BV1npM26pEff,117043596628408,开YU7第一次下班全程使用辅助驾驶，没想到居然。。。。,童工不是童工,2026-08-05 23:47:57,5141,31,1,开YU7第一次下班全程使用辅助驾驶，没想到居然。。。。,40629241240,756.949,1,25,16777215,2026-08-07 21:45:20,1786110320,0,83560013,2172809864215380992,这套智驾有时候会抢灯
BV1npM26pEff,117043596628408,开YU7第一次下班全程使用辅助驾驶，没想到居然。。。。,童工不是童工,2026-08-05 23:47:57,5141,31,1,开YU7第一次下班全程使用辅助驾驶，没想到居然。。。。,40629241240,800.106,1,25,16777215,2026-08-10 18:52:18,1786359138,0,15611edd,2174897102398844160,1.16开始优化了横穿VRU导致的急刹，但是有时候会误判不刹车
BV1npM26pEff,117043596628408,开YU7第一次下班全程使用辅助驾驶，没想到居然。。。。,童工不是童工,2026-08-05 23:47:57,5141,31,1,开YU7第一次下班全程使用辅助驾驶，没想到居然。。。。,40629241240,956.505,1,25,16777215,2026-09-14 22:11:59,1789395119,0,98ff7bb8,2200364758757388032,黄灯出事责任大
BV1npM26pEff,117043596628408,开YU7第一次下班全程使用辅助驾驶，没想到居然。。。。,童工不是童工,2026-08-05 23:47:57,5141,31,1,开YU7第一次下班全程使用辅助驾驶，没想到居然。。。。,40629241240,1135.637,1,25,16777215,2026-08-10 18:59:41,1786359581,0,15611edd,2174900821102331392,这个红绿灯设置不合理，直行和左转同时绿灯，势必左转受影响
BV1npM26pEff,117043596628408,开YU7第一次下班全程使用辅助驾驶，没想到居然。。。。,童工不是童工,2026-08-05 23:47:57,5141,31,1,开YU7第一次下班全程使用辅助驾驶，没想到居然。。。。,40629241240,1155.519,1,25,16777215,2026-08-10 19:00:20,1786359620,0,15611edd,2174901148912375552,因为接近终点了，没有记忆线路就会变成LCC
BV1REXCBCEYo,116324156054464,《极限竞速：地平线6》全新中国车小米SU7即将加入！,战术级Loky,2026-04-01 06:00:00,345926,743,1,《极限竞速：地平线6》全新中国车小米SU7即将加入！,37128504458,84.939,5,25,16777215,2026-04-01 08:23:05,1775002985,0,45b5d160,2079634790940020992,这不是退役的湛江舰？
BV1REXCBCEYo,116324156054464,《极限竞速：地平线6》全新中国车小米SU7即将加入！,战术级Loky,2026-04-01 06:00:00,345926,743,1,《极限竞速：地平线6》全新中国车小米SU7即将加入！,37128504458,81.745,1,25,16777215,2026-04-01 14:12:06,1775023926,0,9000a0ef,2079810452409775872,咋还掉血了
BV1REXCBCEYo,116324156054464,《极限竞速：地平线6》全新中国车小米SU7即将加入！,战术级Loky,2026-04-01 06:00:00,345926,743,1,《极限竞速：地平线6》全新中国车小米SU7即将加入！,37128504458,7.200,1,25,16777215,2026-04-01 17:30:49,1775035849,0,d57447e4,2079910469891913472,嗯？
BV1REXCBCEYo,116324156054464,《极限竞速：地平线6》全新中国车小米SU7即将加入！,战术级Loky,2026-04-01 06:00:00,345926,743,1,《极限竞速：地平线6》全新中国车小米SU7即将加入！,37128504458,32.479,5,25,16777215,2026-04-01 17:46:19,1775036779,0,94dc1b41,2079918274367649536,细节字体卡顿
BV1REXCBCEYo,116324156054464,《极限竞速：地平线6》全新中国车小米SU7即将加入！,战术级Loky,2026-04-01 06:00:00,345926,743,1,《极限竞速：地平线6》全新中国车小米SU7即将加入！,37128504458,92.408,5,25,15138834,2026-04-02 00:36:42,1775061402,0,b8551920,2080124825569024000,你是我军最后的的希望
BV1REXCBCEYo,116324156054464,《极限竞速：地平线6》全新中国车小米SU7即将加入！,战术级Loky,2026-04-01 06:00:00,345926,743,1,《极限竞速：地平线6》全新中国车小米SU7即将加入！,37128504458,21.880,1,25,16777215,2026-04-02 17:54:48,1775123688,0,279a48ae,2080647316821489664,你来真的啊
BV1REXCBCEYo,116324156054464,《极限竞速：地平线6》全新中国车小米SU7即将加入！,战术级Loky,2026-04-01 06:00:00,345926,743,1,《极限竞速：地平线6》全新中国车小米SU7即将加入！,37128504458,60.985,1,25,16777215,2026-04-02 17:55:30,1775123730,0,279a48ae,2080647671315611648,拍得真好
BV1REXCBCEYo,116324156054464,《极限竞速：地平线6》全新中国车小米SU7即将加入！,战术级Loky,2026-04-01 06:00:00,345926,743,1,《极限竞速：地平线6》全新中国车小米SU7即将加入！,37128504458,58.410,1,25,16777215,2026-04-03 01:17:08,1775150228,0,b7ddb21a,2080869953078678784,就这个音乐好听
BV1REXCBCEYo,116324156054464,《极限竞速：地平线6》全新中国车小米SU7即将加入！,战术级Loky,2026-04-01 06:00:00,345926,743,1,《极限竞速：地平线6》全新中国车小米SU7即将加入！,37128504458,96.553,4,25,16777215,2026-04-03 14:28:24,1775197704,0,43980573,2081268210950957312,干得好！￴                                                        ￴
BV1REXCBCEYo,116324156054464,《极限竞速：地平线6》全新中国车小米SU7即将加入！,战术级Loky,2026-04-01 06:00:00,345926,743,1,《极限竞速：地平线6》全新中国车小米SU7即将加入！,37128504458,76.385,1,25,16777215,2026-04-03 15:09:43,1775200183,0,302debe9,2081289004548535040,战舰世界？
BV1REXCBCEYo,116324156054464,《极限竞速：地平线6》全新中国车小米SU7即将加入！,战术级Loky,2026-04-01 06:00:00,345926,743,1,《极限竞速：地平线6》全新中国车小米SU7即将加入！,37128504458,10.980,5,25,16777215,2026-04-03 19:53:39,1775217219,0,14ec4c42,2081431908931661056,神秘の东方文字
BV1REXCBCEYo,116324156054464,《极限竞速：地平线6》全新中国车小米SU7即将加入！,战术级Loky,2026-04-01 06:00:00,345926,743,1,《极限竞速：地平线6》全新中国车小米SU7即将加入！,37128504458,14.592,1,25,16777215,2026-04-04 14:03:04,1775282584,0,9712793a,2081980234689385216,点击Enter开始游戏
BV1REXCBCEYo,116324156054464,《极限竞速：地平线6》全新中国车小米SU7即将加入！,战术级Loky,2026-04-01 06:00:00,345926,743,1,《极限竞速：地平线6》全新中国车小米SU7即将加入！,37128504458,67.739,1,25,16777215,2026-04-08 07:31:38,1775604698,0,38229a7f,2084682320753512960,画质和特效都做的好好
BV1REXCBCEYo,116324156054464,《极限竞速：地平线6》全新中国车小米SU7即将加入！,战术级Loky,2026-04-01 06:00:00,345926,743,1,《极限竞速：地平线6》全新中国车小米SU7即将加入！,37128504458,22.254,5,25,16707842,2026-04-08 07:43:49,1775605429,0,275c3421,2084688454058440448,能做出大灯灯光闪烁我信，但能做到转向灯光亮起我看不一定（）
BV1REXCBCEYo,116324156054464,《极限竞速：地平线6》全新中国车小米SU7即将加入！,战术级Loky,2026-04-01 06:00:00,345926,743,1,《极限竞速：地平线6》全新中国车小米SU7即将加入！,37128504458,35.733,1,25,16777215,2026-04-08 09:21:17,1775611277,0,9da7f3a8,2084737513582976512,重庆哦
BV1REXCBCEYo,116324156054464,《极限竞速：地平线6》全新中国车小米SU7即将加入！,战术级Loky,2026-04-01 06:00:00,345926,743,1,《极限竞速：地平线6》全新中国车小米SU7即将加入！,37128504458,14.836,5,25,16777215,2026-04-08 13:35:31,1775626531,0,60724132,2084865471328773632,神秘的绿色牌子
BV1REXCBCEYo,116324156054464,《极限竞速：地平线6》全新中国车小米SU7即将加入！,战术级Loky,2026-04-01 06:00:00,345926,743,1,《极限竞速：地平线6》全新中国车小米SU7即将加入！,37128504458,91.963,5,25,16707842,2026-04-08 16:15:34,1775636134,0,5a7d5cc3,2084946022408517376,我说我为什么会刷到这个视频
BV1REXCBCEYo,116324156054464,《极限竞速：地平线6》全新中国车小米SU7即将加入！,战术级Loky,2026-04-01 06:00:00,345926,743,1,《极限竞速：地平线6》全新中国车小米SU7即将加入！,37128504458,1.120,1,25,16777215,2026-04-08 20:24:28,1775651068,0,ef8cb732,2085071299256445952,按X进入极限车赏
BV1REXCBCEYo,116324156054464,《极限竞速：地平线6》全新中国车小米SU7即将加入！,战术级Loky,2026-04-01 06:00:00,345926,743,1,《极限竞速：地平线6》全新中国车小米SU7即将加入！,37128504458,57.539,5,25,16707842,2026-04-09 13:15:54,1775711754,0,9febee5c,2085580374213782016,这个运镜和音乐真的像
BV1REXCBCEYo,116324156054464,《极限竞速：地平线6》全新中国车小米SU7即将加入！,战术级Loky,2026-04-01 06:00:00,345926,743,1,《极限竞速：地平线6》全新中国车小米SU7即将加入！,37128504458,44.051,1,25,16777215,2026-04-11 02:35:02,1775846102,0,33fced3d,2086707366485163008,666还有战雷的事
BV1REXCBCEYo,116324156054464,《极限竞速：地平线6》全新中国车小米SU7即将加入！,战术级Loky,2026-04-01 06:00:00,345926,743,1,《极限竞速：地平线6》全新中国车小米SU7即将加入！,37128504458,75.097,1,25,16777215,2026-04-14 11:57:13,1776139033,0,87130203,2089164650587102464,如果换上21寸梅花轮毂，感觉更好看
BV1REXCBCEYo,116324156054464,《极限竞速：地平线6》全新中国车小米SU7即将加入！,战术级Loky,2026-04-01 06:00:00,345926,743,1,《极限竞速：地平线6》全新中国车小米SU7即将加入！,37128504458,98.508,5,25,16777215,2026-04-14 12:11:31,1776139891,0,8bc2c25e,2089171847324582144,还有雷
BV1REXCBCEYo,116324156054464,《极限竞速：地平线6》全新中国车小米SU7即将加入！,战术级Loky,2026-04-01 06:00:00,345926,743,1,《极限竞速：地平线6》全新中国车小米SU7即将加入！,37128504458,8.664,5,25,16707842,2026-04-14 21:57:04,1776175024,0,b6d04051,2089466565824832256,好吧
BV1REXCBCEYo,116324156054464,《极限竞速：地平线6》全新中国车小米SU7即将加入！,战术级Loky,2026-04-01 06:00:00,345926,743,1,《极限竞速：地平线6》全新中国车小米SU7即将加入！,37128504458,43.844,1,25,16777215,2026-04-15 08:28:55,1776212935,0,b8c25d5e,2089784584690278144,建川博物馆停车场
BV1REXCBCEYo,116324156054464,《极限竞速：地平线6》全新中国车小米SU7即将加入！,战术级Loky,2026-04-01 06:00:00,345926,743,1,《极限竞速：地平线6》全新中国车小米SU7即将加入！,37128504458,51.560,1,25,16777215,2026-04-25 10:36:46,1777084606,0,f4633d43,2097096686450445568,好活当赏
BV1REXCBCEYo,116324156054464,《极限竞速：地平线6》全新中国车小米SU7即将加入！,战术级Loky,2026-04-01 06:00:00,345926,743,1,《极限竞速：地平线6》全新中国车小米SU7即将加入！,37128504458,104.965,1,25,16777215,2026-05-14 17:51:20,1778752280,0,9bcf7da7,2111086153364432128,只要高帧数拍摄，就会像游戏
BV1REXCBCEYo,116324156054464,《极限竞速：地平线6》全新中国车小米SU7即将加入！,战术级Loky,2026-04-01 06:00:00,345926,743,1,《极限竞速：地平线6》全新中国车小米SU7即将加入！,37128504458,28.391,1,25,16777215,2026-06-02 11:11:49,1780369909,0,37b2940c,2124655809161598976,才反应过来这不是5代bgm嘛
BV1hBP3eHEkE,114067738067799,智驾回家全是问题😄,墙檐欢笑,2025-02-26 10:25:20,224430,625,1,智驾回家全是问题😄,28580972000,20.020,1,25,16777215,2025-02-27 18:30:37,1740652237,0,808df359,1791479828684543232,这什么车
BV1hBP3eHEkE,114067738067799,智驾回家全是问题😄,墙檐欢笑,2025-02-26 10:25:20,224430,625,1,智驾回家全是问题😄,28580972000,78.960,1,25,16777215,2025-02-28 05:12:36,1740690756,0,98f73a5d,1791802951019879936,这是你的问题，不是智驾不稳..
BV1hBP3eHEkE,114067738067799,智驾回家全是问题😄,墙檐欢笑,2025-02-26 10:25:20,224430,625,1,智驾回家全是问题😄,28580972000,85.287,1,25,16777215,2025-02-28 23:54:05,1740758045,0,ab1c7286,1792367408943022848,做得对，不能感觉智驾能处理就完全交给智驾
BV1hBP3eHEkE,114067738067799,智驾回家全是问题😄,墙檐欢笑,2025-02-26 10:25:20,224430,625,1,智驾回家全是问题😄,28580972000,23.017,1,25,16777215,2025-03-02 10:37:48,1740883068,0,78293d03,1793416182075460096,手机掉啦
BV1hBP3eHEkE,114067738067799,智驾回家全是问题😄,墙檐欢笑,2025-02-26 10:25:20,224430,625,1,智驾回家全是问题😄,28580972000,266.427,1,25,16777215,2025-03-02 23:17:02,1740928622,0,42594cb8,1793798310952565504,其实，在深圳，就没有右侧非机动，所以 hhhh
BV1hBP3eHEkE,114067738067799,智驾回家全是问题😄,墙檐欢笑,2025-02-26 10:25:20,224430,625,1,智驾回家全是问题😄,28580972000,82.677,1,25,16777215,2025-03-03 01:46:08,1740937568,0,8306aca9,1793873354709804288,智驾刹车比人刹要晚…车速高的时候每次我都怕怕的，虽然它刹车比我稳多了…
BV1hBP3eHEkE,114067738067799,智驾回家全是问题😄,墙檐欢笑,2025-02-26 10:25:20,224430,625,1,智驾回家全是问题😄,28580972000,108.557,1,25,16777215,2025-03-03 01:47:42,1740937662,0,8306aca9,1793874148976907520,看到这…突然发现有个顶灯开着？
BV1hBP3eHEkE,114067738067799,智驾回家全是问题😄,墙檐欢笑,2025-02-26 10:25:20,224430,625,1,智驾回家全是问题😄,28580972000,258.366,1,25,16777215,2025-03-03 10:30:55,1740969055,0,fc855ebf,1794137487548447744,这道路规划的
BV1hBP3eHEkE,114067738067799,智驾回家全是问题😄,墙檐欢笑,2025-02-26 10:25:20,224430,625,1,智驾回家全是问题😄,28580972000,76.320,1,25,16777215,2025-03-06 00:53:43,1741193623,0,eb252ac5,1796021303892018688,为什么不放手？放手就是违规驾驶，而且放手的话也会一直提醒
BV1hBP3eHEkE,114067738067799,智驾回家全是问题😄,墙檐欢笑,2025-02-26 10:25:20,224430,625,1,智驾回家全是问题😄,28580972000,71.940,1,25,16777215,2025-03-06 21:07:52,1741266472,0,2ce30103,1796632402652160256,肯定不能放手啊！放手再抓出事来不及反应
BV1hBP3eHEkE,114067738067799,智驾回家全是问题😄,墙檐欢笑,2025-02-26 10:25:20,224430,625,1,智驾回家全是问题😄,28580972000,93.591,1,25,16777215,2025-03-07 09:14:06,1741310046,0,6b271e,1796997932059571456,命是自己的
BV1hBP3eHEkE,114067738067799,智驾回家全是问题😄,墙檐欢笑,2025-02-26 10:25:20,224430,625,1,智驾回家全是问题😄,28580972000,65.694,1,25,16777215,2025-03-07 22:13:19,1741356799,0,4f8eb066,1797390119062966016,智驾就是要扶着方向盘的啊大哥。。。。
BV1hBP3eHEkE,114067738067799,智驾回家全是问题😄,墙檐欢笑,2025-02-26 10:25:20,224430,625,1,智驾回家全是问题😄,28580972000,351.538,1,25,16777215,2025-03-09 19:18:53,1741519133,0,51a80165,1798751878725775360,道路规划有很多问题，不是非常适合当前的智驾
BV1hBP3eHEkE,114067738067799,智驾回家全是问题😄,墙檐欢笑,2025-02-26 10:25:20,224430,625,1,智驾回家全是问题😄,28580972000,44.320,5,25,16777215,2025-03-10 08:30:11,1741566611,0,87244a1e,1799150154062880256,黑猴的《勿听》？
BV1hBP3eHEkE,114067738067799,智驾回家全是问题😄,墙檐欢笑,2025-02-26 10:25:20,224430,625,1,智驾回家全是问题😄,28580972000,74.411,1,25,16777215,2025-03-14 00:03:03,1741881783,0,9fb75262,1801794011183552768,前面的其实华为的智驾是短时间不用扶，但这是发视频肯定得扶
BV1hBP3eHEkE,114067738067799,智驾回家全是问题😄,墙檐欢笑,2025-02-26 10:25:20,224430,625,1,智驾回家全是问题😄,28580972000,177.717,1,25,16777215,2025-03-15 15:59:05,1742025545,0,f60a9e87,1802999967309854464,走中间也没错
BV1hBP3eHEkE,114067738067799,智驾回家全是问题😄,墙檐欢笑,2025-02-26 10:25:20,224430,625,1,智驾回家全是问题😄,28580972000,262.197,1,25,16777215,2025-03-15 16:00:49,1742025649,0,f60a9e87,1803000846679211520,路线规划的不行，非机动车道应该设置格挡
BV1hBP3eHEkE,114067738067799,智驾回家全是问题😄,墙檐欢笑,2025-02-26 10:25:20,224430,625,1,智驾回家全是问题😄,28580972000,357.618,1,25,16777215,2025-03-16 16:13:38,1742112818,0,4bc45aa8,1803732071723252480,不能这样说端到端理论上限很高，只要训练时间够长他就够强
BV1hBP3eHEkE,114067738067799,智驾回家全是问题😄,墙檐欢笑,2025-02-26 10:25:20,224430,625,1,智驾回家全是问题😄,28580972000,36.632,1,25,16777215,2025-03-16 18:00:41,1742119241,0,f54440a0,1803785953312536320,手机！
BV1hBP3eHEkE,114067738067799,智驾回家全是问题😄,墙檐欢笑,2025-02-26 10:25:20,224430,625,1,智驾回家全是问题😄,28580972000,273.935,1,25,16777215,2025-03-17 18:56:13,1742208973,0,e6eb7e93,1804538676378820864,深圳非机动车道和人行道在一起，都在路上边
BV1hBP3eHEkE,114067738067799,智驾回家全是问题😄,墙檐欢笑,2025-02-26 10:25:20,224430,625,1,智驾回家全是问题😄,28580972000,337.215,1,25,16777215,2025-03-17 18:57:20,1742209040,0,e6eb7e93,1804539239304741888,牛批
BV1hBP3eHEkE,114067738067799,智驾回家全是问题😄,墙檐欢笑,2025-02-26 10:25:20,224430,625,1,智驾回家全是问题😄,28580972000,81.817,1,25,16777215,2025-03-17 22:47:03,1742222823,0,be6e2e43,1804654857483917312,这是S7吧，副驾那个笔记本台子…
BV1hBP3eHEkE,114067738067799,智驾回家全是问题😄,墙檐欢笑,2025-02-26 10:25:20,224430,625,1,智驾回家全是问题😄,28580972000,23.362,1,25,16777215,2025-03-29 22:34:25,1743258865,0,93c0b652,1813345806125300992,智界
BV1hBP3eHEkE,114067738067799,智驾回家全是问题😄,墙檐欢笑,2025-02-26 10:25:20,224430,625,1,智驾回家全是问题😄,28580972000,4.773,1,25,16777215,2025-04-02 23:21:54,1743607314,0,c6f6e25f,1816268806700499968,什么车
BV1hBP3eHEkE,114067738067799,智驾回家全是问题😄,墙檐欢笑,2025-02-26 10:25:20,224430,625,1,智驾回家全是问题😄,28580972000,278.075,1,25,16777215,2025-04-24 15:04:46,1745478286,0,d956c6d7,1831963665021210624,前面不隔挡还是虚线 后面又挡上了
BV1hBP3eHEkE,114067738067799,智驾回家全是问题😄,墙檐欢笑,2025-02-26 10:25:20,224430,625,1,智驾回家全是问题😄,28580972000,12.663,1,25,16777215,2025-05-10 00:02:19,1746806539,0,f20e65ae,1843105853654264576,小伙子白头发有点多啊
BV1hBP3eHEkE,114067738067799,智驾回家全是问题😄,墙檐欢笑,2025-02-26 10:25:20,224430,625,1,智驾回家全是问题😄,28580972000,59.308,1,25,16777215,2025-06-07 18:45:58,1749293158,0,1a440993,1863965129944283392,确实好听
BV1hBP3eHEkE,114067738067799,智驾回家全是问题😄,墙檐欢笑,2025-02-26 10:25:20,224430,625,1,智驾回家全是问题😄,28580972000,259.796,1,25,16777215,2025-06-12 15:17:53,1749712673,0,a583b3a0,1867484274858142464,"估计要报一下 地图更新, 地图对的话能识别"
BV1hBP3eHEkE,114067738067799,智驾回家全是问题😄,墙檐欢笑,2025-02-26 10:25:20,224430,625,1,智驾回家全是问题😄,28580972000,173.566,1,25,16777215,2025-06-22 17:23:48,1750584228,0,ac8e149a,1874795402683775744,因为前面是货车他不想跟着吧
BV1hBP3eHEkE,114067738067799,智驾回家全是问题😄,墙檐欢笑,2025-02-26 10:25:20,224430,625,1,智驾回家全是问题😄,28580972000,208.417,1,25,16777215,2025-07-14 10:45:16,1752461116,0,a89cacb8,1890539886172526592,博主唱嗨了哈哈哈哈哈
BV1hBP3eHEkE,114067738067799,智驾回家全是问题😄,墙檐欢笑,2025-02-26 10:25:20,224430,625,1,智驾回家全是问题😄,28580972000,121.002,1,25,16777215,2025-08-02 08:28:08,1754094488,0,c8436686,1904241597936696576,能调的吧
BV1hBP3eHEkE,114067738067799,智驾回家全是问题😄,墙檐欢笑,2025-02-26 10:25:20,224430,625,1,智驾回家全是问题😄,28580972000,240.621,1,25,16777215,2025-08-21 15:12:06,1755760326,0,cb4323e5,1918215666519930368,这虚线确实容易认错
BV1hBP3eHEkE,114067738067799,智驾回家全是问题😄,墙檐欢笑,2025-02-26 10:25:20,224430,625,1,智驾回家全是问题😄,28580972000,121.520,1,25,16777215,2025-08-22 00:15:21,1755792921,0,f874a2c5,1918489088030854912,肯定有用啊
BV1hBP3eHEkE,114067738067799,智驾回家全是问题😄,墙檐欢笑,2025-02-26 10:25:20,224430,625,1,智驾回家全是问题😄,28580972000,195.461,1,25,16777215,2025-09-26 13:19:00,1758863940,0,921b54a7,1944250664184091136,小艺我记着会不跟货车的
BV1hBP3eHEkE,114067738067799,智驾回家全是问题😄,墙檐欢笑,2025-02-26 10:25:20,224430,625,1,智驾回家全是问题😄,28580972000,56.471,1,25,16777215,2025-09-27 21:47:41,1758980861,0,eb08851f,1945231472504192768,up有品！
BV1hBP3eHEkE,114067738067799,智驾回家全是问题😄,墙檐欢笑,2025-02-26 10:25:20,224430,625,1,智驾回家全是问题😄,28580972000,130.739,1,25,16777215,2025-10-01 13:35:33,1759296933,0,230ee8e7,1947882877291770368,人机共驾久了，你会发现你的小艺都学坏！
BV1hBP3eHEkE,114067738067799,智驾回家全是问题😄,墙檐欢笑,2025-02-26 10:25:20,224430,625,1,智驾回家全是问题😄,28580972000,115.034,1,25,16777215,2026-02-24 10:55:43,1771901743,0,3944e994,2053619680711182080,试一下就知道了，轻松太多
BV1hBP3eHEkE,114067738067799,智驾回家全是问题😄,墙檐欢笑,2025-02-26 10:25:20,224430,625,1,智驾回家全是问题😄,28580972000,247.099,1,25,16777215,2026-02-25 21:51:28,1772027488,0,e6198ef5,2054674512439997440,无人驾驶或许是，但是辅助驾驶和l3l4不是
BV1hBP3eHEkE,114067738067799,智驾回家全是问题😄,墙檐欢笑,2025-02-26 10:25:20,224430,625,1,智驾回家全是问题😄,28580972000,160.594,1,25,16777215,2026-03-22 21:59:43,1774187983,0,33f1494e,2072798053416372480,我的也老贴着右边线
BV1hBP3eHEkE,114067738067799,智驾回家全是问题😄,墙檐欢笑,2025-02-26 10:25:20,224430,625,1,智驾回家全是问题😄,28580972000,8.914,1,25,16777215,2026-04-16 20:55:09,1776344109,0,2d46c7,2090884951402383104,老熬夜吧，白头发这么多
BV1hBP3eHEkE,114067738067799,智驾回家全是问题😄,墙檐欢笑,2025-02-26 10:25:20,224430,625,1,智驾回家全是问题😄,28580972000,166.368,1,25,16777215,2026-06-07 10:36:30,1780799790,0,a62d9006,2128261914957784832,气笑了那么长一段路不变
BV1hBP3eHEkE,114067738067799,智驾回家全是问题😄,墙檐欢笑,2025-02-26 10:25:20,224430,625,1,智驾回家全是问题😄,28580972000,117.629,5,25,65535,2026-07-20 10:10:26,1784513426,0,6306e7f3,2159414144963716864,小知识，这种快速路或高速路，普通L2就够了，不需要支付昂贵的ads溢价就能体验
BV1hBP3eHEkE,114067738067799,智驾回家全是问题😄,墙檐欢笑,2025-02-26 10:25:20,224430,625,1,智驾回家全是问题😄,28580972000,340.386,1,25,16777215,2025-03-17 09:04:18,1742173458,0,e026edea,1804240750528215808,这里我后面回家的时候成功通过了，不知道是不是偷偷学了
BV1hBP3eHEkE,114067738067799,智驾回家全是问题😄,墙檐欢笑,2025-02-26 10:25:20,224430,625,1,智驾回家全是问题😄,28580972000,367.061,5,25,16777215,2025-02-26 19:45:33,1740570333,0,543442e,1790792763982241280,师叔！
BV1hBP3eHEkE,114067738067799,智驾回家全是问题😄,墙檐欢笑,2025-02-26 10:25:20,224430,625,1,智驾回家全是问题😄,28580972000,490.347,1,25,16777215,2025-03-03 13:04:29,1740978269,0,16256e27,1794214778572072704,这路况，新手噩梦
BV1hBP3eHEkE,114067738067799,智驾回家全是问题😄,墙檐欢笑,2025-02-26 10:25:20,224430,625,1,智驾回家全是问题😄,28580972000,483.615,1,25,16777215,2025-03-17 18:59:54,1742209194,0,e6eb7e93,1804540525739870976,还有逆行的。。
BV1hBP3eHEkE,114067738067799,智驾回家全是问题😄,墙檐欢笑,2025-02-26 10:25:20,224430,625,1,智驾回家全是问题😄,28580972000,422.639,1,25,16777215,2025-03-29 00:03:27,1743177807,0,ad0c9117,1812665841817922048,曲度紫鸳
BV1hBP3eHEkE,114067738067799,智驾回家全是问题😄,墙檐欢笑,2025-02-26 10:25:20,224430,625,1,智驾回家全是问题😄,28580972000,434.872,1,25,16777215,2025-06-01 22:44:08,1748789048,0,3d848f5b,1859736345686736384,我m9 150贼稳，根本没有快的感觉
BV1hBP3eHEkE,114067738067799,智驾回家全是问题😄,墙檐欢笑,2025-02-26 10:25:20,224430,625,1,智驾回家全是问题😄,28580972000,415.037,1,25,16777215,2025-07-27 22:06:49,1753625209,0,90b40b45,1900305005463243008,踩油门不退出啊
BV1dNgd6kEDx,116987510395032,华为ADS智驾使用第二天就差点撞车，险酿事故，原因分析,蟹堡王强力杀虫剂,2026-07-27 01:45:58,9296,234,1,lv_0_20260727011536,40325481122,93.942,1,25,16777215,2026-07-28 11:22:46,1785208966,0,ff0d61ee,2165248761189009920,为什么速度降不下来
BV1dNgd6kEDx,116987510395032,华为ADS智驾使用第二天就差点撞车，险酿事故，原因分析,蟹堡王强力杀虫剂,2026-07-27 01:45:58,9296,234,1,lv_0_20260727011536,40325481122,19.891,1,25,16777215,2026-07-28 14:49:11,1785221351,0,601d7a6c,2165352653117541120,新款就没问题了
BV1dNgd6kEDx,116987510395032,华为ADS智驾使用第二天就差点撞车，险酿事故，原因分析,蟹堡王强力杀虫剂,2026-07-27 01:45:58,9296,234,1,lv_0_20260727011536,40325481122,112.675,1,25,16777215,2026-07-28 22:32:28,1785249148,0,5400e510,2165585831363322112,这三次都是侧向侵入，侧向转弯不让直行，都是无奈电脑默认转弯会让直行
BV1dNgd6kEDx,116987510395032,华为ADS智驾使用第二天就差点撞车，险酿事故，原因分析,蟹堡王强力杀虫剂,2026-07-27 01:45:58,9296,234,1,lv_0_20260727011536,40325481122,118.660,1,25,16777215,2026-07-28 23:04:14,1785251054,0,a8420ccc,2165601820788230144,这其实就是人驾的博弈场景，因为你是直行，给对方一点压力，迫使对方停车
BV1dNgd6kEDx,116987510395032,华为ADS智驾使用第二天就差点撞车，险酿事故，原因分析,蟹堡王强力杀虫剂,2026-07-27 01:45:58,9296,234,1,lv_0_20260727011536,40325481122,83.144,1,25,16777215,2026-07-29 07:58:48,1785283128,0,dba500a2,2165870873352403712,后面还有个大货车。。
BV1dNgd6kEDx,116987510395032,华为ADS智驾使用第二天就差点撞车，险酿事故，原因分析,蟹堡王强力杀虫剂,2026-07-27 01:45:58,9296,234,1,lv_0_20260727011536,40325481122,73.685,1,25,16777215,2026-07-29 10:49:53,1785293393,0,c6ed066f,2165956986305289728,这里智驾已经作出避让路线了，是你自己踩刹车推出了
BV1dNgd6kEDx,116987510395032,华为ADS智驾使用第二天就差点撞车，险酿事故，原因分析,蟹堡王强力杀虫剂,2026-07-27 01:45:58,9296,234,1,lv_0_20260727011536,40325481122,6.318,1,25,16777215,2026-07-29 11:21:14,1785295274,0,e97a3ff7,2165972767081130752,是你车吗？
BV1dNgd6kEDx,116987510395032,华为ADS智驾使用第二天就差点撞车，险酿事故，原因分析,蟹堡王强力杀虫剂,2026-07-27 01:45:58,9296,234,1,lv_0_20260727011536,40325481122,65.238,1,25,16777215,2026-07-30 21:10:09,1785417009,0,fe1e0f73,2166993953890259200,转弯让直行，撞上也是对面主责
BV1dNgd6kEDx,116987510395032,华为ADS智驾使用第二天就差点撞车，险酿事故，原因分析,蟹堡王强力杀虫剂,2026-07-27 01:45:58,9296,234,1,lv_0_20260727011536,40325481122,67.981,5,25,16777215,2026-07-31 13:29:05,1785475745,0,3d9af858,2167486661540656896,什么叫“踩刹车速度降不下来”？
BV1dNgd6kEDx,116987510395032,华为ADS智驾使用第二天就差点撞车，险酿事故，原因分析,蟹堡王强力杀虫剂,2026-07-27 01:45:58,9296,234,1,lv_0_20260727011536,40325481122,28.300,1,25,16777215,2026-08-02 11:36:02,1785641762,0,b1eb1dd6,2168879320851641600,新款解决了
BV1dNgd6kEDx,116987510395032,华为ADS智驾使用第二天就差点撞车，险酿事故，原因分析,蟹堡王强力杀虫剂,2026-07-27 01:45:58,9296,234,1,lv_0_20260727011536,40325481122,75.420,1,25,16777215,2026-08-02 23:07:02,1785683222,0,6bba65ca,2169227107287324928,你都干预了
BV1dNgd6kEDx,116987510395032,华为ADS智驾使用第二天就差点撞车，险酿事故，原因分析,蟹堡王强力杀虫剂,2026-07-27 01:45:58,9296,234,1,lv_0_20260727011536,40325481122,62.359,1,25,16777215,2026-08-02 23:26:10,1785684370,0,d31f9498,2169236740588647168,就算如你所说它会踩下来。。。这种处理也非常不专业，第一必然是急刹车。第二防御性大幅下降，赌一把的感觉。
BV1dNgd6kEDx,116987510395032,华为ADS智驾使用第二天就差点撞车，险酿事故，原因分析,蟹堡王强力杀虫剂,2026-07-27 01:45:58,9296,234,1,lv_0_20260727011536,40325481122,168.395,1,25,16777215,2026-08-06 17:59:25,1786010365,0,5b824d9d,2171971382396101120,人家叫辅助驾驶  可不是自动驾驶 要区分开 非要用几千块的配置对标人家几万块的配置
BV1dNgd6kEDx,116987510395032,华为ADS智驾使用第二天就差点撞车，险酿事故，原因分析,蟹堡王强力杀虫剂,2026-07-27 01:45:58,9296,234,1,lv_0_20260727011536,40325481122,21.979,1,25,16777215,2026-08-12 06:48:34,1786488514,0,3ad9377c,2175982387627239168,确定是侧向减速而不是路口黄灯减速？
BV1ZE421G7Xw,1654215627,小米SU7辅助驾驶时一定要及时接管，否则就会这样……,阿乐的数码日常,2024-05-05 10:55:23,192680,496,1,小米SU7辅助驾驶时一定要及时接管，否则就会这样……,1531693752,60.179,1,25,16777215,2024-05-05 14:25:05,1714890305,0,50bceb60,1575373081122592768,防睡觉设置
BV1ZE421G7Xw,1654215627,小米SU7辅助驾驶时一定要及时接管，否则就会这样……,阿乐的数码日常,2024-05-05 10:55:23,192680,496,1,小米SU7辅助驾驶时一定要及时接管，否则就会这样……,1531693752,18.839,1,25,16777215,2024-05-05 23:31:45,1714923105,0,67032f8c,1575648225552314624,某厂不接管，车会继续滑行，直到撞墙，是谁呢？
BV1ZE421G7Xw,1654215627,小米SU7辅助驾驶时一定要及时接管，否则就会这样……,阿乐的数码日常,2024-05-05 10:55:23,192680,496,1,小米SU7辅助驾驶时一定要及时接管，否则就会这样……,1531693752,28.638,1,25,16777215,2024-05-06 13:12:43,1714972363,0,54f70e5d,1576061434952381184,挺好，安全第一
BV1ZE421G7Xw,1654215627,小米SU7辅助驾驶时一定要及时接管，否则就会这样……,阿乐的数码日常,2024-05-05 10:55:23,192680,496,1,小米SU7辅助驾驶时一定要及时接管，否则就会这样……,1531693752,27.451,1,25,16777215,2024-05-06 18:59:03,1714993143,0,4b553915,1576235745646331648,是柠檬的盒子
BV1ZE421G7Xw,1654215627,小米SU7辅助驾驶时一定要及时接管，否则就会这样……,阿乐的数码日常,2024-05-05 10:55:23,192680,496,1,小米SU7辅助驾驶时一定要及时接管，否则就会这样……,1531693752,36.791,1,25,16777215,2024-05-06 19:13:36,1714994016,0,ff6555a6,1576243066535187200,即将播放:戏剧性反讽——卡芙卡
BV1ZE421G7Xw,1654215627,小米SU7辅助驾驶时一定要及时接管，否则就会这样……,阿乐的数码日常,2024-05-05 10:55:23,192680,496,1,小米SU7辅助驾驶时一定要及时接管，否则就会这样……,1531693752,45.081,1,25,16777215,2024-05-06 19:45:03,1714995903,0,6b754c37,1576258902188823552,做的很好
BV1ZE421G7Xw,1654215627,小米SU7辅助驾驶时一定要及时接管，否则就会这样……,阿乐的数码日常,2024-05-05 10:55:23,192680,496,1,小米SU7辅助驾驶时一定要及时接管，否则就会这样……,1531693752,60.779,1,25,16777215,2024-05-06 23:24:09,1715009049,0,ba8d8edb,1576369178107979264,不错
BV1ZE421G7Xw,1654215627,小米SU7辅助驾驶时一定要及时接管，否则就会这样……,阿乐的数码日常,2024-05-05 10:55:23,192680,496,1,小米SU7辅助驾驶时一定要及时接管，否则就会这样……,1531693752,22.977,1,25,16777215,2024-05-07 01:38:15,1715017095,0,e8a9c567,1576436672244285696,你要懂这东西为什么叫辅助驾驶而不是你理解的自动驾驶，辅助在主次里属于次等
BV1ZE421G7Xw,1654215627,小米SU7辅助驾驶时一定要及时接管，否则就会这样……,阿乐的数码日常,2024-05-05 10:55:23,192680,496,1,小米SU7辅助驾驶时一定要及时接管，否则就会这样……,1531693752,9.306,1,25,16777215,2024-05-07 08:25:04,1715041504,0,7a73bd76,1576641430288582656,看到标题我感到害怕
BV1ZE421G7Xw,1654215627,小米SU7辅助驾驶时一定要及时接管，否则就会这样……,阿乐的数码日常,2024-05-05 10:55:23,192680,496,1,小米SU7辅助驾驶时一定要及时接管，否则就会这样……,1531693752,49.202,1,25,16777215,2024-05-07 12:13:01,1715055181,0,a4921938,1576756155106386688,无人警惕（doge)
BV1ZE421G7Xw,1654215627,小米SU7辅助驾驶时一定要及时接管，否则就会这样……,阿乐的数码日常,2024-05-05 10:55:23,192680,496,1,小米SU7辅助驾驶时一定要及时接管，否则就会这样……,1531693752,25.600,1,25,16777215,2024-05-07 20:06:58,1715083618,0,958fbd90,1576994705978620928,这种路段一般晚上都是被周围小区的拿来停车了，你说停的啥，这也要钻牛角尖
BV1ZE421G7Xw,1654215627,小米SU7辅助驾驶时一定要及时接管，否则就会这样……,阿乐的数码日常,2024-05-05 10:55:23,192680,496,1,小米SU7辅助驾驶时一定要及时接管，否则就会这样……,1531693752,59.949,1,25,16777215,2024-05-07 23:03:25,1715094205,0,5361af37,1577083519132468736,安全意识很高
BV1ZE421G7Xw,1654215627,小米SU7辅助驾驶时一定要及时接管，否则就会这样……,阿乐的数码日常,2024-05-05 10:55:23,192680,496,1,小米SU7辅助驾驶时一定要及时接管，否则就会这样……,1531693752,43.303,1,25,16777215,2024-05-11 11:07:20,1715396840,0,464be8c7,1579622201790171648,方向盘装饰沙包了解一下
BV1ZE421G7Xw,1654215627,小米SU7辅助驾驶时一定要及时接管，否则就会这样……,阿乐的数码日常,2024-05-05 10:55:23,192680,496,1,小米SU7辅助驾驶时一定要及时接管，否则就会这样……,1531693752,20.491,1,25,16777215,2024-05-11 20:41:37,1715431297,0,cadc460d,1579911245203552768,竟然不是靠边？
BV1ZE421G7Xw,1654215627,小米SU7辅助驾驶时一定要及时接管，否则就会这样……,阿乐的数码日常,2024-05-05 10:55:23,192680,496,1,小米SU7辅助驾驶时一定要及时接管，否则就会这样……,1531693752,56.459,1,25,16777215,2024-05-14 11:33:03,1715657583,0,fd7098e8,1581809476716374528,怕你睡着了
BV1ZE421G7Xw,1654215627,小米SU7辅助驾驶时一定要及时接管，否则就会这样……,阿乐的数码日常,2024-05-05 10:55:23,192680,496,1,小米SU7辅助驾驶时一定要及时接管，否则就会这样……,1531693752,60.579,1,25,16777215,2024-05-29 17:13:10,1716973990,0,63bede29,1592852292548474368,那我真睡着了，他不能把我带到边上再停车吗doge
BV1ZE421G7Xw,1654215627,小米SU7辅助驾驶时一定要及时接管，否则就会这样……,阿乐的数码日常,2024-05-05 10:55:23,192680,496,1,小米SU7辅助驾驶时一定要及时接管，否则就会这样……,1531693752,56.714,1,25,16777215,2024-08-23 12:51:53,1724388713,0,3ae4cb9e,1655051500453415936,SIFA（雾）
BV1ZE421G7Xw,1654215627,小米SU7辅助驾驶时一定要及时接管，否则就会这样……,阿乐的数码日常,2024-05-05 10:55:23,192680,496,1,小米SU7辅助驾驶时一定要及时接管，否则就会这样……,1531693752,67.266,1,25,16777215,2024-09-02 11:34:22,1725248062,0,7c82d999,1662260243675197440,无人警惕！惩罚制动！
BV1ZE421G7Xw,1654215627,小米SU7辅助驾驶时一定要及时接管，否则就会这样……,阿乐的数码日常,2024-05-05 10:55:23,192680,496,1,小米SU7辅助驾驶时一定要及时接管，否则就会这样……,1531693752,49.261,1,25,16777215,2025-04-02 21:14:18,1743599658,0,369081ee,1816204588215878144,第一次提醒如果不接管直接缓刹车直至完全停车
BV1ZE421G7Xw,1654215627,小米SU7辅助驾驶时一定要及时接管，否则就会这样……,阿乐的数码日常,2024-05-05 10:55:23,192680,496,1,小米SU7辅助驾驶时一定要及时接管，否则就会这样……,1531693752,39.760,1,25,16777215,2026-03-04 16:23:28,1772612608,0,d11b1189,2059582849291533824,不靠边因为是lcc
