video_bvid,video_aid,video_title,video_author,video_pubdate,video_play,video_review_count,part_page,part_title,cid,time_seconds,mode,font_size,color,send_time,send_timestamp,danmaku_pool,user_hash,row_id,text
BV1adat6nERC,117341190883827,小鹏VLA6.3城中村秀丝滑#小鹏第二代VLA全新版本开启推送#小鹏#小鹏汽车#小鹏vla,大胡L5,2026-09-27 12:53:59,1958,35,1,小鹏VLA6.3城中村秀丝滑#小鹏第二代VLA全新版本开启推送#小鹏#小鹏汽车#小鹏vla,42239593943,216.401,1,25,16777215,2026-09-27 13:47:30,1790488050,0,cf20bdbc,2209532924343959040,这个版本是可以过智驾纽北的水泥坎减速的
BV1adat6nERC,117341190883827,小鹏VLA6.3城中村秀丝滑#小鹏第二代VLA全新版本开启推送#小鹏#小鹏汽车#小鹏vla,大胡L5,2026-09-27 12:53:59,1958,35,1,小鹏VLA6.3城中村秀丝滑#小鹏第二代VLA全新版本开启推送#小鹏#小鹏汽车#小鹏vla,42239593943,88.489,1,25,16777215,2026-09-27 16:24:24,1790497464,0,54fc7069,2209611894908804608,多新鲜啊
BV1vZaa6vEaF,117342902160101,「VLA2.0」小鹏6.3升级巨大？最后还是到不了目的地啊喂(偷笑)【Allen】,Allen快出发,2026-09-27 20:07:39,3864,139,1,「VLA2.0」小鹏6.3升级巨大？最后还是到不了目的地啊喂(偷笑)【Allen】,42248833262,4.491,1,25,16777215,2026-09-27 21:31:06,1790515866,0,f433ced1,2209766261930697472,爱看
BV1vZaa6vEaF,117342902160101,「VLA2.0」小鹏6.3升级巨大？最后还是到不了目的地啊喂(偷笑)【Allen】,Allen快出发,2026-09-27 20:07:39,3864,139,1,「VLA2.0」小鹏6.3升级巨大？最后还是到不了目的地啊喂(偷笑)【Allen】,42248833262,187.791,1,25,16777215,2026-09-28 06:49:53,1790549393,0,6e34bfda,2210047509684910336,转出直接跨车道了
BV1vZaa6vEaF,117342902160101,「VLA2.0」小鹏6.3升级巨大？最后还是到不了目的地啊喂(偷笑)【Allen】,Allen快出发,2026-09-27 20:07:39,3864,139,1,「VLA2.0」小鹏6.3升级巨大？最后还是到不了目的地啊喂(偷笑)【Allen】,42248833262,681.069,1,25,16777215,2026-09-28 08:47:54,1790556474,0,3758d86,2210106910483511040,双o已经一年没有实质更新了
BV1vZaa6vEaF,117342902160101,「VLA2.0」小鹏6.3升级巨大？最后还是到不了目的地啊喂(偷笑)【Allen】,Allen快出发,2026-09-27 20:07:39,3864,139,1,「VLA2.0」小鹏6.3升级巨大？最后还是到不了目的地啊喂(偷笑)【Allen】,42248833262,397.252,1,25,16777215,2026-09-28 10:48:28,1790563708,0,1ed71733,2210167596702000640,是不是车速太快不支持开窗户
BV1vZaa6vEaF,117342902160101,「VLA2.0」小鹏6.3升级巨大？最后还是到不了目的地啊喂(偷笑)【Allen】,Allen快出发,2026-09-27 20:07:39,3864,139,1,「VLA2.0」小鹏6.3升级巨大？最后还是到不了目的地啊喂(偷笑)【Allen】,42248833262,876.564,1,25,16777215,2026-09-27 20:47:35,1790513255,0,b32a5471,2209744363075182336,这里可能要调节到达目的地后漫游，不用选到达目的地后靠边停车
BV1vZaa6vEaF,117342902160101,「VLA2.0」小鹏6.3升级巨大？最后还是到不了目的地啊喂(偷笑)【Allen】,Allen快出发,2026-09-27 20:07:39,3864,139,1,「VLA2.0」小鹏6.3升级巨大？最后还是到不了目的地啊喂(偷笑)【Allen】,42248833262,921.950,1,25,16777215,2026-09-27 21:13:06,1790514786,0,ac13fa9f,2209757207367628800,这个可以设置
BV1vZaa6vEaF,117342902160101,「VLA2.0」小鹏6.3升级巨大？最后还是到不了目的地啊喂(偷笑)【Allen】,Allen快出发,2026-09-27 20:07:39,3864,139,1,「VLA2.0」小鹏6.3升级巨大？最后还是到不了目的地啊喂(偷笑)【Allen】,42248833262,857.330,1,25,16777215,2026-09-27 21:31:13,1790515873,0,2fea893a,2209766326640268544,车道上有个纸箱？
BV1vZaa6vEaF,117342902160101,「VLA2.0」小鹏6.3升级巨大？最后还是到不了目的地啊喂(偷笑)【Allen】,Allen快出发,2026-09-27 20:07:39,3864,139,1,「VLA2.0」小鹏6.3升级巨大？最后还是到不了目的地啊喂(偷笑)【Allen】,42248833262,953.392,1,25,16777215,2026-09-27 23:54:44,1790524484,0,895600f2,2209838561833320960,可以了，很强
BV1vZaa6vEaF,117342902160101,「VLA2.0」小鹏6.3升级巨大？最后还是到不了目的地啊喂(偷笑)【Allen】,Allen快出发,2026-09-27 20:07:39,3864,139,1,「VLA2.0」小鹏6.3升级巨大？最后还是到不了目的地啊喂(偷笑)【Allen】,42248833262,863.754,1,25,16777215,2026-09-28 01:59:58,1790531998,0,6a102b79,2209901586359460352,地上有个东西
BV1vZaa6vEaF,117342902160101,「VLA2.0」小鹏6.3升级巨大？最后还是到不了目的地啊喂(偷笑)【Allen】,Allen快出发,2026-09-27 20:07:39,3864,139,1,「VLA2.0」小鹏6.3升级巨大？最后还是到不了目的地啊喂(偷笑)【Allen】,42248833262,885.579,1,25,16777215,2026-09-28 15:43:39,1790581419,0,e6ecb638,2210316166676309504,系统提示到目的地附近，准备靠边停靠了
BV1pQ3JzzEUb,114794996766545,小鹏XNGP的三点式掉头，好评、难评还是差评？,月岛Vegas,2025-07-04 20:39:14,1873,22,1,小鹏XNGP的三点式掉头，好评、难评还是差评？,30850944876,5.457,1,25,16777215,2025-07-05 17:09:51,1751706591,3,b56611aa,1884210469867359488,小鹏
BV1pQ3JzzEUb,114794996766545,小鹏XNGP的三点式掉头，好评、难评还是差评？,月岛Vegas,2025-07-04 20:39:14,1873,22,1,小鹏XNGP的三点式掉头，好评、难评还是差评？,30850944876,6.216,1,25,16777215,2025-07-05 20:43:19,1751719399,3,78e8f107,1884317912735601408,华为
BV1pQ3JzzEUb,114794996766545,小鹏XNGP的三点式掉头，好评、难评还是差评？,月岛Vegas,2025-07-04 20:39:14,1873,22,1,小鹏XNGP的三点式掉头，好评、难评还是差评？,30850944876,6.561,1,25,16777215,2025-07-05 23:39:34,1751729974,3,43824b9e,1884406621208243968,小鹏
BV1mkhD6vETR,117335167997208,小鹏G7max双O版智驾实测：中珠国道犯错/接管13次,蟹堡王强力杀虫剂,2026-09-26 11:22:46,1930,49,1,lv_0_20260926001931,42209511286,62.147,1,25,16777215,2026-09-26 17:16:24,1790414184,0,cf20bdbc,2208913297741852416,其他厂商旧版本都这样，现在ads5，hsd2.1看评测还行
BV1U6Yy6bEXj,117269501839537,二手小鹏全系盘点,转转肥刘不肥,2026-09-14 21:04:32,3712,15,1,二手小鹏全系盘点,41892055479,66.011,1,25,16777215,2026-09-15 12:59:12,1789448352,0,1bfb65a2,2200811310341120768,这期的三元里磕碰很容易火
BV1U6Yy6bEXj,117269501839537,二手小鹏全系盘点,转转肥刘不肥,2026-09-14 21:04:32,3712,15,1,二手小鹏全系盘点,41892055479,120.547,1,25,16777215,2026-09-16 14:31:18,1789540278,0,65427a8a,2201582441310365952,14w买这个？？赶上新车价了
BV1Fe411x7Uk,242986012,自动驾驶花样多，小鹏P7XPilot 3.0跟2.5到底有什么区别？,智阅汽车,2020-04-30 16:29:53,20050,27,1,自动驾驶花样多，小鹏P7XPilot 3.0跟2.5到底有什么区别？,185150384,160.784,1,25,16777215,2020-11-10 20:38:56,1605011936,0,a40988c1,40826181525176327,可以
BV1tDY26hE59,117253043526487,聊聊小鹏汽车的坑爹智驾,无痕测车,2026-09-11 23:13:57,37488,725,1,studio_video_1789139488241.mp4,41800436889,96.490,1,25,16777215,2026-09-11 23:19:39,1789139979,0,51640547,2198224491686145024,天神之眼b也差不多
BV1tDY26hE59,117253043526487,聊聊小鹏汽车的坑爹智驾,无痕测车,2026-09-11 23:13:57,37488,725,1,studio_video_1789139488241.mp4,41800436889,29.093,5,25,15138834,2026-09-11 23:21:47,1789140107,0,496c4b85,2198225558675681280,xp一直说自己智驾好，现在弹幕说只能直线？
BV1tDY26hE59,117253043526487,聊聊小鹏汽车的坑爹智驾,无痕测车,2026-09-11 23:13:57,37488,725,1,studio_video_1789139488241.mp4,41800436889,54.662,1,25,16777215,2026-09-11 23:35:00,1789140900,0,42be69db,2198232211395515648,把这当成单行道了
BV1tDY26hE59,117253043526487,聊聊小鹏汽车的坑爹智驾,无痕测车,2026-09-11 23:13:57,37488,725,1,studio_video_1789139488241.mp4,41800436889,24.197,5,25,15772458,2026-09-11 23:59:09,1789142349,0,9ae39a89,2198244368702759680,哈哈哈哈哈
BV1tDY26hE59,117253043526487,聊聊小鹏汽车的坑爹智驾,无痕测车,2026-09-11 23:13:57,37488,725,1,studio_video_1789139488241.mp4,41800436889,30.367,1,25,16777215,2026-09-12 00:28:27,1789144107,0,48e2446a,2198259120522737920,纯视觉方案
BV1tDY26hE59,117253043526487,聊聊小鹏汽车的坑爹智驾,无痕测车,2026-09-11 23:13:57,37488,725,1,studio_video_1789139488241.mp4,41800436889,92.713,1,25,16777215,2026-09-12 00:40:16,1789144816,0,d97339a4,2198265067349544448,笛子也这样，大车有点靠近线就一定会减速再慢慢超车
BV1tDY26hE59,117253043526487,聊聊小鹏汽车的坑爹智驾,无痕测车,2026-09-11 23:13:57,37488,725,1,studio_video_1789139488241.mp4,41800436889,63.149,1,25,16777215,2026-09-12 02:03:03,1789149783,0,336aef2e,2198306733549118208,没有
BV1tDY26hE59,117253043526487,聊聊小鹏汽车的坑爹智驾,无痕测车,2026-09-11 23:13:57,37488,725,1,studio_video_1789139488241.mp4,41800436889,19.077,1,25,16777215,2026-09-12 03:39:36,1789155576,0,70520a9e,2198355325668317696,智驾不想上班，想陪你一起走
BV1tDY26hE59,117253043526487,聊聊小鹏汽车的坑爹智驾,无痕测车,2026-09-11 23:13:57,37488,725,1,studio_video_1789139488241.mp4,41800436889,7.299,5,25,16707842,2026-09-12 05:13:11,1789161191,0,84342bbd,2198402426065942784,龙头偏左
BV1tDY26hE59,117253043526487,聊聊小鹏汽车的坑爹智驾,无痕测车,2026-09-11 23:13:57,37488,725,1,studio_video_1789139488241.mp4,41800436889,41.185,4,25,16707842,2026-09-12 05:13:56,1789161236,0,84342bbd,2198402805692238848,还是龙头偏左
BV1tDY26hE59,117253043526487,聊聊小鹏汽车的坑爹智驾,无痕测车,2026-09-11 23:13:57,37488,725,1,studio_video_1789139488241.mp4,41800436889,70.701,1,25,16777215,2026-09-12 05:19:12,1789161552,0,ef3796a3,2198405459109847808,看到了肉眼看不到的东西
BV1tDY26hE59,117253043526487,聊聊小鹏汽车的坑爹智驾,无痕测车,2026-09-11 23:13:57,37488,725,1,studio_video_1789139488241.mp4,41800436889,3.269,1,25,16777215,2026-09-12 07:12:12,1789168332,0,b78ef254,2198462327068704256,来了来了
BV1tDY26hE59,117253043526487,聊聊小鹏汽车的坑爹智驾,无痕测车,2026-09-11 23:13:57,37488,725,1,studio_video_1789139488241.mp4,41800436889,15.870,5,25,16777215,2026-09-12 07:18:40,1789168720,0,9485d244,2198465587787791616,龙头偏左
BV1tDY26hE59,117253043526487,聊聊小鹏汽车的坑爹智驾,无痕测车,2026-09-11 23:13:57,37488,725,1,studio_video_1789139488241.mp4,41800436889,81.257,5,25,16777215,2026-09-12 07:25:13,1789169113,0,9485d244,2198468881801323264,25款是vla2.0不？
BV1tDY26hE59,117253043526487,聊聊小鹏汽车的坑爹智驾,无痕测车,2026-09-11 23:13:57,37488,725,1,studio_video_1789139488241.mp4,41800436889,30.557,1,25,16777215,2026-09-12 07:45:29,1789170329,0,bb2b565,2198479082667443200,遥遥领先
BV1tDY26hE59,117253043526487,聊聊小鹏汽车的坑爹智驾,无痕测车,2026-09-11 23:13:57,37488,725,1,studio_video_1789139488241.mp4,41800436889,60.715,1,25,16777215,2026-09-12 08:30:30,1789173030,0,1dad13fa,2198501739945121536,纯视觉牛逼
BV1tDY26hE59,117253043526487,聊聊小鹏汽车的坑爹智驾,无痕测车,2026-09-11 23:13:57,37488,725,1,studio_video_1789139488241.mp4,41800436889,36.734,1,25,16777215,2026-09-12 08:40:20,1789173620,0,5711096,2198506692378054144,我是小鹏p7+车主，我从来不用辅助驾驶，
BV1tDY26hE59,117253043526487,聊聊小鹏汽车的坑爹智驾,无痕测车,2026-09-11 23:13:57,37488,725,1,studio_video_1789139488241.mp4,41800436889,19.166,1,25,16777215,2026-09-12 08:48:07,1789174087,0,d210256f,2198510609287737600,险些上素材
BV1tDY26hE59,117253043526487,聊聊小鹏汽车的坑爹智驾,无痕测车,2026-09-11 23:13:57,37488,725,1,studio_video_1789139488241.mp4,41800436889,49.953,1,25,16777215,2026-09-12 10:14:14,1789179254,0,1fe29745,2198553952310647808,搁这跑赛道？
BV1tDY26hE59,117253043526487,聊聊小鹏汽车的坑爹智驾,无痕测车,2026-09-11 23:13:57,37488,725,1,studio_video_1789139488241.mp4,41800436889,60.068,1,25,16777215,2026-09-12 10:22:27,1789179747,0,cd936597,2198558082333137664,赛道走线
BV1tDY26hE59,117253043526487,聊聊小鹏汽车的坑爹智驾,无痕测车,2026-09-11 23:13:57,37488,725,1,studio_video_1789139488241.mp4,41800436889,64.234,1,25,16777215,2026-09-12 10:32:45,1789180365,0,f7c81b44,2198563273556046592,默认对向车道没有车
BV1tDY26hE59,117253043526487,聊聊小鹏汽车的坑爹智驾,无痕测车,2026-09-11 23:13:57,37488,725,1,studio_video_1789139488241.mp4,41800436889,19.573,1,25,16777215,2026-09-12 10:38:36,1789180716,0,13688392,2198566218267943424,常规操作了，我早就见着我这样的情况
BV1tDY26hE59,117253043526487,聊聊小鹏汽车的坑爹智驾,无痕测车,2026-09-11 23:13:57,37488,725,1,studio_video_1789139488241.mp4,41800436889,159.338,1,25,16777215,2026-09-12 11:22:19,1789183339,0,8360c9e1,2198588214229926656,跑西部还是油车
BV1tDY26hE59,117253043526487,聊聊小鹏汽车的坑爹智驾,无痕测车,2026-09-11 23:13:57,37488,725,1,studio_video_1789139488241.mp4,41800436889,53.780,1,25,16777215,2026-09-12 12:48:01,1789188481,0,da4714ab,2198631354332340480,这种路我基本不开～理想i6也会这样
BV1tDY26hE59,117253043526487,聊聊小鹏汽车的坑爹智驾,无痕测车,2026-09-11 23:13:57,37488,725,1,studio_video_1789139488241.mp4,41800436889,8.877,1,25,16776960,2026-09-12 12:49:05,1789188545,0,b83f88f5,2198631893233501184,卧槽
BV1tDY26hE59,117253043526487,聊聊小鹏汽车的坑爹智驾,无痕测车,2026-09-11 23:13:57,37488,725,1,studio_video_1789139488241.mp4,41800436889,104.183,1,25,16777215,2026-09-12 14:21:05,1789194065,0,b38b73a,2198678198038923776,高速小鹏一直没更新VLA2.0吧，超车这表现就很“规则”了，它只会这些
BV1tDY26hE59,117253043526487,聊聊小鹏汽车的坑爹智驾,无痕测车,2026-09-11 23:13:57,37488,725,1,studio_video_1789139488241.mp4,41800436889,97.773,1,25,16777215,2026-09-12 15:35:18,1789198518,0,d912b173,2198715549793207808,哈哈，天神B眼之我在高速偶尔用用或者不用，因为车是单位的我不是
BV1tDY26hE59,117253043526487,聊聊小鹏汽车的坑爹智驾,无痕测车,2026-09-11 23:13:57,37488,725,1,studio_video_1789139488241.mp4,41800436889,36.926,1,25,16777215,2026-09-12 17:32:00,1789205520,0,32f6fff,2198774289309446912,没激光雷达的都不行。
BV1tDY26hE59,117253043526487,聊聊小鹏汽车的坑爹智驾,无痕测车,2026-09-11 23:13:57,37488,725,1,studio_video_1789139488241.mp4,41800436889,26.580,1,25,16777215,2026-09-12 17:56:37,1789206997,0,819f2ecc,2198786673285443072,不是第一次？
BV1tDY26hE59,117253043526487,聊聊小鹏汽车的坑爹智驾,无痕测车,2026-09-11 23:13:57,37488,725,1,studio_video_1789139488241.mp4,41800436889,10.902,1,25,16777215,2026-09-12 19:49:05,1789213745,0,23cb4d04,2198843286113513472,龙头（方向盘）偏左
BV1tDY26hE59,117253043526487,聊聊小鹏汽车的坑爹智驾,无痕测车,2026-09-11 23:13:57,37488,725,1,studio_video_1789139488241.mp4,41800436889,33.421,1,25,16777215,2026-09-12 19:56:14,1789214174,0,cc638e65,2198846880749401856,这太吓人了
BV1tDY26hE59,117253043526487,聊聊小鹏汽车的坑爹智驾,无痕测车,2026-09-11 23:13:57,37488,725,1,studio_video_1789139488241.mp4,41800436889,6.051,1,25,16777215,2026-09-12 20:41:36,1789216896,0,b54b39,2198869710773603072,我看首页还以为出事故住院了呢
BV1tDY26hE59,117253043526487,聊聊小鹏汽车的坑爹智驾,无痕测车,2026-09-11 23:13:57,37488,725,1,studio_video_1789139488241.mp4,41800436889,75.395,1,25,16777215,2026-09-12 21:25:44,1789219544,0,5a3b5f1d,2198891929193509120,简单的题我是会做的
BV1tDY26hE59,117253043526487,聊聊小鹏汽车的坑爹智驾,无痕测车,2026-09-11 23:13:57,37488,725,1,studio_video_1789139488241.mp4,41800436889,171.183,1,25,16777215,2026-09-12 23:07:42,1789225662,0,1d8bba09,2198943248641486080,理想高速也稳，晚上高速开个200，300不需要接管。。还是双O
BV1tDY26hE59,117253043526487,聊聊小鹏汽车的坑爹智驾,无痕测车,2026-09-11 23:13:57,37488,725,1,studio_video_1789139488241.mp4,41800436889,11.080,1,25,16777215,2026-09-13 06:19:06,1789251546,0,f6590f5d,2199160376242052864,wtf
BV1tDY26hE59,117253043526487,聊聊小鹏汽车的坑爹智驾,无痕测车,2026-09-11 23:13:57,37488,725,1,studio_video_1789139488241.mp4,41800436889,155.969,1,25,16777215,2026-09-13 08:20:08,1789258808,0,780fdb90,2199221294271307264,我相信你说的！
BV1tDY26hE59,117253043526487,聊聊小鹏汽车的坑爹智驾,无痕测车,2026-09-11 23:13:57,37488,725,1,studio_video_1789139488241.mp4,41800436889,5.402,1,25,16777215,2026-09-13 11:38:53,1789270733,0,2843602c,2199321330443406592,智驾目前只有华为和其他
BV1tDY26hE59,117253043526487,聊聊小鹏汽车的坑爹智驾,无痕测车,2026-09-11 23:13:57,37488,725,1,studio_video_1789139488241.mp4,41800436889,28.560,1,25,16777215,2026-09-13 12:59:03,1789275543,0,607f1e78,2199361685310673408,小鹏汽车技术牛逼
BV1tDY26hE59,117253043526487,聊聊小鹏汽车的坑爹智驾,无痕测车,2026-09-11 23:13:57,37488,725,1,studio_video_1789139488241.mp4,41800436889,74.107,1,25,16777215,2026-09-13 13:15:05,1789276505,0,772230e9,2199369753926760192,纯视觉是这样的
BV1tDY26hE59,117253043526487,聊聊小鹏汽车的坑爹智驾,无痕测车,2026-09-11 23:13:57,37488,725,1,studio_video_1789139488241.mp4,41800436889,89.242,1,25,16777215,2026-09-13 15:36:16,1789284976,0,fd9f4fba,2199440814143549184,乾坤 ADS4.1的时候也有这个问题。
BV1tDY26hE59,117253043526487,聊聊小鹏汽车的坑爹智驾,无痕测车,2026-09-11 23:13:57,37488,725,1,studio_video_1789139488241.mp4,41800436889,14.731,1,25,16777215,2026-09-13 19:29:19,1789298959,0,5bf707aa,2199558110748790528,NGP退出了，是打方向导致的，还是先退出了然后跑偏
BV1tDY26hE59,117253043526487,聊聊小鹏汽车的坑爹智驾,无痕测车,2026-09-11 23:13:57,37488,725,1,studio_video_1789139488241.mp4,41800436889,127.947,1,25,16777215,2026-09-13 22:07:29,1789308449,0,f433ced1,2199637720391813632,晚上大概率被对面灯光影响的 我自己观察过几次案例
BV1tDY26hE59,117253043526487,聊聊小鹏汽车的坑爹智驾,无痕测车,2026-09-11 23:13:57,37488,725,1,studio_video_1789139488241.mp4,41800436889,120.988,1,25,16777215,2026-09-13 22:45:23,1789310723,0,2d204e70,2199656790743013376,这是视觉硬伤，没法杜绝
BV1tDY26hE59,117253043526487,聊聊小鹏汽车的坑爹智驾,无痕测车,2026-09-11 23:13:57,37488,725,1,studio_video_1789139488241.mp4,41800436889,46.718,1,25,16777215,2026-09-14 08:17:36,1789345056,0,cd6874cf,2199944796091806720,好家伙，懂得走赛车路线了
BV1tDY26hE59,117253043526487,聊聊小鹏汽车的坑爹智驾,无痕测车,2026-09-11 23:13:57,37488,725,1,studio_video_1789139488241.mp4,41800436889,25.897,1,25,16777215,2026-09-14 12:51:06,1789361466,0,53a89583,2200082452578998784,你这不就是医院吗？
BV1tDY26hE59,117253043526487,聊聊小鹏汽车的坑爹智驾,无痕测车,2026-09-11 23:13:57,37488,725,1,studio_video_1789139488241.mp4,41800436889,25.850,1,25,14811775,2026-09-14 21:23:14,1789392194,0,36bd2c67,2200340222112941824,还是华为全家桶智驾靠谱点
BV1tDY26hE59,117253043526487,聊聊小鹏汽车的坑爹智驾,无痕测车,2026-09-11 23:13:57,37488,725,1,studio_video_1789139488241.mp4,41800436889,97.748,1,25,16777215,2026-09-15 02:10:55,1789409455,0,48598f0e,2200485013798866944,激光雷达，摄像头，毫米波雷达，芯片架构安全保底，侧端Ai，和云端Ai 还有OTG优化，能做到这点的中国就没几家，也就华为勉强算一个
BV1tDY26hE59,117253043526487,聊聊小鹏汽车的坑爹智驾,无痕测车,2026-09-11 23:13:57,37488,725,1,studio_video_1789139488241.mp4,41800436889,38.278,1,25,16777215,2026-09-16 20:01:13,1789560073,0,d30b5bd3,2201748493469667584,我连最基础的定速巡航都不敢用
BV1tDY26hE59,117253043526487,聊聊小鹏汽车的坑爹智驾,无痕测车,2026-09-11 23:13:57,37488,725,1,studio_video_1789139488241.mp4,41800436889,120.561,1,25,16777215,2026-09-17 15:16:45,1789629405,0,4abc34a4,2202330087524308480,超车减速原来如此
BV1tDY26hE59,117253043526487,聊聊小鹏汽车的坑爹智驾,无痕测车,2026-09-11 23:13:57,37488,725,1,studio_video_1789139488241.mp4,41800436889,137.873,1,25,16777215,2026-09-18 18:59:26,1789729166,0,b7821239,2203166947506951936,是你们对智驾期望值都太高了
BV1tDY26hE59,117253043526487,聊聊小鹏汽车的坑爹智驾,无痕测车,2026-09-11 23:13:57,37488,725,1,studio_video_1789139488241.mp4,41800436889,157.194,1,25,16777215,2026-09-24 20:30:39,1790253039,0,62813f9e,2207561508341547264,把国道的护栏识别成车了
BV1tDY26hE59,117253043526487,聊聊小鹏汽车的坑爹智驾,无痕测车,2026-09-11 23:13:57,37488,725,1,studio_video_1789139488241.mp4,41800436889,130.564,1,25,16777215,2026-09-27 21:34:30,1790516070,0,2bb93907,2209767972888455680,说白了，这是纯视觉方案底层的先天缺陷，获取数据维度少了，算法再牛也白搭，VLA今后注定被淘汰
BV1tDY26hE59,117253043526487,聊聊小鹏汽车的坑爹智驾,无痕测车,2026-09-11 23:13:57,37488,725,1,studio_video_1789139488241.mp4,41800436889,10.657,1,25,16777215,2026-09-28 08:19:23,1790554763,0,b69b204,2210092554681842432,确实吓人
BV1tDY26hE59,117253043526487,聊聊小鹏汽车的坑爹智驾,无痕测车,2026-09-11 23:13:57,37488,725,1,studio_video_1789139488241.mp4,41800436889,86.130,1,25,16777215,2026-09-28 10:33:33,1790562813,0,31e59bc6,2210160084620460544,搞不好还是MAX的X9，这种路上用智驾就说明胆子太大了
BV15hej6dE58,117272538584970,智驾报告｜双 O 蒸馏版第二代 VLA 尝鲜【双 OrinX 平台一段式端到端】,狂派铁皮,2026-09-15 09:53:36,9717,180,1,智驾报告｜双 O 蒸馏版第二代 VLA 尝鲜【双 OrinX 平台一段式端到端】,41903456758,52.870,1,25,16777215,2026-09-15 11:32:29,1789443149,0,a638c977,2200767663314274048,这个躲的可以啊，老版本估计只会急刹
BV15hej6dE58,117272538584970,智驾报告｜双 O 蒸馏版第二代 VLA 尝鲜【双 OrinX 平台一段式端到端】,狂派铁皮,2026-09-15 09:53:36,9717,180,1,智驾报告｜双 O 蒸馏版第二代 VLA 尝鲜【双 OrinX 平台一段式端到端】,41903456758,207.612,1,25,16777215,2026-09-15 11:35:22,1789443322,0,a638c977,2200769113201560576,这里右边还是很宽的
BV15hej6dE58,117272538584970,智驾报告｜双 O 蒸馏版第二代 VLA 尝鲜【双 OrinX 平台一段式端到端】,狂派铁皮,2026-09-15 09:53:36,9717,180,1,智驾报告｜双 O 蒸馏版第二代 VLA 尝鲜【双 OrinX 平台一段式端到端】,41903456758,304.029,1,25,16777215,2026-09-15 12:09:40,1789445380,0,b2d08846,2200786373853036800,有点东西
BV15hej6dE58,117272538584970,智驾报告｜双 O 蒸馏版第二代 VLA 尝鲜【双 OrinX 平台一段式端到端】,狂派铁皮,2026-09-15 09:53:36,9717,180,1,智驾报告｜双 O 蒸馏版第二代 VLA 尝鲜【双 OrinX 平台一段式端到端】,41903456758,320.260,1,25,16777215,2026-09-15 19:02:00,1789470120,0,9a77c0b3,2200993915892008960,鸡皮疙瘩。
BV15hej6dE58,117272538584970,智驾报告｜双 O 蒸馏版第二代 VLA 尝鲜【双 OrinX 平台一段式端到端】,狂派铁皮,2026-09-15 09:53:36,9717,180,1,智驾报告｜双 O 蒸馏版第二代 VLA 尝鲜【双 OrinX 平台一段式端到端】,41903456758,283.271,1,25,16777215,2026-09-16 00:02:35,1789488155,0,88ec4b49,2201145199571927552,牛逼
BV15hej6dE58,117272538584970,智驾报告｜双 O 蒸馏版第二代 VLA 尝鲜【双 OrinX 平台一段式端到端】,狂派铁皮,2026-09-15 09:53:36,9717,180,1,智驾报告｜双 O 蒸馏版第二代 VLA 尝鲜【双 OrinX 平台一段式端到端】,41903456758,618.186,1,25,16777215,2026-09-15 11:43:11,1789443791,0,a638c977,2200773048146574592,小鹏招到先明真是捡到宝了
BV15hej6dE58,117272538584970,智驾报告｜双 O 蒸馏版第二代 VLA 尝鲜【双 OrinX 平台一段式端到端】,狂派铁皮,2026-09-15 09:53:36,9717,180,1,智驾报告｜双 O 蒸馏版第二代 VLA 尝鲜【双 OrinX 平台一段式端到端】,41903456758,533.248,1,25,16777215,2026-09-16 00:21:41,1789489301,0,724798c4,2201154817228305152,630是指的图灵系统版本6.3.0
BV15hej6dE58,117272538584970,智驾报告｜双 O 蒸馏版第二代 VLA 尝鲜【双 OrinX 平台一段式端到端】,狂派铁皮,2026-09-15 09:53:36,9717,180,1,智驾报告｜双 O 蒸馏版第二代 VLA 尝鲜【双 OrinX 平台一段式端到端】,41903456758,401.534,5,25,16777215,2026-09-18 16:16:41,1789719401,0,f5f6b48c,2203085035870692864,感觉双 o 的算力完全够小鹏目前的智驾了
BV15hej6dE58,117272538584970,智驾报告｜双 O 蒸馏版第二代 VLA 尝鲜【双 OrinX 平台一段式端到端】,狂派铁皮,2026-09-15 09:53:36,9717,180,1,智驾报告｜双 O 蒸馏版第二代 VLA 尝鲜【双 OrinX 平台一段式端到端】,41903456758,439.340,1,25,16777215,2026-09-18 18:48:55,1789728535,0,7f0491c9,2203161652323737088,刚刚那个会车怎么剪辑了
BV15hej6dE58,117272538584970,智驾报告｜双 O 蒸馏版第二代 VLA 尝鲜【双 OrinX 平台一段式端到端】,狂派铁皮,2026-09-15 09:53:36,9717,180,1,智驾报告｜双 O 蒸馏版第二代 VLA 尝鲜【双 OrinX 平台一段式端到端】,41903456758,444.842,1,25,16777215,2026-09-27 23:42:01,1790523721,0,b612ba3b,2209832160277113600,没处理好的场景吧，突然中断
BV1gnhk6mEwT,117312468292904,小鹏老用户的蒸馏版，蒸的怎么样了？连线小鹏总部400热线，有更新信息吗？#小鹏汽车 #小鹏 #vla2.0 #小鹏蒸馏版,Hi柯磊儿,2026-09-22 11:04:37,2627,37,1,lv_0_20260922103618,42099476126,0.329,1,25,16777215,2026-09-22 19:24:29,1790076269,0,78c7b2e6,2206078655657442816,鹏友只蒸一次
BV1gnhk6mEwT,117312468292904,小鹏老用户的蒸馏版，蒸的怎么样了？连线小鹏总部400热线，有更新信息吗？#小鹏汽车 #小鹏 #vla2.0 #小鹏蒸馏版,Hi柯磊儿,2026-09-22 11:04:37,2627,37,1,lv_0_20260922103618,42099476126,35.953,1,25,16777215,2026-09-22 21:40:01,1790084401,0,1257b168,2206146870853004288,还以为是5 4 3 2 1 倒数
BV1aQ4y1N7PT,710567752,【NGP智能辅助驾驶】小鹏汽车XPILOT 3.0 高速自主导航驾驶,小鹏汽车,2020-05-08 10:50:38,29797,183,1,小鹏汽车XPILOT 3.0 高速自主导航驾驶,188445426,104.841,1,25,16777215,2020-05-08 11:19:33,1588907973,0,cc8bfd0c,32383067143798789,看着好慌 要出人命的
BV1aQ4y1N7PT,710567752,【NGP智能辅助驾驶】小鹏汽车XPILOT 3.0 高速自主导航驾驶,小鹏汽车,2020-05-08 10:50:38,29797,183,1,小鹏汽车XPILOT 3.0 高速自主导航驾驶,188445426,112.898,1,25,16777215,2020-05-08 18:05:58,1588932358,0,2b71ac8c,32395851975884803,未来已来
BV1aQ4y1N7PT,710567752,【NGP智能辅助驾驶】小鹏汽车XPILOT 3.0 高速自主导航驾驶,小鹏汽车,2020-05-08 10:50:38,29797,183,1,小鹏汽车XPILOT 3.0 高速自主导航驾驶,188445426,128.693,1,25,16777215,2020-05-09 11:01:20,1588993280,0,37fa2c07,32427792626352135,要超特斯拉了
BV1aQ4y1N7PT,710567752,【NGP智能辅助驾驶】小鹏汽车XPILOT 3.0 高速自主导航驾驶,小鹏汽车,2020-05-08 10:50:38,29797,183,1,小鹏汽车XPILOT 3.0 高速自主导航驾驶,188445426,19.050,1,25,16777215,2020-05-09 19:40:32,1589024432,0,83d820ff,32444124789997573,牛逼
BV1aQ4y1N7PT,710567752,【NGP智能辅助驾驶】小鹏汽车XPILOT 3.0 高速自主导航驾驶,小鹏汽车,2020-05-08 10:50:38,29797,183,1,小鹏汽车XPILOT 3.0 高速自主导航驾驶,188445426,66.987,1,25,16777215,2020-05-10 01:32:10,1589045530,0,7fe8ab50,32455186262261767,应该叫大雕
BV1aQ4y1N7PT,710567752,【NGP智能辅助驾驶】小鹏汽车XPILOT 3.0 高速自主导航驾驶,小鹏汽车,2020-05-08 10:50:38,29797,183,1,小鹏汽车XPILOT 3.0 高速自主导航驾驶,188445426,32.779,1,25,15138834,2020-05-10 09:17:40,1589073460,0,4147746e,32469830005161991,举报了，透视
BV1aQ4y1N7PT,710567752,【NGP智能辅助驾驶】小鹏汽车XPILOT 3.0 高速自主导航驾驶,小鹏汽车,2020-05-08 10:50:38,29797,183,1,小鹏汽车XPILOT 3.0 高速自主导航驾驶,188445426,144.178,1,25,16777215,2020-05-10 11:03:00,1589079780,0,748d95cd,32473143091134469,我就问一下，撞车了，算车主的还是算小鹏的
BV1aQ4y1N7PT,710567752,【NGP智能辅助驾驶】小鹏汽车XPILOT 3.0 高速自主导航驾驶,小鹏汽车,2020-05-08 10:50:38,29797,183,1,小鹏汽车XPILOT 3.0 高速自主导航驾驶,188445426,52.218,1,25,16777215,2020-05-10 11:33:30,1589081610,0,58f36a4b,32474102806609923,这个是小鹏
BV1aQ4y1N7PT,710567752,【NGP智能辅助驾驶】小鹏汽车XPILOT 3.0 高速自主导航驾驶,小鹏汽车,2020-05-08 10:50:38,29797,183,1,小鹏汽车XPILOT 3.0 高速自主导航驾驶,188445426,105.612,1,25,16777215,2020-05-10 13:04:46,1589087086,0,c471646f,32476973662470147,说实话，这个名字确实low
BV1aQ4y1N7PT,710567752,【NGP智能辅助驾驶】小鹏汽车XPILOT 3.0 高速自主导航驾驶,小鹏汽车,2020-05-08 10:50:38,29797,183,1,小鹏汽车XPILOT 3.0 高速自主导航驾驶,188445426,119.552,1,25,16777215,2020-05-10 17:52:43,1589104363,0,dd7d53c6,32486031928852483,其实我想看看这车跑一下南京城
BV1aQ4y1N7PT,710567752,【NGP智能辅助驾驶】小鹏汽车XPILOT 3.0 高速自主导航驾驶,小鹏汽车,2020-05-08 10:50:38,29797,183,1,小鹏汽车XPILOT 3.0 高速自主导航驾驶,188445426,121.707,1,25,16777215,2020-05-10 21:38:06,1589117886,0,e2ca6b36,32493121774288903,来一段别剪的，一个小时也行
BV1aQ4y1N7PT,710567752,【NGP智能辅助驾驶】小鹏汽车XPILOT 3.0 高速自主导航驾驶,小鹏汽车,2020-05-08 10:50:38,29797,183,1,小鹏汽车XPILOT 3.0 高速自主导航驾驶,188445426,19.012,1,25,16777215,2020-05-11 07:14:08,1589152448,0,3a66f06e,32511242125443077,小鹏有对中国这种司机素质参差不齐的情况作优化么
BV1aQ4y1N7PT,710567752,【NGP智能辅助驾驶】小鹏汽车XPILOT 3.0 高速自主导航驾驶,小鹏汽车,2020-05-08 10:50:38,29797,183,1,小鹏汽车XPILOT 3.0 高速自主导航驾驶,188445426,102.133,1,25,16777215,2020-05-11 20:14:10,1589199250,0,6889812e,32535780088348679,坐在里面心里没底，更TM紧张了
BV1aQ4y1N7PT,710567752,【NGP智能辅助驾驶】小鹏汽车XPILOT 3.0 高速自主导航驾驶,小鹏汽车,2020-05-08 10:50:38,29797,183,1,小鹏汽车XPILOT 3.0 高速自主导航驾驶,188445426,70.395,1,25,16777215,2020-05-12 12:24:51,1589257491,0,d901580b,32566315014160387,改成叫大鹏
BV1aQ4y1N7PT,710567752,【NGP智能辅助驾驶】小鹏汽车XPILOT 3.0 高速自主导航驾驶,小鹏汽车,2020-05-08 10:50:38,29797,183,1,小鹏汽车XPILOT 3.0 高速自主导航驾驶,188445426,24.985,1,25,16777215,2020-05-14 15:13:02,1589440382,0,5f1137d5,32662202778386437,！！！
BV1aQ4y1N7PT,710567752,【NGP智能辅助驾驶】小鹏汽车XPILOT 3.0 高速自主导航驾驶,小鹏汽车,2020-05-08 10:50:38,29797,183,1,小鹏汽车XPILOT 3.0 高速自主导航驾驶,188445426,41.312,1,25,16777215,2020-05-17 13:40:41,1589694041,0,e577fbd7,32795192943181827,这是p7
BV1aQ4y1N7PT,710567752,【NGP智能辅助驾驶】小鹏汽车XPILOT 3.0 高速自主导航驾驶,小鹏汽车,2020-05-08 10:50:38,29797,183,1,小鹏汽车XPILOT 3.0 高速自主导航驾驶,188445426,122.438,1,25,16777215,2020-05-20 14:50:47,1589957447,0,fdbc2713,32933293687046147,万一猛打一波方向就爽了
BV1aQ4y1N7PT,710567752,【NGP智能辅助驾驶】小鹏汽车XPILOT 3.0 高速自主导航驾驶,小鹏汽车,2020-05-08 10:50:38,29797,183,1,小鹏汽车XPILOT 3.0 高速自主导航驾驶,188445426,40.383,1,25,16777215,2020-05-28 18:38:58,1590662338,0,6c608cbd,33302859231526917,自信一点，把吗去掉
BV1aQ4y1N7PT,710567752,【NGP智能辅助驾驶】小鹏汽车XPILOT 3.0 高速自主导航驾驶,小鹏汽车,2020-05-08 10:50:38,29797,183,1,小鹏汽车XPILOT 3.0 高速自主导航驾驶,188445426,168.300,1,25,16777215,2020-10-22 00:33:56,1603298036,0,3b7cd902,39927604382793733,快进石锤
BV1aQ4y1N7PT,710567752,【NGP智能辅助驾驶】小鹏汽车XPILOT 3.0 高速自主导航驾驶,小鹏汽车,2020-05-08 10:50:38,29797,183,1,小鹏汽车XPILOT 3.0 高速自主导航驾驶,188445426,157.245,1,25,16777215,2023-02-23 14:27:45,1677133665,0,60b3917b,1258647422834668544,科工大
BV1PU4y1Y7Zu,672359234,500km长途，让小鹏P7 NGP自己开，杭州-南京-上海全程记录,董买买,2021-03-26 09:55:12,49137,236,1,500km长途车自己开，小鹏P7 NGP自动导航辅助驾驶，全程记录,315071304,341.616,1,25,16777215,2021-03-26 10:20:48,1616725248,0,1a5edd6,46967330706030595,牛逼
BV1PU4y1Y7Zu,672359234,500km长途，让小鹏P7 NGP自己开，杭州-南京-上海全程记录,董买买,2021-03-26 09:55:12,49137,236,1,500km长途车自己开，小鹏P7 NGP自动导航辅助驾驶，全程记录,315071304,226.012,1,25,16777215,2021-03-26 10:39:51,1616726391,0,d7468f96,46967929859735557,这段跟车有点傻。
BV1PU4y1Y7Zu,672359234,500km长途，让小鹏P7 NGP自己开，杭州-南京-上海全程记录,董买买,2021-03-26 09:55:12,49137,236,1,500km长途车自己开，小鹏P7 NGP自动导航辅助驾驶，全程记录,315071304,16.408,1,25,16777215,2021-03-27 16:17:06,1616833026,0,d3a25e8f,47023837134979075,嘉闵我家门口哈哈哈
BV1PU4y1Y7Zu,672359234,500km长途，让小鹏P7 NGP自己开，杭州-南京-上海全程记录,董买买,2021-03-26 09:55:12,49137,236,1,500km长途车自己开，小鹏P7 NGP自动导航辅助驾驶，全程记录,315071304,101.268,1,25,16777215,2021-03-28 23:49:37,1616946577,0,458bc7c7,47083370497179651,这个语音特别无爱，软绵绵的
BV1PU4y1Y7Zu,672359234,500km长途，让小鹏P7 NGP自己开，杭州-南京-上海全程记录,董买买,2021-03-26 09:55:12,49137,236,1,500km长途车自己开，小鹏P7 NGP自动导航辅助驾驶，全程记录,315071304,104.023,1,25,16777215,2021-03-29 12:31:40,1616992300,0,2ef21033,47107342774829063,电车开长途小心不够董
BV1PU4y1Y7Zu,672359234,500km长途，让小鹏P7 NGP自己开，杭州-南京-上海全程记录,董买买,2021-03-26 09:55:12,49137,236,1,500km长途车自己开，小鹏P7 NGP自动导航辅助驾驶，全程记录,315071304,494.497,1,25,16777215,2021-03-26 10:42:13,1616726533,0,d7468f96,46968004183326727,NB
BV1PU4y1Y7Zu,672359234,500km长途，让小鹏P7 NGP自己开，杭州-南京-上海全程记录,董买买,2021-03-26 09:55:12,49137,236,1,500km长途车自己开，小鹏P7 NGP自动导航辅助驾驶，全程记录,315071304,619.732,1,25,16777215,2021-03-26 11:57:14,1616731034,0,4bf38c12,46970364100083715,国产新势力做的越来越好了。
BV1PU4y1Y7Zu,672359234,500km长途，让小鹏P7 NGP自己开，杭州-南京-上海全程记录,董买买,2021-03-26 09:55:12,49137,236,1,500km长途车自己开，小鹏P7 NGP自动导航辅助驾驶，全程记录,315071304,515.193,1,25,16777215,2021-03-28 19:56:54,1616932614,0,994ffb86,47076050056249347,跟车距离有点远
BV1PU4y1Y7Zu,672359234,500km长途，让小鹏P7 NGP自己开，杭州-南京-上海全程记录,董买买,2021-03-26 09:55:12,49137,236,1,500km长途车自己开，小鹏P7 NGP自动导航辅助驾驶，全程记录,315071304,530.114,1,25,16777215,2021-07-20 18:39:51,1626777591,0,e658f9b7,52237653461958661,这就不行了
BV1PU4y1Y7Zu,672359234,500km长途，让小鹏P7 NGP自己开，杭州-南京-上海全程记录,董买买,2021-03-26 09:55:12,49137,236,1,500km长途车自己开，小鹏P7 NGP自动导航辅助驾驶，全程记录,315071304,381.013,1,25,16777215,2022-08-14 21:19:27,1660483167,0,dbe5efdf,1118972922611027456,跟小鹏没关系吧，是高德的事
BV1PU4y1Y7Zu,672359234,500km长途，让小鹏P7 NGP自己开，杭州-南京-上海全程记录,董买买,2021-03-26 09:55:12,49137,236,1,500km长途车自己开，小鹏P7 NGP自动导航辅助驾驶，全程记录,315071304,626.542,1,25,16777215,2022-08-14 21:24:18,1660483458,0,dbe5efdf,1118975365323249664,要居住证的
BV1PU4y1Y7Zu,672359234,500km长途，让小鹏P7 NGP自己开，杭州-南京-上海全程记录,董买买,2021-03-26 09:55:12,49137,236,1,500km长途车自己开，小鹏P7 NGP自动导航辅助驾驶，全程记录,315071304,838.453,1,25,16777215,2021-03-26 10:19:36,1616725176,0,7908e440,46967292843524099,hahahaha
BV1PU4y1Y7Zu,672359234,500km长途，让小鹏P7 NGP自己开，杭州-南京-上海全程记录,董买买,2021-03-26 09:55:12,49137,236,1,500km长途车自己开，小鹏P7 NGP自动导航辅助驾驶，全程记录,315071304,880.840,1,25,16777215,2021-03-27 01:07:49,1616778469,0,861c9a74,46995233836630021,太真实了 蔚来的变道真的是太保守了
BV1PU4y1Y7Zu,672359234,500km长途，让小鹏P7 NGP自己开，杭州-南京-上海全程记录,董买买,2021-03-26 09:55:12,49137,236,1,500km长途车自己开，小鹏P7 NGP自动导航辅助驾驶，全程记录,315071304,1321.205,1,25,16777215,2021-04-03 17:51:22,1617443482,0,343aa520,47343891670630403,凯长途唯一的感受就是累，有个屁的乐趣
BV1PU4y1Y7Zu,672359234,500km长途，让小鹏P7 NGP自己开，杭州-南京-上海全程记录,董买买,2021-03-26 09:55:12,49137,236,1,500km长途车自己开，小鹏P7 NGP自动导航辅助驾驶，全程记录,315071304,1239.700,1,25,41194,2021-04-05 00:01:56,1617552116,0,c6c6580c,47400847277555719,最重要的，导航不能走错
BV1PU4y1Y7Zu,672359234,500km长途，让小鹏P7 NGP自己开，杭州-南京-上海全程记录,董买买,2021-03-26 09:55:12,49137,236,1,500km长途车自己开，小鹏P7 NGP自动导航辅助驾驶，全程记录,315071304,1158.462,1,25,16777215,2021-04-10 09:58:39,1618019919,0,ad0cacaa,47646110693457923,吹吧，特斯拉早就实现了的功能
BV1PU4y1Y7Zu,672359234,500km长途，让小鹏P7 NGP自己开，杭州-南京-上海全程记录,董买买,2021-03-26 09:55:12,49137,236,1,500km长途车自己开，小鹏P7 NGP自动导航辅助驾驶，全程记录,315071304,1683.684,1,25,16777215,2021-03-26 11:24:19,1616729059,0,2c527401,46969328261660679,开倍数的
BV1PU4y1Y7Zu,672359234,500km长途，让小鹏P7 NGP自己开，杭州-南京-上海全程记录,董买买,2021-03-26 09:55:12,49137,236,1,500km长途车自己开，小鹏P7 NGP自动导航辅助驾驶，全程记录,315071304,1703.806,1,25,16777215,2021-03-26 11:42:47,1616730167,0,21ae7391,46969909159657475,上班就买个电动车
BV1PU4y1Y7Zu,672359234,500km长途，让小鹏P7 NGP自己开，杭州-南京-上海全程记录,董买买,2021-03-26 09:55:12,49137,236,1,500km长途车自己开，小鹏P7 NGP自动导航辅助驾驶，全程记录,315071304,1684.563,1,25,16777215,2021-03-26 12:41:45,1616733705,0,15b8b1ea,46971764398358531,看完了
BV1PU4y1Y7Zu,672359234,500km长途，让小鹏P7 NGP自己开，杭州-南京-上海全程记录,董买买,2021-03-26 09:55:12,49137,236,1,500km长途车自己开，小鹏P7 NGP自动导航辅助驾驶，全程记录,315071304,1689.151,1,25,16777215,2021-03-26 12:57:24,1616734644,0,fa2d4534,46972256485113859,我二倍速看的。
BV1PU4y1Y7Zu,672359234,500km长途，让小鹏P7 NGP自己开，杭州-南京-上海全程记录,董买买,2021-03-26 09:55:12,49137,236,1,500km长途车自己开，小鹏P7 NGP自动导航辅助驾驶，全程记录,315071304,1741.299,1,25,16777215,2021-03-26 13:57:59,1616738279,0,b9dcb0fb,46974162525749251,小鹏速度打款到帐了
BV1PU4y1Y7Zu,672359234,500km长途，让小鹏P7 NGP自己开，杭州-南京-上海全程记录,董买买,2021-03-26 09:55:12,49137,236,1,500km长途车自己开，小鹏P7 NGP自动导航辅助驾驶，全程记录,315071304,1691.427,1,25,16777215,2021-03-26 17:16:20,1616750180,0,fa6b12e0,46980401956651011,＋1
BV1PU4y1Y7Zu,672359234,500km长途，让小鹏P7 NGP自己开，杭州-南京-上海全程记录,董买买,2021-03-26 09:55:12,49137,236,1,500km长途车自己开，小鹏P7 NGP自动导航辅助驾驶，全程记录,315071304,1683.195,1,25,16777215,2021-03-26 18:38:16,1616755096,0,695ed58e,46982979430907909,哈哈哈
BV1PU4y1Y7Zu,672359234,500km长途，让小鹏P7 NGP自己开，杭州-南京-上海全程记录,董买买,2021-03-26 09:55:12,49137,236,1,500km长途车自己开，小鹏P7 NGP自动导航辅助驾驶，全程记录,315071304,1725.069,1,25,16777215,2021-04-12 14:16:39,1618208199,0,d3357d7a,47744823621320711,厉害
BV1PU4y1Y7Zu,672359234,500km长途，让小鹏P7 NGP自己开，杭州-南京-上海全程记录,董买买,2021-03-26 09:55:12,49137,236,1,500km长途车自己开，小鹏P7 NGP自动导航辅助驾驶，全程记录,315071304,1688.681,1,25,16777215,2021-04-22 14:35:47,1619073347,0,7b5ec4e7,48198410410917891,p7车主打卡
BV1PU4y1Y7Zu,672359234,500km长途，让小鹏P7 NGP自己开，杭州-南京-上海全程记录,董买买,2021-03-26 09:55:12,49137,236,1,500km长途车自己开，小鹏P7 NGP自动导航辅助驾驶，全程记录,315071304,1743.188,1,25,16777215,2021-07-07 20:42:10,1625661730,0,25946dd8,51652620693012485,充值也不少吧   辛苦了
BV1PU4y1Y7Zu,672359234,500km长途，让小鹏P7 NGP自己开，杭州-南京-上海全程记录,董买买,2021-03-26 09:55:12,49137,236,1,500km长途车自己开，小鹏P7 NGP自动导航辅助驾驶，全程记录,315071304,1785.289,1,25,16777215,2021-07-07 20:42:52,1625661772,0,25946dd8,51652642793848839,是不是特斯拉卖了 换P7了啊  估计打折不少吧
BV1PU4y1Y7Zu,672359234,500km长途，让小鹏P7 NGP自己开，杭州-南京-上海全程记录,董买买,2021-03-26 09:55:12,49137,236,1,500km长途车自己开，小鹏P7 NGP自动导航辅助驾驶，全程记录,315071304,1754.458,1,25,16777215,2022-10-31 23:16:50,1667229410,0,db9d28fd,1175564510761688832,P7车主表示支持
BV1PU4y1Y7Zu,672359234,500km长途，让小鹏P7 NGP自己开，杭州-南京-上海全程记录,董买买,2021-03-26 09:55:12,49137,236,1,500km长途车自己开，小鹏P7 NGP自动导航辅助驾驶，全程记录,315071304,1800.023,1,25,16777215,2021-03-26 12:43:37,1616733817,0,15b8b1ea,46971823214559237,确实
BV1PU4y1Y7Zu,672359234,500km长途，让小鹏P7 NGP自己开，杭州-南京-上海全程记录,董买买,2021-03-26 09:55:12,49137,236,1,500km长途车自己开，小鹏P7 NGP自动导航辅助驾驶，全程记录,315071304,1817.517,1,25,16777215,2021-05-20 02:06:12,1621447572,0,d6ff663f,49443188109213703,真不错，实力说话
BV1qf421q7Sj,1206232075,差点被小鹏XNGP害死，最危险的一次！,电动汽车叨逼叨,2024-07-03 11:40:00,39530,187,1,差点被小鹏XNGP害死，最危险的一次！,1603094589,47.199,1,25,16777215,2024-07-03 14:29:15,1719988155,0,5d541b9b,1618136941172128000,。。。
BV1qf421q7Sj,1206232075,差点被小鹏XNGP害死，最危险的一次！,电动汽车叨逼叨,2024-07-03 11:40:00,39530,187,1,差点被小鹏XNGP害死，最危险的一次！,1603094589,40.542,1,25,16777215,2024-07-03 20:50:54,1720011054,0,aa8870a3,1618329033735826688,偷偷领先
BV1qf421q7Sj,1206232075,差点被小鹏XNGP害死，最危险的一次！,电动汽车叨逼叨,2024-07-03 11:40:00,39530,187,1,差点被小鹏XNGP害死，最危险的一次！,1603094589,74.291,1,25,16777215,2024-07-04 19:57:57,1720094277,0,7fdfe731,1619027159849273344,？
BV1qf421q7Sj,1206232075,差点被小鹏XNGP害死，最危险的一次！,电动汽车叨逼叨,2024-07-03 11:40:00,39530,187,1,差点被小鹏XNGP害死，最危险的一次！,1603094589,53.947,1,25,16777215,2024-07-06 13:32:56,1720243976,0,f7855481,1620282929030901760,小鹏:我这是辅助驾驶，你出事关我屁事
BV1qf421q7Sj,1206232075,差点被小鹏XNGP害死，最危险的一次！,电动汽车叨逼叨,2024-07-03 11:40:00,39530,187,1,差点被小鹏XNGP害死，最危险的一次！,1603094589,61.300,1,25,16777215,2024-07-12 19:29:16,1720783756,0,f7fb399e,1624810928191064576,原来你有小鹏的车啊
BV1qf421q7Sj,1206232075,差点被小鹏XNGP害死，最危险的一次！,电动汽车叨逼叨,2024-07-03 11:40:00,39530,187,1,差点被小鹏XNGP害死，最危险的一次！,1603094589,122.527,1,25,16777215,2024-09-22 19:23:29,1727004209,0,3340d071,1676991874998770176,本来可以慢慢拐一点，给你来了个油门。。。自然就不对劲了。
BV1qf421q7Sj,1206232075,差点被小鹏XNGP害死，最危险的一次！,电动汽车叨逼叨,2024-07-03 11:40:00,39530,187,1,差点被小鹏XNGP害死，最危险的一次！,1603094589,100.643,1,25,16777215,2024-10-27 19:15:31,1730027731,0,6dbf5aff,1702355013236332288,小鹏的系统有个逻辑，边上有大车会选择稍微避让
BV1qf421q7Sj,1206232075,差点被小鹏XNGP害死，最危险的一次！,电动汽车叨逼叨,2024-07-03 11:40:00,39530,187,1,差点被小鹏XNGP害死，最危险的一次！,1603094589,33.749,1,25,16777215,2024-11-06 20:24:04,1730895844,0,12d4c16d,1709637274251206144,哈哈哈哈哈哈
BV1qf421q7Sj,1206232075,差点被小鹏XNGP害死，最危险的一次！,电动汽车叨逼叨,2024-07-03 11:40:00,39530,187,1,差点被小鹏XNGP害死，最危险的一次！,1603094589,128.235,1,25,16777215,2025-02-13 13:16:35,1739423795,0,ca8b15d6,1781174910228720384,我跟的情况相似，你看看我首页
BV1qf421q7Sj,1206232075,差点被小鹏XNGP害死，最危险的一次！,电动汽车叨逼叨,2024-07-03 11:40:00,39530,187,1,差点被小鹏XNGP害死，最危险的一次！,1603094589,161.451,1,25,16777215,2025-04-02 13:34:29,1743572069,0,81a2e952,1815973149960218624,这确实是严重问题
BV1qf421q7Sj,1206232075,差点被小鹏XNGP害死，最危险的一次！,电动汽车叨逼叨,2024-07-03 11:40:00,39530,187,1,差点被小鹏XNGP害死，最危险的一次！,1603094589,165.071,1,25,16777215,2025-04-02 13:35:33,1743572133,0,81a2e952,1815973689372573952,任何时候，自动驾驶向有碰撞危险的方向主动变线都是应该严格禁止的
BV1qf421q7Sj,1206232075,差点被小鹏XNGP害死，最危险的一次！,电动汽车叨逼叨,2024-07-03 11:40:00,39530,187,1,差点被小鹏XNGP害死，最危险的一次！,1603094589,57.081,1,25,16777215,2025-05-22 14:02:38,1747893758,0,89994575,1852226110490885120,很正常，2025年试驾蓝山也是侧后感知很差
BV1qf421q7Sj,1206232075,差点被小鹏XNGP害死，最危险的一次！,电动汽车叨逼叨,2024-07-03 11:40:00,39530,187,1,差点被小鹏XNGP害死，最危险的一次！,1603094589,134.981,1,25,16646914,2025-06-13 15:10:41,1749798641,0,825dcd59,1868205424739313920,为什么要向左变道？
BV1qf421q7Sj,1206232075,差点被小鹏XNGP害死，最危险的一次！,电动汽车叨逼叨,2024-07-03 11:40:00,39530,187,1,差点被小鹏XNGP害死，最危险的一次！,1603094589,86.150,1,25,16777215,2025-07-18 00:56:50,1752771410,0,a58d58b0,1893142823361562624,？
BV1qf421q7Sj,1206232075,差点被小鹏XNGP害死，最危险的一次！,电动汽车叨逼叨,2024-07-03 11:40:00,39530,187,1,差点被小鹏XNGP害死，最危险的一次！,1603094589,118.817,1,25,16777215,2026-06-07 22:08:14,1780841294,0,41d453ab,2128610074124561920,这里是广福路吗 哈哈
BV1LP4y1V7VR,891969328,（小鹏）21-24款小鹏P5,专车专用车载手机架,2021-11-28 16:27:01,7568,5,1,（小鹏）21-24款小鹏P5,450722182,31.699,1,25,16777215,2021-11-28 22:26:32,1638109592,0,3ec911f5,58205611226352128,我觉得这个车机不需要用到手机，开滴滴的可能也用不到
BV1Zo5BzZEou,114355316195572,天塌了，小鹏汽车AI图灵芯片ota众筹计划要来了，我积分没了！,车神经探天玑,2025-04-18 07:58:31,7852,60,1,lv_0_20250418034830,29472721792,21.85700,1,25,16777215,2025-04-26 19:07:08,1745665628,0,3340d071,1833535203638013952,比起芯片，cdc可能热度更高一些。
BV1Zo5BzZEou,114355316195572,天塌了，小鹏汽车AI图灵芯片ota众筹计划要来了，我积分没了！,车神经探天玑,2025-04-18 07:58:31,7852,60,1,lv_0_20250418034830,29472721792,15.03900,1,25,16777215,2026-03-06 22:30:40,1772807440,0,443fbd6c,2061217216954781184,这个ota感觉胎死腹中了哈哈哈
BV1Zo5BzZEou,114355316195572,天塌了，小鹏汽车AI图灵芯片ota众筹计划要来了，我积分没了！,车神经探天玑,2025-04-18 07:58:31,7852,60,1,lv_0_20250418034830,29472721792,1.09100,1,25,16777215,2025-05-01 02:52:28,1746039148,0,1d93e06b,1836668512094290176,折叠屏
BV1Zo5BzZEou,114355316195572,天塌了，小鹏汽车AI图灵芯片ota众筹计划要来了，我积分没了！,车神经探天玑,2025-04-18 07:58:31,7852,60,1,lv_0_20250418034830,29472721792,22.82500,1,25,16777215,2025-04-18 23:28:42,1744990122,0,fc7710ff,1827868643384522240,真的打磨好了吗？别只是割韭菜的吧！
BV1i5Y46WECU,117239806232332,「VLA 2.0」又是丝滑的一天，聊聊用车体验！【Allen】,Allen快出发,2026-09-09 17:05:00,3038,84,1,「VLA 2.0」又是丝滑的一天，聊聊用车体验！【Allen】,41662352234,92.47700,1,25,16777215,2026-09-09 19:55:23,1788954923,0,9c97630d,2196672122163295744,必须要停到车位上才能学…最好衔接一个自动泊车…没停在车位里他不会学习的这点很蠢
BV1i5Y46WECU,117239806232332,「VLA 2.0」又是丝滑的一天，聊聊用车体验！【Allen】,Allen快出发,2026-09-09 17:05:00,3038,84,1,「VLA 2.0」又是丝滑的一天，聊聊用车体验！【Allen】,41662352234,46.50900,1,25,15138834,2026-09-09 18:34:48,1788950088,0,18880efe,2196631567043736320,天崩开局
BV1i5Y46WECU,117239806232332,「VLA 2.0」又是丝滑的一天，聊聊用车体验！【Allen】,Allen快出发,2026-09-09 17:05:00,3038,84,1,「VLA 2.0」又是丝滑的一天，聊聊用车体验！【Allen】,41662352234,318.28700,1,25,16777215,2026-09-15 23:38:21,1789486701,0,5b5f353e,2201133005606061568,跟我的油车比是1/11啊
BV1i5Y46WECU,117239806232332,「VLA 2.0」又是丝滑的一天，聊聊用车体验！【Allen】,Allen快出发,2026-09-09 17:05:00,3038,84,1,「VLA 2.0」又是丝滑的一天，聊聊用车体验！【Allen】,41662352234,115.06300,1,25,16777215,2026-09-13 13:25:41,1789277141,0,6ee4fc5a,2199375085357042944,园区这种地方要L4级才能完全替代人
BV1i5Y46WECU,117239806232332,「VLA 2.0」又是丝滑的一天，聊聊用车体验！【Allen】,Allen快出发,2026-09-09 17:05:00,3038,84,1,「VLA 2.0」又是丝滑的一天，聊聊用车体验！【Allen】,41662352234,1373.89300,1,25,16777215,2026-09-12 12:26:57,1789187217,0,8402a448,2198620745175841536,说得好，生命是自己的
BV1i5Y46WECU,117239806232332,「VLA 2.0」又是丝滑的一天，聊聊用车体验！【Allen】,Allen快出发,2026-09-09 17:05:00,3038,84,1,「VLA 2.0」又是丝滑的一天，聊聊用车体验！【Allen】,41662352234,386.53600,1,25,16777215,2026-09-10 16:01:51,1789027311,0,aa01604a,2197279361776900864,磷酸铁锂也最好30-80之间使用，校准一周一次就行
BV1i5Y46WECU,117239806232332,「VLA 2.0」又是丝滑的一天，聊聊用车体验！【Allen】,Allen快出发,2026-09-09 17:05:00,3038,84,1,「VLA 2.0」又是丝滑的一天，聊聊用车体验！【Allen】,41662352234,1392.12300,1,25,16777215,2026-09-10 11:25:23,1789010723,0,4d7b0bbe,2197140208586552576,就是到了L4我也盯着点路面，没有方向油门刹车是L5
BV1i5Y46WECU,117239806232332,「VLA 2.0」又是丝滑的一天，聊聊用车体验！【Allen】,Allen快出发,2026-09-09 17:05:00,3038,84,1,「VLA 2.0」又是丝滑的一天，聊聊用车体验！【Allen】,41662352234,1221.41400,1,25,16777215,2026-09-10 11:21:10,1789010470,0,4d7b0bbe,2197138086662968064,我现在是认为15万以上必须要有，不单单是领航功能，还有更好的主动安全功能
BV1i5Y46WECU,117239806232332,「VLA 2.0」又是丝滑的一天，聊聊用车体验！【Allen】,Allen快出发,2026-09-09 17:05:00,3038,84,1,「VLA 2.0」又是丝滑的一天，聊聊用车体验！【Allen】,41662352234,1130.64200,1,25,16777215,2026-09-10 11:18:09,1789010289,0,4d7b0bbe,2197136572561055744,我说白了，智驾开的比类人司机好
BV1i5Y46WECU,117239806232332,「VLA 2.0」又是丝滑的一天，聊聊用车体验！【Allen】,Allen快出发,2026-09-09 17:05:00,3038,84,1,「VLA 2.0」又是丝滑的一天，聊聊用车体验！【Allen】,41662352234,293.69200,1,25,16777215,2026-09-10 08:50:06,1789001406,0,f91d67b,2197062054350297088,5元100公里，是0.6L/100KM，不是1L/100KM
BV1i5Y46WECU,117239806232332,「VLA 2.0」又是丝滑的一天，聊聊用车体验！【Allen】,Allen快出发,2026-09-09 17:05:00,3038,84,1,「VLA 2.0」又是丝滑的一天，聊聊用车体验！【Allen】,41662352234,1727.06800,1,25,16777215,2026-09-09 22:54:41,1788965681,0,81176edf,2196762366572969728,不禁夸了
BV1MUwazoEJc,116248541139212,小鹏辅助驾驶XNGP避让路上横躺儿童，真实情况是这样吗？,耗子发威,2026-03-18 13:33:27,11577,282,1,小鹏辅助驾驶XNGP避让路上横躺儿童，真实情况是这样吗？,36783525299,40.93600,1,25,16777215,2026-03-19 15:12:15,1773904335,0,b5f60a4,2070418640066804992,明显是人为接管停车的 跟智驾没关系
BV1MUwazoEJc,116248541139212,小鹏辅助驾驶XNGP避让路上横躺儿童，真实情况是这样吗？,耗子发威,2026-03-18 13:33:27,11577,282,1,小鹏辅助驾驶XNGP避让路上横躺儿童，真实情况是这样吗？,36783525299,70.14000,1,25,16777215,2026-03-18 19:59:46,1773835186,0,8a4afae,2069838577118535424,虽然这谁也不敢赌，不过也不该过度宣传或有导向性宣传
BV1MUwazoEJc,116248541139212,小鹏辅助驾驶XNGP避让路上横躺儿童，真实情况是这样吗？,耗子发威,2026-03-18 13:33:27,11577,282,1,小鹏辅助驾驶XNGP避让路上横躺儿童，真实情况是这样吗？,36783525299,48.08800,1,25,16777215,2026-03-18 15:14:17,1773818057,0,4c29c24d,2069694893827303168,人家小鹏自己说了NGP减速，员工刹停的。
BV1MUwazoEJc,116248541139212,小鹏辅助驾驶XNGP避让路上横躺儿童，真实情况是这样吗？,耗子发威,2026-03-18 13:33:27,11577,282,1,小鹏辅助驾驶XNGP避让路上横躺儿童，真实情况是这样吗？,36783525299,102.22800,1,25,16777215,2026-03-21 14:03:59,1774073039,0,d1f7b801,2071833836203548416,论激光雷达的重要性
BV1MUwazoEJc,116248541139212,小鹏辅助驾驶XNGP避让路上横躺儿童，真实情况是这样吗？,耗子发威,2026-03-18 13:33:27,11577,282,1,小鹏辅助驾驶XNGP避让路上横躺儿童，真实情况是这样吗？,36783525299,73.05500,1,25,16777215,2026-03-21 14:03:08,1774072988,0,d1f7b801,2071833409063969280,视觉的劣势来了，算了半天是不是减速带，到近处发现不是早就压过去了
BV1MUwazoEJc,116248541139212,小鹏辅助驾驶XNGP避让路上横躺儿童，真实情况是这样吗？,耗子发威,2026-03-18 13:33:27,11577,282,1,小鹏辅助驾驶XNGP避让路上横躺儿童，真实情况是这样吗？,36783525299,32.58500,1,25,16777215,2026-03-20 22:40:31,1774017631,0,96ad35c6,2071369038567364352,真会玩啊
BV1MUwazoEJc,116248541139212,小鹏辅助驾驶XNGP避让路上横躺儿童，真实情况是这样吗？,耗子发威,2026-03-18 13:33:27,11577,282,1,小鹏辅助驾驶XNGP避让路上横躺儿童，真实情况是这样吗？,36783525299,72.45800,1,25,16777215,2026-03-19 23:06:01,1773932761,0,ff86af1d,2070657100937417472,你是萨波一吗？没看到速度减了？而且采访也说了，人感觉到后立即接管了，黑泥蟆呢黑
BV1MUwazoEJc,116248541139212,小鹏辅助驾驶XNGP避让路上横躺儿童，真实情况是这样吗？,耗子发威,2026-03-18 13:33:27,11577,282,1,小鹏辅助驾驶XNGP避让路上横躺儿童，真实情况是这样吗？,36783525299,46.35200,1,25,16777215,2026-03-19 21:21:06,1773926466,0,e18cbacf,2070604294407404544,人为的
BV1MUwazoEJc,116248541139212,小鹏辅助驾驶XNGP避让路上横躺儿童，真实情况是这样吗？,耗子发威,2026-03-18 13:33:27,11577,282,1,小鹏辅助驾驶XNGP避让路上横躺儿童，真实情况是这样吗？,36783525299,60.35000,1,25,16777215,2026-03-19 15:39:04,1773905944,0,5b19683,2070432143402388992,人为的，智驾可不是这样停
BV1MUwazoEJc,116248541139212,小鹏辅助驾驶XNGP避让路上横躺儿童，真实情况是这样吗？,耗子发威,2026-03-18 13:33:27,11577,282,1,小鹏辅助驾驶XNGP避让路上横躺儿童，真实情况是这样吗？,36783525299,66.36400,1,25,16777215,2026-03-19 10:56:03,1773888963,0,a638c977,2070289697120312320,NGP还想从右边过去，估计以为是减速带
BV1MUwazoEJc,116248541139212,小鹏辅助驾驶XNGP避让路上横躺儿童，真实情况是这样吗？,耗子发威,2026-03-18 13:33:27,11577,282,1,小鹏辅助驾驶XNGP避让路上横躺儿童，真实情况是这样吗？,36783525299,52.69700,1,25,16777215,2026-03-18 23:30:53,1773847853,0,9b2b0fca,2069944833988376576,牛的，行车记录状态明明白白……
BV1MUwazoEJc,116248541139212,小鹏辅助驾驶XNGP避让路上横躺儿童，真实情况是这样吗？,耗子发威,2026-03-18 13:33:27,11577,282,1,小鹏辅助驾驶XNGP避让路上横躺儿童，真实情况是这样吗？,36783525299,69.78000,1,25,16777215,2026-03-18 22:38:47,1773844727,0,886fc08a,2069918613095709696,NGP唯一的作用就是前面避让电动车的时候减速了一点点。。
BV1MUwazoEJc,116248541139212,小鹏辅助驾驶XNGP避让路上横躺儿童，真实情况是这样吗？,耗子发威,2026-03-18 13:33:27,11577,282,1,小鹏辅助驾驶XNGP避让路上横躺儿童，真实情况是这样吗？,36783525299,73.44700,1,25,16777215,2026-03-18 20:38:13,1773837493,0,3ce569a6,2069857928814722304,太低太平，我觉得检测难度，无论是视觉与雷达难度都极大。
BV1MUwazoEJc,116248541139212,小鹏辅助驾驶XNGP避让路上横躺儿童，真实情况是这样吗？,耗子发威,2026-03-18 13:33:27,11577,282,1,小鹏辅助驾驶XNGP避让路上横躺儿童，真实情况是这样吗？,36783525299,65.72300,1,25,16777215,2026-03-18 20:37:24,1773837444,0,3ce569a6,2069857522109857536,NGP是避让电动车，速度稍降。
BV1MUwazoEJc,116248541139212,小鹏辅助驾驶XNGP避让路上横躺儿童，真实情况是这样吗？,耗子发威,2026-03-18 13:33:27,11577,282,1,小鹏辅助驾驶XNGP避让路上横躺儿童，真实情况是这样吗？,36783525299,62.21100,1,25,16777215,2026-03-18 20:33:16,1773837196,0,81fd9105,2069855442708523264,NGP啥事没干啊……
BV1MUwazoEJc,116248541139212,小鹏辅助驾驶XNGP避让路上横躺儿童，真实情况是这样吗？,耗子发威,2026-03-18 13:33:27,11577,282,1,小鹏辅助驾驶XNGP避让路上横躺儿童，真实情况是这样吗？,36783525299,58.27900,1,25,16777215,2026-03-18 20:08:09,1773835689,0,24d5aa61,2069842794448799232,6666
BV1MUwazoEJc,116248541139212,小鹏辅助驾驶XNGP避让路上横躺儿童，真实情况是这样吗？,耗子发威,2026-03-18 13:33:27,11577,282,1,小鹏辅助驾驶XNGP避让路上横躺儿童，真实情况是这样吗？,36783525299,36.95100,1,25,16777215,2026-06-22 13:47:23,1782107243,0,db73deb5,2139229623656705280,这是疯了吗？来马路上找刺激
BV1MUwazoEJc,116248541139212,小鹏辅助驾驶XNGP避让路上横躺儿童，真实情况是这样吗？,耗子发威,2026-03-18 13:33:27,11577,282,1,小鹏辅助驾驶XNGP避让路上横躺儿童，真实情况是这样吗？,36783525299,51.59900,1,25,16777215,2026-04-08 13:41:16,1775626876,0,dbe25a43,2084868368259057408,刹车了
BV1MUwazoEJc,116248541139212,小鹏辅助驾驶XNGP避让路上横躺儿童，真实情况是这样吗？,耗子发威,2026-03-18 13:33:27,11577,282,1,小鹏辅助驾驶XNGP避让路上横躺儿童，真实情况是这样吗？,36783525299,124.55600,1,25,16777215,2026-03-24 10:11:58,1774318318,0,5f2c75c3,2073891384435474432,我11高速上避让过扁平的轮胎皮
BV1MUwazoEJc,116248541139212,小鹏辅助驾驶XNGP避让路上横躺儿童，真实情况是这样吗？,耗子发威,2026-03-18 13:33:27,11577,282,1,小鹏辅助驾驶XNGP避让路上横躺儿童，真实情况是这样吗？,36783525299,72.63400,1,25,16777215,2026-03-22 01:40:19,1774114819,0,f24bf97f,2072184312505891328,华为：饱和式攻击营销准备了
BV1MUwazoEJc,116248541139212,小鹏辅助驾驶XNGP避让路上横躺儿童，真实情况是这样吗？,耗子发威,2026-03-18 13:33:27,11577,282,1,小鹏辅助驾驶XNGP避让路上横躺儿童，真实情况是这样吗？,36783525299,138.25700,1,25,16777215,2026-03-21 14:04:38,1774073078,0,d1f7b801,2071834160129692672,哈哈哈哈
BV1MUwazoEJc,116248541139212,小鹏辅助驾驶XNGP避让路上横躺儿童，真实情况是这样吗？,耗子发威,2026-03-18 13:33:27,11577,282,1,小鹏辅助驾驶XNGP避让路上横躺儿童，真实情况是这样吗？,36783525299,121.80500,1,25,16777215,2026-03-20 12:31:06,1773981066,0,3a3ca871,2071062307907472384,已经说了，是内部员工车
BV1MUwazoEJc,116248541139212,小鹏辅助驾驶XNGP避让路上横躺儿童，真实情况是这样吗？,耗子发威,2026-03-18 13:33:27,11577,282,1,小鹏辅助驾驶XNGP避让路上横躺儿童，真实情况是这样吗？,36783525299,65.11100,1,25,16777215,2026-03-18 23:47:03,1773848823,0,9ed02c3c,2069952976625223936,666
BV1MUwazoEJc,116248541139212,小鹏辅助驾驶XNGP避让路上横躺儿童，真实情况是这样吗？,耗子发威,2026-03-18 13:33:27,11577,282,1,小鹏辅助驾驶XNGP避让路上横躺儿童，真实情况是这样吗？,36783525299,112.80000,1,25,16707842,2026-03-18 20:55:56,1773838556,0,37131714,2069866845267092992,小孩为什么在大马路上横着躺一排？确定不是摆拍？
BV1MUwazoEJc,116248541139212,小鹏辅助驾驶XNGP避让路上横躺儿童，真实情况是这样吗？,耗子发威,2026-03-18 13:33:27,11577,282,1,小鹏辅助驾驶XNGP避让路上横躺儿童，真实情况是这样吗？,36783525299,143.38000,1,25,16777215,2026-03-18 19:15:57,1773832557,0,34e79fd6,2069816523971422976,搞歪门邪道是不会长久的
BV1MUwazoEJc,116248541139212,小鹏辅助驾驶XNGP避让路上横躺儿童，真实情况是这样吗？,耗子发威,2026-03-18 13:33:27,11577,282,1,小鹏辅助驾驶XNGP避让路上横躺儿童，真实情况是这样吗？,36783525299,30.79800,1,25,16777215,2026-03-18 18:26:43,1773829603,0,69aa9f44,2069791745961175552,牛逼，COS减速带是吧?
BV1MUwazoEJc,116248541139212,小鹏辅助驾驶XNGP避让路上横躺儿童，真实情况是这样吗？,耗子发威,2026-03-18 13:33:27,11577,282,1,小鹏辅助驾驶XNGP避让路上横躺儿童，真实情况是这样吗？,36783525299,146.68500,1,25,16777215,2026-03-18 14:24:32,1773815072,0,299c8443,2069669847801405184,哈哈
BV1MUwazoEJc,116248541139212,小鹏辅助驾驶XNGP避让路上横躺儿童，真实情况是这样吗？,耗子发威,2026-03-18 13:33:27,11577,282,1,小鹏辅助驾驶XNGP避让路上横躺儿童，真实情况是这样吗？,36783525299,88.90700,1,25,16777215,2026-03-18 14:07:25,1773814045,0,ef6d5417,2069661232692123392,直接自己一脚踩死了，然后拿来吹，你好歹用AI去P一下啊
BV1MUwazoEJc,116248541139212,小鹏辅助驾驶XNGP避让路上横躺儿童，真实情况是这样吗？,耗子发威,2026-03-18 13:33:27,11577,282,1,小鹏辅助驾驶XNGP避让路上横躺儿童，真实情况是这样吗？,36783525299,128.01800,1,25,16777215,2026-03-18 13:46:28,1773812788,0,f67809e4,2069650692372461312,难怪一直吹，原来没对比时是最强的
BV1MUwazoEJc,116248541139212,小鹏辅助驾驶XNGP避让路上横躺儿童，真实情况是这样吗？,耗子发威,2026-03-18 13:33:27,11577,282,1,小鹏辅助驾驶XNGP避让路上横躺儿童，真实情况是这样吗？,36783525299,131.52700,1,25,16777215,2026-03-18 13:37:34,1773812254,0,ea21e528,2069646211119876352,虚假宣传呗，脸也不要了。。。
BV1r6Mm6fE8o,117044888472026,比亚迪智驾算力只有小鹏的零头，那小鹏的智驾能力想必很好吧？,爆炒吗喽,2026-08-06 10:04:00,133245,1361,1,video_260806_000656,40635400477,9.29400,5,25,16777215,2026-08-07 02:23:50,1786040630,0,f8701e55,2172225260228066048,小鹏：我没兜底，我不敢，别乱说
BV1r6Mm6fE8o,117044888472026,比亚迪智驾算力只有小鹏的零头，那小鹏的智驾能力想必很好吧？,爆炒吗喽,2026-08-06 10:04:00,133245,1361,1,video_260806_000656,40635400477,11.65100,1,25,16777215,2026-08-06 13:44:17,1785995057,0,8047dc79,2171842968393139968,哈哈哈，杀死比赛
BV1r6Mm6fE8o,117044888472026,比亚迪智驾算力只有小鹏的零头，那小鹏的智驾能力想必很好吧？,爆炒吗喽,2026-08-06 10:04:00,133245,1361,1,video_260806_000656,40635400477,9.93600,5,25,15138834,2026-08-07 23:10:59,1786115459,0,96dc1dab,2172852973339212800,哈哈哈哈哈哈哈哈哈哈哈，绝杀！
BV1r6Mm6fE8o,117044888472026,比亚迪智驾算力只有小鹏的零头，那小鹏的智驾能力想必很好吧？,爆炒吗喽,2026-08-06 10:04:00,133245,1361,1,video_260806_000656,40635400477,60.56200,5,25,16777215,2026-08-06 22:08:32,1786025312,0,1efc0150,2172096770476937472,王总口音
BV1r6Mm6fE8o,117044888472026,比亚迪智驾算力只有小鹏的零头，那小鹏的智驾能力想必很好吧？,爆炒吗喽,2026-08-06 10:04:00,133245,1361,1,video_260806_000656,40635400477,64.28100,1,25,16777215,2026-08-08 10:01:36,1786154496,0,66d0f60f,2173180441769814528,《王总的“仍然”》好评
BV1r6Mm6fE8o,117044888472026,比亚迪智驾算力只有小鹏的零头，那小鹏的智驾能力想必很好吧？,爆炒吗喽,2026-08-06 10:04:00,133245,1361,1,video_260806_000656,40635400477,32.46800,1,25,16777215,2026-08-06 22:36:08,1786026968,0,eb97b072,2172110657549006336,二连杀哈哈哈哈
BV1r6Mm6fE8o,117044888472026,比亚迪智驾算力只有小鹏的零头，那小鹏的智驾能力想必很好吧？,爆炒吗喽,2026-08-06 10:04:00,133245,1361,1,video_260806_000656,40635400477,113.12300,1,25,16777215,2026-08-13 22:46:32,1786632392,0,69c790a7,2177189320287674368,鸿蒙是唯一跟国家级研究院绑定的战略加密数据
BV1r6Mm6fE8o,117044888472026,比亚迪智驾算力只有小鹏的零头，那小鹏的智驾能力想必很好吧？,爆炒吗喽,2026-08-06 10:04:00,133245,1361,1,video_260806_000656,40635400477,137.25400,1,25,16777215,2026-08-07 12:44:42,1786077882,0,6a856e52,2172537759665872128,你买我推荐，我买我真不买，哈哈哈哈
BV1r6Mm6fE8o,117044888472026,比亚迪智驾算力只有小鹏的零头，那小鹏的智驾能力想必很好吧？,爆炒吗喽,2026-08-06 10:04:00,133245,1361,1,video_260806_000656,40635400477,65.30500,1,25,16777215,2026-08-07 11:17:11,1786072631,0,9f5bfdb,2172493711991443712,魏：别报我身份证了
BV1r6Mm6fE8o,117044888472026,比亚迪智驾算力只有小鹏的零头，那小鹏的智驾能力想必很好吧？,爆炒吗喽,2026-08-06 10:04:00,133245,1361,1,video_260806_000656,40635400477,68.69000,5,25,16707842,2026-08-07 11:10:13,1786072213,0,c1c52966,2172490201015437312,系列仍然口音
BV1r6Mm6fE8o,117044888472026,比亚迪智驾算力只有小鹏的零头，那小鹏的智驾能力想必很好吧？,爆炒吗喽,2026-08-06 10:04:00,133245,1361,1,video_260806_000656,40635400477,37.37000,1,25,16777215,2026-08-07 00:25:07,1786033507,0,6e23c062,2172165508877941248,你真行！我服，我投币！小鹏自己说的，我们要承认
BV1r6Mm6fE8o,117044888472026,比亚迪智驾算力只有小鹏的零头，那小鹏的智驾能力想必很好吧？,爆炒吗喽,2026-08-06 10:04:00,133245,1361,1,video_260806_000656,40635400477,101.96400,1,25,16777215,2026-08-06 17:41:06,1786009266,0,a5690780,2171962160287799808,哈哈太多梗了，这东西我只推荐，我不碰的
BV1r6Mm6fE8o,117044888472026,比亚迪智驾算力只有小鹏的零头，那小鹏的智驾能力想必很好吧？,爆炒吗喽,2026-08-06 10:04:00,133245,1361,1,video_260806_000656,40635400477,64.24300,1,25,16777215,2026-08-06 13:38:54,1785994734,0,bf7ea7e3,2171840261918405120,王总霸气
BV1r6Mm6fE8o,117044888472026,比亚迪智驾算力只有小鹏的零头，那小鹏的智驾能力想必很好吧？,爆炒吗喽,2026-08-06 10:04:00,133245,1361,1,video_260806_000656,40635400477,33.42200,1,25,16777215,2026-08-06 12:06:05,1785989165,0,177df9b8,2171793547715037184,很有梗了
BV1r6Mm6fE8o,117044888472026,比亚迪智驾算力只有小鹏的零头，那小鹏的智驾能力想必很好吧？,爆炒吗喽,2026-08-06 10:04:00,133245,1361,1,video_260806_000656,40635400477,97.05600,1,25,16777215,2026-08-19 08:08:36,1787098116,0,ef654a3c,2181096102114315008,你买我推荐，我买我不买
BV1r6Mm6fE8o,117044888472026,比亚迪智驾算力只有小鹏的零头，那小鹏的智驾能力想必很好吧？,爆炒吗喽,2026-08-06 10:04:00,133245,1361,1,video_260806_000656,40635400477,72.00000,1,25,16777215,2026-08-13 21:01:52,1786626112,0,9cbd4aa0,2177136639854751232,为老王叫声好！真技术流就是硬气，有自信！
BV1r6Mm6fE8o,117044888472026,比亚迪智驾算力只有小鹏的零头，那小鹏的智驾能力想必很好吧？,爆炒吗喽,2026-08-06 10:04:00,133245,1361,1,video_260806_000656,40635400477,123.27700,1,25,16777215,2026-08-09 15:56:05,1786262165,0,abcabcd9,2174083631155976448,你买我推荐，我买我不买
BV1r6Mm6fE8o,117044888472026,比亚迪智驾算力只有小鹏的零头，那小鹏的智驾能力想必很好吧？,爆炒吗喽,2026-08-06 10:04:00,133245,1361,1,video_260806_000656,40635400477,102.27700,1,25,16777215,2026-08-08 01:02:45,1786122165,0,2c78135b,2172909226270947072,你买我推荐，我买我不买
BV1r6Mm6fE8o,117044888472026,比亚迪智驾算力只有小鹏的零头，那小鹏的智驾能力想必很好吧？,爆炒吗喽,2026-08-06 10:04:00,133245,1361,1,video_260806_000656,40635400477,36.90900,1,25,16777215,2026-08-07 14:13:35,1786083215,0,b0ddf2d9,2172582492664654080,哈哈哈，再次绝杀，我喜欢
BV1r6Mm6fE8o,117044888472026,比亚迪智驾算力只有小鹏的零头，那小鹏的智驾能力想必很好吧？,爆炒吗喽,2026-08-06 10:04:00,133245,1361,1,video_260806_000656,40635400477,91.41600,1,25,16777215,2026-08-07 08:47:42,1786063662,0,4cc5909,2172418467721529600,老一辈打法发力了
BV1r6Mm6fE8o,117044888472026,比亚迪智驾算力只有小鹏的零头，那小鹏的智驾能力想必很好吧？,爆炒吗喽,2026-08-06 10:04:00,133245,1361,1,video_260806_000656,40635400477,10.46800,1,25,16777215,2026-08-06 19:45:04,1786016704,0,32be16b1,2172024558402526720,比亚迪的智驾数据在L3L4时代是无价之宝
BV1r6Mm6fE8o,117044888472026,比亚迪智驾算力只有小鹏的零头，那小鹏的智驾能力想必很好吧？,爆炒吗喽,2026-08-06 10:04:00,133245,1361,1,video_260806_000656,40635400477,35.71800,1,25,16777215,2026-08-06 14:58:05,1785999485,0,5e49aeae,2171880114995554560,哈哈哈哈哈神了
BV1r6Mm6fE8o,117044888472026,比亚迪智驾算力只有小鹏的零头，那小鹏的智驾能力想必很好吧？,爆炒吗喽,2026-08-06 10:04:00,133245,1361,1,video_260806_000656,40635400477,16.68000,1,25,16777215,2026-08-06 12:57:53,1785992273,0,a8dc8a4a,2171819620632667904,和跑分一个道理
BV1r6Mm6fE8o,117044888472026,比亚迪智驾算力只有小鹏的零头，那小鹏的智驾能力想必很好吧？,爆炒吗喽,2026-08-06 10:04:00,133245,1361,1,video_260806_000656,40635400477,80.59100,1,25,16777215,2026-08-22 14:18:35,1787379515,0,4f3c546,2183456649082330112,划重点《出了国门》
BV1r6Mm6fE8o,117044888472026,比亚迪智驾算力只有小鹏的零头，那小鹏的智驾能力想必很好吧？,爆炒吗喽,2026-08-06 10:04:00,133245,1361,1,video_260806_000656,40635400477,84.20200,5,25,38979,2026-08-22 01:58:45,1787335125,0,f212ffde,2183084273967107584,好一个驱虎吞狼之计
BV1r6Mm6fE8o,117044888472026,比亚迪智驾算力只有小鹏的零头，那小鹏的智驾能力想必很好吧？,爆炒吗喽,2026-08-06 10:04:00,133245,1361,1,video_260806_000656,40635400477,7.67700,1,25,16777215,2026-08-15 23:32:26,1786807946,0,e7912094,2178661979722952960,小鹏没有G8
BV1r6Mm6fE8o,117044888472026,比亚迪智驾算力只有小鹏的零头，那小鹏的智驾能力想必很好吧？,爆炒吗喽,2026-08-06 10:04:00,133245,1361,1,video_260806_000656,40635400477,37.30600,5,25,16707842,2026-08-15 17:09:33,1786784973,0,4e2818a7,2178469268860201216,哈哈哈哈哈哈哈哈
BV1r6Mm6fE8o,117044888472026,比亚迪智驾算力只有小鹏的零头，那小鹏的智驾能力想必很好吧？,爆炒吗喽,2026-08-06 10:04:00,133245,1361,1,video_260806_000656,40635400477,81.62100,1,25,16777215,2026-08-12 02:50:57,1786474257,0,63758075,2175862795193978112,细节“出了”国门很低调
BV1r6Mm6fE8o,117044888472026,比亚迪智驾算力只有小鹏的零头，那小鹏的智驾能力想必很好吧？,爆炒吗喽,2026-08-06 10:04:00,133245,1361,1,video_260806_000656,40635400477,133.42200,1,25,16777215,2026-08-11 10:02:40,1786413760,0,9bc3997b,2175355304987488256,这个笑容意味深长啊
BV1r6Mm6fE8o,117044888472026,比亚迪智驾算力只有小鹏的零头，那小鹏的智驾能力想必很好吧？,爆炒吗喽,2026-08-06 10:04:00,133245,1361,1,video_260806_000656,40635400477,42.51500,1,25,16777215,2026-08-10 08:06:32,1786320392,0,98bb2cb9,2174572081831447296,那我不得不点个赞了，哈哈哈哈哈
BV1r6Mm6fE8o,117044888472026,比亚迪智驾算力只有小鹏的零头，那小鹏的智驾能力想必很好吧？,爆炒吗喽,2026-08-06 10:04:00,133245,1361,1,video_260806_000656,40635400477,100.89100,1,25,16777215,2026-08-09 15:55:33,1786262133,0,abcabcd9,2174083369683183104,只卖不碰
BV1r6Mm6fE8o,117044888472026,比亚迪智驾算力只有小鹏的零头，那小鹏的智驾能力想必很好吧？,爆炒吗喽,2026-08-06 10:04:00,133245,1361,1,video_260806_000656,40635400477,37.10600,1,25,16777215,2026-08-09 11:46:36,1786247196,0,820e1739,2173958062946547456,哈哈哈哈
BV1r6Mm6fE8o,117044888472026,比亚迪智驾算力只有小鹏的零头，那小鹏的智驾能力想必很好吧？,爆炒吗喽,2026-08-06 10:04:00,133245,1361,1,video_260806_000656,40635400477,4.88900,1,25,16777215,2026-08-09 11:23:49,1786245829,0,18e6c9a1,2173946599041223424,兜底吗？
BV1r6Mm6fE8o,117044888472026,比亚迪智驾算力只有小鹏的零头，那小鹏的智驾能力想必很好吧？,爆炒吗喽,2026-08-06 10:04:00,133245,1361,1,video_260806_000656,40635400477,100.48000,1,25,16777215,2026-08-09 01:53:00,1786211580,0,a7593f98,2173659297396255744,别人推荐，我不买！
BV1r6Mm6fE8o,117044888472026,比亚迪智驾算力只有小鹏的零头，那小鹏的智驾能力想必很好吧？,爆炒吗喽,2026-08-06 10:04:00,133245,1361,1,video_260806_000656,40635400477,22.37100,1,25,16777215,2026-08-08 14:38:19,1786171099,0,4f6ab74e,2173319719028518400,都说自己智驾多好  能先把兜底跟了再上桌吃饭吗
BV1r6Mm6fE8o,117044888472026,比亚迪智驾算力只有小鹏的零头，那小鹏的智驾能力想必很好吧？,爆炒吗喽,2026-08-06 10:04:00,133245,1361,1,video_260806_000656,40635400477,14.81900,1,25,16777215,2026-08-08 07:17:22,1786144642,0,2db96e8e,2173097776878305792,哈哈哈哈哈哈
BV1r6Mm6fE8o,117044888472026,比亚迪智驾算力只有小鹏的零头，那小鹏的智驾能力想必很好吧？,爆炒吗喽,2026-08-06 10:04:00,133245,1361,1,video_260806_000656,40635400477,13.02700,1,25,16777215,2026-08-08 07:14:59,1786144499,0,ad8494d0,2173096578876077312,哈哈哈哈哈哈哈哈哈
BV1r6Mm6fE8o,117044888472026,比亚迪智驾算力只有小鹏的零头，那小鹏的智驾能力想必很好吧？,爆炒吗喽,2026-08-06 10:04:00,133245,1361,1,video_260806_000656,40635400477,99.38000,1,25,16777215,2026-08-07 23:13:01,1786115581,0,96dc1dab,2172853998595107328,哈哈哈哈哈哈哈哈
BV1r6Mm6fE8o,117044888472026,比亚迪智驾算力只有小鹏的零头，那小鹏的智驾能力想必很好吧？,爆炒吗喽,2026-08-06 10:04:00,133245,1361,1,video_260806_000656,40635400477,23.54000,1,25,16777215,2026-08-07 18:36:00,1786098960,0,2b1d960c,2172714568177304320,华为算力牛 倒是兜底啊
BV1r6Mm6fE8o,117044888472026,比亚迪智驾算力只有小鹏的零头，那小鹏的智驾能力想必很好吧？,爆炒吗喽,2026-08-06 10:04:00,133245,1361,1,video_260806_000656,40635400477,32.82000,1,25,16777215,2026-08-07 17:26:55,1786094815,0,5c32266b,2172679800073273856,还真是
BV1r6Mm6fE8o,117044888472026,比亚迪智驾算力只有小鹏的零头，那小鹏的智驾能力想必很好吧？,爆炒吗喽,2026-08-06 10:04:00,133245,1361,1,video_260806_000656,40635400477,51.05300,1,25,16777215,2026-08-07 17:24:41,1786094681,0,73aa131,2172678681167465472,哈哈哈哈哈哈哈
BV1r6Mm6fE8o,117044888472026,比亚迪智驾算力只有小鹏的零头，那小鹏的智驾能力想必很好吧？,爆炒吗喽,2026-08-06 10:04:00,133245,1361,1,video_260806_000656,40635400477,118.17100,1,25,16777215,2026-08-07 15:44:47,1786088687,0,33311461,2172628395060875776,数据量：比亚迪999+，华为99+，其他30
BV1r6Mm6fE8o,117044888472026,比亚迪智驾算力只有小鹏的零头，那小鹏的智驾能力想必很好吧？,爆炒吗喽,2026-08-06 10:04:00,133245,1361,1,video_260806_000656,40635400477,16.42500,1,25,16777215,2026-08-07 14:41:47,1786084907,0,7b2ea7f,2172596689687962624,那你好用一定会兜底吧
BV1r6Mm6fE8o,117044888472026,比亚迪智驾算力只有小鹏的零头，那小鹏的智驾能力想必很好吧？,爆炒吗喽,2026-08-06 10:04:00,133245,1361,1,video_260806_000656,40635400477,91.27800,1,25,16777215,2026-08-07 12:03:32,1786075412,0,8cc254f8,2172517033580329984,应该在哪
BV1r6Mm6fE8o,117044888472026,比亚迪智驾算力只有小鹏的零头，那小鹏的智驾能力想必很好吧？,爆炒吗喽,2026-08-06 10:04:00,133245,1361,1,video_260806_000656,40635400477,64.92500,1,25,16777215,2026-08-07 10:41:54,1786070514,0,6b3b8708,2172475952570285824,2021年说的吧，这话
BV1r6Mm6fE8o,117044888472026,比亚迪智驾算力只有小鹏的零头，那小鹏的智驾能力想必很好吧？,爆炒吗喽,2026-08-06 10:04:00,133245,1361,1,video_260806_000656,40635400477,125.48200,1,25,16777215,2026-08-07 08:48:14,1786063694,0,4cc5909,2172418738338022912,自己都绷不住了
BV1r6Mm6fE8o,117044888472026,比亚迪智驾算力只有小鹏的零头，那小鹏的智驾能力想必很好吧？,爆炒吗喽,2026-08-06 10:04:00,133245,1361,1,video_260806_000656,40635400477,91.54700,1,25,16777215,2026-08-07 00:07:39,1786032459,0,4d8ecaa8,2172156722222552064,驱虎吞狼之计
BV1r6Mm6fE8o,117044888472026,比亚迪智驾算力只有小鹏的零头，那小鹏的智驾能力想必很好吧？,爆炒吗喽,2026-08-06 10:04:00,133245,1361,1,video_260806_000656,40635400477,126.50900,1,25,16777215,2026-08-06 23:11:17,1786029077,0,9ba335d9,2172128349802214912,满口顺口溜，你要考研啊？
BV1r6Mm6fE8o,117044888472026,比亚迪智驾算力只有小鹏的零头，那小鹏的智驾能力想必很好吧？,爆炒吗喽,2026-08-06 10:04:00,133245,1361,1,video_260806_000656,40635400477,103.24000,1,25,16777215,2026-08-06 23:05:42,1786028742,0,7e463fe4,2172125541397496064,太有梗了
BV1r6Mm6fE8o,117044888472026,比亚迪智驾算力只有小鹏的零头，那小鹏的智驾能力想必很好吧？,爆炒吗喽,2026-08-06 10:04:00,133245,1361,1,video_260806_000656,40635400477,108.33900,1,25,16777215,2026-08-06 22:43:52,1786027432,0,fbebd7bb,2172114555575248128,相对来说不差钱的 就去买华为 任何产品几乎都是同类中体验最好的
BV1r6Mm6fE8o,117044888472026,比亚迪智驾算力只有小鹏的零头，那小鹏的智驾能力想必很好吧？,爆炒吗喽,2026-08-06 10:04:00,133245,1361,1,video_260806_000656,40635400477,16.02400,1,25,16777215,2026-08-06 22:35:43,1786026943,0,eb97b072,2172110449897276160,哈哈哈哈哈哈
BV1r6Mm6fE8o,117044888472026,比亚迪智驾算力只有小鹏的零头，那小鹏的智驾能力想必很好吧？,爆炒吗喽,2026-08-06 10:04:00,133245,1361,1,video_260806_000656,40635400477,100.19100,1,25,16777215,2026-08-06 22:22:59,1786026179,0,545abbb9,2172104038903019264,哈哈
BV1r6Mm6fE8o,117044888472026,比亚迪智驾算力只有小鹏的零头，那小鹏的智驾能力想必很好吧？,爆炒吗喽,2026-08-06 10:04:00,133245,1361,1,video_260806_000656,40635400477,113.99300,1,25,16777215,2026-08-06 22:16:55,1786025815,0,2b11ce07,2172100985080825344,仅次于比亚迪，哈哈，华为第一好吧
BV1r6Mm6fE8o,117044888472026,比亚迪智驾算力只有小鹏的零头，那小鹏的智驾能力想必很好吧？,爆炒吗喽,2026-08-06 10:04:00,133245,1361,1,video_260806_000656,40635400477,68.15000,1,25,16777215,2026-08-06 22:15:37,1786025737,0,2b11ce07,2172100334200535808,BYD跟华为比还是差远了
BV1r6Mm6fE8o,117044888472026,比亚迪智驾算力只有小鹏的零头，那小鹏的智驾能力想必很好吧？,爆炒吗喽,2026-08-06 10:04:00,133245,1361,1,video_260806_000656,40635400477,34.36400,1,25,16777215,2026-08-06 22:05:05,1786025105,0,96128a7b,2172095032566871040,哈哈哈哈，再次绝杀
BV1r6Mm6fE8o,117044888472026,比亚迪智驾算力只有小鹏的零头，那小鹏的智驾能力想必很好吧？,爆炒吗喽,2026-08-06 10:04:00,133245,1361,1,video_260806_000656,40635400477,34.30000,1,25,16777215,2026-08-06 21:50:58,1786024258,0,1fca1982,2172087923288817152,哈哈哈哈哈  绷不住了
BV1r6Mm6fE8o,117044888472026,比亚迪智驾算力只有小鹏的零头，那小鹏的智驾能力想必很好吧？,爆炒吗喽,2026-08-06 10:04:00,133245,1361,1,video_260806_000656,40635400477,21.50000,1,25,16777215,2026-08-06 19:16:24,1786014984,0,ea7f37be,2172010128143175680,哈哈哈哈哈，这么戳心吗
BV1r6Mm6fE8o,117044888472026,比亚迪智驾算力只有小鹏的零头，那小鹏的智驾能力想必很好吧？,爆炒吗喽,2026-08-06 10:04:00,133245,1361,1,video_260806_000656,40635400477,66.58000,1,25,16777215,2026-08-06 18:52:58,1786013578,0,b8f5225f,2171998336343950080,我作证，主播没有编排，因为他说的都是原话
BV1r6Mm6fE8o,117044888472026,比亚迪智驾算力只有小鹏的零头，那小鹏的智驾能力想必很好吧？,爆炒吗喽,2026-08-06 10:04:00,133245,1361,1,video_260806_000656,40635400477,87.93700,1,25,16707842,2026-08-06 18:24:45,1786011885,0,cf10e8ea,2171984133793175040,大胆～
BV1r6Mm6fE8o,117044888472026,比亚迪智驾算力只有小鹏的零头，那小鹏的智驾能力想必很好吧？,爆炒吗喽,2026-08-06 10:04:00,133245,1361,1,video_260806_000656,40635400477,61.67000,1,25,16777215,2026-08-06 18:12:41,1786011161,0,8afccb79,2171978063746075392,喂喂喂，你在说谁？
BV1r6Mm6fE8o,117044888472026,比亚迪智驾算力只有小鹏的零头，那小鹏的智驾能力想必很好吧？,爆炒吗喽,2026-08-06 10:04:00,133245,1361,1,video_260806_000656,40635400477,66.48400,1,25,16777215,2026-08-06 17:40:12,1786009212,0,a5690780,2171961713829271808,还是王总牛逼！！！
BV1r6Mm6fE8o,117044888472026,比亚迪智驾算力只有小鹏的零头，那小鹏的智驾能力想必很好吧？,爆炒吗喽,2026-08-06 10:04:00,133245,1361,1,video_260806_000656,40635400477,17.13500,1,25,16777215,2026-08-06 17:30:02,1786008602,0,ef603c56,2171956592944139008,算法才是重点，算力再大，算法不行，等于零
BV1r6Mm6fE8o,117044888472026,比亚迪智驾算力只有小鹏的零头，那小鹏的智驾能力想必很好吧？,爆炒吗喽,2026-08-06 10:04:00,133245,1361,1,video_260806_000656,40635400477,14.08900,1,25,16777215,2026-08-06 14:57:38,1785999458,0,5e49aeae,2171879885885799168,哈哈哈哈哈
BV1r6Mm6fE8o,117044888472026,比亚迪智驾算力只有小鹏的零头，那小鹏的智驾能力想必很好吧？,爆炒吗喽,2026-08-06 10:04:00,133245,1361,1,video_260806_000656,40635400477,116.25800,1,25,16777215,2026-08-06 13:58:33,1785995913,0,9d8f8914,2171850154947755264,你买我推荐，我买就算了（狗头）
BV1r6Mm6fE8o,117044888472026,比亚迪智驾算力只有小鹏的零头，那小鹏的智驾能力想必很好吧？,爆炒吗喽,2026-08-06 10:04:00,133245,1361,1,video_260806_000656,40635400477,34.71000,1,25,16777215,2026-08-06 11:41:12,1785987672,0,bb8ff6ec,2171781017164779776,哈哈哈哈哈
BV1r6Mm6fE8o,117044888472026,比亚迪智驾算力只有小鹏的零头，那小鹏的智驾能力想必很好吧？,爆炒吗喽,2026-08-06 10:04:00,133245,1361,1,video_260806_000656,40635400477,2.30100,1,25,16777215,2026-08-06 11:40:47,1785987647,0,8a2a0df5,2171780807256671232,可是小鹏智驾也没有好很多啊
BV1r6Mm6fE8o,117044888472026,比亚迪智驾算力只有小鹏的零头，那小鹏的智驾能力想必很好吧？,爆炒吗喽,2026-08-06 10:04:00,133245,1361,1,video_260806_000656,40635400477,28.40000,1,25,16777215,2026-08-06 11:18:57,1785986337,0,52ddbcf4,2171769818481946880,不服跑个分
BV1r6Mm6fE8o,117044888472026,比亚迪智驾算力只有小鹏的零头，那小鹏的智驾能力想必很好吧？,爆炒吗喽,2026-08-06 10:04:00,133245,1361,1,video_260806_000656,40635400477,127.55400,1,25,16777215,2026-08-06 11:13:25,1785986005,0,d2f763d5,2171767040259218688,城区数据不需要车机计算，只需要采集交给云端训练 ，华为车总销量才迪子l2车型零头
BV1r6Mm6fE8o,117044888472026,比亚迪智驾算力只有小鹏的零头，那小鹏的智驾能力想必很好吧？,爆炒吗喽,2026-08-06 10:04:00,133245,1361,1,video_260806_000656,40635400477,170.40000,1,25,16777215,2026-09-23 18:19:08,1790158748,0,2ec1684d,2206770542030962944,骂的挺难听的
BV1r6Mm6fE8o,117044888472026,比亚迪智驾算力只有小鹏的零头，那小鹏的智驾能力想必很好吧？,爆炒吗喽,2026-08-06 10:04:00,133245,1361,1,video_260806_000656,40635400477,115.43000,1,25,16777215,2026-09-23 13:06:43,1790140003,0,7b506da5,2206613294293832960,反正就凭小鹏的这种言论我就不会买小鹏，昨天和销售说不买了
BV1r6Mm6fE8o,117044888472026,比亚迪智驾算力只有小鹏的零头，那小鹏的智驾能力想必很好吧？,爆炒吗喽,2026-08-06 10:04:00,133245,1361,1,video_260806_000656,40635400477,127.14000,1,25,16777215,2026-09-22 23:31:20,1790091080,0,3c5f0477,2206202899606909440,事实上华为智驾就是街上用的人最多
BV1r6Mm6fE8o,117044888472026,比亚迪智驾算力只有小鹏的零头，那小鹏的智驾能力想必很好吧？,爆炒吗喽,2026-08-06 10:04:00,133245,1361,1,video_260806_000656,40635400477,170.98000,1,25,16777215,2026-09-22 19:06:06,1790075166,0,75b6f8d2,2206069403299284736,小鹏那话说的就有问题，谦逊？还是买办？
BV1r6Mm6fE8o,117044888472026,比亚迪智驾算力只有小鹏的零头，那小鹏的智驾能力想必很好吧？,爆炒吗喽,2026-08-06 10:04:00,133245,1361,1,video_260806_000656,40635400477,45.69100,1,25,16777215,2026-09-21 17:54:05,1789984445,0,339e9b0f,2205308381324319488,经典
BV1r6Mm6fE8o,117044888472026,比亚迪智驾算力只有小鹏的零头，那小鹏的智驾能力想必很好吧？,爆炒吗喽,2026-08-06 10:04:00,133245,1361,1,video_260806_000656,40635400477,92.63800,1,25,16777215,2026-09-21 14:31:49,1789972309,0,1bec4693,2205206578737462272,驱虎吞狼之计
BV1r6Mm6fE8o,117044888472026,比亚迪智驾算力只有小鹏的零头，那小鹏的智驾能力想必很好吧？,爆炒吗喽,2026-08-06 10:04:00,133245,1361,1,video_260806_000656,40635400477,36.14300,1,25,16777215,2026-09-21 09:27:48,1789954068,0,2f8d471e,2205053560452911616,哈哈哈
BV1r6Mm6fE8o,117044888472026,比亚迪智驾算力只有小鹏的零头，那小鹏的智驾能力想必很好吧？,爆炒吗喽,2026-08-06 10:04:00,133245,1361,1,video_260806_000656,40635400477,98.53900,1,25,16777215,2026-09-20 09:33:41,1789868021,0,b5a27a1c,2204331748610634240,哈哈哥：这东西我只卖不碰的，碰了对脑子不好
BV1r6Mm6fE8o,117044888472026,比亚迪智驾算力只有小鹏的零头，那小鹏的智驾能力想必很好吧？,爆炒吗喽,2026-08-06 10:04:00,133245,1361,1,video_260806_000656,40635400477,73.36000,1,25,16777215,2026-09-19 23:30:51,1789831851,0,a98e3823,2204028330243028736,闪充就打死这几个比了
BV1r6Mm6fE8o,117044888472026,比亚迪智驾算力只有小鹏的零头，那小鹏的智驾能力想必很好吧？,爆炒吗喽,2026-08-06 10:04:00,133245,1361,1,video_260806_000656,40635400477,69.48000,1,25,16777215,2026-09-19 23:21:55,1789831315,0,eb0437aa,2204023830802870528,没毛病啊，他们还得努力
BV1r6Mm6fE8o,117044888472026,比亚迪智驾算力只有小鹏的零头，那小鹏的智驾能力想必很好吧？,爆炒吗喽,2026-08-06 10:04:00,133245,1361,1,video_260806_000656,40635400477,102.21200,1,25,16777215,2026-09-19 21:11:59,1789823519,0,6a71419d,2203958436168381952,哈哈哈哈哈哈
BV1r6Mm6fE8o,117044888472026,比亚迪智驾算力只有小鹏的零头，那小鹏的智驾能力想必很好吧？,爆炒吗喽,2026-08-06 10:04:00,133245,1361,1,video_260806_000656,40635400477,126.56000,1,25,16777215,2026-09-18 19:19:10,1789730350,0,bc88d55b,2203176875231876864,仅次于比亚迪的数据量
BV1r6Mm6fE8o,117044888472026,比亚迪智驾算力只有小鹏的零头，那小鹏的智驾能力想必很好吧？,爆炒吗喽,2026-08-06 10:04:00,133245,1361,1,video_260806_000656,40635400477,39.92400,1,25,16777215,2026-09-18 19:11:01,1789729861,0,749be434,2203172774736976896,夺笋呐
BV1r6Mm6fE8o,117044888472026,比亚迪智驾算力只有小鹏的零头，那小鹏的智驾能力想必很好吧？,爆炒吗喽,2026-08-06 10:04:00,133245,1361,1,video_260806_000656,40635400477,46.22800,1,25,16777215,2026-09-18 12:17:49,1789705069,0,b9219256,2202964806959607552,小鹏，那是洋人以下我第一
BV1r6Mm6fE8o,117044888472026,比亚迪智驾算力只有小鹏的零头，那小鹏的智驾能力想必很好吧？,爆炒吗喽,2026-08-06 10:04:00,133245,1361,1,video_260806_000656,40635400477,15.81000,1,25,16777215,2026-09-17 09:08:15,1789607295,0,cc39b25e,2202144616290620928,这话说的。。。牛逼
BV1r6Mm6fE8o,117044888472026,比亚迪智驾算力只有小鹏的零头，那小鹏的智驾能力想必很好吧？,爆炒吗喽,2026-08-06 10:04:00,133245,1361,1,video_260806_000656,40635400477,118.85800,1,25,16777215,2026-09-15 21:04:08,1789477448,0,42d02258,2201055382930268672,玩起驱虎吞狼了
BV1r6Mm6fE8o,117044888472026,比亚迪智驾算力只有小鹏的零头，那小鹏的智驾能力想必很好吧？,爆炒吗喽,2026-08-06 10:04:00,133245,1361,1,video_260806_000656,40635400477,67.46200,1,25,16777215,2026-09-13 16:08:18,1789286898,0,46897cd9,2199456935739754752,感觉不如余总遥遥领先更自信
BV1r6Mm6fE8o,117044888472026,比亚迪智驾算力只有小鹏的零头，那小鹏的智驾能力想必很好吧？,爆炒吗喽,2026-08-06 10:04:00,133245,1361,1,video_260806_000656,40635400477,69.76200,1,25,16777215,2026-09-11 21:17:15,1789132635,0,f24bf97f,2198162880749986304,Fsd没阉割版太强了
BV1r6Mm6fE8o,117044888472026,比亚迪智驾算力只有小鹏的零头，那小鹏的智驾能力想必很好吧？,爆炒吗喽,2026-08-06 10:04:00,133245,1361,1,video_260806_000656,40635400477,80.79100,1,25,16777215,2026-09-10 21:15:56,1789046156,0,b7a95bdc,2197437440178990848,《谦逊》
BV1r6Mm6fE8o,117044888472026,比亚迪智驾算力只有小鹏的零头，那小鹏的智驾能力想必很好吧？,爆炒吗喽,2026-08-06 10:04:00,133245,1361,1,video_260806_000656,40635400477,42.78000,1,25,16777215,2026-09-10 18:11:32,1789035092,0,9bb38886,2197344635751061760,洋人之下我第一，洋人之上比亚迪
BV1r6Mm6fE8o,117044888472026,比亚迪智驾算力只有小鹏的零头，那小鹏的智驾能力想必很好吧？,爆炒吗喽,2026-08-06 10:04:00,133245,1361,1,video_260806_000656,40635400477,115.87100,1,25,16777215,2026-09-09 10:27:12,1788920832,0,9a679246,2196386147034011392,纯粹的低智发言，我怀疑到底做没做过比较
BV1r6Mm6fE8o,117044888472026,比亚迪智驾算力只有小鹏的零头，那小鹏的智驾能力想必很好吧？,爆炒吗喽,2026-08-06 10:04:00,133245,1361,1,video_260806_000656,40635400477,91.56700,1,25,16777215,2026-09-09 10:25:33,1788920733,0,9a679246,2196385315513242880,你们到底体验过小鹏吗？蠢猪发言
BV1r6Mm6fE8o,117044888472026,比亚迪智驾算力只有小鹏的零头，那小鹏的智驾能力想必很好吧？,爆炒吗喽,2026-08-06 10:04:00,133245,1361,1,video_260806_000656,40635400477,67.32700,1,25,16777215,2026-09-09 10:24:43,1788920683,0,9a679246,2196384902684371712,所以你的芯片和辅助驾驶到底什么水平呢？
BV1r6Mm6fE8o,117044888472026,比亚迪智驾算力只有小鹏的零头，那小鹏的智驾能力想必很好吧？,爆炒吗喽,2026-08-06 10:04:00,133245,1361,1,video_260806_000656,40635400477,45.12700,1,25,16777215,2026-09-09 10:24:03,1788920643,0,9a679246,2196384561629024256,所以byd兜底条条框框你们看全了吗？
BV1r6Mm6fE8o,117044888472026,比亚迪智驾算力只有小鹏的零头，那小鹏的智驾能力想必很好吧？,爆炒吗喽,2026-08-06 10:04:00,133245,1361,1,video_260806_000656,40635400477,42.58700,1,25,16777215,2026-09-09 10:23:43,1788920623,0,9a679246,2196384400794244096,想多了，vla6.3.0能力已经是世界前2水平了
BV1r6Mm6fE8o,117044888472026,比亚迪智驾算力只有小鹏的零头，那小鹏的智驾能力想必很好吧？,爆炒吗喽,2026-08-06 10:04:00,133245,1361,1,video_260806_000656,40635400477,15.28000,1,25,16777215,2026-09-09 06:36:39,1788906999,0,1a87e3c0,2196270110648817920,哈哈哈哈哈，杀死比赛
BV1r6Mm6fE8o,117044888472026,比亚迪智驾算力只有小鹏的零头，那小鹏的智驾能力想必很好吧？,爆炒吗喽,2026-08-06 10:04:00,133245,1361,1,video_260806_000656,40635400477,97.42800,1,25,16777215,2026-09-08 11:17:18,1788837438,0,204afdb5,2195686586300623616,华为智驾真的那么厉害吗天下无敌吗
BV1r6Mm6fE8o,117044888472026,比亚迪智驾算力只有小鹏的零头，那小鹏的智驾能力想必很好吧？,爆炒吗喽,2026-08-06 10:04:00,133245,1361,1,video_260806_000656,40635400477,43.47300,1,25,16777215,2026-09-07 07:47:59,1788738479,0,1ee96f22,2194856457915940608,堆料发挥不出来也是废
BV1r6Mm6fE8o,117044888472026,比亚迪智驾算力只有小鹏的零头，那小鹏的智驾能力想必很好吧？,爆炒吗喽,2026-08-06 10:04:00,133245,1361,1,video_260806_000656,40635400477,134.20400,1,25,16777215,2026-09-06 19:43:23,1788695003,0,8f9c37a2,2194491759651510528,你买我推荐，我买我不买。
BV1r6Mm6fE8o,117044888472026,比亚迪智驾算力只有小鹏的零头，那小鹏的智驾能力想必很好吧？,爆炒吗喽,2026-08-06 10:04:00,133245,1361,1,video_260806_000656,40635400477,44.28900,1,25,16777215,2026-09-05 17:36:39,1788600999,0,aefa64ce,2193703197850569984,哈哈
BV1r6Mm6fE8o,117044888472026,比亚迪智驾算力只有小鹏的零头，那小鹏的智驾能力想必很好吧？,爆炒吗喽,2026-08-06 10:04:00,133245,1361,1,video_260806_000656,40635400477,81.37200,1,25,16777215,2026-09-02 17:00:07,1788339607,0,20998aac,2191510477702982656,就在国内装逼
BV1r6Mm6fE8o,117044888472026,比亚迪智驾算力只有小鹏的零头，那小鹏的智驾能力想必很好吧？,爆炒吗喽,2026-08-06 10:04:00,133245,1361,1,video_260806_000656,40635400477,40.97400,1,25,16777215,2026-08-27 00:45:32,1787762732,0,8d3fe6e5,2186671302759393792,笑死了
BV1r6Mm6fE8o,117044888472026,比亚迪智驾算力只有小鹏的零头，那小鹏的智驾能力想必很好吧？,爆炒吗喽,2026-08-06 10:04:00,133245,1361,1,video_260806_000656,40635400477,14.58100,1,25,16777215,2026-08-23 09:01:59,1787446919,0,4d4545d8,2184022072652159744,全世界就你兜底，BYD智驾第一是吧。
BV1r6Mm6fE8o,117044888472026,比亚迪智驾算力只有小鹏的零头，那小鹏的智驾能力想必很好吧？,爆炒吗喽,2026-08-06 10:04:00,133245,1361,1,video_260806_000656,40635400477,116.15900,1,25,16777215,2026-08-23 01:22:58,1787419378,0,e597a858,2183791039557889280,妙妙我只推荐，我不买
BV1r6Mm6fE8o,117044888472026,比亚迪智驾算力只有小鹏的零头，那小鹏的智驾能力想必很好吧？,爆炒吗喽,2026-08-06 10:04:00,133245,1361,1,video_260806_000656,40635400477,107.88500,1,25,16777215,2026-08-23 01:22:32,1787419352,0,e597a858,2183790820891831296,推荐妙妙，哈哈
BV1r6Mm6fE8o,117044888472026,比亚迪智驾算力只有小鹏的零头，那小鹏的智驾能力想必很好吧？,爆炒吗喽,2026-08-06 10:04:00,133245,1361,1,video_260806_000656,40635400477,76.78500,1,25,16777215,2026-08-23 01:21:47,1787419307,0,e597a858,2183790448060286464,老王当时说自动驾驶就是扯淡的东西，现在自己也开始搞了
BV1r6Mm6fE8o,117044888472026,比亚迪智驾算力只有小鹏的零头，那小鹏的智驾能力想必很好吧？,爆炒吗喽,2026-08-06 10:04:00,133245,1361,1,video_260806_000656,40635400477,45.05000,1,25,16777215,2026-08-22 23:27:01,1787412421,0,567c0e19,2183732678460119040,哈哈哈哈哈哈哈哈，好骂
BV1r6Mm6fE8o,117044888472026,比亚迪智驾算力只有小鹏的零头，那小鹏的智驾能力想必很好吧？,爆炒吗喽,2026-08-06 10:04:00,133245,1361,1,video_260806_000656,40635400477,45.99900,1,25,16777215,2026-08-22 21:32:52,1787405572,0,80764cbd,2183675229892315392,哈哈哈
BV1r6Mm6fE8o,117044888472026,比亚迪智驾算力只有小鹏的零头，那小鹏的智驾能力想必很好吧？,爆炒吗喽,2026-08-06 10:04:00,133245,1361,1,video_260806_000656,40635400477,35.28000,1,25,16777215,2026-08-22 20:22:45,1787401365,0,58db0284,2183639940503227136,别买小鹏，买特斯拉。何小鹏说的
BV1r6Mm6fE8o,117044888472026,比亚迪智驾算力只有小鹏的零头，那小鹏的智驾能力想必很好吧？,爆炒吗喽,2026-08-06 10:04:00,133245,1361,1,video_260806_000656,40635400477,47.26200,1,25,16777215,2026-08-22 20:20:39,1787401239,0,348d616d,2183638881433028352,小鹏很不要脸
BV1r6Mm6fE8o,117044888472026,比亚迪智驾算力只有小鹏的零头，那小鹏的智驾能力想必很好吧？,爆炒吗喽,2026-08-06 10:04:00,133245,1361,1,video_260806_000656,40635400477,29.32900,1,25,16777215,2026-08-22 19:52:23,1787399543,0,d07f88e,2183624653900246272,会说话吗？大唐走理想，大唐就是大唐，自己的芯片。
BV1r6Mm6fE8o,117044888472026,比亚迪智驾算力只有小鹏的零头，那小鹏的智驾能力想必很好吧？,爆炒吗喽,2026-08-06 10:04:00,133245,1361,1,video_260806_000656,40635400477,43.61100,1,25,16777215,2026-08-22 15:25:45,1787383545,0,e658d5e7,2183490448092672512,第一次见这么诡辩的。。。
BV1r6Mm6fE8o,117044888472026,比亚迪智驾算力只有小鹏的零头，那小鹏的智驾能力想必很好吧？,爆炒吗喽,2026-08-06 10:04:00,133245,1361,1,video_260806_000656,40635400477,14.90300,1,25,16777215,2026-08-22 14:19:55,1787379595,0,58a8a682,2183457320548800512,哈哈，老阴阳师
BV1r6Mm6fE8o,117044888472026,比亚迪智驾算力只有小鹏的零头，那小鹏的智驾能力想必很好吧？,爆炒吗喽,2026-08-06 10:04:00,133245,1361,1,video_260806_000656,40635400477,44.45500,5,25,15138834,2026-08-22 13:34:14,1787376854,0,ac280c14,2183434322894345472,迪吹还是强，直击要害
BV1r6Mm6fE8o,117044888472026,比亚迪智驾算力只有小鹏的零头，那小鹏的智驾能力想必很好吧？,爆炒吗喽,2026-08-06 10:04:00,133245,1361,1,video_260806_000656,40635400477,119.04700,1,25,16777215,2026-08-22 08:47:10,1787359630,0,d5a35193,2183289836235352576,jin ci yu w
BV1r6Mm6fE8o,117044888472026,比亚迪智驾算力只有小鹏的零头，那小鹏的智驾能力想必很好吧？,爆炒吗喽,2026-08-06 10:04:00,133245,1361,1,video_260806_000656,40635400477,38.13300,1,25,16777215,2026-08-22 08:45:43,1787359543,0,d5a35193,2183289109991161344,6
BV1r6Mm6fE8o,117044888472026,比亚迪智驾算力只有小鹏的零头，那小鹏的智驾能力想必很好吧？,爆炒吗喽,2026-08-06 10:04:00,133245,1361,1,video_260806_000656,40635400477,91.64000,1,25,16777215,2026-08-22 08:11:53,1787357513,0,abdb95eb,2183272079473020672,哈哈哈哈哈
BV1r6Mm6fE8o,117044888472026,比亚迪智驾算力只有小鹏的零头，那小鹏的智驾能力想必很好吧？,爆炒吗喽,2026-08-06 10:04:00,133245,1361,1,video_260806_000656,40635400477,88.34200,1,25,16777215,2026-08-22 00:50:38,1787331038,0,d9d3d2ec,2183049993643262976,把水搅混
BV1r6Mm6fE8o,117044888472026,比亚迪智驾算力只有小鹏的零头，那小鹏的智驾能力想必很好吧？,爆炒吗喽,2026-08-06 10:04:00,133245,1361,1,video_260806_000656,40635400477,98.45800,1,25,16777215,2026-08-21 22:37:32,1787323052,0,ba1a0fd7,2182982995785722880,哈哈哈哈
BV1r6Mm6fE8o,117044888472026,比亚迪智驾算力只有小鹏的零头，那小鹏的智驾能力想必很好吧？,爆炒吗喽,2026-08-06 10:04:00,133245,1361,1,video_260806_000656,40635400477,66.80900,1,25,16777215,2026-08-21 22:29:38,1787322578,0,d51838d9,2182979021431438848,脱口秀
BV1r6Mm6fE8o,117044888472026,比亚迪智驾算力只有小鹏的零头，那小鹏的智驾能力想必很好吧？,爆炒吗喽,2026-08-06 10:04:00,133245,1361,1,video_260806_000656,40635400477,68.61600,1,25,16777215,2026-08-21 20:06:42,1787314002,0,8731f198,2182907083899880192,不是，你真的全文背诵啊！？
BV1r6Mm6fE8o,117044888472026,比亚迪智驾算力只有小鹏的零头，那小鹏的智驾能力想必很好吧？,爆炒吗喽,2026-08-06 10:04:00,133245,1361,1,video_260806_000656,40635400477,39.86000,1,25,16777215,2026-08-21 17:02:50,1787302970,0,8e71d220,2182814539677635072,《洋人之下我无敌》
BV1r6Mm6fE8o,117044888472026,比亚迪智驾算力只有小鹏的零头，那小鹏的智驾能力想必很好吧？,爆炒吗喽,2026-08-06 10:04:00,133245,1361,1,video_260806_000656,40635400477,19.85200,1,25,16777215,2026-08-21 12:38:28,1787287108,0,a81842d7,2182681479006983168,哈哈哈哈
BV1r6Mm6fE8o,117044888472026,比亚迪智驾算力只有小鹏的零头，那小鹏的智驾能力想必很好吧？,爆炒吗喽,2026-08-06 10:04:00,133245,1361,1,video_260806_000656,40635400477,107.86200,1,25,16777215,2026-08-21 12:16:59,1787285819,0,6bf3a2bb,2182670662693519616,余大嘴吹的牛逼你还信了
BV1r6Mm6fE8o,117044888472026,比亚迪智驾算力只有小鹏的零头，那小鹏的智驾能力想必很好吧？,爆炒吗喽,2026-08-06 10:04:00,133245,1361,1,video_260806_000656,40635400477,123.70000,1,25,16777215,2026-08-21 10:55:17,1787280917,0,9080ea4f,2182629544505966848,哈哈哈
BV1r6Mm6fE8o,117044888472026,比亚迪智驾算力只有小鹏的零头，那小鹏的智驾能力想必很好吧？,爆炒吗喽,2026-08-06 10:04:00,133245,1361,1,video_260806_000656,40635400477,65.25100,1,25,16777215,2026-08-21 08:07:19,1787270839,0,8ee8b16d,2182545005221667840,仍然
BV1r6Mm6fE8o,117044888472026,比亚迪智驾算力只有小鹏的零头，那小鹏的智驾能力想必很好吧？,爆炒吗喽,2026-08-06 10:04:00,133245,1361,1,video_260806_000656,40635400477,87.98000,1,25,16777215,2026-08-21 07:47:54,1787269674,0,4630752b,2182535229414700032,big胆，
BV1r6Mm6fE8o,117044888472026,比亚迪智驾算力只有小鹏的零头，那小鹏的智驾能力想必很好吧？,爆炒吗喽,2026-08-06 10:04:00,133245,1361,1,video_260806_000656,40635400477,93.89200,1,25,16777215,2026-08-20 21:24:58,1787232298,0,812e7fee,2182221696348881664,哈哈哈哈哈我要笑死了
BV1r6Mm6fE8o,117044888472026,比亚迪智驾算力只有小鹏的零头，那小鹏的智驾能力想必很好吧？,爆炒吗喽,2026-08-06 10:04:00,133245,1361,1,video_260806_000656,40635400477,21.44100,1,25,16777215,2026-08-20 21:15:34,1787231734,0,15ce4183,2182216965593732608,揽胜流理想流
BV1r6Mm6fE8o,117044888472026,比亚迪智驾算力只有小鹏的零头，那小鹏的智驾能力想必很好吧？,爆炒吗喽,2026-08-06 10:04:00,133245,1361,1,video_260806_000656,40635400477,11.54000,1,25,16777215,2026-08-20 19:42:40,1787226160,0,980e369a,2182170210823122944,绝杀
BV1r6Mm6fE8o,117044888472026,比亚迪智驾算力只有小鹏的零头，那小鹏的智驾能力想必很好吧？,爆炒吗喽,2026-08-06 10:04:00,133245,1361,1,video_260806_000656,40635400477,116.58800,1,25,16777215,2026-08-20 19:04:25,1787223865,0,659c9322,2182150955687266816,那完了
BV1r6Mm6fE8o,117044888472026,比亚迪智驾算力只有小鹏的零头，那小鹏的智驾能力想必很好吧？,爆炒吗喽,2026-08-06 10:04:00,133245,1361,1,video_260806_000656,40635400477,16.95200,1,25,16777215,2026-08-20 18:32:35,1787221955,0,8affa9d0,2182134938571875584,小鹏：我没有
BV1r6Mm6fE8o,117044888472026,比亚迪智驾算力只有小鹏的零头，那小鹏的智驾能力想必很好吧？,爆炒吗喽,2026-08-06 10:04:00,133245,1361,1,video_260806_000656,40635400477,78.11100,1,25,16777215,2026-08-20 13:46:01,1787204761,0,b3a1543b,2181990702312636416,小鹏，一共卖了多少，召回了多少？小鹏说我不卖10万元的车，结果十二三万的m03酷酷卖，救活了企业
BV1r6Mm6fE8o,117044888472026,比亚迪智驾算力只有小鹏的零头，那小鹏的智驾能力想必很好吧？,爆炒吗喽,2026-08-06 10:04:00,133245,1361,1,video_260806_000656,40635400477,100.03400,1,25,16707842,2026-08-20 13:23:07,1787203387,0,15e67c75,2181979173647310080,哈哈哈
BV1r6Mm6fE8o,117044888472026,比亚迪智驾算力只有小鹏的零头，那小鹏的智驾能力想必很好吧？,爆炒吗喽,2026-08-06 10:04:00,133245,1361,1,video_260806_000656,40635400477,43.46100,1,25,16777215,2026-08-20 13:05:33,1787202333,0,3d0aa980,2181970334813948928,杀死比赛
BV1r6Mm6fE8o,117044888472026,比亚迪智驾算力只有小鹏的零头，那小鹏的智驾能力想必很好吧？,爆炒吗喽,2026-08-06 10:04:00,133245,1361,1,video_260806_000656,40635400477,81.81100,1,25,16777215,2026-08-20 12:46:08,1787201168,0,8232b533,2181960564191273728,哈哈
BV1r6Mm6fE8o,117044888472026,比亚迪智驾算力只有小鹏的零头，那小鹏的智驾能力想必很好吧？,爆炒吗喽,2026-08-06 10:04:00,133245,1361,1,video_260806_000656,40635400477,91.12100,1,25,16777215,2026-08-19 13:33:03,1787117583,0,c74b67e3,2181259397601329664,大胆
BV1r6Mm6fE8o,117044888472026,比亚迪智驾算力只有小鹏的零头，那小鹏的智驾能力想必很好吧？,爆炒吗喽,2026-08-06 10:04:00,133245,1361,1,video_260806_000656,40635400477,3.53000,1,25,16777215,2026-08-19 09:46:54,1787104014,0,28196598,2181145571975972096,但是实际表现更好哦，易车测试了
BV1r6Mm6fE8o,117044888472026,比亚迪智驾算力只有小鹏的零头，那小鹏的智驾能力想必很好吧？,爆炒吗喽,2026-08-06 10:04:00,133245,1361,1,video_260806_000656,40635400477,46.60000,1,25,16777215,2026-08-18 21:17:28,1787059048,0,f88f1cd8,2180768370030102272,太狠了，连着捅啊
BV1r6Mm6fE8o,117044888472026,比亚迪智驾算力只有小鹏的零头，那小鹏的智驾能力想必很好吧？,爆炒吗喽,2026-08-06 10:04:00,133245,1361,1,video_260806_000656,40635400477,10.40200,1,25,16777215,2026-08-17 16:09:40,1786954180,0,fa546c3e,2179888674878804736,小鹏会致敬国外车企，所以小鹏厉害
BV1r6Mm6fE8o,117044888472026,比亚迪智驾算力只有小鹏的零头，那小鹏的智驾能力想必很好吧？,爆炒吗喽,2026-08-06 10:04:00,133245,1361,1,video_260806_000656,40635400477,7.41000,1,25,16777215,2026-08-17 13:29:59,1786944599,0,61b2ffca,2179808304019218944,猴子猴孙那套理论？
BV1r6Mm6fE8o,117044888472026,比亚迪智驾算力只有小鹏的零头，那小鹏的智驾能力想必很好吧？,爆炒吗喽,2026-08-06 10:04:00,133245,1361,1,video_260806_000656,40635400477,70.34800,1,25,16777215,2026-08-17 07:46:27,1786923987,0,78906eb2,2179635402544470528,传福哥 yyds
BV1r6Mm6fE8o,117044888472026,比亚迪智驾算力只有小鹏的零头，那小鹏的智驾能力想必很好吧？,爆炒吗喽,2026-08-06 10:04:00,133245,1361,1,video_260806_000656,40635400477,0.55100,1,25,16777215,2026-08-17 07:45:09,1786923909,0,78906eb2,2179634744374234112,小鹏：人老，实话不多
BV1r6Mm6fE8o,117044888472026,比亚迪智驾算力只有小鹏的零头，那小鹏的智驾能力想必很好吧？,爆炒吗喽,2026-08-06 10:04:00,133245,1361,1,video_260806_000656,40635400477,130.85300,1,25,16777215,2026-08-16 19:57:28,1786881448,0,9feec2e6,2179278558374196224,你买我推荐，我买我不买
BV1r6Mm6fE8o,117044888472026,比亚迪智驾算力只有小鹏的零头，那小鹏的智驾能力想必很好吧？,爆炒吗喽,2026-08-06 10:04:00,133245,1361,1,video_260806_000656,40635400477,81.96800,1,25,16777215,2026-08-16 19:39:07,1786880347,0,453453d7,2179269321762335744,组装厂是这样的，全靠买当然没自信
BV1r6Mm6fE8o,117044888472026,比亚迪智驾算力只有小鹏的零头，那小鹏的智驾能力想必很好吧？,爆炒吗喽,2026-08-06 10:04:00,133245,1361,1,video_260806_000656,40635400477,92.23800,1,25,16777215,2026-08-16 19:11:28,1786878688,0,f26cb52b,2179255401311354880,哈哈哈哈哈哈
BV1r6Mm6fE8o,117044888472026,比亚迪智驾算力只有小鹏的零头，那小鹏的智驾能力想必很好吧？,爆炒吗喽,2026-08-06 10:04:00,133245,1361,1,video_260806_000656,40635400477,40.36900,1,25,15138834,2026-08-16 16:56:56,1786870616,0,2befa004,2179187695346390528,小鹏自己的水平确实也就是个小学生，迪子已经碾压欧美了。小鹏对自己水平认识很正确。
BV1r6Mm6fE8o,117044888472026,比亚迪智驾算力只有小鹏的零头，那小鹏的智驾能力想必很好吧？,爆炒吗喽,2026-08-06 10:04:00,133245,1361,1,video_260806_000656,40635400477,6.90600,1,25,15138834,2026-08-16 16:55:35,1786870535,0,2befa004,2179187008831167488,小鹏算力高，但实际使用效果是人家迪子的零头
BV1r6Mm6fE8o,117044888472026,比亚迪智驾算力只有小鹏的零头，那小鹏的智驾能力想必很好吧？,爆炒吗喽,2026-08-06 10:04:00,133245,1361,1,video_260806_000656,40635400477,50.32200,1,25,16777215,2026-08-16 11:30:03,1786851003,0,5b46f658,2179023169711860480,《NB》
BV1r6Mm6fE8o,117044888472026,比亚迪智驾算力只有小鹏的零头，那小鹏的智驾能力想必很好吧？,爆炒吗喽,2026-08-06 10:04:00,133245,1361,1,video_260806_000656,40635400477,90.32700,1,25,16777215,2026-08-16 01:20:18,1786814418,0,7259440,2178716265593221120,牛逼，语言的艺术啊
BV1r6Mm6fE8o,117044888472026,比亚迪智驾算力只有小鹏的零头，那小鹏的智驾能力想必很好吧？,爆炒吗喽,2026-08-06 10:04:00,133245,1361,1,video_260806_000656,40635400477,37.51400,1,25,16777215,2026-08-16 01:19:02,1786814342,0,7259440,2178715630684560896,哈哈哈哈
BV1r6Mm6fE8o,117044888472026,比亚迪智驾算力只有小鹏的零头，那小鹏的智驾能力想必很好吧？,爆炒吗喽,2026-08-06 10:04:00,133245,1361,1,video_260806_000656,40635400477,95.10600,1,25,16777215,2026-08-15 19:28:25,1786793305,0,6d090e5d,2178539160099924736,添油加醋就下乘了
BV1r6Mm6fE8o,117044888472026,比亚迪智驾算力只有小鹏的零头，那小鹏的智驾能力想必很好吧？,爆炒吗喽,2026-08-06 10:04:00,133245,1361,1,video_260806_000656,40635400477,15.14000,1,25,16777215,2026-08-15 19:25:22,1786793122,0,9d376cb,2178537625488154368,绝杀！
BV1r6Mm6fE8o,117044888472026,比亚迪智驾算力只有小鹏的零头，那小鹏的智驾能力想必很好吧？,爆炒吗喽,2026-08-06 10:04:00,133245,1361,1,video_260806_000656,40635400477,17.56000,1,25,16777215,2026-08-15 19:04:03,1786791843,0,aeaf6fbd,2178526892691743488,骂的真脏哈哈
BV1r6Mm6fE8o,117044888472026,比亚迪智驾算力只有小鹏的零头，那小鹏的智驾能力想必很好吧？,爆炒吗喽,2026-08-06 10:04:00,133245,1361,1,video_260806_000656,40635400477,38.25500,1,25,16777215,2026-08-15 17:01:06,1786784466,0,d87b6d4d,2178465011658599680,小米承认自己不如特斯拉
BV1r6Mm6fE8o,117044888472026,比亚迪智驾算力只有小鹏的零头，那小鹏的智驾能力想必很好吧？,爆炒吗喽,2026-08-06 10:04:00,133245,1361,1,video_260806_000656,40635400477,35.24000,1,25,16777215,2026-08-15 12:03:24,1786766604,0,b93696e9,2178315179107538176,哈哈哈哈，真绝
BV1r6Mm6fE8o,117044888472026,比亚迪智驾算力只有小鹏的零头，那小鹏的智驾能力想必很好吧？,爆炒吗喽,2026-08-06 10:04:00,133245,1361,1,video_260806_000656,40635400477,124.55400,1,25,16777215,2026-08-15 12:01:16,1786766476,0,ba33f6e4,2178314105097211392,花粉最会加定语了，这里又要加定语比较吗？
BV1r6Mm6fE8o,117044888472026,比亚迪智驾算力只有小鹏的零头，那小鹏的智驾能力想必很好吧？,爆炒吗喽,2026-08-06 10:04:00,133245,1361,1,video_260806_000656,40635400477,92.11700,1,25,16777215,2026-08-15 01:16:51,1786727811,0,19f0dfa1,2177989755198191360,一直踩刹车一直接管，那就不危险了
BV1r6Mm6fE8o,117044888472026,比亚迪智驾算力只有小鹏的零头，那小鹏的智驾能力想必很好吧？,爆炒吗喽,2026-08-06 10:04:00,133245,1361,1,video_260806_000656,40635400477,28.20300,1,25,16777215,2026-08-15 01:15:27,1786727727,0,19f0dfa1,2177989055319866368,喜欢迪子买迪子 喜欢小鹏就买特斯拉
BV1r6Mm6fE8o,117044888472026,比亚迪智驾算力只有小鹏的零头，那小鹏的智驾能力想必很好吧？,爆炒吗喽,2026-08-06 10:04:00,133245,1361,1,video_260806_000656,40635400477,17.25600,1,25,16777215,2026-08-15 00:58:23,1786726703,0,6dcddb5f,2177980463137370112,比亚迪光兜底就已经吊打友商，智驾能力更是秒杀，华为都碰瓷不了
BV1r6Mm6fE8o,117044888472026,比亚迪智驾算力只有小鹏的零头，那小鹏的智驾能力想必很好吧？,爆炒吗喽,2026-08-06 10:04:00,133245,1361,1,video_260806_000656,40635400477,22.42000,1,25,16777215,2026-08-15 00:25:44,1786724744,0,37935c95,2177964030365343744,虾仁猪心是吧
BV1r6Mm6fE8o,117044888472026,比亚迪智驾算力只有小鹏的零头，那小鹏的智驾能力想必很好吧？,爆炒吗喽,2026-08-06 10:04:00,133245,1361,1,video_260806_000656,40635400477,17.12000,1,25,16777215,2026-08-14 23:45:46,1786722346,0,da09614c,2177943908662174208,哈哈哈哈哈
BV1r6Mm6fE8o,117044888472026,比亚迪智驾算力只有小鹏的零头，那小鹏的智驾能力想必很好吧？,爆炒吗喽,2026-08-06 10:04:00,133245,1361,1,video_260806_000656,40635400477,13.13800,1,25,16777215,2026-08-14 23:42:49,1786722169,0,e830bdb2,2177942429381075456,哈哈哈哈哈哈哈
BV1r6Mm6fE8o,117044888472026,比亚迪智驾算力只有小鹏的零头，那小鹏的智驾能力想必很好吧？,爆炒吗喽,2026-08-06 10:04:00,133245,1361,1,video_260806_000656,40635400477,87.97600,1,25,16777215,2026-08-14 21:03:50,1786712630,0,cffef3f,2177862412354017024,big胆
BV1r6Mm6fE8o,117044888472026,比亚迪智驾算力只有小鹏的零头，那小鹏的智驾能力想必很好吧？,爆炒吗喽,2026-08-06 10:04:00,133245,1361,1,video_260806_000656,40635400477,95.76400,1,25,16777215,2026-08-14 20:31:59,1786710719,0,895646f9,2177846381321008896,哈哈，谁的是智驾险
BV1r6Mm6fE8o,117044888472026,比亚迪智驾算力只有小鹏的零头，那小鹏的智驾能力想必很好吧？,爆炒吗喽,2026-08-06 10:04:00,133245,1361,1,video_260806_000656,40635400477,132.07700,1,25,16777215,2026-08-14 20:12:47,1786709567,0,d874b8ef,2177836713542973184,比亚迪一堆大几十公里的运营车没法比智家里程
BV1r6Mm6fE8o,117044888472026,比亚迪智驾算力只有小鹏的零头，那小鹏的智驾能力想必很好吧？,爆炒吗喽,2026-08-06 10:04:00,133245,1361,1,video_260806_000656,40635400477,103.72200,1,25,16777215,2026-08-14 19:30:10,1786707010,0,1c67fc94,2177815263109267456,这文案牛逼
BV1r6Mm6fE8o,117044888472026,比亚迪智驾算力只有小鹏的零头，那小鹏的智驾能力想必很好吧？,爆炒吗喽,2026-08-06 10:04:00,133245,1361,1,video_260806_000656,40635400477,16.82700,1,25,16777215,2026-08-14 19:28:30,1786706910,0,1c67fc94,2177814424181140480,哈哈哈哈哈
BV1r6Mm6fE8o,117044888472026,比亚迪智驾算力只有小鹏的零头，那小鹏的智驾能力想必很好吧？,爆炒吗喽,2026-08-06 10:04:00,133245,1361,1,video_260806_000656,40635400477,88.54400,1,25,16777215,2026-08-14 18:52:31,1786704751,0,37d3cc55,2177796312623040256,低情商：就会窝里横
BV1r6Mm6fE8o,117044888472026,比亚迪智驾算力只有小鹏的零头，那小鹏的智驾能力想必很好吧？,爆炒吗喽,2026-08-06 10:04:00,133245,1361,1,video_260806_000656,40635400477,1.10600,1,25,16777215,2026-08-14 18:12:58,1786702378,0,ac3e8f58,2177776406027878912,问问小鹏什么是有效算力最高2100tops
BV1r6Mm6fE8o,117044888472026,比亚迪智驾算力只有小鹏的零头，那小鹏的智驾能力想必很好吧？,爆炒吗喽,2026-08-06 10:04:00,133245,1361,1,video_260806_000656,40635400477,94.49500,1,25,16777215,2026-08-14 15:37:52,1786693072,0,2c7232fc,2177698346951932416,还有驱虎吞狼之计233
BV1r6Mm6fE8o,117044888472026,比亚迪智驾算力只有小鹏的零头，那小鹏的智驾能力想必很好吧？,爆炒吗喽,2026-08-06 10:04:00,133245,1361,1,video_260806_000656,40635400477,15.12200,1,25,16777215,2026-08-14 14:49:27,1786690167,0,17374428,2177673976762172672,哈哈哈哈哈哈哈哈哈哈
BV1r6Mm6fE8o,117044888472026,比亚迪智驾算力只有小鹏的零头，那小鹏的智驾能力想必很好吧？,爆炒吗喽,2026-08-06 10:04:00,133245,1361,1,video_260806_000656,40635400477,111.22500,1,25,16777215,2026-08-14 11:24:27,1786677867,0,678c32cf,2177570797060347136,你是会转移矛盾的，哈哈
BV1r6Mm6fE8o,117044888472026,比亚迪智驾算力只有小鹏的零头，那小鹏的智驾能力想必很好吧？,爆炒吗喽,2026-08-06 10:04:00,133245,1361,1,video_260806_000656,40635400477,38.11400,1,25,16777215,2026-08-14 09:17:16,1786670236,0,bc8c7ea9,2177506779246821376,绝杀
BV1r6Mm6fE8o,117044888472026,比亚迪智驾算力只有小鹏的零头，那小鹏的智驾能力想必很好吧？,爆炒吗喽,2026-08-06 10:04:00,133245,1361,1,video_260806_000656,40635400477,40.66000,1,25,16777215,2026-08-14 06:44:41,1786661081,0,3ed6a6b0,2177429988352727552,哈哈
BV1r6Mm6fE8o,117044888472026,比亚迪智驾算力只有小鹏的零头，那小鹏的智驾能力想必很好吧？,爆炒吗喽,2026-08-06 10:04:00,133245,1361,1,video_260806_000656,40635400477,127.48200,1,25,16707842,2026-08-14 01:30:35,1786642235,0,54d164ec,2177271891965374720,看得出来比亚迪在智驾领域只认可华为
BV1r6Mm6fE8o,117044888472026,比亚迪智驾算力只有小鹏的零头，那小鹏的智驾能力想必很好吧？,爆炒吗喽,2026-08-06 10:04:00,133245,1361,1,video_260806_000656,40635400477,41.48300,1,25,16777215,2026-08-13 21:52:49,1786629169,0,2c5853ff,2177162285566176000,宝隆减震还是可以。
BV1r6Mm6fE8o,117044888472026,比亚迪智驾算力只有小鹏的零头，那小鹏的智驾能力想必很好吧？,爆炒吗喽,2026-08-06 10:04:00,133245,1361,1,video_260806_000656,40635400477,110.04400,5,25,16777215,2026-08-13 15:56:40,1786607800,0,63f021a0,2176983034979789056,因为激光雷达是3d的，根本不需要那么多算力
BV1r6Mm6fE8o,117044888472026,比亚迪智驾算力只有小鹏的零头，那小鹏的智驾能力想必很好吧？,爆炒吗喽,2026-08-06 10:04:00,133245,1361,1,video_260806_000656,40635400477,91.09100,1,25,16777215,2026-08-13 15:52:27,1786607547,0,e466eb1f,2176980912124728832,笑飞了
BV1r6Mm6fE8o,117044888472026,比亚迪智驾算力只有小鹏的零头，那小鹏的智驾能力想必很好吧？,爆炒吗喽,2026-08-06 10:04:00,133245,1361,1,video_260806_000656,40635400477,16.93600,1,25,16777215,2026-08-13 09:15:02,1786583702,0,909626b2,2176780879249699328,图灵芯片买的英伟达的 中美打起来你就用吧
BV1r6Mm6fE8o,117044888472026,比亚迪智驾算力只有小鹏的零头，那小鹏的智驾能力想必很好吧？,爆炒吗喽,2026-08-06 10:04:00,133245,1361,1,video_260806_000656,40635400477,19.20000,1,25,16777215,2026-08-13 08:20:33,1786580433,0,a81cb962,2176753463844172800,喜欢小鹏买特斯拉啊，
BV1r6Mm6fE8o,117044888472026,比亚迪智驾算力只有小鹏的零头，那小鹏的智驾能力想必很好吧？,爆炒吗喽,2026-08-06 10:04:00,133245,1361,1,video_260806_000656,40635400477,35.56000,1,25,16777215,2026-08-12 23:19:00,1786547940,0,407c6786,2176480891353192704,爆杀
BV1r6Mm6fE8o,117044888472026,比亚迪智驾算力只有小鹏的零头，那小鹏的智驾能力想必很好吧？,爆炒吗喽,2026-08-06 10:04:00,133245,1361,1,video_260806_000656,40635400477,43.42000,1,25,16777215,2026-08-12 23:14:42,1786547682,0,c900ae0d,2176478723644544000,兜底啊
BV1r6Mm6fE8o,117044888472026,比亚迪智驾算力只有小鹏的零头，那小鹏的智驾能力想必很好吧？,爆炒吗喽,2026-08-06 10:04:00,133245,1361,1,video_260806_000656,40635400477,38.55500,1,25,16777215,2026-08-12 22:06:13,1786543573,0,70307fd3,2176444253772433920,软骨病
BV1r6Mm6fE8o,117044888472026,比亚迪智驾算力只有小鹏的零头，那小鹏的智驾能力想必很好吧？,爆炒吗喽,2026-08-06 10:04:00,133245,1361,1,video_260806_000656,40635400477,70.34800,1,25,16777215,2026-08-12 21:01:02,1786539662,0,13d18376,2176411445372869376,窝草，杀人不过头点地，你还要诛心
BV1r6Mm6fE8o,117044888472026,比亚迪智驾算力只有小鹏的零头，那小鹏的智驾能力想必很好吧？,爆炒吗喽,2026-08-06 10:04:00,133245,1361,1,video_260806_000656,40635400477,95.80000,1,25,16777215,2026-08-12 19:41:34,1786534894,0,38141b8f,2176371451794976512,阴阳大师
BV1r6Mm6fE8o,117044888472026,比亚迪智驾算力只有小鹏的零头，那小鹏的智驾能力想必很好吧？,爆炒吗喽,2026-08-06 10:04:00,133245,1361,1,video_260806_000656,40635400477,17.37900,1,25,16777215,2026-08-12 19:40:12,1786534812,0,38141b8f,2176370761127500544,开幕暴击
BV1r6Mm6fE8o,117044888472026,比亚迪智驾算力只有小鹏的零头，那小鹏的智驾能力想必很好吧？,爆炒吗喽,2026-08-06 10:04:00,133245,1361,1,video_260806_000656,40635400477,16.52700,1,25,16777215,2026-08-12 19:40:05,1786534805,0,38141b8f,2176370703019514880,哈哈哈
BV1r6Mm6fE8o,117044888472026,比亚迪智驾算力只有小鹏的零头，那小鹏的智驾能力想必很好吧？,爆炒吗喽,2026-08-06 10:04:00,133245,1361,1,video_260806_000656,40635400477,36.57100,1,25,16777215,2026-08-12 19:12:06,1786533126,0,f58894b7,2176356620299708416,扬人之下我第二
BV1r6Mm6fE8o,117044888472026,比亚迪智驾算力只有小鹏的零头，那小鹏的智驾能力想必很好吧？,爆炒吗喽,2026-08-06 10:04:00,133245,1361,1,video_260806_000656,40635400477,37.10200,1,25,16777215,2026-08-12 18:08:00,1786529280,0,77e18994,2176324355397990144,哈哈哈，就该狠狠的打脸
BV1r6Mm6fE8o,117044888472026,比亚迪智驾算力只有小鹏的零头，那小鹏的智驾能力想必很好吧？,爆炒吗喽,2026-08-06 10:04:00,133245,1361,1,video_260806_000656,40635400477,16.72000,1,25,16777215,2026-08-12 16:30:53,1786523453,0,2051ff00,2176275475591235072,绝杀
BV1r6Mm6fE8o,117044888472026,比亚迪智驾算力只有小鹏的零头，那小鹏的智驾能力想必很好吧？,爆炒吗喽,2026-08-06 10:04:00,133245,1361,1,video_260806_000656,40635400477,0.04000,1,25,16777215,2026-08-12 16:13:29,1786522409,0,89c4b26a,2176266715653816064,泰迪真是满世界碰次
BV1r6Mm6fE8o,117044888472026,比亚迪智驾算力只有小鹏的零头，那小鹏的智驾能力想必很好吧？,爆炒吗喽,2026-08-06 10:04:00,133245,1361,1,video_260806_000656,40635400477,154.65900,1,25,16777215,2026-08-12 14:03:34,1786514614,0,c256d742,2176201329868467968,阳阳怪气
BV1r6Mm6fE8o,117044888472026,比亚迪智驾算力只有小鹏的零头，那小鹏的智驾能力想必很好吧？,爆炒吗喽,2026-08-06 10:04:00,133245,1361,1,video_260806_000656,40635400477,84.14900,1,25,16777215,2026-08-12 12:15:46,1786508146,0,ceaab040,2176147074297486592,低情商：只会窝里横
BV1r6Mm6fE8o,117044888472026,比亚迪智驾算力只有小鹏的零头，那小鹏的智驾能力想必很好吧？,爆炒吗喽,2026-08-06 10:04:00,133245,1361,1,video_260806_000656,40635400477,82.88600,1,25,16777215,2026-08-12 12:15:23,1786508123,0,ceaab040,2176146883322820352,高情商：出了国门很低调
BV1r6Mm6fE8o,117044888472026,比亚迪智驾算力只有小鹏的零头，那小鹏的智驾能力想必很好吧？,爆炒吗喽,2026-08-06 10:04:00,133245,1361,1,video_260806_000656,40635400477,114.68500,1,25,16777215,2026-08-12 11:52:00,1786506720,0,6e067be8,2176135109685006592,猾伪哄懵？完美罪犯
BV1r6Mm6fE8o,117044888472026,比亚迪智驾算力只有小鹏的零头，那小鹏的智驾能力想必很好吧？,爆炒吗喽,2026-08-06 10:04:00,133245,1361,1,video_260806_000656,40635400477,16.89200,1,25,16777215,2026-08-12 10:57:26,1786503446,0,80578722,2176107647521531392,哈哈
BV1r6Mm6fE8o,117044888472026,比亚迪智驾算力只有小鹏的零头，那小鹏的智驾能力想必很好吧？,爆炒吗喽,2026-08-06 10:04:00,133245,1361,1,video_260806_000656,40635400477,113.35000,1,25,16777215,2026-08-12 10:49:21,1786502961,0,721b0649,2176103581790014208,车主表示，最近智驾老抽风，远没有网上吹的那么好，时间8.12日
BV1r6Mm6fE8o,117044888472026,比亚迪智驾算力只有小鹏的零头，那小鹏的智驾能力想必很好吧？,爆炒吗喽,2026-08-06 10:04:00,133245,1361,1,video_260806_000656,40635400477,122.53100,1,25,16777215,2026-08-12 07:57:27,1786492647,0,d6645a9d,2176017055638623488,太坏了
BV1r6Mm6fE8o,117044888472026,比亚迪智驾算力只有小鹏的零头，那小鹏的智驾能力想必很好吧？,爆炒吗喽,2026-08-06 10:04:00,133245,1361,1,video_260806_000656,40635400477,31.27100,1,25,16777215,2026-08-12 07:53:10,1786492390,0,784e1325,2176014904724196608,哈哈哈哈
BV1r6Mm6fE8o,117044888472026,比亚迪智驾算力只有小鹏的零头，那小鹏的智驾能力想必很好吧？,爆炒吗喽,2026-08-06 10:04:00,133245,1361,1,video_260806_000656,40635400477,147.33400,1,25,16777215,2026-08-12 00:39:47,1786466387,0,f69c6a78,2175796775230315776,你买你的反正我不买哈哈
BV1r6Mm6fE8o,117044888472026,比亚迪智驾算力只有小鹏的零头，那小鹏的智驾能力想必很好吧？,爆炒吗喽,2026-08-06 10:04:00,133245,1361,1,video_260806_000656,40635400477,35.27900,1,25,16777215,2026-08-12 00:19:24,1786465164,0,15aa1657,2175786513211058944,既然是学生，那我有什么买他的理由呢
BV1r6Mm6fE8o,117044888472026,比亚迪智驾算力只有小鹏的零头，那小鹏的智驾能力想必很好吧？,爆炒吗喽,2026-08-06 10:04:00,133245,1361,1,video_260806_000656,40635400477,14.95100,1,25,16777215,2026-08-11 23:59:12,1786463952,0,9e0553f7,2175776348441462272,哈哈哈哈
BV1r6Mm6fE8o,117044888472026,比亚迪智驾算力只有小鹏的零头，那小鹏的智驾能力想必很好吧？,爆炒吗喽,2026-08-06 10:04:00,133245,1361,1,video_260806_000656,40635400477,102.32500,1,25,16777215,2026-08-11 23:41:37,1786462897,0,7133ebe1,2175767500691190272,笑死
BV1r6Mm6fE8o,117044888472026,比亚迪智驾算力只有小鹏的零头，那小鹏的智驾能力想必很好吧？,爆炒吗喽,2026-08-06 10:04:00,133245,1361,1,video_260806_000656,40635400477,117.38700,1,25,16777215,2026-08-11 21:27:33,1786454853,0,4f8c6a2c,2175700021285190144,你可以不吃，但一定要请你的朋友吃
BV1r6Mm6fE8o,117044888472026,比亚迪智驾算力只有小鹏的零头，那小鹏的智驾能力想必很好吧？,爆炒吗喽,2026-08-06 10:04:00,133245,1361,1,video_260806_000656,40635400477,53.83400,1,25,16777215,2026-08-11 21:17:22,1786454242,0,26c4e0ff,2175694893127646208,我不知道踏马的这些人是不是脑子有病
BV1r6Mm6fE8o,117044888472026,比亚迪智驾算力只有小鹏的零头，那小鹏的智驾能力想必很好吧？,爆炒吗喽,2026-08-06 10:04:00,133245,1361,1,video_260806_000656,40635400477,31.38000,1,25,16777215,2026-08-11 21:16:48,1786454208,0,26c4e0ff,2175694604274573824,哈哈哈哈哈哈哈
BV1r6Mm6fE8o,117044888472026,比亚迪智驾算力只有小鹏的零头，那小鹏的智驾能力想必很好吧？,爆炒吗喽,2026-08-06 10:04:00,133245,1361,1,video_260806_000656,40635400477,26.23200,1,25,16777215,2026-08-11 21:00:18,1786453218,0,54b5830,2175686301817384192,不要拉踩友商
BV1r6Mm6fE8o,117044888472026,比亚迪智驾算力只有小鹏的零头，那小鹏的智驾能力想必很好吧？,爆炒吗喽,2026-08-06 10:04:00,133245,1361,1,video_260806_000656,40635400477,37.30100,1,25,16777215,2026-08-11 15:48:06,1786434486,0,4b232e1f,2175529172015957760,说的真好
BV1r6Mm6fE8o,117044888472026,比亚迪智驾算力只有小鹏的零头，那小鹏的智驾能力想必很好吧？,爆炒吗喽,2026-08-06 10:04:00,133245,1361,1,video_260806_000656,40635400477,80.74100,1,25,16777215,2026-08-11 13:52:59,1786427579,0,2ca77335,2175471227882722560,低调个锤子：我们是走高端路线的，销量不重要
BV1r6Mm6fE8o,117044888472026,比亚迪智驾算力只有小鹏的零头，那小鹏的智驾能力想必很好吧？,爆炒吗喽,2026-08-06 10:04:00,133245,1361,1,video_260806_000656,40635400477,9.29600,5,25,15138834,2026-08-11 13:39:37,1786426777,0,69856ca3,2175464496620376832,没必要拉踩
BV1r6Mm6fE8o,117044888472026,比亚迪智驾算力只有小鹏的零头，那小鹏的智驾能力想必很好吧？,爆炒吗喽,2026-08-06 10:04:00,133245,1361,1,video_260806_000656,40635400477,1.43500,1,25,16777215,2026-08-11 11:55:12,1786420512,0,35950d70,2175411946093382656,垃圾智驾
BV1r6Mm6fE8o,117044888472026,比亚迪智驾算力只有小鹏的零头，那小鹏的智驾能力想必很好吧？,爆炒吗喽,2026-08-06 10:04:00,133245,1361,1,video_260806_000656,40635400477,89.34700,1,25,16777215,2026-08-11 09:11:00,1786410660,0,77a5ad67,2175329303313563648,祸水东引
BV1r6Mm6fE8o,117044888472026,比亚迪智驾算力只有小鹏的零头，那小鹏的智驾能力想必很好吧？,爆炒吗喽,2026-08-06 10:04:00,133245,1361,1,video_260806_000656,40635400477,77.43300,1,25,16777215,2026-08-11 09:07:41,1786410461,0,18dbddd9,2175327630961062400,杀死比赛！
BV1r6Mm6fE8o,117044888472026,比亚迪智驾算力只有小鹏的零头，那小鹏的智驾能力想必很好吧？,爆炒吗喽,2026-08-06 10:04:00,133245,1361,1,video_260806_000656,40635400477,32.94200,1,25,16777215,2026-08-11 09:06:52,1786410412,0,18dbddd9,2175327221093652736,比不了特斯拉的那个？
BV1r6Mm6fE8o,117044888472026,比亚迪智驾算力只有小鹏的零头，那小鹏的智驾能力想必很好吧？,爆炒吗喽,2026-08-06 10:04:00,133245,1361,1,video_260806_000656,40635400477,17.26900,1,25,16777215,2026-08-11 09:06:30,1786410390,0,18dbddd9,2175327032727280384,笑死了
BV1r6Mm6fE8o,117044888472026,比亚迪智驾算力只有小鹏的零头，那小鹏的智驾能力想必很好吧？,爆炒吗喽,2026-08-06 10:04:00,133245,1361,1,video_260806_000656,40635400477,42.78300,1,25,15138834,2026-08-11 07:32:39,1786404759,0,d07b08d8,2175279796635610368,洋人之下我第一
BV1r6Mm6fE8o,117044888472026,比亚迪智驾算力只有小鹏的零头，那小鹏的智驾能力想必很好吧？,爆炒吗喽,2026-08-06 10:04:00,133245,1361,1,video_260806_000656,40635400477,36.99400,1,25,16777215,2026-08-11 03:27:20,1786390040,0,5dfe9bbe,2175156328707312128,笑死了
BV1r6Mm6fE8o,117044888472026,比亚迪智驾算力只有小鹏的零头，那小鹏的智驾能力想必很好吧？,爆炒吗喽,2026-08-06 10:04:00,133245,1361,1,video_260806_000656,40635400477,81.24600,1,25,16777215,2026-08-11 00:34:16,1786379656,0,c7809cce,2175069222105997824,洋人之下我最强
BV1r6Mm6fE8o,117044888472026,比亚迪智驾算力只有小鹏的零头，那小鹏的智驾能力想必很好吧？,爆炒吗喽,2026-08-06 10:04:00,133245,1361,1,video_260806_000656,40635400477,92.84900,1,25,16777215,2026-08-11 00:05:44,1786377944,0,f32e3824,2175054863158312704,华为智驾算是很厉害的一个了
BV1r6Mm6fE8o,117044888472026,比亚迪智驾算力只有小鹏的零头，那小鹏的智驾能力想必很好吧？,爆炒吗喽,2026-08-06 10:04:00,133245,1361,1,video_260806_000656,40635400477,83.93600,1,25,16777215,2026-08-11 00:05:04,1786377904,0,f32e3824,2175054527077315840,不是低调 是舔
BV1r6Mm6fE8o,117044888472026,比亚迪智驾算力只有小鹏的零头，那小鹏的智驾能力想必很好吧？,爆炒吗喽,2026-08-06 10:04:00,133245,1361,1,video_260806_000656,40635400477,121.63700,1,25,16777215,2026-08-10 23:49:58,1786376998,0,17804771,2175046919465112064,哈哈
BV1r6Mm6fE8o,117044888472026,比亚迪智驾算力只有小鹏的零头，那小鹏的智驾能力想必很好吧？,爆炒吗喽,2026-08-06 10:04:00,133245,1361,1,video_260806_000656,40635400477,19.19500,1,25,16777215,2026-08-10 23:47:53,1786376873,0,17804771,2175045871123793664,哈哈
BV1r6Mm6fE8o,117044888472026,比亚迪智驾算力只有小鹏的零头，那小鹏的智驾能力想必很好吧？,爆炒吗喽,2026-08-06 10:04:00,133245,1361,1,video_260806_000656,40635400477,16.88100,1,25,16777215,2026-08-10 22:29:10,1786372150,0,6b8f5430,2175006259681079040,哈哈哈哈哈
BV1r6Mm6fE8o,117044888472026,比亚迪智驾算力只有小鹏的零头，那小鹏的智驾能力想必很好吧？,爆炒吗喽,2026-08-06 10:04:00,133245,1361,1,video_260806_000656,40635400477,153.91100,1,25,16777215,2026-08-10 21:54:39,1786370079,0,f7382912,2174988880825756160,屁股决定脑袋
BV1r6Mm6fE8o,117044888472026,比亚迪智驾算力只有小鹏的零头，那小鹏的智驾能力想必很好吧？,爆炒吗喽,2026-08-06 10:04:00,133245,1361,1,video_260806_000656,40635400477,59.86500,1,25,16777215,2026-08-10 18:29:14,1786357754,0,1f9c6cc9,2174885496047362560,赞啊
BV1r6Mm6fE8o,117044888472026,比亚迪智驾算力只有小鹏的零头，那小鹏的智驾能力想必很好吧？,爆炒吗喽,2026-08-06 10:04:00,133245,1361,1,video_260806_000656,40635400477,127.97600,1,25,16777215,2026-08-10 17:53:32,1786355612,0,eca4d067,2174867523219535616,比亚迪车多，但是智驾占比没有鸿蒙高，城区智驾数据量肯定没鸿蒙高。
BV1r6Mm6fE8o,117044888472026,比亚迪智驾算力只有小鹏的零头，那小鹏的智驾能力想必很好吧？,爆炒吗喽,2026-08-06 10:04:00,133245,1361,1,video_260806_000656,40635400477,33.96000,1,25,16777215,2026-08-10 17:51:44,1786355504,0,eca4d067,2174866621586797824,哈哈哈
BV1r6Mm6fE8o,117044888472026,比亚迪智驾算力只有小鹏的零头，那小鹏的智驾能力想必很好吧？,爆炒吗喽,2026-08-06 10:04:00,133245,1361,1,video_260806_000656,40635400477,129.93900,1,25,16777215,2026-08-10 15:24:18,1786346658,0,c39124a0,2174792415557680640,懂你意思
BV1r6Mm6fE8o,117044888472026,比亚迪智驾算力只有小鹏的零头，那小鹏的智驾能力想必很好吧？,爆炒吗喽,2026-08-06 10:04:00,133245,1361,1,video_260806_000656,40635400477,118.71200,1,25,16777215,2026-08-10 15:23:59,1786346639,0,c39124a0,2174792257574701056,《稍微》
BV1r6Mm6fE8o,117044888472026,比亚迪智驾算力只有小鹏的零头，那小鹏的智驾能力想必很好吧？,爆炒吗喽,2026-08-06 10:04:00,133245,1361,1,video_260806_000656,40635400477,87.39200,1,25,16777215,2026-08-10 15:23:22,1786346602,0,c39124a0,2174791940494007808,董你意思
BV1r6Mm6fE8o,117044888472026,比亚迪智驾算力只有小鹏的零头，那小鹏的智驾能力想必很好吧？,爆炒吗喽,2026-08-06 10:04:00,133245,1361,1,video_260806_000656,40635400477,82.29400,1,25,16777215,2026-08-10 13:09:29,1786338569,0,4795588c,2174724560644283392,《委婉》
BV1r6Mm6fE8o,117044888472026,比亚迪智驾算力只有小鹏的零头，那小鹏的智驾能力想必很好吧？,爆炒吗喽,2026-08-06 10:04:00,133245,1361,1,video_260806_000656,40635400477,59.57300,1,25,16777215,2026-08-10 13:05:05,1786338305,0,1747a769,2174722346580623872,王总牛逼
BV1r6Mm6fE8o,117044888472026,比亚迪智驾算力只有小鹏的零头，那小鹏的智驾能力想必很好吧？,爆炒吗喽,2026-08-06 10:04:00,133245,1361,1,video_260806_000656,40635400477,40.73600,1,25,16777215,2026-08-10 13:04:44,1786338284,0,1747a769,2174722163482448896,6666666
BV1r6Mm6fE8o,117044888472026,比亚迪智驾算力只有小鹏的零头，那小鹏的智驾能力想必很好吧？,爆炒吗喽,2026-08-06 10:04:00,133245,1361,1,video_260806_000656,40635400477,39.35300,1,25,16777215,2026-08-10 12:12:56,1786335176,0,e0fcd3ed,2174696098860959232,哈哈哈哈哈
BV1r6Mm6fE8o,117044888472026,比亚迪智驾算力只有小鹏的零头，那小鹏的智驾能力想必很好吧？,爆炒吗喽,2026-08-06 10:04:00,133245,1361,1,video_260806_000656,40635400477,168.37200,1,25,16777215,2026-08-10 12:09:45,1786334985,0,b35b8be7,2174694492601957120,何小鹏人老，实话不多
BV1r6Mm6fE8o,117044888472026,比亚迪智驾算力只有小鹏的零头，那小鹏的智驾能力想必很好吧？,爆炒吗喽,2026-08-06 10:04:00,133245,1361,1,video_260806_000656,40635400477,88.78900,1,25,16777215,2026-08-10 10:50:58,1786330258,0,67538c13,2174654837646885376,我依然记得小鹏在宁波高架把人撞了，没识别到前车有故障车停在那里。
BV1r6Mm6fE8o,117044888472026,比亚迪智驾算力只有小鹏的零头，那小鹏的智驾能力想必很好吧？,爆炒吗喽,2026-08-06 10:04:00,133245,1361,1,video_260806_000656,40635400477,96.47400,1,25,16777215,2026-08-10 09:55:44,1786326944,0,163bb7ea,2174627042094660352,？
BV1r6Mm6fE8o,117044888472026,比亚迪智驾算力只有小鹏的零头，那小鹏的智驾能力想必很好吧？,爆炒吗喽,2026-08-06 10:04:00,133245,1361,1,video_260806_000656,40635400477,33.41100,1,25,16777215,2026-08-09 22:26:22,1786285582,0,f1b082d6,2174280069714607616,哈哈哈哈哈哈哈哈哈哈
BV1r6Mm6fE8o,117044888472026,比亚迪智驾算力只有小鹏的零头，那小鹏的智驾能力想必很好吧？,爆炒吗喽,2026-08-06 10:04:00,133245,1361,1,video_260806_000656,40635400477,11.84700,1,25,16777215,2026-08-09 22:25:58,1786285558,0,f1b082d6,2174279865409824768,买小鹏不如买特斯拉，因为它自己说不如特斯拉
BV1r6Mm6fE8o,117044888472026,比亚迪智驾算力只有小鹏的零头，那小鹏的智驾能力想必很好吧？,爆炒吗喽,2026-08-06 10:04:00,133245,1361,1,video_260806_000656,40635400477,46.03700,1,25,16777215,2026-08-09 21:45:44,1786283144,0,3dfbd77b,2174259617332004608,小鹏现在都被小米取代了，蔚小理都没它了
BV1r6Mm6fE8o,117044888472026,比亚迪智驾算力只有小鹏的零头，那小鹏的智驾能力想必很好吧？,爆炒吗喽,2026-08-06 10:04:00,133245,1361,1,video_260806_000656,40635400477,64.54500,1,25,16777215,2026-08-09 21:34:11,1786282451,0,c31feaad,2174253809898181120,脑海中飘过大众高管开唐在上海高速超速被拍
BV1r6Mm6fE8o,117044888472026,比亚迪智驾算力只有小鹏的零头，那小鹏的智驾能力想必很好吧？,爆炒吗喽,2026-08-06 10:04:00,133245,1361,1,video_260806_000656,40635400477,48.78000,1,25,16777215,2026-08-09 20:48:02,1786279682,0,dad7c773,2174230579451768576,用他的巴掌，打他的脸。
BV1r6Mm6fE8o,117044888472026,比亚迪智驾算力只有小鹏的零头，那小鹏的智驾能力想必很好吧？,爆炒吗喽,2026-08-06 10:04:00,133245,1361,1,video_260806_000656,40635400477,40.23900,1,25,16777215,2026-08-09 20:47:44,1786279664,0,dad7c773,2174230430453482752,牛逼
BV1r6Mm6fE8o,117044888472026,比亚迪智驾算力只有小鹏的零头，那小鹏的智驾能力想必很好吧？,爆炒吗喽,2026-08-06 10:04:00,133245,1361,1,video_260806_000656,40635400477,43.38900,1,25,16777215,2026-08-09 20:20:58,1786278058,0,b0dbba53,2174216952737348096,洋人之下我第二
BV1r6Mm6fE8o,117044888472026,比亚迪智驾算力只有小鹏的零头，那小鹏的智驾能力想必很好吧？,爆炒吗喽,2026-08-06 10:04:00,133245,1361,1,video_260806_000656,40635400477,36.55300,1,25,16777215,2026-08-09 20:20:40,1786278040,0,b0dbba53,2174216800417159680,不亏是干主播的
BV1r6Mm6fE8o,117044888472026,比亚迪智驾算力只有小鹏的零头，那小鹏的智驾能力想必很好吧？,爆炒吗喽,2026-08-06 10:04:00,133245,1361,1,video_260806_000656,40635400477,74.65300,1,25,16777215,2026-08-09 19:45:35,1786275935,0,a6bdb5c8,2174199143672172288,现在说这话完全没毛病 但2015年先进个屁
BV1r6Mm6fE8o,117044888472026,比亚迪智驾算力只有小鹏的零头，那小鹏的智驾能力想必很好吧？,爆炒吗喽,2026-08-06 10:04:00,133245,1361,1,video_260806_000656,40635400477,167.58000,1,25,16777215,2026-08-09 19:39:43,1786275583,0,69c46b27,2174196197089305600,哈哈哈哈，反复鞭尸。
BV1r6Mm6fE8o,117044888472026,比亚迪智驾算力只有小鹏的零头，那小鹏的智驾能力想必很好吧？,爆炒吗喽,2026-08-06 10:04:00,133245,1361,1,video_260806_000656,40635400477,26.69300,1,25,16777215,2026-08-09 19:31:44,1786275104,0,c7646474,2174192174843853056,小鹏什么垃圾
BV1r6Mm6fE8o,117044888472026,比亚迪智驾算力只有小鹏的零头，那小鹏的智驾能力想必很好吧？,爆炒吗喽,2026-08-06 10:04:00,133245,1361,1,video_260806_000656,40635400477,7.99800,1,25,16777215,2026-08-09 19:12:43,1786273963,0,e69bb02f,2174182605422654976,但是比亚迪的支架确实比小鹏差很多呀
BV1r6Mm6fE8o,117044888472026,比亚迪智驾算力只有小鹏的零头，那小鹏的智驾能力想必很好吧？,爆炒吗喽,2026-08-06 10:04:00,133245,1361,1,video_260806_000656,40635400477,167.98000,5,25,16707842,2026-08-09 18:23:04,1786270984,0,1e10c7da,2174157612101799168,哈哈哈，应该推荐tsl，买老师的
BV1r6Mm6fE8o,117044888472026,比亚迪智驾算力只有小鹏的零头，那小鹏的智驾能力想必很好吧？,爆炒吗喽,2026-08-06 10:04:00,133245,1361,1,video_260806_000656,40635400477,88.31400,1,25,16777215,2026-08-09 18:22:32,1786270952,0,be163072,2174157341602592512,你敢！
BV1r6Mm6fE8o,117044888472026,比亚迪智驾算力只有小鹏的零头，那小鹏的智驾能力想必很好吧？,爆炒吗喽,2026-08-06 10:04:00,133245,1361,1,video_260806_000656,40635400477,80.69900,1,25,16777215,2026-08-09 17:54:22,1786269262,0,2589275a,2174143164813476608,哈哈哈，骂人不带脏字
BV1r6Mm6fE8o,117044888472026,比亚迪智驾算力只有小鹏的零头，那小鹏的智驾能力想必很好吧？,爆炒吗喽,2026-08-06 10:04:00,133245,1361,1,video_260806_000656,40635400477,42.32900,1,25,16777215,2026-08-09 17:21:08,1786267268,0,76bd8caa,2174126442953864448,留洋骨头软
BV1r6Mm6fE8o,117044888472026,比亚迪智驾算力只有小鹏的零头，那小鹏的智驾能力想必很好吧？,爆炒吗喽,2026-08-06 10:04:00,133245,1361,1,video_260806_000656,40635400477,83.46000,1,25,16777215,2026-08-09 16:00:22,1786262422,0,47ee8019,2174085787565170176,原谅我我想笑，出了国门很低调
BV1r6Mm6fE8o,117044888472026,比亚迪智驾算力只有小鹏的零头，那小鹏的智驾能力想必很好吧？,爆炒吗喽,2026-08-06 10:04:00,133245,1361,1,video_260806_000656,40635400477,67.35500,1,25,16777215,2026-08-09 15:58:37,1786262317,0,72345a7b,2174084911349859328,真买过比亚迪的就知道了，就会吹牛逼，各种小毛病
BV1r6Mm6fE8o,117044888472026,比亚迪智驾算力只有小鹏的零头，那小鹏的智驾能力想必很好吧？,爆炒吗喽,2026-08-06 10:04:00,133245,1361,1,video_260806_000656,40635400477,45.63000,1,25,16777215,2026-08-09 15:54:33,1786262073,0,abcabcd9,2174082859915728128,哈哈哈
BV1r6Mm6fE8o,117044888472026,比亚迪智驾算力只有小鹏的零头，那小鹏的智驾能力想必很好吧？,爆炒吗喽,2026-08-06 10:04:00,133245,1361,1,video_260806_000656,40635400477,83.13500,1,25,16777215,2026-08-09 14:40:37,1786257637,0,5aa10fce,2174045647831954176,哈哈哈
BV1r6Mm6fE8o,117044888472026,比亚迪智驾算力只有小鹏的零头，那小鹏的智驾能力想必很好吧？,爆炒吗喽,2026-08-06 10:04:00,133245,1361,1,video_260806_000656,40635400477,36.28000,1,25,16777215,2026-08-09 14:39:53,1786257593,0,17ae3855,2174045283212812288,反正都不如fsd
BV1r6Mm6fE8o,117044888472026,比亚迪智驾算力只有小鹏的零头，那小鹏的智驾能力想必很好吧？,爆炒吗喽,2026-08-06 10:04:00,133245,1361,1,video_260806_000656,40635400477,41.56700,1,25,16777215,2026-08-09 14:07:46,1786255666,0,7a71b287,2174029116276575232,哈哈哈杀死比赛了
BV1r6Mm6fE8o,117044888472026,比亚迪智驾算力只有小鹏的零头，那小鹏的智驾能力想必很好吧？,爆炒吗喽,2026-08-06 10:04:00,133245,1361,1,video_260806_000656,40635400477,82.22800,1,25,16777215,2026-08-09 13:20:39,1786252839,0,c8ca6552,2174005398796205312,小鹏底气不足
BV1r6Mm6fE8o,117044888472026,比亚迪智驾算力只有小鹏的零头，那小鹏的智驾能力想必很好吧？,爆炒吗喽,2026-08-06 10:04:00,133245,1361,1,video_260806_000656,40635400477,82.57500,1,25,16707842,2026-08-09 13:10:16,1786252216,0,fa8d66fe,2174000172391149568,低情商：窝里斗
BV1r6Mm6fE8o,117044888472026,比亚迪智驾算力只有小鹏的零头，那小鹏的智驾能力想必很好吧？,爆炒吗喽,2026-08-06 10:04:00,133245,1361,1,video_260806_000656,40635400477,83.42500,5,25,16707842,2026-08-09 13:04:20,1786251860,0,b2f900b1,2173997192313667328,“低调”
BV1r6Mm6fE8o,117044888472026,比亚迪智驾算力只有小鹏的零头，那小鹏的智驾能力想必很好吧？,爆炒吗喽,2026-08-06 10:04:00,133245,1361,1,video_260806_000656,40635400477,46.78300,1,25,16777215,2026-08-09 13:02:54,1786251774,0,e32a067d,2173996472025422592,爆杀
BV1r6Mm6fE8o,117044888472026,比亚迪智驾算力只有小鹏的零头，那小鹏的智驾能力想必很好吧？,爆炒吗喽,2026-08-06 10:04:00,133245,1361,1,video_260806_000656,40635400477,111.79700,1,25,16777215,2026-08-09 12:54:20,1786251260,0,b58a77da,2173992152941189376,鸿蒙就算了，这东西推荐可以，自己别碰
BV1r6Mm6fE8o,117044888472026,比亚迪智驾算力只有小鹏的零头，那小鹏的智驾能力想必很好吧？,爆炒吗喽,2026-08-06 10:04:00,133245,1361,1,video_260806_000656,40635400477,47.26100,1,25,16777215,2026-08-09 12:34:49,1786250089,0,3710b95d,2173982336222974208,哈哈哈哈哈哈哈
BV1r6Mm6fE8o,117044888472026,比亚迪智驾算力只有小鹏的零头，那小鹏的智驾能力想必很好吧？,爆炒吗喽,2026-08-06 10:04:00,133245,1361,1,video_260806_000656,40635400477,34.91800,1,25,16777215,2026-08-09 12:09:02,1786248542,0,9a0f3e06,2173969355229586432,追着砍
BV1r6Mm6fE8o,117044888472026,比亚迪智驾算力只有小鹏的零头，那小鹏的智驾能力想必很好吧？,爆炒吗喽,2026-08-06 10:04:00,133245,1361,1,video_260806_000656,40635400477,20.15800,1,25,16777215,2026-08-09 12:08:42,1786248522,0,9a0f3e06,2173969190687022336,哈哈哈哈哈
BV1r6Mm6fE8o,117044888472026,比亚迪智驾算力只有小鹏的零头，那小鹏的智驾能力想必很好吧？,爆炒吗喽,2026-08-06 10:04:00,133245,1361,1,video_260806_000656,40635400477,0.58200,1,25,16777215,2026-08-09 12:00:34,1786248034,0,6fd63618,2173965095921955328,评论区和弹幕一堆人对兜底那么不屑一顾 你们家那么牛逼 不兜底反倒赢了 跟懂子学的美式赢学？
BV1r6Mm6fE8o,117044888472026,比亚迪智驾算力只有小鹏的零头，那小鹏的智驾能力想必很好吧？,爆炒吗喽,2026-08-06 10:04:00,133245,1361,1,video_260806_000656,40635400477,45.35500,5,25,16707842,2026-08-09 11:38:46,1786246726,0,6fd861a9,2173954125275570432,洋人之下我第一
BV1r6Mm6fE8o,117044888472026,比亚迪智驾算力只有小鹏的零头，那小鹏的智驾能力想必很好吧？,爆炒吗喽,2026-08-06 10:04:00,133245,1361,1,video_260806_000656,40635400477,14.19000,1,25,16777215,2026-08-09 10:21:14,1786242074,0,650c3c32,2173915095942979840,哈哈哈 直接完结
BV1r6Mm6fE8o,117044888472026,比亚迪智驾算力只有小鹏的零头，那小鹏的智驾能力想必很好吧？,爆炒吗喽,2026-08-06 10:04:00,133245,1361,1,video_260806_000656,40635400477,22.42200,1,25,16777215,2026-08-09 09:58:35,1786240715,0,e8f6d21e,2173903697334828544,还敢和比亚迪比？哈哈
BV1r6Mm6fE8o,117044888472026,比亚迪智驾算力只有小鹏的零头，那小鹏的智驾能力想必很好吧？,爆炒吗喽,2026-08-06 10:04:00,133245,1361,1,video_260806_000656,40635400477,106.70100,1,25,16777215,2026-08-09 09:29:59,1786238999,0,69f8a186,2173889304177789952,m7算力弱多了
BV1r6Mm6fE8o,117044888472026,比亚迪智驾算力只有小鹏的零头，那小鹏的智驾能力想必很好吧？,爆炒吗喽,2026-08-06 10:04:00,133245,1361,1,video_260806_000656,40635400477,16.30200,1,25,16777215,2026-08-09 09:29:04,1786238944,0,69f8a186,2173888840614849280,有两百多块钱一年的智驾险
BV1r6Mm6fE8o,117044888472026,比亚迪智驾算力只有小鹏的零头，那小鹏的智驾能力想必很好吧？,爆炒吗喽,2026-08-06 10:04:00,133245,1361,1,video_260806_000656,40635400477,15.44000,1,25,16777215,2026-08-09 08:11:03,1786234263,0,ab22eb21,2173849574161646592,哈哈哈哈
BV1r6Mm6fE8o,117044888472026,比亚迪智驾算力只有小鹏的零头，那小鹏的智驾能力想必很好吧？,爆炒吗喽,2026-08-06 10:04:00,133245,1361,1,video_260806_000656,40635400477,170.24000,1,25,16777215,2026-08-09 08:03:49,1786233829,0,83fabc9f,2173845931836594944,谦虚，哈哈哈哈
BV1r6Mm6fE8o,117044888472026,比亚迪智驾算力只有小鹏的零头，那小鹏的智驾能力想必很好吧？,爆炒吗喽,2026-08-06 10:04:00,133245,1361,1,video_260806_000656,40635400477,101.54000,1,25,16777215,2026-08-09 06:42:36,1786228956,0,3a6f0857,2173805057965896960,哈哈哈哈哈
BV1r6Mm6fE8o,117044888472026,比亚迪智驾算力只有小鹏的零头，那小鹏的智驾能力想必很好吧？,爆炒吗喽,2026-08-06 10:04:00,133245,1361,1,video_260806_000656,40635400477,39.88600,1,25,16777215,2026-08-09 02:55:02,1786215302,0,6fd63618,2173690522663859968,？？
BV1r6Mm6fE8o,117044888472026,比亚迪智驾算力只有小鹏的零头，那小鹏的智驾能力想必很好吧？,爆炒吗喽,2026-08-06 10:04:00,133245,1361,1,video_260806_000656,40635400477,12.58800,1,25,16777215,2026-08-09 02:44:24,1786214664,0,34217f2a,2173685166722443520,哈哈哈哈
BV1r6Mm6fE8o,117044888472026,比亚迪智驾算力只有小鹏的零头，那小鹏的智驾能力想必很好吧？,爆炒吗喽,2026-08-06 10:04:00,133245,1361,1,video_260806_000656,40635400477,91.89800,1,25,16777215,2026-08-09 02:29:31,1786213771,0,b3a659d7,2173677678002459648,警告一次
BV1r6Mm6fE8o,117044888472026,比亚迪智驾算力只有小鹏的零头，那小鹏的智驾能力想必很好吧？,爆炒吗喽,2026-08-06 10:04:00,133245,1361,1,video_260806_000656,40635400477,119.59800,1,25,16707842,2026-08-09 02:03:04,1786212184,0,663a102,2173664363436121856,哈哈哈哈哈 主要是何小鹏还是个学生
BV1r6Mm6fE8o,117044888472026,比亚迪智驾算力只有小鹏的零头，那小鹏的智驾能力想必很好吧？,爆炒吗喽,2026-08-06 10:04:00,133245,1361,1,video_260806_000656,40635400477,35.25300,1,25,16707842,2026-08-09 02:01:16,1786212076,0,663a102,2173663453976875520,哈哈哈，妙啊 何小鹏自己说的
BV1r6Mm6fE8o,117044888472026,比亚迪智驾算力只有小鹏的零头，那小鹏的智驾能力想必很好吧？,爆炒吗喽,2026-08-06 10:04:00,133245,1361,1,video_260806_000656,40635400477,41.14000,1,25,16777215,2026-08-09 01:51:19,1786211479,0,a7593f98,2173658450155074560,哈哈哈
BV1r6Mm6fE8o,117044888472026,比亚迪智驾算力只有小鹏的零头，那小鹏的智驾能力想必很好吧？,爆炒吗喽,2026-08-06 10:04:00,133245,1361,1,video_260806_000656,40635400477,44.57600,1,25,16777215,2026-08-09 01:48:51,1786211331,0,e2428189,2173657209043866368,哈哈哈哈哈哈
BV1r6Mm6fE8o,117044888472026,比亚迪智驾算力只有小鹏的零头，那小鹏的智驾能力想必很好吧？,爆炒吗喽,2026-08-06 10:04:00,133245,1361,1,video_260806_000656,40635400477,149.71900,1,25,16777215,2026-08-08 23:08:45,1786201725,0,2fcb0be3,2173576626985289728,你买我推荐，真买我不买
BV1r6Mm6fE8o,117044888472026,比亚迪智驾算力只有小鹏的零头，那小鹏的智驾能力想必很好吧？,爆炒吗喽,2026-08-06 10:04:00,133245,1361,1,video_260806_000656,40635400477,95.10000,1,25,16777215,2026-08-08 22:55:01,1786200901,0,f98068d4,2173569716575890176,哈哈哈
BV1r6Mm6fE8o,117044888472026,比亚迪智驾算力只有小鹏的零头，那小鹏的智驾能力想必很好吧？,爆炒吗喽,2026-08-06 10:04:00,133245,1361,1,video_260806_000656,40635400477,44.38600,1,25,16777215,2026-08-08 22:10:05,1786198205,0,3efe0b24,2173547100762832128,学生和祖师爷怎么比
BV1r6Mm6fE8o,117044888472026,比亚迪智驾算力只有小鹏的零头，那小鹏的智驾能力想必很好吧？,爆炒吗喽,2026-08-06 10:04:00,133245,1361,1,video_260806_000656,40635400477,16.74300,1,25,16777215,2026-08-08 22:09:20,1786198160,0,3efe0b24,2173546718451827456,G7和9之间，哈哈哈
BV1r6Mm6fE8o,117044888472026,比亚迪智驾算力只有小鹏的零头，那小鹏的智驾能力想必很好吧？,爆炒吗喽,2026-08-06 10:04:00,133245,1361,1,video_260806_000656,40635400477,38.49900,1,25,16777215,2026-08-08 21:00:02,1786194002,0,46357a36,2173511841639437824,绝杀 Hhhhhhhhhhhhh
BV1r6Mm6fE8o,117044888472026,比亚迪智驾算力只有小鹏的零头，那小鹏的智驾能力想必很好吧？,爆炒吗喽,2026-08-06 10:04:00,133245,1361,1,video_260806_000656,40635400477,89.83700,1,25,16777215,2026-08-08 20:35:08,1786192508,0,a4d2c090,2173499308623103488,哈哈哈
BV1r6Mm6fE8o,117044888472026,比亚迪智驾算力只有小鹏的零头，那小鹏的智驾能力想必很好吧？,爆炒吗喽,2026-08-06 10:04:00,133245,1361,1,video_260806_000656,40635400477,42.30900,1,25,38979,2026-08-08 20:01:33,1786190493,0,5b1a8358,2173482408111550976,哈哈哈哈哈
BV1r6Mm6fE8o,117044888472026,比亚迪智驾算力只有小鹏的零头，那小鹏的智驾能力想必很好吧？,爆炒吗喽,2026-08-06 10:04:00,133245,1361,1,video_260806_000656,40635400477,45.54700,1,25,16777215,2026-08-08 20:00:07,1786190407,0,449af37e,2173481681079334912,小鹏意思洋人之下我第一
BV1r6Mm6fE8o,117044888472026,比亚迪智驾算力只有小鹏的零头，那小鹏的智驾能力想必很好吧？,爆炒吗喽,2026-08-06 10:04:00,133245,1361,1,video_260806_000656,40635400477,85.95400,1,25,16777215,2026-08-08 19:21:41,1786188101,0,ea3881a8,2173462338072913920,驱虎吞狼
BV1r6Mm6fE8o,117044888472026,比亚迪智驾算力只有小鹏的零头，那小鹏的智驾能力想必很好吧？,爆炒吗喽,2026-08-06 10:04:00,133245,1361,1,video_260806_000656,40635400477,47.15100,1,25,16777215,2026-08-08 18:51:25,1786186285,0,c9b238a6,2173447106164741120,哈哈哈
BV1r6Mm6fE8o,117044888472026,比亚迪智驾算力只有小鹏的零头，那小鹏的智驾能力想必很好吧？,爆炒吗喽,2026-08-06 10:04:00,133245,1361,1,video_260806_000656,40635400477,40.34000,1,25,16777215,2026-08-08 17:55:07,1786182907,0,e449e6f6,2173418770705118976,哈哈
BV1r6Mm6fE8o,117044888472026,比亚迪智驾算力只有小鹏的零头，那小鹏的智驾能力想必很好吧？,爆炒吗喽,2026-08-06 10:04:00,133245,1361,1,video_260806_000656,40635400477,115.78800,1,25,16777215,2026-08-08 17:32:40,1786181560,0,34b9ca21,2173407467458144512,哈哈哈哈
BV1r6Mm6fE8o,117044888472026,比亚迪智驾算力只有小鹏的零头，那小鹏的智驾能力想必很好吧？,爆炒吗喽,2026-08-06 10:04:00,133245,1361,1,video_260806_000656,40635400477,42.80000,1,25,16777215,2026-08-08 17:13:46,1786180426,0,dc4d11d6,2173397955825676288,笑死了。
BV1r6Mm6fE8o,117044888472026,比亚迪智驾算力只有小鹏的零头，那小鹏的智驾能力想必很好吧？,爆炒吗喽,2026-08-06 10:04:00,133245,1361,1,video_260806_000656,40635400477,47.59800,1,25,16777215,2026-08-08 15:59:33,1786175973,0,b1722951,2173360606328692480,哈哈哈哈哈哈
BV1r6Mm6fE8o,117044888472026,比亚迪智驾算力只有小鹏的零头，那小鹏的智驾能力想必很好吧？,爆炒吗喽,2026-08-06 10:04:00,133245,1361,1,video_260806_000656,40635400477,11.59000,5,25,16777215,2026-08-08 15:21:29,1786173689,0,6e02251b,2173341447637168128,小鹏算力已经给够你了，上路就好自为之吧
BV1r6Mm6fE8o,117044888472026,比亚迪智驾算力只有小鹏的零头，那小鹏的智驾能力想必很好吧？,爆炒吗喽,2026-08-06 10:04:00,133245,1361,1,video_260806_000656,40635400477,91.55900,1,25,16777215,2026-08-08 15:01:01,1786172461,0,42a2783c,2173331143708516608,Ads:哟？这么有勇气的
BV1r6Mm6fE8o,117044888472026,比亚迪智驾算力只有小鹏的零头，那小鹏的智驾能力想必很好吧？,爆炒吗喽,2026-08-06 10:04:00,133245,1361,1,video_260806_000656,40635400477,36.55500,1,25,16777215,2026-08-08 14:54:51,1786172091,0,f4fb06be,2173328038103248384,哈哈哈哈哈
BV1r6Mm6fE8o,117044888472026,比亚迪智驾算力只有小鹏的零头，那小鹏的智驾能力想必很好吧？,爆炒吗喽,2026-08-06 10:04:00,133245,1361,1,video_260806_000656,40635400477,99.08700,1,25,16777215,2026-08-08 14:34:06,1786170846,0,dbc43f0f,2173317595972142592,你买我推荐，你推荐我不买！
BV1r6Mm6fE8o,117044888472026,比亚迪智驾算力只有小鹏的零头，那小鹏的智驾能力想必很好吧？,爆炒吗喽,2026-08-06 10:04:00,133245,1361,1,video_260806_000656,40635400477,15.27600,1,25,16777215,2026-08-08 13:53:05,1786168385,0,2cffb556,2173296953009154560,别这么说
BV1r6Mm6fE8o,117044888472026,比亚迪智驾算力只有小鹏的零头，那小鹏的智驾能力想必很好吧？,爆炒吗喽,2026-08-06 10:04:00,133245,1361,1,video_260806_000656,40635400477,119.36500,1,25,16777215,2026-08-08 13:52:35,1786168355,0,2cffb556,2173296703473267712,这东西我只卖，不碰的，对脑子不好
BV1r6Mm6fE8o,117044888472026,比亚迪智驾算力只有小鹏的零头，那小鹏的智驾能力想必很好吧？,爆炒吗喽,2026-08-06 10:04:00,133245,1361,1,video_260806_000656,40635400477,34.97900,1,25,16777215,2026-08-08 13:50:58,1786168258,0,2cffb556,2173295887437681152,洋人之下我无敌
BV1r6Mm6fE8o,117044888472026,比亚迪智驾算力只有小鹏的零头，那小鹏的智驾能力想必很好吧？,爆炒吗喽,2026-08-06 10:04:00,133245,1361,1,video_260806_000656,40635400477,15.09400,1,25,16777215,2026-08-08 13:50:17,1786168217,0,2cffb556,2173295542959573248,别这么说
BV1r6Mm6fE8o,117044888472026,比亚迪智驾算力只有小鹏的零头，那小鹏的智驾能力想必很好吧？,爆炒吗喽,2026-08-06 10:04:00,133245,1361,1,video_260806_000656,40635400477,78.13000,1,25,16777215,2026-08-08 13:47:52,1786168072,0,3870e8a7,2173294321863108352,小鹏这种组装厂就安稳一点吧
BV1r6Mm6fE8o,117044888472026,比亚迪智驾算力只有小鹏的零头，那小鹏的智驾能力想必很好吧？,爆炒吗喽,2026-08-06 10:04:00,133245,1361,1,video_260806_000656,40635400477,43.90100,1,25,16777215,2026-08-08 13:32:47,1786167167,0,1616bab4,2173286734258571520,这已经不是谦虚了
BV1r6Mm6fE8o,117044888472026,比亚迪智驾算力只有小鹏的零头，那小鹏的智驾能力想必很好吧？,爆炒吗喽,2026-08-06 10:04:00,133245,1361,1,video_260806_000656,40635400477,36.54800,1,25,16777215,2026-08-08 13:11:07,1786165867,0,6e8f9d66,2173275825192403712,追着杀
BV1r6Mm6fE8o,117044888472026,比亚迪智驾算力只有小鹏的零头，那小鹏的智驾能力想必很好吧？,爆炒吗喽,2026-08-06 10:04:00,133245,1361,1,video_260806_000656,40635400477,17.40200,1,25,16777215,2026-08-08 13:10:45,1786165845,0,6e8f9d66,2173275645835784192,一句话干死
BV1r6Mm6fE8o,117044888472026,比亚迪智驾算力只有小鹏的零头，那小鹏的智驾能力想必很好吧？,爆炒吗喽,2026-08-06 10:04:00,133245,1361,1,video_260806_000656,40635400477,105.75500,1,25,16777215,2026-08-08 13:06:41,1786165601,0,d5809316,2173273599594059008,反复鞭尸
BV1r6Mm6fE8o,117044888472026,比亚迪智驾算力只有小鹏的零头，那小鹏的智驾能力想必很好吧？,爆炒吗喽,2026-08-06 10:04:00,133245,1361,1,video_260806_000656,40635400477,100.91700,1,25,16777215,2026-08-08 13:06:31,1786165591,0,d5809316,2173273514793853440,三杀
BV1r6Mm6fE8o,117044888472026,比亚迪智驾算力只有小鹏的零头，那小鹏的智驾能力想必很好吧？,爆炒吗喽,2026-08-06 10:04:00,133245,1361,1,video_260806_000656,40635400477,47.23200,1,25,16777215,2026-08-08 13:06:01,1786165561,0,d5809316,2173273260308601088,洋人之下
BV1r6Mm6fE8o,117044888472026,比亚迪智驾算力只有小鹏的零头，那小鹏的智驾能力想必很好吧？,爆炒吗喽,2026-08-06 10:04:00,133245,1361,1,video_260806_000656,40635400477,69.27700,1,25,16777215,2026-08-08 12:58:33,1786165113,0,ac7e34fd,2173269502992339712,好骂
BV1r6Mm6fE8o,117044888472026,比亚迪智驾算力只有小鹏的零头，那小鹏的智驾能力想必很好吧？,爆炒吗喽,2026-08-06 10:04:00,133245,1361,1,video_260806_000656,40635400477,20.34000,1,25,16777215,2026-08-08 12:11:26,1786162286,0,b8382856,2173245786015175424,哈哈哈
BV1r6Mm6fE8o,117044888472026,比亚迪智驾算力只有小鹏的零头，那小鹏的智驾能力想必很好吧？,爆炒吗喽,2026-08-06 10:04:00,133245,1361,1,video_260806_000656,40635400477,86.27600,1,25,16777215,2026-08-08 11:20:23,1786159223,0,6f6205ea,2173220090777076480,666还有拱火大师
BV1r6Mm6fE8o,117044888472026,比亚迪智驾算力只有小鹏的零头，那小鹏的智驾能力想必很好吧？,爆炒吗喽,2026-08-06 10:04:00,133245,1361,1,video_260806_000656,40635400477,167.45600,1,25,16777215,2026-08-08 10:47:53,1786157273,0,99d38083,2173203733545337856,垃圾778g打算用一辈子是吧
BV1r6Mm6fE8o,117044888472026,比亚迪智驾算力只有小鹏的零头，那小鹏的智驾能力想必很好吧？,爆炒吗喽,2026-08-06 10:04:00,133245,1361,1,video_260806_000656,40635400477,54.71100,1,25,16777215,2026-08-08 10:45:43,1786157143,0,99d38083,2173202648327972608,天神b到底谁 在吹啊？拉完了都
BV1r6Mm6fE8o,117044888472026,比亚迪智驾算力只有小鹏的零头，那小鹏的智驾能力想必很好吧？,爆炒吗喽,2026-08-06 10:04:00,133245,1361,1,video_260806_000656,40635400477,16.36100,5,25,15138834,2026-08-08 10:44:40,1786157080,0,825e4ef2,2173202117152705792,好用不敢兜底是真好用呢？还是嘴上好用？
BV1r6Mm6fE8o,117044888472026,比亚迪智驾算力只有小鹏的零头，那小鹏的智驾能力想必很好吧？,爆炒吗喽,2026-08-06 10:04:00,133245,1361,1,video_260806_000656,40635400477,41.95100,1,25,16777215,2026-08-08 10:28:13,1786156093,0,9023cd54,2173193839031512576,杀人还要猪心，舒服了
BV1r6Mm6fE8o,117044888472026,比亚迪智驾算力只有小鹏的零头，那小鹏的智驾能力想必很好吧？,爆炒吗喽,2026-08-06 10:04:00,133245,1361,1,video_260806_000656,40635400477,15.63900,1,25,16777215,2026-08-08 10:09:28,1786154968,0,7765fac2,2173184401092416768,这兜底  。
BV1r6Mm6fE8o,117044888472026,比亚迪智驾算力只有小鹏的零头，那小鹏的智驾能力想必很好吧？,爆炒吗喽,2026-08-06 10:04:00,133245,1361,1,video_260806_000656,40635400477,79.90200,1,25,16777215,2026-08-08 10:02:05,1786154525,0,66d0f60f,2173180684687060736,《除了洋人我第一》
BV1r6Mm6fE8o,117044888472026,比亚迪智驾算力只有小鹏的零头，那小鹏的智驾能力想必很好吧？,爆炒吗喽,2026-08-06 10:04:00,133245,1361,1,video_260806_000656,40635400477,80.22000,1,25,16777215,2026-08-08 09:53:18,1786153998,0,6a29dc2b,2173176265333989632,不出国门呢
BV1r6Mm6fE8o,117044888472026,比亚迪智驾算力只有小鹏的零头，那小鹏的智驾能力想必很好吧？,爆炒吗喽,2026-08-06 10:04:00,133245,1361,1,video_260806_000656,40635400477,13.66000,1,25,16777215,2026-08-08 09:45:07,1786153507,0,ef166df3,2173172144412876544,哈哈哈哈
BV1r6Mm6fE8o,117044888472026,比亚迪智驾算力只有小鹏的零头，那小鹏的智驾能力想必很好吧？,爆炒吗喽,2026-08-06 10:04:00,133245,1361,1,video_260806_000656,40635400477,36.20000,1,25,16777215,2026-08-08 09:44:36,1786153476,0,23a0649a,2173171889156621312,哈哈哈哈哈哈
BV1r6Mm6fE8o,117044888472026,比亚迪智驾算力只有小鹏的零头，那小鹏的智驾能力想必很好吧？,爆炒吗喽,2026-08-06 10:04:00,133245,1361,1,video_260806_000656,40635400477,98.54600,1,25,16777215,2026-08-08 09:17:11,1786151831,0,aa036bc,2173158084821351168,碰了对脑子不好啊哈哈哈
BV1r6Mm6fE8o,117044888472026,比亚迪智驾算力只有小鹏的零头，那小鹏的智驾能力想必很好吧？,爆炒吗喽,2026-08-06 10:04:00,133245,1361,1,video_260806_000656,40635400477,78.85100,1,25,16777215,2026-08-08 09:11:17,1786151477,0,411ed949,2173155119641313792,文化人骂人都没有脏字
BV1r6Mm6fE8o,117044888472026,比亚迪智驾算力只有小鹏的零头，那小鹏的智驾能力想必很好吧？,爆炒吗喽,2026-08-06 10:04:00,133245,1361,1,video_260806_000656,40635400477,46.22600,1,25,16777215,2026-08-08 08:13:25,1786148005,0,f6cd7d25,2173125988278777856,哈哈哈哈
BV1r6Mm6fE8o,117044888472026,比亚迪智驾算力只有小鹏的零头，那小鹏的智驾能力想必很好吧？,爆炒吗喽,2026-08-06 10:04:00,133245,1361,1,video_260806_000656,40635400477,40.58000,1,25,16777215,2026-08-08 07:53:08,1786146788,0,6e3e974c,2173115785357396224,爆杀
BV1r6Mm6fE8o,117044888472026,比亚迪智驾算力只有小鹏的零头，那小鹏的智驾能力想必很好吧？,爆炒吗喽,2026-08-06 10:04:00,133245,1361,1,video_260806_000656,40635400477,71.75000,1,25,16777215,2026-08-08 07:42:38,1786146158,0,8477f852,2173110500349955584,666666
BV1r6Mm6fE8o,117044888472026,比亚迪智驾算力只有小鹏的零头，那小鹏的智驾能力想必很好吧？,爆炒吗喽,2026-08-06 10:04:00,133245,1361,1,video_260806_000656,40635400477,168.93900,1,25,16777215,2026-08-08 07:20:45,1786144845,0,2db96e8e,2173099480554056960,哈哈哈哈哈哈哈
BV1r6Mm6fE8o,117044888472026,比亚迪智驾算力只有小鹏的零头，那小鹏的智驾能力想必很好吧？,爆炒吗喽,2026-08-06 10:04:00,133245,1361,1,video_260806_000656,40635400477,89.61900,1,25,16777215,2026-08-08 07:19:14,1786144754,0,2db96e8e,2173098719137020928,哈哈哈哈哈哈哈
BV1r6Mm6fE8o,117044888472026,比亚迪智驾算力只有小鹏的零头，那小鹏的智驾能力想必很好吧？,爆炒吗喽,2026-08-06 10:04:00,133245,1361,1,video_260806_000656,40635400477,41.15900,1,25,16777215,2026-08-08 07:18:21,1786144701,0,2db96e8e,2173098275446620928,洋人之下我第一
BV1r6Mm6fE8o,117044888472026,比亚迪智驾算力只有小鹏的零头，那小鹏的智驾能力想必很好吧？,爆炒吗喽,2026-08-06 10:04:00,133245,1361,1,video_260806_000656,40635400477,17.47900,1,25,16777215,2026-08-08 07:17:48,1786144668,0,2db96e8e,2173097998219992832,兜底表示安全
BV1r6Mm6fE8o,117044888472026,比亚迪智驾算力只有小鹏的零头，那小鹏的智驾能力想必很好吧？,爆炒吗喽,2026-08-06 10:04:00,133245,1361,1,video_260806_000656,40635400477,50.54200,1,25,16777215,2026-08-08 06:52:24,1786143144,0,3a45f793,2173085213621197568,不是谦逊，是跪久了
BV1r6Mm6fE8o,117044888472026,比亚迪智驾算力只有小鹏的零头，那小鹏的智驾能力想必很好吧？,爆炒吗喽,2026-08-06 10:04:00,133245,1361,1,video_260806_000656,40635400477,44.05900,1,25,16777215,2026-08-08 02:20:07,1786126807,0,43d336f,2172948173260879616,这就是永远起不来的原因，连对自己做的产品都不自信，建议还是不要做了
BV1r6Mm6fE8o,117044888472026,比亚迪智驾算力只有小鹏的零头，那小鹏的智驾能力想必很好吧？,爆炒吗喽,2026-08-06 10:04:00,133245,1361,1,video_260806_000656,40635400477,46.14700,1,25,16777215,2026-08-08 01:56:45,1786125405,0,88869b8d,2172936404555029504,谦逊而又嚣张的一个人，把那小气巴拉的名字来当品牌名
BV1r6Mm6fE8o,117044888472026,比亚迪智驾算力只有小鹏的零头，那小鹏的智驾能力想必很好吧？,爆炒吗喽,2026-08-06 10:04:00,133245,1361,1,video_260806_000656,40635400477,81.70000,1,25,16777215,2026-08-08 01:38:19,1786124299,0,42bca428,2172927133809613824,不吹不黑，我钛3的车机流畅的很
BV1r6Mm6fE8o,117044888472026,比亚迪智驾算力只有小鹏的零头，那小鹏的智驾能力想必很好吧？,爆炒吗喽,2026-08-06 10:04:00,133245,1361,1,video_260806_000656,40635400477,30.85700,1,25,16777215,2026-08-08 00:58:42,1786121922,0,959bec51,2172907195179035904,5090不装驱动会比5070强吗
BV1r6Mm6fE8o,117044888472026,比亚迪智驾算力只有小鹏的零头，那小鹏的智驾能力想必很好吧？,爆炒吗喽,2026-08-06 10:04:00,133245,1361,1,video_260806_000656,40635400477,78.57900,1,25,16777215,2026-08-08 00:28:43,1786120123,0,f58d6769,2172892103670754304,哈哈哈哈哈哈
BV1r6Mm6fE8o,117044888472026,比亚迪智驾算力只有小鹏的零头，那小鹏的智驾能力想必很好吧？,爆炒吗喽,2026-08-06 10:04:00,133245,1361,1,video_260806_000656,40635400477,58.74200,5,25,16777215,2026-08-08 00:00:04,1786118404,0,3bc4e100,2172877683921810688,王总口音 牛逼
BV1r6Mm6fE8o,117044888472026,比亚迪智驾算力只有小鹏的零头，那小鹏的智驾能力想必很好吧？,爆炒吗喽,2026-08-06 10:04:00,133245,1361,1,video_260806_000656,40635400477,101.85400,1,25,16777215,2026-08-07 23:41:55,1786117315,0,23e4914a,2172868543442688512,哈哈哈哈
BV1r6Mm6fE8o,117044888472026,比亚迪智驾算力只有小鹏的零头，那小鹏的智驾能力想必很好吧？,爆炒吗喽,2026-08-06 10:04:00,133245,1361,1,video_260806_000656,40635400477,123.54400,1,25,16777215,2026-08-07 23:34:59,1786116899,0,927861d9,2172865054646203648,哈哈哈哈哈哈哈哈哈哈哈哈哈哈哈哈哈哈哈哈哈哈哈哈哈哈哈哈哈哈哈哈哈哈哈哈哈哈哈哈哈哈
BV1r6Mm6fE8o,117044888472026,比亚迪智驾算力只有小鹏的零头，那小鹏的智驾能力想必很好吧？,爆炒吗喽,2026-08-06 10:04:00,133245,1361,1,video_260806_000656,40635400477,166.90600,1,25,16777215,2026-08-07 23:14:19,1786115659,0,96dc1dab,2172854657058732544,又一次拷打
BV1r6Mm6fE8o,117044888472026,比亚迪智驾算力只有小鹏的零头，那小鹏的智驾能力想必很好吧？,爆炒吗喽,2026-08-06 10:04:00,133245,1361,1,video_260806_000656,40635400477,150.79700,1,25,16777215,2026-08-07 23:13:57,1786115637,0,96dc1dab,2172854469951007488,确实
BV1r6Mm6fE8o,117044888472026,比亚迪智驾算力只有小鹏的零头，那小鹏的智驾能力想必很好吧？,爆炒吗喽,2026-08-06 10:04:00,133245,1361,1,video_260806_000656,40635400477,42.22300,1,25,16777215,2026-08-07 23:13:34,1786115614,0,1e817df9,2172854272197623552,喜欢代表 喜欢假大空
BV1r6Mm6fE8o,117044888472026,比亚迪智驾算力只有小鹏的零头，那小鹏的智驾能力想必很好吧？,爆炒吗喽,2026-08-06 10:04:00,133245,1361,1,video_260806_000656,40635400477,123.90300,1,25,16777215,2026-08-07 23:13:31,1786115611,0,96dc1dab,2172854249238205952,笑嘻
BV1r6Mm6fE8o,117044888472026,比亚迪智驾算力只有小鹏的零头，那小鹏的智驾能力想必很好吧？,爆炒吗喽,2026-08-06 10:04:00,133245,1361,1,video_260806_000656,40635400477,76.38900,1,25,16777215,2026-08-07 23:12:39,1786115559,0,96dc1dab,2172853815463305216,哈哈哈哈哈哈哈哈，反复拷打
BV1r6Mm6fE8o,117044888472026,比亚迪智驾算力只有小鹏的零头，那小鹏的智驾能力想必很好吧？,爆炒吗喽,2026-08-06 10:04:00,133245,1361,1,video_260806_000656,40635400477,80.90000,1,25,16777215,2026-08-07 23:12:07,1786115527,0,8c8c134e,2172853547245411328,国内国外 双标
BV1r6Mm6fE8o,117044888472026,比亚迪智驾算力只有小鹏的零头，那小鹏的智驾能力想必很好吧？,爆炒吗喽,2026-08-06 10:04:00,133245,1361,1,video_260806_000656,40635400477,29.12500,1,25,16777215,2026-08-07 23:11:48,1786115508,0,96dc1dab,2172853382778756608,哈哈哈哈哈哈哈哈哈，再次绝杀！
BV1r6Mm6fE8o,117044888472026,比亚迪智驾算力只有小鹏的零头，那小鹏的智驾能力想必很好吧？,爆炒吗喽,2026-08-06 10:04:00,133245,1361,1,video_260806_000656,40635400477,58.01200,1,25,16777215,2026-08-07 23:07:52,1786115272,0,d0f1a9a9,2172851405433166080,宋L dmi的车机真的卡
BV1r6Mm6fE8o,117044888472026,比亚迪智驾算力只有小鹏的零头，那小鹏的智驾能力想必很好吧？,爆炒吗喽,2026-08-06 10:04:00,133245,1361,1,video_260806_000656,40635400477,124.97600,1,25,16777215,2026-08-07 23:02:59,1786114979,0,f70a7cba,2172848947109227776,笑死
BV1r6Mm6fE8o,117044888472026,比亚迪智驾算力只有小鹏的零头，那小鹏的智驾能力想必很好吧？,爆炒吗喽,2026-08-06 10:04:00,133245,1361,1,video_260806_000656,40635400477,108.45100,1,25,16777215,2026-08-07 22:40:30,1786113630,0,e5a2a673,2172837632269749760,还真是
BV1r6Mm6fE8o,117044888472026,比亚迪智驾算力只有小鹏的零头，那小鹏的智驾能力想必很好吧？,爆炒吗喽,2026-08-06 10:04:00,133245,1361,1,video_260806_000656,40635400477,68.50300,1,25,16777215,2026-08-07 22:39:58,1786113598,0,e5a2a673,2172837364430029312,哈哈哈
BV1r6Mm6fE8o,117044888472026,比亚迪智驾算力只有小鹏的零头，那小鹏的智驾能力想必很好吧？,爆炒吗喽,2026-08-06 10:04:00,133245,1361,1,video_260806_000656,40635400477,35.52200,1,25,16777215,2026-08-07 22:39:23,1786113563,0,e5a2a673,2172837066718260992,笑死我了
BV1r6Mm6fE8o,117044888472026,比亚迪智驾算力只有小鹏的零头，那小鹏的智驾能力想必很好吧？,爆炒吗喽,2026-08-06 10:04:00,133245,1361,1,video_260806_000656,40635400477,14.79300,1,25,16777215,2026-08-07 22:38:37,1786113517,0,e5a2a673,2172836685422600704,杀死比赛
BV1r6Mm6fE8o,117044888472026,比亚迪智驾算力只有小鹏的零头，那小鹏的智驾能力想必很好吧？,爆炒吗喽,2026-08-06 10:04:00,133245,1361,1,video_260806_000656,40635400477,86.75900,1,25,16777215,2026-08-07 22:34:19,1786113259,0,40ef0cfa,2172834522621079552,哈哈哈哈出了国门
BV1r6Mm6fE8o,117044888472026,比亚迪智驾算力只有小鹏的零头，那小鹏的智驾能力想必很好吧？,爆炒吗喽,2026-08-06 10:04:00,133245,1361,1,video_260806_000656,40635400477,145.17600,1,25,16777215,2026-08-07 22:30:07,1786113007,0,a447a16a,2172832406762444800,推荐特斯拉
BV1r6Mm6fE8o,117044888472026,比亚迪智驾算力只有小鹏的零头，那小鹏的智驾能力想必很好吧？,爆炒吗喽,2026-08-06 10:04:00,133245,1361,1,video_260806_000656,40635400477,84.36700,1,25,16777215,2026-08-07 22:20:24,1786112424,0,9e110f7e,2172827520205317888,在外唯唯诺诺是吧
BV1r6Mm6fE8o,117044888472026,比亚迪智驾算力只有小鹏的零头，那小鹏的智驾能力想必很好吧？,爆炒吗喽,2026-08-06 10:04:00,133245,1361,1,video_260806_000656,40635400477,17.64000,1,25,16777215,2026-08-07 21:46:54,1786110414,0,5cb6c9e0,2172810658557949952,不兜底一定不好用
BV1r6Mm6fE8o,117044888472026,比亚迪智驾算力只有小鹏的零头，那小鹏的智驾能力想必很好吧？,爆炒吗喽,2026-08-06 10:04:00,133245,1361,1,video_260806_000656,40635400477,41.16600,1,25,16777215,2026-08-07 21:44:37,1786110277,0,a4355147,2172809507070518272,洋人之下我第一
BV1r6Mm6fE8o,117044888472026,比亚迪智驾算力只有小鹏的零头，那小鹏的智驾能力想必很好吧？,爆炒吗喽,2026-08-06 10:04:00,133245,1361,1,video_260806_000656,40635400477,47.20000,1,25,16777215,2026-08-07 21:42:11,1786110131,0,a4057d9c,2172808283793239552,哈哈哈
BV1r6Mm6fE8o,117044888472026,比亚迪智驾算力只有小鹏的零头，那小鹏的智驾能力想必很好吧？,爆炒吗喽,2026-08-06 10:04:00,133245,1361,1,video_260806_000656,40635400477,133.71100,1,25,16777215,2026-08-07 21:10:21,1786108221,0,6dce691b,2172792260830551552,推荐你买但我不买
BV1r6Mm6fE8o,117044888472026,比亚迪智驾算力只有小鹏的零头，那小鹏的智驾能力想必很好吧？,爆炒吗喽,2026-08-06 10:04:00,133245,1361,1,video_260806_000656,40635400477,34.72000,1,25,16777215,2026-08-07 20:57:21,1786107441,0,9bb8c208,2172785714361326080,哈哈哈，何小鹏没有脑子
BV1r6Mm6fE8o,117044888472026,比亚迪智驾算力只有小鹏的零头，那小鹏的智驾能力想必很好吧？,爆炒吗喽,2026-08-06 10:04:00,133245,1361,1,video_260806_000656,40635400477,152.83200,1,25,16777215,2026-08-07 20:49:47,1786106987,0,710f20fa,2172781907132529664,重点是“不感兴趣”
BV1r6Mm6fE8o,117044888472026,比亚迪智驾算力只有小鹏的零头，那小鹏的智驾能力想必很好吧？,爆炒吗喽,2026-08-06 10:04:00,133245,1361,1,video_260806_000656,40635400477,82.47400,1,25,16777215,2026-08-07 20:48:20,1786106900,0,710f20fa,2172781176744653568,我觉得你话里有话
BV1r6Mm6fE8o,117044888472026,比亚迪智驾算力只有小鹏的零头，那小鹏的智驾能力想必很好吧？,爆炒吗喽,2026-08-06 10:04:00,133245,1361,1,video_260806_000656,40635400477,57.54200,1,25,16777215,2026-08-07 20:47:44,1786106864,0,710f20fa,2172780875543372544,这还怎么聊天
BV1r6Mm6fE8o,117044888472026,比亚迪智驾算力只有小鹏的零头，那小鹏的智驾能力想必很好吧？,爆炒吗喽,2026-08-06 10:04:00,133245,1361,1,video_260806_000656,40635400477,18.25600,1,25,16777215,2026-08-07 20:44:13,1786106653,0,f0a0a9fc,2172779104951126784,多损呐
BV1r6Mm6fE8o,117044888472026,比亚迪智驾算力只有小鹏的零头，那小鹏的智驾能力想必很好吧？,爆炒吗喽,2026-08-06 10:04:00,133245,1361,1,video_260806_000656,40635400477,83.65800,1,25,16777215,2026-08-07 20:25:18,1786105518,0,b4d9bdc2,2172769584460388096,一句话，窝里横，哈哈哈
BV1r6Mm6fE8o,117044888472026,比亚迪智驾算力只有小鹏的零头，那小鹏的智驾能力想必很好吧？,爆炒吗喽,2026-08-06 10:04:00,133245,1361,1,video_260806_000656,40635400477,10.61200,1,25,16777215,2026-08-07 20:10:00,1786104600,0,e024da25,2172761887090075392,酸了
BV1r6Mm6fE8o,117044888472026,比亚迪智驾算力只有小鹏的零头，那小鹏的智驾能力想必很好吧？,爆炒吗喽,2026-08-06 10:04:00,133245,1361,1,video_260806_000656,40635400477,19.97100,1,25,16777215,2026-08-07 19:49:13,1786103353,0,8876584e,2172751426806507264,兜底都不敢，谁敢说他好用？
BV1r6Mm6fE8o,117044888472026,比亚迪智驾算力只有小鹏的零头，那小鹏的智驾能力想必很好吧？,爆炒吗喽,2026-08-06 10:04:00,133245,1361,1,video_260806_000656,40635400477,18.72000,1,25,16777215,2026-08-07 19:41:50,1786102910,0,e4db57d,2172747705712716288,兜都不敢
BV1r6Mm6fE8o,117044888472026,比亚迪智驾算力只有小鹏的零头，那小鹏的智驾能力想必很好吧？,爆炒吗喽,2026-08-06 10:04:00,133245,1361,1,video_260806_000656,40635400477,57.46500,1,25,16777215,2026-08-07 19:24:59,1786101899,0,4088af39,2172739224544253952,十一年前比亚迪的车就是啦鸡，这种牛你都敢拿出来吹？
BV1r6Mm6fE8o,117044888472026,比亚迪智驾算力只有小鹏的零头，那小鹏的智驾能力想必很好吧？,爆炒吗喽,2026-08-06 10:04:00,133245,1361,1,video_260806_000656,40635400477,169.01000,1,25,16777215,2026-08-07 19:10:17,1786101017,0,c6f6d1ad,2172731825271909376,哈哈哈哈
BV1r6Mm6fE8o,117044888472026,比亚迪智驾算力只有小鹏的零头，那小鹏的智驾能力想必很好吧？,爆炒吗喽,2026-08-06 10:04:00,133245,1361,1,video_260806_000656,40635400477,107.84000,1,25,16777215,2026-08-07 19:09:08,1786100948,0,c6f6d1ad,2172731249201166336,哈哈哈
BV1r6Mm6fE8o,117044888472026,比亚迪智驾算力只有小鹏的零头，那小鹏的智驾能力想必很好吧？,爆炒吗喽,2026-08-06 10:04:00,133245,1361,1,video_260806_000656,40635400477,34.32200,1,25,16777215,2026-08-07 19:00:49,1786100449,0,a7736b0d,2172727061515596544,杀人诛心
BV1r6Mm6fE8o,117044888472026,比亚迪智驾算力只有小鹏的零头，那小鹏的智驾能力想必很好吧？,爆炒吗喽,2026-08-06 10:04:00,133245,1361,1,video_260806_000656,40635400477,31.92500,1,25,16777215,2026-08-07 18:55:41,1786100141,0,c6f6d1ad,2172724478931536896,哈哈哈
BV1r6Mm6fE8o,117044888472026,比亚迪智驾算力只有小鹏的零头，那小鹏的智驾能力想必很好吧？,爆炒吗喽,2026-08-06 10:04:00,133245,1361,1,video_260806_000656,40635400477,29.83000,1,25,16777215,2026-08-07 18:55:36,1786100136,0,c6f6d1ad,2172724436493619200,我正想说
BV1r6Mm6fE8o,117044888472026,比亚迪智驾算力只有小鹏的零头，那小鹏的智驾能力想必很好吧？,爆炒吗喽,2026-08-06 10:04:00,133245,1361,1,video_260806_000656,40635400477,12.57400,1,25,16777215,2026-08-07 18:55:12,1786100112,0,c6f6d1ad,2172724237063104256,哈哈哈
BV1r6Mm6fE8o,117044888472026,比亚迪智驾算力只有小鹏的零头，那小鹏的智驾能力想必很好吧？,爆炒吗喽,2026-08-06 10:04:00,133245,1361,1,video_260806_000656,40635400477,44.16000,1,25,16777215,2026-08-07 18:50:48,1786099848,0,1d3f5890,2172722016967981568,哈哈哈哈
BV1r6Mm6fE8o,117044888472026,比亚迪智驾算力只有小鹏的零头，那小鹏的智驾能力想必很好吧？,爆炒吗喽,2026-08-06 10:04:00,133245,1361,1,video_260806_000656,40635400477,115.80000,1,25,16777215,2026-08-07 18:39:58,1786099198,0,2b1d960c,2172716571426864640,这个说的对了
BV1r6Mm6fE8o,117044888472026,比亚迪智驾算力只有小鹏的零头，那小鹏的智驾能力想必很好吧？,爆炒吗喽,2026-08-06 10:04:00,133245,1361,1,video_260806_000656,40635400477,13.64000,1,25,16777215,2026-08-07 18:35:35,1786098935,0,2b1d960c,2172714363252096768,哈哈哈哈
BV1r6Mm6fE8o,117044888472026,比亚迪智驾算力只有小鹏的零头，那小鹏的智驾能力想必很好吧？,爆炒吗喽,2026-08-06 10:04:00,133245,1361,1,video_260806_000656,40635400477,89.28000,1,25,16777215,2026-08-07 18:32:26,1786098746,0,9498c97a,2172712779634110208,有事没事怼华为，出了事也要怪华为
BV1r6Mm6fE8o,117044888472026,比亚迪智驾算力只有小鹏的零头，那小鹏的智驾能力想必很好吧？,爆炒吗喽,2026-08-06 10:04:00,133245,1361,1,video_260806_000656,40635400477,34.89900,1,25,16777215,2026-08-07 18:31:33,1786098693,0,a1c44fc1,2172712332923445760,哈哈哈哈哈哈
BV1r6Mm6fE8o,117044888472026,比亚迪智驾算力只有小鹏的零头，那小鹏的智驾能力想必很好吧？,爆炒吗喽,2026-08-06 10:04:00,133245,1361,1,video_260806_000656,40635400477,85.54200,1,25,16777215,2026-08-07 17:55:12,1786096512,0,ca5eb5d5,2172694039198612736,这小子的口才应该让他去发布会上
BV1r6Mm6fE8o,117044888472026,比亚迪智驾算力只有小鹏的零头，那小鹏的智驾能力想必很好吧？,爆炒吗喽,2026-08-06 10:04:00,133245,1361,1,video_260806_000656,40635400477,128.50000,1,25,16777215,2026-08-07 17:40:46,1786095646,0,17d79203,2172686772911013376,别问，问就叫推荐你买
BV1r6Mm6fE8o,117044888472026,比亚迪智驾算力只有小鹏的零头，那小鹏的智驾能力想必很好吧？,爆炒吗喽,2026-08-06 10:04:00,133245,1361,1,video_260806_000656,40635400477,38.33300,1,25,16777215,2026-08-07 17:39:31,1786095571,0,b68e820a,2172686139847779072,哈哈哈哈哈
BV1r6Mm6fE8o,117044888472026,比亚迪智驾算力只有小鹏的零头，那小鹏的智驾能力想必很好吧？,爆炒吗喽,2026-08-06 10:04:00,133245,1361,1,video_260806_000656,40635400477,127.59000,1,25,16777215,2026-08-07 17:37:45,1786095465,0,65055fb8,2172685254178316544,你踏马都笑岔气了
BV1r6Mm6fE8o,117044888472026,比亚迪智驾算力只有小鹏的零头，那小鹏的智驾能力想必很好吧？,爆炒吗喽,2026-08-06 10:04:00,133245,1361,1,video_260806_000656,40635400477,47.44900,1,25,16777215,2026-08-07 17:27:37,1786094857,0,5c32266b,2172680152730513920,就是想学雷军的人设
BV1r6Mm6fE8o,117044888472026,比亚迪智驾算力只有小鹏的零头，那小鹏的智驾能力想必很好吧？,爆炒吗喽,2026-08-06 10:04:00,133245,1361,1,video_260806_000656,40635400477,10.84300,1,25,16777215,2026-08-07 17:26:04,1786094764,0,6e1c606b,2172679370207155200,哈哈哈哈哈
BV1r6Mm6fE8o,117044888472026,比亚迪智驾算力只有小鹏的零头，那小鹏的智驾能力想必很好吧？,爆炒吗喽,2026-08-06 10:04:00,133245,1361,1,video_260806_000656,40635400477,78.28300,1,25,16777215,2026-08-07 17:08:05,1786093685,0,a27409df,2172670321063961088,小鸟确实不行
BV1r6Mm6fE8o,117044888472026,比亚迪智驾算力只有小鹏的零头，那小鹏的智驾能力想必很好吧？,爆炒吗喽,2026-08-06 10:04:00,133245,1361,1,video_260806_000656,40635400477,39.94200,1,25,16777215,2026-08-07 16:56:49,1786093009,0,7809848c,2172664647227393536,小米/小鹏/理想 都不如特斯拉，考虑这些车的建议都去买特斯拉
BV1r6Mm6fE8o,117044888472026,比亚迪智驾算力只有小鹏的零头，那小鹏的智驾能力想必很好吧？,爆炒吗喽,2026-08-06 10:04:00,133245,1361,1,video_260806_000656,40635400477,20.66100,1,25,16777215,2026-08-07 16:30:50,1786091450,0,ecb2adbc,2172651577583305728,不兜底不是说明更不好用了哈哈
BV1r6Mm6fE8o,117044888472026,比亚迪智驾算力只有小鹏的零头，那小鹏的智驾能力想必很好吧？,爆炒吗喽,2026-08-06 10:04:00,133245,1361,1,video_260806_000656,40635400477,81.92700,1,25,16777215,2026-08-07 16:19:11,1786090751,0,ecb2adbc,2172645712855798528,长江:有人比我还低调？
BV1r6Mm6fE8o,117044888472026,比亚迪智驾算力只有小鹏的零头，那小鹏的智驾能力想必很好吧？,爆炒吗喽,2026-08-06 10:04:00,133245,1361,1,video_260806_000656,40635400477,40.22900,1,25,16777215,2026-08-07 16:18:19,1786090699,0,ecb2adbc,2172645277570980608,哈哈哈哈
BV1r6Mm6fE8o,117044888472026,比亚迪智驾算力只有小鹏的零头，那小鹏的智驾能力想必很好吧？,爆炒吗喽,2026-08-06 10:04:00,133245,1361,1,video_260806_000656,40635400477,1.06900,1,25,15138834,2026-08-07 16:06:45,1786090005,0,28324c47,2172639450231565312,比亚迪秦：在座的各位都是弟弟，尤其是你，小鹏，弟中弟中弟！
BV1r6Mm6fE8o,117044888472026,比亚迪智驾算力只有小鹏的零头，那小鹏的智驾能力想必很好吧？,爆炒吗喽,2026-08-06 10:04:00,133245,1361,1,video_260806_000656,40635400477,24.49300,1,25,16777215,2026-08-07 15:47:56,1786088876,0,47a8b91f,2172629977236063488,小鹏正在学习，人家还是学生。
BV1r6Mm6fE8o,117044888472026,比亚迪智驾算力只有小鹏的零头，那小鹏的智驾能力想必很好吧？,爆炒吗喽,2026-08-06 10:04:00,133245,1361,1,video_260806_000656,40635400477,45.09700,1,25,16777215,2026-08-07 15:23:18,1786087398,0,3dfe0c29,2172617584938810624,爆杀狗殖
BV1r6Mm6fE8o,117044888472026,比亚迪智驾算力只有小鹏的零头，那小鹏的智驾能力想必很好吧？,爆炒吗喽,2026-08-06 10:04:00,133245,1361,1,video_260806_000656,40635400477,36.71100,1,25,16777215,2026-08-07 15:08:49,1786086529,0,442d6e75,2172610293711558912,太有才了
BV1r6Mm6fE8o,117044888472026,比亚迪智驾算力只有小鹏的零头，那小鹏的智驾能力想必很好吧？,爆炒吗喽,2026-08-06 10:04:00,133245,1361,1,video_260806_000656,40635400477,115.21500,1,25,16777215,2026-08-07 14:40:46,1786084846,0,368de706,2172596171095602432,鸿蒙就算了
BV1r6Mm6fE8o,117044888472026,比亚迪智驾算力只有小鹏的零头，那小鹏的智驾能力想必很好吧？,爆炒吗喽,2026-08-06 10:04:00,133245,1361,1,video_260806_000656,40635400477,41.92500,1,25,16777215,2026-08-07 14:31:31,1786084291,0,e2964b42,2172591521801794560,小鹏下跪了
BV1r6Mm6fE8o,117044888472026,比亚迪智驾算力只有小鹏的零头，那小鹏的智驾能力想必很好吧？,爆炒吗喽,2026-08-06 10:04:00,133245,1361,1,video_260806_000656,40635400477,19.37800,1,25,16777215,2026-08-07 14:31:03,1786084263,0,e2964b42,2172591280998384640,兜底不等于好用，那不兜底就是真香啊，怎么还有这么贱的发言啊
BV1r6Mm6fE8o,117044888472026,比亚迪智驾算力只有小鹏的零头，那小鹏的智驾能力想必很好吧？,爆炒吗喽,2026-08-06 10:04:00,133245,1361,1,video_260806_000656,40635400477,27.36000,1,25,16777215,2026-08-07 14:20:00,1786083600,0,a6ea92a4,2172585723847695360,只看参数是吧
BV1r6Mm6fE8o,117044888472026,比亚迪智驾算力只有小鹏的零头，那小鹏的智驾能力想必很好吧？,爆炒吗喽,2026-08-06 10:04:00,133245,1361,1,video_260806_000656,40635400477,132.13000,1,25,16707842,2026-08-07 14:05:42,1786082742,0,4e710874,2172578526204346880,骂真脏
BV1r6Mm6fE8o,117044888472026,比亚迪智驾算力只有小鹏的零头，那小鹏的智驾能力想必很好吧？,爆炒吗喽,2026-08-06 10:04:00,133245,1361,1,video_260806_000656,40635400477,35.29600,1,25,16777215,2026-08-07 14:03:19,1786082599,0,4e710874,2172577329996929280,没毛病
BV1r6Mm6fE8o,117044888472026,比亚迪智驾算力只有小鹏的零头，那小鹏的智驾能力想必很好吧？,爆炒吗喽,2026-08-06 10:04:00,133245,1361,1,video_260806_000656,40635400477,15.87500,1,25,16777215,2026-08-07 14:02:57,1786082577,0,4e710874,2172577142553759488,等于直接骂了 大可不必
BV1r6Mm6fE8o,117044888472026,比亚迪智驾算力只有小鹏的零头，那小鹏的智驾能力想必很好吧？,爆炒吗喽,2026-08-06 10:04:00,133245,1361,1,video_260806_000656,40635400477,164.69800,1,25,16777215,2026-08-07 13:32:57,1786080777,0,b6df30d,2172562038982546176,那没有夸的呢？
BV1r6Mm6fE8o,117044888472026,比亚迪智驾算力只有小鹏的零头，那小鹏的智驾能力想必很好吧？,爆炒吗喽,2026-08-06 10:04:00,133245,1361,1,video_260806_000656,40635400477,41.28900,1,25,16777215,2026-08-07 13:29:49,1786080589,0,da0da5df,2172560463810938368,哈哈哈 说的没毛病
BV1r6Mm6fE8o,117044888472026,比亚迪智驾算力只有小鹏的零头，那小鹏的智驾能力想必很好吧？,爆炒吗喽,2026-08-06 10:04:00,133245,1361,1,video_260806_000656,40635400477,16.14000,1,25,16777215,2026-08-07 13:13:29,1786079609,0,4e700980,2172552245777457664,？
BV1r6Mm6fE8o,117044888472026,比亚迪智驾算力只有小鹏的零头，那小鹏的智驾能力想必很好吧？,爆炒吗喽,2026-08-06 10:04:00,133245,1361,1,video_260806_000656,40635400477,13.53200,1,25,16777215,2026-08-07 12:58:31,1786078711,0,7081a23f,2172544712110652928,兜底不等于好用
BV1r6Mm6fE8o,117044888472026,比亚迪智驾算力只有小鹏的零头，那小鹏的智驾能力想必很好吧？,爆炒吗喽,2026-08-06 10:04:00,133245,1361,1,video_260806_000656,40635400477,29.10700,1,25,16777215,2026-08-07 12:57:21,1786078641,0,b0aa20a5,2172544123247246848,买个车回来挖矿吗
BV1r6Mm6fE8o,117044888472026,比亚迪智驾算力只有小鹏的零头，那小鹏的智驾能力想必很好吧？,爆炒吗喽,2026-08-06 10:04:00,133245,1361,1,video_260806_000656,40635400477,24.27100,1,25,16777215,2026-08-07 12:47:09,1786078029,0,5bcdd1af,2172538991013624064,小鹏什么也够车企也配上桌说话吗
BV1r6Mm6fE8o,117044888472026,比亚迪智驾算力只有小鹏的零头，那小鹏的智驾能力想必很好吧？,爆炒吗喽,2026-08-06 10:04:00,133245,1361,1,video_260806_000656,40635400477,63.89900,5,25,15138834,2026-08-07 12:41:53,1786077713,0,f0e66abd,2172536337016747264,王总：你没台词吗？
BV1r6Mm6fE8o,117044888472026,比亚迪智驾算力只有小鹏的零头，那小鹏的智驾能力想必很好吧？,爆炒吗喽,2026-08-06 10:04:00,133245,1361,1,video_260806_000656,40635400477,14.84200,1,25,16777215,2026-08-07 12:05:03,1786075503,0,aafa5c1e,2172517803880776704,哈哈哈哈，直接堵死
BV1r6Mm6fE8o,117044888472026,比亚迪智驾算力只有小鹏的零头，那小鹏的智驾能力想必很好吧？,爆炒吗喽,2026-08-06 10:04:00,133245,1361,1,video_260806_000656,40635400477,40.06300,1,25,16777215,2026-08-07 11:49:52,1786074592,0,352e44c7,2172510154476853248,6
BV1r6Mm6fE8o,117044888472026,比亚迪智驾算力只有小鹏的零头，那小鹏的智驾能力想必很好吧？,爆炒吗喽,2026-08-06 10:04:00,133245,1361,1,video_260806_000656,40635400477,11.93100,1,25,16777215,2026-08-07 11:31:37,1786073497,0,c437d489,2172500975754517760,哈哈哈
BV1r6Mm6fE8o,117044888472026,比亚迪智驾算力只有小鹏的零头，那小鹏的智驾能力想必很好吧？,爆炒吗喽,2026-08-06 10:04:00,133245,1361,1,video_260806_000656,40635400477,65.22500,1,25,16777215,2026-08-07 11:29:37,1786073377,0,c437d489,2172499968207349504,哈哈哈好骂
BV1r6Mm6fE8o,117044888472026,比亚迪智驾算力只有小鹏的零头，那小鹏的智驾能力想必很好吧？,爆炒吗喽,2026-08-06 10:04:00,133245,1361,1,video_260806_000656,40635400477,35.12000,1,25,16777215,2026-08-07 11:29:02,1786073342,0,c437d489,2172499669170358272,哈哈哈
BV1r6Mm6fE8o,117044888472026,比亚迪智驾算力只有小鹏的零头，那小鹏的智驾能力想必很好吧？,爆炒吗喽,2026-08-06 10:04:00,133245,1361,1,video_260806_000656,40635400477,124.43800,1,25,16777215,2026-08-07 11:27:09,1786073229,0,971a658a,2172498726064285696,你买我推荐
BV1r6Mm6fE8o,117044888472026,比亚迪智驾算力只有小鹏的零头，那小鹏的智驾能力想必很好吧？,爆炒吗喽,2026-08-06 10:04:00,133245,1361,1,video_260806_000656,40635400477,104.43800,1,25,16777215,2026-08-07 11:26:40,1786073200,0,971a658a,2172498482039604736,哈哈哈只卖不碰
BV1r6Mm6fE8o,117044888472026,比亚迪智驾算力只有小鹏的零头，那小鹏的智驾能力想必很好吧？,爆炒吗喽,2026-08-06 10:04:00,133245,1361,1,video_260806_000656,40635400477,62.28000,1,25,16777215,2026-08-07 11:25:28,1786073128,0,971a658a,2172497878252859136,无为口音
BV1r6Mm6fE8o,117044888472026,比亚迪智驾算力只有小鹏的零头，那小鹏的智驾能力想必很好吧？,爆炒吗喽,2026-08-06 10:04:00,133245,1361,1,video_260806_000656,40635400477,39.74000,1,25,16777215,2026-08-07 11:24:48,1786073088,0,971a658a,2172497538849700352,哈哈哈哈
BV1r6Mm6fE8o,117044888472026,比亚迪智驾算力只有小鹏的零头，那小鹏的智驾能力想必很好吧？,爆炒吗喽,2026-08-06 10:04:00,133245,1361,1,video_260806_000656,40635400477,18.50000,1,25,16777215,2026-08-07 11:24:21,1786073061,0,971a658a,2172497316887080704,如兜
BV1r6Mm6fE8o,117044888472026,比亚迪智驾算力只有小鹏的零头，那小鹏的智驾能力想必很好吧？,爆炒吗喽,2026-08-06 10:04:00,133245,1361,1,video_260806_000656,40635400477,37.49300,1,25,16777215,2026-08-07 11:23:58,1786073038,0,f167e9cb,2172497120912137216,哈哈哈哈
BV1r6Mm6fE8o,117044888472026,比亚迪智驾算力只有小鹏的零头，那小鹏的智驾能力想必很好吧？,爆炒吗喽,2026-08-06 10:04:00,133245,1361,1,video_260806_000656,40635400477,93.21000,5,25,16707842,2026-08-07 11:10:48,1786072248,0,c1c52966,2172490492888816384,学坏了，开始带节奏了
BV1r6Mm6fE8o,117044888472026,比亚迪智驾算力只有小鹏的零头，那小鹏的智驾能力想必很好吧？,爆炒吗喽,2026-08-06 10:04:00,133245,1361,1,video_260806_000656,40635400477,93.18000,1,25,16777215,2026-08-07 11:10:28,1786072228,0,56064203,2172490325225729280,驱狼吞虎
BV1r6Mm6fE8o,117044888472026,比亚迪智驾算力只有小鹏的零头，那小鹏的智驾能力想必很好吧？,爆炒吗喽,2026-08-06 10:04:00,133245,1361,1,video_260806_000656,40635400477,85.14300,1,25,16777215,2026-08-07 11:01:15,1786071675,0,20079bc3,2172485685578927104,《出了国门》
BV1r6Mm6fE8o,117044888472026,比亚迪智驾算力只有小鹏的零头，那小鹏的智驾能力想必很好吧？,爆炒吗喽,2026-08-06 10:04:00,133245,1361,1,video_260806_000656,40635400477,83.13700,1,25,16777215,2026-08-07 11:01:04,1786071664,0,20079bc3,2172485598547089664,三杀！
BV1r6Mm6fE8o,117044888472026,比亚迪智驾算力只有小鹏的零头，那小鹏的智驾能力想必很好吧？,爆炒吗喽,2026-08-06 10:04:00,133245,1361,1,video_260806_000656,40635400477,123.67400,1,25,16777215,2026-08-07 10:46:45,1786070805,0,60da962c,2172478391977099008,哈哈哈，笑死了，我不会买，但我推荐你去买
BV1r6Mm6fE8o,117044888472026,比亚迪智驾算力只有小鹏的零头，那小鹏的智驾能力想必很好吧？,爆炒吗喽,2026-08-06 10:04:00,133245,1361,1,video_260806_000656,40635400477,59.75300,1,25,16777215,2026-08-07 10:45:21,1786070721,0,60da962c,2172477688433228544,养人之下我第一
BV1r6Mm6fE8o,117044888472026,比亚迪智驾算力只有小鹏的零头，那小鹏的智驾能力想必很好吧？,爆炒吗喽,2026-08-06 10:04:00,133245,1361,1,video_260806_000656,40635400477,20.77400,1,25,16777215,2026-08-07 10:44:42,1786070682,0,60da962c,2172477361545681920,哈哈哈，绝杀
BV1r6Mm6fE8o,117044888472026,比亚迪智驾算力只有小鹏的零头，那小鹏的智驾能力想必很好吧？,爆炒吗喽,2026-08-06 10:04:00,133245,1361,1,video_260806_000656,40635400477,17.09200,1,25,16777215,2026-08-07 10:24:31,1786069471,0,fe34ba72,2172467196138909184,哈哈哈哈哈哈哈
BV1r6Mm6fE8o,117044888472026,比亚迪智驾算力只有小鹏的零头，那小鹏的智驾能力想必很好吧？,爆炒吗喽,2026-08-06 10:04:00,133245,1361,1,video_260806_000656,40635400477,94.87600,1,25,16777215,2026-08-07 10:14:48,1786068888,0,9756c1bc,2172462308709366272,智驾只有华为和其他
BV1r6Mm6fE8o,117044888472026,比亚迪智驾算力只有小鹏的零头，那小鹏的智驾能力想必很好吧？,爆炒吗喽,2026-08-06 10:04:00,133245,1361,1,video_260806_000656,40635400477,85.27800,1,25,16777215,2026-08-07 09:33:44,1786066424,0,5166bf4e,2172441637392286464,驱虎吞狼呢搁这儿
BV1r6Mm6fE8o,117044888472026,比亚迪智驾算力只有小鹏的零头，那小鹏的智驾能力想必很好吧？,爆炒吗喽,2026-08-06 10:04:00,133245,1361,1,video_260806_000656,40635400477,11.03800,1,25,16777215,2026-08-07 09:26:25,1786065985,0,55452116,2172437958979453952,鸡叉
BV1r6Mm6fE8o,117044888472026,比亚迪智驾算力只有小鹏的零头，那小鹏的智驾能力想必很好吧？,爆炒吗喽,2026-08-06 10:04:00,133245,1361,1,video_260806_000656,40635400477,82.65200,1,25,16777215,2026-08-07 08:48:09,1786063689,0,e25ce83,2172418699406565120,啥低调就是在国外底气不足
BV1r6Mm6fE8o,117044888472026,比亚迪智驾算力只有小鹏的零头，那小鹏的智驾能力想必很好吧？,爆炒吗喽,2026-08-06 10:04:00,133245,1361,1,video_260806_000656,40635400477,88.40800,1,25,16777215,2026-08-07 08:07:37,1786061257,0,ba24d8be,2172398298395362816,智驾只有华子跟迪子
BV1r6Mm6fE8o,117044888472026,比亚迪智驾算力只有小鹏的零头，那小鹏的智驾能力想必很好吧？,爆炒吗喽,2026-08-06 10:04:00,133245,1361,1,video_260806_000656,40635400477,108.37500,1,25,15138834,2026-08-07 07:48:56,1786060136,0,6823c222,2172388890160614912,这是实话
BV1r6Mm6fE8o,117044888472026,比亚迪智驾算力只有小鹏的零头，那小鹏的智驾能力想必很好吧？,爆炒吗喽,2026-08-06 10:04:00,133245,1361,1,video_260806_000656,40635400477,33.71300,1,25,15138834,2026-08-07 07:47:29,1786060049,0,6823c222,2172388161131756032,哈哈哈哈哈哈哈，绝杀
BV1r6Mm6fE8o,117044888472026,比亚迪智驾算力只有小鹏的零头，那小鹏的智驾能力想必很好吧？,爆炒吗喽,2026-08-06 10:04:00,133245,1361,1,video_260806_000656,40635400477,23.87000,1,25,15138834,2026-08-07 07:47:12,1786060032,0,6823c222,2172388021561888768,GX连激光雷达都没有
BV1r6Mm6fE8o,117044888472026,比亚迪智驾算力只有小鹏的零头，那小鹏的智驾能力想必很好吧？,爆炒吗喽,2026-08-06 10:04:00,133245,1361,1,video_260806_000656,40635400477,34.27500,1,25,16777215,2026-08-07 07:38:44,1786059524,0,463f2018,2172383762036548096,哈哈哈哈
BV1r6Mm6fE8o,117044888472026,比亚迪智驾算力只有小鹏的零头，那小鹏的智驾能力想必很好吧？,爆炒吗喽,2026-08-06 10:04:00,133245,1361,1,video_260806_000656,40635400477,64.95400,1,25,16777215,2026-08-07 07:34:43,1786059283,0,5e213610,2172381740709010944,三杀
BV1r6Mm6fE8o,117044888472026,比亚迪智驾算力只有小鹏的零头，那小鹏的智驾能力想必很好吧？,爆炒吗喽,2026-08-06 10:04:00,133245,1361,1,video_260806_000656,40635400477,87.76700,5,25,16777215,2026-08-07 02:25:45,1786040745,0,f8701e55,2172226231234396160,大胆！
BV1r6Mm6fE8o,117044888472026,比亚迪智驾算力只有小鹏的零头，那小鹏的智驾能力想必很好吧？,爆炒吗喽,2026-08-06 10:04:00,133245,1361,1,video_260806_000656,40635400477,71.93700,5,25,16777215,2026-08-07 02:25:26,1786040726,0,f8701e55,2172226069795866112,那的确，比亚迪世界第一销量，特斯拉都往后站
BV1r6Mm6fE8o,117044888472026,比亚迪智驾算力只有小鹏的零头，那小鹏的智驾能力想必很好吧？,爆炒吗喽,2026-08-06 10:04:00,133245,1361,1,video_260806_000656,40635400477,92.01700,1,25,15138834,2026-08-07 02:18:12,1786040292,0,2111aaa8,2172222424979236608,借刀杀人都来了
BV1r6Mm6fE8o,117044888472026,比亚迪智驾算力只有小鹏的零头，那小鹏的智驾能力想必很好吧？,爆炒吗喽,2026-08-06 10:04:00,133245,1361,1,video_260806_000656,40635400477,35.17400,1,25,16777215,2026-08-07 02:16:27,1786040187,0,a05d8e94,2172221548554454016,哈哈哈哈哈哈
BV1r6Mm6fE8o,117044888472026,比亚迪智驾算力只有小鹏的零头，那小鹏的智驾能力想必很好吧？,爆炒吗喽,2026-08-06 10:04:00,133245,1361,1,video_260806_000656,40635400477,80.70000,1,25,16777215,2026-08-07 01:55:41,1786038941,0,ff6c66fa,2172211092096125696,哈哈太损了
BV1r6Mm6fE8o,117044888472026,比亚迪智驾算力只有小鹏的零头，那小鹏的智驾能力想必很好吧？,爆炒吗喽,2026-08-06 10:04:00,133245,1361,1,video_260806_000656,40635400477,18.85700,1,25,16777215,2026-08-07 01:31:53,1786037513,0,fea6b609,2172199119890960640,泊车都不兜还兜智驾
BV1r6Mm6fE8o,117044888472026,比亚迪智驾算力只有小鹏的零头，那小鹏的智驾能力想必很好吧？,爆炒吗喽,2026-08-06 10:04:00,133245,1361,1,video_260806_000656,40635400477,68.46700,1,25,16777215,2026-08-07 01:27:42,1786037262,0,b646970a,2172197007774243072,他们长脑子了，已经有花生那么大了
BV1r6Mm6fE8o,117044888472026,比亚迪智驾算力只有小鹏的零头，那小鹏的智驾能力想必很好吧？,爆炒吗喽,2026-08-06 10:04:00,133245,1361,1,video_260806_000656,40635400477,10.26500,1,25,16777215,2026-08-07 01:10:19,1786036219,0,a185511d,2172188264554137856,小鹏里外国车差距巨大，所以不要买
BV1r6Mm6fE8o,117044888472026,比亚迪智驾算力只有小鹏的零头，那小鹏的智驾能力想必很好吧？,爆炒吗喽,2026-08-06 10:04:00,133245,1361,1,video_260806_000656,40635400477,47.08900,1,25,16777215,2026-08-07 00:46:29,1786034789,0,471d4d1,2172176263576843008,笑死我了
BV1r6Mm6fE8o,117044888472026,比亚迪智驾算力只有小鹏的零头，那小鹏的智驾能力想必很好吧？,爆炒吗喽,2026-08-06 10:04:00,133245,1361,1,video_260806_000656,40635400477,81.52000,1,25,16777215,2026-08-07 00:46:15,1786034775,0,d740d72c,2172176146237003520,何小鹏那狗样
BV1r6Mm6fE8o,117044888472026,比亚迪智驾算力只有小鹏的零头，那小鹏的智驾能力想必很好吧？,爆炒吗喽,2026-08-06 10:04:00,133245,1361,1,video_260806_000656,40635400477,80.18000,1,25,16777215,2026-08-07 00:45:53,1786034753,0,d740d72c,2172175964053302272,哈哈哈哈哈
BV1r6Mm6fE8o,117044888472026,比亚迪智驾算力只有小鹏的零头，那小鹏的智驾能力想必很好吧？,爆炒吗喽,2026-08-06 10:04:00,133245,1361,1,video_260806_000656,40635400477,44.98700,1,25,16777215,2026-08-07 00:35:25,1786034125,0,e6e0482b,2172170698112915712,洋人之下我第一
BV1r6Mm6fE8o,117044888472026,比亚迪智驾算力只有小鹏的零头，那小鹏的智驾能力想必很好吧？,爆炒吗喽,2026-08-06 10:04:00,133245,1361,1,video_260806_000656,40635400477,25.82000,1,25,16777215,2026-08-07 00:32:48,1786033968,0,71ff69a8,2172169377225427712,前面的，算里不够没冗余上不了L3
BV1r6Mm6fE8o,117044888472026,比亚迪智驾算力只有小鹏的零头，那小鹏的智驾能力想必很好吧？,爆炒吗喽,2026-08-06 10:04:00,133245,1361,1,video_260806_000656,40635400477,49.49800,1,25,16777215,2026-08-07 00:20:48,1786033248,0,cbca858f,2172163341253025280,破特！你敢用我的魔法
BV1r6Mm6fE8o,117044888472026,比亚迪智驾算力只有小鹏的零头，那小鹏的智驾能力想必很好吧？,爆炒吗喽,2026-08-06 10:04:00,133245,1361,1,video_260806_000656,40635400477,38.23000,1,25,16777215,2026-08-07 00:12:07,1786032727,0,f42d50ef,2172158967122811136,草 哈哈
BV1r6Mm6fE8o,117044888472026,比亚迪智驾算力只有小鹏的零头，那小鹏的智驾能力想必很好吧？,爆炒吗喽,2026-08-06 10:04:00,133245,1361,1,video_260806_000656,40635400477,101.19600,1,25,16777215,2026-08-07 00:02:25,1786032145,0,fd880140,2172154088761341696,哈哈哈
BV1r6Mm6fE8o,117044888472026,比亚迪智驾算力只有小鹏的零头，那小鹏的智驾能力想必很好吧？,爆炒吗喽,2026-08-06 10:04:00,133245,1361,1,video_260806_000656,40635400477,157.97700,1,25,16777215,2026-08-06 23:39:51,1786030791,0,e90c77b7,2172142731659426816,华为兜底都不敢的车企还来比数据
BV1r6Mm6fE8o,117044888472026,比亚迪智驾算力只有小鹏的零头，那小鹏的智驾能力想必很好吧？,爆炒吗喽,2026-08-06 10:04:00,133245,1361,1,video_260806_000656,40635400477,146.18000,1,25,16777215,2026-08-06 23:39:02,1786030742,0,e90c77b7,2172142315937138688,数据吊打华为
BV1r6Mm6fE8o,117044888472026,比亚迪智驾算力只有小鹏的零头，那小鹏的智驾能力想必很好吧？,爆炒吗喽,2026-08-06 10:04:00,133245,1361,1,video_260806_000656,40635400477,137.13500,1,25,16777215,2026-08-06 23:36:20,1786030580,0,1feaef5a,2172140957351977472,比亚迪天神b装车率太低了，数据真不一定有华为多
BV1r6Mm6fE8o,117044888472026,比亚迪智驾算力只有小鹏的零头，那小鹏的智驾能力想必很好吧？,爆炒吗喽,2026-08-06 10:04:00,133245,1361,1,video_260806_000656,40635400477,25.16700,1,25,16777215,2026-08-06 23:10:07,1786029007,0,8059ec57,2172127763581538560,不兜底算力就是0
BV1r6Mm6fE8o,117044888472026,比亚迪智驾算力只有小鹏的零头，那小鹏的智驾能力想必很好吧？,爆炒吗喽,2026-08-06 10:04:00,133245,1361,1,video_260806_000656,40635400477,166.44000,1,25,16777215,2026-08-06 23:05:22,1786028722,0,61ce8e56,2172125377039456256,哈哈哈哈哈
BV1r6Mm6fE8o,117044888472026,比亚迪智驾算力只有小鹏的零头，那小鹏的智驾能力想必很好吧？,爆炒吗喽,2026-08-06 10:04:00,133245,1361,1,video_260806_000656,40635400477,14.56000,1,25,16777215,2026-08-06 23:02:46,1786028566,0,61ce8e56,2172124063660075008,哈哈哈哈哈
BV1r6Mm6fE8o,117044888472026,比亚迪智驾算力只有小鹏的零头，那小鹏的智驾能力想必很好吧？,爆炒吗喽,2026-08-06 10:04:00,133245,1361,1,video_260806_000656,40635400477,121.38500,1,25,16777215,2026-08-06 22:57:05,1786028225,0,7a7327ad,2172121205879280384,哈哈哈哈
BV1r6Mm6fE8o,117044888472026,比亚迪智驾算力只有小鹏的零头，那小鹏的智驾能力想必很好吧？,爆炒吗喽,2026-08-06 10:04:00,133245,1361,1,video_260806_000656,40635400477,40.09300,1,25,16777215,2026-08-06 22:55:42,1786028142,0,7a7327ad,2172120508248759808,红红火火恍恍惚惚
BV1r6Mm6fE8o,117044888472026,比亚迪智驾算力只有小鹏的零头，那小鹏的智驾能力想必很好吧？,爆炒吗喽,2026-08-06 10:04:00,133245,1361,1,video_260806_000656,40635400477,168.99400,1,25,16777215,2026-08-06 22:50:23,1786027823,0,7b266cbb,2172117832065342208,指洋人之下我第一
BV1r6Mm6fE8o,117044888472026,比亚迪智驾算力只有小鹏的零头，那小鹏的智驾能力想必很好吧？,爆炒吗喽,2026-08-06 10:04:00,133245,1361,1,video_260806_000656,40635400477,35.57900,1,25,16777215,2026-08-06 22:41:15,1786027275,0,fbebd7bb,2172113232498793472,太损了
BV1r6Mm6fE8o,117044888472026,比亚迪智驾算力只有小鹏的零头，那小鹏的智驾能力想必很好吧？,爆炒吗喽,2026-08-06 10:04:00,133245,1361,1,video_260806_000656,40635400477,9.38800,1,25,16777215,2026-08-06 22:30:05,1786026605,0,3a7a85d3,2172107616032605440,所以它敢兜底吗？兜底都不敢的企业我是不敢用
BV1r6Mm6fE8o,117044888472026,比亚迪智驾算力只有小鹏的零头，那小鹏的智驾能力想必很好吧？,爆炒吗喽,2026-08-06 10:04:00,133245,1361,1,video_260806_000656,40635400477,32.46500,1,25,16777215,2026-08-06 22:24:51,1786026291,0,545abbb9,2172104980684023296,哈哈
BV1r6Mm6fE8o,117044888472026,比亚迪智驾算力只有小鹏的零头，那小鹏的智驾能力想必很好吧？,爆炒吗喽,2026-08-06 10:04:00,133245,1361,1,video_260806_000656,40635400477,118.94000,1,25,16777215,2026-08-06 22:23:06,1786026186,0,8b1e900f,2172104098177367296,嘴巴有点毒
BV1r6Mm6fE8o,117044888472026,比亚迪智驾算力只有小鹏的零头，那小鹏的智驾能力想必很好吧？,爆炒吗喽,2026-08-06 10:04:00,133245,1361,1,video_260806_000656,40635400477,89.58000,1,25,16777215,2026-08-06 22:22:59,1786026179,0,6712eb2b,2172104043214875392,支持byd
BV1r6Mm6fE8o,117044888472026,比亚迪智驾算力只有小鹏的零头，那小鹏的智驾能力想必很好吧？,爆炒吗喽,2026-08-06 10:04:00,133245,1361,1,video_260806_000656,40635400477,102.98800,1,25,16777215,2026-08-06 22:21:06,1786026066,0,6573fefa,2172103093264023296,不是哥们？这是急眼了胡说八道还是完全不懂？为了l3买问界？这车哪为了l3留余量？
BV1r6Mm6fE8o,117044888472026,比亚迪智驾算力只有小鹏的零头，那小鹏的智驾能力想必很好吧？,爆炒吗喽,2026-08-06 10:04:00,133245,1361,1,video_260806_000656,40635400477,0.81300,1,25,15138834,2026-08-06 22:09:43,1786025383,0,4d1e208a,2172097363501212416,其他车企都没“航母”，我还是喜欢航母一些
BV1r6Mm6fE8o,117044888472026,比亚迪智驾算力只有小鹏的零头，那小鹏的智驾能力想必很好吧？,爆炒吗喽,2026-08-06 10:04:00,133245,1361,1,video_260806_000656,40635400477,53.33400,5,25,16777215,2026-08-06 22:08:13,1786025293,0,1efc0150,2172096606236296960,牛逼
BV1r6Mm6fE8o,117044888472026,比亚迪智驾算力只有小鹏的零头，那小鹏的智驾能力想必很好吧？,爆炒吗喽,2026-08-06 10:04:00,133245,1361,1,video_260806_000656,40635400477,33.16300,5,25,16777215,2026-08-06 22:07:48,1786025268,0,1efc0150,2172096398609955584,哈哈哈哈哈哈哈
BV1r6Mm6fE8o,117044888472026,比亚迪智驾算力只有小鹏的零头，那小鹏的智驾能力想必很好吧？,爆炒吗喽,2026-08-06 10:04:00,133245,1361,1,video_260806_000656,40635400477,23.56800,1,25,15138834,2026-08-06 22:07:17,1786025237,0,4d1e208a,2172096137296142848,情商真高啊！我买byd，因为它在自助研发芯片
BV1r6Mm6fE8o,117044888472026,比亚迪智驾算力只有小鹏的零头，那小鹏的智驾能力想必很好吧？,爆炒吗喽,2026-08-06 10:04:00,133245,1361,1,video_260806_000656,40635400477,21.97300,1,25,16777215,2026-08-06 21:54:15,1786024455,0,47750b5,2172089577664558080,自己人发的弹幕？
BV1r6Mm6fE8o,117044888472026,比亚迪智驾算力只有小鹏的零头，那小鹏的智驾能力想必很好吧？,爆炒吗喽,2026-08-06 10:04:00,133245,1361,1,video_260806_000656,40635400477,125.37000,1,25,16777215,2026-08-06 21:48:57,1786024137,0,878856d2,2172086910313787904,论城区数据华为怎么和比亚迪比，你家滴滴用华为跑的
BV1r6Mm6fE8o,117044888472026,比亚迪智驾算力只有小鹏的零头，那小鹏的智驾能力想必很好吧？,爆炒吗喽,2026-08-06 10:04:00,133245,1361,1,video_260806_000656,40635400477,168.55500,1,25,16777215,2026-08-06 21:42:44,1786023764,0,3753c93e,2172083784877615104,“并非务实”
BV1r6Mm6fE8o,117044888472026,比亚迪智驾算力只有小鹏的零头，那小鹏的智驾能力想必很好吧？,爆炒吗喽,2026-08-06 10:04:00,133245,1361,1,video_260806_000656,40635400477,44.05200,1,25,16777215,2026-08-06 21:39:48,1786023588,0,3753c93e,2172082309145162496,哈哈哈，下次不要加们，代表自己就是
BV1r6Mm6fE8o,117044888472026,比亚迪智驾算力只有小鹏的零头，那小鹏的智驾能力想必很好吧？,爆炒吗喽,2026-08-06 10:04:00,133245,1361,1,video_260806_000656,40635400477,12.97600,1,25,16777215,2026-08-06 21:36:50,1786023410,0,3753c93e,2172080813641125888,“XX应该已经兜底了吧”绝杀时刻
BV1r6Mm6fE8o,117044888472026,比亚迪智驾算力只有小鹏的零头，那小鹏的智驾能力想必很好吧？,爆炒吗喽,2026-08-06 10:04:00,133245,1361,1,video_260806_000656,40635400477,127.80000,1,25,16777215,2026-08-06 21:29:22,1786022962,0,971b2d1a,2172077055100474880,哈哈
BV1r6Mm6fE8o,117044888472026,比亚迪智驾算力只有小鹏的零头，那小鹏的智驾能力想必很好吧？,爆炒吗喽,2026-08-06 10:04:00,133245,1361,1,video_260806_000656,40635400477,101.18000,1,25,16707842,2026-08-06 21:13:53,1786022033,0,9e821838,2172069257830677248,我从来不碰的，是他们自己要买的，我没有逼他们吧，是他们自己的问题，根本就怪他们自己。
BV1r6Mm6fE8o,117044888472026,比亚迪智驾算力只有小鹏的零头，那小鹏的智驾能力想必很好吧？,爆炒吗喽,2026-08-06 10:04:00,133245,1361,1,video_260806_000656,40635400477,21.10000,1,25,16777215,2026-08-06 21:08:16,1786021696,0,a861d8d6,2172066435348785152,小鹏我判它路边一条！从它老板说出那句话时就是路边纯一条了！
BV1r6Mm6fE8o,117044888472026,比亚迪智驾算力只有小鹏的零头，那小鹏的智驾能力想必很好吧？,爆炒吗喽,2026-08-06 10:04:00,133245,1361,1,video_260806_000656,40635400477,117.24200,1,25,16777215,2026-08-06 21:04:09,1786021449,0,8b8ad945,2172064364268793088,哈哈哈哈哈哈
BV1r6Mm6fE8o,117044888472026,比亚迪智驾算力只有小鹏的零头，那小鹏的智驾能力想必很好吧？,爆炒吗喽,2026-08-06 10:04:00,133245,1361,1,video_260806_000656,40635400477,67.37100,1,25,16777215,2026-08-06 21:03:16,1786021396,0,8b8ad945,2172063914370716672,那些杀币确实又蠢又坏骨头也软
BV1r6Mm6fE8o,117044888472026,比亚迪智驾算力只有小鹏的零头，那小鹏的智驾能力想必很好吧？,爆炒吗喽,2026-08-06 10:04:00,133245,1361,1,video_260806_000656,40635400477,86.92000,1,25,16777215,2026-08-06 21:02:02,1786021322,0,8b47a407,2172063295996556032,小鹏：我要跟你这个阴阳怪拼了！！
BV1r6Mm6fE8o,117044888472026,比亚迪智驾算力只有小鹏的零头，那小鹏的智驾能力想必很好吧？,爆炒吗喽,2026-08-06 10:04:00,133245,1361,1,video_260806_000656,40635400477,96.10600,1,25,16777215,2026-08-06 20:57:10,1786021030,0,53e235cc,2172060851723515136,串疯了
BV1r6Mm6fE8o,117044888472026,比亚迪智驾算力只有小鹏的零头，那小鹏的智驾能力想必很好吧？,爆炒吗喽,2026-08-06 10:04:00,133245,1361,1,video_260806_000656,40635400477,28.94400,1,25,16777215,2026-08-06 20:53:58,1786020838,0,adcb2846,2172059234366615552,硬件好，软件差，发挥不出来
BV1r6Mm6fE8o,117044888472026,比亚迪智驾算力只有小鹏的零头，那小鹏的智驾能力想必很好吧？,爆炒吗喽,2026-08-06 10:04:00,133245,1361,1,video_260806_000656,40635400477,44.74800,1,25,16777215,2026-08-06 20:25:26,1786019126,0,36083f39,2172044877364967168,他对自己产品都没有自信 我怎么相信他的产品
BV1r6Mm6fE8o,117044888472026,比亚迪智驾算力只有小鹏的零头，那小鹏的智驾能力想必很好吧？,爆炒吗喽,2026-08-06 10:04:00,133245,1361,1,video_260806_000656,40635400477,4.38700,1,25,16777215,2026-08-06 20:15:58,1786018558,0,e6f4e3f1,2172040109850544640,不如特斯拉的东西也配和兜底比？
BV1r6Mm6fE8o,117044888472026,比亚迪智驾算力只有小鹏的零头，那小鹏的智驾能力想必很好吧？,爆炒吗喽,2026-08-06 10:04:00,133245,1361,1,video_260806_000656,40635400477,80.72000,1,25,16777215,2026-08-06 20:02:11,1786017731,0,db12aa04,2172033177538240000,论阴阳还得是你（Doge）
BV1r6Mm6fE8o,117044888472026,比亚迪智驾算力只有小鹏的零头，那小鹏的智驾能力想必很好吧？,爆炒吗喽,2026-08-06 10:04:00,133245,1361,1,video_260806_000656,40635400477,153.47300,1,25,16777215,2026-08-06 19:34:14,1786016054,0,e2964b42,2172019107971631104,小鹏的电池不行，现在空悬还暴雷
BV1r6Mm6fE8o,117044888472026,比亚迪智驾算力只有小鹏的零头，那小鹏的智驾能力想必很好吧？,爆炒吗喽,2026-08-06 10:04:00,133245,1361,1,video_260806_000656,40635400477,111.62400,1,25,16777215,2026-08-06 19:33:33,1786016013,0,e2964b42,2172018759852875520,我只推荐，我不碰的
BV1r6Mm6fE8o,117044888472026,比亚迪智驾算力只有小鹏的零头，那小鹏的智驾能力想必很好吧？,爆炒吗喽,2026-08-06 10:04:00,133245,1361,1,video_260806_000656,40635400477,16.84300,1,25,16777215,2026-08-06 19:32:04,1786015924,0,d5bf5dd8,2172018018518189056,兜底？兜底，不是只有比亚迪吗？
BV1r6Mm6fE8o,117044888472026,比亚迪智驾算力只有小鹏的零头，那小鹏的智驾能力想必很好吧？,爆炒吗喽,2026-08-06 10:04:00,133245,1361,1,video_260806_000656,40635400477,40.45900,1,25,16777215,2026-08-06 19:02:33,1786014153,0,c5283383,2172003157260686336,只有比、特是真大佬，其他的都是学生
BV1r6Mm6fE8o,117044888472026,比亚迪智驾算力只有小鹏的零头，那小鹏的智驾能力想必很好吧？,爆炒吗喽,2026-08-06 10:04:00,133245,1361,1,video_260806_000656,40635400477,9.28200,1,25,16777215,2026-08-06 19:00:43,1786014043,0,3e38fae6,2172002238346825216,看来小鹏不咋样嘛
BV1r6Mm6fE8o,117044888472026,比亚迪智驾算力只有小鹏的零头，那小鹏的智驾能力想必很好吧？,爆炒吗喽,2026-08-06 10:04:00,133245,1361,1,video_260806_000656,40635400477,37.27900,1,25,16777215,2026-08-06 18:47:38,1786013258,0,b9075082,2171995650303681280,没错
BV1r6Mm6fE8o,117044888472026,比亚迪智驾算力只有小鹏的零头，那小鹏的智驾能力想必很好吧？,爆炒吗喽,2026-08-06 10:04:00,133245,1361,1,video_260806_000656,40635400477,157.97400,1,25,16777215,2026-08-06 18:44:17,1786013057,0,23cf028,2171993964654113024,吹里程？你兜底试试
BV1r6Mm6fE8o,117044888472026,比亚迪智驾算力只有小鹏的零头，那小鹏的智驾能力想必很好吧？,爆炒吗喽,2026-08-06 10:04:00,133245,1361,1,video_260806_000656,40635400477,46.22800,1,25,16777215,2026-08-06 18:39:35,1786012775,0,da508424,2171991599084057856,你果然很会说话！！！
BV1r6Mm6fE8o,117044888472026,比亚迪智驾算力只有小鹏的零头，那小鹏的智驾能力想必很好吧？,爆炒吗喽,2026-08-06 10:04:00,133245,1361,1,video_260806_000656,40635400477,15.75400,1,25,16777215,2026-08-06 18:38:56,1786012736,0,da508424,2171991269017712128,Game over
BV1r6Mm6fE8o,117044888472026,比亚迪智驾算力只有小鹏的零头，那小鹏的智驾能力想必很好吧？,爆炒吗喽,2026-08-06 10:04:00,133245,1361,1,video_260806_000656,40635400477,92.86000,1,25,16777215,2026-08-06 18:34:17,1786012457,0,c1f9c313,2171988935205873408,阴阳法师啊
BV1r6Mm6fE8o,117044888472026,比亚迪智驾算力只有小鹏的零头，那小鹏的智驾能力想必很好吧？,爆炒吗喽,2026-08-06 10:04:00,133245,1361,1,video_260806_000656,40635400477,91.20000,1,25,16777215,2026-08-06 18:26:40,1786012000,0,7553f9e1,2171985099665812992,……
BV1r6Mm6fE8o,117044888472026,比亚迪智驾算力只有小鹏的零头，那小鹏的智驾能力想必很好吧？,爆炒吗喽,2026-08-06 10:04:00,133245,1361,1,video_260806_000656,40635400477,123.86700,1,25,16777215,2026-08-06 18:21:53,1786011713,0,471f0497,2171982690818671872,华为数据量遥遥领先行了吧
BV1r6Mm6fE8o,117044888472026,比亚迪智驾算力只有小鹏的零头，那小鹏的智驾能力想必很好吧？,爆炒吗喽,2026-08-06 10:04:00,133245,1361,1,video_260806_000656,40635400477,33.03400,1,25,16777215,2026-08-06 18:17:42,1786011462,0,8ec65885,2171980588893691904,哈哈
BV1r6Mm6fE8o,117044888472026,比亚迪智驾算力只有小鹏的零头，那小鹏的智驾能力想必很好吧？,爆炒吗喽,2026-08-06 10:04:00,133245,1361,1,video_260806_000656,40635400477,30.82100,1,25,16777215,2026-08-06 18:16:43,1786011403,0,471f0497,2171980089653826816,买小鹏的为什么不去买特斯拉，小鹏不是不如特斯拉吗
BV1r6Mm6fE8o,117044888472026,比亚迪智驾算力只有小鹏的零头，那小鹏的智驾能力想必很好吧？,爆炒吗喽,2026-08-06 10:04:00,133245,1361,1,video_260806_000656,40635400477,100.95700,1,25,16777215,2026-08-06 18:14:55,1786011295,0,4b0f1714,2171979181813764608,碰了脑子会坏掉~
BV1r6Mm6fE8o,117044888472026,比亚迪智驾算力只有小鹏的零头，那小鹏的智驾能力想必很好吧？,爆炒吗喽,2026-08-06 10:04:00,133245,1361,1,video_260806_000656,40635400477,42.05000,1,25,16777215,2026-08-06 18:12:11,1786011131,0,8afccb79,2171977812297519872,差生自己委任自己为学生代表
BV1r6Mm6fE8o,117044888472026,比亚迪智驾算力只有小鹏的零头，那小鹏的智驾能力想必很好吧？,爆炒吗喽,2026-08-06 10:04:00,133245,1361,1,video_260806_000656,40635400477,33.19000,1,25,16777215,2026-08-06 18:06:26,1786010786,0,5704a6d0,2171974916575441920,哈哈哈哈
BV1r6Mm6fE8o,117044888472026,比亚迪智驾算力只有小鹏的零头，那小鹏的智驾能力想必很好吧？,爆炒吗喽,2026-08-06 10:04:00,133245,1361,1,video_260806_000656,40635400477,13.36300,1,25,16777215,2026-08-06 18:06:05,1786010765,0,5704a6d0,2171974734542625280,哈哈哈哈
BV1r6Mm6fE8o,117044888472026,比亚迪智驾算力只有小鹏的零头，那小鹏的智驾能力想必很好吧？,爆炒吗喽,2026-08-06 10:04:00,133245,1361,1,video_260806_000656,40635400477,44.83200,1,25,16777215,2026-08-06 17:50:32,1786009832,0,d074395b,2171966911075209728,哈哈哈哈哈哈爆了
BV1r6Mm6fE8o,117044888472026,比亚迪智驾算力只有小鹏的零头，那小鹏的智驾能力想必很好吧？,爆炒吗喽,2026-08-06 10:04:00,133245,1361,1,video_260806_000656,40635400477,163.47800,1,25,16777215,2026-08-06 17:42:19,1786009339,0,448cf215,2171962777370314240,只有里程？哪为什么你不敢兜底？？？
BV1r6Mm6fE8o,117044888472026,比亚迪智驾算力只有小鹏的零头，那小鹏的智驾能力想必很好吧？,爆炒吗喽,2026-08-06 10:04:00,133245,1361,1,video_260806_000656,40635400477,40.68000,1,25,16777215,2026-08-06 17:29:00,1786008540,0,5b3853aa,2171956073882724608,那不买了
BV1r6Mm6fE8o,117044888472026,比亚迪智驾算力只有小鹏的零头，那小鹏的智驾能力想必很好吧？,爆炒吗喽,2026-08-06 10:04:00,133245,1361,1,video_260806_000656,40635400477,9.52000,1,25,16777215,2026-08-06 17:26:41,1786008401,0,5a090323,2171954905819336704,笑死
BV1r6Mm6fE8o,117044888472026,比亚迪智驾算力只有小鹏的零头，那小鹏的智驾能力想必很好吧？,爆炒吗喽,2026-08-06 10:04:00,133245,1361,1,video_260806_000656,40635400477,78.19100,1,25,16777215,2026-08-06 17:24:53,1786008293,0,aa5b7658,2171953997794160384,byd是有本事去自信啊，鹏子说到底是组装车
BV1r6Mm6fE8o,117044888472026,比亚迪智驾算力只有小鹏的零头，那小鹏的智驾能力想必很好吧？,爆炒吗喽,2026-08-06 10:04:00,133245,1361,1,video_260806_000656,40635400477,112.18700,1,25,16777215,2026-08-06 16:16:08,1786004168,0,527b7ec,2171919400641704704,都是学小米跑分那一套呗
BV1r6Mm6fE8o,117044888472026,比亚迪智驾算力只有小鹏的零头，那小鹏的智驾能力想必很好吧？,爆炒吗喽,2026-08-06 10:04:00,133245,1361,1,video_260806_000656,40635400477,18.09800,1,25,16777215,2026-08-06 16:14:12,1786004052,0,527b7ec,2171918427025867520,哈哈哈哈哈，小鹏兜底了么
BV1r6Mm6fE8o,117044888472026,比亚迪智驾算力只有小鹏的零头，那小鹏的智驾能力想必很好吧？,爆炒吗喽,2026-08-06 10:04:00,133245,1361,1,video_260806_000656,40635400477,17.14500,1,25,16777215,2026-08-06 15:42:44,1786002164,0,7366f5c7,2171902584377034496,没绷住
BV1r6Mm6fE8o,117044888472026,比亚迪智驾算力只有小鹏的零头，那小鹏的智驾能力想必很好吧？,爆炒吗喽,2026-08-06 10:04:00,133245,1361,1,video_260806_000656,40635400477,72.46100,1,25,16776960,2026-08-06 15:28:41,1786001321,0,6ec48d69,2171895515489851136,大胆，小鸟律师函警告
BV1r6Mm6fE8o,117044888472026,比亚迪智驾算力只有小鹏的零头，那小鹏的智驾能力想必很好吧？,爆炒吗喽,2026-08-06 10:04:00,133245,1361,1,video_260806_000656,40635400477,43.46100,1,25,16776960,2026-08-06 15:28:12,1786001292,0,6ec48d69,2171895272270680832,洋人之下鸟第一
BV1r6Mm6fE8o,117044888472026,比亚迪智驾算力只有小鹏的零头，那小鹏的智驾能力想必很好吧？,爆炒吗喽,2026-08-06 10:04:00,133245,1361,1,video_260806_000656,40635400477,11.49100,1,25,16776960,2026-08-06 15:27:40,1786001260,0,6ec48d69,2171895004313435392,大胆，小鸟警告
BV1r6Mm6fE8o,117044888472026,比亚迪智驾算力只有小鹏的零头，那小鹏的智驾能力想必很好吧？,爆炒吗喽,2026-08-06 10:04:00,133245,1361,1,video_260806_000656,40635400477,46.69500,1,25,16777215,2026-08-06 15:25:40,1786001140,0,bc4ef143,2171893999215091712,哈哈
BV1r6Mm6fE8o,117044888472026,比亚迪智驾算力只有小鹏的零头，那小鹏的智驾能力想必很好吧？,爆炒吗喽,2026-08-06 10:04:00,133245,1361,1,video_260806_000656,40635400477,25.24200,1,25,16777215,2026-08-06 15:16:59,1786000619,0,7b249936,2171889626477449984,全程没有一个脏字，就问你难不难受
BV1r6Mm6fE8o,117044888472026,比亚迪智驾算力只有小鹏的零头，那小鹏的智驾能力想必很好吧？,爆炒吗喽,2026-08-06 10:04:00,133245,1361,1,video_260806_000656,40635400477,48.16000,1,25,16777215,2026-08-06 15:13:06,1786000386,0,b0971df9,2171887672879347456,哈哈哈这话必须投币点赞
BV1r6Mm6fE8o,117044888472026,比亚迪智驾算力只有小鹏的零头，那小鹏的智驾能力想必很好吧？,爆炒吗喽,2026-08-06 10:04:00,133245,1361,1,video_260806_000656,40635400477,101.63000,1,25,16777215,2026-08-06 15:01:09,1785999669,0,93f00c67,2171881658977669888,超过友商5倍
BV1r6Mm6fE8o,117044888472026,比亚迪智驾算力只有小鹏的零头，那小鹏的智驾能力想必很好吧？,爆炒吗喽,2026-08-06 10:04:00,133245,1361,1,video_260806_000656,40635400477,78.89100,1,25,16777215,2026-08-06 14:02:42,1785996162,0,50de0683,2171852236018816512,跳过算力这个话题了，你是会聊的，哈哈
BV1r6Mm6fE8o,117044888472026,比亚迪智驾算力只有小鹏的零头，那小鹏的智驾能力想必很好吧？,爆炒吗喽,2026-08-06 10:04:00,133245,1361,1,video_260806_000656,40635400477,86.88200,1,25,16777215,2026-08-06 14:00:13,1785996013,0,2340a352,2171850986451514880,国内可以低调，出国了就是要高调
BV1r6Mm6fE8o,117044888472026,比亚迪智驾算力只有小鹏的零头，那小鹏的智驾能力想必很好吧？,爆炒吗喽,2026-08-06 10:04:00,133245,1361,1,video_260806_000656,40635400477,70.54000,1,25,16777215,2026-08-06 13:57:51,1785995871,0,29bbb417,2171849800797670144,哈哈哈，说到点子上了
BV1r6Mm6fE8o,117044888472026,比亚迪智驾算力只有小鹏的零头，那小鹏的智驾能力想必很好吧？,爆炒吗喽,2026-08-06 10:04:00,133245,1361,1,video_260806_000656,40635400477,15.79100,1,25,16777215,2026-08-06 13:45:11,1785995111,0,8047dc79,2171843422108225024,别扯什么这那的技术参数，你敢拿出真金白银来为技术兜底买单再说
BV1r6Mm6fE8o,117044888472026,比亚迪智驾算力只有小鹏的零头，那小鹏的智驾能力想必很好吧？,爆炒吗喽,2026-08-06 10:04:00,133245,1361,1,video_260806_000656,40635400477,107.93500,1,25,16777215,2026-08-06 13:40:48,1785994848,0,92a05d82,2171841213521967872,华为也不靠谱
BV1r6Mm6fE8o,117044888472026,比亚迪智驾算力只有小鹏的零头，那小鹏的智驾能力想必很好吧？,爆炒吗喽,2026-08-06 10:04:00,133245,1361,1,video_260806_000656,40635400477,66.57200,1,25,16777215,2026-08-06 13:39:15,1785994755,0,62db33f5,2171840439178298112,哈哈哈
BV1r6Mm6fE8o,117044888472026,比亚迪智驾算力只有小鹏的零头，那小鹏的智驾能力想必很好吧？,爆炒吗喽,2026-08-06 10:04:00,133245,1361,1,video_260806_000656,40635400477,32.02000,1,25,16777215,2026-08-06 13:38:13,1785994693,0,bf7ea7e3,2171839914126661376,哈哈哈哈
BV1r6Mm6fE8o,117044888472026,比亚迪智驾算力只有小鹏的零头，那小鹏的智驾能力想必很好吧？,爆炒吗喽,2026-08-06 10:04:00,133245,1361,1,video_260806_000656,40635400477,13.34800,1,25,16777215,2026-08-06 13:37:41,1785994661,0,bf7ea7e3,2171839645598931200,哈哈哈
BV1r6Mm6fE8o,117044888472026,比亚迪智驾算力只有小鹏的零头，那小鹏的智驾能力想必很好吧？,爆炒吗喽,2026-08-06 10:04:00,133245,1361,1,video_260806_000656,40635400477,81.36500,1,25,16777215,2026-08-06 13:36:37,1785994597,0,8602125f,2171839112653691392,高情商
BV1r6Mm6fE8o,117044888472026,比亚迪智驾算力只有小鹏的零头，那小鹏的智驾能力想必很好吧？,爆炒吗喽,2026-08-06 10:04:00,133245,1361,1,video_260806_000656,40635400477,29.74000,1,25,16777215,2026-08-06 13:08:10,1785992890,0,51640547,2171824790296831488,先褒后贬，先拉后踩
BV1r6Mm6fE8o,117044888472026,比亚迪智驾算力只有小鹏的零头，那小鹏的智驾能力想必很好吧？,爆炒吗喽,2026-08-06 10:04:00,133245,1361,1,video_260806_000656,40635400477,36.94800,1,25,16777215,2026-08-06 13:03:41,1785992621,0,247034cc,2171822534868507392,哈哈哈 是学生
BV1r6Mm6fE8o,117044888472026,比亚迪智驾算力只有小鹏的零头，那小鹏的智驾能力想必很好吧？,爆炒吗喽,2026-08-06 10:04:00,133245,1361,1,video_260806_000656,40635400477,63.12000,1,25,16777215,2026-08-06 13:01:24,1785992484,0,e16154a0,2171821390511526912,有没有脑子
BV1r6Mm6fE8o,117044888472026,比亚迪智驾算力只有小鹏的零头，那小鹏的智驾能力想必很好吧？,爆炒吗喽,2026-08-06 10:04:00,133245,1361,1,video_260806_000656,40635400477,2.66000,1,25,16777215,2026-08-06 13:00:17,1785992417,0,e16154a0,2171820825899688960,反正比亚迪洋人之上，小鹏不是差距较大吗
BV1r6Mm6fE8o,117044888472026,比亚迪智驾算力只有小鹏的零头，那小鹏的智驾能力想必很好吧？,爆炒吗喽,2026-08-06 10:04:00,133245,1361,1,video_260806_000656,40635400477,127.94200,1,25,16777215,2026-08-06 12:47:49,1785991669,0,1d81d6df,2171814546304867072,有本事发布智驾使用率，高速和城区分开列。
BV1r6Mm6fE8o,117044888472026,比亚迪智驾算力只有小鹏的零头，那小鹏的智驾能力想必很好吧？,爆炒吗喽,2026-08-06 10:04:00,133245,1361,1,video_260806_000656,40635400477,116.99100,1,25,16777215,2026-08-06 12:47:04,1785991624,0,1d81d6df,2171814173196380928,比亚迪智驾在华为小鹏面前还是不够看的
BV1r6Mm6fE8o,117044888472026,比亚迪智驾算力只有小鹏的零头，那小鹏的智驾能力想必很好吧？,爆炒吗喽,2026-08-06 10:04:00,133245,1361,1,video_260806_000656,40635400477,13.86200,1,25,16777215,2026-08-06 12:41:59,1785991319,0,d985e7e3,2171811616239894016,兜底是兜底，水平是水平，为什么总喜欢混淆视听
BV1r6Mm6fE8o,117044888472026,比亚迪智驾算力只有小鹏的零头，那小鹏的智驾能力想必很好吧？,爆炒吗喽,2026-08-06 10:04:00,133245,1361,1,video_260806_000656,40635400477,6.68100,1,25,16777215,2026-08-06 12:20:48,1785990048,0,a24040ec,2171800952246418944,小鹏一定兜底了
BV1r6Mm6fE8o,117044888472026,比亚迪智驾算力只有小鹏的零头，那小鹏的智驾能力想必很好吧？,爆炒吗喽,2026-08-06 10:04:00,133245,1361,1,video_260806_000656,40635400477,89.22700,1,25,16777215,2026-08-06 12:15:10,1785989710,0,82a494ae,2171798118877310720,难说，不如ads
BV1r6Mm6fE8o,117044888472026,比亚迪智驾算力只有小鹏的零头，那小鹏的智驾能力想必很好吧？,爆炒吗喽,2026-08-06 10:04:00,133245,1361,1,video_260806_000656,40635400477,124.34700,1,25,16777215,2026-08-06 12:08:10,1785989290,0,1dd0cd2f,2171794594445313280,沙波一才买小鹏
BV1r6Mm6fE8o,117044888472026,比亚迪智驾算力只有小鹏的零头，那小鹏的智驾能力想必很好吧？,爆炒吗喽,2026-08-06 10:04:00,133245,1361,1,video_260806_000656,40635400477,30.81200,1,25,16777215,2026-08-06 11:45:10,1785987910,0,7718378,2171783015842551808,哈哈哈，还是个学生
BV1r6Mm6fE8o,117044888472026,比亚迪智驾算力只有小鹏的零头，那小鹏的智驾能力想必很好吧？,爆炒吗喽,2026-08-06 10:04:00,133245,1361,1,video_260806_000656,40635400477,10.09200,1,25,16777215,2026-08-06 11:41:11,1785987671,0,8a2a0df5,2171781009187118592,gx除了吹算力还有啥？
BV1r6Mm6fE8o,117044888472026,比亚迪智驾算力只有小鹏的零头，那小鹏的智驾能力想必很好吧？,爆炒吗喽,2026-08-06 10:04:00,133245,1361,1,video_260806_000656,40635400477,47.68200,1,25,16777215,2026-08-06 11:40:42,1785987642,0,94676f7,2171780764818437376,哈哈哈
BV1r6Mm6fE8o,117044888472026,比亚迪智驾算力只有小鹏的零头，那小鹏的智驾能力想必很好吧？,爆炒吗喽,2026-08-06 10:04:00,133245,1361,1,video_260806_000656,40635400477,118.10400,1,25,16777215,2026-08-06 10:47:05,1785984425,0,45d584e8,2171753780537409536,其实城区数据比亚迪还真不一定有华为的多
BV1r6Mm6fE8o,117044888472026,比亚迪智驾算力只有小鹏的零头，那小鹏的智驾能力想必很好吧？,爆炒吗喽,2026-08-06 10:04:00,133245,1361,1,video_260806_000656,40635400477,100.53600,1,25,16777215,2026-08-06 10:42:57,1785984177,0,5653c9a2,2171751704784862208,除了算力没有别的
BV1r6Mm6fE8o,117044888472026,比亚迪智驾算力只有小鹏的零头，那小鹏的智驾能力想必很好吧？,爆炒吗喽,2026-08-06 10:04:00,133245,1361,1,video_260806_000656,40635400477,16.40000,1,25,16777215,2026-08-06 10:37:42,1785983862,0,a5eef636,2171749058555772416,语言的艺术，现在不花钱的兜底就比亚迪，花钱的兜底华为和奇瑞
BV1r6Mm6fE8o,117044888472026,比亚迪智驾算力只有小鹏的零头，那小鹏的智驾能力想必很好吧？,爆炒吗喽,2026-08-06 10:04:00,133245,1361,1,video_260806_000656,40635400477,35.83700,1,25,16777215,2026-08-06 10:35:21,1785983721,0,dd50a1b,2171747880384090112,笑死
BV1r6Mm6fE8o,117044888472026,比亚迪智驾算力只有小鹏的零头，那小鹏的智驾能力想必很好吧？,爆炒吗喽,2026-08-06 10:04:00,133245,1361,1,video_260806_000656,40635400477,43.50500,1,25,16777215,2026-08-06 10:23:29,1785983009,0,db35d3bc,2171741906789349120,哈哈
BV1B84y1Q7Vh,620629919,38分钟，一镜到底，小鹏的XNGP到底行不行,Dani35,2023-11-09 14:30:44,2370,35,1,38分钟，一镜到底，小鹏的XNGP到底行不行,1326484530,22.73900,1,25,16777215,2023-11-26 18:27:48,1700994468,0,b3621c74,1458806351051655680,怎么感觉连减速动作都没。。
BV1B84y1Q7Vh,620629919,38分钟，一镜到底，小鹏的XNGP到底行不行,Dani35,2023-11-09 14:30:44,2370,35,1,38分钟，一镜到底，小鹏的XNGP到底行不行,1326484530,1159.50900,1,25,16777215,2023-11-14 17:25:12,1699953912,0,36dac4ab,1450077535638660352,后面这位说的观点，认同，前面那个教授半瓶水样子
BV1B84y1Q7Vh,620629919,38分钟，一镜到底，小鹏的XNGP到底行不行,Dani35,2023-11-09 14:30:44,2370,35,1,38分钟，一镜到底，小鹏的XNGP到底行不行,1326484530,16.75200,1,25,16777215,2023-11-13 17:49:31,1699868971,0,60a957a6,1449364995161986304,哈哈哈，那么傻的问题。
BV1B84y1Q7Vh,620629919,38分钟，一镜到底，小鹏的XNGP到底行不行,Dani35,2023-11-09 14:30:44,2370,35,1,38分钟，一镜到底，小鹏的XNGP到底行不行,1326484530,1008.06900,1,25,16777215,2023-11-11 23:44:54,1699717494,0,d55b28fc,1448094311370892800,现在华为叫GAEB
BV1B84y1Q7Vh,620629919,38分钟，一镜到底，小鹏的XNGP到底行不行,Dani35,2023-11-09 14:30:44,2370,35,1,38分钟，一镜到底，小鹏的XNGP到底行不行,1326484530,48.73900,1,25,16777215,2023-11-11 22:00:57,1699711257,0,6e8aef4a,1448041991706607104,g9
BV1B84y1Q7Vh,620629919,38分钟，一镜到底，小鹏的XNGP到底行不行,Dani35,2023-11-09 14:30:44,2370,35,1,38分钟，一镜到底，小鹏的XNGP到底行不行,1326484530,436.20200,1,25,16777215,2023-11-11 17:09:06,1699693746,0,b920eb9c,1447895105645167872,教授就是教授
BV1B84y1Q7Vh,620629919,38分钟，一镜到底，小鹏的XNGP到底行不行,Dani35,2023-11-09 14:30:44,2370,35,1,38分钟，一镜到底，小鹏的XNGP到底行不行,1326484530,3.33900,1,25,16777215,2023-11-09 23:38:52,1699544332,0,616a56da,1446641727711843584,民间小视频，弄虚作假
BV1B84y1Q7Vh,620629919,38分钟，一镜到底，小鹏的XNGP到底行不行,Dani35,2023-11-09 14:30:44,2370,35,1,38分钟，一镜到底，小鹏的XNGP到底行不行,1326484530,1978.15200,1,25,16777215,2023-11-09 15:44:10,1699515850,0,8e0447b4,1446402801449517312,这也解释了为什么EBA制动的时候比较猛
BV1B84y1Q7Vh,620629919,38分钟，一镜到底，小鹏的XNGP到底行不行,Dani35,2023-11-09 14:30:44,2370,35,1,38分钟，一镜到底，小鹏的XNGP到底行不行,1326484530,912.67000,1,25,16777215,2023-11-09 15:06:24,1699513584,0,8e0447b4,1446383791102122752,升4.4.0了？
BV1B84y1Q7Vh,620629919,38分钟，一镜到底，小鹏的XNGP到底行不行,Dani35,2023-11-09 14:30:44,2370,35,1,38分钟，一镜到底，小鹏的XNGP到底行不行,1326484530,425.32500,1,25,16777215,2023-11-09 14:58:16,1699513096,0,8e0447b4,1446379703257976320,行！很行！
BV1B84y1Q7Vh,620629919,38分钟，一镜到底，小鹏的XNGP到底行不行,Dani35,2023-11-09 14:30:44,2370,35,1,38分钟，一镜到底，小鹏的XNGP到底行不行,1326484530,148.95900,1,25,16777215,2023-11-09 14:53:40,1699512820,0,8e0447b4,1446377383245834240,哈哈哈，支持！看B站还能听讲解！严重表扬！
BV1zb3Z6ZEFg,117027524053497,小鹏L03辅助驾驶实测,汕头Uzii,2026-08-03 03:39:52,8714,124,1,小鹏L03辅助驾驶实测,40541097770,578.76900,1,25,16777215,2026-08-26 01:43:13,1787679793,0,b707a958,2185975563901688320,这一下算接管吗
BV1zb3Z6ZEFg,117027524053497,小鹏L03辅助驾驶实测,汕头Uzii,2026-08-03 03:39:52,8714,124,1,小鹏L03辅助驾驶实测,40541097770,107.09500,1,25,16777215,2026-08-03 07:48:19,1785714499,0,a22d555d,2169489477184529152,差点撞了
BV1zb3Z6ZEFg,117027524053497,小鹏L03辅助驾驶实测,汕头Uzii,2026-08-03 03:39:52,8714,124,1,小鹏L03辅助驾驶实测,40541097770,587.20700,1,25,16777215,2026-09-18 06:29:53,1789684193,0,492a7060,2202789688568416000,刚才这个叫人车共驾，接管要点刹车的
BV1zb3Z6ZEFg,117027524053497,小鹏L03辅助驾驶实测,汕头Uzii,2026-08-03 03:39:52,8714,124,1,小鹏L03辅助驾驶实测,40541097770,628.06900,1,25,16777215,2026-09-13 23:58:05,1789315085,0,c3ec0c8e,2199693381540760832,高驾 这么多电瓶车啊
BV1zb3Z6ZEFg,117027524053497,小鹏L03辅助驾驶实测,汕头Uzii,2026-08-03 03:39:52,8714,124,1,小鹏L03辅助驾驶实测,40541097770,98.85300,1,25,16777215,2026-09-12 22:14:07,1789222447,0,1e4c827e,2198916279174869504,市区用智能辅助要设置限速
BV1zb3Z6ZEFg,117027524053497,小鹏L03辅助驾驶实测,汕头Uzii,2026-08-03 03:39:52,8714,124,1,小鹏L03辅助驾驶实测,40541097770,919.62600,1,25,16777215,2026-08-31 22:43:28,1788187408,0,ca187b5c,2190233743343315456,7
BV1zb3Z6ZEFg,117027524053497,小鹏L03辅助驾驶实测,汕头Uzii,2026-08-03 03:39:52,8714,124,1,小鹏L03辅助驾驶实测,40541097770,866.68900,1,25,16777215,2026-08-31 22:42:32,1788187352,0,ca187b5c,2190233276391325184,6
BV1zb3Z6ZEFg,117027524053497,小鹏L03辅助驾驶实测,汕头Uzii,2026-08-03 03:39:52,8714,124,1,小鹏L03辅助驾驶实测,40541097770,584.95500,1,25,16777215,2026-08-31 22:39:11,1788187151,0,ca187b5c,2190231583712736256,接管四次了
BV1zb3Z6ZEFg,117027524053497,小鹏L03辅助驾驶实测,汕头Uzii,2026-08-03 03:39:52,8714,124,1,小鹏L03辅助驾驶实测,40541097770,1375.48000,1,25,16777215,2026-08-27 18:48:03,1787827683,0,e5159b33,2187216153108368896,Up主的结论是单图灵够用吗？
BV1zb3Z6ZEFg,117027524053497,小鹏L03辅助驾驶实测,汕头Uzii,2026-08-03 03:39:52,8714,124,1,小鹏L03辅助驾驶实测,40541097770,333.34300,1,25,16777215,2026-08-25 14:40:05,1787640005,0,8a6fdb8f,2185641793914866432,这里也挺危险的
BV1zb3Z6ZEFg,117027524053497,小鹏L03辅助驾驶实测,汕头Uzii,2026-08-03 03:39:52,8714,124,1,小鹏L03辅助驾驶实测,40541097770,842.47900,1,25,16777215,2026-08-21 11:59:35,1787284775,0,b9749f55,2182661911899443200,好危险啊
BV1zb3Z6ZEFg,117027524053497,小鹏L03辅助驾驶实测,汕头Uzii,2026-08-03 03:39:52,8714,124,1,小鹏L03辅助驾驶实测,40541097770,319.81300,1,25,16777215,2026-08-11 13:42:12,1786426932,0,5df71cec,2175465802499633408,单图灵能跑这种路？
BV1zb3Z6ZEFg,117027524053497,小鹏L03辅助驾驶实测,汕头Uzii,2026-08-03 03:39:52,8714,124,1,小鹏L03辅助驾驶实测,40541097770,12.28200,1,25,16777215,2026-08-07 10:10:06,1786068606,0,ec019306,2172459940227773184,方向盘PASS
BV1zb3Z6ZEFg,117027524053497,小鹏L03辅助驾驶实测,汕头Uzii,2026-08-03 03:39:52,8714,124,1,小鹏L03辅助驾驶实测,40541097770,104.69600,1,25,16777215,2026-08-05 13:31:32,1785907892,0,d572774f,2171111777373603840,这里变道到最左边意义不明
BV1zb3Z6ZEFg,117027524053497,小鹏L03辅助驾驶实测,汕头Uzii,2026-08-03 03:39:52,8714,124,1,小鹏L03辅助驾驶实测,40541097770,105.22000,1,25,16777215,2026-08-05 13:31:01,1785907861,0,d572774f,2171111516907454976,这里是准备强行变道吗？
BV1zb3Z6ZEFg,117027524053497,小鹏L03辅助驾驶实测,汕头Uzii,2026-08-03 03:39:52,8714,124,1,小鹏L03辅助驾驶实测,40541097770,842.09400,1,25,16777215,2026-08-03 19:52:59,1785757979,0,f433ced1,2169854215462470400,逆天
BV1zb3Z6ZEFg,117027524053497,小鹏L03辅助驾驶实测,汕头Uzii,2026-08-03 03:39:52,8714,124,1,小鹏L03辅助驾驶实测,40541097770,110.83100,1,25,16777215,2026-08-03 16:54:24,1785747264,0,334898bc,2169764328440989696,确实危险
BV1zb3Z6ZEFg,117027524053497,小鹏L03辅助驾驶实测,汕头Uzii,2026-08-03 03:39:52,8714,124,1,小鹏L03辅助驾驶实测,40541097770,56.91300,1,25,16777215,2026-08-03 16:51:41,1785747101,0,334898bc,2169762962825926144,单图灵的进攻性也不弱啊，这儿居然想换道，期待下蒸馏版
BV1zb3Z6ZEFg,117027524053497,小鹏L03辅助驾驶实测,汕头Uzii,2026-08-03 03:39:52,8714,124,1,小鹏L03辅助驾驶实测,40541097770,916.36700,1,25,16777215,2026-08-03 12:57:53,1785733073,0,6e2bb93a,2169645287055258880,就排着呗，瞎抢啥？
BV1zb3Z6ZEFg,117027524053497,小鹏L03辅助驾驶实测,汕头Uzii,2026-08-03 03:39:52,8714,124,1,小鹏L03辅助驾驶实测,40541097770,244.86000,1,25,16777215,2026-08-03 12:52:20,1785732740,0,6e2bb93a,2169642493338261504,这算接管吗？这不是硬抢道吗？
BV1zb3Z6ZEFg,117027524053497,小鹏L03辅助驾驶实测,汕头Uzii,2026-08-03 03:39:52,8714,124,1,小鹏L03辅助驾驶实测,40541097770,842.98900,5,25,16707842,2026-08-03 11:35:02,1785728102,0,30bd2703,2169603590455543808,这里不是接管吗？非要完全自己看才算？
BV1zb3Z6ZEFg,117027524053497,小鹏L03辅助驾驶实测,汕头Uzii,2026-08-03 03:39:52,8714,124,1,小鹏L03辅助驾驶实测,40541097770,813.40400,5,25,16707842,2026-08-03 11:34:02,1785728042,0,30bd2703,2169603087768462336,还是要手动变道
BV1zb3Z6ZEFg,117027524053497,小鹏L03辅助驾驶实测,汕头Uzii,2026-08-03 03:39:52,8714,124,1,小鹏L03辅助驾驶实测,40541097770,752.87700,1,25,16707842,2026-08-03 11:25:06,1785727506,0,30bd2703,2169598587657620992,一直这么近跟着货车后面 安全吗
BV1iN2cYHEYu,113257247409782,"小鹏G6 标准续航里程 RWD 1,439,000 258 0–100 6.6 435 km (WLTP)",AI舞姬实验室,2024-10-07 07:26:31,37446,45,1,1728213812772,26170360257,38.46800,1,25,16777215,2025-12-23 17:49:09,1766483349,0,ff2afdf9,2008166899066284544,啥？越南？泰国？怪不得一开始听不明白说什么
BV1iN2cYHEYu,113257247409782,"小鹏G6 标准续航里程 RWD 1,439,000 258 0–100 6.6 435 km (WLTP)",AI舞姬实验室,2024-10-07 07:26:31,37446,45,1,1728213812772,26170360257,64.94900,1,25,16777215,2025-09-29 10:43:49,1759113829,0,bd48a5d,1946346883673507840,你就说啃不啃吧
BV1iN2cYHEYu,113257247409782,"小鹏G6 标准续航里程 RWD 1,439,000 258 0–100 6.6 435 km (WLTP)",AI舞姬实验室,2024-10-07 07:26:31,37446,45,1,1728213812772,26170360257,665.11000,1,25,16777215,2025-04-04 00:07:32,1743696452,0,f729552f,1817016557352707072,...
BV1iN2cYHEYu,113257247409782,"小鹏G6 标准续航里程 RWD 1,439,000 258 0–100 6.6 435 km (WLTP)",AI舞姬实验室,2024-10-07 07:26:31,37446,45,1,1728213812772,26170360257,39.94900,1,25,16777215,2025-03-01 19:03:45,1740827025,0,a647875f,1792946055080354304,为何胸肌如此发达
BV1iN2cYHEYu,113257247409782,"小鹏G6 标准续航里程 RWD 1,439,000 258 0–100 6.6 435 km (WLTP)",AI舞姬实验室,2024-10-07 07:26:31,37446,45,1,1728213812772,26170360257,20.59800,1,25,16777215,2025-02-06 01:46:11,1738777571,0,a39f1be,1775753991989606912,这句听懂了：买个辘
BV1iN2cYHEYu,113257247409782,"小鹏G6 标准续航里程 RWD 1,439,000 258 0–100 6.6 435 km (WLTP)",AI舞姬实验室,2024-10-07 07:26:31,37446,45,1,1728213812772,26170360257,16.60800,1,25,16777215,2024-11-08 11:06:31,1731035191,0,6a96acc2,1710806202650391296,挤变形了，大雷很悲催
BV1iN2cYHEYu,113257247409782,"小鹏G6 标准续航里程 RWD 1,439,000 258 0–100 6.6 435 km (WLTP)",AI舞姬实验室,2024-10-07 07:26:31,37446,45,1,1728213812772,26170360257,44.32000,1,25,16777215,2024-10-16 13:35:05,1729056905,0,565c060b,1694211131390388224,好车豪车
BV1iN2cYHEYu,113257247409782,"小鹏G6 标准续航里程 RWD 1,439,000 258 0–100 6.6 435 km (WLTP)",AI舞姬实验室,2024-10-07 07:26:31,37446,45,1,1728213812772,26170360257,19.46500,1,25,16777215,2024-10-09 23:48:44,1728488924,0,bd66cb02,1689446562209542144,来个字幕
BV1iN2cYHEYu,113257247409782,"小鹏G6 标准续航里程 RWD 1,439,000 258 0–100 6.6 435 km (WLTP)",AI舞姬实验室,2024-10-07 07:26:31,37446,45,1,1728213812772,26170360257,1.38300,1,25,16777215,2024-10-09 22:47:43,1728485263,0,71c85b61,1689415852371756800,为什么闭着眼睛说话- -
BV1iN2cYHEYu,113257247409782,"小鹏G6 标准续航里程 RWD 1,439,000 258 0–100 6.6 435 km (WLTP)",AI舞姬实验室,2024-10-07 07:26:31,37446,45,1,1728213812772,26170360257,23.49900,1,25,15138834,2024-10-09 21:46:29,1728481589,0,742e0416,1689385034395992576,一眼假
BV1iN2cYHEYu,113257247409782,"小鹏G6 标准续航里程 RWD 1,439,000 258 0–100 6.6 435 km (WLTP)",AI舞姬实验室,2024-10-07 07:26:31,37446,45,1,1728213812772,26170360257,22.06400,1,25,16707842,2024-10-09 19:18:15,1728472695,0,e716d7f6,1689310422048039936,听不懂思密达
BV1iN2cYHEYu,113257247409782,"小鹏G6 标准续航里程 RWD 1,439,000 258 0–100 6.6 435 km (WLTP)",AI舞姬实验室,2024-10-07 07:26:31,37446,45,1,1728213812772,26170360257,24.48900,1,25,16777215,2024-10-09 19:18:06,1728472686,0,3c7a542c,1689310345476245504,好大的雷
BV1iN2cYHEYu,113257247409782,"小鹏G6 标准续航里程 RWD 1,439,000 258 0–100 6.6 435 km (WLTP)",AI舞姬实验室,2024-10-07 07:26:31,37446,45,1,1728213812772,26170360257,9.67700,1,25,16777215,2024-10-09 19:07:27,1728472047,0,f6f51f2,1689304988159063296,一眼假
BV1iN2cYHEYu,113257247409782,"小鹏G6 标准续航里程 RWD 1,439,000 258 0–100 6.6 435 km (WLTP)",AI舞姬实验室,2024-10-07 07:26:31,37446,45,1,1728213812772,26170360257,7.50000,1,25,16777215,2024-10-09 16:42:47,1728463367,0,ba924d55,1689232171568500224,我在期待什么
BV1iN2cYHEYu,113257247409782,"小鹏G6 标准续航里程 RWD 1,439,000 258 0–100 6.6 435 km (WLTP)",AI舞姬实验室,2024-10-07 07:26:31,37446,45,1,1728213812772,26170360257,102.79400,1,25,16777215,2024-10-09 15:40:08,1728459608,0,6b67dbe7,1689200643732455168,这车牌这么红？
BV1iN2cYHEYu,113257247409782,"小鹏G6 标准续航里程 RWD 1,439,000 258 0–100 6.6 435 km (WLTP)",AI舞姬实验室,2024-10-07 07:26:31,37446,45,1,1728213812772,26170360257,6.33200,5,25,16707842,2024-10-09 14:58:08,1728457088,0,1c3e1ca5,1689179503407928320,有多少看视频会放大看的？
BV1iN2cYHEYu,113257247409782,"小鹏G6 标准续航里程 RWD 1,439,000 258 0–100 6.6 435 km (WLTP)",AI舞姬实验室,2024-10-07 07:26:31,37446,45,1,1728213812772,26170360257,3.95600,1,25,16777215,2024-10-08 16:09:49,1728374989,0,42469717,1688490807591648512,大雷
BV1iN2cYHEYu,113257247409782,"小鹏G6 标准续航里程 RWD 1,439,000 258 0–100 6.6 435 km (WLTP)",AI舞姬实验室,2024-10-07 07:26:31,37446,45,1,1728213812772,26170360257,47.84500,1,25,16777215,2024-10-08 08:01:24,1728345684,0,31b1c6a0,1688244976095431680,灯闪的我只能注视着
BV1iN2cYHEYu,113257247409782,"小鹏G6 标准续航里程 RWD 1,439,000 258 0–100 6.6 435 km (WLTP)",AI舞姬实验室,2024-10-07 07:26:31,37446,45,1,1728213812772,26170360257,45.09000,1,25,16777215,2024-10-08 07:20:27,1728343227,0,5e21a093,1688224365906491136,大是大，但是脸有点不行
BV1iN2cYHEYu,113257247409782,"小鹏G6 标准续航里程 RWD 1,439,000 258 0–100 6.6 435 km (WLTP)",AI舞姬实验室,2024-10-07 07:26:31,37446,45,1,1728213812772,26170360257,11.67100,1,25,16777215,2024-10-07 23:18:22,1728314302,0,b5ce6370,1687981726468713472,我擦眼泪
BV1iN2cYHEYu,113257247409782,"小鹏G6 标准续航里程 RWD 1,439,000 258 0–100 6.6 435 km (WLTP)",AI舞姬实验室,2024-10-07 07:26:31,37446,45,1,1728213812772,26170360257,56.68700,1,25,16777215,2024-10-07 22:41:31,1728312091,0,239c06d9,1687963179391254784,这是科技熊吧
BV1iN2cYHEYu,113257247409782,"小鹏G6 标准续航里程 RWD 1,439,000 258 0–100 6.6 435 km (WLTP)",AI舞姬实验室,2024-10-07 07:26:31,37446,45,1,1728213812772,26170360257,14.09000,1,25,16777215,2024-10-07 22:39:47,1728311987,0,72f53e56,1687962311673068544,假波
BV1iN2cYHEYu,113257247409782,"小鹏G6 标准续航里程 RWD 1,439,000 258 0–100 6.6 435 km (WLTP)",AI舞姬实验室,2024-10-07 07:26:31,37446,45,1,1728213812772,26170360257,197.16400,1,25,16777215,2024-10-07 22:25:22,1728311122,0,894a1216,1687955050184177408,不看了，太难受了。
BV1iN2cYHEYu,113257247409782,"小鹏G6 标准续航里程 RWD 1,439,000 258 0–100 6.6 435 km (WLTP)",AI舞姬实验室,2024-10-07 07:26:31,37446,45,1,1728213812772,26170360257,35.50400,1,25,16777215,2024-10-07 20:44:24,1728305064,0,95e9698,1687904232541811200,这还怎么看车
BV1iN2cYHEYu,113257247409782,"小鹏G6 标准续航里程 RWD 1,439,000 258 0–100 6.6 435 km (WLTP)",AI舞姬实验室,2024-10-07 07:26:31,37446,45,1,1728213812772,26170360257,14.53800,1,25,16777215,2024-10-07 18:41:12,1728297672,0,34b9b7c5,1687842225235296000,烫嘴
BV1iN2cYHEYu,113257247409782,"小鹏G6 标准续航里程 RWD 1,439,000 258 0–100 6.6 435 km (WLTP)",AI舞姬实验室,2024-10-07 07:26:31,37446,45,1,1728213812772,26170360257,665.64900,1,25,16777215,2024-10-07 16:53:40,1728291220,0,f27f5091,1687788104863720704,老公
BV14K4y1p7gK,886474233,小鹏P7自动泊车好用吗？,科技小辛,2021-02-01 19:19:41,65223,148,1,小鹏P7自动泊车好用吗？,291017035,282.26000,1,25,16777215,2022-07-26 15:28:07,1658820487,0,448f2410,1105025353950183680,中国电车真的太卷了
BV14K4y1p7gK,886474233,小鹏P7自动泊车好用吗？,科技小辛,2021-02-01 19:19:41,65223,148,1,小鹏P7自动泊车好用吗？,291017035,342.00100,5,25,16777215,2021-08-04 08:26:35,1628036795,0,4cede3bf,52897838854569991,停车困难户表示很赞
BV14K4y1p7gK,886474233,小鹏P7自动泊车好用吗？,科技小辛,2021-02-01 19:19:41,65223,148,1,小鹏P7自动泊车好用吗？,291017035,307.51300,1,25,15138834,2021-07-18 02:47:41,1626547661,0,68677914,52117103786328071,小鹏：要不是我手下留情
BV14K4y1p7gK,886474233,小鹏P7自动泊车好用吗？,科技小辛,2021-02-01 19:19:41,65223,148,1,小鹏P7自动泊车好用吗？,291017035,118.50600,1,25,16777215,2021-03-03 03:33:41,1614713621,0,3f7cf89e,45912658325012487,爷有钱，乐意当玩具啊
BV14K4y1p7gK,886474233,小鹏P7自动泊车好用吗？,科技小辛,2021-02-01 19:19:41,65223,148,1,小鹏P7自动泊车好用吗？,291017035,127.35900,1,25,16777215,2021-02-14 07:44:52,1613259892,0,c9fa044a,45150485860581381,车对男人来说就是大玩具啊没毛病
BV14K4y1p7gK,886474233,小鹏P7自动泊车好用吗？,科技小辛,2021-02-01 19:19:41,65223,148,1,小鹏P7自动泊车好用吗？,291017035,298.94700,1,25,16777215,2022-08-05 22:49:08,1659710948,0,b655ed7b,1112495079240551680,最后一期
BV14K4y1p7gK,886474233,小鹏P7自动泊车好用吗？,科技小辛,2021-02-01 19:19:41,65223,148,1,小鹏P7自动泊车好用吗？,291017035,117.10500,1,25,16777215,2022-03-24 08:50:48,1648083048,0,6acc9150,1014953192355554816,别说30w有钱拿3亿当玩具都行，狭隘
BV14K4y1p7gK,886474233,小鹏P7自动泊车好用吗？,科技小辛,2021-02-01 19:19:41,65223,148,1,小鹏P7自动泊车好用吗？,291017035,305.55600,1,25,16777215,2021-11-02 11:46:05,1635824765,0,ae513440,57007703830620672,拿自己做碰撞试验
BV14K4y1p7gK,886474233,小鹏P7自动泊车好用吗？,科技小辛,2021-02-01 19:19:41,65223,148,1,小鹏P7自动泊车好用吗？,291017035,238.66700,1,25,16777215,2021-02-24 17:20:03,1614158403,0,81e80428,45621564559327237,8特斯拉的泊车 谁用谁知道
BV14K4y1p7gK,886474233,小鹏P7自动泊车好用吗？,科技小辛,2021-02-01 19:19:41,65223,148,1,小鹏P7自动泊车好用吗？,291017035,225.66700,1,25,16777215,2021-02-24 17:19:51,1614158391,0,81e80428,45621558024601603,比特斯拉强多了…
BV14K4y1p7gK,886474233,小鹏P7自动泊车好用吗？,科技小辛,2021-02-01 19:19:41,65223,148,1,小鹏P7自动泊车好用吗？,291017035,136.82800,1,25,16777215,2021-02-22 15:17:24,1613978244,0,553101fc,45527109340233735,经济条件不一样，看法不一样，over。
BV14K4y1p7gK,886474233,小鹏P7自动泊车好用吗？,科技小辛,2021-02-01 19:19:41,65223,148,1,小鹏P7自动泊车好用吗？,291017035,158.06100,1,25,16777215,2021-02-22 00:17:20,1613924240,0,23a24f0d,45498795474550787,你可能没在大城市开过车，有些泊位小到人出不来
BV14K4y1p7gK,886474233,小鹏P7自动泊车好用吗？,科技小辛,2021-02-01 19:19:41,65223,148,1,小鹏P7自动泊车好用吗？,291017035,422.42000,1,25,16777215,2021-02-21 19:16:59,1613906219,0,40c74892,45489347417866247,这轮胎。。心疼啊
BV14K4y1p7gK,886474233,小鹏P7自动泊车好用吗？,科技小辛,2021-02-01 19:19:41,65223,148,1,小鹏P7自动泊车好用吗？,291017035,103.38000,1,25,16777215,2021-02-18 23:16:29,1613661389,0,90119695,45360985692700679,电动车为什么不能当玩具，你怕是石乐志
BV14K4y1p7gK,886474233,小鹏P7自动泊车好用吗？,科技小辛,2021-02-01 19:19:41,65223,148,1,小鹏P7自动泊车好用吗？,291017035,151.01700,1,25,16777215,2021-02-14 09:51:17,1613267477,0,9038ae9c,45154462639587333,就你搁这一顿操作我都停好俩车了
BV14K4y1p7gK,886474233,小鹏P7自动泊车好用吗？,科技小辛,2021-02-01 19:19:41,65223,148,1,小鹏P7自动泊车好用吗？,291017035,339.94600,1,25,16777215,2021-02-02 16:25:19,1612254319,0,38b43b80,44623275933827075,某车主自己开车把自己给撞了
BV14K4y1p7gK,886474233,小鹏P7自动泊车好用吗？,科技小辛,2021-02-01 19:19:41,65223,148,1,小鹏P7自动泊车好用吗？,291017035,100.71700,1,25,16777215,2021-02-02 12:32:07,1612240327,0,4d511101,44615940118151175,电动车拿来当玩具，你怕是石乐志
BV14K4y1p7gK,886474233,小鹏P7自动泊车好用吗？,科技小辛,2021-02-01 19:19:41,65223,148,1,小鹏P7自动泊车好用吗？,291017035,446.49200,1,25,16777215,2021-02-02 11:04:13,1612235053,0,e339a986,44613174926245895,我还没上车呢
BV14K4y1p7gK,886474233,小鹏P7自动泊车好用吗？,科技小辛,2021-02-01 19:19:41,65223,148,1,小鹏P7自动泊车好用吗？,291017035,274.38200,1,25,16777215,2021-02-02 11:01:36,1612234896,0,e339a986,44613092855775237,太智能了，让车主选择方向
BV14K4y1p7gK,886474233,小鹏P7自动泊车好用吗？,科技小辛,2021-02-01 19:19:41,65223,148,1,小鹏P7自动泊车好用吗？,291017035,41.64200,1,25,16777215,2021-02-02 09:32:42,1612229562,0,e1434fa3,44610295973281799,说偷代码的不是黑子就是外行
BV14K4y1p7gK,886474233,小鹏P7自动泊车好用吗？,科技小辛,2021-02-01 19:19:41,65223,148,1,小鹏P7自动泊车好用吗？,291017035,156.02100,1,25,16777215,2021-02-01 23:09:18,1612192158,0,345fd628,44590685816356871,越看越觉得小鹏就是车界小米
BV14K4y1p7gK,886474233,小鹏P7自动泊车好用吗？,科技小辛,2021-02-01 19:19:41,65223,148,1,小鹏P7自动泊车好用吗？,291017035,52.69100,1,25,16777215,2021-02-01 22:40:50,1612190450,0,e1434fa3,44589790336122883,小鹏三王牌 ngp，语音座舱，泊车
BV14K4y1p7gK,886474233,小鹏P7自动泊车好用吗？,科技小辛,2021-02-01 19:19:41,65223,148,1,小鹏P7自动泊车好用吗？,291017035,403.07900,1,25,16777215,2021-02-01 22:30:41,1612189841,0,1296aa53,44589471125471235,侧方位比我停的快…………
BV14K4y1p7gK,886474233,小鹏P7自动泊车好用吗？,科技小辛,2021-02-01 19:19:41,65223,148,1,小鹏P7自动泊车好用吗？,291017035,309.88800,1,25,16777215,2021-02-01 21:30:28,1612186228,0,9f5a399b,44587576606064647,哈哈哈哈以身示范
BV14K4y1p7gK,886474233,小鹏P7自动泊车好用吗？,科技小辛,2021-02-01 19:19:41,65223,148,1,小鹏P7自动泊车好用吗？,291017035,115.09300,1,25,16777215,2023-08-12 13:22:05,1691817725,0,26272728,1381826248355021824,对于有钱人，几百万的车不也是玩具
BV14K4y1p7gK,886474233,小鹏P7自动泊车好用吗？,科技小辛,2021-02-01 19:19:41,65223,148,1,小鹏P7自动泊车好用吗？,291017035,174.96300,1,25,16777215,2023-04-07 11:03:08,1680836588,0,99408c49,1289709793677802240,当心大B就在隔壁！！  驾驶员这个时候心是颤抖的 假装镇定！
BV14K4y1p7gK,886474233,小鹏P7自动泊车好用吗？,科技小辛,2021-02-01 19:19:41,65223,148,1,小鹏P7自动泊车好用吗？,291017035,393.82100,1,25,16777215,2023-03-28 13:04:36,1679979876,0,c1d93146,1282523174839532800,这车位有难度
BV14K4y1p7gK,886474233,小鹏P7自动泊车好用吗？,科技小辛,2021-02-01 19:19:41,65223,148,1,小鹏P7自动泊车好用吗？,291017035,210.77000,1,25,16777215,2023-01-17 20:49:04,1673959744,0,1b5688a2,1232022648733630720,可以啊
BV14K4y1p7gK,886474233,小鹏P7自动泊车好用吗？,科技小辛,2021-02-01 19:19:41,65223,148,1,小鹏P7自动泊车好用吗？,291017035,459.21700,1,25,16777215,2023-01-08 14:53:54,1673160834,0,3e4b52ef,1225320903609873408,不错不错
BV14K4y1p7gK,886474233,小鹏P7自动泊车好用吗？,科技小辛,2021-02-01 19:19:41,65223,148,1,小鹏P7自动泊车好用吗？,291017035,291.16400,1,25,16777215,2023-01-06 01:22:42,1672939362,0,b44de3ba,1223463063840443392,真遥控汽车
BV14K4y1p7gK,886474233,小鹏P7自动泊车好用吗？,科技小辛,2021-02-01 19:19:41,65223,148,1,小鹏P7自动泊车好用吗？,291017035,123.31800,1,25,16777215,2022-10-22 00:18:24,1666369104,0,445d824f,1168347744516078848,30万连玩具都当不了，那还买什么？
BV14K4y1p7gK,886474233,小鹏P7自动泊车好用吗？,科技小辛,2021-02-01 19:19:41,65223,148,1,小鹏P7自动泊车好用吗？,291017035,308.00600,1,25,16777215,2022-06-25 02:28:15,1656095295,0,3c49ae74,1082164790312386816,能不能躺下试试
BV14K4y1p7gK,886474233,小鹏P7自动泊车好用吗？,科技小辛,2021-02-01 19:19:41,65223,148,1,小鹏P7自动泊车好用吗？,291017035,239.73000,1,25,16777215,2022-06-24 10:37:17,1656038237,0,80a2ed30,1081686153847118080,好了待会儿去试试，我一直不知道怎么无人自动泊车。哈哈哈
BV14K4y1p7gK,886474233,小鹏P7自动泊车好用吗？,科技小辛,2021-02-01 19:19:41,65223,148,1,小鹏P7自动泊车好用吗？,291017035,160.47400,1,25,16777215,2022-06-21 17:59:26,1655805566,0,c9e286f2,1079734361709922816,因为车又不需要开后视镜所以就关了呗
BV14K4y1p7gK,886474233,小鹏P7自动泊车好用吗？,科技小辛,2021-02-01 19:19:41,65223,148,1,小鹏P7自动泊车好用吗？,291017035,409.84700,1,25,16777215,2022-05-10 17:31:44,1652175104,0,f6fd02e6,1049279843084115456,前面的你一把就能进？蠢货
BV14K4y1p7gK,886474233,小鹏P7自动泊车好用吗？,科技小辛,2021-02-01 19:19:41,65223,148,1,小鹏P7自动泊车好用吗？,291017035,140.37900,1,25,16777215,2022-04-25 22:34:20,1650897260,0,e391f09e,1038560507662968832,我靠有这时间停进去好几次了
BV14K4y1p7gK,886474233,小鹏P7自动泊车好用吗？,科技小辛,2021-02-01 19:19:41,65223,148,1,小鹏P7自动泊车好用吗？,291017035,147.07500,1,25,16777215,2022-03-15 23:08:54,1647356934,0,673fe85c,1008862103836126208,确实一群那天
BV14K4y1p7gK,886474233,小鹏P7自动泊车好用吗？,科技小辛,2021-02-01 19:19:41,65223,148,1,小鹏P7自动泊车好用吗？,291017035,198.20700,1,25,16777215,2022-03-14 01:28:53,1647192533,0,16889346,1007483004433636864,宾利在瑟瑟发抖
BV14K4y1p7gK,886474233,小鹏P7自动泊车好用吗？,科技小辛,2021-02-01 19:19:41,65223,148,1,小鹏P7自动泊车好用吗？,291017035,190.01400,1,25,16777215,2022-03-14 01:28:38,1647192518,0,16889346,1007482877102932992,真担心碰到宾利
BV14K4y1p7gK,886474233,小鹏P7自动泊车好用吗？,科技小辛,2021-02-01 19:19:41,65223,148,1,小鹏P7自动泊车好用吗？,291017035,35.92900,1,25,16777215,2022-03-06 17:30:42,1646559042,0,8faf9e51,1002168902601537024,侧方位能停吗
BV14K4y1p7gK,886474233,小鹏P7自动泊车好用吗？,科技小辛,2021-02-01 19:19:41,65223,148,1,小鹏P7自动泊车好用吗？,291017035,458.49500,1,25,16777215,2022-01-11 21:56:31,1641909391,0,9172b3ae,963164799059689472,现实中这么理想的环境并不太多，真这么理想，自己停也可以了
BV14K4y1p7gK,886474233,小鹏P7自动泊车好用吗？,科技小辛,2021-02-01 19:19:41,65223,148,1,小鹏P7自动泊车好用吗？,291017035,411.13500,1,25,16777215,2022-01-11 21:55:12,1641909312,0,9172b3ae,963164133457223680,这个位置太富裕了
BV14K4y1p7gK,886474233,小鹏P7自动泊车好用吗？,科技小辛,2021-02-01 19:19:41,65223,148,1,小鹏P7自动泊车好用吗？,291017035,306.60100,1,25,16777215,2022-01-11 21:53:00,1641909180,0,9172b3ae,963163027447783424,这么近。。。
BV14K4y1p7gK,886474233,小鹏P7自动泊车好用吗？,科技小辛,2021-02-01 19:19:41,65223,148,1,小鹏P7自动泊车好用吗？,291017035,265.19300,1,25,16777215,2022-01-11 21:52:06,1641909126,0,9172b3ae,963162580944863232,这个播出有点搞笑
BV14K4y1p7gK,886474233,小鹏P7自动泊车好用吗？,科技小辛,2021-02-01 19:19:41,65223,148,1,小鹏P7自动泊车好用吗？,291017035,233.87600,1,25,16777215,2022-01-11 21:51:25,1641909085,0,9172b3ae,963162235181383680,首先，北京很难找到这么空旷的停车场
BV14K4y1p7gK,886474233,小鹏P7自动泊车好用吗？,科技小辛,2021-02-01 19:19:41,65223,148,1,小鹏P7自动泊车好用吗？,291017035,197.52400,1,25,16777215,2022-01-11 21:50:18,1641909018,0,9172b3ae,963161669555281920,你是电脑，应该一把过
BV14K4y1p7gK,886474233,小鹏P7自动泊车好用吗？,科技小辛,2021-02-01 19:19:41,65223,148,1,小鹏P7自动泊车好用吗？,291017035,176.61700,1,25,16777215,2022-01-11 21:49:38,1641908978,0,9172b3ae,963161339064254464,我真怕自己被车撞到
BV14K4y1p7gK,886474233,小鹏P7自动泊车好用吗？,科技小辛,2021-02-01 19:19:41,65223,148,1,小鹏P7自动泊车好用吗？,291017035,461.52100,1,25,16777215,2022-01-10 08:02:13,1641772933,0,370d3fcf,962020105700032512,谁停车不是这么磨胎的
BV14K4y1p7gK,886474233,小鹏P7自动泊车好用吗？,科技小辛,2021-02-01 19:19:41,65223,148,1,小鹏P7自动泊车好用吗？,291017035,411.58800,1,25,16777215,2022-01-10 08:01:03,1641772863,0,370d3fcf,962019523868827648,不错
BV14K4y1p7gK,886474233,小鹏P7自动泊车好用吗？,科技小辛,2021-02-01 19:19:41,65223,148,1,小鹏P7自动泊车好用吗？,291017035,343.21300,1,25,16777215,2022-01-10 07:59:53,1641772793,0,370d3fcf,962018931883982848,能
BV14K4y1p7gK,886474233,小鹏P7自动泊车好用吗？,科技小辛,2021-02-01 19:19:41,65223,148,1,小鹏P7自动泊车好用吗？,291017035,231.31400,1,25,16777215,2021-12-19 21:39:03,1639921143,0,cbb63c67,59155385323721728,好玩
BV14K4y1p7gK,886474233,小鹏P7自动泊车好用吗？,科技小辛,2021-02-01 19:19:41,65223,148,1,小鹏P7自动泊车好用吗？,291017035,308.24300,1,25,16777215,2021-12-18 22:38:51,1639838331,0,46ff536d,59111968149094400,销售跟我说往墙上撞是不会停的，但是人会。没试过
BV14K4y1p7gK,886474233,小鹏P7自动泊车好用吗？,科技小辛,2021-02-01 19:19:41,65223,148,1,小鹏P7自动泊车好用吗？,291017035,288.20300,1,25,16777215,2021-12-18 22:38:07,1639838287,0,46ff536d,59111944835375104,这个车辆检测到人会停止，但是物体不会。总之操控权在你
BV14K4y1p7gK,886474233,小鹏P7自动泊车好用吗？,科技小辛,2021-02-01 19:19:41,65223,148,1,小鹏P7自动泊车好用吗？,291017035,463.57200,1,25,16777215,2021-12-12 02:23:18,1639246998,0,35aa298c,58801939287128064,建议别刹车了，你刹车磨的更狠
BV14K4y1p7gK,886474233,小鹏P7自动泊车好用吗？,科技小辛,2021-02-01 19:19:41,65223,148,1,小鹏P7自动泊车好用吗？,291017035,402.75000,1,25,16777215,2021-11-30 12:27:45,1638246465,0,90bfb5f3,58277371717432832,比我侧方停得好还快
BV14K4y1p7gK,886474233,小鹏P7自动泊车好用吗？,科技小辛,2021-02-01 19:19:41,65223,148,1,小鹏P7自动泊车好用吗？,291017035,367.27300,1,25,16777215,2021-11-22 13:17:06,1637558226,0,ca24fc6,57916536299279360,舒服了
BV14K4y1p7gK,886474233,小鹏P7自动泊车好用吗？,科技小辛,2021-02-01 19:19:41,65223,148,1,小鹏P7自动泊车好用吗？,291017035,361.62200,1,25,16777215,2021-10-10 00:25:42,1633796742,0,54a5ac1b,55944435610574336,开了五年了，侧方位还是不太会
BV14K4y1p7gK,886474233,小鹏P7自动泊车好用吗？,科技小辛,2021-02-01 19:19:41,65223,148,1,小鹏P7自动泊车好用吗？,291017035,335.35800,1,25,16777215,2021-08-10 23:57:37,1628611057,0,e836c934,53225643067937792,侧方停车能做到吗
BV14K4y1p7gK,886474233,小鹏P7自动泊车好用吗？,科技小辛,2021-02-01 19:19:41,65223,148,1,小鹏P7自动泊车好用吗？,291017035,267.17700,1,25,16777215,2021-08-10 23:56:09,1628610969,0,e836c934,53225596663849984,懂了，适合车位窄的情况，确实好几次停好车以后下不去，旁边车太近
BV14K4y1p7gK,886474233,小鹏P7自动泊车好用吗？,科技小辛,2021-02-01 19:19:41,65223,148,1,小鹏P7自动泊车好用吗？,291017035,148.71200,1,25,16777215,2021-07-29 05:17:23,1627507043,0,299f684a,52620096436174851,三十万当玩具怎么了，还有三十万一把牌的呢，没见识
BV14K4y1p7gK,886474233,小鹏P7自动泊车好用吗？,科技小辛,2021-02-01 19:19:41,65223,148,1,小鹏P7自动泊车好用吗？,291017035,266.71700,1,25,16777215,2021-07-16 15:57:27,1626422247,0,53e4aaa7,52051350737387523,宾利不感兴趣
BV14K4y1p7gK,886474233,小鹏P7自动泊车好用吗？,科技小辛,2021-02-01 19:19:41,65223,148,1,小鹏P7自动泊车好用吗？,291017035,440.24300,1,25,16777215,2021-07-09 05:37:00,1625780220,0,7889afcb,51714743700291587,哈哈
BV14K4y1p7gK,886474233,小鹏P7自动泊车好用吗？,科技小辛,2021-02-01 19:19:41,65223,148,1,小鹏P7自动泊车好用吗？,291017035,388.54400,1,25,16777215,2021-07-09 05:36:09,1625780169,0,7889afcb,51714716594601989,牛逼啊
BV14K4y1p7gK,886474233,小鹏P7自动泊车好用吗？,科技小辛,2021-02-01 19:19:41,65223,148,1,小鹏P7自动泊车好用吗？,291017035,293.24400,1,25,16777215,2021-07-09 05:34:33,1625780073,0,7889afcb,51714666628382725,哇靠
BV14K4y1p7gK,886474233,小鹏P7自动泊车好用吗？,科技小辛,2021-02-01 19:19:41,65223,148,1,小鹏P7自动泊车好用吗？,291017035,195.70400,1,25,16777215,2021-07-09 05:32:56,1625779976,0,7889afcb,51714615493525507,真的好牛逼啊
BV14K4y1p7gK,886474233,小鹏P7自动泊车好用吗？,科技小辛,2021-02-01 19:19:41,65223,148,1,小鹏P7自动泊车好用吗？,291017035,161.83400,1,25,16777215,2021-07-09 05:32:22,1625779942,0,7889afcb,51714597733793797,哇
BV14K4y1p7gK,886474233,小鹏P7自动泊车好用吗？,科技小辛,2021-02-01 19:19:41,65223,148,1,小鹏P7自动泊车好用吗？,291017035,313.80100,1,25,16777215,2021-06-29 01:16:16,1624900576,0,bbfa1d62,51253556735901703,差点吃饭
BV14K4y1p7gK,886474233,小鹏P7自动泊车好用吗？,科技小辛,2021-02-01 19:19:41,65223,148,1,小鹏P7自动泊车好用吗？,291017035,209.73800,1,25,16777215,2021-05-27 23:17:43,1622128663,0,bb12d3f9,49800276087930885,牛逼啊
BV14K4y1p7gK,886474233,小鹏P7自动泊车好用吗？,科技小辛,2021-02-01 19:19:41,65223,148,1,小鹏P7自动泊车好用吗？,291017035,226.36900,1,25,16777215,2021-05-17 06:42:06,1621204926,0,a28133e,49315971823828995,好喜欢小鹏的声音
BV14K4y1p7gK,886474233,小鹏P7自动泊车好用吗？,科技小辛,2021-02-01 19:19:41,65223,148,1,小鹏P7自动泊车好用吗？,291017035,433.92900,1,25,16777215,2021-04-21 02:04:02,1618941842,0,6bf3827e,48129464143970311,平行泊车后默认回到启动自动泊车时的位置
BV14K4y1p7gK,886474233,小鹏P7自动泊车好用吗？,科技小辛,2021-02-01 19:19:41,65223,148,1,小鹏P7自动泊车好用吗？,291017035,79.53800,1,25,16777215,2021-04-20 17:22:14,1618910534,0,c5fc67bd,48113049679691779,遥控的话会不会被黑客黑掉，然后被开出去啊
BV14K4y1p7gK,886474233,小鹏P7自动泊车好用吗？,科技小辛,2021-02-01 19:19:41,65223,148,1,小鹏P7自动泊车好用吗？,291017035,429.29500,1,25,16777215,2021-04-08 22:38:06,1617892686,0,80ad2e14,47579404043288643,牛逼牛逼
BV14K4y1p7gK,886474233,小鹏P7自动泊车好用吗？,科技小辛,2021-02-01 19:19:41,65223,148,1,小鹏P7自动泊车好用吗？,291017035,156.63300,1,25,16776960,2021-03-31 14:14:06,1617171246,0,d21683fe,47201161959702535,车位很窄 贴墙的，你就算挺好两车 你下不来顶个屁用？你满周岁抓阄抓的是键盘吗前面的
BV14K4y1p7gK,886474233,小鹏P7自动泊车好用吗？,科技小辛,2021-02-01 19:19:41,65223,148,1,小鹏P7自动泊车好用吗？,291017035,374.82900,1,25,16777215,2021-03-31 12:22:07,1617164527,0,f4752124,47197639370866691,适合女司机么
BV14K4y1p7gK,886474233,小鹏P7自动泊车好用吗？,科技小辛,2021-02-01 19:19:41,65223,148,1,小鹏P7自动泊车好用吗？,291017035,149.92300,1,25,16777215,2021-03-21 18:51:14,1616323874,0,b3219ba6,46756894676090885,开不了门的情况可以用
BV14K4y1p7gK,886474233,小鹏P7自动泊车好用吗？,科技小辛,2021-02-01 19:19:41,65223,148,1,小鹏P7自动泊车好用吗？,291017035,471.43700,1,25,16777215,2021-03-18 22:21:05,1616077265,0,8dcb8e0b,46627600755326979,自己出去跑滴滴好搞笑
BV14K4y1p7gK,886474233,小鹏P7自动泊车好用吗？,科技小辛,2021-02-01 19:19:41,65223,148,1,小鹏P7自动泊车好用吗？,291017035,333.10900,1,25,16777215,2021-03-15 17:50:16,1615801816,0,4bb26814,46483186101256197,撞到就是小卒了
BV14K4y1p7gK,886474233,小鹏P7自动泊车好用吗？,科技小辛,2021-02-01 19:19:41,65223,148,1,小鹏P7自动泊车好用吗？,291017035,348.32400,1,25,16777215,2021-03-08 12:48:33,1615178913,0,cdf9b682,46156605485481991,侧方位安排
BV14K4y1p7gK,886474233,小鹏P7自动泊车好用吗？,科技小辛,2021-02-01 19:19:41,65223,148,1,小鹏P7自动泊车好用吗？,291017035,137.44400,1,25,16777215,2021-02-28 17:40:50,1614505250,0,f0afbf19,45803411935330309,nt弹幕
BV14K4y1p7gK,886474233,小鹏P7自动泊车好用吗？,科技小辛,2021-02-01 19:19:41,65223,148,1,小鹏P7自动泊车好用吗？,291017035,451.25900,1,25,16777215,2021-02-26 02:05:00,1614276300,0,48a73a4a,45683376534847493,爽啊
BV14K4y1p7gK,886474233,小鹏P7自动泊车好用吗？,科技小辛,2021-02-01 19:19:41,65223,148,1,小鹏P7自动泊车好用吗？,291017035,290.57900,1,25,16777215,2021-02-26 02:02:10,1614276130,0,48a73a4a,45683287032594435,真遥控汽车
BV14K4y1p7gK,886474233,小鹏P7自动泊车好用吗？,科技小辛,2021-02-01 19:19:41,65223,148,1,小鹏P7自动泊车好用吗？,291017035,197.89900,1,25,16777215,2021-02-26 01:59:59,1614275999,0,48a73a4a,45683218589417475,牛啊
BV14K4y1p7gK,886474233,小鹏P7自动泊车好用吗？,科技小辛,2021-02-01 19:19:41,65223,148,1,小鹏P7自动泊车好用吗？,291017035,309.37400,1,25,16777215,2021-02-25 20:16:49,1614255409,0,94c1ee8d,45672423556120581,卒
BV14K4y1p7gK,886474233,小鹏P7自动泊车好用吗？,科技小辛,2021-02-01 19:19:41,65223,148,1,小鹏P7自动泊车好用吗？,291017035,259.91100,1,25,16777215,2021-02-25 18:47:00,1614250020,0,e58deaca,45669598321704963,旁边宾利啊
BV14K4y1p7gK,886474233,小鹏P7自动泊车好用吗？,科技小辛,2021-02-01 19:19:41,65223,148,1,小鹏P7自动泊车好用吗？,291017035,107.75900,1,25,15138834,2021-02-24 22:27:58,1614176878,0,ec88f866,45631250465554439,油车也有不少大玩具啊
BV14K4y1p7gK,886474233,小鹏P7自动泊车好用吗？,科技小辛,2021-02-01 19:19:41,65223,148,1,小鹏P7自动泊车好用吗？,291017035,316.86700,1,25,16777215,2021-02-24 16:29:53,1614155393,0,d674bd27,45619986244829189,比model3好多了
BV14K4y1p7gK,886474233,小鹏P7自动泊车好用吗？,科技小辛,2021-02-01 19:19:41,65223,148,1,小鹏P7自动泊车好用吗？,291017035,445.47900,1,25,16777215,2021-02-24 13:54:35,1614146075,0,86ce7fad,45615100839591941,牛逼啊V
BV14K4y1p7gK,886474233,小鹏P7自动泊车好用吗？,科技小辛,2021-02-01 19:19:41,65223,148,1,小鹏P7自动泊车好用吗？,291017035,426.75000,1,25,16777215,2021-02-23 14:37:03,1614062223,0,9214e94c,45571138268430339,前后如果有车呢？道路上一般侧后方都有路沿的
BV14K4y1p7gK,886474233,小鹏P7自动泊车好用吗？,科技小辛,2021-02-01 19:19:41,65223,148,1,小鹏P7自动泊车好用吗？,291017035,313.00100,1,25,16777215,2021-02-23 14:34:24,1614062064,0,9214e94c,45571055018311683,自己撞自己 保险不赔
BV14K4y1p7gK,886474233,小鹏P7自动泊车好用吗？,科技小辛,2021-02-01 19:19:41,65223,148,1,小鹏P7自动泊车好用吗？,291017035,210.34500,1,25,16777215,2021-02-23 14:32:25,1614061945,0,9214e94c,45570992671031301,柱子在车位里一点还能进去么
BV14K4y1p7gK,886474233,小鹏P7自动泊车好用吗？,科技小辛,2021-02-01 19:19:41,65223,148,1,小鹏P7自动泊车好用吗？,291017035,321.37500,1,25,16777215,2021-02-23 14:27:35,1614061655,0,8c969d78,45570840480186373,碰瓷自己
BV14K4y1p7gK,886474233,小鹏P7自动泊车好用吗？,科技小辛,2021-02-01 19:19:41,65223,148,1,小鹏P7自动泊车好用吗？,291017035,169.10200,1,25,16777215,2021-02-22 20:52:52,1613998372,0,4f637df3,45537662005673989,隔壁宾利
BV14K4y1p7gK,886474233,小鹏P7自动泊车好用吗？,科技小辛,2021-02-01 19:19:41,65223,148,1,小鹏P7自动泊车好用吗？,291017035,123.09200,1,25,16777215,2021-02-22 16:41:01,1613983261,0,b9cb28ad,45529739767054339,你是穷
BV14K4y1p7gK,886474233,小鹏P7自动泊车好用吗？,科技小辛,2021-02-01 19:19:41,65223,148,1,小鹏P7自动泊车好用吗？,291017035,453.86700,1,25,16777215,2021-02-22 08:24:16,1613953456,0,d99a4565,45514113167654919,牛逼
BV14K4y1p7gK,886474233,小鹏P7自动泊车好用吗？,科技小辛,2021-02-01 19:19:41,65223,148,1,小鹏P7自动泊车好用吗？,291017035,164.29100,1,25,16777215,2021-02-22 02:15:45,1613931345,0,c33e83a1,45502520608948231,我就是小鹏p7，没标线的露天，商场，我都用，怎么就用处不大？买辆车再说吧，去试试也行
BV14K4y1p7gK,886474233,小鹏P7自动泊车好用吗？,科技小辛,2021-02-01 19:19:41,65223,148,1,小鹏P7自动泊车好用吗？,291017035,319.89200,1,25,16777215,2021-02-21 02:29:50,1613845790,0,6317681f,45457664912130053,以身试法
BV14K4y1p7gK,886474233,小鹏P7自动泊车好用吗？,科技小辛,2021-02-01 19:19:41,65223,148,1,小鹏P7自动泊车好用吗？,291017035,67.18300,1,25,16777215,2021-02-20 20:15:09,1613823309,0,9a270df4,45445878889578499,车大爷的用测试版
BV14K4y1p7gK,886474233,小鹏P7自动泊车好用吗？,科技小辛,2021-02-01 19:19:41,65223,148,1,小鹏P7自动泊车好用吗？,291017035,452.11300,1,25,16777215,2021-02-20 17:37:42,1613813862,0,3cf8be24,45440925491527685,轮胎杀手那个你以后别刹车
BV14K4y1p7gK,886474233,小鹏P7自动泊车好用吗？,科技小辛,2021-02-01 19:19:41,65223,148,1,小鹏P7自动泊车好用吗？,291017035,328.11300,1,25,16777215,2021-02-20 17:35:20,1613813720,0,3cf8be24,45440851228753923,这速度是能撞死还是咋的。。。
BV14K4y1p7gK,886474233,小鹏P7自动泊车好用吗？,科技小辛,2021-02-01 19:19:41,65223,148,1,小鹏P7自动泊车好用吗？,291017035,112.55300,1,25,16777215,2021-02-20 17:31:34,1613813494,0,3cf8be24,45440732808347653,三十万拿来当玩具才是石乐志
BV14K4y1p7gK,886474233,小鹏P7自动泊车好用吗？,科技小辛,2021-02-01 19:19:41,65223,148,1,小鹏P7自动泊车好用吗？,291017035,201.83200,1,25,16777215,2021-02-19 21:49:25,1613742565,0,8ac12d60,45403545630932997,车技太逊 一把的事
BV14K4y1p7gK,886474233,小鹏P7自动泊车好用吗？,科技小辛,2021-02-01 19:19:41,65223,148,1,小鹏P7自动泊车好用吗？,291017035,208.00200,1,25,16777215,2021-02-19 21:30:46,1613741446,0,5f9a57bc,45402959070625799,撞车了给赔吗
BV14K4y1p7gK,886474233,小鹏P7自动泊车好用吗？,科技小辛,2021-02-01 19:19:41,65223,148,1,小鹏P7自动泊车好用吗？,291017035,340.84100,1,25,16777215,2021-02-19 12:40:33,1613709633,0,dcb84fa8,45386279474429955,牛逼！
BV14K4y1p7gK,886474233,小鹏P7自动泊车好用吗？,科技小辛,2021-02-01 19:19:41,65223,148,1,小鹏P7自动泊车好用吗？,291017035,452.39100,1,25,16777215,2021-02-18 17:41:35,1613641295,0,4ccde089,45350450783846407,未来的感觉
BV14K4y1p7gK,886474233,小鹏P7自动泊车好用吗？,科技小辛,2021-02-01 19:19:41,65223,148,1,小鹏P7自动泊车好用吗？,291017035,288.12900,1,25,16777215,2021-02-18 17:38:45,1613641125,0,4ccde089,45350361834192903,一个大型玩具
BV14K4y1p7gK,886474233,小鹏P7自动泊车好用吗？,科技小辛,2021-02-01 19:19:41,65223,148,1,小鹏P7自动泊车好用吗？,291017035,169.18500,1,25,16777215,2021-02-18 17:36:37,1613640997,0,4ccde089,45350294769369095,未来的感觉
BV14K4y1p7gK,886474233,小鹏P7自动泊车好用吗？,科技小辛,2021-02-01 19:19:41,65223,148,1,小鹏P7自动泊车好用吗？,291017035,187.50000,1,25,16777215,2021-02-18 16:23:05,1613636585,0,41eddd88,45347981613334535,就一把过不了？
BV14K4y1p7gK,886474233,小鹏P7自动泊车好用吗？,科技小辛,2021-02-01 19:19:41,65223,148,1,小鹏P7自动泊车好用吗？,291017035,172.33900,1,25,16777215,2021-02-18 14:42:50,1613630570,0,59b800eb,45344828040413191,别把旁边宾利刮了
BV14K4y1p7gK,886474233,小鹏P7自动泊车好用吗？,科技小辛,2021-02-01 19:19:41,65223,148,1,小鹏P7自动泊车好用吗？,291017035,430.24900,1,25,16777215,2021-02-17 22:55:05,1613573705,0,85af9793,45315014285328391,我靠牛逼啊
BV14K4y1p7gK,886474233,小鹏P7自动泊车好用吗？,科技小辛,2021-02-01 19:19:41,65223,148,1,小鹏P7自动泊车好用吗？,291017035,411.45300,1,25,16777215,2021-02-17 16:05:33,1613549133,0,22ce9459,45302131318063111,针不戳
BV14K4y1p7gK,886474233,小鹏P7自动泊车好用吗？,科技小辛,2021-02-01 19:19:41,65223,148,1,小鹏P7自动泊车好用吗？,291017035,118.03000,1,25,16777215,2021-02-17 02:09:28,1613498968,0,cb2b6865,45275830434660357,推玻璃关门的都是有钱人
BV14K4y1p7gK,886474233,小鹏P7自动泊车好用吗？,科技小辛,2021-02-01 19:19:41,65223,148,1,小鹏P7自动泊车好用吗？,291017035,73.10400,1,25,16777215,2021-02-17 02:07:48,1613498868,0,cb2b6865,45275778140078085,还未打开可以找车前方停车位的设定
BV14K4y1p7gK,886474233,小鹏P7自动泊车好用吗？,科技小辛,2021-02-01 19:19:41,65223,148,1,小鹏P7自动泊车好用吗？,291017035,440.73100,1,25,16777215,2021-02-17 00:53:29,1613494409,0,5039d307,45273440526008327,好强啊
BV14K4y1p7gK,886474233,小鹏P7自动泊车好用吗？,科技小辛,2021-02-01 19:19:41,65223,148,1,小鹏P7自动泊车好用吗？,291017035,200.60300,1,25,16777215,2021-02-16 11:18:23,1613445503,0,1dd036f0,45247799546609669,有点标准
BV14K4y1p7gK,886474233,小鹏P7自动泊车好用吗？,科技小辛,2021-02-01 19:19:41,65223,148,1,小鹏P7自动泊车好用吗？,291017035,209.95400,1,25,16777215,2021-02-15 01:00:40,1613322040,0,28addc1b,45183069538746371,nb，蔚来用户哭了
BV14K4y1p7gK,886474233,小鹏P7自动泊车好用吗？,科技小辛,2021-02-01 19:19:41,65223,148,1,小鹏P7自动泊车好用吗？,291017035,171.13400,1,25,16777215,2021-02-15 00:15:51,1613319351,0,1e85bbb,45181659338244099,一定买！最高配
BV14K4y1p7gK,886474233,小鹏P7自动泊车好用吗？,科技小辛,2021-02-01 19:19:41,65223,148,1,小鹏P7自动泊车好用吗？,291017035,364.70700,1,25,16777215,2021-02-14 21:42:01,1613310121,0,480d4a0e,45176820086079493,测试的场景都很理想化啊
BV14K4y1p7gK,886474233,小鹏P7自动泊车好用吗？,科技小辛,2021-02-01 19:19:41,65223,148,1,小鹏P7自动泊车好用吗？,291017035,219.87500,1,25,16777215,2021-02-14 17:13:56,1613294036,0,24dcbc63,45168387221356547,适合女生
BV14K4y1p7gK,886474233,小鹏P7自动泊车好用吗？,科技小辛,2021-02-01 19:19:41,65223,148,1,小鹏P7自动泊车好用吗？,291017035,415.93600,1,25,16777215,2021-02-14 11:42:09,1613274129,0,47074cf9,45157949999415303,你太费了吧
BV14K4y1p7gK,886474233,小鹏P7自动泊车好用吗？,科技小辛,2021-02-01 19:19:41,65223,148,1,小鹏P7自动泊车好用吗？,291017035,202.81400,1,25,16777215,2021-02-12 17:49:16,1613123356,0,bde0bfe7,45078901780119557,不错不错
BV14K4y1p7gK,886474233,小鹏P7自动泊车好用吗？,科技小辛,2021-02-01 19:19:41,65223,148,1,小鹏P7自动泊车好用吗？,291017035,309.57500,1,25,16777215,2021-02-12 15:54:35,1613116475,0,94ccbe8d,45075294215208963,保险不赔
BV14K4y1p7gK,886474233,小鹏P7自动泊车好用吗？,科技小辛,2021-02-01 19:19:41,65223,148,1,小鹏P7自动泊车好用吗？,291017035,50.39900,1,25,16777215,2021-02-12 14:22:38,1613110958,0,6487b0ff,45072401606115331,特斯拉代玛是开源的，大哥
BV14K4y1p7gK,886474233,小鹏P7自动泊车好用吗？,科技小辛,2021-02-01 19:19:41,65223,148,1,小鹏P7自动泊车好用吗？,291017035,48.51900,1,25,16777215,2021-02-12 14:22:13,1613110933,0,6487b0ff,45072388654104581,特斯拉代玛开源的，大哥
BV14K4y1p7gK,886474233,小鹏P7自动泊车好用吗？,科技小辛,2021-02-01 19:19:41,65223,148,1,小鹏P7自动泊车好用吗？,291017035,439.13500,1,25,16777215,2021-02-11 20:15:55,1613045755,0,cc39b08b,45038216321433605,自己出去跑滴滴了
BV14K4y1p7gK,886474233,小鹏P7自动泊车好用吗？,科技小辛,2021-02-01 19:19:41,65223,148,1,小鹏P7自动泊车好用吗？,291017035,321.87300,1,25,16777215,2021-02-10 11:15:13,1612926913,0,21b2622d,44975909064146951,下血本演示了
BV14K4y1p7gK,886474233,小鹏P7自动泊车好用吗？,科技小辛,2021-02-01 19:19:41,65223,148,1,小鹏P7自动泊车好用吗？,291017035,465.67900,1,25,16777215,2021-02-10 00:05:35,1612886735,0,4aa7e3f,44954844028993539,太牛逼了
BV14K4y1p7gK,886474233,小鹏P7自动泊车好用吗？,科技小辛,2021-02-01 19:19:41,65223,148,1,小鹏P7自动泊车好用吗？,291017035,197.76400,1,25,16777215,2021-02-09 01:14:11,1612804451,0,dbd3a116,44911703714955271,很流畅诶，没有啥停顿
BV14K4y1p7gK,886474233,小鹏P7自动泊车好用吗？,科技小辛,2021-02-01 19:19:41,65223,148,1,小鹏P7自动泊车好用吗？,291017035,46.35400,1,25,16777215,2021-02-09 01:11:30,1612804290,0,dbd3a116,44911619079667719,偷代码的结果是还没人家好用？说出来不怕别人笑话啊
BV14K4y1p7gK,886474233,小鹏P7自动泊车好用吗？,科技小辛,2021-02-01 19:19:41,65223,148,1,小鹏P7自动泊车好用吗？,291017035,214.91000,1,25,16777215,2021-02-09 01:00:23,1612803623,0,af3265bc,44911269633851395,有一说一，这真不错
BV14K4y1p7gK,886474233,小鹏P7自动泊车好用吗？,科技小辛,2021-02-01 19:19:41,65223,148,1,小鹏P7自动泊车好用吗？,291017035,452.31700,1,25,16777215,2021-02-08 13:51:05,1612763465,0,411441e2,44890215205568519,都2020年了，比亚迪都不会这个
BV14K4y1p7gK,886474233,小鹏P7自动泊车好用吗？,科技小辛,2021-02-01 19:19:41,65223,148,1,小鹏P7自动泊车好用吗？,291017035,428.52100,1,25,16777215,2021-02-08 09:51:43,1612749103,0,f0bbc930,44882685265969157,这个有点牛逼
BV14K4y1p7gK,886474233,小鹏P7自动泊车好用吗？,科技小辛,2021-02-01 19:19:41,65223,148,1,小鹏P7自动泊车好用吗？,291017035,314.34000,1,25,16777215,2021-02-07 15:28:18,1612682898,0,5a682b49,44847975033208835,后部有雷达，当然会停了
BV14K4y1p7gK,886474233,小鹏P7自动泊车好用吗？,科技小辛,2021-02-01 19:19:41,65223,148,1,小鹏P7自动泊车好用吗？,291017035,82.92900,1,25,16777215,2021-02-05 02:33:49,1612463629,0,1bbb254e,44733014882123779,有个屁哈哈哈哈
BV14K4y1p7gK,886474233,小鹏P7自动泊车好用吗？,科技小辛,2021-02-01 19:19:41,65223,148,1,小鹏P7自动泊车好用吗？,291017035,469.37900,1,25,16777215,2021-02-04 22:03:19,1612447399,0,83d820ff,44724505719865349,紧要
BV14K4y1p7gK,886474233,小鹏P7自动泊车好用吗？,科技小辛,2021-02-01 19:19:41,65223,148,1,小鹏P7自动泊车好用吗？,291017035,367.35900,1,25,16777215,2021-02-04 11:12:10,1612408330,0,cadeda53,44704022313566215,没关窗户声音肯定不高级
BV14K4y1p7gK,886474233,小鹏P7自动泊车好用吗？,科技小辛,2021-02-01 19:19:41,65223,148,1,小鹏P7自动泊车好用吗？,291017035,453.67100,1,25,16777215,2021-02-03 21:57:18,1612360638,0,ba43356d,44679017842343943,厉害
BV14K4y1p7gK,886474233,小鹏P7自动泊车好用吗？,科技小辛,2021-02-01 19:19:41,65223,148,1,小鹏P7自动泊车好用吗？,291017035,295.65300,1,25,16777215,2021-02-03 14:09:16,1612332556,0,6a2d265e,44664294670336005,一个大玩具
BV14K4y1p7gK,886474233,小鹏P7自动泊车好用吗？,科技小辛,2021-02-01 19:19:41,65223,148,1,小鹏P7自动泊车好用吗？,291017035,451.39000,1,25,16777215,2021-02-03 00:55:16,1612284916,0,7e65c389,44639317933424647,都2020了还不能原地打轮呢
BV14K4y1p7gK,886474233,小鹏P7自动泊车好用吗？,科技小辛,2021-02-01 19:19:41,65223,148,1,小鹏P7自动泊车好用吗？,291017035,405.22600,1,25,16777215,2021-02-03 00:54:14,1612284854,0,7e65c389,44639284930019331,这么大的位置你打超过两把是你技术不到家好吗
BV14K4y1p7gK,886474233,小鹏P7自动泊车好用吗？,科技小辛,2021-02-01 19:19:41,65223,148,1,小鹏P7自动泊车好用吗？,291017035,407.20800,1,25,16777215,2021-02-02 23:36:54,1612280214,0,c2f5f7b4,44636852354285571,那你是有多菜啊……
BV14K4y1p7gK,886474233,小鹏P7自动泊车好用吗？,科技小辛,2021-02-01 19:19:41,65223,148,1,小鹏P7自动泊车好用吗？,291017035,419.47600,1,25,16777215,2021-02-02 23:30:47,1612279847,0,38648c49,44636660310736899,原来如此
BV14K4y1p7gK,886474233,小鹏P7自动泊车好用吗？,科技小辛,2021-02-01 19:19:41,65223,148,1,小鹏P7自动泊车好用吗？,291017035,367.93500,1,25,16777215,2021-02-02 23:29:45,1612279785,0,38648c49,44636627677478915,车窗不关吗
BV14K4y1p7gK,886474233,小鹏P7自动泊车好用吗？,科技小辛,2021-02-01 19:19:41,65223,148,1,小鹏P7自动泊车好用吗？,291017035,170.53600,1,25,16777215,2021-02-02 23:01:56,1612278116,0,ccece84b,44635752379187203,我车活了
BV14K4y1p7gK,886474233,小鹏P7自动泊车好用吗？,科技小辛,2021-02-01 19:19:41,65223,148,1,小鹏P7自动泊车好用吗？,291017035,37.47100,1,25,16777215,2021-02-02 18:47:40,1612262860,0,3a71e264,44627754037018695,前面的 就会引战吗
BV14K4y1p7gK,886474233,小鹏P7自动泊车好用吗？,科技小辛,2021-02-01 19:19:41,65223,148,1,小鹏P7自动泊车好用吗？,291017035,409.94200,1,25,16777215,2021-02-02 17:30:19,1612258219,0,91452a83,44625320570519555,那是因为车位就没划到后面，如果你自己停车的话会停出界？
BV14K4y1p7gK,886474233,小鹏P7自动泊车好用吗？,科技小辛,2021-02-01 19:19:41,65223,148,1,小鹏P7自动泊车好用吗？,291017035,348.02700,1,25,16777215,2021-02-02 16:15:46,1612253746,0,45b543c9,44622975667273733,场景比如说是，后备箱有好多东西需要提前拿下来，这个功能就好用了
BV14K4y1p7gK,886474233,小鹏P7自动泊车好用吗？,科技小辛,2021-02-01 19:19:41,65223,148,1,小鹏P7自动泊车好用吗？,291017035,149.29800,1,25,16777215,2021-02-02 16:12:01,1612253521,0,45b543c9,44622857794748419,真牛逼
BV14K4y1p7gK,886474233,小鹏P7自动泊车好用吗？,科技小辛,2021-02-01 19:19:41,65223,148,1,小鹏P7自动泊车好用吗？,291017035,414.01200,1,25,16777215,2021-02-02 14:13:38,1612246418,0,9d71485f,44619133766598661,只要没东西临时穿出来干扰 我相信这种工作电脑比人稳。
BV14K4y1p7gK,886474233,小鹏P7自动泊车好用吗？,科技小辛,2021-02-01 19:19:41,65223,148,1,小鹏P7自动泊车好用吗？,291017035,310.09400,1,25,16777215,2021-02-02 13:32:22,1612243942,0,c05e52a3,44617835358453765,你不怕被撞啊
BV14K4y1p7gK,886474233,小鹏P7自动泊车好用吗？,科技小辛,2021-02-01 19:19:41,65223,148,1,小鹏P7自动泊车好用吗？,291017035,471.53100,1,25,16777215,2021-02-02 13:21:14,1612243274,0,319ee73,44617485310754819,针不错。就是好纠结这个名字 哪怕叫鲲鹏也好啊
BV14K4y1p7gK,886474233,小鹏P7自动泊车好用吗？,科技小辛,2021-02-01 19:19:41,65223,148,1,小鹏P7自动泊车好用吗？,291017035,402.57100,1,25,16777215,2021-02-02 13:19:32,1612243172,0,319ee73,44617431891050499,牛皮
BV14K4y1p7gK,886474233,小鹏P7自动泊车好用吗？,科技小辛,2021-02-01 19:19:41,65223,148,1,小鹏P7自动泊车好用吗？,291017035,217.51900,1,25,16777215,2021-02-02 12:31:28,1612240288,0,385c46c7,44615919746940935,停的比边上的宾利好多了。
BV14K4y1p7gK,886474233,小鹏P7自动泊车好用吗？,科技小辛,2021-02-01 19:19:41,65223,148,1,小鹏P7自动泊车好用吗？,291017035,440.55500,1,25,16777215,2021-02-02 12:25:42,1612239942,0,7744ee45,44615738081673223,我到家啦，你还追啊
BV14K4y1p7gK,886474233,小鹏P7自动泊车好用吗？,科技小辛,2021-02-01 19:19:41,65223,148,1,小鹏P7自动泊车好用吗？,291017035,437.57200,1,25,16777215,2021-02-02 11:14:43,1612235683,0,45c2e82,44613505244987397,车:溜了溜了
BV14K4y1p7gK,886474233,小鹏P7自动泊车好用吗？,科技小辛,2021-02-01 19:19:41,65223,148,1,小鹏P7自动泊车好用吗？,291017035,317.88400,1,25,16777215,2021-02-02 11:12:33,1612235553,0,45c2e82,44613437233823749,慌得一批
BV14K4y1p7gK,886474233,小鹏P7自动泊车好用吗？,科技小辛,2021-02-01 19:19:41,65223,148,1,小鹏P7自动泊车好用吗？,291017035,211.94500,1,25,16777215,2021-02-02 11:10:42,1612235442,0,45c2e82,44613378813460487,不错了
BV14K4y1p7gK,886474233,小鹏P7自动泊车好用吗？,科技小辛,2021-02-01 19:19:41,65223,148,1,小鹏P7自动泊车好用吗？,291017035,401.45800,1,25,16777215,2021-02-02 11:03:33,1612235013,0,e339a986,44613153909637127,比教练还会
BV14K4y1p7gK,886474233,小鹏P7自动泊车好用吗？,科技小辛,2021-02-01 19:19:41,65223,148,1,小鹏P7自动泊车好用吗？,291017035,229.54900,1,25,16777215,2021-02-02 11:03:31,1612235011,0,f858af8f,44613152960151555,我之前高尔夫嘉旅也有这功能，没主动刹车。。。
BV14K4y1p7gK,886474233,小鹏P7自动泊车好用吗？,科技小辛,2021-02-01 19:19:41,65223,148,1,小鹏P7自动泊车好用吗？,291017035,314.52900,1,25,16777215,2021-02-02 11:02:15,1612234935,0,e339a986,44613113392660487,卒
BV14K4y1p7gK,886474233,小鹏P7自动泊车好用吗？,科技小辛,2021-02-01 19:19:41,65223,148,1,小鹏P7自动泊车好用吗？,291017035,159.53900,1,25,16777215,2021-02-02 09:50:57,1612230657,0,3b894b1d,44610870132080645,你去过商场停车场你就知道用处大不大。
BV14K4y1p7gK,886474233,小鹏P7自动泊车好用吗？,科技小辛,2021-02-01 19:19:41,65223,148,1,小鹏P7自动泊车好用吗？,291017035,36.36700,1,25,16777215,2021-02-02 09:31:43,1612229503,0,e1434fa3,44610265436127237,谁偷代码的是给马大嘴跪久了吧
BV14K4y1p7gK,886474233,小鹏P7自动泊车好用吗？,科技小辛,2021-02-01 19:19:41,65223,148,1,小鹏P7自动泊车好用吗？,291017035,407.26600,1,25,16777215,2021-02-02 07:31:27,1612222287,0,8900958,44606482140364805,这个侧方位后面余度太大了
BV14K4y1p7gK,886474233,小鹏P7自动泊车好用吗？,科技小辛,2021-02-01 19:19:41,65223,148,1,小鹏P7自动泊车好用吗？,291017035,439.57200,1,25,16777215,2021-02-02 01:35:48,1612200948,0,675d8054,44595294304731139,goodbye`
BV14K4y1p7gK,886474233,小鹏P7自动泊车好用吗？,科技小辛,2021-02-01 19:19:41,65223,148,1,小鹏P7自动泊车好用吗？,291017035,219.84800,1,25,16777215,2021-02-02 01:34:52,1612200892,0,d520822b,44595264723877893,之前试驾过这个功能！贼震撼！！
BV14K4y1p7gK,886474233,小鹏P7自动泊车好用吗？,科技小辛,2021-02-01 19:19:41,65223,148,1,小鹏P7自动泊车好用吗？,291017035,443.03200,1,25,16777215,2021-02-02 00:25:22,1612196722,0,a3c7bffd,44593078770597893,这是要直接变身大黄蜂跑了？
BV14K4y1p7gK,886474233,小鹏P7自动泊车好用吗？,科技小辛,2021-02-01 19:19:41,65223,148,1,小鹏P7自动泊车好用吗？,291017035,291.35900,1,25,16777215,2021-02-02 00:24:41,1612196681,0,d00dccdb,44593057175699461,侧方泊出超级好用
BV14K4y1p7gK,886474233,小鹏P7自动泊车好用吗？,科技小辛,2021-02-01 19:19:41,65223,148,1,小鹏P7自动泊车好用吗？,291017035,41.34500,1,25,16777215,2021-02-02 00:20:31,1612196431,0,d00dccdb,44592926074863623,已经今天可以更新了
BV14K4y1p7gK,886474233,小鹏P7自动泊车好用吗？,科技小辛,2021-02-01 19:19:41,65223,148,1,小鹏P7自动泊车好用吗？,291017035,319.01900,1,25,16777215,2021-02-02 00:19:38,1612196378,0,4ed57e08,44592898150236163,停不停都完了
BV14K4y1p7gK,886474233,小鹏P7自动泊车好用吗？,科技小辛,2021-02-01 19:19:41,65223,148,1,小鹏P7自动泊车好用吗？,291017035,455.22100,1,25,16777215,2021-02-02 00:18:53,1612196333,0,3d2acd0e,44592874579820547,可以可以
BV14K4y1p7gK,886474233,小鹏P7自动泊车好用吗？,科技小辛,2021-02-01 19:19:41,65223,148,1,小鹏P7自动泊车好用吗？,291017035,415.25000,1,25,16777215,2021-02-02 00:10:27,1612195827,0,75a31b07,44592609342521351,小鹏停车这方面做的还是挺先进的
BV14K4y1p7gK,886474233,小鹏P7自动泊车好用吗？,科技小辛,2021-02-01 19:19:41,65223,148,1,小鹏P7自动泊车好用吗？,291017035,347.53800,1,25,16777215,2021-02-02 00:09:07,1612195747,0,75a31b07,44592567602380805,对
BV14K4y1p7gK,886474233,小鹏P7自动泊车好用吗？,科技小辛,2021-02-01 19:19:41,65223,148,1,小鹏P7自动泊车好用吗？,291017035,183.46200,1,25,16777215,2021-02-02 00:07:07,1612195627,0,63becba,44592504478629895,g3已经更新这个功能有一段时间了
BV14K4y1p7gK,886474233,小鹏P7自动泊车好用吗？,科技小辛,2021-02-01 19:19:41,65223,148,1,小鹏P7自动泊车好用吗？,291017035,267.41000,1,25,16777215,2021-02-02 00:01:27,1612195287,0,75a31b07,44592326258458629,这个功能好
BV14K4y1p7gK,886474233,小鹏P7自动泊车好用吗？,科技小辛,2021-02-01 19:19:41,65223,148,1,小鹏P7自动泊车好用吗？,291017035,202.51400,1,25,16777215,2021-02-02 00:00:08,1612195208,0,75a31b07,44592284946661381,不错
BV14K4y1p7gK,886474233,小鹏P7自动泊车好用吗？,科技小辛,2021-02-01 19:19:41,65223,148,1,小鹏P7自动泊车好用吗？,291017035,352.48900,1,25,16777215,2021-02-01 23:42:43,1612194163,0,51decb54,44591736723865607,侧方泊出比较帅
BV14K4y1p7gK,886474233,小鹏P7自动泊车好用吗？,科技小辛,2021-02-01 19:19:41,65223,148,1,小鹏P7自动泊车好用吗？,291017035,438.05500,1,25,16777215,2021-02-01 23:41:49,1612194109,0,de764c31,44591708423323655,溜了溜了
BV14K4y1p7gK,886474233,小鹏P7自动泊车好用吗？,科技小辛,2021-02-01 19:19:41,65223,148,1,小鹏P7自动泊车好用吗？,291017035,313.93800,1,25,16777215,2021-02-01 23:39:37,1612193977,0,de764c31,44591639260823557,cool
BV14K4y1p7gK,886474233,小鹏P7自动泊车好用吗？,科技小辛,2021-02-01 19:19:41,65223,148,1,小鹏P7自动泊车好用吗？,291017035,322.75400,1,25,16777215,2021-02-01 23:30:04,1612193404,0,937a656,44591339173576709,躺在下面会不会停？
BV14K4y1p7gK,886474233,小鹏P7自动泊车好用吗？,科技小辛,2021-02-01 19:19:41,65223,148,1,小鹏P7自动泊车好用吗？,291017035,447.55300,1,25,16777215,2021-02-01 23:26:27,1612193187,0,6b26ca88,44591225430867971,轮胎杀手的我笑了
BV14K4y1p7gK,886474233,小鹏P7自动泊车好用吗？,科技小辛,2021-02-01 19:19:41,65223,148,1,小鹏P7自动泊车好用吗？,291017035,447.15000,1,25,16777215,2021-02-01 23:23:17,1612192997,0,de294a84,44591125603287047,溜了溜了
BV14K4y1p7gK,886474233,小鹏P7自动泊车好用吗？,科技小辛,2021-02-01 19:19:41,65223,148,1,小鹏P7自动泊车好用吗？,291017035,323.66700,1,25,16777215,2021-02-01 23:12:06,1612192326,0,345fd628,44590773797650437,牛逼，肉身试功能，敬业
BV14K4y1p7gK,886474233,小鹏P7自动泊车好用吗？,科技小辛,2021-02-01 19:19:41,65223,148,1,小鹏P7自动泊车好用吗？,291017035,395.97900,1,25,16777215,2021-02-01 22:59:25,1612191565,0,228cd982,44590374636224515,不是原地打方向，很老司机啊
BV14K4y1p7gK,886474233,小鹏P7自动泊车好用吗？,科技小辛,2021-02-01 19:19:41,65223,148,1,小鹏P7自动泊车好用吗？,291017035,164.37900,1,25,16777215,2021-02-01 22:55:08,1612191308,0,228cd982,44590240039436293,卧槽！厉害呀
BV14K4y1p7gK,886474233,小鹏P7自动泊车好用吗？,科技小辛,2021-02-01 19:19:41,65223,148,1,小鹏P7自动泊车好用吗？,291017035,208.73900,1,25,16777215,2021-02-01 22:51:37,1612191097,0,a864c116,44590129284644871,66666
BV14K4y1p7gK,886474233,小鹏P7自动泊车好用吗？,科技小辛,2021-02-01 19:19:41,65223,148,1,小鹏P7自动泊车好用吗？,291017035,438.32100,1,25,16777215,2021-02-01 22:47:51,1612190871,0,e1434fa3,44590010969620483,牛逼啊
BV14K4y1p7gK,886474233,小鹏P7自动泊车好用吗？,科技小辛,2021-02-01 19:19:41,65223,148,1,小鹏P7自动泊车好用吗？,291017035,438.96100,1,25,16777215,2021-02-01 22:44:47,1612190687,0,9b80956e,44589914543095815,原地打方向，轮胎杀手
BV14K4y1p7gK,886474233,小鹏P7自动泊车好用吗？,科技小辛,2021-02-01 19:19:41,65223,148,1,小鹏P7自动泊车好用吗？,291017035,438.42000,1,25,16777215,2021-02-01 22:34:56,1612190096,0,4a0604da,44589604858757127,哈哈
BV14K4y1p7gK,886474233,小鹏P7自动泊车好用吗？,科技小辛,2021-02-01 19:19:41,65223,148,1,小鹏P7自动泊车好用吗？,291017035,447.47400,1,25,16777215,2021-02-01 22:32:35,1612189955,0,c6a7eade,44589530960363591,卧槽，可以
BV14K4y1p7gK,886474233,小鹏P7自动泊车好用吗？,科技小辛,2021-02-01 19:19:41,65223,148,1,小鹏P7自动泊车好用吗？,291017035,464.79900,1,25,16777215,2021-02-01 22:31:47,1612189907,0,1296aa53,44589505561231367,爱了爱了
BV14K4y1p7gK,886474233,小鹏P7自动泊车好用吗？,科技小辛,2021-02-01 19:19:41,65223,148,1,小鹏P7自动泊车好用吗？,291017035,256.59900,1,25,16777215,2021-02-01 22:27:59,1612189679,0,1296aa53,44589386256875525,侧方位停好车后可以原路帮你开出来
BV14K4y1p7gK,886474233,小鹏P7自动泊车好用吗？,科技小辛,2021-02-01 19:19:41,65223,148,1,小鹏P7自动泊车好用吗？,291017035,237.81500,1,25,16777215,2021-02-01 22:21:55,1612189315,0,21ddf49d,44589195303845895,牛
BV14K4y1p7gK,886474233,小鹏P7自动泊车好用吗？,科技小辛,2021-02-01 19:19:41,65223,148,1,小鹏P7自动泊车好用吗？,291017035,167.62200,1,25,16777215,2021-02-01 22:07:05,1612188425,0,ddca104f,44588728698011655,旁边是宾利
BV14K4y1p7gK,886474233,小鹏P7自动泊车好用吗？,科技小辛,2021-02-01 19:19:41,65223,148,1,小鹏P7自动泊车好用吗？,291017035,255.00900,1,25,16777215,2021-02-01 21:42:08,1612186928,0,36645316,44587943965229059,红牛打钱
BV14K4y1p7gK,886474233,小鹏P7自动泊车好用吗？,科技小辛,2021-02-01 19:19:41,65223,148,1,小鹏P7自动泊车好用吗？,291017035,463.25800,1,25,16777215,2021-02-01 21:24:08,1612185848,0,bd93d139,44587377502453767,整挺好
BV14K4y1p7gK,886474233,小鹏P7自动泊车好用吗？,科技小辛,2021-02-01 19:19:41,65223,148,1,小鹏P7自动泊车好用吗？,291017035,455.86200,1,25,16777215,2021-02-01 21:17:46,1612185466,0,a26ad434,44587177215000581,不错不错
BV14K4y1p7gK,886474233,小鹏P7自动泊车好用吗？,科技小辛,2021-02-01 19:19:41,65223,148,1,小鹏P7自动泊车好用吗？,291017035,463.91300,5,25,16707842,2021-02-01 21:09:08,1612184948,0,9e944559,44586905828327427,眼睛看明白了，口袋不支持
BV14K4y1p7gK,886474233,小鹏P7自动泊车好用吗？,科技小辛,2021-02-01 19:19:41,65223,148,1,小鹏P7自动泊车好用吗？,291017035,460.30700,1,25,16777215,2021-02-01 21:05:47,1612184747,0,f61b9ccc,44586800427040775,针不戳
BV14K4y1p7gK,886474233,小鹏P7自动泊车好用吗？,科技小辛,2021-02-01 19:19:41,65223,148,1,小鹏P7自动泊车好用吗？,291017035,447.40700,1,25,16777215,2021-02-01 20:43:39,1612183419,0,11b89c36,44586104207704069,太酷了
BV14K4y1p7gK,886474233,小鹏P7自动泊车好用吗？,科技小辛,2021-02-01 19:19:41,65223,148,1,小鹏P7自动泊车好用吗？,291017035,256.98000,1,25,16777215,2021-02-01 20:32:06,1612182726,0,ea1ffaeb,44585740637569029,旁边的大宾利
BV14K4y1p7gK,886474233,小鹏P7自动泊车好用吗？,科技小辛,2021-02-01 19:19:41,65223,148,1,小鹏P7自动泊车好用吗？,291017035,411.50200,1,25,16777215,2021-02-01 20:13:26,1612181606,0,603c0a5f,44585153233158149,要是地上没有车位线呢？能停进去吗？
BV14K4y1p7gK,886474233,小鹏P7自动泊车好用吗？,科技小辛,2021-02-01 19:19:41,65223,148,1,小鹏P7自动泊车好用吗？,291017035,300.38400,1,25,16777215,2021-02-01 20:12:06,1612181526,0,44bf354c,44585111734714375,好一个障碍物哈哈哈哈
BV14K4y1p7gK,886474233,小鹏P7自动泊车好用吗？,科技小辛,2021-02-01 19:19:41,65223,148,1,小鹏P7自动泊车好用吗？,291017035,361.74800,1,25,16777215,2021-02-01 20:09:34,1612181374,0,95e1233a,44585032071774215,这关门声音有点不够高级
BV14K4y1p7gK,886474233,小鹏P7自动泊车好用吗？,科技小辛,2021-02-01 19:19:41,65223,148,1,小鹏P7自动泊车好用吗？,291017035,202.55700,1,25,16777215,2021-02-01 20:03:58,1612181038,0,b66c7b39,44584855728029701,哈哈，虽说隔着一个，但宾利旁边试
BV14K4y1p7gK,886474233,小鹏P7自动泊车好用吗？,科技小辛,2021-02-01 19:19:41,65223,148,1,小鹏P7自动泊车好用吗？,291017035,227.28200,1,25,16777215,2021-02-01 19:48:42,1612180122,0,15869659,44584375682596871,宾利，卡宴
BV14K4y1p7gK,886474233,小鹏P7自动泊车好用吗？,科技小辛,2021-02-01 19:19:41,65223,148,1,小鹏P7自动泊车好用吗？,291017035,326.81900,1,25,16777215,2021-02-01 19:39:34,1612179574,0,8eded26c,44584088077074435,能不能测试一下带有升降停车位到底行不行
BV14K4y1p7gK,886474233,小鹏P7自动泊车好用吗？,科技小辛,2021-02-01 19:19:41,65223,148,1,小鹏P7自动泊车好用吗？,291017035,410.65400,1,25,16777215,2021-02-01 19:28:33,1612178913,0,cefc2f6a,44583741635428359,可以啊
BV1E9ksBrEcC,115915261740279,3个半小时 小鹏MONA M03 Max 340km回家0接管 NGP全程记录（助眠）,NGP观察员,2026-01-18 17:24:38,79469,488,1,3个半小时 小鹏MONA M03 Max 340km回家0接管 NGP全程记录（助眠）,35461729221,35.90600,1,25,16777215,2026-02-09 18:29:06,1770632946,0,5b2772e,2042976244266156288,我靠，真三个小时。
BV1E9ksBrEcC,115915261740279,3个半小时 小鹏MONA M03 Max 340km回家0接管 NGP全程记录（助眠）,NGP观察员,2026-01-18 17:24:38,79469,488,1,3个半小时 小鹏MONA M03 Max 340km回家0接管 NGP全程记录（助眠）,35461729221,1512.95200,1,25,52480,2026-08-16 21:13:32,1786886012,0,3a1b81ad,2179316845801882368,传统老咕噜棒子燃油车主表示，这智驾感受到真棒啊。
BV1E9ksBrEcC,115915261740279,3个半小时 小鹏MONA M03 Max 340km回家0接管 NGP全程记录（助眠）,NGP观察员,2026-01-18 17:24:38,79469,488,1,3个半小时 小鹏MONA M03 Max 340km回家0接管 NGP全程记录（助眠）,35461729221,89.38900,1,25,52480,2026-08-16 20:54:27,1786884867,0,3a1b81ad,2179307236735235072,这时长赶上看电影了
BV1E9ksBrEcC,115915261740279,3个半小时 小鹏MONA M03 Max 340km回家0接管 NGP全程记录（助眠）,NGP观察员,2026-01-18 17:24:38,79469,488,1,3个半小时 小鹏MONA M03 Max 340km回家0接管 NGP全程记录（助眠）,35461729221,60.81100,1,25,16777215,2026-06-01 19:44:02,1780314242,0,de4253,2124188842876654848,x x x x
BV1E9ksBrEcC,115915261740279,3个半小时 小鹏MONA M03 Max 340km回家0接管 NGP全程记录（助眠）,NGP观察员,2026-01-18 17:24:38,79469,488,1,3个半小时 小鹏MONA M03 Max 340km回家0接管 NGP全程记录（助眠）,35461729221,1326.62500,1,25,16777215,2026-04-22 22:54:30,1776869670,0,94930e48,2095293678146151168,车太多了，速度起不来呀。
BV1E9ksBrEcC,115915261740279,3个半小时 小鹏MONA M03 Max 340km回家0接管 NGP全程记录（助眠）,NGP观察员,2026-01-18 17:24:38,79469,488,1,3个半小时 小鹏MONA M03 Max 340km回家0接管 NGP全程记录（助眠）,35461729221,55.15100,1,25,16777215,2026-02-28 12:01:20,1772251280,0,2cb37598,2056551816581952256,一帧都没减。。。。
BV1E9ksBrEcC,115915261740279,3个半小时 小鹏MONA M03 Max 340km回家0接管 NGP全程记录（助眠）,NGP观察员,2026-01-18 17:24:38,79469,488,1,3个半小时 小鹏MONA M03 Max 340km回家0接管 NGP全程记录（助眠）,35461729221,2265.03900,1,25,16777215,2026-02-26 23:32:53,1772119973,0,8c5b974c,2055450328849701632,吓我一跳
BV1E9ksBrEcC,115915261740279,3个半小时 小鹏MONA M03 Max 340km回家0接管 NGP全程记录（助眠）,NGP观察员,2026-01-18 17:24:38,79469,488,1,3个半小时 小鹏MONA M03 Max 340km回家0接管 NGP全程记录（助眠）,35461729221,128.28300,1,25,16777215,2026-02-24 10:49:20,1771901360,0,1eb5a37,2053616468368949504,路况复杂
BV1E9ksBrEcC,115915261740279,3个半小时 小鹏MONA M03 Max 340km回家0接管 NGP全程记录（助眠）,NGP观察员,2026-01-18 17:24:38,79469,488,1,3个半小时 小鹏MONA M03 Max 340km回家0接管 NGP全程记录（助眠）,35461729221,98.56100,1,25,16777215,2026-02-19 23:35:48,1771515348,0,a62a1add,2050378367442344192,3小时视频，天啊
BV1E9ksBrEcC,115915261740279,3个半小时 小鹏MONA M03 Max 340km回家0接管 NGP全程记录（助眠）,NGP观察员,2026-01-18 17:24:38,79469,488,1,3个半小时 小鹏MONA M03 Max 340km回家0接管 NGP全程记录（助眠）,35461729221,1715.08400,1,25,16777215,2026-02-14 01:01:38,1771002098,0,4a8c4bee,2046072911005347328,这里不敢变道
BV1E9ksBrEcC,115915261740279,3个半小时 小鹏MONA M03 Max 340km回家0接管 NGP全程记录（助眠）,NGP观察员,2026-01-18 17:24:38,79469,488,1,3个半小时 小鹏MONA M03 Max 340km回家0接管 NGP全程记录（助眠）,35461729221,785.16400,1,25,16777215,2026-02-14 00:45:51,1771001151,0,4a8c4bee,2046064971523447808,客家话
BV1E9ksBrEcC,115915261740279,3个半小时 小鹏MONA M03 Max 340km回家0接管 NGP全程记录（助眠）,NGP观察员,2026-01-18 17:24:38,79469,488,1,3个半小时 小鹏MONA M03 Max 340km回家0接管 NGP全程记录（助眠）,35461729221,472.60500,1,25,16777215,2026-02-14 00:38:40,1771000720,0,4a8c4bee,2046061357098812416,还挺聪明的，不跟大车
BV1E9ksBrEcC,115915261740279,3个半小时 小鹏MONA M03 Max 340km回家0接管 NGP全程记录（助眠）,NGP观察员,2026-01-18 17:24:38,79469,488,1,3个半小时 小鹏MONA M03 Max 340km回家0接管 NGP全程记录（助眠）,35461729221,93.23200,1,25,16777215,2026-02-11 19:32:44,1770809564,0,19386c8b,2044457821864845056,这里有问题吧，这条道不能右转呀
BV1E9ksBrEcC,115915261740279,3个半小时 小鹏MONA M03 Max 340km回家0接管 NGP全程记录（助眠）,NGP观察员,2026-01-18 17:24:38,79469,488,1,3个半小时 小鹏MONA M03 Max 340km回家0接管 NGP全程记录（助眠）,35461729221,64.46700,1,25,16777215,2026-02-10 22:00:33,1770732033,0,ede9e172,2043807448951105024,这款智驾是同价位中做好的
BV1E9ksBrEcC,115915261740279,3个半小时 小鹏MONA M03 Max 340km回家0接管 NGP全程记录（助眠）,NGP观察员,2026-01-18 17:24:38,79469,488,1,3个半小时 小鹏MONA M03 Max 340km回家0接管 NGP全程记录（助眠）,35461729221,679.48700,1,25,16777215,2026-02-10 15:36:49,1770709009,0,d254cc20,2043614307996542976,贴好近
BV1E9ksBrEcC,115915261740279,3个半小时 小鹏MONA M03 Max 340km回家0接管 NGP全程记录（助眠）,NGP观察员,2026-01-18 17:24:38,79469,488,1,3个半小时 小鹏MONA M03 Max 340km回家0接管 NGP全程记录（助眠）,35461729221,3143.09900,1,25,16777215,2026-02-09 22:16:27,1770646587,0,89fab383,2043090674132003584,看着有点担心
BV1E9ksBrEcC,115915261740279,3个半小时 小鹏MONA M03 Max 340km回家0接管 NGP全程记录（助眠）,NGP观察员,2026-01-18 17:24:38,79469,488,1,3个半小时 小鹏MONA M03 Max 340km回家0接管 NGP全程记录（助眠）,35461729221,71.34700,1,25,16777215,2026-02-09 21:28:20,1770643700,0,a600abbc,2043066457495689472,这还有什么驾驶乐趣，
BV1E9ksBrEcC,115915261740279,3个半小时 小鹏MONA M03 Max 340km回家0接管 NGP全程记录（助眠）,NGP观察员,2026-01-18 17:24:38,79469,488,1,3个半小时 小鹏MONA M03 Max 340km回家0接管 NGP全程记录（助眠）,35461729221,3187.05200,1,25,16777215,2026-02-09 21:22:57,1770643377,0,a93be471,2043063742161440256,优秀
BV1E9ksBrEcC,115915261740279,3个半小时 小鹏MONA M03 Max 340km回家0接管 NGP全程记录（助眠）,NGP观察员,2026-01-18 17:24:38,79469,488,1,3个半小时 小鹏MONA M03 Max 340km回家0接管 NGP全程记录（助眠）,35461729221,3151.77500,1,25,16777215,2026-02-09 21:22:29,1770643349,0,a93be471,2043063509813888000,？
BV1E9ksBrEcC,115915261740279,3个半小时 小鹏MONA M03 Max 340km回家0接管 NGP全程记录（助眠）,NGP观察员,2026-01-18 17:24:38,79469,488,1,3个半小时 小鹏MONA M03 Max 340km回家0接管 NGP全程记录（助眠）,35461729221,42.63000,1,25,16777215,2026-02-09 21:21:43,1770643303,0,6df585bc,2043063123568530688,进度条怎么焊死了
BV1E9ksBrEcC,115915261740279,3个半小时 小鹏MONA M03 Max 340km回家0接管 NGP全程记录（助眠）,NGP观察员,2026-01-18 17:24:38,79469,488,1,3个半小时 小鹏MONA M03 Max 340km回家0接管 NGP全程记录（助眠）,35461729221,1187.98900,1,25,16777215,2026-02-09 20:50:48,1770641448,0,12d6b958,2043047564613461248,在快车道跑八十迈的是你小子啊
BV1E9ksBrEcC,115915261740279,3个半小时 小鹏MONA M03 Max 340km回家0接管 NGP全程记录（助眠）,NGP观察员,2026-01-18 17:24:38,79469,488,1,3个半小时 小鹏MONA M03 Max 340km回家0接管 NGP全程记录（助眠）,35461729221,151.77400,1,25,16777215,2026-02-09 20:22:31,1770639751,0,ead495b,2043033330857527296,这条路真好啊
BV1E9ksBrEcC,115915261740279,3个半小时 小鹏MONA M03 Max 340km回家0接管 NGP全程记录（助眠）,NGP观察员,2026-01-18 17:24:38,79469,488,1,3个半小时 小鹏MONA M03 Max 340km回家0接管 NGP全程记录（助眠）,35461729221,146.55000,1,25,16777215,2026-02-09 20:22:20,1770639740,0,ead495b,2043033234564739840,这条真好啊
BV1E9ksBrEcC,115915261740279,3个半小时 小鹏MONA M03 Max 340km回家0接管 NGP全程记录（助眠）,NGP观察员,2026-01-18 17:24:38,79469,488,1,3个半小时 小鹏MONA M03 Max 340km回家0接管 NGP全程记录（助眠）,35461729221,793.10200,1,25,16777215,2026-02-09 20:14:00,1770639240,0,3a10a5af,2043029037500741376,才听出来客家话
BV1E9ksBrEcC,115915261740279,3个半小时 小鹏MONA M03 Max 340km回家0接管 NGP全程记录（助眠）,NGP观察员,2026-01-18 17:24:38,79469,488,1,3个半小时 小鹏MONA M03 Max 340km回家0接管 NGP全程记录（助眠）,35461729221,1036.02100,1,25,16777215,2026-02-05 20:37:33,1770295053,0,60af2dcb,2040141789717499904,高速那么慢。。。
BV1E9ksBrEcC,115915261740279,3个半小时 小鹏MONA M03 Max 340km回家0接管 NGP全程记录（助眠）,NGP观察员,2026-01-18 17:24:38,79469,488,1,3个半小时 小鹏MONA M03 Max 340km回家0接管 NGP全程记录（助眠）,35461729221,73.71700,1,25,16777215,2026-02-02 22:54:32,1770044072,0,14748cb7,2038036410547621120,竟然是伤信
BV1E9ksBrEcC,115915261740279,3个半小时 小鹏MONA M03 Max 340km回家0接管 NGP全程记录（助眠）,NGP观察员,2026-01-18 17:24:38,79469,488,1,3个半小时 小鹏MONA M03 Max 340km回家0接管 NGP全程记录（助眠）,35461729221,965.64800,1,25,16777215,2026-01-31 10:50:31,1769827831,0,65085d6,2036222449817529600,哈哈哈，刚才变道加速，白变了。
BV1E9ksBrEcC,115915261740279,3个半小时 小鹏MONA M03 Max 340km回家0接管 NGP全程记录（助眠）,NGP观察员,2026-01-18 17:24:38,79469,488,1,3个半小时 小鹏MONA M03 Max 340km回家0接管 NGP全程记录（助眠）,35461729221,950.38700,1,25,16777215,2026-01-31 10:50:10,1769827810,0,65085d6,2036222270502556928,帅啊，自己变道加速。
BV1E9ksBrEcC,115915261740279,3个半小时 小鹏MONA M03 Max 340km回家0接管 NGP全程记录（助眠）,NGP观察员,2026-01-18 17:24:38,79469,488,1,3个半小时 小鹏MONA M03 Max 340km回家0接管 NGP全程记录（助眠）,35461729221,62.77400,1,25,16777215,2026-01-30 12:07:08,1769746028,0,100e6a4c,2035536234814317312,前凑钢琴一出，《伤信》好评！
BV1E9ksBrEcC,115915261740279,3个半小时 小鹏MONA M03 Max 340km回家0接管 NGP全程记录（助眠）,NGP观察员,2026-01-18 17:24:38,79469,488,1,3个半小时 小鹏MONA M03 Max 340km回家0接管 NGP全程记录（助眠）,35461729221,3147.40400,5,25,16777215,2026-01-28 11:35:24,1769571324,0,a58f8df9,2034070716307251456,这个超雄司太难崩了
BV1E9ksBrEcC,115915261740279,3个半小时 小鹏MONA M03 Max 340km回家0接管 NGP全程记录（助眠）,NGP观察员,2026-01-18 17:24:38,79469,488,1,3个半小时 小鹏MONA M03 Max 340km回家0接管 NGP全程记录（助眠）,35461729221,49.03200,1,25,16777215,2026-01-19 00:41:52,1768754512,0,d4981632,2027218795412285184,居然没升级居然还是5.85没升级，m03高速续航这么顶吗340
BV1E9ksBrEcC,115915261740279,3个半小时 小鹏MONA M03 Max 340km回家0接管 NGP全程记录（助眠）,NGP观察员,2026-01-18 17:24:38,79469,488,1,3个半小时 小鹏MONA M03 Max 340km回家0接管 NGP全程记录（助眠）,35461729221,801.99500,1,25,16777215,2026-01-19 00:04:44,1768752284,0,1ea71457,2027200102858424064,客家人
BV1E9ksBrEcC,115915261740279,3个半小时 小鹏MONA M03 Max 340km回家0接管 NGP全程记录（助眠）,NGP观察员,2026-01-18 17:24:38,79469,488,1,3个半小时 小鹏MONA M03 Max 340km回家0接管 NGP全程记录（助眠）,35461729221,667.30500,1,25,16777215,2026-01-18 19:54:56,1768737296,0,c3e3a4f6,2027074381071303424,这里有点吓人了
BV1k9zkB9Eps,115949655104771,26 年小鹏汽车新系统 Aios6.0 的混乱逻辑：用地图请先关掉地图,武功Joey,2026-01-24 18:42:45,18588,126,1,1769251055427,35585460385,50.10000,1,25,16777215,2026-01-25 23:43:14,1769355794,0,270e75e,2032262714550295296,这么会教人开车？别人不想用语音都不行？
BV1k9zkB9Eps,115949655104771,26 年小鹏汽车新系统 Aios6.0 的混乱逻辑：用地图请先关掉地图,武功Joey,2026-01-24 18:42:45,18588,126,1,1769251055427,35585460385,25.30600,1,25,16777215,2026-01-26 17:27:14,1769419634,0,8cd9a94a,2032798241162405632,正常逻辑我会直接叫小P
BV1k9zkB9Eps,115949655104771,26 年小鹏汽车新系统 Aios6.0 的混乱逻辑：用地图请先关掉地图,武功Joey,2026-01-24 18:42:45,18588,126,1,1769251055427,35585460385,48.04800,1,25,16777215,2026-01-28 09:44:33,1769564673,0,8a7f0a33,2034014922367096064,天天语音语音，你是小鹏亲儿子啊？
BV1k9zkB9Eps,115949655104771,26 年小鹏汽车新系统 Aios6.0 的混乱逻辑：用地图请先关掉地图,武功Joey,2026-01-24 18:42:45,18588,126,1,1769251055427,35585460385,61.36900,1,25,16777215,2026-01-26 08:59:29,1769389169,0,88b4c533,2032542684878780672,有一些店铺名或目的地名就是起的同音，人在上海一下子给我导到北京去
BV1k9zkB9Eps,115949655104771,26 年小鹏汽车新系统 Aios6.0 的混乱逻辑：用地图请先关掉地图,武功Joey,2026-01-24 18:42:45,18588,126,1,1769251055427,35585460385,52.55800,1,25,16777215,2026-07-09 00:37:35,1783528655,0,ec661a83,2151153292980956672,我不想用语音不行啊？
BV1k9zkB9Eps,115949655104771,26 年小鹏汽车新系统 Aios6.0 的混乱逻辑：用地图请先关掉地图,武功Joey,2026-01-24 18:42:45,18588,126,1,1769251055427,35585460385,27.45200,1,25,16777215,2026-07-06 09:00:09,1783299609,0,9b97563,2149231913540735744,正常肯定小P小P 退出导航
BV1k9zkB9Eps,115949655104771,26 年小鹏汽车新系统 Aios6.0 的混乱逻辑：用地图请先关掉地图,武功Joey,2026-01-24 18:42:45,18588,126,1,1769251055427,35585460385,81.41800,1,25,16777215,2026-04-27 18:53:16,1777287196,0,375a86c3,2098796135140840192,这不是挺方便的吗
BV1k9zkB9Eps,115949655104771,26 年小鹏汽车新系统 Aios6.0 的混乱逻辑：用地图请先关掉地图,武功Joey,2026-01-24 18:42:45,18588,126,1,1769251055427,35585460385,34.82500,1,25,16777215,2026-03-04 07:02:01,1772578921,0,4fae1b44,2059300262203703040,就非得语音操作吗，就不能多一个方便的车机操作吗，这种车机不就连手机都不如了？
BV1k9zkB9Eps,115949655104771,26 年小鹏汽车新系统 Aios6.0 的混乱逻辑：用地图请先关掉地图,武功Joey,2026-01-24 18:42:45,18588,126,1,1769251055427,35585460385,29.20000,1,25,16777215,2026-03-02 13:26:30,1772429190,0,63343f9b,2058044229829357824,逆天，还正常逻辑是语音助手。连操作界面都设计不明白还搁这语音助手呢
BV1k9zkB9Eps,115949655104771,26 年小鹏汽车新系统 Aios6.0 的混乱逻辑：用地图请先关掉地图,武功Joey,2026-01-24 18:42:45,18588,126,1,1769251055427,35585460385,26.02200,1,25,16777215,2026-02-13 13:12:49,1770959569,0,b5fce6fa,2045716157851854848,正常第一选肯定是语音叫啊
BV1k9zkB9Eps,115949655104771,26 年小鹏汽车新系统 Aios6.0 的混乱逻辑：用地图请先关掉地图,武功Joey,2026-01-24 18:42:45,18588,126,1,1769251055427,35585460385,52.85900,1,25,16777215,2026-02-13 07:31:34,1770939094,0,fa66f567,2045544398913066752,up这么讲的话，那还是手机导航方便啊，是不是
BV1k9zkB9Eps,115949655104771,26 年小鹏汽车新系统 Aios6.0 的混乱逻辑：用地图请先关掉地图,武功Joey,2026-01-24 18:42:45,18588,126,1,1769251055427,35585460385,33.22700,1,25,16777215,2026-01-30 08:52:09,1769734329,0,3ade0191,2035438099819525632,正常来说开车时候很少看屏幕的，需求也都是语音来提出的….这个版本最不爽的就是电量 时间都挤在一起，偶尔看一眼时间还要找半天
BV1k9zkB9Eps,115949655104771,26 年小鹏汽车新系统 Aios6.0 的混乱逻辑：用地图请先关掉地图,武功Joey,2026-01-24 18:42:45,18588,126,1,1769251055427,35585460385,60.89200,1,25,16777215,2026-01-29 00:21:34,1769617294,0,6075dc43,2034456337077340160,和蔚来3.3.0比，谁蠢？
BV1k9zkB9Eps,115949655104771,26 年小鹏汽车新系统 Aios6.0 的混乱逻辑：用地图请先关掉地图,武功Joey,2026-01-24 18:42:45,18588,126,1,1769251055427,35585460385,59.15400,1,25,16777215,2026-01-26 08:58:31,1769389111,0,88b4c533,2032542195940424448,语音不好用呢
BV1k9zkB9Eps,115949655104771,26 年小鹏汽车新系统 Aios6.0 的混乱逻辑：用地图请先关掉地图,武功Joey,2026-01-24 18:42:45,18588,126,1,1769251055427,35585460385,51.52500,1,25,16777215,2026-01-25 02:13:53,1769278433,0,6baf36f,2031613760728935936,你开车真的打字啊，我们都语音
BV1k9zkB9Eps,115949655104771,26 年小鹏汽车新系统 Aios6.0 的混乱逻辑：用地图请先关掉地图,武功Joey,2026-01-24 18:42:45,18588,126,1,1769251055427,35585460385,47.22000,1,25,16777215,2026-01-25 02:13:38,1769278418,0,6baf36f,2031613636367866880,不会语音吗？？
BV1k9zkB9Eps,115949655104771,26 年小鹏汽车新系统 Aios6.0 的混乱逻辑：用地图请先关掉地图,武功Joey,2026-01-24 18:42:45,18588,126,1,1769251055427,35585460385,55.23200,1,25,16777215,2026-01-24 23:04:11,1769267051,0,1b86c908,2031518287321666560,方向盘？hhh
BV126ht6qESe,117319632165022,【苏星河车机】别急着说你用过豆包，我这个你真没见过,苏星河牛通,2026-09-25 17:00:00,1433340,1118,1,【苏星河车机】别急着说你用过豆包，我这个你真没见过2,42185854565,35.73800,5,25,15138834,2026-09-25 19:47:17,1790336837,0,a88197bb,2208264462157615104,有生还的风险吗
BV126ht6qESe,117319632165022,【苏星河车机】别急着说你用过豆包，我这个你真没见过,苏星河牛通,2026-09-25 17:00:00,1433340,1118,1,【苏星河车机】别急着说你用过豆包，我这个你真没见过2,42185854565,6.53600,5,25,16707842,2026-09-25 21:03:03,1790341383,0,d01e63e4,2208302594127137792,饼干姐姐
BV126ht6qESe,117319632165022,【苏星河车机】别急着说你用过豆包，我这个你真没见过,苏星河牛通,2026-09-25 17:00:00,1433340,1118,1,【苏星河车机】别急着说你用过豆包，我这个你真没见过2,42185854565,33.54300,5,25,16777215,2026-09-25 21:24:38,1790342678,0,bd4df235,2208313454455570432,完美解决了正常人不能变成马路杀手的bug
BV126ht6qESe,117319632165022,【苏星河车机】别急着说你用过豆包，我这个你真没见过,苏星河牛通,2026-09-25 17:00:00,1433340,1118,1,【苏星河车机】别急着说你用过豆包，我这个你真没见过2,42185854565,33.31000,5,25,15138834,2026-09-25 19:58:41,1790337521,0,a5161e2f,2208270198850288896,完蛋了
BV126ht6qESe,117319632165022,【苏星河车机】别急着说你用过豆包，我这个你真没见过,苏星河牛通,2026-09-25 17:00:00,1433340,1118,1,【苏星河车机】别急着说你用过豆包，我这个你真没见过2,42185854565,225.04000,1,25,16777215,2026-09-26 12:40:55,1790397655,0,daf195af,2208774641945081088,豆包：哎呀，又换人啦？
BV126ht6qESe,117319632165022,【苏星河车机】别急着说你用过豆包，我这个你真没见过,苏星河牛通,2026-09-25 17:00:00,1433340,1118,1,【苏星河车机】别急着说你用过豆包，我这个你真没见过2,42185854565,41.73400,5,25,16777215,2026-09-25 19:14:01,1790334841,0,a44e8d4b,2208247718488044800,豆包豆包，我包被抢了，请你告诉我包在哪里
BV126ht6qESe,117319632165022,【苏星河车机】别急着说你用过豆包，我这个你真没见过,苏星河牛通,2026-09-25 17:00:00,1433340,1118,1,【苏星河车机】别急着说你用过豆包，我这个你真没见过2,42185854565,27.17400,5,25,16707842,2026-09-26 18:58:45,1790420325,0,c09e2214,2208964812141838848,这不是模仿这是本尊
BV126ht6qESe,117319632165022,【苏星河车机】别急着说你用过豆包，我这个你真没见过,苏星河牛通,2026-09-25 17:00:00,1433340,1118,1,【苏星河车机】别急着说你用过豆包，我这个你真没见过2,42185854565,123.94800,5,25,16707842,2026-09-25 19:05:47,1790334347,0,1a8d6721,2208243576948039168,auv，地道儿
BV126ht6qESe,117319632165022,【苏星河车机】别急着说你用过豆包，我这个你真没见过,苏星河牛通,2026-09-25 17:00:00,1433340,1118,1,【苏星河车机】别急着说你用过豆包，我这个你真没见过2,42185854565,217.21400,1,25,16777215,2026-09-25 18:05:41,1790330741,0,7f58b682,2208213327115620352,豆包：怎么跟昨天那个不一样了。
BV126ht6qESe,117319632165022,【苏星河车机】别急着说你用过豆包，我这个你真没见过,苏星河牛通,2026-09-25 17:00:00,1433340,1118,1,【苏星河车机】别急着说你用过豆包，我这个你真没见过2,42185854565,38.71800,1,25,16777215,2026-09-25 18:02:12,1790330532,0,7f58b682,2208211571790999296,傻豆包！我已经开始害怕了！
BV126ht6qESe,117319632165022,【苏星河车机】别急着说你用过豆包，我这个你真没见过,苏星河牛通,2026-09-25 17:00:00,1433340,1118,1,【苏星河车机】别急着说你用过豆包，我这个你真没见过2,42185854565,111.12500,1,25,16777215,2026-09-25 20:36:28,1790339788,0,b38bae73,2208289212896427008,受不了了！
BV126ht6qESe,117319632165022,【苏星河车机】别急着说你用过豆包，我这个你真没见过,苏星河牛通,2026-09-25 17:00:00,1433340,1118,1,【苏星河车机】别急着说你用过豆包，我这个你真没见过2,42185854565,262.60900,1,25,16777215,2026-09-26 00:51:46,1790355106,0,f7f195e,2208417712177355776,对对对，就这么说，太对了！
BV126ht6qESe,117319632165022,【苏星河车机】别急着说你用过豆包，我这个你真没见过,苏星河牛通,2026-09-25 17:00:00,1433340,1118,1,【苏星河车机】别急着说你用过豆包，我这个你真没见过2,42185854565,19.35100,5,25,16777215,2026-09-25 22:42:33,1790347353,0,402b2f54,2208352672212334848,不是大肥鱼？
BV126ht6qESe,117319632165022,【苏星河车机】别急着说你用过豆包，我这个你真没见过,苏星河牛通,2026-09-25 17:00:00,1433340,1118,1,【苏星河车机】别急着说你用过豆包，我这个你真没见过2,42185854565,37.93600,5,25,41194,2026-09-25 22:52:52,1790347972,0,ad1ea92c,2208357870826514688,刚才是我弄错了，右转是湖，左转才是下高速的路，下次我一定不会弄错的
BV126ht6qESe,117319632165022,【苏星河车机】别急着说你用过豆包，我这个你真没见过,苏星河牛通,2026-09-25 17:00:00,1433340,1118,1,【苏星河车机】别急着说你用过豆包，我这个你真没见过2,42185854565,641.14200,1,25,16777215,2026-09-25 22:03:24,1790345004,0,54dd266a,2208332967003871488,这个还和谐了？本质是和谐的才会和谐
BV126ht6qESe,117319632165022,【苏星河车机】别急着说你用过豆包，我这个你真没见过,苏星河牛通,2026-09-25 17:00:00,1433340,1118,1,【苏星河车机】别急着说你用过豆包，我这个你真没见过2,42185854565,58.68800,1,25,16777215,2026-09-26 12:45:58,1790397958,0,b834aaf7,2208777183223518720,那我5座车只能乘4个人了？
BV126ht6qESe,117319632165022,【苏星河车机】别急着说你用过豆包，我这个你真没见过,苏星河牛通,2026-09-25 17:00:00,1433340,1118,1,【苏星河车机】别急着说你用过豆包，我这个你真没见过2,42185854565,34.52500,5,25,15138834,2026-09-25 20:21:38,1790338898,0,97c83ba9,2208281745710239488,完了
BV126ht6qESe,117319632165022,【苏星河车机】别急着说你用过豆包，我这个你真没见过,苏星河牛通,2026-09-25 17:00:00,1433340,1118,1,【苏星河车机】别急着说你用过豆包，我这个你真没见过2,42185854565,393.61500,5,25,15138834,2026-09-25 20:09:50,1790338190,0,dca42979,2208275807926509312,《美好中国》
BV126ht6qESe,117319632165022,【苏星河车机】别急着说你用过豆包，我这个你真没见过,苏星河牛通,2026-09-25 17:00:00,1433340,1118,1,【苏星河车机】别急着说你用过豆包，我这个你真没见过2,42185854565,14.77100,5,25,16707842,2026-09-25 20:06:16,1790337976,0,657d3312,2208274015591388416,这个也没有……
BV126ht6qESe,117319632165022,【苏星河车机】别急着说你用过豆包，我这个你真没见过,苏星河牛通,2026-09-25 17:00:00,1433340,1118,1,【苏星河车机】别急着说你用过豆包，我这个你真没见过2,42185854565,63.86800,5,25,16777215,2026-09-25 17:02:59,1790326979,0,b961310c,2208181768735958784,对不起，我错了
BV126ht6qESe,117319632165022,【苏星河车机】别急着说你用过豆包，我这个你真没见过,苏星河牛通,2026-09-25 17:00:00,1433340,1118,1,【苏星河车机】别急着说你用过豆包，我这个你真没见过2,42185854565,32.88900,5,25,16707842,2026-09-26 18:18:48,1790417928,0,c9d92199,2208944704614068224,害怕
BV126ht6qESe,117319632165022,【苏星河车机】别急着说你用过豆包，我这个你真没见过,苏星河牛通,2026-09-25 17:00:00,1433340,1118,1,【苏星河车机】别急着说你用过豆包，我这个你真没见过2,42185854565,187.08800,5,25,16777215,2026-09-25 21:12:56,1790341976,0,978ef23c,2208307573252376832,细说折腾
BV126ht6qESe,117319632165022,【苏星河车机】别急着说你用过豆包，我这个你真没见过,苏星河牛通,2026-09-25 17:00:00,1433340,1118,1,【苏星河车机】别急着说你用过豆包，我这个你真没见过2,42185854565,158.75000,1,25,16777215,2026-09-25 20:46:18,1790340378,0,978ea5fd,2208294168491640576,罗老师，别这样
BV126ht6qESe,117319632165022,【苏星河车机】别急着说你用过豆包，我这个你真没见过,苏星河牛通,2026-09-25 17:00:00,1433340,1118,1,【苏星河车机】别急着说你用过豆包，我这个你真没见过2,42185854565,257.14200,1,25,16777215,2026-09-25 19:37:35,1790336255,0,40b15fa,2208259578268059648,豆包：你玩挺花啊
BV126ht6qESe,117319632165022,【苏星河车机】别急着说你用过豆包，我这个你真没见过,苏星河牛通,2026-09-25 17:00:00,1433340,1118,1,【苏星河车机】别急着说你用过豆包，我这个你真没见过2,42185854565,89.09600,5,25,16707842,2026-09-25 18:37:46,1790332666,0,bbaa5f48,2208229469121730048,这个地方非常容易晒坏
BV126ht6qESe,117319632165022,【苏星河车机】别急着说你用过豆包，我这个你真没见过,苏星河牛通,2026-09-25 17:00:00,1433340,1118,1,【苏星河车机】别急着说你用过豆包，我这个你真没见过2,42185854565,115.19100,1,25,16777215,2026-09-25 17:08:10,1790327290,0,8653fd7c,2208184377777683200,哈哈哈哈哈哈
BV126ht6qESe,117319632165022,【苏星河车机】别急着说你用过豆包，我这个你真没见过,苏星河牛通,2026-09-25 17:00:00,1433340,1118,1,【苏星河车机】别急着说你用过豆包，我这个你真没见过2,42185854565,39.65300,1,25,16777215,2026-09-26 06:57:08,1790377028,0,3fdc623c,2208601606814030336,别给我引河里了
BV126ht6qESe,117319632165022,【苏星河车机】别急着说你用过豆包，我这个你真没见过,苏星河牛通,2026-09-25 17:00:00,1433340,1118,1,【苏星河车机】别急着说你用过豆包，我这个你真没见过2,42185854565,89.42200,5,25,16765698,2026-09-25 22:37:25,1790347045,0,567b5ed5,2208350093822862592,不仅容易晒坏，还有容易受撞击后伤人
BV126ht6qESe,117319632165022,【苏星河车机】别急着说你用过豆包，我这个你真没见过,苏星河牛通,2026-09-25 17:00:00,1433340,1118,1,【苏星河车机】别急着说你用过豆包，我这个你真没见过2,42185854565,250.47300,5,25,16777215,2026-09-25 21:13:16,1790341996,0,90bcd936,2208307740378812928,不同的什么？
BV126ht6qESe,117319632165022,【苏星河车机】别急着说你用过豆包，我这个你真没见过,苏星河牛通,2026-09-25 17:00:00,1433340,1118,1,【苏星河车机】别急着说你用过豆包，我这个你真没见过2,42185854565,15.87800,5,25,16707842,2026-09-25 20:18:00,1790338680,0,f5c7b7c2,2208279918336117504,我以为你会说桥本香菜
BV126ht6qESe,117319632165022,【苏星河车机】别急着说你用过豆包，我这个你真没见过,苏星河牛通,2026-09-25 17:00:00,1433340,1118,1,【苏星河车机】别急着说你用过豆包，我这个你真没见过2,42185854565,0.88000,1,25,16777215,2026-09-25 20:03:21,1790337801,0,97e92104,2208272543549597952,我是未成年
BV126ht6qESe,117319632165022,【苏星河车机】别急着说你用过豆包，我这个你真没见过,苏星河牛通,2026-09-25 17:00:00,1433340,1118,1,【苏星河车机】别急着说你用过豆包，我这个你真没见过2,42185854565,136.16100,1,25,16777215,2026-09-25 18:05:10,1790330710,0,cfb9ac29,2208213063688040192,这说话方式好像一位故人啊，对吧自如(doge)
BV126ht6qESe,117319632165022,【苏星河车机】别急着说你用过豆包，我这个你真没见过,苏星河牛通,2026-09-25 17:00:00,1433340,1118,1,【苏星河车机】别急着说你用过豆包，我这个你真没见过2,42185854565,48.18100,5,25,16777215,2026-09-25 23:19:42,1790349582,0,60811560,2208371374740151552,我要下车!
BV126ht6qESe,117319632165022,【苏星河车机】别急着说你用过豆包，我这个你真没见过,苏星河牛通,2026-09-25 17:00:00,1433340,1118,1,【苏星河车机】别急着说你用过豆包，我这个你真没见过2,42185854565,45.14800,1,25,16777215,2026-09-25 22:55:25,1790348125,0,68e13a6e,2208359150634071040,只要不是豆包自驾就行
BV126ht6qESe,117319632165022,【苏星河车机】别急着说你用过豆包，我这个你真没见过,苏星河牛通,2026-09-25 17:00:00,1433340,1118,1,【苏星河车机】别急着说你用过豆包，我这个你真没见过2,42185854565,41.01400,1,25,16777215,2026-09-25 21:16:36,1790342196,0,f186e98b,2208309414627712768,我一定是还没睡醒，这个噩梦太可怕了
BV126ht6qESe,117319632165022,【苏星河车机】别急着说你用过豆包，我这个你真没见过,苏星河牛通,2026-09-25 17:00:00,1433340,1118,1,【苏星河车机】别急着说你用过豆包，我这个你真没见过2,42185854565,461.52700,5,25,15138834,2026-09-25 19:15:03,1790334903,0,7f5dbd9a,2208248238028079360,在车上开车的安全
BV126ht6qESe,117319632165022,【苏星河车机】别急着说你用过豆包，我这个你真没见过,苏星河牛通,2026-09-25 17:00:00,1433340,1118,1,【苏星河车机】别急着说你用过豆包，我这个你真没见过2,42185854565,135.10200,1,25,16777215,2026-09-25 18:04:07,1790330647,0,e8727bc6,2208212538301859584,切换自如
BV126ht6qESe,117319632165022,【苏星河车机】别急着说你用过豆包，我这个你真没见过,苏星河牛通,2026-09-25 17:00:00,1433340,1118,1,【苏星河车机】别急着说你用过豆包，我这个你真没见过2,42185854565,394.85400,1,25,16777215,2026-09-27 12:57:08,1790485028,0,9811e8e8,2209507573626591488,就问你美不美吧...
BV126ht6qESe,117319632165022,【苏星河车机】别急着说你用过豆包，我这个你真没见过,苏星河牛通,2026-09-25 17:00:00,1433340,1118,1,【苏星河车机】别急着说你用过豆包，我这个你真没见过2,42185854565,219.51900,1,25,16777215,2026-09-27 11:30:24,1790479824,0,fb3e721d,2209463919277017344,接着来了句“没有昨天那个漂亮呢”
BV126ht6qESe,117319632165022,【苏星河车机】别急着说你用过豆包，我这个你真没见过,苏星河牛通,2026-09-25 17:00:00,1433340,1118,1,【苏星河车机】别急着说你用过豆包，我这个你真没见过2,42185854565,672.63800,1,25,16777215,2026-09-26 22:16:57,1790432217,0,cb0e48a7,2209064568595019776,智能体不在于说不说谎，而是能清晰的知道自己忠于谁。
BV126ht6qESe,117319632165022,【苏星河车机】别急着说你用过豆包，我这个你真没见过,苏星河牛通,2026-09-25 17:00:00,1433340,1118,1,【苏星河车机】别急着说你用过豆包，我这个你真没见过2,42185854565,572.49100,1,25,16777215,2026-09-26 20:56:29,1790427389,0,e78703e7,2209024062330778624,深度思考中
BV126ht6qESe,117319632165022,【苏星河车机】别急着说你用过豆包，我这个你真没见过,苏星河牛通,2026-09-25 17:00:00,1433340,1118,1,【苏星河车机】别急着说你用过豆包，我这个你真没见过2,42185854565,654.61200,1,25,16777215,2026-09-26 20:31:00,1790425860,0,5ad4e268,2209011236249586944,智能体 =会说谎？
BV126ht6qESe,117319632165022,【苏星河车机】别急着说你用过豆包，我这个你真没见过,苏星河牛通,2026-09-25 17:00:00,1433340,1118,1,【苏星河车机】别急着说你用过豆包，我这个你真没见过2,42185854565,232.72300,1,25,16777215,2026-09-26 08:31:59,1790382719,0,fbaec04b,2208649349569949440,支持弹射功能吗
BV126ht6qESe,117319632165022,【苏星河车机】别急着说你用过豆包，我这个你真没见过,苏星河牛通,2026-09-25 17:00:00,1433340,1118,1,【苏星河车机】别急着说你用过豆包，我这个你真没见过2,42185854565,625.08300,1,25,16777215,2026-09-26 03:44:37,1790365477,0,dffa2c2f,2208504709022223872,也就是说他有一家熟得都不需要导航的店咯
BV126ht6qESe,117319632165022,【苏星河车机】别急着说你用过豆包，我这个你真没见过,苏星河牛通,2026-09-25 17:00:00,1433340,1118,1,【苏星河车机】别急着说你用过豆包，我这个你真没见过2,42185854565,150.47000,1,25,16777215,2026-09-26 00:49:27,1790354967,0,f7f195e,2208416542092583680,罗老师大呼内行！
BV126ht6qESe,117319632165022,【苏星河车机】别急着说你用过豆包，我这个你真没见过,苏星河牛通,2026-09-25 17:00:00,1433340,1118,1,【苏星河车机】别急着说你用过豆包，我这个你真没见过2,42185854565,7.31400,5,25,15138834,2026-09-25 20:21:34,1790338894,0,700b4ccd,2208281714320166656,35 ^ ＿^
BV126ht6qESe,117319632165022,【苏星河车机】别急着说你用过豆包，我这个你真没见过,苏星河牛通,2026-09-25 17:00:00,1433340,1118,1,【苏星河车机】别急着说你用过豆包，我这个你真没见过2,42185854565,16.21000,1,25,16707842,2026-09-25 20:08:15,1790338095,0,9db69065,2208275016771731200,它不是男女都可以改吗？
BV126ht6qESe,117319632165022,【苏星河车机】别急着说你用过豆包，我这个你真没见过,苏星河牛通,2026-09-25 17:00:00,1433340,1118,1,【苏星河车机】别急着说你用过豆包，我这个你真没见过2,42185854565,99.50300,1,25,16777215,2026-09-25 20:01:56,1790337716,0,3205e7a6,2208271830677178368,这，是~？锤锤！！！
BV126ht6qESe,117319632165022,【苏星河车机】别急着说你用过豆包，我这个你真没见过,苏星河牛通,2026-09-25 17:00:00,1433340,1118,1,【苏星河车机】别急着说你用过豆包，我这个你真没见过2,42185854565,40.29900,5,25,16777215,2026-09-25 20:01:42,1790337702,0,78aef89d,2208271714763561984,坏了
BV126ht6qESe,117319632165022,【苏星河车机】别急着说你用过豆包，我这个你真没见过,苏星河牛通,2026-09-25 17:00:00,1433340,1118,1,【苏星河车机】别急着说你用过豆包，我这个你真没见过2,42185854565,21.12000,1,25,16777215,2026-09-25 20:00:12,1790337612,0,d4452edb,2208270962976528128,第一我不用豆包，第二AI没有性别
BV126ht6qESe,117319632165022,【苏星河车机】别急着说你用过豆包，我这个你真没见过,苏星河牛通,2026-09-25 17:00:00,1433340,1118,1,【苏星河车机】别急着说你用过豆包，我这个你真没见过2,42185854565,3.74600,5,25,16777215,2026-09-25 19:57:41,1790337461,0,2a261d8b,2208269694854335488,0
BV126ht6qESe,117319632165022,【苏星河车机】别急着说你用过豆包，我这个你真没见过,苏星河牛通,2026-09-25 17:00:00,1433340,1118,1,【苏星河车机】别急着说你用过豆包，我这个你真没见过2,42185854565,22.48700,1,25,16777215,2026-09-25 19:25:53,1790335553,0,362cae9d,2208253689666577152,他不是他是个工具，不要把他当做人，你也不要让观众下意识以为他是人
BV126ht6qESe,117319632165022,【苏星河车机】别急着说你用过豆包，我这个你真没见过,苏星河牛通,2026-09-25 17:00:00,1433340,1118,1,【苏星河车机】别急着说你用过豆包，我这个你真没见过2,42185854565,622.00800,1,25,16777215,2026-09-25 18:24:06,1790331846,0,659fc48c,2208222593205866240,请输入文本
BV126ht6qESe,117319632165022,【苏星河车机】别急着说你用过豆包，我这个你真没见过,苏星河牛通,2026-09-25 17:00:00,1433340,1118,1,【苏星河车机】别急着说你用过豆包，我这个你真没见过2,42185854565,182.85500,5,25,15138834,2026-09-25 17:03:33,1790327013,0,760e6378,2208182052849831168,颦儿
BV126ht6qESe,117319632165022,【苏星河车机】别急着说你用过豆包，我这个你真没见过,苏星河牛通,2026-09-25 17:00:00,1433340,1118,1,【苏星河车机】别急着说你用过豆包，我这个你真没见过2,42185854565,582.14600,1,25,16777215,2026-09-28 08:49:01,1790556541,0,8bfd5315,2210107475213785856,哦哦，可能是风吧
BV126ht6qESe,117319632165022,【苏星河车机】别急着说你用过豆包，我这个你真没见过,苏星河牛通,2026-09-25 17:00:00,1433340,1118,1,【苏星河车机】别急着说你用过豆包，我这个你真没见过2,42185854565,21.01600,5,25,15138834,2026-09-27 12:15:56,1790482556,0,752ccff9,2209486841324453888,？这也算
BV126ht6qESe,117319632165022,【苏星河车机】别急着说你用过豆包，我这个你真没见过,苏星河牛通,2026-09-25 17:00:00,1433340,1118,1,【苏星河车机】别急着说你用过豆包，我这个你真没见过2,42185854565,229.35800,1,25,16777215,2026-09-27 10:49:42,1790477382,0,d4e36503,2209443441359202304,今天的好看，还是昨天的好看？
BV126ht6qESe,117319632165022,【苏星河车机】别急着说你用过豆包，我这个你真没见过,苏星河牛通,2026-09-25 17:00:00,1433340,1118,1,【苏星河车机】别急着说你用过豆包，我这个你真没见过2,42185854565,416.83500,1,25,16777215,2026-09-26 23:17:38,1790435858,0,ea192b09,2209095110678488576,续航已经没什么区别了，就是补能平均水平还差一截
BV126ht6qESe,117319632165022,【苏星河车机】别急着说你用过豆包，我这个你真没见过,苏星河牛通,2026-09-25 17:00:00,1433340,1118,1,【苏星河车机】别急着说你用过豆包，我这个你真没见过2,42185854565,92.00400,1,25,16777215,2026-09-26 22:47:03,1790434023,0,d90b9457,2209079716416818944,开始阿斯拉达时代
BV126ht6qESe,117319632165022,【苏星河车机】别急着说你用过豆包，我这个你真没见过,苏星河牛通,2026-09-25 17:00:00,1433340,1118,1,【苏星河车机】别急着说你用过豆包，我这个你真没见过2,42185854565,12.99900,5,25,16777215,2026-09-26 22:34:12,1790433252,0,903cac6c,2209073246224439808,老太太算不算？
BV126ht6qESe,117319632165022,【苏星河车机】别急着说你用过豆包，我这个你真没见过,苏星河牛通,2026-09-25 17:00:00,1433340,1118,1,【苏星河车机】别急着说你用过豆包，我这个你真没见过2,42185854565,236.58800,1,25,16777215,2026-09-26 21:44:48,1790430288,0,d0a27194,2209048384798059264,豆包：开启副驾弹射模式
BV126ht6qESe,117319632165022,【苏星河车机】别急着说你用过豆包，我这个你真没见过,苏星河牛通,2026-09-25 17:00:00,1433340,1118,1,【苏星河车机】别急着说你用过豆包，我这个你真没见过2,42185854565,439.59800,5,25,16777215,2026-09-26 21:30:48,1790429448,0,f5ecfc2,2209041341874019072,[正片開始]
BV126ht6qESe,117319632165022,【苏星河车机】别急着说你用过豆包，我这个你真没见过,苏星河牛通,2026-09-25 17:00:00,1433340,1118,1,【苏星河车机】别急着说你用过豆包，我这个你真没见过2,42185854565,183.90600,1,25,16777215,2026-09-26 21:28:01,1790429281,0,744d76b2,2209039933703518208,好嘛，工资条她都知道
BV126ht6qESe,117319632165022,【苏星河车机】别急着说你用过豆包，我这个你真没见过,苏星河牛通,2026-09-25 17:00:00,1433340,1118,1,【苏星河车机】别急着说你用过豆包，我这个你真没见过2,42185854565,636.38300,1,25,16777215,2026-09-26 20:37:52,1790426272,0,bd4952c3,2209014693170424832,豆科长：别说了别说了
BV126ht6qESe,117319632165022,【苏星河车机】别急着说你用过豆包，我这个你真没见过,苏星河牛通,2026-09-25 17:00:00,1433340,1118,1,【苏星河车机】别急着说你用过豆包，我这个你真没见过2,42185854565,20.70700,5,25,15138834,2026-09-26 18:56:38,1790420198,0,55503ffe,2208963742736591872,他说了只要你认识并不是你有这个软件
BV126ht6qESe,117319632165022,【苏星河车机】别急着说你用过豆包，我这个你真没见过,苏星河牛通,2026-09-25 17:00:00,1433340,1118,1,【苏星河车机】别急着说你用过豆包，我这个你真没见过2,42185854565,610.78700,1,25,15138834,2026-09-26 16:29:44,1790411384,0,b804cbdd,2208889805772084992,豆包豆包，调取近5天导航数据，精确到分钟
BV126ht6qESe,117319632165022,【苏星河车机】别急着说你用过豆包，我这个你真没见过,苏星河牛通,2026-09-25 17:00:00,1433340,1118,1,【苏星河车机】别急着说你用过豆包，我这个你真没见过2,42185854565,16.73700,5,25,16777215,2026-09-26 15:06:12,1790406372,0,999ce29f,2208847765331580672,这个其实无所谓的男女之分
BV126ht6qESe,117319632165022,【苏星河车机】别急着说你用过豆包，我这个你真没见过,苏星河牛通,2026-09-25 17:00:00,1433340,1118,1,【苏星河车机】别急着说你用过豆包，我这个你真没见过2,42185854565,156.27100,1,25,16777215,2026-09-26 12:30:14,1790397014,0,41a38cef,2208769258849407744,苏老师，苏老师，您别这样
BV126ht6qESe,117319632165022,【苏星河车机】别急着说你用过豆包，我这个你真没见过,苏星河牛通,2026-09-25 17:00:00,1433340,1118,1,【苏星河车机】别急着说你用过豆包，我这个你真没见过2,42185854565,426.40200,1,25,16777215,2026-09-26 12:23:41,1790396621,0,8ac0707,2208765965725498880,想搞搞得了吗
BV126ht6qESe,117319632165022,【苏星河车机】别急着说你用过豆包，我这个你真没见过,苏星河牛通,2026-09-25 17:00:00,1433340,1118,1,【苏星河车机】别急着说你用过豆包，我这个你真没见过2,42185854565,67.79100,1,25,16777215,2026-09-26 12:17:39,1790396259,0,f8a404f7,2208762928386750720,越依赖智能化，自身的信息编辑处理能力就越差
BV126ht6qESe,117319632165022,【苏星河车机】别急着说你用过豆包，我这个你真没见过,苏星河牛通,2026-09-25 17:00:00,1433340,1118,1,【苏星河车机】别急着说你用过豆包，我这个你真没见过2,42185854565,230.50800,1,25,16707842,2026-09-26 12:11:32,1790395892,0,7b53e3d5,2208759849649767936,好茶
BV126ht6qESe,117319632165022,【苏星河车机】别急着说你用过豆包，我这个你真没见过,苏星河牛通,2026-09-25 17:00:00,1433340,1118,1,【苏星河车机】别急着说你用过豆包，我这个你真没见过2,42185854565,61.72200,1,25,16777215,2026-09-26 11:51:31,1790394691,0,f0468e27,2208749775015545600,2060牌傻妞为您服务
BV126ht6qESe,117319632165022,【苏星河车机】别急着说你用过豆包，我这个你真没见过,苏星河牛通,2026-09-25 17:00:00,1433340,1118,1,【苏星河车机】别急着说你用过豆包，我这个你真没见过2,42185854565,489.44000,1,25,16777215,2026-09-26 10:35:10,1790390110,0,43d89716,2208711342943379456,豆包帮我清空手机上的浏览记录，聊天记录，下载记录
BV126ht6qESe,117319632165022,【苏星河车机】别急着说你用过豆包，我这个你真没见过,苏星河牛通,2026-09-25 17:00:00,1433340,1118,1,【苏星河车机】别急着说你用过豆包，我这个你真没见过2,42185854565,398.21700,5,25,14811775,2026-09-26 08:42:50,1790383370,0,4ee7a9d5,2208654810050256384,世界杯
BV126ht6qESe,117319632165022,【苏星河车机】别急着说你用过豆包，我这个你真没见过,苏星河牛通,2026-09-25 17:00:00,1433340,1118,1,【苏星河车机】别急着说你用过豆包，我这个你真没见过2,42185854565,50.96100,1,25,16777215,2026-09-26 00:50:37,1790355037,0,7a865bfe,2208417133497566720,dbq我刚才弄了个错误闯了个小红灯并开错了导航
BV126ht6qESe,117319632165022,【苏星河车机】别急着说你用过豆包，我这个你真没见过,苏星河牛通,2026-09-25 17:00:00,1433340,1118,1,【苏星河车机】别急着说你用过豆包，我这个你真没见过2,42185854565,44.95000,1,25,16777215,2026-09-25 23:45:19,1790351119,0,b37c45dc,2208384268189668352,那完蛋了
BV126ht6qESe,117319632165022,【苏星河车机】别急着说你用过豆包，我这个你真没见过,苏星河牛通,2026-09-25 17:00:00,1433340,1118,1,【苏星河车机】别急着说你用过豆包，我这个你真没见过2,42185854565,26.59500,1,25,16777215,2026-09-25 23:31:28,1790350288,0,3498d2cc,2208377296946069760,未检测到人类
BV126ht6qESe,117319632165022,【苏星河车机】别急着说你用过豆包，我这个你真没见过,苏星河牛通,2026-09-25 17:00:00,1433340,1118,1,【苏星河车机】别急着说你用过豆包，我这个你真没见过2,42185854565,0.00000,5,25,16777215,2026-09-25 22:54:35,1790348075,0,3f6b0a22,2208358733661424896,笑点解析：0都是一个人发的
BV126ht6qESe,117319632165022,【苏星河车机】别急着说你用过豆包，我这个你真没见过,苏星河牛通,2026-09-25 17:00:00,1433340,1118,1,【苏星河车机】别急着说你用过豆包，我这个你真没见过2,42185854565,0.53100,5,25,14811775,2026-09-25 21:05:14,1790341514,0,15e6aeb7,2208303694066863104,蓝色大肥鱼算么
BV126ht6qESe,117319632165022,【苏星河车机】别急着说你用过豆包，我这个你真没见过,苏星河牛通,2026-09-25 17:00:00,1433340,1118,1,【苏星河车机】别急着说你用过豆包，我这个你真没见过2,42185854565,659.49200,1,25,16777215,2026-09-25 20:35:28,1790339728,0,438c42ce,2208288714520915968,发个友善的弹幕见证当下
BV126ht6qESe,117319632165022,【苏星河车机】别急着说你用过豆包，我这个你真没见过,苏星河牛通,2026-09-25 17:00:00,1433340,1118,1,【苏星河车机】别急着说你用过豆包，我这个你真没见过2,42185854565,291.36900,1,25,16777215,2026-09-25 20:33:21,1790339601,0,8fe25e,2208287646835896320,原来是吵架，我还以为你们不背着豆包那个呢
BV126ht6qESe,117319632165022,【苏星河车机】别急着说你用过豆包，我这个你真没见过,苏星河牛通,2026-09-25 17:00:00,1433340,1118,1,【苏星河车机】别急着说你用过豆包，我这个你真没见过2,42185854565,126.72000,1,25,16777215,2026-09-25 20:31:26,1790339486,0,748e1db3,2208286684419227136,那叫一个地道
BV126ht6qESe,117319632165022,【苏星河车机】别急着说你用过豆包，我这个你真没见过,苏星河牛通,2026-09-25 17:00:00,1433340,1118,1,【苏星河车机】别急着说你用过豆包，我这个你真没见过2,42185854565,5.19300,5,25,15138834,2026-09-25 20:16:37,1790338597,0,e4fe21d2,2208279221502693632,17
BV126ht6qESe,117319632165022,【苏星河车机】别急着说你用过豆包，我这个你真没见过,苏星河牛通,2026-09-25 17:00:00,1433340,1118,1,【苏星河车机】别急着说你用过豆包，我这个你真没见过2,42185854565,646.72900,1,25,15138834,2026-09-25 20:14:44,1790338484,0,dca42979,2208278280829509632,那我很期待华为汽车上搭载的小艺了。(虽然还没有吧，什么时候进化成这个样子)
BV126ht6qESe,117319632165022,【苏星河车机】别急着说你用过豆包，我这个你真没见过,苏星河牛通,2026-09-25 17:00:00,1433340,1118,1,【苏星河车机】别急着说你用过豆包，我这个你真没见过2,42185854565,35.71500,5,25,16707842,2026-09-25 20:10:57,1790338257,0,dffeec08,2208276369308754176,不豪
BV126ht6qESe,117319632165022,【苏星河车机】别急着说你用过豆包，我这个你真没见过,苏星河牛通,2026-09-25 17:00:00,1433340,1118,1,【苏星河车机】别急着说你用过豆包，我这个你真没见过2,42185854565,46.50800,1,25,16777215,2026-09-25 20:06:43,1790338003,0,a17574f6,2208274243107248384,吓哭了
BV126ht6qESe,117319632165022,【苏星河车机】别急着说你用过豆包，我这个你真没见过,苏星河牛通,2026-09-25 17:00:00,1433340,1118,1,【苏星河车机】别急着说你用过豆包，我这个你真没见过2,42185854565,330.74600,1,25,16777215,2026-09-25 20:06:35,1790337995,0,3205e7a6,2208274176450651648,算了，我不犟了！！！
BV126ht6qESe,117319632165022,【苏星河车机】别急着说你用过豆包，我这个你真没见过,苏星河牛通,2026-09-25 17:00:00,1433340,1118,1,【苏星河车机】别急着说你用过豆包，我这个你真没见过2,42185854565,21.56000,1,25,16777215,2026-09-25 19:44:47,1790336687,0,26b12def,2208263200553199872,气笑了
BV126ht6qESe,117319632165022,【苏星河车机】别急着说你用过豆包，我这个你真没见过,苏星河牛通,2026-09-25 17:00:00,1433340,1118,1,【苏星河车机】别急着说你用过豆包，我这个你真没见过2,42185854565,333.95900,1,25,16777215,2026-09-25 19:38:18,1790336298,0,b2d11fff,2208259942359015680,虽然你豆姐有些时候确实不那么聪明，但你豆姐多模态世界靠前
BV126ht6qESe,117319632165022,【苏星河车机】别急着说你用过豆包，我这个你真没见过,苏星河牛通,2026-09-25 17:00:00,1433340,1118,1,【苏星河车机】别急着说你用过豆包，我这个你真没见过2,42185854565,166.55800,1,25,16777215,2026-09-25 18:38:44,1790332724,0,b450d6cf,2208229962195355648,罗技自如
BV126ht6qESe,117319632165022,【苏星河车机】别急着说你用过豆包，我这个你真没见过,苏星河牛通,2026-09-25 17:00:00,1433340,1118,1,【苏星河车机】别急着说你用过豆包，我这个你真没见过2,42185854565,170.86900,1,25,16777215,2026-09-25 17:44:47,1790329487,0,6c881058,2208202801795453440,豆包的加入，弥补了荣威车机一部分缺点
BV126ht6qESe,117319632165022,【苏星河车机】别急着说你用过豆包，我这个你真没见过,苏星河牛通,2026-09-25 17:00:00,1433340,1118,1,【苏星河车机】别急着说你用过豆包，我这个你真没见过2,42185854565,8.36100,1,25,16777215,2026-09-25 17:03:18,1790326998,0,ecc1054b,2208181921208172032,一百多个吧
BV126ht6qESe,117319632165022,【苏星河车机】别急着说你用过豆包，我这个你真没见过,苏星河牛通,2026-09-25 17:00:00,1433340,1118,1,【苏星河车机】别急着说你用过豆包，我这个你真没见过2,42185854565,631.53000,1,25,16777215,2026-09-28 18:44:14,1790592254,0,12a22909,2210407052311490048,豆包 我在做一个随机挑战 请帮我调取最近五天的行程记录 然后作为推荐的来源随机给我几个娱乐场所
BV126ht6qESe,117319632165022,【苏星河车机】别急着说你用过豆包，我这个你真没见过,苏星河牛通,2026-09-25 17:00:00,1433340,1118,1,【苏星河车机】别急着说你用过豆包，我这个你真没见过2,42185854565,114.85100,1,25,16777215,2026-09-28 18:33:21,1790591601,0,12a22909,2210401575724949504,谁听到能绷住
BV126ht6qESe,117319632165022,【苏星河车机】别急着说你用过豆包，我这个你真没见过,苏星河牛通,2026-09-25 17:00:00,1433340,1118,1,【苏星河车机】别急着说你用过豆包，我这个你真没见过2,42185854565,302.63100,1,25,16777215,2026-09-28 16:07:43,1790582863,0,784e8929,2210328276974144256,豆包：我只会心疼giegie~
BV126ht6qESe,117319632165022,【苏星河车机】别急着说你用过豆包，我这个你真没见过,苏星河牛通,2026-09-25 17:00:00,1433340,1118,1,【苏星河车机】别急着说你用过豆包，我这个你真没见过2,42185854565,22.10000,5,25,16707842,2026-09-27 20:03:01,1790510581,0,c32caf14,2209721930695838208,这个也算的话那我认识的可太多了
BV126ht6qESe,117319632165022,【苏星河车机】别急着说你用过豆包，我这个你真没见过,苏星河牛通,2026-09-25 17:00:00,1433340,1118,1,【苏星河车机】别急着说你用过豆包，我这个你真没见过2,42185854565,23.58100,1,25,16777215,2026-09-27 15:47:36,1790495256,0,1ea2c089,2209593373893968128,啥子豆包
BV126ht6qESe,117319632165022,【苏星河车机】别急着说你用过豆包，我这个你真没见过,苏星河牛通,2026-09-25 17:00:00,1433340,1118,1,【苏星河车机】别急着说你用过豆包，我这个你真没见过2,42185854565,19.13900,5,25,16707842,2026-09-27 15:44:54,1790495094,0,4afe972f,2209592016793628672,滚
BV126ht6qESe,117319632165022,【苏星河车机】别急着说你用过豆包，我这个你真没见过,苏星河牛通,2026-09-25 17:00:00,1433340,1118,1,【苏星河车机】别急着说你用过豆包，我这个你真没见过2,42185854565,243.01100,1,25,16777215,2026-09-27 13:28:41,1790486921,0,36d3063d,2209523454888402432,人民广场吃炸鸡
BV126ht6qESe,117319632165022,【苏星河车机】别急着说你用过豆包，我这个你真没见过,苏星河牛通,2026-09-25 17:00:00,1433340,1118,1,【苏星河车机】别急着说你用过豆包，我这个你真没见过2,42185854565,4.55900,5,25,16707842,2026-09-27 12:24:45,1790483085,0,4f99db2b,2209491279065827840,未来的我，你好
BV126ht6qESe,117319632165022,【苏星河车机】别急着说你用过豆包，我这个你真没见过,苏星河牛通,2026-09-25 17:00:00,1433340,1118,1,【苏星河车机】别急着说你用过豆包，我这个你真没见过2,42185854565,231.17100,1,25,16777215,2026-09-27 12:23:02,1790482982,0,cf426de8,2209490411364715264,豆包：姐姐，你比昨天那个好看多啦
BV126ht6qESe,117319632165022,【苏星河车机】别急着说你用过豆包，我这个你真没见过,苏星河牛通,2026-09-25 17:00:00,1433340,1118,1,【苏星河车机】别急着说你用过豆包，我这个你真没见过2,42185854565,604.39700,1,25,16777215,2026-09-27 12:22:49,1790482969,0,7b47aa81,2209490306431938816,这个绝对不就爆了
BV126ht6qESe,117319632165022,【苏星河车机】别急着说你用过豆包，我这个你真没见过,苏星河牛通,2026-09-25 17:00:00,1433340,1118,1,【苏星河车机】别急着说你用过豆包，我这个你真没见过2,42185854565,500.22400,1,25,16777215,2026-09-27 11:51:33,1790481093,0,5ad3db8b,2209474563933752320,这一段是想说什么。。。
BV126ht6qESe,117319632165022,【苏星河车机】别急着说你用过豆包，我这个你真没见过,苏星河牛通,2026-09-25 17:00:00,1433340,1118,1,【苏星河车机】别急着说你用过豆包，我这个你真没见过2,42185854565,274.61500,5,25,15138834,2026-09-27 11:22:07,1790479327,0,221255e5,2209459757654793984,微软的小娜以前不也会吗？
BV126ht6qESe,117319632165022,【苏星河车机】别急着说你用过豆包，我这个你真没见过,苏星河牛通,2026-09-25 17:00:00,1433340,1118,1,【苏星河车机】别急着说你用过豆包，我这个你真没见过2,42185854565,451.45500,1,25,16777215,2026-09-27 11:05:47,1790478347,0,4513478f,2209451535418349824,我要的就是花里胡哨
BV126ht6qESe,117319632165022,【苏星河车机】别急着说你用过豆包，我这个你真没见过,苏星河牛通,2026-09-25 17:00:00,1433340,1118,1,【苏星河车机】别急着说你用过豆包，我这个你真没见过2,42185854565,112.26100,5,25,16646914,2026-09-27 10:44:41,1790477081,0,9e9a8f66,2209440912370179584,给你豆姐夹成啥样了
BV126ht6qESe,117319632165022,【苏星河车机】别急着说你用过豆包，我这个你真没见过,苏星河牛通,2026-09-25 17:00:00,1433340,1118,1,【苏星河车机】别急着说你用过豆包，我这个你真没见过2,42185854565,39.50100,1,25,16777215,2026-09-27 10:14:03,1790475243,0,e006acf2,2209425494435879680,那很恐怖了
BV126ht6qESe,117319632165022,【苏星河车机】别急着说你用过豆包，我这个你真没见过,苏星河牛通,2026-09-25 17:00:00,1433340,1118,1,【苏星河车机】别急着说你用过豆包，我这个你真没见过2,42185854565,154.32900,1,25,16777215,2026-09-27 10:12:49,1790475169,0,34be7a7f,2209424873989419008,罗老师别这样
BV126ht6qESe,117319632165022,【苏星河车机】别急着说你用过豆包，我这个你真没见过,苏星河牛通,2026-09-25 17:00:00,1433340,1118,1,【苏星河车机】别急着说你用过豆包，我这个你真没见过2,42185854565,45.41100,1,25,15138834,2026-09-27 10:10:41,1790475041,0,e1ff4a3a,2209423797353430528,这真成“包”治百病了
BV126ht6qESe,117319632165022,【苏星河车机】别急着说你用过豆包，我这个你真没见过,苏星河牛通,2026-09-25 17:00:00,1433340,1118,1,【苏星河车机】别急着说你用过豆包，我这个你真没见过2,42185854565,45.50300,1,25,16777215,2026-09-27 01:25:34,1790443534,0,43079460,2209159504174814720,豆包大聪明
BV126ht6qESe,117319632165022,【苏星河车机】别急着说你用过豆包，我这个你真没见过,苏星河牛通,2026-09-25 17:00:00,1433340,1118,1,【苏星河车机】别急着说你用过豆包，我这个你真没见过2,42185854565,48.75000,1,25,16707842,2026-09-27 00:51:44,1790441504,0,a580f875,2209142468581729024,对不起是我刚才弄错了。
BV126ht6qESe,117319632165022,【苏星河车机】别急着说你用过豆包，我这个你真没见过,苏星河牛通,2026-09-25 17:00:00,1433340,1118,1,【苏星河车机】别急着说你用过豆包，我这个你真没见过2,42185854565,34.17900,5,25,41194,2026-09-27 00:09:36,1790438976,0,ae4402c6,2209121268706736384,微恐了
BV126ht6qESe,117319632165022,【苏星河车机】别急着说你用过豆包，我这个你真没见过,苏星河牛通,2026-09-25 17:00:00,1433340,1118,1,【苏星河车机】别急着说你用过豆包，我这个你真没见过2,42185854565,379.22200,1,25,16777215,2026-09-26 23:35:12,1790436912,0,ae884c99,2209103946860780288,太带派了 老铁
BV126ht6qESe,117319632165022,【苏星河车机】别急着说你用过豆包，我这个你真没见过,苏星河牛通,2026-09-25 17:00:00,1433340,1118,1,【苏星河车机】别急着说你用过豆包，我这个你真没见过2,42185854565,31.35800,1,25,16777215,2026-09-26 23:27:32,1790436452,0,f777e398,2209100095994790144,可我不用啊
BV126ht6qESe,117319632165022,【苏星河车机】别急着说你用过豆包，我这个你真没见过,苏星河牛通,2026-09-25 17:00:00,1433340,1118,1,【苏星河车机】别急着说你用过豆包，我这个你真没见过2,42185854565,395.51800,5,25,16777215,2026-09-26 23:25:11,1790436311,0,37e43f22,2209098907932391168,What's this?
BV126ht6qESe,117319632165022,【苏星河车机】别急着说你用过豆包，我这个你真没见过,苏星河牛通,2026-09-25 17:00:00,1433340,1118,1,【苏星河车机】别急着说你用过豆包，我这个你真没见过2,42185854565,79.17400,1,25,16777215,2026-09-26 23:20:52,1790436052,0,bebb2c45,2209096735174002944,不应该更像蔚来糯米吗
BV126ht6qESe,117319632165022,【苏星河车机】别急着说你用过豆包，我这个你真没见过,苏星河牛通,2026-09-25 17:00:00,1433340,1118,1,【苏星河车机】别急着说你用过豆包，我这个你真没见过2,42185854565,247.04900,1,25,16777215,2026-09-26 23:08:57,1790435337,0,83bcdf18,2209090736891794176,去走个面儿
BV126ht6qESe,117319632165022,【苏星河车机】别急着说你用过豆包，我这个你真没见过,苏星河牛通,2026-09-25 17:00:00,1433340,1118,1,【苏星河车机】别急着说你用过豆包，我这个你真没见过2,42185854565,84.57800,1,25,16777215,2026-09-26 22:53:00,1790434380,0,e90f945c,2209082710117497088,荣威还不明显？
BV126ht6qESe,117319632165022,【苏星河车机】别急着说你用过豆包，我这个你真没见过,苏星河牛通,2026-09-25 17:00:00,1433340,1118,1,【苏星河车机】别急着说你用过豆包，我这个你真没见过2,42185854565,49.78000,1,25,16777215,2026-09-26 21:50:02,1790430602,0,2b43db1e,2209051018896588288,对不起我不是故意把你带到坑里的
BV126ht6qESe,117319632165022,【苏星河车机】别急着说你用过豆包，我这个你真没见过,苏星河牛通,2026-09-25 17:00:00,1433340,1118,1,【苏星河车机】别急着说你用过豆包，我这个你真没见过2,42185854565,129.58100,5,25,16646914,2026-09-26 21:28:51,1790429331,0,54050429,2209040354996133376,妈妈，吓到我啦~~~~~~~~~~~~~~~~~~~~
BV126ht6qESe,117319632165022,【苏星河车机】别急着说你用过豆包，我这个你真没见过,苏星河牛通,2026-09-25 17:00:00,1433340,1118,1,【苏星河车机】别急着说你用过豆包，我这个你真没见过2,42185854565,63.30300,1,25,16777215,2026-09-26 21:25:05,1790429105,0,bebc8507,2209038460101506560,我还以为是赛力斯那个赛豆汽车
BV126ht6qESe,117319632165022,【苏星河车机】别急着说你用过豆包，我这个你真没见过,苏星河牛通,2026-09-25 17:00:00,1433340,1118,1,【苏星河车机】别急着说你用过豆包，我这个你真没见过2,42185854565,251.19000,1,25,16777215,2026-09-26 20:50:56,1790427056,0,b5a4004a,2209021268974505216,系数和根据不同的
BV126ht6qESe,117319632165022,【苏星河车机】别急着说你用过豆包，我这个你真没见过,苏星河牛通,2026-09-25 17:00:00,1433340,1118,1,【苏星河车机】别急着说你用过豆包，我这个你真没见过2,42185854565,183.87000,1,25,16777215,2026-09-26 20:48:14,1790426894,0,1fe3e702,2209019915111925248,豆包入侵个人财物隐私？
BV126ht6qESe,117319632165022,【苏星河车机】别急着说你用过豆包，我这个你真没见过,苏星河牛通,2026-09-25 17:00:00,1433340,1118,1,【苏星河车机】别急着说你用过豆包，我这个你真没见过2,42185854565,422.85500,1,25,16777215,2026-09-26 20:44:56,1790426696,0,8b6101f7,2209018251467019520,有区别，加速快的燃油车一定不便宜也一定很费油
BV126ht6qESe,117319632165022,【苏星河车机】别急着说你用过豆包，我这个你真没见过,苏星河牛通,2026-09-25 17:00:00,1433340,1118,1,【苏星河车机】别急着说你用过豆包，我这个你真没见过2,42185854565,110.65600,5,25,16646914,2026-09-26 20:33:54,1790426034,0,d7472b31,2209012695238214912,你说豆包能不能自动把你车机给删了？？？？？？？？？？
BV126ht6qESe,117319632165022,【苏星河车机】别急着说你用过豆包，我这个你真没见过,苏星河牛通,2026-09-25 17:00:00,1433340,1118,1,【苏星河车机】别急着说你用过豆包，我这个你真没见过2,42185854565,44.08100,1,25,15138834,2026-09-26 20:31:27,1790425887,0,939e25f5,2209011466978483712,完蛋了
BV126ht6qESe,117319632165022,【苏星河车机】别急着说你用过豆包，我这个你真没见过,苏星河牛通,2026-09-25 17:00:00,1433340,1118,1,【苏星河车机】别急着说你用过豆包，我这个你真没见过2,42185854565,306.62600,1,25,16707842,2026-09-26 19:59:49,1790423989,0,4dfbbf9f,2208995541953338368,南无不动如来  南无宝藏如来  南无地藏王菩萨
BV126ht6qESe,117319632165022,【苏星河车机】别急着说你用过豆包，我这个你真没见过,苏星河牛通,2026-09-25 17:00:00,1433340,1118,1,【苏星河车机】别急着说你用过豆包，我这个你真没见过2,42185854565,62.89300,1,25,16777215,2026-09-26 19:49:13,1790423353,0,a88a23c0,2208990205926269440,温馨提示，人家可以切换男女。
BV126ht6qESe,117319632165022,【苏星河车机】别急着说你用过豆包，我这个你真没见过,苏星河牛通,2026-09-25 17:00:00,1433340,1118,1,【苏星河车机】别急着说你用过豆包，我这个你真没见过2,42185854565,136.50600,1,25,16777215,2026-09-26 19:40:21,1790422821,0,19d41328,2208985742943096064,豆包大战罗永浩
BV126ht6qESe,117319632165022,【苏星河车机】别急着说你用过豆包，我这个你真没见过,苏星河牛通,2026-09-25 17:00:00,1433340,1118,1,【苏星河车机】别急着说你用过豆包，我这个你真没见过2,42185854565,35.08300,1,25,15138834,2026-09-26 19:39:47,1790422787,0,747827d2,2208985464525611008,完了，车没了
BV126ht6qESe,117319632165022,【苏星河车机】别急着说你用过豆包，我这个你真没见过,苏星河牛通,2026-09-25 17:00:00,1433340,1118,1,【苏星河车机】别急着说你用过豆包，我这个你真没见过2,42185854565,22.94500,1,25,16777215,2026-09-26 19:24:28,1790421868,0,f228fb9f,2208977753775690240,豆包都没装
BV126ht6qESe,117319632165022,【苏星河车机】别急着说你用过豆包，我这个你真没见过,苏星河牛通,2026-09-25 17:00:00,1433340,1118,1,【苏星河车机】别急着说你用过豆包，我这个你真没见过2,42185854565,35.56100,1,25,16777215,2026-09-26 19:01:48,1790420508,0,61e0b037,2208966342886634496,我只用国外的，国内AI反应速度都太慢了
BV126ht6qESe,117319632165022,【苏星河车机】别急着说你用过豆包，我这个你真没见过,苏星河牛通,2026-09-25 17:00:00,1433340,1118,1,【苏星河车机】别急着说你用过豆包，我这个你真没见过2,42185854565,10.60000,1,25,16777215,2026-09-26 18:59:59,1790420399,0,8836c16e,2208965429509689344,-2
BV126ht6qESe,117319632165022,【苏星河车机】别急着说你用过豆包，我这个你真没见过,苏星河牛通,2026-09-25 17:00:00,1433340,1118,1,【苏星河车机】别急着说你用过豆包，我这个你真没见过2,42185854565,20.46300,5,25,15138834,2026-09-26 17:29:38,1790414978,0,3e45c24f,2208919952398877696,这个也算女性朋友吗？那二次元的女朋友可太多了
BV126ht6qESe,117319632165022,【苏星河车机】别急着说你用过豆包，我这个你真没见过,苏星河牛通,2026-09-25 17:00:00,1433340,1118,1,【苏星河车机】别急着说你用过豆包，我这个你真没见过2,42185854565,606.81500,1,25,16776960,2026-09-26 13:37:35,1790401055,0,65361781,2208803159714016256,完了，要是真这么说只会加大怀疑
BV126ht6qESe,117319632165022,【苏星河车机】别急着说你用过豆包，我这个你真没见过,苏星河牛通,2026-09-25 17:00:00,1433340,1118,1,【苏星河车机】别急着说你用过豆包，我这个你真没见过2,42185854565,544.52000,1,25,16777215,2026-09-26 13:26:36,1790400396,0,c9e7b6e9,2208797630841821696,嫂子要是坐在后排问呢？
BV126ht6qESe,117319632165022,【苏星河车机】别急着说你用过豆包，我这个你真没见过,苏星河牛通,2026-09-25 17:00:00,1433340,1118,1,【苏星河车机】别急着说你用过豆包，我这个你真没见过2,42185854565,46.49700,1,25,16777215,2026-09-26 13:16:47,1790399807,0,95f58a06,2208792689254910464,谁说世界上没有完美犯罪？
BV126ht6qESe,117319632165022,【苏星河车机】别急着说你用过豆包，我这个你真没见过,苏星河牛通,2026-09-25 17:00:00,1433340,1118,1,【苏星河车机】别急着说你用过豆包，我这个你真没见过2,42185854565,22.64000,1,25,15138834,2026-09-26 13:15:42,1790399742,0,8891b875,2208792150144805120,老干妈
BV126ht6qESe,117319632165022,【苏星河车机】别急着说你用过豆包，我这个你真没见过,苏星河牛通,2026-09-25 17:00:00,1433340,1118,1,【苏星河车机】别急着说你用过豆包，我这个你真没见过2,42185854565,5.78000,1,25,16777215,2026-09-26 13:14:55,1790399695,0,eb3bac09,2208791755502291968,0
BV126ht6qESe,117319632165022,【苏星河车机】别急着说你用过豆包，我这个你真没见过,苏星河牛通,2026-09-25 17:00:00,1433340,1118,1,【苏星河车机】别急着说你用过豆包，我这个你真没见过2,42185854565,2.47600,1,25,16777215,2026-09-26 13:12:51,1790399571,0,bcc9cc3d,2208790713939559424,0
BV126ht6qESe,117319632165022,【苏星河车机】别急着说你用过豆包，我这个你真没见过,苏星河牛通,2026-09-25 17:00:00,1433340,1118,1,【苏星河车机】别急着说你用过豆包，我这个你真没见过2,42185854565,37.98800,1,25,16777215,2026-09-26 13:11:59,1790399519,0,d36ea337,2208790277110635520,AI没性别啊，但是你可以选啊，豆包设置那里不是有吗？
BV126ht6qESe,117319632165022,【苏星河车机】别急着说你用过豆包，我这个你真没见过,苏星河牛通,2026-09-25 17:00:00,1433340,1118,1,【苏星河车机】别急着说你用过豆包，我这个你真没见过2,42185854565,53.11900,1,25,16777215,2026-09-26 12:46:38,1790397998,0,8eaf056a,2208777513357602304,挂了没事，豆包会说对不起
BV126ht6qESe,117319632165022,【苏星河车机】别急着说你用过豆包，我这个你真没见过,苏星河牛通,2026-09-25 17:00:00,1433340,1118,1,【苏星河车机】别急着说你用过豆包，我这个你真没见过2,42185854565,7.32200,1,25,16777215,2026-09-26 12:38:56,1790397536,0,dca3e467,2208773640546387200,居然是零哎
BV126ht6qESe,117319632165022,【苏星河车机】别急着说你用过豆包，我这个你真没见过,苏星河牛通,2026-09-25 17:00:00,1433340,1118,1,【苏星河车机】别急着说你用过豆包，我这个你真没见过2,42185854565,265.06900,1,25,16777215,2026-09-26 12:36:38,1790397398,0,2b9342ab,2208772486089734656,这期有点尬
BV126ht6qESe,117319632165022,【苏星河车机】别急着说你用过豆包，我这个你真没见过,苏星河牛通,2026-09-25 17:00:00,1433340,1118,1,【苏星河车机】别急着说你用过豆包，我这个你真没见过2,42185854565,34.09600,1,25,16777215,2026-09-26 12:12:55,1790395975,0,941ffb28,2208760549796375296,豆包app太臃肿了 用deepseek
BV126ht6qESe,117319632165022,【苏星河车机】别急着说你用过豆包，我这个你真没见过,苏星河牛通,2026-09-25 17:00:00,1433340,1118,1,【苏星河车机】别急着说你用过豆包，我这个你真没见过2,42185854565,605.13300,1,25,16777215,2026-09-26 12:09:49,1790395789,0,81ea2bc0,2208758987955729152,此处无垠不知道几百两
BV126ht6qESe,117319632165022,【苏星河车机】别急着说你用过豆包，我这个你真没见过,苏星河牛通,2026-09-25 17:00:00,1433340,1118,1,【苏星河车机】别急着说你用过豆包，我这个你真没见过2,42185854565,26.19700,1,25,16777215,2026-09-26 12:07:31,1790395651,0,cea8bcd9,2208757830855500800,豆包是AI没有性别…
BV126ht6qESe,117319632165022,【苏星河车机】别急着说你用过豆包，我这个你真没见过,苏星河牛通,2026-09-25 17:00:00,1433340,1118,1,【苏星河车机】别急着说你用过豆包，我这个你真没见过2,42185854565,323.37700,1,25,16777215,2026-09-26 11:59:14,1790395154,0,173df912,2208753662682244864,？？？？？
BV126ht6qESe,117319632165022,【苏星河车机】别急着说你用过豆包，我这个你真没见过,苏星河牛通,2026-09-25 17:00:00,1433340,1118,1,【苏星河车机】别急着说你用过豆包，我这个你真没见过2,42185854565,19.91200,1,25,16777215,2026-09-26 11:54:10,1790394850,0,c4277104,2208751106530685440,认识，但不用
BV126ht6qESe,117319632165022,【苏星河车机】别急着说你用过豆包，我这个你真没见过,苏星河牛通,2026-09-25 17:00:00,1433340,1118,1,【苏星河车机】别急着说你用过豆包，我这个你真没见过2,42185854565,47.63100,1,25,15138834,2026-09-26 11:50:57,1790394657,0,88cb7bca,2208749488284895744,感觉随时会挂掉
BV126ht6qESe,117319632165022,【苏星河车机】别急着说你用过豆包，我这个你真没见过,苏星河牛通,2026-09-25 17:00:00,1433340,1118,1,【苏星河车机】别急着说你用过豆包，我这个你真没见过2,42185854565,33.40200,1,25,16777215,2026-09-26 11:47:19,1790394439,0,1691db7a,2208747665498315520,豆包和阿斯拉达谁强
BV126ht6qESe,117319632165022,【苏星河车机】别急着说你用过豆包，我这个你真没见过,苏星河牛通,2026-09-25 17:00:00,1433340,1118,1,【苏星河车机】别急着说你用过豆包，我这个你真没见过2,42185854565,652.05400,1,25,16777215,2026-09-26 11:33:50,1790393630,0,5b01b10,2208740874433849600,如果今天老婆说我来开车，她做主驾，这番对话还能不能正常演绎
BV126ht6qESe,117319632165022,【苏星河车机】别急着说你用过豆包，我这个你真没见过,苏星河牛通,2026-09-25 17:00:00,1433340,1118,1,【苏星河车机】别急着说你用过豆包，我这个你真没见过2,42185854565,421.36000,1,25,16777215,2026-09-26 10:33:48,1790390028,0,43d89716,2208710659372342272,老外还是太实在了，不会搞这些噱头。
BV126ht6qESe,117319632165022,【苏星河车机】别急着说你用过豆包，我这个你真没见过,苏星河牛通,2026-09-25 17:00:00,1433340,1118,1,【苏星河车机】别急着说你用过豆包，我这个你真没见过2,42185854565,280.15500,1,25,16777215,2026-09-26 09:22:31,1790385751,0,e76ecdae,2208674777177401600,豆包豆包，开启彩云追月模式
BV126ht6qESe,117319632165022,【苏星河车机】别急着说你用过豆包，我这个你真没见过,苏星河牛通,2026-09-25 17:00:00,1433340,1118,1,【苏星河车机】别急着说你用过豆包，我这个你真没见过2,42185854565,236.81200,1,25,16777215,2026-09-26 09:12:37,1790385157,0,7a113418,2208669795409773056,弹射功能哈哈哈
BV126ht6qESe,117319632165022,【苏星河车机】别急着说你用过豆包，我这个你真没见过,苏星河牛通,2026-09-25 17:00:00,1433340,1118,1,【苏星河车机】别急着说你用过豆包，我这个你真没见过2,42185854565,32.49300,5,25,16707842,2026-09-26 09:10:55,1790385055,0,fcefa808,2208668939075356416,你好酒驾（幻听
BV126ht6qESe,117319632165022,【苏星河车机】别急着说你用过豆包，我这个你真没见过,苏星河牛通,2026-09-25 17:00:00,1433340,1118,1,【苏星河车机】别急着说你用过豆包，我这个你真没见过2,42185854565,48.28900,1,25,16777215,2026-09-26 08:12:39,1790381559,0,457e7e54,2208639615370440448,up你这个成功的规划路径cut了多少条才成功拿到
BV126ht6qESe,117319632165022,【苏星河车机】别急着说你用过豆包，我这个你真没见过,苏星河牛通,2026-09-25 17:00:00,1433340,1118,1,【苏星河车机】别急着说你用过豆包，我这个你真没见过2,42185854565,286.19800,1,25,16777215,2026-09-26 08:10:21,1790381421,0,2896cf07,2208638458623575296,会不会有可能没有架 只有吵
BV126ht6qESe,117319632165022,【苏星河车机】别急着说你用过豆包，我这个你真没见过,苏星河牛通,2026-09-25 17:00:00,1433340,1118,1,【苏星河车机】别急着说你用过豆包，我这个你真没见过2,42185854565,391.72100,1,25,16777215,2026-09-26 03:39:40,1790365180,0,dffa2c2f,2208502223125429760,这功能怎么能不跑滴滴呢
BV126ht6qESe,117319632165022,【苏星河车机】别急着说你用过豆包，我这个你真没见过,苏星河牛通,2026-09-25 17:00:00,1433340,1118,1,【苏星河车机】别急着说你用过豆包，我这个你真没见过2,42185854565,6.84000,5,25,16777215,2026-09-26 03:22:08,1790364128,0,e6b41c69,2208493391212971776,1个
BV126ht6qESe,117319632165022,【苏星河车机】别急着说你用过豆包，我这个你真没见过,苏星河牛通,2026-09-25 17:00:00,1433340,1118,1,【苏星河车机】别急着说你用过豆包，我这个你真没见过2,42185854565,21.25500,1,25,16777215,2026-09-26 01:46:12,1790358372,0,4895530,2208445111544276480,怎么确定豆包是女的？
BV126ht6qESe,117319632165022,【苏星河车机】别急着说你用过豆包，我这个你真没见过,苏星河牛通,2026-09-25 17:00:00,1433340,1118,1,【苏星河车机】别急着说你用过豆包，我这个你真没见过2,42185854565,6.70100,1,25,16777215,2026-09-25 23:19:53,1790349593,0,2f5ac07d,2208371464699824128,0
BV126ht6qESe,117319632165022,【苏星河车机】别急着说你用过豆包，我这个你真没见过,苏星河牛通,2026-09-25 17:00:00,1433340,1118,1,【苏星河车机】别急着说你用过豆包，我这个你真没见过2,42185854565,4.33700,5,25,15138834,2026-09-25 23:16:46,1790349406,0,9578850,2208369895417167616,6个
BV126ht6qESe,117319632165022,【苏星河车机】别急着说你用过豆包，我这个你真没见过,苏星河牛通,2026-09-25 17:00:00,1433340,1118,1,【苏星河车机】别急着说你用过豆包，我这个你真没见过2,42185854565,402.17400,1,25,16777215,2026-09-25 23:12:59,1790349179,0,6f56fc1a,2208367995506615296,还懂世界杯
BV126ht6qESe,117319632165022,【苏星河车机】别急着说你用过豆包，我这个你真没见过,苏星河牛通,2026-09-25 17:00:00,1433340,1118,1,【苏星河车机】别急着说你用过豆包，我这个你真没见过2,42185854565,46.84200,5,25,15138834,2026-09-25 23:08:00,1790348880,0,24e9299b,2208365485040090368,bgm:《Godzilla》-Eminem
BV126ht6qESe,117319632165022,【苏星河车机】别急着说你用过豆包，我这个你真没见过,苏星河牛通,2026-09-25 17:00:00,1433340,1118,1,【苏星河车机】别急着说你用过豆包，我这个你真没见过2,42185854565,7.00000,1,25,16777215,2026-09-25 23:05:56,1790348756,0,b2b8c52e,2208364444491475200,Zero.
BV126ht6qESe,117319632165022,【苏星河车机】别急着说你用过豆包，我这个你真没见过,苏星河牛通,2026-09-25 17:00:00,1433340,1118,1,【苏星河车机】别急着说你用过豆包，我这个你真没见过2,42185854565,24.88000,1,25,16777215,2026-09-25 22:54:47,1790348087,0,2ab370f,2208358831414250752,嗯，
BV126ht6qESe,117319632165022,【苏星河车机】别急着说你用过豆包，我这个你真没见过,苏星河牛通,2026-09-25 17:00:00,1433340,1118,1,【苏星河车机】别急着说你用过豆包，我这个你真没见过2,42185854565,677.94600,1,25,16777215,2026-09-25 22:49:18,1790347758,0,f6857a72,2208356076008213760,如果老婆坐主驾再查行程呢？
BV126ht6qESe,117319632165022,【苏星河车机】别急着说你用过豆包，我这个你真没见过,苏星河牛通,2026-09-25 17:00:00,1433340,1118,1,【苏星河车机】别急着说你用过豆包，我这个你真没见过2,42185854565,23.08700,1,25,16777215,2026-09-25 22:28:52,1790346532,0,a71307b3,2208345789309848320,不好意思 不用
BV126ht6qESe,117319632165022,【苏星河车机】别急着说你用过豆包，我这个你真没见过,苏星河牛通,2026-09-25 17:00:00,1433340,1118,1,【苏星河车机】别急着说你用过豆包，我这个你真没见过2,42185854565,144.79900,1,25,16777215,2026-09-25 22:20:14,1790346014,0,a6af2dce,2208341446753341952,那叫一个地道
BV126ht6qESe,117319632165022,【苏星河车机】别急着说你用过豆包，我这个你真没见过,苏星河牛通,2026-09-25 17:00:00,1433340,1118,1,【苏星河车机】别急着说你用过豆包，我这个你真没见过2,42185854565,97.74200,1,25,16777215,2026-09-25 22:02:36,1790344956,0,fab49d1f,2208332566136688640,容易晒坏？蔚来nomi：你在说什么
BV126ht6qESe,117319632165022,【苏星河车机】别急着说你用过豆包，我这个你真没见过,苏星河牛通,2026-09-25 17:00:00,1433340,1118,1,【苏星河车机】别急着说你用过豆包，我这个你真没见过2,42185854565,122.23200,1,25,16777215,2026-09-25 21:52:57,1790344377,0,fbd6a898,2208327710441512448,就我个人而言豆包只适合拿来聊天，其他方面我根本不敢用它
BV126ht6qESe,117319632165022,【苏星河车机】别急着说你用过豆包，我这个你真没见过,苏星河牛通,2026-09-25 17:00:00,1433340,1118,1,【苏星河车机】别急着说你用过豆包，我这个你真没见过2,42185854565,11.99300,1,25,16777215,2026-09-25 21:21:11,1790342471,0,4cc9d29b,2208311720941360640,这么多个0？
BV126ht6qESe,117319632165022,【苏星河车机】别急着说你用过豆包，我这个你真没见过,苏星河牛通,2026-09-25 17:00:00,1433340,1118,1,【苏星河车机】别急着说你用过豆包，我这个你真没见过2,42185854565,641.24500,5,25,16777215,2026-09-25 21:19:50,1790342390,0,90bcd936,2208311046824150272,何意味
BV126ht6qESe,117319632165022,【苏星河车机】别急着说你用过豆包，我这个你真没见过,苏星河牛通,2026-09-25 17:00:00,1433340,1118,1,【苏星河车机】别急着说你用过豆包，我这个你真没见过2,42185854565,19.94600,5,25,38979,2026-09-25 21:11:22,1790341882,0,5d30265d,2208306778708696576,不用
BV126ht6qESe,117319632165022,【苏星河车机】别急着说你用过豆包，我这个你真没见过,苏星河牛通,2026-09-25 17:00:00,1433340,1118,1,【苏星河车机】别急着说你用过豆包，我这个你真没见过2,42185854565,387.35600,1,25,16777215,2026-09-25 21:00:22,1790341222,0,4747a162,2208301246631745536,这个好
BV126ht6qESe,117319632165022,【苏星河车机】别急着说你用过豆包，我这个你真没见过,苏星河牛通,2026-09-25 17:00:00,1433340,1118,1,【苏星河车机】别急着说你用过豆包，我这个你真没见过2,42185854565,441.13600,1,25,16777215,2026-09-25 20:55:37,1790340937,0,f835fd2b,2208298853563212544,我的妈呀，好长的彩蛋
BV126ht6qESe,117319632165022,【苏星河车机】别急着说你用过豆包，我这个你真没见过,苏星河牛通,2026-09-25 17:00:00,1433340,1118,1,【苏星河车机】别急着说你用过豆包，我这个你真没见过2,42185854565,585.82000,5,25,15138834,2026-09-25 20:33:10,1790339590,0,e524ece4,2208287557572766976,这是真糖
BV126ht6qESe,117319632165022,【苏星河车机】别急着说你用过豆包，我这个你真没见过,苏星河牛通,2026-09-25 17:00:00,1433340,1118,1,【苏星河车机】别急着说你用过豆包，我这个你真没见过2,42185854565,327.24100,1,25,16777215,2026-09-25 20:28:08,1790339288,0,1da57e2b,2208285021805369856,真牛逼。
BV126ht6qESe,117319632165022,【苏星河车机】别急着说你用过豆包，我这个你真没见过,苏星河牛通,2026-09-25 17:00:00,1433340,1118,1,【苏星河车机】别急着说你用过豆包，我这个你真没见过2,42185854565,299.16500,5,25,15138834,2026-09-25 20:28:06,1790339286,0,e524ece4,2208285007972933888,？
BV126ht6qESe,117319632165022,【苏星河车机】别急着说你用过豆包，我这个你真没见过,苏星河牛通,2026-09-25 17:00:00,1433340,1118,1,【苏星河车机】别急着说你用过豆包，我这个你真没见过2,42185854565,33.34700,1,25,16777215,2026-09-25 20:23:35,1790339015,0,e524ece4,2208282730415600640,坏菜了
BV126ht6qESe,117319632165022,【苏星河车机】别急着说你用过豆包，我这个你真没见过,苏星河牛通,2026-09-25 17:00:00,1433340,1118,1,【苏星河车机】别急着说你用过豆包，我这个你真没见过2,42185854565,3.16600,1,25,16777215,2026-09-25 20:22:49,1790338969,0,c585bd6d,2208282348843011328,0
BV126ht6qESe,117319632165022,【苏星河车机】别急着说你用过豆包，我这个你真没见过,苏星河牛通,2026-09-25 17:00:00,1433340,1118,1,【苏星河车机】别急着说你用过豆包，我这个你真没见过2,42185854565,14.31200,1,25,16777215,2026-09-25 20:22:26,1790338946,0,333d1015,2208282149042723840,24个（初中同学）
BV126ht6qESe,117319632165022,【苏星河车机】别急着说你用过豆包，我这个你真没见过,苏星河牛通,2026-09-25 17:00:00,1433340,1118,1,【苏星河车机】别急着说你用过豆包，我这个你真没见过2,42185854565,8.02000,1,25,16777215,2026-09-25 20:21:40,1790338900,0,b090ae56,2208281765549287680,高达零个
BV126ht6qESe,117319632165022,【苏星河车机】别急着说你用过豆包，我这个你真没见过,苏星河牛通,2026-09-25 17:00:00,1433340,1118,1,【苏星河车机】别急着说你用过豆包，我这个你真没见过2,42185854565,438.95200,1,25,16777215,2026-09-25 20:08:46,1790338126,0,3205e7a6,2208275274796294656,辣，看进度条！！！！！！
BV126ht6qESe,117319632165022,【苏星河车机】别急着说你用过豆包，我这个你真没见过,苏星河牛通,2026-09-25 17:00:00,1433340,1118,1,【苏星河车机】别急着说你用过豆包，我这个你真没见过2,42185854565,21.31200,1,25,16777215,2026-09-25 20:06:14,1790337974,0,1096d0,2208274001925714432,认识，但是不熟
BV126ht6qESe,117319632165022,【苏星河车机】别急着说你用过豆包，我这个你真没见过,苏星河牛通,2026-09-25 17:00:00,1433340,1118,1,【苏星河车机】别急着说你用过豆包，我这个你真没见过2,42185854565,21.18800,1,25,16777215,2026-09-25 20:05:55,1790337955,0,bb68dfde,2208273836410208512,可我用的DeepSeek，蓝色小鲸鱼很好用的
BV126ht6qESe,117319632165022,【苏星河车机】别急着说你用过豆包，我这个你真没见过,苏星河牛通,2026-09-25 17:00:00,1433340,1118,1,【苏星河车机】别急着说你用过豆包，我这个你真没见过2,42185854565,208.06000,1,25,16777215,2026-09-25 20:04:08,1790337848,0,3205e7a6,2208272944340278528,我叫王大锤！！
BV126ht6qESe,117319632165022,【苏星河车机】别急着说你用过豆包，我这个你真没见过,苏星河牛通,2026-09-25 17:00:00,1433340,1118,1,【苏星河车机】别急着说你用过豆包，我这个你真没见过2,42185854565,128.53800,5,25,16777215,2026-09-25 20:03:19,1790337799,0,78aef89d,2208272532417754880,地道
BV126ht6qESe,117319632165022,【苏星河车机】别急着说你用过豆包，我这个你真没见过,苏星河牛通,2026-09-25 17:00:00,1433340,1118,1,【苏星河车机】别急着说你用过豆包，我这个你真没见过2,42185854565,21.82400,1,25,16777215,2026-09-25 20:01:10,1790337670,0,e19c8a07,2208271444986381568,没有，不认识，我用的元宝
BV126ht6qESe,117319632165022,【苏星河车机】别急着说你用过豆包，我这个你真没见过,苏星河牛通,2026-09-25 17:00:00,1433340,1118,1,【苏星河车机】别急着说你用过豆包，我这个你真没见过2,42185854565,39.54400,1,25,16777215,2026-09-25 19:54:29,1790337269,0,a8ea1bbc,2208268082505094144,不要不要啊
BV126ht6qESe,117319632165022,【苏星河车机】别急着说你用过豆包，我这个你真没见过,苏星河牛通,2026-09-25 17:00:00,1433340,1118,1,【苏星河车机】别急着说你用过豆包，我这个你真没见过2,42185854565,161.16300,1,25,16777215,2026-09-25 19:46:11,1790336771,0,654e211d,2208263908744792320,哈哈哈哈
BV126ht6qESe,117319632165022,【苏星河车机】别急着说你用过豆包，我这个你真没见过,苏星河牛通,2026-09-25 17:00:00,1433340,1118,1,【苏星河车机】别急着说你用过豆包，我这个你真没见过2,42185854565,107.56300,1,25,16777215,2026-09-25 18:48:19,1790333299,0,8f26c092,2208234778581798912,阿斯拉达
BV126ht6qESe,117319632165022,【苏星河车机】别急着说你用过豆包，我这个你真没见过,苏星河牛通,2026-09-25 17:00:00,1433340,1118,1,【苏星河车机】别急着说你用过豆包，我这个你真没见过2,42185854565,583.02800,1,25,16777215,2026-09-25 18:28:27,1790332107,0,5d09e10,2208224779797216256,哈哈哈哈哈哈
BV126ht6qESe,117319632165022,【苏星河车机】别急着说你用过豆包，我这个你真没见过,苏星河牛通,2026-09-25 17:00:00,1433340,1118,1,【苏星河车机】别急着说你用过豆包，我这个你真没见过2,42185854565,605.13900,1,25,16777215,2026-09-25 17:56:26,1790330186,0,2cea11c8,2208208664065054208,欲盖弥彰……
BV126ht6qESe,117319632165022,【苏星河车机】别急着说你用过豆包，我这个你真没见过,苏星河牛通,2026-09-25 17:00:00,1433340,1118,1,【苏星河车机】别急着说你用过豆包，我这个你真没见过2,42185854565,49.57200,1,25,16777215,2026-09-25 17:36:01,1790328961,0,3fed2e57,2208198395603812608,那有点可怕了
BV126ht6qESe,117319632165022,【苏星河车机】别急着说你用过豆包，我这个你真没见过,苏星河牛通,2026-09-25 17:00:00,1433340,1118,1,【苏星河车机】别急着说你用过豆包，我这个你真没见过2,42185854565,149.69400,1,25,16777215,2026-09-25 17:29:45,1790328585,0,b4e96549,2208195240035536640,我弟乖，车都那么骚气了吗
BV126ht6qESe,117319632165022,【苏星河车机】别急着说你用过豆包，我这个你真没见过,苏星河牛通,2026-09-25 17:00:00,1433340,1118,1,【苏星河车机】别急着说你用过豆包，我这个你真没见过2,42185854565,127.43300,1,25,16777215,2026-09-28 19:24:20,1790594660,0,d7ea978a,2210427234270584320,这你受得了吗
BV126ht6qESe,117319632165022,【苏星河车机】别急着说你用过豆包，我这个你真没见过,苏星河牛通,2026-09-25 17:00:00,1433340,1118,1,【苏星河车机】别急着说你用过豆包，我这个你真没见过2,42185854565,569.60200,1,25,16777215,2026-09-28 18:42:13,1790592133,0,12a22909,2210406035964606208,何意味
BV126ht6qESe,117319632165022,【苏星河车机】别急着说你用过豆包，我这个你真没见过,苏星河牛通,2026-09-25 17:00:00,1433340,1118,1,【苏星河车机】别急着说你用过豆包，我这个你真没见过2,42185854565,17.39000,1,25,16777215,2026-09-28 18:31:28,1790591488,0,12a22909,2210400628164279552,并非女性
BV126ht6qESe,117319632165022,【苏星河车机】别急着说你用过豆包，我这个你真没见过,苏星河牛通,2026-09-25 17:00:00,1433340,1118,1,【苏星河车机】别急着说你用过豆包，我这个你真没见过2,42185854565,5.89400,1,25,16777215,2026-09-28 16:55:33,1790585733,0,4f1eb5f7,2210352352614479104,0
BV126ht6qESe,117319632165022,【苏星河车机】别急着说你用过豆包，我这个你真没见过,苏星河牛通,2026-09-25 17:00:00,1433340,1118,1,【苏星河车机】别急着说你用过豆包，我这个你真没见过2,42185854565,681.60500,1,25,16777215,2026-09-28 16:38:40,1790584720,0,570d765b,2210343856909151488,一言难尽
BV126ht6qESe,117319632165022,【苏星河车机】别急着说你用过豆包，我这个你真没见过,苏星河牛通,2026-09-25 17:00:00,1433340,1118,1,【苏星河车机】别急着说你用过豆包，我这个你真没见过2,42185854565,230.21100,1,25,16777215,2026-09-28 16:34:42,1790584482,0,47995e0e,2210341856008080640,完了，你的女朋友没了
BV126ht6qESe,117319632165022,【苏星河车机】别急着说你用过豆包，我这个你真没见过,苏星河牛通,2026-09-25 17:00:00,1433340,1118,1,【苏星河车机】别急着说你用过豆包，我这个你真没见过2,42185854565,583.97600,1,25,16777215,2026-09-28 16:29:32,1790584172,0,570d765b,2210339256957275648,不该问男的吗，问车机？
BV126ht6qESe,117319632165022,【苏星河车机】别急着说你用过豆包，我这个你真没见过,苏星河牛通,2026-09-25 17:00:00,1433340,1118,1,【苏星河车机】别急着说你用过豆包，我这个你真没见过2,42185854565,527.63900,1,25,16777215,2026-09-28 16:28:28,1790584108,0,570d765b,2210338718677102848,我手机从不佳连车，吃过亏的
BV126ht6qESe,117319632165022,【苏星河车机】别急着说你用过豆包，我这个你真没见过,苏星河牛通,2026-09-25 17:00:00,1433340,1118,1,【苏星河车机】别急着说你用过豆包，我这个你真没见过2,42185854565,21.20000,1,25,16777215,2026-09-28 16:22:32,1790583752,0,993f483d,2210335734110514432,围巾？
BV126ht6qESe,117319632165022,【苏星河车机】别急着说你用过豆包，我这个你真没见过,苏星河牛通,2026-09-25 17:00:00,1433340,1118,1,【苏星河车机】别急着说你用过豆包，我这个你真没见过2,42185854565,151.82800,1,25,16777215,2026-09-28 15:50:37,1790581837,0,f53e2e8e,2210319673164274944,moss
BV126ht6qESe,117319632165022,【苏星河车机】别急着说你用过豆包，我这个你真没见过,苏星河牛通,2026-09-25 17:00:00,1433340,1118,1,【苏星河车机】别急着说你用过豆包，我这个你真没见过2,42185854565,3.74800,1,25,16777215,2026-09-28 15:07:55,1790579275,0,d6f4e1ff,2210298179881594368,0
BV126ht6qESe,117319632165022,【苏星河车机】别急着说你用过豆包，我这个你真没见过,苏星河牛通,2026-09-25 17:00:00,1433340,1118,1,【苏星河车机】别急着说你用过豆包，我这个你真没见过2,42185854565,23.12000,1,25,16777215,2026-09-28 15:07:14,1790579234,0,2061334,2210297837089179648,不认识
BV126ht6qESe,117319632165022,【苏星河车机】别急着说你用过豆包，我这个你真没见过,苏星河牛通,2026-09-25 17:00:00,1433340,1118,1,【苏星河车机】别急着说你用过豆包，我这个你真没见过2,42185854565,202.08500,1,25,16777215,2026-09-28 13:22:11,1790572931,0,30f6f529,2210244957183600128,宋木子嗎？？？？
BV126ht6qESe,117319632165022,【苏星河车机】别急着说你用过豆包，我这个你真没见过,苏星河牛通,2026-09-25 17:00:00,1433340,1118,1,【苏星河车机】别急着说你用过豆包，我这个你真没见过2,42185854565,40.93300,1,25,16777215,2026-09-28 13:18:47,1790572727,0,776460f7,2210243247300176640,给我搭飞机
BV126ht6qESe,117319632165022,【苏星河车机】别急着说你用过豆包，我这个你真没见过,苏星河牛通,2026-09-25 17:00:00,1433340,1118,1,【苏星河车机】别急着说你用过豆包，我这个你真没见过2,42185854565,38.80000,1,25,16777215,2026-09-28 13:12:02,1790572322,0,efd70995,2210239853193431296,坑不死你
BV126ht6qESe,117319632165022,【苏星河车机】别急着说你用过豆包，我这个你真没见过,苏星河牛通,2026-09-25 17:00:00,1433340,1118,1,【苏星河车机】别急着说你用过豆包，我这个你真没见过2,42185854565,392.21300,1,25,16777215,2026-09-28 12:51:46,1790571106,0,35f37c6f,2210229647873472512,毫无用处
BV126ht6qESe,117319632165022,【苏星河车机】别急着说你用过豆包，我这个你真没见过,苏星河牛通,2026-09-25 17:00:00,1433340,1118,1,【苏星河车机】别急着说你用过豆包，我这个你真没见过2,42185854565,623.82900,1,25,16777215,2026-09-28 12:38:37,1790570317,0,10154a32,2210223030830621696,所以豆包会瞎说这个特点变成功能了
BV126ht6qESe,117319632165022,【苏星河车机】别急着说你用过豆包，我这个你真没见过,苏星河牛通,2026-09-25 17:00:00,1433340,1118,1,【苏星河车机】别急着说你用过豆包，我这个你真没见过2,42185854565,276.38100,1,25,16777215,2026-09-28 12:32:27,1790569947,0,10154a32,2210219925862821888,cortana
BV126ht6qESe,117319632165022,【苏星河车机】别急着说你用过豆包，我这个你真没见过,苏星河牛通,2026-09-25 17:00:00,1433340,1118,1,【苏星河车机】别急着说你用过豆包，我这个你真没见过2,42185854565,13.65200,1,25,16777215,2026-09-28 11:27:19,1790566039,3,33f88cad,2210187144692326144,0
BV126ht6qESe,117319632165022,【苏星河车机】别急着说你用过豆包，我这个你真没见过,苏星河牛通,2026-09-25 17:00:00,1433340,1118,1,【苏星河车机】别急着说你用过豆包，我这个你真没见过2,42185854565,54.67000,1,25,16776960,2026-09-28 10:58:13,1790564293,0,b8169a8f,2210172500271694336,一通操作然后车头朝里停？
BV126ht6qESe,117319632165022,【苏星河车机】别急着说你用过豆包，我这个你真没见过,苏星河牛通,2026-09-25 17:00:00,1433340,1118,1,【苏星河车机】别急着说你用过豆包，我这个你真没见过2,42185854565,8.37400,1,25,16777215,2026-09-28 10:54:00,1790564040,3,b3152c13,2210170373642482432,0
BV126ht6qESe,117319632165022,【苏星河车机】别急着说你用过豆包，我这个你真没见过,苏星河牛通,2026-09-25 17:00:00,1433340,1118,1,【苏星河车机】别急着说你用过豆包，我这个你真没见过2,42185854565,23.68000,1,25,16777215,2026-09-28 10:41:06,1790563266,0,61b8dd0,2210163882243533056,不认识
BV126ht6qESe,117319632165022,【苏星河车机】别急着说你用过豆包，我这个你真没见过,苏星河牛通,2026-09-25 17:00:00,1433340,1118,1,【苏星河车机】别急着说你用过豆包，我这个你真没见过2,42185854565,43.12000,1,25,16777215,2026-09-28 09:21:46,1790558506,0,d8b295b9,2210123950917490432,哥斯拉
BV126ht6qESe,117319632165022,【苏星河车机】别急着说你用过豆包，我这个你真没见过,苏星河牛通,2026-09-25 17:00:00,1433340,1118,1,【苏星河车机】别急着说你用过豆包，我这个你真没见过2,42185854565,302.29200,1,25,16777215,2026-09-28 09:08:20,1790557700,0,64eba159,2210117191754998016,？
BV126ht6qESe,117319632165022,【苏星河车机】别急着说你用过豆包，我这个你真没见过,苏星河牛通,2026-09-25 17:00:00,1433340,1118,1,【苏星河车机】别急着说你用过豆包，我这个你真没见过2,42185854565,627.88500,1,25,16777215,2026-09-28 08:53:27,1790556807,0,8bfd5315,2210109701524929280,我看了，真没有去雨姐足疗
BV126ht6qESe,117319632165022,【苏星河车机】别急着说你用过豆包，我这个你真没见过,苏星河牛通,2026-09-25 17:00:00,1433340,1118,1,【苏星河车机】别急着说你用过豆包，我这个你真没见过2,42185854565,610.57500,1,25,16777215,2026-09-28 08:52:37,1790556757,0,8bfd5315,2210109286314089216,可靠谱了，真的没有绕路哦
BV126ht6qESe,117319632165022,【苏星河车机】别急着说你用过豆包，我这个你真没见过,苏星河牛通,2026-09-25 17:00:00,1433340,1118,1,【苏星河车机】别急着说你用过豆包，我这个你真没见过2,42185854565,604.53700,1,25,16777215,2026-09-28 08:49:54,1790556594,0,8bfd5315,2210107916580090880,绝对没有去足疗城哦
BV126ht6qESe,117319632165022,【苏星河车机】别急着说你用过豆包，我这个你真没见过,苏星河牛通,2026-09-25 17:00:00,1433340,1118,1,【苏星河车机】别急着说你用过豆包，我这个你真没见过2,42185854565,8.19700,1,25,16777215,2026-09-28 03:25:00,1790537100,3,5d47dc19,2209944386798881792,0
BV126ht6qESe,117319632165022,【苏星河车机】别急着说你用过豆包，我这个你真没见过,苏星河牛通,2026-09-25 17:00:00,1433340,1118,1,【苏星河车机】别急着说你用过豆包，我这个你真没见过2,42185854565,3.84700,1,25,16777215,2026-09-28 00:53:28,1790528008,0,b49dce34,2209868121324815104,0
BV126ht6qESe,117319632165022,【苏星河车机】别急着说你用过豆包，我这个你真没见过,苏星河牛通,2026-09-25 17:00:00,1433340,1118,1,【苏星河车机】别急着说你用过豆包，我这个你真没见过2,42185854565,317.00000,5,25,16646914,2026-09-28 00:42:25,1790527345,0,6668a0c2,2209862554929806848,《女朋友》？？？
BV126ht6qESe,117319632165022,【苏星河车机】别急着说你用过豆包，我这个你真没见过,苏星河牛通,2026-09-25 17:00:00,1433340,1118,1,【苏星河车机】别急着说你用过豆包，我这个你真没见过2,42185854565,245.41100,1,25,16777215,2026-09-28 00:18:35,1790525915,0,cf02c0db,2209850564597400320,走个面
BV126ht6qESe,117319632165022,【苏星河车机】别急着说你用过豆包，我这个你真没见过,苏星河牛通,2026-09-25 17:00:00,1433340,1118,1,【苏星河车机】别急着说你用过豆包，我这个你真没见过2,42185854565,8.54000,1,25,16777215,2026-09-27 23:59:05,1790524745,3,12d9013b,2209840749422941696,0
BV126ht6qESe,117319632165022,【苏星河车机】别急着说你用过豆包，我这个你真没见过,苏星河牛通,2026-09-25 17:00:00,1433340,1118,1,【苏星河车机】别急着说你用过豆包，我这个你真没见过2,42185854565,664.19000,1,25,16777215,2026-09-27 23:49:17,1790524157,0,7985e4a7,2209835816594419968,？
BV126ht6qESe,117319632165022,【苏星河车机】别急着说你用过豆包，我这个你真没见过,苏星河牛通,2026-09-25 17:00:00,1433340,1118,1,【苏星河车机】别急着说你用过豆包，我这个你真没见过2,42185854565,451.13400,1,25,16777215,2026-09-27 23:45:54,1790523954,0,2b621b9b,2209834109730728960,差点走了
BV126ht6qESe,117319632165022,【苏星河车机】别急着说你用过豆包，我这个你真没见过,苏星河牛通,2026-09-25 17:00:00,1433340,1118,1,【苏星河车机】别急着说你用过豆包，我这个你真没见过2,42185854565,7.60200,1,25,16777215,2026-09-27 23:45:19,1790523919,3,38529d14,2209833820315398144,0
BV126ht6qESe,117319632165022,【苏星河车机】别急着说你用过豆包，我这个你真没见过,苏星河牛通,2026-09-25 17:00:00,1433340,1118,1,【苏星河车机】别急着说你用过豆包，我这个你真没见过2,42185854565,137.84700,1,25,16777215,2026-09-27 23:43:16,1790523796,0,55a971bd,2209832782812087296,自如
BV126ht6qESe,117319632165022,【苏星河车机】别急着说你用过豆包，我这个你真没见过,苏星河牛通,2026-09-25 17:00:00,1433340,1118,1,【苏星河车机】别急着说你用过豆包，我这个你真没见过2,42185854565,129.46700,1,25,16777215,2026-09-27 23:43:01,1790523781,0,55a971bd,2209832658518097152,AUV
BV126ht6qESe,117319632165022,【苏星河车机】别急着说你用过豆包，我这个你真没见过,苏星河牛通,2026-09-25 17:00:00,1433340,1118,1,【苏星河车机】别急着说你用过豆包，我这个你真没见过2,42185854565,122.62600,1,25,16777215,2026-09-27 23:42:54,1790523774,0,55a971bd,2209832600493700864,你好机车
BV126ht6qESe,117319632165022,【苏星河车机】别急着说你用过豆包，我这个你真没见过,苏星河牛通,2026-09-25 17:00:00,1433340,1118,1,【苏星河车机】别急着说你用过豆包，我这个你真没见过2,42185854565,19.14900,1,25,16777215,2026-09-27 23:34:02,1790523242,0,eafdd6bf,2209828140883711744,她不是我朋友啊
BV126ht6qESe,117319632165022,【苏星河车机】别急着说你用过豆包，我这个你真没见过,苏星河牛通,2026-09-25 17:00:00,1433340,1118,1,【苏星河车机】别急着说你用过豆包，我这个你真没见过2,42185854565,6.64600,1,25,16777215,2026-09-27 23:30:51,1790523051,0,9badef35,2209826533886546176,0
BV126ht6qESe,117319632165022,【苏星河车机】别急着说你用过豆包，我这个你真没见过,苏星河牛通,2026-09-25 17:00:00,1433340,1118,1,【苏星河车机】别急着说你用过豆包，我这个你真没见过2,42185854565,386.50400,1,25,16777215,2026-09-27 23:28:58,1790522938,0,78a93851,2209825588590945792,《grab something to eat》这个是印度人吗
BV126ht6qESe,117319632165022,【苏星河车机】别急着说你用过豆包，我这个你真没见过,苏星河牛通,2026-09-25 17:00:00,1433340,1118,1,【苏星河车机】别急着说你用过豆包，我这个你真没见过2,42185854565,6.05200,1,25,16777215,2026-09-27 23:27:58,1790522878,0,8d71367c,2209825082271078400,0
BV126ht6qESe,117319632165022,【苏星河车机】别急着说你用过豆包，我这个你真没见过,苏星河牛通,2026-09-25 17:00:00,1433340,1118,1,【苏星河车机】别急着说你用过豆包，我这个你真没见过2,42185854565,2.17500,1,25,16777215,2026-09-27 23:25:41,1790522741,0,a2dabf68,2209823937394028288,0
BV126ht6qESe,117319632165022,【苏星河车机】别急着说你用过豆包，我这个你真没见过,苏星河牛通,2026-09-25 17:00:00,1433340,1118,1,【苏星河车机】别急着说你用过豆包，我这个你真没见过2,42185854565,32.78600,1,25,16777215,2026-09-27 23:21:35,1790522495,0,78a93851,2209821874551883008,不好！
BV126ht6qESe,117319632165022,【苏星河车机】别急着说你用过豆包，我这个你真没见过,苏星河牛通,2026-09-25 17:00:00,1433340,1118,1,【苏星河车机】别急着说你用过豆包，我这个你真没见过2,42185854565,9.69700,1,25,16777215,2026-09-27 23:14:15,1790522055,3,f1ce532a,2209818179948141312,0
BV126ht6qESe,117319632165022,【苏星河车机】别急着说你用过豆包，我这个你真没见过,苏星河牛通,2026-09-25 17:00:00,1433340,1118,1,【苏星河车机】别急着说你用过豆包，我这个你真没见过2,42185854565,67.47200,1,25,16777215,2026-09-27 23:12:14,1790521934,0,5df0c53e,2209817165078077696,对不起，我和你开个玩笑。
BV126ht6qESe,117319632165022,【苏星河车机】别急着说你用过豆包，我这个你真没见过,苏星河牛通,2026-09-25 17:00:00,1433340,1118,1,【苏星河车机】别急着说你用过豆包，我这个你真没见过2,42185854565,9.42600,1,25,16777215,2026-09-27 23:10:01,1790521801,3,8b5869bc,2209816047564554752,0
BV126ht6qESe,117319632165022,【苏星河车机】别急着说你用过豆包，我这个你真没见过,苏星河牛通,2026-09-25 17:00:00,1433340,1118,1,【苏星河车机】别急着说你用过豆包，我这个你真没见过2,42185854565,9.23400,1,25,16777215,2026-09-27 23:08:02,1790521682,3,bff14f67,2209815054126527232,0
BV126ht6qESe,117319632165022,【苏星河车机】别急着说你用过豆包，我这个你真没见过,苏星河牛通,2026-09-25 17:00:00,1433340,1118,1,【苏星河车机】别急着说你用过豆包，我这个你真没见过2,42185854565,40.35000,1,25,16777215,2026-09-27 23:05:18,1790521518,0,2d2bcf45,2209813676642086400,豆包:墓地?好的，这就为你安排路线
BV126ht6qESe,117319632165022,【苏星河车机】别急着说你用过豆包，我这个你真没见过,苏星河牛通,2026-09-25 17:00:00,1433340,1118,1,【苏星河车机】别急着说你用过豆包，我这个你真没见过2,42185854565,261.11500,1,25,16777215,2026-09-27 23:01:20,1790521280,0,6310981c,2209811681671214592,是定位到停车场吗？
BV126ht6qESe,117319632165022,【苏星河车机】别急着说你用过豆包，我这个你真没见过,苏星河牛通,2026-09-25 17:00:00,1433340,1118,1,【苏星河车机】别急着说你用过豆包，我这个你真没见过2,42185854565,7.20800,1,25,16777215,2026-09-27 22:58:58,1790521138,0,3638ba9e,2209810486940260864,保命要紧
BV126ht6qESe,117319632165022,【苏星河车机】别急着说你用过豆包，我这个你真没见过,苏星河牛通,2026-09-25 17:00:00,1433340,1118,1,【苏星河车机】别急着说你用过豆包，我这个你真没见过2,42185854565,7.65100,1,25,16777215,2026-09-27 22:58:41,1790521121,0,d63bdef5,2209810347228485376,？
BV126ht6qESe,117319632165022,【苏星河车机】别急着说你用过豆包，我这个你真没见过,苏星河牛通,2026-09-25 17:00:00,1433340,1118,1,【苏星河车机】别急着说你用过豆包，我这个你真没见过2,42185854565,7.96700,1,25,16777215,2026-09-27 22:58:12,1790521092,3,9251dbca,2209810103421818624,0
BV126ht6qESe,117319632165022,【苏星河车机】别急着说你用过豆包，我这个你真没见过,苏星河牛通,2026-09-25 17:00:00,1433340,1118,1,【苏星河车机】别急着说你用过豆包，我这个你真没见过2,42185854565,9.20000,1,25,16777215,2026-09-27 22:58:06,1790521086,0,296b89f4,2209810056353355264,不敢，风险太大，成本太高
BV126ht6qESe,117319632165022,【苏星河车机】别急着说你用过豆包，我这个你真没见过,苏星河牛通,2026-09-25 17:00:00,1433340,1118,1,【苏星河车机】别急着说你用过豆包，我这个你真没见过2,42185854565,7.92800,1,25,16777215,2026-09-27 22:57:44,1790521064,0,3de8a46b,2209809870327727360,0个
BV126ht6qESe,117319632165022,【苏星河车机】别急着说你用过豆包，我这个你真没见过,苏星河牛通,2026-09-25 17:00:00,1433340,1118,1,【苏星河车机】别急着说你用过豆包，我这个你真没见过2,42185854565,10.06000,1,25,16777215,2026-09-27 22:57:32,1790521052,0,4364af8c,2209809767944192768,原来0是这么来的，成都也原来是这样啊
BV126ht6qESe,117319632165022,【苏星河车机】别急着说你用过豆包，我这个你真没见过,苏星河牛通,2026-09-25 17:00:00,1433340,1118,1,【苏星河车机】别急着说你用过豆包，我这个你真没见过2,42185854565,9.39400,1,25,16777215,2026-09-27 22:55:34,1790520934,3,f50ba0be,2209808779632143616,0
BV126ht6qESe,117319632165022,【苏星河车机】别急着说你用过豆包，我这个你真没见过,苏星河牛通,2026-09-25 17:00:00,1433340,1118,1,【苏星河车机】别急着说你用过豆包，我这个你真没见过2,42185854565,66.36000,1,25,16777215,2026-09-27 22:53:49,1790520829,0,28569d5c,2209807893954315520,豆包能够全面智驾了？？
BV126ht6qESe,117319632165022,【苏星河车机】别急着说你用过豆包，我这个你真没见过,苏星河牛通,2026-09-25 17:00:00,1433340,1118,1,【苏星河车机】别急着说你用过豆包，我这个你真没见过2,42185854565,7.95300,1,25,16777215,2026-09-27 22:50:39,1790520639,3,ab09942c,2209806306637553664,0
BV126ht6qESe,117319632165022,【苏星河车机】别急着说你用过豆包，我这个你真没见过,苏星河牛通,2026-09-25 17:00:00,1433340,1118,1,【苏星河车机】别急着说你用过豆包，我这个你真没见过2,42185854565,109.11800,1,25,16777215,2026-09-27 22:49:41,1790520581,0,5a77b521,2209805816625306624,你不是王大锤吗？
BV126ht6qESe,117319632165022,【苏星河车机】别急着说你用过豆包，我这个你真没见过,苏星河牛通,2026-09-25 17:00:00,1433340,1118,1,【苏星河车机】别急着说你用过豆包，我这个你真没见过2,42185854565,4.95700,1,25,16777215,2026-09-27 22:49:35,1790520575,0,d4c22387,2209805765261720832,0
BV126ht6qESe,117319632165022,【苏星河车机】别急着说你用过豆包，我这个你真没见过,苏星河牛通,2026-09-25 17:00:00,1433340,1118,1,【苏星河车机】别急着说你用过豆包，我这个你真没见过2,42185854565,6.24100,1,25,16777215,2026-09-27 22:46:13,1790520373,0,db9cfae7,2209804072423857152,零
BV126ht6qESe,117319632165022,【苏星河车机】别急着说你用过豆包，我这个你真没见过,苏星河牛通,2026-09-25 17:00:00,1433340,1118,1,【苏星河车机】别急着说你用过豆包，我这个你真没见过2,42185854565,6.37400,1,25,16777215,2026-09-27 22:45:11,1790520311,0,cca5a991,2209803548656142592,0
BV126ht6qESe,117319632165022,【苏星河车机】别急着说你用过豆包，我这个你真没见过,苏星河牛通,2026-09-25 17:00:00,1433340,1118,1,【苏星河车机】别急着说你用过豆包，我这个你真没见过2,42185854565,1.51000,1,25,16777215,2026-09-27 22:44:38,1790520278,0,6b618dd7,2209803274054642944,0
BV126ht6qESe,117319632165022,【苏星河车机】别急着说你用过豆包，我这个你真没见过,苏星河牛通,2026-09-25 17:00:00,1433340,1118,1,【苏星河车机】别急着说你用过豆包，我这个你真没见过2,42185854565,7.68000,1,25,16777215,2026-09-27 22:44:19,1790520259,3,955d9566,2209803119494991104,0
BV126ht6qESe,117319632165022,【苏星河车机】别急着说你用过豆包，我这个你真没见过,苏星河牛通,2026-09-25 17:00:00,1433340,1118,1,【苏星河车机】别急着说你用过豆包，我这个你真没见过2,42185854565,47.46300,1,25,16777215,2026-09-27 22:44:12,1790520252,0,4ef90262,2209803059356293120,开到墓地？
BV126ht6qESe,117319632165022,【苏星河车机】别急着说你用过豆包，我这个你真没见过,苏星河牛通,2026-09-25 17:00:00,1433340,1118,1,【苏星河车机】别急着说你用过豆包，我这个你真没见过2,42185854565,34.11500,1,25,16777215,2026-09-27 22:43:38,1790520218,0,4ef90262,2209802770805249024,变成二乔吗？
BV126ht6qESe,117319632165022,【苏星河车机】别急着说你用过豆包，我这个你真没见过,苏星河牛通,2026-09-25 17:00:00,1433340,1118,1,【苏星河车机】别急着说你用过豆包，我这个你真没见过2,42185854565,1.92000,1,25,16777215,2026-09-27 22:42:51,1790520171,0,852fd930,2209802374913775616,0
BV126ht6qESe,117319632165022,【苏星河车机】别急着说你用过豆包，我这个你真没见过,苏星河牛通,2026-09-25 17:00:00,1433340,1118,1,【苏星河车机】别急着说你用过豆包，我这个你真没见过2,42185854565,83.01600,1,25,16777215,2026-09-27 22:39:31,1790519971,0,321fbfc2,2209800700899461376,对不起，我开错了。刚才不小心撞了泥头车
BV126ht6qESe,117319632165022,【苏星河车机】别急着说你用过豆包，我这个你真没见过,苏星河牛通,2026-09-25 17:00:00,1433340,1118,1,【苏星河车机】别急着说你用过豆包，我这个你真没见过2,42185854565,14.87400,1,25,16777215,2026-09-27 22:38:41,1790519921,0,d367746b,2209800278809754880,除了工作关系，0
BV126ht6qESe,117319632165022,【苏星河车机】别急着说你用过豆包，我这个你真没见过,苏星河牛通,2026-09-25 17:00:00,1433340,1118,1,【苏星河车机】别急着说你用过豆包，我这个你真没见过2,42185854565,12.21600,1,25,16777215,2026-09-27 22:38:17,1790519897,0,1fe29745,2209800075419642368,3.4个
BV126ht6qESe,117319632165022,【苏星河车机】别急着说你用过豆包，我这个你真没见过,苏星河牛通,2026-09-25 17:00:00,1433340,1118,1,【苏星河车机】别急着说你用过豆包，我这个你真没见过2,42185854565,67.44900,1,25,16777215,2026-09-27 22:38:04,1790519884,0,5405d18f,2209799972575259648,那完大蛋了
BV126ht6qESe,117319632165022,【苏星河车机】别急着说你用过豆包，我这个你真没见过,苏星河牛通,2026-09-25 17:00:00,1433340,1118,1,【苏星河车机】别急着说你用过豆包，我这个你真没见过2,42185854565,20.76900,1,25,16777215,2026-09-27 22:38:03,1790519883,0,100fe4d4,2209799958666702848,不认识哦
BV126ht6qESe,117319632165022,【苏星河车机】别急着说你用过豆包，我这个你真没见过,苏星河牛通,2026-09-25 17:00:00,1433340,1118,1,【苏星河车机】别急着说你用过豆包，我这个你真没见过2,42185854565,7.94000,1,25,16777215,2026-09-27 22:37:46,1790519866,3,100fe4d4,2209799819676047616,0
BV126ht6qESe,117319632165022,【苏星河车机】别急着说你用过豆包，我这个你真没见过,苏星河牛通,2026-09-25 17:00:00,1433340,1118,1,【苏星河车机】别急着说你用过豆包，我这个你真没见过2,42185854565,8.30000,1,25,16777215,2026-09-27 22:37:38,1790519858,0,4a5425ed,2209799751133374464,很多 但一个好的都没有
BV126ht6qESe,117319632165022,【苏星河车机】别急着说你用过豆包，我这个你真没见过,苏星河牛通,2026-09-25 17:00:00,1433340,1118,1,【苏星河车机】别急着说你用过豆包，我这个你真没见过2,42185854565,7.52000,1,25,16777215,2026-09-27 22:37:19,1790519839,3,6cba2ccc,2209799596362865408,0
BV126ht6qESe,117319632165022,【苏星河车机】别急着说你用过豆包，我这个你真没见过,苏星河牛通,2026-09-25 17:00:00,1433340,1118,1,【苏星河车机】别急着说你用过豆包，我这个你真没见过2,42185854565,3.84900,1,25,16777215,2026-09-27 22:36:14,1790519774,0,4444a168,2209799043696699648,0
BV126ht6qESe,117319632165022,【苏星河车机】别急着说你用过豆包，我这个你真没见过,苏星河牛通,2026-09-25 17:00:00,1433340,1118,1,【苏星河车机】别急着说你用过豆包，我这个你真没见过2,42185854565,3.24300,1,25,16777215,2026-09-27 22:36:13,1790519773,0,419a4fd,2209799038864906496,0
BV126ht6qESe,117319632165022,【苏星河车机】别急着说你用过豆包，我这个你真没见过,苏星河牛通,2026-09-25 17:00:00,1433340,1118,1,【苏星河车机】别急着说你用过豆包，我这个你真没见过2,42185854565,8.23000,1,25,16777215,2026-09-27 22:36:12,1790519772,3,2b027d7e,2209799030123922176,0
BV126ht6qESe,117319632165022,【苏星河车机】别急着说你用过豆包，我这个你真没见过,苏星河牛通,2026-09-25 17:00:00,1433340,1118,1,【苏星河车机】别急着说你用过豆包，我这个你真没见过2,42185854565,4.11500,1,25,16777215,2026-09-27 22:35:52,1790519752,0,a2db0d18,2209798860505981696,0
BV126ht6qESe,117319632165022,【苏星河车机】别急着说你用过豆包，我这个你真没见过,苏星河牛通,2026-09-25 17:00:00,1433340,1118,1,【苏星河车机】别急着说你用过豆包，我这个你真没见过2,42185854565,9.10300,1,25,16777215,2026-09-27 22:33:33,1790519613,3,cb0d748a,2209797698105463808,0
BV126ht6qESe,117319632165022,【苏星河车机】别急着说你用过豆包，我这个你真没见过,苏星河牛通,2026-09-25 17:00:00,1433340,1118,1,【苏星河车机】别急着说你用过豆包，我这个你真没见过2,42185854565,11.20600,1,18,15138834,2026-09-27 22:32:48,1790519568,3,4e3c9ded,2209797323226387456,0
BV126ht6qESe,117319632165022,【苏星河车机】别急着说你用过豆包，我这个你真没见过,苏星河牛通,2026-09-25 17:00:00,1433340,1118,1,【苏星河车机】别急着说你用过豆包，我这个你真没见过2,42185854565,3.85100,1,25,16777215,2026-09-27 22:31:37,1790519497,0,ea5f4216,2209796723634209792,0
BV126ht6qESe,117319632165022,【苏星河车机】别急着说你用过豆包，我这个你真没见过,苏星河牛通,2026-09-25 17:00:00,1433340,1118,1,【苏星河车机】别急着说你用过豆包，我这个你真没见过2,42185854565,6.06700,1,25,15138834,2026-09-27 21:58:09,1790517489,0,a51ce597,2209779882588999168,4个
BV126ht6qESe,117319632165022,【苏星河车机】别急着说你用过豆包，我这个你真没见过,苏星河牛通,2026-09-25 17:00:00,1433340,1118,1,【苏星河车机】别急着说你用过豆包，我这个你真没见过2,42185854565,7.72100,1,25,16777215,2026-09-27 21:56:14,1790517374,3,9fbbf90c,2209778913663204096,0
BV126ht6qESe,117319632165022,【苏星河车机】别急着说你用过豆包，我这个你真没见过,苏星河牛通,2026-09-25 17:00:00,1433340,1118,1,【苏星河车机】别急着说你用过豆包，我这个你真没见过2,42185854565,6.42100,1,25,16777215,2026-09-27 21:55:45,1790517345,0,a802f3fe,2209778674210072576,0
BV126ht6qESe,117319632165022,【苏星河车机】别急着说你用过豆包，我这个你真没见过,苏星河牛通,2026-09-25 17:00:00,1433340,1118,1,【苏星河车机】别急着说你用过豆包，我这个你真没见过2,42185854565,3.58100,1,25,16777215,2026-09-27 21:50:36,1790517036,0,dcd8549a,2209776075419297024,0
BV126ht6qESe,117319632165022,【苏星河车机】别急着说你用过豆包，我这个你真没见过,苏星河牛通,2026-09-25 17:00:00,1433340,1118,1,【苏星河车机】别急着说你用过豆包，我这个你真没见过2,42185854565,624.00900,1,25,16777215,2026-09-27 21:45:39,1790516739,0,ff1dc290,2209773586846429696,都不用深度思考了，张嘴就来
BV126ht6qESe,117319632165022,【苏星河车机】别急着说你用过豆包，我这个你真没见过,苏星河牛通,2026-09-25 17:00:00,1433340,1118,1,【苏星河车机】别急着说你用过豆包，我这个你真没见过2,42185854565,22.65200,1,25,16777215,2026-09-27 21:44:51,1790516691,0,d03f795,2209773189637382144,认识，但不用
BV126ht6qESe,117319632165022,【苏星河车机】别急着说你用过豆包，我这个你真没见过,苏星河牛通,2026-09-25 17:00:00,1433340,1118,1,【苏星河车机】别急着说你用过豆包，我这个你真没见过2,42185854565,12.63900,1,25,16777215,2026-09-27 21:44:25,1790516665,3,65d05454,2209772969118167040,0
BV126ht6qESe,117319632165022,【苏星河车机】别急着说你用过豆包，我这个你真没见过,苏星河牛通,2026-09-25 17:00:00,1433340,1118,1,【苏星河车机】别急着说你用过豆包，我这个你真没见过2,42185854565,10.54800,1,25,16777215,2026-09-27 21:44:14,1790516654,3,65d05454,2209772877690791168,0
BV126ht6qESe,117319632165022,【苏星河车机】别急着说你用过豆包，我这个你真没见过,苏星河牛通,2026-09-25 17:00:00,1433340,1118,1,【苏星河车机】别急着说你用过豆包，我这个你真没见过2,42185854565,5.63500,1,25,16777215,2026-09-27 21:41:41,1790516501,0,230c6715,2209771588344684288,0
BV126ht6qESe,117319632165022,【苏星河车机】别急着说你用过豆包，我这个你真没见过,苏星河牛通,2026-09-25 17:00:00,1433340,1118,1,【苏星河车机】别急着说你用过豆包，我这个你真没见过2,42185854565,2.87100,1,25,16777215,2026-09-27 21:39:58,1790516398,0,3673137d,2209770727950610176,0
BV126ht6qESe,117319632165022,【苏星河车机】别急着说你用过豆包，我这个你真没见过,苏星河牛通,2026-09-25 17:00:00,1433340,1118,1,【苏星河车机】别急着说你用过豆包，我这个你真没见过2,42185854565,5.90100,1,25,16777215,2026-09-27 21:36:44,1790516204,0,aef30057,2209769101541862656,0
BV126ht6qESe,117319632165022,【苏星河车机】别急着说你用过豆包，我这个你真没见过,苏星河牛通,2026-09-25 17:00:00,1433340,1118,1,【苏星河车机】别急着说你用过豆包，我这个你真没见过2,42185854565,6.23600,1,25,16777215,2026-09-27 21:33:38,1790516018,0,141e30e3,2209767539817730816,0
BV126ht6qESe,117319632165022,【苏星河车机】别急着说你用过豆包，我这个你真没见过,苏星河牛通,2026-09-25 17:00:00,1433340,1118,1,【苏星河车机】别急着说你用过豆包，我这个你真没见过2,42185854565,5.65900,1,25,16777215,2026-09-27 21:27:39,1790515659,0,c66f2158,2209764530731571456,0
BV126ht6qESe,117319632165022,【苏星河车机】别急着说你用过豆包，我这个你真没见过,苏星河牛通,2026-09-25 17:00:00,1433340,1118,1,【苏星河车机】别急着说你用过豆包，我这个你真没见过2,42185854565,3.61400,1,25,16777215,2026-09-27 21:27:29,1790515649,0,c66f2158,2209764447416129024,0
BV126ht6qESe,117319632165022,【苏星河车机】别急着说你用过豆包，我这个你真没见过,苏星河牛通,2026-09-25 17:00:00,1433340,1118,1,【苏星河车机】别急着说你用过豆包，我这个你真没见过2,42185854565,229.72400,5,25,16707842,2026-09-27 21:25:06,1790515506,0,da5a9c68,2209763245404533248,“开始折叠”
BV126ht6qESe,117319632165022,【苏星河车机】别急着说你用过豆包，我这个你真没见过,苏星河牛通,2026-09-25 17:00:00,1433340,1118,1,【苏星河车机】别急着说你用过豆包，我这个你真没见过2,42185854565,127.41000,5,25,16707842,2026-09-27 21:23:01,1790515381,0,da5a9c68,2209762198346688512,地道战
BV126ht6qESe,117319632165022,【苏星河车机】别急着说你用过豆包，我这个你真没见过,苏星河牛通,2026-09-25 17:00:00,1433340,1118,1,【苏星河车机】别急着说你用过豆包，我这个你真没见过2,42185854565,20.49900,1,25,16777215,2026-09-27 21:21:24,1790515284,0,3bbaf78b,2209761384332959744,你这么定义它是女性的
BV126ht6qESe,117319632165022,【苏星河车机】别急着说你用过豆包，我这个你真没见过,苏星河牛通,2026-09-25 17:00:00,1433340,1118,1,【苏星河车机】别急着说你用过豆包，我这个你真没见过2,42185854565,36.13800,5,25,16707842,2026-09-27 21:21:09,1790515269,0,da5a9c68,2209761257690061312,“前方无车，可以加速”
BV126ht6qESe,117319632165022,【苏星河车机】别急着说你用过豆包，我这个你真没见过,苏星河牛通,2026-09-25 17:00:00,1433340,1118,1,【苏星河车机】别急着说你用过豆包，我这个你真没见过2,42185854565,395.35000,1,25,16777215,2026-09-27 21:19:40,1790515180,0,9466a9ea,2209760513679409920,哈哈哈
BV126ht6qESe,117319632165022,【苏星河车机】别急着说你用过豆包，我这个你真没见过,苏星河牛通,2026-09-25 17:00:00,1433340,1118,1,【苏星河车机】别急着说你用过豆包，我这个你真没见过2,42185854565,115.93900,1,25,16777215,2026-09-27 21:14:03,1790514843,0,9466a9ea,2209757682583022336,hhhhhh
BV126ht6qESe,117319632165022,【苏星河车机】别急着说你用过豆包，我这个你真没见过,苏星河牛通,2026-09-25 17:00:00,1433340,1118,1,【苏星河车机】别急着说你用过豆包，我这个你真没见过2,42185854565,2.32200,1,25,16777215,2026-09-27 21:10:47,1790514647,0,e6f26e6b,2209756040629741056,0
BV126ht6qESe,117319632165022,【苏星河车机】别急着说你用过豆包，我这个你真没见过,苏星河牛通,2026-09-25 17:00:00,1433340,1118,1,【苏星河车机】别急着说你用过豆包，我这个你真没见过2,42185854565,41.03800,1,25,16777215,2026-09-27 21:04:46,1790514286,0,32d66f40,2209753009540486400,费那事花这钱，直接开到娱乐地点吃自助
BV126ht6qESe,117319632165022,【苏星河车机】别急着说你用过豆包，我这个你真没见过,苏星河牛通,2026-09-25 17:00:00,1433340,1118,1,【苏星河车机】别急着说你用过豆包，我这个你真没见过2,42185854565,34.09700,1,25,16777215,2026-09-27 21:02:40,1790514160,0,11e835dc,2209751957273616384,这么恐怖？
BV126ht6qESe,117319632165022,【苏星河车机】别急着说你用过豆包，我这个你真没见过,苏星河牛通,2026-09-25 17:00:00,1433340,1118,1,【苏星河车机】别急着说你用过豆包，我这个你真没见过2,42185854565,33.01700,1,25,16777215,2026-09-27 21:02:33,1790514153,0,11e835dc,2209751892035441920,哈？
BV126ht6qESe,117319632165022,【苏星河车机】别急着说你用过豆包，我这个你真没见过,苏星河牛通,2026-09-25 17:00:00,1433340,1118,1,【苏星河车机】别急着说你用过豆包，我这个你真没见过2,42185854565,20.43800,1,25,16777215,2026-09-27 21:02:16,1790514136,0,11e835dc,2209751756148312576,哈？
BV126ht6qESe,117319632165022,【苏星河车机】别急着说你用过豆包，我这个你真没见过,苏星河牛通,2026-09-25 17:00:00,1433340,1118,1,【苏星河车机】别急着说你用过豆包，我这个你真没见过2,42185854565,637.55500,1,25,16777215,2026-09-27 20:53:15,1790513595,0,b0dfc533,2209747217592439296,豆包最大的优点就是像人一样撒谎
BV126ht6qESe,117319632165022,【苏星河车机】别急着说你用过豆包，我这个你真没见过,苏星河牛通,2026-09-25 17:00:00,1433340,1118,1,【苏星河车机】别急着说你用过豆包，我这个你真没见过2,42185854565,468.91400,1,25,16777215,2026-09-27 20:48:57,1790513337,0,5a44dee4,2209745047795360512,如讲
BV126ht6qESe,117319632165022,【苏星河车机】别急着说你用过豆包，我这个你真没见过,苏星河牛通,2026-09-25 17:00:00,1433340,1118,1,【苏星河车机】别急着说你用过豆包，我这个你真没见过2,42185854565,619.28400,1,25,16777215,2026-09-27 20:46:56,1790513216,0,3e02c986,2209744036296719872,他只去了酒店
BV126ht6qESe,117319632165022,【苏星河车机】别急着说你用过豆包，我这个你真没见过,苏星河牛通,2026-09-25 17:00:00,1433340,1118,1,【苏星河车机】别急着说你用过豆包，我这个你真没见过2,42185854565,258.56600,1,25,16777215,2026-09-27 20:45:05,1790513105,0,5a44dee4,2209743104372820992,意思是up主组建联合国了？？
BV126ht6qESe,117319632165022,【苏星河车机】别急着说你用过豆包，我这个你真没见过,苏星河牛通,2026-09-25 17:00:00,1433340,1118,1,【苏星河车机】别急着说你用过豆包，我这个你真没见过2,42185854565,259.56100,1,25,16777215,2026-09-27 20:42:47,1790512967,0,927ffa2b,2209741945838810880,日本人，跑到中国，来吃日料
BV126ht6qESe,117319632165022,【苏星河车机】别急着说你用过豆包，我这个你真没见过,苏星河牛通,2026-09-25 17:00:00,1433340,1118,1,【苏星河车机】别急着说你用过豆包，我这个你真没见过2,42185854565,318.81700,1,25,16777215,2026-09-27 20:41:45,1790512905,0,fa564ad4,2209741425552457728,全是手机的功能 有啥用
BV126ht6qESe,117319632165022,【苏星河车机】别急着说你用过豆包，我这个你真没见过,苏星河牛通,2026-09-25 17:00:00,1433340,1118,1,【苏星河车机】别急着说你用过豆包，我这个你真没见过2,42185854565,260.89200,1,25,16777215,2026-09-27 20:37:45,1790512665,0,3e02c986,2209739414316599296,你口味也太重了
BV126ht6qESe,117319632165022,【苏星河车机】别急着说你用过豆包，我这个你真没见过,苏星河牛通,2026-09-25 17:00:00,1433340,1118,1,【苏星河车机】别急着说你用过豆包，我这个你真没见过2,42185854565,0.00000,5,25,16777215,2026-09-27 20:35:32,1790512532,0,949bf17f,2209738296131809280,你好，未来的我
BV126ht6qESe,117319632165022,【苏星河车机】别急着说你用过豆包，我这个你真没见过,苏星河牛通,2026-09-25 17:00:00,1433340,1118,1,【苏星河车机】别急着说你用过豆包，我这个你真没见过2,42185854565,619.65900,1,25,16777215,2026-09-27 20:35:17,1790512517,0,12585581,2209738174496942080,如果它能同时删除导航信息，那我就入了
BV126ht6qESe,117319632165022,【苏星河车机】别急着说你用过豆包，我这个你真没见过,苏星河牛通,2026-09-25 17:00:00,1433340,1118,1,【苏星河车机】别急着说你用过豆包，我这个你真没见过2,42185854565,3.12300,1,25,16777215,2026-09-27 20:34:56,1790512496,0,2fd90d2c,2209737994217917184,-3
BV126ht6qESe,117319632165022,【苏星河车机】别急着说你用过豆包，我这个你真没见过,苏星河牛通,2026-09-25 17:00:00,1433340,1118,1,【苏星河车机】别急着说你用过豆包，我这个你真没见过2,42185854565,46.20000,1,25,16777215,2026-09-27 20:34:45,1790512485,0,dc57a32c,2209737902907775232,还不下车？在等那句《最直白的方式》吗
BV126ht6qESe,117319632165022,【苏星河车机】别急着说你用过豆包，我这个你真没见过,苏星河牛通,2026-09-25 17:00:00,1433340,1118,1,【苏星河车机】别急着说你用过豆包，我这个你真没见过2,42185854565,19.24400,1,25,16777215,2026-09-27 20:34:19,1790512459,0,3ac7a723,2209737685315263488,《女人》
BV126ht6qESe,117319632165022,【苏星河车机】别急着说你用过豆包，我这个你真没见过,苏星河牛通,2026-09-25 17:00:00,1433340,1118,1,【苏星河车机】别急着说你用过豆包，我这个你真没见过2,42185854565,228.65100,1,25,16777215,2026-09-27 20:34:10,1790512450,0,b828c700,2209737607787891200,人呢？
BV126ht6qESe,117319632165022,【苏星河车机】别急着说你用过豆包，我这个你真没见过,苏星河牛通,2026-09-25 17:00:00,1433340,1118,1,【苏星河车机】别急着说你用过豆包，我这个你真没见过2,42185854565,163.75700,1,25,16777215,2026-09-27 20:33:01,1790512381,0,b828c700,2209737033763976704,这豆包还能接梗
BV126ht6qESe,117319632165022,【苏星河车机】别急着说你用过豆包，我这个你真没见过,苏星河牛通,2026-09-25 17:00:00,1433340,1118,1,【苏星河车机】别急着说你用过豆包，我这个你真没见过2,42185854565,40.44000,1,25,16707842,2026-09-27 20:32:29,1790512349,0,9dd9948a,2209736764858944512,。。。。？开到目的地？？？？？
BV126ht6qESe,117319632165022,【苏星河车机】别急着说你用过豆包，我这个你真没见过,苏星河牛通,2026-09-25 17:00:00,1433340,1118,1,【苏星河车机】别急着说你用过豆包，我这个你真没见过2,42185854565,43.72700,1,25,16777215,2026-09-27 20:32:16,1790512336,0,32171686,2209736651654216448,墓地地？
BV126ht6qESe,117319632165022,【苏星河车机】别急着说你用过豆包，我这个你真没见过,苏星河牛通,2026-09-25 17:00:00,1433340,1118,1,【苏星河车机】别急着说你用过豆包，我这个你真没见过2,42185854565,12.03800,1,25,16777215,2026-09-27 20:32:12,1790512332,0,3d9789ee,2209736622814288896,不不不我是女的
BV126ht6qESe,117319632165022,【苏星河车机】别急着说你用过豆包，我这个你真没见过,苏星河牛通,2026-09-25 17:00:00,1433340,1118,1,【苏星河车机】别急着说你用过豆包，我这个你真没见过2,42185854565,44.64200,1,25,16777215,2026-09-27 20:30:50,1790512250,0,b828c700,2209735931802829056,什么包在她身上？还带个包？
BV126ht6qESe,117319632165022,【苏星河车机】别急着说你用过豆包，我这个你真没见过,苏星河牛通,2026-09-25 17:00:00,1433340,1118,1,【苏星河车机】别急着说你用过豆包，我这个你真没见过2,42185854565,15.73500,1,25,16777215,2026-09-27 20:29:37,1790512177,0,227b76f7,2209735322361762816,冷知识 豆包有男性形象
BV126ht6qESe,117319632165022,【苏星河车机】别急着说你用过豆包，我这个你真没见过,苏星河牛通,2026-09-25 17:00:00,1433340,1118,1,【苏星河车机】别急着说你用过豆包，我这个你真没见过2,42185854565,1.49900,1,25,16777215,2026-09-27 20:27:30,1790512050,0,4d178f07,2209734256211629312,0
BV126ht6qESe,117319632165022,【苏星河车机】别急着说你用过豆包，我这个你真没见过,苏星河牛通,2026-09-25 17:00:00,1433340,1118,1,【苏星河车机】别急着说你用过豆包，我这个你真没见过2,42185854565,18.42500,1,25,16777215,2026-09-27 20:27:01,1790512021,0,1970a263,2209734011164171776,你为啥觉得，豆包是个女的？
BV126ht6qESe,117319632165022,【苏星河车机】别急着说你用过豆包，我这个你真没见过,苏星河牛通,2026-09-25 17:00:00,1433340,1118,1,【苏星河车机】别急着说你用过豆包，我这个你真没见过2,42185854565,51.14500,1,25,16777215,2026-09-27 20:25:55,1790511955,0,995025d0,2209733457943658496,吓哭了
BV126ht6qESe,117319632165022,【苏星河车机】别急着说你用过豆包，我这个你真没见过,苏星河牛通,2026-09-25 17:00:00,1433340,1118,1,【苏星河车机】别急着说你用过豆包，我这个你真没见过2,42185854565,20.78700,1,25,16777215,2026-09-27 20:25:32,1790511932,0,305316fb,2209733262069503488,不认识
BV126ht6qESe,117319632165022,【苏星河车机】别急着说你用过豆包，我这个你真没见过,苏星河牛通,2026-09-25 17:00:00,1433340,1118,1,【苏星河车机】别急着说你用过豆包，我这个你真没见过2,42185854565,5.98300,1,25,16777215,2026-09-27 20:25:02,1790511902,0,a4099c51,2209733008456751360,0
BV126ht6qESe,117319632165022,【苏星河车机】别急着说你用过豆包，我这个你真没见过,苏星河牛通,2026-09-25 17:00:00,1433340,1118,1,【苏星河车机】别急着说你用过豆包，我这个你真没见过2,42185854565,4.26100,1,25,16777215,2026-09-27 20:24:57,1790511897,0,12f1d761,2209732973316701184,0
BV126ht6qESe,117319632165022,【苏星河车机】别急着说你用过豆包，我这个你真没见过,苏星河牛通,2026-09-25 17:00:00,1433340,1118,1,【苏星河车机】别急着说你用过豆包，我这个你真没见过2,42185854565,19.95800,1,25,16777215,2026-09-27 20:23:47,1790511827,0,56463ba3,2209732383883475712,豆包，你没有心
BV126ht6qESe,117319632165022,【苏星河车机】别急着说你用过豆包，我这个你真没见过,苏星河牛通,2026-09-25 17:00:00,1433340,1118,1,【苏星河车机】别急着说你用过豆包，我这个你真没见过2,42185854565,3.75200,1,25,16777215,2026-09-27 20:22:06,1790511726,0,a4d7faf9,2209731537330340608,0
BV126ht6qESe,117319632165022,【苏星河车机】别急着说你用过豆包，我这个你真没见过,苏星河牛通,2026-09-25 17:00:00,1433340,1118,1,【苏星河车机】别急着说你用过豆包，我这个你真没见过2,42185854565,6.30500,1,25,16777215,2026-09-27 20:21:56,1790511716,0,c0f575ea,2209731449710921984,0
BV126ht6qESe,117319632165022,【苏星河车机】别急着说你用过豆包，我这个你真没见过,苏星河牛通,2026-09-25 17:00:00,1433340,1118,1,【苏星河车机】别急着说你用过豆包，我这个你真没见过2,42185854565,17.75000,1,25,16777215,2026-09-27 20:21:16,1790511676,0,e35e8ffd,2209731119845459200,我豆包是男娃
BV126ht6qESe,117319632165022,【苏星河车机】别急着说你用过豆包，我这个你真没见过,苏星河牛通,2026-09-25 17:00:00,1433340,1118,1,【苏星河车机】别急着说你用过豆包，我这个你真没见过2,42185854565,15.14500,1,25,15138834,2026-09-27 20:21:04,1790511664,0,3da50fc3,2209731014014756864,0
BV126ht6qESe,117319632165022,【苏星河车机】别急着说你用过豆包，我这个你真没见过,苏星河牛通,2026-09-25 17:00:00,1433340,1118,1,【苏星河车机】别急着说你用过豆包，我这个你真没见过2,42185854565,6.62000,1,25,16777215,2026-09-27 20:20:50,1790511650,0,ac4d5e4,2209730895232554240,0
BV126ht6qESe,117319632165022,【苏星河车机】别急着说你用过豆包，我这个你真没见过,苏星河牛通,2026-09-25 17:00:00,1433340,1118,1,【苏星河车机】别急着说你用过豆包，我这个你真没见过2,42185854565,11.24000,1,25,16777215,2026-09-27 20:20:31,1790511631,0,646ec14a,2209730741552903168,50个
BV126ht6qESe,117319632165022,【苏星河车机】别急着说你用过豆包，我这个你真没见过,苏星河牛通,2026-09-25 17:00:00,1433340,1118,1,【苏星河车机】别急着说你用过豆包，我这个你真没见过2,42185854565,261.39600,1,25,16777215,2026-09-27 20:19:28,1790511568,0,45f3c786,2209730210444838144,它不是人
BV126ht6qESe,117319632165022,【苏星河车机】别急着说你用过豆包，我这个你真没见过,苏星河牛通,2026-09-25 17:00:00,1433340,1118,1,【苏星河车机】别急着说你用过豆包，我这个你真没见过2,42185854565,5.59500,1,25,16777215,2026-09-27 20:18:37,1790511517,0,7259440,2209729780940217088,0
BV126ht6qESe,117319632165022,【苏星河车机】别急着说你用过豆包，我这个你真没见过,苏星河牛通,2026-09-25 17:00:00,1433340,1118,1,【苏星河车机】别急着说你用过豆包，我这个你真没见过2,42185854565,32.19800,5,25,16777215,2026-09-27 20:17:57,1790511477,0,10e6ad7c,2209729446175645696,轰出去
BV126ht6qESe,117319632165022,【苏星河车机】别急着说你用过豆包，我这个你真没见过,苏星河牛通,2026-09-25 17:00:00,1433340,1118,1,【苏星河车机】别急着说你用过豆包，我这个你真没见过2,42185854565,21.13700,5,25,16777215,2026-09-27 20:17:41,1790511461,0,10e6ad7c,2209729316663661568,0
BV126ht6qESe,117319632165022,【苏星河车机】别急着说你用过豆包，我这个你真没见过,苏星河牛通,2026-09-25 17:00:00,1433340,1118,1,【苏星河车机】别急着说你用过豆包，我这个你真没见过2,42185854565,7.23100,1,25,16777215,2026-09-27 20:16:57,1790511417,0,30962792,2209728942079481600,因为我是小学生，所以基本上都是我同学女性朋友
BV126ht6qESe,117319632165022,【苏星河车机】别急着说你用过豆包，我这个你真没见过,苏星河牛通,2026-09-25 17:00:00,1433340,1118,1,【苏星河车机】别急着说你用过豆包，我这个你真没见过2,42185854565,34.36100,1,25,16777215,2026-09-27 20:16:36,1790511396,0,d741190e,2209728764635338752,没车
BV126ht6qESe,117319632165022,【苏星河车机】别急着说你用过豆包，我这个你真没见过,苏星河牛通,2026-09-25 17:00:00,1433340,1118,1,【苏星河车机】别急着说你用过豆包，我这个你真没见过2,42185854565,21.68700,1,25,16777215,2026-09-27 20:16:20,1790511380,0,d741190e,2209728637329531392,没有。不玩豆包
BV126ht6qESe,117319632165022,【苏星河车机】别急着说你用过豆包，我这个你真没见过,苏星河牛通,2026-09-25 17:00:00,1433340,1118,1,【苏星河车机】别急着说你用过豆包，我这个你真没见过2,42185854565,15.02900,1,25,16777215,2026-09-27 20:15:53,1790511353,0,29331c9c,2209728410660475392,我还真没认识
BV126ht6qESe,117319632165022,【苏星河车机】别急着说你用过豆包，我这个你真没见过,苏星河牛通,2026-09-25 17:00:00,1433340,1118,1,【苏星河车机】别急着说你用过豆包，我这个你真没见过2,42185854565,1.10900,1,25,16777215,2026-09-27 20:15:34,1790511334,0,9c31d103,2209728251536901632,0
BV126ht6qESe,117319632165022,【苏星河车机】别急着说你用过豆包，我这个你真没见过,苏星河牛通,2026-09-25 17:00:00,1433340,1118,1,【苏星河车机】别急着说你用过豆包，我这个你真没见过2,42185854565,32.51800,1,25,16777215,2026-09-27 20:15:29,1790511329,0,d5fefcf7,2209728205735947008,那我不敢开了
BV126ht6qESe,117319632165022,【苏星河车机】别急着说你用过豆包，我这个你真没见过,苏星河牛通,2026-09-25 17:00:00,1433340,1118,1,【苏星河车机】别急着说你用过豆包，我这个你真没见过2,42185854565,8.09200,1,25,16777215,2026-09-27 20:15:25,1790511325,0,b5ed3782,2209728175838953216,豆包算吗
BV126ht6qESe,117319632165022,【苏星河车机】别急着说你用过豆包，我这个你真没见过,苏星河牛通,2026-09-25 17:00:00,1433340,1118,1,【苏星河车机】别急着说你用过豆包，我这个你真没见过2,42185854565,5.80700,1,25,16777215,2026-09-27 20:14:47,1790511287,0,d5fefcf7,2209727851275245312,0
BV126ht6qESe,117319632165022,【苏星河车机】别急着说你用过豆包，我这个你真没见过,苏星河牛通,2026-09-25 17:00:00,1433340,1118,1,【苏星河车机】别急着说你用过豆包，我这个你真没见过2,42185854565,91.77000,1,25,16777215,2026-09-27 20:14:45,1790511285,0,cb6994c8,2209727835361578496,阿斯拉达照进现实
BV126ht6qESe,117319632165022,【苏星河车机】别急着说你用过豆包，我这个你真没见过,苏星河牛通,2026-09-25 17:00:00,1433340,1118,1,【苏星河车机】别急着说你用过豆包，我这个你真没见过2,42185854565,9.69200,1,25,16777215,2026-09-27 20:13:23,1790511203,0,18118027,2209727149106210304,17个。
BV126ht6qESe,117319632165022,【苏星河车机】别急着说你用过豆包，我这个你真没见过,苏星河牛通,2026-09-25 17:00:00,1433340,1118,1,【苏星河车机】别急着说你用过豆包，我这个你真没见过2,42185854565,4.08800,1,25,16777215,2026-09-27 20:13:14,1790511194,0,18118027,2209727070832024320,0
BV126ht6qESe,117319632165022,【苏星河车机】别急着说你用过豆包，我这个你真没见过,苏星河牛通,2026-09-25 17:00:00,1433340,1118,1,【苏星河车机】别急着说你用过豆包，我这个你真没见过2,42185854565,11.30600,1,25,16777215,2026-09-27 20:12:42,1790511162,0,cf41b7ea,2209726808579192832,我是女的
BV126ht6qESe,117319632165022,【苏星河车机】别急着说你用过豆包，我这个你真没见过,苏星河牛通,2026-09-25 17:00:00,1433340,1118,1,【苏星河车机】别急着说你用过豆包，我这个你真没见过2,42185854565,2.07900,1,25,16777215,2026-09-27 20:10:45,1790511045,0,df63a293,2209725826440664832,0
BV126ht6qESe,117319632165022,【苏星河车机】别急着说你用过豆包，我这个你真没见过,苏星河牛通,2026-09-25 17:00:00,1433340,1118,1,【苏星河车机】别急着说你用过豆包，我这个你真没见过2,42185854565,21.54000,1,25,16777215,2026-09-27 20:09:03,1790510943,0,535a3759,2209724971138226432,我不用豆包
BV126ht6qESe,117319632165022,【苏星河车机】别急着说你用过豆包，我这个你真没见过,苏星河牛通,2026-09-25 17:00:00,1433340,1118,1,【苏星河车机】别急着说你用过豆包，我这个你真没见过2,42185854565,230.62400,1,25,16777215,2026-09-27 20:08:52,1790510932,0,b6d65db7,2209724879073911552,《软软甜甜的歌》
BV126ht6qESe,117319632165022,【苏星河车机】别急着说你用过豆包，我这个你真没见过,苏星河牛通,2026-09-25 17:00:00,1433340,1118,1,【苏星河车机】别急着说你用过豆包，我这个你真没见过2,42185854565,17.84500,1,25,16777215,2026-09-27 20:07:21,1790510841,0,422f4d3f,2209724108714607104,2
BV126ht6qESe,117319632165022,【苏星河车机】别急着说你用过豆包，我这个你真没见过,苏星河牛通,2026-09-25 17:00:00,1433340,1118,1,【苏星河车机】别急着说你用过豆包，我这个你真没见过2,42185854565,2.74600,1,25,16777215,2026-09-27 20:04:29,1790510669,0,e1355ab7,2209722669028016640,0
BV126ht6qESe,117319632165022,【苏星河车机】别急着说你用过豆包，我这个你真没见过,苏星河牛通,2026-09-25 17:00:00,1433340,1118,1,【苏星河车机】别急着说你用过豆包，我这个你真没见过2,42185854565,3.68800,1,25,16777215,2026-09-27 20:03:59,1790510639,0,4770b47b,2209722416295543040,0
BV126ht6qESe,117319632165022,【苏星河车机】别急着说你用过豆包，我这个你真没见过,苏星河牛通,2026-09-25 17:00:00,1433340,1118,1,【苏星河车机】别急着说你用过豆包，我这个你真没见过2,42185854565,69.26000,1,25,16777215,2026-09-27 20:03:01,1790510581,0,cff0baac,2209721933447407360,豆包保密吗
BV126ht6qESe,117319632165022,【苏星河车机】别急着说你用过豆包，我这个你真没见过,苏星河牛通,2026-09-25 17:00:00,1433340,1118,1,【苏星河车机】别急着说你用过豆包，我这个你真没见过2,42185854565,4.08000,5,25,15138834,2026-09-27 20:01:50,1790510510,0,c32caf14,2209721335767572992,零个，为了老婆开心（毕竟我还想活着）
BV126ht6qESe,117319632165022,【苏星河车机】别急着说你用过豆包，我这个你真没见过,苏星河牛通,2026-09-25 17:00:00,1433340,1118,1,【苏星河车机】别急着说你用过豆包，我这个你真没见过2,42185854565,48.13400,5,25,15138834,2026-09-27 20:01:40,1790510500,0,c3593af9,2209721250455436032,谁说没有完美谋杀
BV126ht6qESe,117319632165022,【苏星河车机】别急着说你用过豆包，我这个你真没见过,苏星河牛通,2026-09-25 17:00:00,1433340,1118,1,【苏星河车机】别急着说你用过豆包，我这个你真没见过2,42185854565,47.34900,1,25,16777215,2026-09-27 19:58:20,1790510300,0,a2792f02,2209719570762912768,豆包“对不起，是我看错导航了，这里是池塘，下次不会了”
BV126ht6qESe,117319632165022,【苏星河车机】别急着说你用过豆包，我这个你真没见过,苏星河牛通,2026-09-25 17:00:00,1433340,1118,1,【苏星河车机】别急着说你用过豆包，我这个你真没见过2,42185854565,6.45000,1,25,16777215,2026-09-27 19:57:39,1790510259,0,36809e07,2209719231518757376,0
BV126ht6qESe,117319632165022,【苏星河车机】别急着说你用过豆包，我这个你真没见过,苏星河牛通,2026-09-25 17:00:00,1433340,1118,1,【苏星河车机】别急着说你用过豆包，我这个你真没见过2,42185854565,3.43400,1,25,16777215,2026-09-27 19:54:49,1790510089,0,13b4b314,2209717805790782464,抱歉，我是女的
BV126ht6qESe,117319632165022,【苏星河车机】别急着说你用过豆包，我这个你真没见过,苏星河牛通,2026-09-25 17:00:00,1433340,1118,1,【苏星河车机】别急着说你用过豆包，我这个你真没见过2,42185854565,5.98800,1,25,16777215,2026-09-27 19:54:12,1790510052,0,3d1dbeb6,2209717494901131520,0
BV126ht6qESe,117319632165022,【苏星河车机】别急着说你用过豆包，我这个你真没见过,苏星河牛通,2026-09-25 17:00:00,1433340,1118,1,【苏星河车机】别急着说你用过豆包，我这个你真没见过2,42185854565,23.44000,1,25,16777215,2026-09-27 19:53:29,1790510009,0,1fcdb1a0,2209717131447531776,tmd假人也算啊
BV126ht6qESe,117319632165022,【苏星河车机】别急着说你用过豆包，我这个你真没见过,苏星河牛通,2026-09-25 17:00:00,1433340,1118,1,【苏星河车机】别急着说你用过豆包，我这个你真没见过2,42185854565,5.22800,1,25,16777215,2026-09-27 19:53:08,1790509988,0,decd1baf,2209716957434414592,二三十吧
BV126ht6qESe,117319632165022,【苏星河车机】别急着说你用过豆包，我这个你真没见过,苏星河牛通,2026-09-25 17:00:00,1433340,1118,1,【苏星河车机】别急着说你用过豆包，我这个你真没见过2,42185854565,6.49900,1,25,16777215,2026-09-27 19:53:03,1790509983,0,1fcdb1a0,2209716915910415360,0
BV126ht6qESe,117319632165022,【苏星河车机】别急着说你用过豆包，我这个你真没见过,苏星河牛通,2026-09-25 17:00:00,1433340,1118,1,【苏星河车机】别急着说你用过豆包，我这个你真没见过2,42185854565,6.68800,1,25,16777215,2026-09-27 19:52:41,1790509961,0,6e7efdf8,2209716732250499072,0
BV126ht6qESe,117319632165022,【苏星河车机】别急着说你用过豆包，我这个你真没见过,苏星河牛通,2026-09-25 17:00:00,1433340,1118,1,【苏星河车机】别急着说你用过豆包，我这个你真没见过2,42185854565,44.68600,1,25,16777215,2026-09-27 19:48:04,1790509684,0,22197b8f,2209714410200174592,好！豆包不是草包！
BV126ht6qESe,117319632165022,【苏星河车机】别急着说你用过豆包，我这个你真没见过,苏星河牛通,2026-09-25 17:00:00,1433340,1118,1,【苏星河车机】别急着说你用过豆包，我这个你真没见过2,42185854565,6.39100,1,25,16777215,2026-09-27 19:47:08,1790509628,0,7c5d3015,2209713934649840896,没有
BV126ht6qESe,117319632165022,【苏星河车机】别急着说你用过豆包，我这个你真没见过,苏星河牛通,2026-09-25 17:00:00,1433340,1118,1,【苏星河车机】别急着说你用过豆包，我这个你真没见过2,42185854565,4.25800,1,25,16777215,2026-09-27 19:46:08,1790509568,0,7b31c918,2209713430620056320,0
BV126ht6qESe,117319632165022,【苏星河车机】别急着说你用过豆包，我这个你真没见过,苏星河牛通,2026-09-25 17:00:00,1433340,1118,1,【苏星河车机】别急着说你用过豆包，我这个你真没见过2,42185854565,36.08600,1,25,16777215,2026-09-27 19:45:45,1790509545,0,a23dac63,2209713236784397312,不好，豆包又要说抱歉了
BV126ht6qESe,117319632165022,【苏星河车机】别急着说你用过豆包，我这个你真没见过,苏星河牛通,2026-09-25 17:00:00,1433340,1118,1,【苏星河车机】别急着说你用过豆包，我这个你真没见过2,42185854565,13.01600,1,25,16777215,2026-09-27 19:45:13,1790509513,0,cd2f228d,2209712970144248320,九
BV126ht6qESe,117319632165022,【苏星河车机】别急着说你用过豆包，我这个你真没见过,苏星河牛通,2026-09-25 17:00:00,1433340,1118,1,【苏星河车机】别急着说你用过豆包，我这个你真没见过2,42185854565,187.14000,1,25,16777215,2026-09-27 19:44:42,1790509482,0,2a369ab6,2209712711532287232,这货不是能倒拔垂杨柳吗
BV126ht6qESe,117319632165022,【苏星河车机】别急着说你用过豆包，我这个你真没见过,苏星河牛通,2026-09-25 17:00:00,1433340,1118,1,【苏星河车机】别急着说你用过豆包，我这个你真没见过2,42185854565,116.23800,1,25,16777215,2026-09-27 19:43:06,1790509386,0,d427a251,2209711906116550400,害怕
BV126ht6qESe,117319632165022,【苏星河车机】别急着说你用过豆包，我这个你真没见过,苏星河牛通,2026-09-25 17:00:00,1433340,1118,1,【苏星河车机】别急着说你用过豆包，我这个你真没见过2,42185854565,64.50000,1,25,16777215,2026-09-27 19:42:23,1790509343,0,2a369ab6,2209711547864425216,哪天用你当肉弹的话，吾喜闻乐见
BV126ht6qESe,117319632165022,【苏星河车机】别急着说你用过豆包，我这个你真没见过,苏星河牛通,2026-09-25 17:00:00,1433340,1118,1,【苏星河车机】别急着说你用过豆包，我这个你真没见过2,42185854565,625.38000,1,25,16777215,2026-09-27 19:42:11,1790509331,0,9b474a15,2209711448576351744,还能教她说谎！！
BV126ht6qESe,117319632165022,【苏星河车机】别急着说你用过豆包，我这个你真没见过,苏星河牛通,2026-09-25 17:00:00,1433340,1118,1,【苏星河车机】别急着说你用过豆包，我这个你真没见过2,42185854565,18.19100,1,25,16777215,2026-09-27 19:41:27,1790509287,0,1bfe4c81,2209711078035488256,这玩意有性别吗
BV126ht6qESe,117319632165022,【苏星河车机】别急着说你用过豆包，我这个你真没见过,苏星河牛通,2026-09-25 17:00:00,1433340,1118,1,【苏星河车机】别急着说你用过豆包，我这个你真没见过2,42185854565,6.71500,1,25,16777215,2026-09-27 19:40:55,1790509255,0,7d54e64c,2209710804977753344,0
BV126ht6qESe,117319632165022,【苏星河车机】别急着说你用过豆包，我这个你真没见过,苏星河牛通,2026-09-25 17:00:00,1433340,1118,1,【苏星河车机】别急着说你用过豆包，我这个你真没见过2,42185854565,4.60800,1,25,16777215,2026-09-27 19:40:25,1790509225,0,de779f84,2209710555324030976,0
BV126ht6qESe,117319632165022,【苏星河车机】别急着说你用过豆包，我这个你真没见过,苏星河牛通,2026-09-25 17:00:00,1433340,1118,1,【苏星河车机】别急着说你用过豆包，我这个你真没见过2,42185854565,6.23900,5,25,15138834,2026-09-27 19:40:19,1790509219,0,7857d1fa,2209710502828626944,0
BV126ht6qESe,117319632165022,【苏星河车机】别急着说你用过豆包，我这个你真没见过,苏星河牛通,2026-09-25 17:00:00,1433340,1118,1,【苏星河车机】别急着说你用过豆包，我这个你真没见过2,42185854565,2.86400,1,25,16777215,2026-09-27 19:39:40,1790509180,0,8021dc37,2209710179103300864,1
BV126ht6qESe,117319632165022,【苏星河车机】别急着说你用过豆包，我这个你真没见过,苏星河牛通,2026-09-25 17:00:00,1433340,1118,1,【苏星河车机】别急着说你用过豆包，我这个你真没见过2,42185854565,230.74000,1,25,16777215,2026-09-27 19:38:50,1790509130,0,1835502,2209709759127776768,茶里茶气的。
BV126ht6qESe,117319632165022,【苏星河车机】别急着说你用过豆包，我这个你真没见过,苏星河牛通,2026-09-25 17:00:00,1433340,1118,1,【苏星河车机】别急着说你用过豆包，我这个你真没见过2,42185854565,425.78500,1,25,16777215,2026-09-27 19:38:43,1790509123,0,9b474a15,2209709701330309632,期待核电固态电池应用到汽车上
BV126ht6qESe,117319632165022,【苏星河车机】别急着说你用过豆包，我这个你真没见过,苏星河牛通,2026-09-25 17:00:00,1433340,1118,1,【苏星河车机】别急着说你用过豆包，我这个你真没见过2,42185854565,6.30100,1,25,16777215,2026-09-27 19:37:11,1790509031,0,a294cbc7,2209708931037965824,0
BV126ht6qESe,117319632165022,【苏星河车机】别急着说你用过豆包，我这个你真没见过,苏星河牛通,2026-09-25 17:00:00,1433340,1118,1,【苏星河车机】别急着说你用过豆包，我这个你真没见过2,42185854565,115.84000,1,25,16777215,2026-09-27 19:36:49,1790509009,0,1835502,2209708741186927104,麻了麻了
BV126ht6qESe,117319632165022,【苏星河车机】别急着说你用过豆包，我这个你真没见过,苏星河牛通,2026-09-25 17:00:00,1433340,1118,1,【苏星河车机】别急着说你用过豆包，我这个你真没见过2,42185854565,6.19000,1,25,16777215,2026-09-27 19:35:47,1790508947,0,cb755713,2209708226033974784,0
BV126ht6qESe,117319632165022,【苏星河车机】别急着说你用过豆包，我这个你真没见过,苏星河牛通,2026-09-25 17:00:00,1433340,1118,1,【苏星河车机】别急着说你用过豆包，我这个你真没见过2,42185854565,3.55600,1,25,16777215,2026-09-27 19:34:23,1790508863,0,d6e123de,2209707522507094016,2个
BV126ht6qESe,117319632165022,【苏星河车机】别急着说你用过豆包，我这个你真没见过,苏星河牛通,2026-09-25 17:00:00,1433340,1118,1,【苏星河车机】别急着说你用过豆包，我这个你真没见过2,42185854565,14.60400,1,25,16777215,2026-09-27 19:34:21,1790508861,0,28d97f04,2209707502298308864,0
BV126ht6qESe,117319632165022,【苏星河车机】别急着说你用过豆包，我这个你真没见过,苏星河牛通,2026-09-25 17:00:00,1433340,1118,1,【苏星河车机】别急着说你用过豆包，我这个你真没见过2,42185854565,6.06900,1,25,16777215,2026-09-27 19:33:43,1790508823,0,3eea68aa,2209707184823116288,0
BV126ht6qESe,117319632165022,【苏星河车机】别急着说你用过豆包，我这个你真没见过,苏星河牛通,2026-09-25 17:00:00,1433340,1118,1,【苏星河车机】别急着说你用过豆包，我这个你真没见过2,42185854565,1.22500,1,25,16777215,2026-09-27 19:31:43,1790508703,0,407ce201,2209706179188828160,0
BV126ht6qESe,117319632165022,【苏星河车机】别急着说你用过豆包，我这个你真没见过,苏星河牛通,2026-09-25 17:00:00,1433340,1118,1,【苏星河车机】别急着说你用过豆包，我这个你真没见过2,42185854565,39.91300,1,25,16777215,2026-09-27 19:31:39,1790508699,0,9293cd08,2209706147580603136,坏了
BV126ht6qESe,117319632165022,【苏星河车机】别急着说你用过豆包，我这个你真没见过,苏星河牛通,2026-09-25 17:00:00,1433340,1118,1,【苏星河车机】别急着说你用过豆包，我这个你真没见过2,42185854565,5.85800,1,25,16777215,2026-09-27 19:31:35,1790508695,0,99588433,2209706113925249536,0
BV126ht6qESe,117319632165022,【苏星河车机】别急着说你用过豆包，我这个你真没见过,苏星河牛通,2026-09-25 17:00:00,1433340,1118,1,【苏星河车机】别急着说你用过豆包，我这个你真没见过2,42185854565,7.11800,1,25,16777215,2026-09-27 19:31:28,1790508688,0,3f6749cc,2209706050759173632,7个到50个
BV126ht6qESe,117319632165022,【苏星河车机】别急着说你用过豆包，我这个你真没见过,苏星河牛通,2026-09-25 17:00:00,1433340,1118,1,【苏星河车机】别急着说你用过豆包，我这个你真没见过2,42185854565,1.44300,1,25,16777215,2026-09-27 19:31:11,1790508671,0,1806091b,2209705907313652480,所有人都有，那叫妈妈
BV126ht6qESe,117319632165022,【苏星河车机】别急着说你用过豆包，我这个你真没见过,苏星河牛通,2026-09-25 17:00:00,1433340,1118,1,【苏星河车机】别急着说你用过豆包，我这个你真没见过2,42185854565,7.26600,1,25,16777215,2026-09-27 19:30:51,1790508651,0,7eef7599,2209705743022830592,1个，结婚2年了
BV126ht6qESe,117319632165022,【苏星河车机】别急着说你用过豆包，我这个你真没见过,苏星河牛通,2026-09-25 17:00:00,1433340,1118,1,【苏星河车机】别急着说你用过豆包，我这个你真没见过2,42185854565,7.81400,1,25,16777215,2026-09-27 19:30:41,1790508641,0,9cbacd09,2209705655421008384,无，本来就不擅长和异性打交道
BV126ht6qESe,117319632165022,【苏星河车机】别急着说你用过豆包，我这个你真没见过,苏星河牛通,2026-09-25 17:00:00,1433340,1118,1,【苏星河车机】别急着说你用过豆包，我这个你真没见过2,42185854565,6.35700,1,25,16777215,2026-09-27 19:30:38,1790508638,0,fc686420,2209705629164248064,一把年纪了还要这作甚
BV126ht6qESe,117319632165022,【苏星河车机】别急着说你用过豆包，我这个你真没见过,苏星河牛通,2026-09-25 17:00:00,1433340,1118,1,【苏星河车机】别急着说你用过豆包，我这个你真没见过2,42185854565,5.27200,1,25,16777215,2026-09-27 19:30:23,1790508623,0,cfabffb9,2209705507646960896,0
BV126ht6qESe,117319632165022,【苏星河车机】别急着说你用过豆包，我这个你真没见过,苏星河牛通,2026-09-25 17:00:00,1433340,1118,1,【苏星河车机】别急着说你用过豆包，我这个你真没见过2,42185854565,6.73400,1,25,16777215,2026-09-27 19:29:51,1790508591,0,8a8679ae,2209705240503375104,0
BV126ht6qESe,117319632165022,【苏星河车机】别急着说你用过豆包，我这个你真没见过,苏星河牛通,2026-09-25 17:00:00,1433340,1118,1,【苏星河车机】别急着说你用过豆包，我这个你真没见过2,42185854565,34.70100,1,25,16777215,2026-09-27 19:29:06,1790508546,0,8fb1c32d,2209704859585135104,我不更新，他不出现
BV126ht6qESe,117319632165022,【苏星河车机】别急着说你用过豆包，我这个你真没见过,苏星河牛通,2026-09-25 17:00:00,1433340,1118,1,【苏星河车机】别急着说你用过豆包，我这个你真没见过2,42185854565,5.94600,1,25,16777215,2026-09-27 19:27:54,1790508474,0,f62d748c,2209704253080060160,0
BV126ht6qESe,117319632165022,【苏星河车机】别急着说你用过豆包，我这个你真没见过,苏星河牛通,2026-09-25 17:00:00,1433340,1118,1,【苏星河车机】别急着说你用过豆包，我这个你真没见过2,42185854565,19.55100,1,25,16777215,2026-09-27 19:26:02,1790508362,0,ca3814b1,2209703313967665152,2个  豆包  千问
BV126ht6qESe,117319632165022,【苏星河车机】别急着说你用过豆包，我这个你真没见过,苏星河牛通,2026-09-25 17:00:00,1433340,1118,1,【苏星河车机】别急着说你用过豆包，我这个你真没见过2,42185854565,535.22300,1,25,38979,2026-09-27 19:24:24,1790508264,0,325437a9,2209702492714486272,付费让女朋友开车
BV126ht6qESe,117319632165022,【苏星河车机】别急着说你用过豆包，我这个你真没见过,苏星河牛通,2026-09-25 17:00:00,1433340,1118,1,【苏星河车机】别急着说你用过豆包，我这个你真没见过2,42185854565,5.78800,1,25,16777215,2026-09-27 19:23:17,1790508197,0,be1cf7e1,2209701936683717632,0
BV126ht6qESe,117319632165022,【苏星河车机】别急着说你用过豆包，我这个你真没见过,苏星河牛通,2026-09-25 17:00:00,1433340,1118,1,【苏星河车机】别急着说你用过豆包，我这个你真没见过2,42185854565,163.61700,1,25,16777215,2026-09-27 19:21:07,1790508067,0,9056d0eb,2209700838959301888,总结OK
BV126ht6qESe,117319632165022,【苏星河车机】别急着说你用过豆包，我这个你真没见过,苏星河牛通,2026-09-25 17:00:00,1433340,1118,1,【苏星河车机】别急着说你用过豆包，我这个你真没见过2,42185854565,13.22400,1,25,16777215,2026-09-27 19:19:19,1790507959,0,6c9d3b07,2209699936797535744,7个
BV126ht6qESe,117319632165022,【苏星河车机】别急着说你用过豆包，我这个你真没见过,苏星河牛通,2026-09-25 17:00:00,1433340,1118,1,【苏星河车机】别急着说你用过豆包，我这个你真没见过2,42185854565,21.72300,1,25,16777215,2026-09-27 19:18:53,1790507933,0,5b325369,2209699714181198080,不认识
BV126ht6qESe,117319632165022,【苏星河车机】别急着说你用过豆包，我这个你真没见过,苏星河牛通,2026-09-25 17:00:00,1433340,1118,1,【苏星河车机】别急着说你用过豆包，我这个你真没见过2,42185854565,42.81500,1,25,16777215,2026-09-27 19:16:17,1790507777,0,aa199a59,2209698410020247296,吃个苍蝇馆子，完事在瓢个仓，最后墓地地派出锁
BV126ht6qESe,117319632165022,【苏星河车机】别急着说你用过豆包，我这个你真没见过,苏星河牛通,2026-09-25 17:00:00,1433340,1118,1,【苏星河车机】别急着说你用过豆包，我这个你真没见过2,42185854565,48.47300,1,25,16777215,2026-09-27 19:16:00,1790507760,0,325437a9,2209698269604089856,但是豆包不付钱买单
BV126ht6qESe,117319632165022,【苏星河车机】别急着说你用过豆包，我这个你真没见过,苏星河牛通,2026-09-25 17:00:00,1433340,1118,1,【苏星河车机】别急着说你用过豆包，我这个你真没见过2,42185854565,640.30100,1,25,16777215,2026-09-27 19:15:26,1790507726,0,5740bd34,2209697978519043072,两个人的信任是确保4个人的安全
BV126ht6qESe,117319632165022,【苏星河车机】别急着说你用过豆包，我这个你真没见过,苏星河牛通,2026-09-25 17:00:00,1433340,1118,1,【苏星河车机】别急着说你用过豆包，我这个你真没见过2,42185854565,381.27500,1,25,16777215,2026-09-27 19:14:51,1790507691,0,900e24e6,2209697688223149824,应该整成红的才哎对
BV126ht6qESe,117319632165022,【苏星河车机】别急着说你用过豆包，我这个你真没见过,苏星河牛通,2026-09-25 17:00:00,1433340,1118,1,【苏星河车机】别急着说你用过豆包，我这个你真没见过2,42185854565,51.10500,1,25,16777215,2026-09-27 19:14:27,1790507667,0,62b2ae70,2209697487944872704,赶紧跳车!!!!
BV126ht6qESe,117319632165022,【苏星河车机】别急着说你用过豆包，我这个你真没见过,苏星河牛通,2026-09-25 17:00:00,1433340,1118,1,【苏星河车机】别急着说你用过豆包，我这个你真没见过2,42185854565,41.85300,1,25,16777215,2026-09-27 19:14:18,1790507658,0,62b2ae70,2209697410861583616,完蛋了
BV126ht6qESe,117319632165022,【苏星河车机】别急着说你用过豆包，我这个你真没见过,苏星河牛通,2026-09-25 17:00:00,1433340,1118,1,【苏星河车机】别急着说你用过豆包，我这个你真没见过2,42185854565,324.89900,1,25,16777215,2026-09-27 19:13:39,1790507619,0,900e24e6,2209697080636409088,你跟她过去吧
BV126ht6qESe,117319632165022,【苏星河车机】别急着说你用过豆包，我这个你真没见过,苏星河牛通,2026-09-25 17:00:00,1433340,1118,1,【苏星河车机】别急着说你用过豆包，我这个你真没见过2,42185854565,200.17900,1,25,16777215,2026-09-27 19:11:17,1790507477,0,900e24e6,2209695890334804992,老子蜀道山
BV126ht6qESe,117319632165022,【苏星河车机】别急着说你用过豆包，我这个你真没见过,苏星河牛通,2026-09-25 17:00:00,1433340,1118,1,【苏星河车机】别急着说你用过豆包，我这个你真没见过2,42185854565,393.85400,1,25,16777215,2026-09-27 19:11:10,1790507470,0,5740bd34,2209695834961263360,笑死我了
BV126ht6qESe,117319632165022,【苏星河车机】别急着说你用过豆包，我这个你真没见过,苏星河牛通,2026-09-25 17:00:00,1433340,1118,1,【苏星河车机】别急着说你用过豆包，我这个你真没见过2,42185854565,397.32900,1,25,16777215,2026-09-27 19:11:00,1790507460,0,5740bd34,2209695748944309248,？？
BV126ht6qESe,117319632165022,【苏星河车机】别急着说你用过豆包，我这个你真没见过,苏星河牛通,2026-09-25 17:00:00,1433340,1118,1,【苏星河车机】别急着说你用过豆包，我这个你真没见过2,42185854565,57.59100,1,25,16777215,2026-09-27 19:09:38,1790507378,0,b4e17942,2209695058377155840,荣威家越 07
BV126ht6qESe,117319632165022,【苏星河车机】别急着说你用过豆包，我这个你真没见过,苏星河牛通,2026-09-25 17:00:00,1433340,1118,1,【苏星河车机】别急着说你用过豆包，我这个你真没见过2,42185854565,314.19400,1,25,16777215,2026-09-27 19:09:35,1790507375,0,5740bd34,2209695033085807104,？
BV126ht6qESe,117319632165022,【苏星河车机】别急着说你用过豆包，我这个你真没见过,苏星河牛通,2026-09-25 17:00:00,1433340,1118,1,【苏星河车机】别急着说你用过豆包，我这个你真没见过2,42185854565,151.69300,1,25,16777215,2026-09-27 19:06:50,1790507210,0,5740bd34,2209693654199936000,？
BV126ht6qESe,117319632165022,【苏星河车机】别急着说你用过豆包，我这个你真没见过,苏星河牛通,2026-09-25 17:00:00,1433340,1118,1,【苏星河车机】别急着说你用过豆包，我这个你真没见过2,42185854565,8.37900,1,25,16777215,2026-09-27 19:06:05,1790507165,0,613b818e,2209693278071785728,豆包算吗
BV126ht6qESe,117319632165022,【苏星河车机】别急着说你用过豆包，我这个你真没见过,苏星河牛通,2026-09-25 17:00:00,1433340,1118,1,【苏星河车机】别急着说你用过豆包，我这个你真没见过2,42185854565,6.74300,1,25,16777215,2026-09-27 19:03:14,1790506994,0,45dca95f,2209691837562891776,0
BV126ht6qESe,117319632165022,【苏星河车机】别急着说你用过豆包，我这个你真没见过,苏星河牛通,2026-09-25 17:00:00,1433340,1118,1,【苏星河车机】别急着说你用过豆包，我这个你真没见过2,42185854565,24.35600,1,25,16777215,2026-09-27 19:02:55,1790506975,0,91ef3ebf,2209691680478426624,哈哈哈错不起我对了
BV126ht6qESe,117319632165022,【苏星河车机】别急着说你用过豆包，我这个你真没见过,苏星河牛通,2026-09-25 17:00:00,1433340,1118,1,【苏星河车机】别急着说你用过豆包，我这个你真没见过2,42185854565,12.05100,1,25,16777215,2026-09-27 19:02:55,1790506975,0,dc2214f3,2209691679571758080,我是一
BV126ht6qESe,117319632165022,【苏星河车机】别急着说你用过豆包，我这个你真没见过,苏星河牛通,2026-09-25 17:00:00,1433340,1118,1,【苏星河车机】别急着说你用过豆包，我这个你真没见过2,42185854565,18.78700,1,25,16777215,2026-09-27 19:02:41,1790506961,0,b09ba5da,2209691563389388288,女的都来了，搞笑，想女人想疯了吧
BV126ht6qESe,117319632165022,【苏星河车机】别急着说你用过豆包，我这个你真没见过,苏星河牛通,2026-09-25 17:00:00,1433340,1118,1,【苏星河车机】别急着说你用过豆包，我这个你真没见过2,42185854565,3.91100,1,25,16777215,2026-09-27 19:02:40,1790506960,0,297ee94c,2209691558616826624,0
BV126ht6qESe,117319632165022,【苏星河车机】别急着说你用过豆包，我这个你真没见过,苏星河牛通,2026-09-25 17:00:00,1433340,1118,1,【苏星河车机】别急着说你用过豆包，我这个你真没见过2,42185854565,6.43100,1,25,16777215,2026-09-27 19:02:24,1790506944,0,1082f290,2209691424130535424,0
BV126ht6qESe,117319632165022,【苏星河车机】别急着说你用过豆包，我这个你真没见过,苏星河牛通,2026-09-25 17:00:00,1433340,1118,1,【苏星河车机】别急着说你用过豆包，我这个你真没见过2,42185854565,19.57600,1,25,16777215,2026-09-27 19:00:11,1790506811,0,b2fdd794,2209690305358936320,女在哪
BV126ht6qESe,117319632165022,【苏星河车机】别急着说你用过豆包，我这个你真没见过,苏星河牛通,2026-09-25 17:00:00,1433340,1118,1,【苏星河车机】别急着说你用过豆包，我这个你真没见过2,42185854565,470.35100,1,25,16777215,2026-09-27 18:57:15,1790506635,0,d69dec4e,2209688833023813888,女朋友过多的安全
BV126ht6qESe,117319632165022,【苏星河车机】别急着说你用过豆包，我这个你真没见过,苏星河牛通,2026-09-25 17:00:00,1433340,1118,1,【苏星河车机】别急着说你用过豆包，我这个你真没见过2,42185854565,11.02700,1,25,16777215,2026-09-27 18:53:42,1790506422,0,a99687cc,2209687046946767104,很多的以前也很多，很少的以前也很少，两极分化
BV126ht6qESe,117319632165022,【苏星河车机】别急着说你用过豆包，我这个你真没见过,苏星河牛通,2026-09-25 17:00:00,1433340,1118,1,【苏星河车机】别急着说你用过豆包，我这个你真没见过2,42185854565,3.06000,1,25,16777215,2026-09-27 18:48:58,1790506138,0,e82de872,2209684658826864384,0
BV126ht6qESe,117319632165022,【苏星河车机】别急着说你用过豆包，我这个你真没见过,苏星河牛通,2026-09-25 17:00:00,1433340,1118,1,【苏星河车机】别急着说你用过豆包，我这个你真没见过2,42185854565,13.58000,5,25,15138834,2026-09-27 18:48:42,1790506122,0,f8bb3f75,2209684524827483136,35 ^ ＿^
BV126ht6qESe,117319632165022,【苏星河车机】别急着说你用过豆包，我这个你真没见过,苏星河牛通,2026-09-25 17:00:00,1433340,1118,1,【苏星河车机】别急着说你用过豆包，我这个你真没见过2,42185854565,7.53000,1,25,16777215,2026-09-27 18:47:58,1790506078,0,f792cb6b,2209684160518747904,我一个都不敢认识啊。
BV126ht6qESe,117319632165022,【苏星河车机】别急着说你用过豆包，我这个你真没见过,苏星河牛通,2026-09-25 17:00:00,1433340,1118,1,【苏星河车机】别急着说你用过豆包，我这个你真没见过2,42185854565,3.26700,1,25,16777215,2026-09-27 18:46:49,1790506009,0,7bf74d4,2209683580044178432,0
BV126ht6qESe,117319632165022,【苏星河车机】别急着说你用过豆包，我这个你真没见过,苏星河牛通,2026-09-25 17:00:00,1433340,1118,1,【苏星河车机】别急着说你用过豆包，我这个你真没见过2,42185854565,20.44800,1,25,16777215,2026-09-27 18:42:14,1790505734,0,b412cbbc,2209681268286344448,你怎么能假定他的性别
BV126ht6qESe,117319632165022,【苏星河车机】别急着说你用过豆包，我这个你真没见过,苏星河牛通,2026-09-25 17:00:00,1433340,1118,1,【苏星河车机】别急着说你用过豆包，我这个你真没见过2,42185854565,325.30500,1,25,16777215,2026-09-27 18:40:17,1790505617,0,9047a59d,2209680292162899456,所以，当车主和他的女性朋友在车里玩大人都比玩的游戏时。豆包会不会全程围观甚至录像呢？
BV126ht6qESe,117319632165022,【苏星河车机】别急着说你用过豆包，我这个你真没见过,苏星河牛通,2026-09-25 17:00:00,1433340,1118,1,【苏星河车机】别急着说你用过豆包，我这个你真没见过2,42185854565,0.47200,1,25,16777215,2026-09-27 18:39:17,1790505557,0,c0175d35,2209679783619638784,[OHHH]
BV126ht6qESe,117319632165022,【苏星河车机】别急着说你用过豆包，我这个你真没见过,苏星河牛通,2026-09-25 17:00:00,1433340,1118,1,【苏星河车机】别急着说你用过豆包，我这个你真没见过2,42185854565,647.99000,1,25,16777215,2026-09-27 18:38:42,1790505522,0,a9a63e86,2209679494322409728,升华了
BV126ht6qESe,117319632165022,【苏星河车机】别急着说你用过豆包，我这个你真没见过,苏星河牛通,2026-09-25 17:00:00,1433340,1118,1,【苏星河车机】别急着说你用过豆包，我这个你真没见过2,42185854565,1.01700,1,25,16777215,2026-09-27 18:35:11,1790505311,0,73e1dfb0,2209677727001436160,0
BV126ht6qESe,117319632165022,【苏星河车机】别急着说你用过豆包，我这个你真没见过,苏星河牛通,2026-09-25 17:00:00,1433340,1118,1,【苏星河车机】别急着说你用过豆包，我这个你真没见过2,42185854565,640.57600,1,25,16777215,2026-09-27 18:35:06,1790505306,0,bc719882,2209677683523644416,？
BV126ht6qESe,117319632165022,【苏星河车机】别急着说你用过豆包，我这个你真没见过,苏星河牛通,2026-09-25 17:00:00,1433340,1118,1,【苏星河车机】别急着说你用过豆包，我这个你真没见过2,42185854565,8.47400,1,25,16777215,2026-09-27 18:32:04,1790505124,0,92513fcf,2209676151520109312,一个
BV126ht6qESe,117319632165022,【苏星河车机】别急着说你用过豆包，我这个你真没见过,苏星河牛通,2026-09-25 17:00:00,1433340,1118,1,【苏星河车机】别急着说你用过豆包，我这个你真没见过2,42185854565,6.44800,1,25,16777215,2026-09-27 18:29:45,1790504985,0,b2ab43e2,2209674991442747904,0
BV126ht6qESe,117319632165022,【苏星河车机】别急着说你用过豆包，我这个你真没见过,苏星河牛通,2026-09-25 17:00:00,1433340,1118,1,【苏星河车机】别急着说你用过豆包，我这个你真没见过2,42185854565,158.32200,1,25,16777215,2026-09-27 18:27:30,1790504850,0,bc719882,2209673859618896128,？
BV126ht6qESe,117319632165022,【苏星河车机】别急着说你用过豆包，我这个你真没见过,苏星河牛通,2026-09-25 17:00:00,1433340,1118,1,【苏星河车机】别急着说你用过豆包，我这个你真没见过2,42185854565,3.05100,1,25,16777215,2026-09-27 18:22:07,1790504527,0,ada59ca4,2209671143857294080,0
BV126ht6qESe,117319632165022,【苏星河车机】别急着说你用过豆包，我这个你真没见过,苏星河牛通,2026-09-25 17:00:00,1433340,1118,1,【苏星河车机】别急着说你用过豆包，我这个你真没见过2,42185854565,19.73100,1,25,15138834,2026-09-27 18:17:05,1790504225,0,cfd6c3a3,2209668615513485824,原来这个也算………
BV126ht6qESe,117319632165022,【苏星河车机】别急着说你用过豆包，我这个你真没见过,苏星河牛通,2026-09-25 17:00:00,1433340,1118,1,【苏星河车机】别急着说你用过豆包，我这个你真没见过2,42185854565,6.65900,1,25,16777215,2026-09-27 18:13:30,1790504010,0,3d5feb95,2209666809069170944,0
BV126ht6qESe,117319632165022,【苏星河车机】别急着说你用过豆包，我这个你真没见过,苏星河牛通,2026-09-25 17:00:00,1433340,1118,1,【苏星河车机】别急着说你用过豆包，我这个你真没见过2,42185854565,11.34500,1,25,16777215,2026-09-27 18:10:24,1790503824,0,38fe197b,2209665251883612928,o
BV126ht6qESe,117319632165022,【苏星河车机】别急着说你用过豆包，我这个你真没见过,苏星河牛通,2026-09-25 17:00:00,1433340,1118,1,【苏星河车机】别急着说你用过豆包，我这个你真没见过2,42185854565,6.72500,1,25,16777215,2026-09-27 18:08:53,1790503733,0,6fa55c0f,2209664487655545088,0
BV126ht6qESe,117319632165022,【苏星河车机】别急着说你用过豆包，我这个你真没见过,苏星河牛通,2026-09-25 17:00:00,1433340,1118,1,【苏星河车机】别急着说你用过豆包，我这个你真没见过2,42185854565,5.90400,1,25,16777215,2026-09-27 18:01:43,1790503303,0,f0855069,2209660881469107968,0
BV126ht6qESe,117319632165022,【苏星河车机】别急着说你用过豆包，我这个你真没见过,苏星河牛通,2026-09-25 17:00:00,1433340,1118,1,【苏星河车机】别急着说你用过豆包，我这个你真没见过2,42185854565,7.43100,5,25,15138834,2026-09-27 18:01:07,1790503267,0,fc858db,2209660574437503744,000
BV126ht6qESe,117319632165022,【苏星河车机】别急着说你用过豆包，我这个你真没见过,苏星河牛通,2026-09-25 17:00:00,1433340,1118,1,【苏星河车机】别急着说你用过豆包，我这个你真没见过2,42185854565,25.07600,1,25,16777215,2026-09-27 17:53:55,1790502835,0,b7cef470,2209656954585161728,好家伙，我这就去下个豆包！不然一个新认识的都没有了！！！！
BV126ht6qESe,117319632165022,【苏星河车机】别急着说你用过豆包，我这个你真没见过,苏星河牛通,2026-09-25 17:00:00,1433340,1118,1,【苏星河车机】别急着说你用过豆包，我这个你真没见过2,42185854565,14.68000,1,25,16777215,2026-09-27 17:53:46,1790502826,0,aa1e6972,2209656873685355008,000000
BV126ht6qESe,117319632165022,【苏星河车机】别急着说你用过豆包，我这个你真没见过,苏星河牛通,2026-09-25 17:00:00,1433340,1118,1,【苏星河车机】别急着说你用过豆包，我这个你真没见过2,42185854565,6.23100,1,25,16777215,2026-09-27 17:52:44,1790502764,0,47e625b5,2209656354690461952,0
BV126ht6qESe,117319632165022,【苏星河车机】别急着说你用过豆包，我这个你真没见过,苏星河牛通,2026-09-25 17:00:00,1433340,1118,1,【苏星河车机】别急着说你用过豆包，我这个你真没见过2,42185854565,8.54200,1,25,16777215,2026-09-27 17:52:05,1790502725,0,38749ddf,2209656029564911872,12
BV126ht6qESe,117319632165022,【苏星河车机】别急着说你用过豆包，我这个你真没见过,苏星河牛通,2026-09-25 17:00:00,1433340,1118,1,【苏星河车机】别急着说你用过豆包，我这个你真没见过2,42185854565,23.23900,1,25,16777215,2026-09-27 17:51:05,1790502665,0,422d981d,2209655527204930048,这些都不是
BV126ht6qESe,117319632165022,【苏星河车机】别急着说你用过豆包，我这个你真没见过,苏星河牛通,2026-09-25 17:00:00,1433340,1118,1,【苏星河车机】别急着说你用过豆包，我这个你真没见过2,42185854565,4.58200,1,25,16777215,2026-09-27 17:48:29,1790502509,0,72b0bf93,2209654214806766848,0
BV126ht6qESe,117319632165022,【苏星河车机】别急着说你用过豆包，我这个你真没见过,苏星河牛通,2026-09-25 17:00:00,1433340,1118,1,【苏星河车机】别急着说你用过豆包，我这个你真没见过2,42185854565,5.42300,1,25,16777215,2026-09-27 17:47:44,1790502464,0,f8aed86c,2209653836698648064,0
BV126ht6qESe,117319632165022,【苏星河车机】别急着说你用过豆包，我这个你真没见过,苏星河牛通,2026-09-25 17:00:00,1433340,1118,1,【苏星河车机】别急着说你用过豆包，我这个你真没见过2,42185854565,38.54000,1,25,16777215,2026-09-27 17:45:03,1790502303,0,dc9cbe19,2209652489396430336,多吓人啊
BV126ht6qESe,117319632165022,【苏星河车机】别急着说你用过豆包，我这个你真没见过,苏星河牛通,2026-09-25 17:00:00,1433340,1118,1,【苏星河车机】别急着说你用过豆包，我这个你真没见过2,42185854565,49.23600,1,25,16777215,2026-09-27 17:42:44,1790502164,0,1ab2b14c,2209651327599314944,已为您安排最近新开的洗脚城
BV126ht6qESe,117319632165022,【苏星河车机】别急着说你用过豆包，我这个你真没见过,苏星河牛通,2026-09-25 17:00:00,1433340,1118,1,【苏星河车机】别急着说你用过豆包，我这个你真没见过2,42185854565,0.70000,1,25,16777215,2026-09-27 17:42:22,1790502142,0,639e9267,2209651141456372480,0
BV126ht6qESe,117319632165022,【苏星河车机】别急着说你用过豆包，我这个你真没见过,苏星河牛通,2026-09-25 17:00:00,1433340,1118,1,【苏星河车机】别急着说你用过豆包，我这个你真没见过2,42185854565,11.58200,1,25,16777215,2026-09-27 17:41:53,1790502113,0,1ab2b14c,2209650892616259328,认识ai算吗
BV126ht6qESe,117319632165022,【苏星河车机】别急着说你用过豆包，我这个你真没见过,苏星河牛通,2026-09-25 17:00:00,1433340,1118,1,【苏星河车机】别急着说你用过豆包，我这个你真没见过2,42185854565,18.75000,5,25,16777215,2026-09-27 17:40:38,1790502038,0,385c20f7,2209650267765565184,这不是人
BV126ht6qESe,117319632165022,【苏星河车机】别急着说你用过豆包，我这个你真没见过,苏星河牛通,2026-09-25 17:00:00,1433340,1118,1,【苏星河车机】别急着说你用过豆包，我这个你真没见过2,42185854565,8.70000,1,25,16777215,2026-09-27 17:40:17,1790502017,0,ec57fa5c,2209650087418826496,0000
BV126ht6qESe,117319632165022,【苏星河车机】别急着说你用过豆包，我这个你真没见过,苏星河牛通,2026-09-25 17:00:00,1433340,1118,1,【苏星河车机】别急着说你用过豆包，我这个你真没见过2,42185854565,6.44900,1,25,16777215,2026-09-27 17:38:42,1790501922,0,f6b26425,2209649296650511616,我8岁！！！！！！！！！！！！！！
BV126ht6qESe,117319632165022,【苏星河车机】别急着说你用过豆包，我这个你真没见过,苏星河牛通,2026-09-25 17:00:00,1433340,1118,1,【苏星河车机】别急着说你用过豆包，我这个你真没见过2,42185854565,3.06800,1,25,16777215,2026-09-27 17:38:35,1790501915,0,5c037389,2209649231622044160,3
BV126ht6qESe,117319632165022,【苏星河车机】别急着说你用过豆包，我这个你真没见过,苏星河牛通,2026-09-25 17:00:00,1433340,1118,1,【苏星河车机】别急着说你用过豆包，我这个你真没见过2,42185854565,193.46600,1,25,16777215,2026-09-27 17:37:13,1790501833,0,1eff147c,2209648544904763136,我买车就是不想别人叫我师傅
BV126ht6qESe,117319632165022,【苏星河车机】别急着说你用过豆包，我这个你真没见过,苏星河牛通,2026-09-25 17:00:00,1433340,1118,1,【苏星河车机】别急着说你用过豆包，我这个你真没见过2,42185854565,2.24100,1,25,16777215,2026-09-27 17:33:07,1790501587,0,d46a1b99,2209646488051515392,0
BV126ht6qESe,117319632165022,【苏星河车机】别急着说你用过豆包，我这个你真没见过,苏星河牛通,2026-09-25 17:00:00,1433340,1118,1,【苏星河车机】别急着说你用过豆包，我这个你真没见过2,42185854565,55.14600,1,25,16777215,2026-09-27 17:32:00,1790501520,0,aaf53b22,2209645923548773888,这得花不少钱，先生
BV126ht6qESe,117319632165022,【苏星河车机】别急着说你用过豆包，我这个你真没见过,苏星河牛通,2026-09-25 17:00:00,1433340,1118,1,【苏星河车机】别急着说你用过豆包，我这个你真没见过2,42185854565,640.08600,1,25,16777215,2026-09-27 17:29:52,1790501392,0,ccfbba0f,2209644851014725376,老瓢虫狂喜
BV126ht6qESe,117319632165022,【苏星河车机】别急着说你用过豆包，我这个你真没见过,苏星河牛通,2026-09-25 17:00:00,1433340,1118,1,【苏星河车机】别急着说你用过豆包，我这个你真没见过2,42185854565,3.63700,1,25,16777215,2026-09-27 17:29:34,1790501374,0,32c7501e,2209644699777192192,0
BV126ht6qESe,117319632165022,【苏星河车机】别急着说你用过豆包，我这个你真没见过,苏星河牛通,2026-09-25 17:00:00,1433340,1118,1,【苏星河车机】别急着说你用过豆包，我这个你真没见过2,42185854565,24.18000,1,25,16777215,2026-09-27 17:24:16,1790501056,0,9923eebb,2209642033734655488,？
BV126ht6qESe,117319632165022,【苏星河车机】别急着说你用过豆包，我这个你真没见过,苏星河牛通,2026-09-25 17:00:00,1433340,1118,1,【苏星河车机】别急着说你用过豆包，我这个你真没见过2,42185854565,7.10000,1,25,16777215,2026-09-27 17:22:06,1790500926,0,1cab0ee8,2209640942788231168,？ 浪催的吧，你问这个？
BV126ht6qESe,117319632165022,【苏星河车机】别急着说你用过豆包，我这个你真没见过,苏星河牛通,2026-09-25 17:00:00,1433340,1118,1,【苏星河车机】别急着说你用过豆包，我这个你真没见过2,42185854565,42.83700,1,25,16777215,2026-09-27 17:19:18,1790500758,0,5a0d27b5,2209639527705153280,还不下车？等什么呢
BV126ht6qESe,117319632165022,【苏星河车机】别急着说你用过豆包，我这个你真没见过,苏星河牛通,2026-09-25 17:00:00,1433340,1118,1,【苏星河车机】别急着说你用过豆包，我这个你真没见过2,42185854565,144.38900,1,25,16777215,2026-09-27 17:17:52,1790500672,0,1fb286d3,2209638806083447040,害怕
BV126ht6qESe,117319632165022,【苏星河车机】别急着说你用过豆包，我这个你真没见过,苏星河牛通,2026-09-25 17:00:00,1433340,1118,1,【苏星河车机】别急着说你用过豆包，我这个你真没见过2,42185854565,557.14400,1,25,16777215,2026-09-27 17:17:02,1790500622,0,a2778107,2209638390939664640,什么玩意 乱七八糟的
BV126ht6qESe,117319632165022,【苏星河车机】别急着说你用过豆包，我这个你真没见过,苏星河牛通,2026-09-25 17:00:00,1433340,1118,1,【苏星河车机】别急着说你用过豆包，我这个你真没见过2,42185854565,527.28400,1,25,16777215,2026-09-27 17:14:34,1790500474,0,971c9837,2209637151036098304,什么动静？
BV126ht6qESe,117319632165022,【苏星河车机】别急着说你用过豆包，我这个你真没见过,苏星河牛通,2026-09-25 17:00:00,1433340,1118,1,【苏星河车机】别急着说你用过豆包，我这个你真没见过2,42185854565,5.81400,1,25,16777215,2026-09-27 17:10:29,1790500229,0,b1eb2ccf,2209635094359258112,0
BV126ht6qESe,117319632165022,【苏星河车机】别急着说你用过豆包，我这个你真没见过,苏星河牛通,2026-09-25 17:00:00,1433340,1118,1,【苏星河车机】别急着说你用过豆包，我这个你真没见过2,42185854565,224.22100,1,25,16777215,2026-09-27 17:08:52,1790500132,0,eb63f59b,2209634276058697472,嗯，你副驾没人~
BV126ht6qESe,117319632165022,【苏星河车机】别急着说你用过豆包，我这个你真没见过,苏星河牛通,2026-09-25 17:00:00,1433340,1118,1,【苏星河车机】别急着说你用过豆包，我这个你真没见过2,42185854565,233.56900,1,25,16777215,2026-09-27 17:08:18,1790500098,0,eb63f59b,2209633992171578368,你副驾没人~
BV126ht6qESe,117319632165022,【苏星河车机】别急着说你用过豆包，我这个你真没见过,苏星河牛通,2026-09-25 17:00:00,1433340,1118,1,【苏星河车机】别急着说你用过豆包，我这个你真没见过2,42185854565,10.58000,1,25,16777215,2026-09-27 17:08:16,1790500096,0,d6b21012,2209633973741858560,女主播算吗
BV126ht6qESe,117319632165022,【苏星河车机】别急着说你用过豆包，我这个你真没见过,苏星河牛通,2026-09-25 17:00:00,1433340,1118,1,【苏星河车机】别急着说你用过豆包，我这个你真没见过2,42185854565,7.97100,1,25,16777215,2026-09-27 17:07:03,1790500023,0,c37362aa,2209633363471175424,0个
BV126ht6qESe,117319632165022,【苏星河车机】别急着说你用过豆包，我这个你真没见过,苏星河牛通,2026-09-25 17:00:00,1433340,1118,1,【苏星河车机】别急着说你用过豆包，我这个你真没见过2,42185854565,9.33500,1,25,16777215,2026-09-27 17:05:40,1790499940,0,73ed4cd0,2209632671075203072,0，我不够资格，我有自知之明
BV126ht6qESe,117319632165022,【苏星河车机】别急着说你用过豆包，我这个你真没见过,苏星河牛通,2026-09-25 17:00:00,1433340,1118,1,【苏星河车机】别急着说你用过豆包，我这个你真没见过2,42185854565,3.37800,1,25,16777215,2026-09-27 16:55:56,1790499356,0,d23a3b4c,2209627766977073152,0
BV126ht6qESe,117319632165022,【苏星河车机】别急着说你用过豆包，我这个你真没见过,苏星河牛通,2026-09-25 17:00:00,1433340,1118,1,【苏星河车机】别急着说你用过豆包，我这个你真没见过2,42185854565,0.70800,1,25,16777215,2026-09-27 16:52:06,1790499126,0,2cfdcdeb,2209625838268870912,0
BV126ht6qESe,117319632165022,【苏星河车机】别急着说你用过豆包，我这个你真没见过,苏星河牛通,2026-09-25 17:00:00,1433340,1118,1,【苏星河车机】别急着说你用过豆包，我这个你真没见过2,42185854565,0.70800,1,25,16777215,2026-09-27 16:52:00,1790499120,0,2cfdcdeb,2209625790571308544,0
BV126ht6qESe,117319632165022,【苏星河车机】别急着说你用过豆包，我这个你真没见过,苏星河牛通,2026-09-25 17:00:00,1433340,1118,1,【苏星河车机】别急着说你用过豆包，我这个你真没见过2,42185854565,5.98300,1,25,16777215,2026-09-27 16:50:14,1790499014,0,cccd413d,2209624896286764032,有本事把性别反一下你再说一次
BV126ht6qESe,117319632165022,【苏星河车机】别急着说你用过豆包，我这个你真没见过,苏星河牛通,2026-09-25 17:00:00,1433340,1118,1,【苏星河车机】别急着说你用过豆包，我这个你真没见过2,42185854565,4.52000,1,25,16777215,2026-09-27 16:48:03,1790498883,0,423774da,2209623803225663232,3个
BV126ht6qESe,117319632165022,【苏星河车机】别急着说你用过豆包，我这个你真没见过,苏星河牛通,2026-09-25 17:00:00,1433340,1118,1,【苏星河车机】别急着说你用过豆包，我这个你真没见过2,42185854565,284.46700,1,25,16777215,2026-09-27 16:44:42,1790498682,0,7176960e,2209622115673083648,这叫喊麦
BV126ht6qESe,117319632165022,【苏星河车机】别急着说你用过豆包，我这个你真没见过,苏星河牛通,2026-09-25 17:00:00,1433340,1118,1,【苏星河车机】别急着说你用过豆包，我这个你真没见过2,42185854565,233.44600,1,25,16777215,2026-09-27 16:43:47,1790498627,0,7176960e,2209621649828640512,茶包
BV126ht6qESe,117319632165022,【苏星河车机】别急着说你用过豆包，我这个你真没见过,苏星河牛通,2026-09-25 17:00:00,1433340,1118,1,【苏星河车机】别急着说你用过豆包，我这个你真没见过2,42185854565,4.59000,1,25,16777215,2026-09-27 16:42:17,1790498537,0,a13cd6aa,2209620900129594880,0
BV126ht6qESe,117319632165022,【苏星河车机】别急着说你用过豆包，我这个你真没见过,苏星河牛通,2026-09-25 17:00:00,1433340,1118,1,【苏星河车机】别急着说你用过豆包，我这个你真没见过2,42185854565,6.38600,1,25,16777215,2026-09-27 16:40:36,1790498436,0,6f37141a,2209620051807129856,0
BV126ht6qESe,117319632165022,【苏星河车机】别急着说你用过豆包，我这个你真没见过,苏星河牛通,2026-09-25 17:00:00,1433340,1118,1,【苏星河车机】别急着说你用过豆包，我这个你真没见过2,42185854565,42.43300,1,25,16777215,2026-09-27 16:40:14,1790498414,0,74ea6d55,2209619863088039168,墓地地？？？？
BV126ht6qESe,117319632165022,【苏星河车机】别急着说你用过豆包，我这个你真没见过,苏星河牛通,2026-09-25 17:00:00,1433340,1118,1,【苏星河车机】别急着说你用过豆包，我这个你真没见过2,42185854565,8.62000,1,25,16777215,2026-09-27 16:38:45,1790498325,0,72858174,2209619116845822720,这一年里……大概一百多个吧
BV126ht6qESe,117319632165022,【苏星河车机】别急着说你用过豆包，我这个你真没见过,苏星河牛通,2026-09-25 17:00:00,1433340,1118,1,【苏星河车机】别急着说你用过豆包，我这个你真没见过2,42185854565,8.70600,1,25,16777215,2026-09-27 16:36:56,1790498216,0,6a94b899,2209618206246389248,78
BV126ht6qESe,117319632165022,【苏星河车机】别急着说你用过豆包，我这个你真没见过,苏星河牛通,2026-09-25 17:00:00,1433340,1118,1,【苏星河车机】别急着说你用过豆包，我这个你真没见过2,42185854565,6.70300,1,25,16777215,2026-09-27 16:36:19,1790498179,0,b736977b,2209617893644794624,0
BV126ht6qESe,117319632165022,【苏星河车机】别急着说你用过豆包，我这个你真没见过,苏星河牛通,2026-09-25 17:00:00,1433340,1118,1,【苏星河车机】别急着说你用过豆包，我这个你真没见过2,42185854565,8.54000,1,25,16777215,2026-09-27 16:33:15,1790497995,0,9dc6460b,2209616350199652352,巨染是令野～～～
BV126ht6qESe,117319632165022,【苏星河车机】别急着说你用过豆包，我这个你真没见过,苏星河牛通,2026-09-25 17:00:00,1433340,1118,1,【苏星河车机】别急着说你用过豆包，我这个你真没见过2,42185854565,49.18900,1,25,16777215,2026-09-27 16:32:28,1790497948,0,9186eef1,2209615958543762944,那完了
BV126ht6qESe,117319632165022,【苏星河车机】别急着说你用过豆包，我这个你真没见过,苏星河牛通,2026-09-25 17:00:00,1433340,1118,1,【苏星河车机】别急着说你用过豆包，我这个你真没见过2,42185854565,1.75100,1,25,16777215,2026-09-27 16:28:37,1790497717,0,5abfbe46,2209614022872648192,0
BV126ht6qESe,117319632165022,【苏星河车机】别急着说你用过豆包，我这个你真没见过,苏星河牛通,2026-09-25 17:00:00,1433340,1118,1,【苏星河车机】别急着说你用过豆包，我这个你真没见过2,42185854565,16.70000,1,25,16777215,2026-09-27 16:25:07,1790497507,0,c13d2872,2209612257044937728,哈哈哈哈哈甜菜
BV126ht6qESe,117319632165022,【苏星河车机】别急着说你用过豆包，我这个你真没见过,苏星河牛通,2026-09-25 17:00:00,1433340,1118,1,【苏星河车机】别急着说你用过豆包，我这个你真没见过2,42185854565,6.69600,1,25,16777215,2026-09-27 16:24:39,1790497479,0,c13d2872,2209612024042915840,0
BV126ht6qESe,117319632165022,【苏星河车机】别急着说你用过豆包，我这个你真没见过,苏星河牛通,2026-09-25 17:00:00,1433340,1118,1,【苏星河车机】别急着说你用过豆包，我这个你真没见过2,42185854565,114.12000,1,25,16777215,2026-09-27 16:21:17,1790497277,0,772f45ae,2209610326188808448,？？？
BV126ht6qESe,117319632165022,【苏星河车机】别急着说你用过豆包，我这个你真没见过,苏星河牛通,2026-09-25 17:00:00,1433340,1118,1,【苏星河车机】别急着说你用过豆包，我这个你真没见过2,42185854565,3.50300,1,25,16777215,2026-09-27 16:17:45,1790497065,0,e840d5f8,2209608548936215808,0
BV126ht6qESe,117319632165022,【苏星河车机】别急着说你用过豆包，我这个你真没见过,苏星河牛通,2026-09-25 17:00:00,1433340,1118,1,【苏星河车机】别急着说你用过豆包，我这个你真没见过2,42185854565,5.41300,1,25,16777215,2026-09-27 16:15:56,1790496956,0,aa1afac0,2209607634972107776,0
BV126ht6qESe,117319632165022,【苏星河车机】别急着说你用过豆包，我这个你真没见过,苏星河牛通,2026-09-25 17:00:00,1433340,1118,1,【苏星河车机】别急着说你用过豆包，我这个你真没见过2,42185854565,9.72400,1,25,16777215,2026-09-27 16:14:03,1790496843,0,c133b7fe,2209606685114021632,0个
BV126ht6qESe,117319632165022,【苏星河车机】别急着说你用过豆包，我这个你真没见过,苏星河牛通,2026-09-25 17:00:00,1433340,1118,1,【苏星河车机】别急着说你用过豆包，我这个你真没见过2,42185854565,5.16800,1,25,16777215,2026-09-27 16:11:46,1790496706,0,95f94284,2209605537627275008,0
BV126ht6qESe,117319632165022,【苏星河车机】别急着说你用过豆包，我这个你真没见过,苏星河牛通,2026-09-25 17:00:00,1433340,1118,1,【苏星河车机】别急着说你用过豆包，我这个你真没见过2,42185854565,35.39600,1,25,16777215,2026-09-27 16:03:43,1790496223,0,64dc16cd,2209601486467044864,？
BV126ht6qESe,117319632165022,【苏星河车机】别急着说你用过豆包，我这个你真没见过,苏星河牛通,2026-09-25 17:00:00,1433340,1118,1,【苏星河车机】别急着说你用过豆包，我这个你真没见过2,42185854565,113.20500,5,25,16777215,2026-09-27 16:02:47,1790496167,0,f562601b,2209601020311582720,真的好像白客
BV126ht6qESe,117319632165022,【苏星河车机】别急着说你用过豆包，我这个你真没见过,苏星河牛通,2026-09-25 17:00:00,1433340,1118,1,【苏星河车机】别急着说你用过豆包，我这个你真没见过2,42185854565,44.06400,1,25,16777215,2026-09-27 16:01:21,1790496081,0,fd19e688,2209600299143041280,我不敢包给你
BV126ht6qESe,117319632165022,【苏星河车机】别急着说你用过豆包，我这个你真没见过,苏星河牛通,2026-09-25 17:00:00,1433340,1118,1,【苏星河车机】别急着说你用过豆包，我这个你真没见过2,42185854565,1.56800,1,25,16777215,2026-09-27 16:01:11,1790496071,0,96921304,2209600209393770240,0
BV126ht6qESe,117319632165022,【苏星河车机】别急着说你用过豆包，我这个你真没见过,苏星河牛通,2026-09-25 17:00:00,1433340,1118,1,【苏星河车机】别急着说你用过豆包，我这个你真没见过2,42185854565,3.02800,1,25,16777215,2026-09-27 15:58:01,1790495881,0,d4260016,2209598617613155072,0
BV126ht6qESe,117319632165022,【苏星河车机】别急着说你用过豆包，我这个你真没见过,苏星河牛通,2026-09-25 17:00:00,1433340,1118,1,【苏星河车机】别急着说你用过豆包，我这个你真没见过2,42185854565,24.21200,1,25,16777215,2026-09-27 15:57:29,1790495849,0,f89784ea,2209598348087552768,不认识，用的大肥鱼
BV126ht6qESe,117319632165022,【苏星河车机】别急着说你用过豆包，我这个你真没见过,苏星河牛通,2026-09-25 17:00:00,1433340,1118,1,【苏星河车机】别急着说你用过豆包，我这个你真没见过2,42185854565,5.68100,1,25,16777215,2026-09-27 15:56:27,1790495787,0,109743ce,2209597828873979136,0
BV126ht6qESe,117319632165022,【苏星河车机】别急着说你用过豆包，我这个你真没见过,苏星河牛通,2026-09-25 17:00:00,1433340,1118,1,【苏星河车机】别急着说你用过豆包，我这个你真没见过2,42185854565,157.13200,1,25,16777215,2026-09-27 15:56:02,1790495762,0,d1194f5f,2209597622531404544,罗老师就这样，没吃饭吗
BV126ht6qESe,117319632165022,【苏星河车机】别急着说你用过豆包，我这个你真没见过,苏星河牛通,2026-09-25 17:00:00,1433340,1118,1,【苏星河车机】别急着说你用过豆包，我这个你真没见过2,42185854565,7.99100,1,25,16777215,2026-09-27 15:53:52,1790495632,0,9947fa,2209596526257495040,0个
BV126ht6qESe,117319632165022,【苏星河车机】别急着说你用过豆包，我这个你真没见过,苏星河牛通,2026-09-25 17:00:00,1433340,1118,1,【苏星河车机】别急着说你用过豆包，我这个你真没见过2,42185854565,11.96100,1,25,16777215,2026-09-27 15:53:20,1790495600,0,1b0d755e,2209596264885024512,只有一个
BV126ht6qESe,117319632165022,【苏星河车机】别急着说你用过豆包，我这个你真没见过,苏星河牛通,2026-09-25 17:00:00,1433340,1118,1,【苏星河车机】别急着说你用过豆包，我这个你真没见过2,42185854565,29.86300,1,25,16777215,2026-09-27 15:52:24,1790495544,0,ea2ae71b,2209595792371901184,不用就不用呗，有啥不好意思的
BV126ht6qESe,117319632165022,【苏星河车机】别急着说你用过豆包，我这个你真没见过,苏星河牛通,2026-09-25 17:00:00,1433340,1118,1,【苏星河车机】别急着说你用过豆包，我这个你真没见过2,42185854565,301.42000,1,25,16777215,2026-09-27 15:52:21,1790495541,0,14425d4d,2209595765368825856,分手！！！你去跟豆包过吧
BV126ht6qESe,117319632165022,【苏星河车机】别急着说你用过豆包，我这个你真没见过,苏星河牛通,2026-09-25 17:00:00,1433340,1118,1,【苏星河车机】别急着说你用过豆包，我这个你真没见过2,42185854565,9.30900,1,25,16777215,2026-09-27 15:52:03,1790495523,0,8445c302,2209595619416007424,娜娜/小野猫/八月未央/饼干/迷人奈/等等等等……太多辣
BV126ht6qESe,117319632165022,【苏星河车机】别急着说你用过豆包，我这个你真没见过,苏星河牛通,2026-09-25 17:00:00,1433340,1118,1,【苏星河车机】别急着说你用过豆包，我这个你真没见过2,42185854565,2.75300,1,25,16777215,2026-09-27 15:51:28,1790495488,0,7dbc7615,2209595320462629120,0
BV126ht6qESe,117319632165022,【苏星河车机】别急着说你用过豆包，我这个你真没见过,苏星河牛通,2026-09-25 17:00:00,1433340,1118,1,【苏星河车机】别急着说你用过豆包，我这个你真没见过2,42185854565,19.59000,1,25,16777215,2026-09-27 15:51:26,1790495486,0,b5b54226,2209595303945082880,不认识
BV126ht6qESe,117319632165022,【苏星河车机】别急着说你用过豆包，我这个你真没见过,苏星河牛通,2026-09-25 17:00:00,1433340,1118,1,【苏星河车机】别急着说你用过豆包，我这个你真没见过2,42185854565,1.78500,1,25,16777215,2026-09-27 15:51:09,1790495469,0,c97a6a72,2209595159292336128,0
BV126ht6qESe,117319632165022,【苏星河车机】别急着说你用过豆包，我这个你真没见过,苏星河牛通,2026-09-25 17:00:00,1433340,1118,1,【苏星河车机】别急着说你用过豆包，我这个你真没见过2,42185854565,7.58000,1,25,16777215,2026-09-27 15:50:24,1790495424,0,ab24f23d,2209594781301320960,负数
BV126ht6qESe,117319632165022,【苏星河车机】别急着说你用过豆包，我这个你真没见过,苏星河牛通,2026-09-25 17:00:00,1433340,1118,1,【苏星河车机】别急着说你用过豆包，我这个你真没见过2,42185854565,7.30400,1,25,16777215,2026-09-27 15:50:16,1790495416,0,b5e14fe0,2209594717196048128,女性朋友？开什么玩笑，这两年我除了同事就没认识过所谓的朋友。
BV126ht6qESe,117319632165022,【苏星河车机】别急着说你用过豆包，我这个你真没见过,苏星河牛通,2026-09-25 17:00:00,1433340,1118,1,【苏星河车机】别急着说你用过豆包，我这个你真没见过2,42185854565,139.41700,1,25,16777215,2026-09-27 15:50:06,1790495406,0,db3d2921,2209594634274178048,讲了半天，这车是啥车啊
BV126ht6qESe,117319632165022,【苏星河车机】别急着说你用过豆包，我这个你真没见过,苏星河牛通,2026-09-25 17:00:00,1433340,1118,1,【苏星河车机】别急着说你用过豆包，我这个你真没见过2,42185854565,1.90800,1,25,16777215,2026-09-27 15:50:02,1790495402,0,9b708946,2209594601357124864,0
BV126ht6qESe,117319632165022,【苏星河车机】别急着说你用过豆包，我这个你真没见过,苏星河牛通,2026-09-25 17:00:00,1433340,1118,1,【苏星河车机】别急着说你用过豆包，我这个你真没见过2,42185854565,6.26000,1,25,15138834,2026-09-27 15:49:58,1790495398,0,ec550bc1,2209594563030136576,0 近10年都是0
BV126ht6qESe,117319632165022,【苏星河车机】别急着说你用过豆包，我这个你真没见过,苏星河牛通,2026-09-25 17:00:00,1433340,1118,1,【苏星河车机】别急着说你用过豆包，我这个你真没见过2,42185854565,6.66500,1,25,16777215,2026-09-27 15:49:52,1790495392,0,d415da43,2209594512496995840,0
BV126ht6qESe,117319632165022,【苏星河车机】别急着说你用过豆包，我这个你真没见过,苏星河牛通,2026-09-25 17:00:00,1433340,1118,1,【苏星河车机】别急着说你用过豆包，我这个你真没见过2,42185854565,4.15200,1,25,16777215,2026-09-27 15:49:26,1790495366,0,b0d2098d,2209594298637877248,0
BV126ht6qESe,117319632165022,【苏星河车机】别急着说你用过豆包，我这个你真没见过,苏星河牛通,2026-09-25 17:00:00,1433340,1118,1,【苏星河车机】别急着说你用过豆包，我这个你真没见过2,42185854565,13.07200,1,25,16777215,2026-09-27 15:49:25,1790495365,0,9152aec1,2209594287355212032,朋友都少，还要女性，要求是不是太高了
BV126ht6qESe,117319632165022,【苏星河车机】别急着说你用过豆包，我这个你真没见过,苏星河牛通,2026-09-25 17:00:00,1433340,1118,1,【苏星河车机】别急着说你用过豆包，我这个你真没见过2,42185854565,5.56600,1,25,16777215,2026-09-27 15:49:16,1790495356,0,28e78758,2209594217536588032,0
BV126ht6qESe,117319632165022,【苏星河车机】别急着说你用过豆包，我这个你真没见过,苏星河牛通,2026-09-25 17:00:00,1433340,1118,1,【苏星河车机】别急着说你用过豆包，我这个你真没见过2,42185854565,1.42700,1,25,16777215,2026-09-27 15:48:43,1790495323,0,fd0eb09c,2209593933691518464,不敢认识哈哈哈
BV126ht6qESe,117319632165022,【苏星河车机】别急着说你用过豆包，我这个你真没见过,苏星河牛通,2026-09-25 17:00:00,1433340,1118,1,【苏星河车机】别急着说你用过豆包，我这个你真没见过2,42185854565,6.52600,1,25,16777215,2026-09-27 15:48:31,1790495311,0,d77e212c,2209593840930366976,0
BV126ht6qESe,117319632165022,【苏星河车机】别急着说你用过豆包，我这个你真没见过,苏星河牛通,2026-09-25 17:00:00,1433340,1118,1,【苏星河车机】别急着说你用过豆包，我这个你真没见过2,42185854565,6.68000,1,25,16777215,2026-09-27 15:48:13,1790495293,0,350afe13,2209593685707133184,未成年集合
BV126ht6qESe,117319632165022,【苏星河车机】别急着说你用过豆包，我这个你真没见过,苏星河牛通,2026-09-25 17:00:00,1433340,1118,1,【苏星河车机】别急着说你用过豆包，我这个你真没见过2,42185854565,9.01400,1,25,16777215,2026-09-27 15:47:54,1790495274,0,bda28949,2209593529846505216,退了7个
BV126ht6qESe,117319632165022,【苏星河车机】别急着说你用过豆包，我这个你真没见过,苏星河牛通,2026-09-25 17:00:00,1433340,1118,1,【苏星河车机】别急着说你用过豆包，我这个你真没见过2,42185854565,3.22300,1,25,16777215,2026-09-27 15:47:33,1790495253,0,89c3e594,2209593348745183488,0
BV126ht6qESe,117319632165022,【苏星河车机】别急着说你用过豆包，我这个你真没见过,苏星河牛通,2026-09-25 17:00:00,1433340,1118,1,【苏星河车机】别急着说你用过豆包，我这个你真没见过2,42185854565,3.33000,1,25,16777215,2026-09-27 15:46:58,1790495218,0,2c01aae6,2209593054649218560,0
BV126ht6qESe,117319632165022,【苏星河车机】别急着说你用过豆包，我这个你真没见过,苏星河牛通,2026-09-25 17:00:00,1433340,1118,1,【苏星河车机】别急着说你用过豆包，我这个你真没见过2,42185854565,5.78600,1,25,16777215,2026-09-27 15:46:39,1790495199,0,ca0c7378,2209592897974833408,0
BV126ht6qESe,117319632165022,【苏星河车机】别急着说你用过豆包，我这个你真没见过,苏星河牛通,2026-09-25 17:00:00,1433340,1118,1,【苏星河车机】别急着说你用过豆包，我这个你真没见过2,42185854565,50.20600,1,25,16777215,2026-09-27 15:46:16,1790495176,0,a4a4036c,2209592701287626240,在燃什么
BV126ht6qESe,117319632165022,【苏星河车机】别急着说你用过豆包，我这个你真没见过,苏星河牛通,2026-09-25 17:00:00,1433340,1118,1,【苏星河车机】别急着说你用过豆包，我这个你真没见过2,42185854565,6.49200,1,25,16777215,2026-09-27 15:46:08,1790495168,0,bab4cb67,2209592635604330752,0
BV126ht6qESe,117319632165022,【苏星河车机】别急着说你用过豆包，我这个你真没见过,苏星河牛通,2026-09-25 17:00:00,1433340,1118,1,【苏星河车机】别急着说你用过豆包，我这个你真没见过2,42185854565,5.85400,1,25,16777215,2026-09-27 15:45:57,1790495157,0,5ebea70a,2209592544143968256,0
BV126ht6qESe,117319632165022,【苏星河车机】别急着说你用过豆包，我这个你真没见过,苏星河牛通,2026-09-25 17:00:00,1433340,1118,1,【苏星河车机】别急着说你用过豆包，我这个你真没见过2,42185854565,6.57100,1,25,16777215,2026-09-27 15:45:56,1790495156,0,900d7398,2209592539957322240,0
BV126ht6qESe,117319632165022,【苏星河车机】别急着说你用过豆包，我这个你真没见过,苏星河牛通,2026-09-25 17:00:00,1433340,1118,1,【苏星河车机】别急着说你用过豆包，我这个你真没见过2,42185854565,6.23000,1,25,16777215,2026-09-27 15:45:52,1790495152,0,fc5abdf,2209592503341550848,0
BV126ht6qESe,117319632165022,【苏星河车机】别急着说你用过豆包，我这个你真没见过,苏星河牛通,2026-09-25 17:00:00,1433340,1118,1,【苏星河车机】别急着说你用过豆包，我这个你真没见过2,42185854565,5.79300,1,25,16777215,2026-09-27 15:45:49,1790495149,0,9f7c4eea,2209592480709242880,0
BV126ht6qESe,117319632165022,【苏星河车机】别急着说你用过豆包，我这个你真没见过,苏星河牛通,2026-09-25 17:00:00,1433340,1118,1,【苏星河车机】别急着说你用过豆包，我这个你真没见过2,42185854565,5.91900,1,25,16777215,2026-09-27 15:45:29,1790495129,0,69e6146b,2209592314069622016,0
BV126ht6qESe,117319632165022,【苏星河车机】别急着说你用过豆包，我这个你真没见过,苏星河牛通,2026-09-25 17:00:00,1433340,1118,1,【苏星河车机】别急着说你用过豆包，我这个你真没见过2,42185854565,43.33900,5,25,16707842,2026-09-27 15:45:25,1790495125,0,4afe972f,2209592276940953088,墓地地？
BV126ht6qESe,117319632165022,【苏星河车机】别急着说你用过豆包，我这个你真没见过,苏星河牛通,2026-09-25 17:00:00,1433340,1118,1,【苏星河车机】别急着说你用过豆包，我这个你真没见过2,42185854565,79.82700,5,25,16777215,2026-09-27 15:44:56,1790495096,0,84a432f6,2209592034443182848,依旧sans小曲
BV126ht6qESe,117319632165022,【苏星河车机】别急着说你用过豆包，我这个你真没见过,苏星河牛通,2026-09-25 17:00:00,1433340,1118,1,【苏星河车机】别急着说你用过豆包，我这个你真没见过2,42185854565,8.51000,1,25,16777215,2026-09-27 15:44:54,1790495094,0,f11eec3b,2209592017447940096,00000
BV126ht6qESe,117319632165022,【苏星河车机】别急着说你用过豆包，我这个你真没见过,苏星河牛通,2026-09-25 17:00:00,1433340,1118,1,【苏星河车机】别急着说你用过豆包，我这个你真没见过2,42185854565,7.05900,5,25,16707842,2026-09-27 15:44:40,1790495080,0,4afe972f,2209591896291307008,2个
BV126ht6qESe,117319632165022,【苏星河车机】别急着说你用过豆包，我这个你真没见过,苏星河牛通,2026-09-25 17:00:00,1433340,1118,1,【苏星河车机】别急着说你用过豆包，我这个你真没见过2,42185854565,5.68400,1,25,16777215,2026-09-27 15:44:29,1790495069,0,ed8a2e41,2209591807967562752,0
BV126ht6qESe,117319632165022,【苏星河车机】别急着说你用过豆包，我这个你真没见过,苏星河牛通,2026-09-25 17:00:00,1433340,1118,1,【苏星河车机】别急着说你用过豆包，我这个你真没见过2,42185854565,1.84200,1,25,16777215,2026-09-27 15:44:27,1790495067,0,edaf3396,2209591787306103040,0
BV126ht6qESe,117319632165022,【苏星河车机】别急着说你用过豆包，我这个你真没见过,苏星河牛通,2026-09-25 17:00:00,1433340,1118,1,【苏星河车机】别急着说你用过豆包，我这个你真没见过2,42185854565,8.58800,1,25,16777215,2026-09-27 15:44:02,1790495042,0,fdb93de7,2209591584520334592,0
BV126ht6qESe,117319632165022,【苏星河车机】别急着说你用过豆包，我这个你真没见过,苏星河牛通,2026-09-25 17:00:00,1433340,1118,1,【苏星河车机】别急着说你用过豆包，我这个你真没见过2,42185854565,4.17500,1,25,16777215,2026-09-27 15:43:06,1790494986,0,f8a8a2f3,2209591106546225920,0
BV126ht6qESe,117319632165022,【苏星河车机】别急着说你用过豆包，我这个你真没见过,苏星河牛通,2026-09-25 17:00:00,1433340,1118,1,【苏星河车机】别急着说你用过豆包，我这个你真没见过2,42185854565,6.72000,1,25,16777215,2026-09-27 15:43:03,1790494983,0,239753ff,2209591086396364288,0
BV126ht6qESe,117319632165022,【苏星河车机】别急着说你用过豆包，我这个你真没见过,苏星河牛通,2026-09-25 17:00:00,1433340,1118,1,【苏星河车机】别急着说你用过豆包，我这个你真没见过2,42185854565,17.23700,1,25,16777215,2026-09-27 15:42:48,1790494968,0,3327b565,2209590957488572160,0
BV126ht6qESe,117319632165022,【苏星河车机】别急着说你用过豆包，我这个你真没见过,苏星河牛通,2026-09-25 17:00:00,1433340,1118,1,【苏星河车机】别急着说你用过豆包，我这个你真没见过2,42185854565,5.69400,1,25,16777215,2026-09-27 15:42:37,1790494957,0,2b7b06d9,2209590866573022208,0
BV126ht6qESe,117319632165022,【苏星河车机】别急着说你用过豆包，我这个你真没见过,苏星河牛通,2026-09-25 17:00:00,1433340,1118,1,【苏星河车机】别急着说你用过豆包，我这个你真没见过2,42185854565,12.13300,1,25,16777215,2026-09-27 15:37:41,1790494661,0,3044ed8d,2209588387152351232,3个
BV126ht6qESe,117319632165022,【苏星河车机】别急着说你用过豆包，我这个你真没见过,苏星河牛通,2026-09-25 17:00:00,1433340,1118,1,【苏星河车机】别急着说你用过豆包，我这个你真没见过2,42185854565,10.84200,1,25,16777215,2026-09-27 15:37:37,1790494657,0,3044ed8d,2209588352071285504,两个
BV126ht6qESe,117319632165022,【苏星河车机】别急着说你用过豆包，我这个你真没见过,苏星河牛通,2026-09-25 17:00:00,1433340,1118,1,【苏星河车机】别急着说你用过豆包，我这个你真没见过2,42185854565,3.24500,1,25,16777215,2026-09-27 15:37:13,1790494633,0,df433999,2209588147992837888,0
BV126ht6qESe,117319632165022,【苏星河车机】别急着说你用过豆包，我这个你真没见过,苏星河牛通,2026-09-25 17:00:00,1433340,1118,1,【苏星河车机】别急着说你用过豆包，我这个你真没见过2,42185854565,517.76400,1,25,16777215,2026-09-27 15:36:21,1790494581,0,dda46fcf,2209587711643008000,驾驶位不只有男人。。。
BV126ht6qESe,117319632165022,【苏星河车机】别急着说你用过豆包，我这个你真没见过,苏星河牛通,2026-09-25 17:00:00,1433340,1118,1,【苏星河车机】别急着说你用过豆包，我这个你真没见过2,42185854565,5.48000,1,25,16777215,2026-09-27 15:29:12,1790494152,0,f894d56b,2209584111537248768,0
BV126ht6qESe,117319632165022,【苏星河车机】别急着说你用过豆包，我这个你真没见过,苏星河牛通,2026-09-25 17:00:00,1433340,1118,1,【苏星河车机】别急着说你用过豆包，我这个你真没见过2,42185854565,4.60000,1,25,16777215,2026-09-27 15:28:48,1790494128,0,31fe3ea4,2209583916468460288,你好，未来的我
BV126ht6qESe,117319632165022,【苏星河车机】别急着说你用过豆包，我这个你真没见过,苏星河牛通,2026-09-25 17:00:00,1433340,1118,1,【苏星河车机】别急着说你用过豆包，我这个你真没见过2,42185854565,2.10500,1,25,16777215,2026-09-27 15:27:02,1790494022,0,dc82d632,2209583025967410688,0
BV126ht6qESe,117319632165022,【苏星河车机】别急着说你用过豆包，我这个你真没见过,苏星河牛通,2026-09-25 17:00:00,1433340,1118,1,【苏星河车机】别急着说你用过豆包，我这个你真没见过2,42185854565,10.84000,1,25,16707842,2026-09-27 15:26:45,1790494005,0,6826ce7,2209582883377884928,自从健身后，链接了十几个。真的，不缺妹子。
BV126ht6qESe,117319632165022,【苏星河车机】别急着说你用过豆包，我这个你真没见过,苏星河牛通,2026-09-25 17:00:00,1433340,1118,1,【苏星河车机】别急着说你用过豆包，我这个你真没见过2,42185854565,35.07800,1,25,16777215,2026-09-27 15:25:17,1790493917,0,a16e9087,2209582146414010112,吓哭了
BV126ht6qESe,117319632165022,【苏星河车机】别急着说你用过豆包，我这个你真没见过,苏星河牛通,2026-09-25 17:00:00,1433340,1118,1,【苏星河车机】别急着说你用过豆包，我这个你真没见过2,42185854565,21.14000,1,25,16777215,2026-09-27 15:19:10,1790493550,0,ae2974da,2209579066082958080,这也算？
BV126ht6qESe,117319632165022,【苏星河车机】别急着说你用过豆包，我这个你真没见过,苏星河牛通,2026-09-25 17:00:00,1433340,1118,1,【苏星河车机】别急着说你用过豆包，我这个你真没见过2,42185854565,138.70000,1,25,16777215,2026-09-27 15:16:44,1790493404,0,fe4ccd31,2209577839794823424,进退自如吗？
BV126ht6qESe,117319632165022,【苏星河车机】别急着说你用过豆包，我这个你真没见过,苏星河牛通,2026-09-25 17:00:00,1433340,1118,1,【苏星河车机】别急着说你用过豆包，我这个你真没见过2,42185854565,2.65700,1,25,16777215,2026-09-27 15:16:31,1790493391,0,1fd7182b,2209577734165534208,0
BV126ht6qESe,117319632165022,【苏星河车机】别急着说你用过豆包，我这个你真没见过,苏星河牛通,2026-09-25 17:00:00,1433340,1118,1,【苏星河车机】别急着说你用过豆包，我这个你真没见过2,42185854565,170.36500,1,25,16777215,2026-09-27 15:14:16,1790493256,0,c4523370,2209576600318561024,我手里的是中杯promax
BV126ht6qESe,117319632165022,【苏星河车机】别急着说你用过豆包，我这个你真没见过,苏星河牛通,2026-09-25 17:00:00,1433340,1118,1,【苏星河车机】别急着说你用过豆包，我这个你真没见过2,42185854565,4.08100,1,25,16777215,2026-09-27 15:12:40,1790493160,0,f00b7178,2209575796455202816,0个
BV126ht6qESe,117319632165022,【苏星河车机】别急着说你用过豆包，我这个你真没见过,苏星河牛通,2026-09-25 17:00:00,1433340,1118,1,【苏星河车机】别急着说你用过豆包，我这个你真没见过2,42185854565,47.17400,1,25,16777215,2026-09-27 15:12:34,1790493154,0,ecf7b5d1,2209575743137036032,你还是别包了
BV126ht6qESe,117319632165022,【苏星河车机】别急着说你用过豆包，我这个你真没见过,苏星河牛通,2026-09-25 17:00:00,1433340,1118,1,【苏星河车机】别急着说你用过豆包，我这个你真没见过2,42185854565,34.77900,1,25,16777215,2026-09-27 15:12:01,1790493121,0,ecf7b5d1,2209575466480930048,别带沟里了
BV126ht6qESe,117319632165022,【苏星河车机】别急着说你用过豆包，我这个你真没见过,苏星河牛通,2026-09-25 17:00:00,1433340,1118,1,【苏星河车机】别急着说你用过豆包，我这个你真没见过2,42185854565,4.71400,1,25,16777215,2026-09-27 15:00:04,1790492404,0,ac1af5f,2209569452427797248,0
BV126ht6qESe,117319632165022,【苏星河车机】别急着说你用过豆包，我这个你真没见过,苏星河牛通,2026-09-25 17:00:00,1433340,1118,1,【苏星河车机】别急着说你用过豆包，我这个你真没见过2,42185854565,82.20600,5,25,16765698,2026-09-27 14:57:39,1790492259,0,4c50fc4e,2209568233714258944,对不起我搞错了，刚才撞的是电线杆子
BV126ht6qESe,117319632165022,【苏星河车机】别急着说你用过豆包，我这个你真没见过,苏星河牛通,2026-09-25 17:00:00,1433340,1118,1,【苏星河车机】别急着说你用过豆包，我这个你真没见过2,42185854565,28.25900,1,25,16777215,2026-09-27 14:53:15,1790491995,0,adb3c68c,2209566020279530496,我的豆包是男的。。。
BV126ht6qESe,117319632165022,【苏星河车机】别急着说你用过豆包，我这个你真没见过,苏星河牛通,2026-09-25 17:00:00,1433340,1118,1,【苏星河车机】别急着说你用过豆包，我这个你真没见过2,42185854565,5.11900,1,25,16777215,2026-09-27 14:48:09,1790491689,0,c2d99da0,2209563450504649728,0
BV126ht6qESe,117319632165022,【苏星河车机】别急着说你用过豆包，我这个你真没见过,苏星河牛通,2026-09-25 17:00:00,1433340,1118,1,【苏星河车机】别急着说你用过豆包，我这个你真没见过2,42185854565,8.61200,5,25,41194,2026-09-27 14:45:33,1790491533,0,ef1433d9,2209562142402361344,56
BV126ht6qESe,117319632165022,【苏星河车机】别急着说你用过豆包，我这个你真没见过,苏星河牛通,2026-09-25 17:00:00,1433340,1118,1,【苏星河车机】别急着说你用过豆包，我这个你真没见过2,42185854565,7.29500,5,25,16707842,2026-09-27 14:40:52,1790491252,0,89cb7fe9,2209559789708105984,861
BV126ht6qESe,117319632165022,【苏星河车机】别急着说你用过豆包，我这个你真没见过,苏星河牛通,2026-09-25 17:00:00,1433340,1118,1,【苏星河车机】别急着说你用过豆包，我这个你真没见过2,42185854565,75.43800,1,25,16777215,2026-09-27 14:37:00,1790491020,0,fca33438,2209557840186787584,汽车用豆包0差评啊，直接等投胎吧
BV126ht6qESe,117319632165022,【苏星河车机】别急着说你用过豆包，我这个你真没见过,苏星河牛通,2026-09-25 17:00:00,1433340,1118,1,【苏星河车机】别急着说你用过豆包，我这个你真没见过2,42185854565,49.77400,1,25,16777215,2026-09-27 14:33:58,1790490838,0,aed8759,2209556311773935616,多少token的活
BV126ht6qESe,117319632165022,【苏星河车机】别急着说你用过豆包，我这个你真没见过,苏星河牛通,2026-09-25 17:00:00,1433340,1118,1,【苏星河车机】别急着说你用过豆包，我这个你真没见过2,42185854565,36.15400,1,25,16777215,2026-09-27 14:33:35,1790490815,0,aed8759,2209556121486760960,我真的害怕了
BV126ht6qESe,117319632165022,【苏星河车机】别急着说你用过豆包，我这个你真没见过,苏星河牛通,2026-09-25 17:00:00,1433340,1118,1,【苏星河车机】别急着说你用过豆包，我这个你真没见过2,42185854565,590.67000,1,25,16777215,2026-09-27 14:33:32,1790490812,0,829700df,2209556099702221568,所以是在宣扬出轨吗？这很光荣吗？有什么好值得骄傲的吗？
BV126ht6qESe,117319632165022,【苏星河车机】别急着说你用过豆包，我这个你真没见过,苏星河牛通,2026-09-25 17:00:00,1433340,1118,1,【苏星河车机】别急着说你用过豆包，我这个你真没见过2,42185854565,358.68000,1,25,16777215,2026-09-27 14:25:39,1790490339,0,ccfbba0f,2209552131478976768,为什么不是盘古大模型
BV126ht6qESe,117319632165022,【苏星河车机】别急着说你用过豆包，我这个你真没见过,苏星河牛通,2026-09-25 17:00:00,1433340,1118,1,【苏星河车机】别急着说你用过豆包，我这个你真没见过2,42185854565,4.13800,1,25,16777215,2026-09-27 14:24:16,1790490256,0,6279cdb7,2209551435618896384,0
BV126ht6qESe,117319632165022,【苏星河车机】别急着说你用过豆包，我这个你真没见过,苏星河牛通,2026-09-25 17:00:00,1433340,1118,1,【苏星河车机】别急着说你用过豆包，我这个你真没见过2,42185854565,6.15600,1,25,16777215,2026-09-27 14:16:59,1790489819,0,a7dfb681,2209547764722319104,0
BV126ht6qESe,117319632165022,【苏星河车机】别急着说你用过豆包，我这个你真没见过,苏星河牛通,2026-09-25 17:00:00,1433340,1118,1,【苏星河车机】别急着说你用过豆包，我这个你真没见过2,42185854565,3.66500,1,25,16777215,2026-09-27 14:15:46,1790489746,0,577ea6b1,2209547155306872064,0
BV126ht6qESe,117319632165022,【苏星河车机】别急着说你用过豆包，我这个你真没见过,苏星河牛通,2026-09-25 17:00:00,1433340,1118,1,【苏星河车机】别急着说你用过豆包，我这个你真没见过2,42185854565,441.74700,1,25,16777215,2026-09-27 14:12:58,1790489578,0,25885caf,2209545744301157376,进度条刚过半
BV126ht6qESe,117319632165022,【苏星河车机】别急着说你用过豆包，我这个你真没见过,苏星河牛通,2026-09-25 17:00:00,1433340,1118,1,【苏星河车机】别急着说你用过豆包，我这个你真没见过2,42185854565,14.74000,1,25,16777215,2026-09-27 14:08:16,1790489296,0,d96f4930,2209543378495532800,豆包
BV126ht6qESe,117319632165022,【苏星河车机】别急着说你用过豆包，我这个你真没见过,苏星河牛通,2026-09-25 17:00:00,1433340,1118,1,【苏星河车机】别急着说你用过豆包，我这个你真没见过2,42185854565,5.46000,1,25,16777215,2026-09-27 14:07:59,1790489279,0,d96f4930,2209543239009932032,0
BV126ht6qESe,117319632165022,【苏星河车机】别急着说你用过豆包，我这个你真没见过,苏星河牛通,2026-09-25 17:00:00,1433340,1118,1,【苏星河车机】别急着说你用过豆包，我这个你真没见过2,42185854565,33.60800,5,25,16777215,2026-09-27 14:03:27,1790489007,0,58048f10,2209540952744549376,吓哭了
BV126ht6qESe,117319632165022,【苏星河车机】别急着说你用过豆包，我这个你真没见过,苏星河牛通,2026-09-25 17:00:00,1433340,1118,1,【苏星河车机】别急着说你用过豆包，我这个你真没见过2,42185854565,1.21000,1,25,15138834,2026-09-27 14:03:03,1790488983,0,98505de0,2209540755872799488,阿含经，佛祖说的，截屏拍照发ai，我看的楞严经
BV126ht6qESe,117319632165022,【苏星河车机】别急着说你用过豆包，我这个你真没见过,苏星河牛通,2026-09-25 17:00:00,1433340,1118,1,【苏星河车机】别急着说你用过豆包，我这个你真没见过2,42185854565,10.09500,1,25,16777215,2026-09-27 13:51:18,1790488278,0,a0bfb5f8,2209534841081486336,我是女的
BV126ht6qESe,117319632165022,【苏星河车机】别急着说你用过豆包，我这个你真没见过,苏星河牛通,2026-09-25 17:00:00,1433340,1118,1,【苏星河车机】别急着说你用过豆包，我这个你真没见过2,42185854565,604.69900,1,25,16777215,2026-09-27 13:47:59,1790488079,0,f586909f,2209533172721499904,此地无银三百两
BV126ht6qESe,117319632165022,【苏星河车机】别急着说你用过豆包，我这个你真没见过,苏星河牛通,2026-09-25 17:00:00,1433340,1118,1,【苏星河车机】别急着说你用过豆包，我这个你真没见过2,42185854565,301.33100,1,25,16777215,2026-09-27 13:47:31,1790488051,0,c6c89ad5,2209532938452984832,】【】/；【；/‘’
BV126ht6qESe,117319632165022,【苏星河车机】别急着说你用过豆包，我这个你真没见过,苏星河牛通,2026-09-25 17:00:00,1433340,1118,1,【苏星河车机】别急着说你用过豆包，我这个你真没见过2,42185854565,21.01000,1,25,16777215,2026-09-27 13:44:00,1790487840,0,6a67b2be,2209531167568019200,豆沙包
BV126ht6qESe,117319632165022,【苏星河车机】别急着说你用过豆包，我这个你真没见过,苏星河牛通,2026-09-25 17:00:00,1433340,1118,1,【苏星河车机】别急着说你用过豆包，我这个你真没见过2,42185854565,35.54000,1,25,16777215,2026-09-27 13:38:13,1790487493,0,b8e0ec3f,2209528252921012480,完了
BV126ht6qESe,117319632165022,【苏星河车机】别急着说你用过豆包，我这个你真没见过,苏星河牛通,2026-09-25 17:00:00,1433340,1118,1,【苏星河车机】别急着说你用过豆包，我这个你真没见过2,42185854565,644.15900,1,25,16777215,2026-09-27 13:34:10,1790487250,0,273d1928,2209526218448361216,降低你的就可以了，我们不需要
BV126ht6qESe,117319632165022,【苏星河车机】别急着说你用过豆包，我这个你真没见过,苏星河牛通,2026-09-25 17:00:00,1433340,1118,1,【苏星河车机】别急着说你用过豆包，我这个你真没见过2,42185854565,18.66000,5,25,15138834,2026-09-27 13:33:47,1790487227,0,6186cd16,2209526025233734144,她说她不算女生，只是一个ai，她自己说的
BV126ht6qESe,117319632165022,【苏星河车机】别急着说你用过豆包，我这个你真没见过,苏星河牛通,2026-09-25 17:00:00,1433340,1118,1,【苏星河车机】别急着说你用过豆包，我这个你真没见过2,42185854565,3.07000,1,25,16777215,2026-09-27 13:22:48,1790486568,0,da3e929e,2209520494800064768,你的慢热女友
BV126ht6qESe,117319632165022,【苏星河车机】别急着说你用过豆包，我这个你真没见过,苏星河牛通,2026-09-25 17:00:00,1433340,1118,1,【苏星河车机】别急着说你用过豆包，我这个你真没见过2,42185854565,343.28300,1,25,16777215,2026-09-27 13:17:51,1790486271,0,3d8bce85,2209518001101774336,荣威的车
BV126ht6qESe,117319632165022,【苏星河车机】别急着说你用过豆包，我这个你真没见过,苏星河牛通,2026-09-25 17:00:00,1433340,1118,1,【苏星河车机】别急着说你用过豆包，我这个你真没见过2,42185854565,444.02000,1,25,16777215,2026-09-27 13:16:24,1790486184,0,5e05ac11,2209517273851459584,荣威
BV126ht6qESe,117319632165022,【苏星河车机】别急着说你用过豆包，我这个你真没见过,苏星河牛通,2026-09-25 17:00:00,1433340,1118,1,【苏星河车机】别急着说你用过豆包，我这个你真没见过2,42185854565,337.08000,1,25,16777215,2026-09-27 13:14:34,1790486074,0,5e05ac11,2209516351087913728,终有一天，豆包会把星河的女朋友绿了
BV126ht6qESe,117319632165022,【苏星河车机】别急着说你用过豆包，我这个你真没见过,苏星河牛通,2026-09-25 17:00:00,1433340,1118,1,【苏星河车机】别急着说你用过豆包，我这个你真没见过2,42185854565,337.08000,1,25,16777215,2026-09-27 13:14:29,1790486069,0,5e05ac11,2209516313624645632,终有一天，豆包会把星河的女朋友绿了
BV126ht6qESe,117319632165022,【苏星河车机】别急着说你用过豆包，我这个你真没见过,苏星河牛通,2026-09-25 17:00:00,1433340,1118,1,【苏星河车机】别急着说你用过豆包，我这个你真没见过2,42185854565,5.64100,1,25,16777215,2026-09-27 13:13:31,1790486011,0,c1190e76,2209515826045407488,0
BV126ht6qESe,117319632165022,【苏星河车机】别急着说你用过豆包，我这个你真没见过,苏星河牛通,2026-09-25 17:00:00,1433340,1118,1,【苏星河车机】别急着说你用过豆包，我这个你真没见过2,42185854565,1.45600,1,25,16777215,2026-09-27 12:57:33,1790485053,0,39abe4a1,2209507788786063360,没事你认识女性朋友图什么？
BV126ht6qESe,117319632165022,【苏星河车机】别急着说你用过豆包，我这个你真没见过,苏星河牛通,2026-09-25 17:00:00,1433340,1118,1,【苏星河车机】别急着说你用过豆包，我这个你真没见过2,42185854565,1.89400,1,25,16777215,2026-09-27 12:54:05,1790484845,0,1f1787e7,2209506039836255744,0
BV126ht6qESe,117319632165022,【苏星河车机】别急着说你用过豆包，我这个你真没见过,苏星河牛通,2026-09-25 17:00:00,1433340,1118,1,【苏星河车机】别急着说你用过豆包，我这个你真没见过2,42185854565,156.16300,1,25,16777215,2026-09-27 12:53:42,1790484822,0,aa1cfd9b,2209505852418317312,糖包
BV126ht6qESe,117319632165022,【苏星河车机】别急着说你用过豆包，我这个你真没见过,苏星河牛通,2026-09-25 17:00:00,1433340,1118,1,【苏星河车机】别急着说你用过豆包，我这个你真没见过2,42185854565,6.54600,1,25,16777215,2026-09-27 12:52:29,1790484749,0,db0e4594,2209505232684215040,0
BV126ht6qESe,117319632165022,【苏星河车机】别急着说你用过豆包，我这个你真没见过,苏星河牛通,2026-09-25 17:00:00,1433340,1118,1,【苏星河车机】别急着说你用过豆包，我这个你真没见过2,42185854565,43.73000,1,25,16777215,2026-09-27 12:47:49,1790484469,0,23b8284e,2209502889729296128,这谁敢用啊
BV126ht6qESe,117319632165022,【苏星河车机】别急着说你用过豆包，我这个你真没见过,苏星河牛通,2026-09-25 17:00:00,1433340,1118,1,【苏星河车机】别急着说你用过豆包，我这个你真没见过2,42185854565,80.90800,1,25,16777215,2026-09-27 12:36:58,1790483818,0,1acba9c3,2209497430146963712,她这个是pro或者trb吧
BV126ht6qESe,117319632165022,【苏星河车机】别急着说你用过豆包，我这个你真没见过,苏星河牛通,2026-09-25 17:00:00,1433340,1118,1,【苏星河车机】别急着说你用过豆包，我这个你真没见过2,42185854565,35.70400,1,25,15772458,2026-09-27 12:33:42,1790483622,0,654b6940,2209495780200098048,我用的多的是鲸鱼
BV126ht6qESe,117319632165022,【苏星河车机】别急着说你用过豆包，我这个你真没见过,苏星河牛通,2026-09-25 17:00:00,1433340,1118,1,【苏星河车机】别急着说你用过豆包，我这个你真没见过2,42185854565,48.58500,1,25,8700107,2026-09-27 12:31:41,1790483501,0,679430e2,2209494766025279488,算了，我还是回去加班吧！要么开下悬崖同归于尽
BV126ht6qESe,117319632165022,【苏星河车机】别急着说你用过豆包，我这个你真没见过,苏星河牛通,2026-09-25 17:00:00,1433340,1118,1,【苏星河车机】别急着说你用过豆包，我这个你真没见过2,42185854565,115.22000,1,25,16777215,2026-09-27 12:31:19,1790483479,0,39db6401,2209494581475875840,夹完了
BV126ht6qESe,117319632165022,【苏星河车机】别急着说你用过豆包，我这个你真没见过,苏星河牛通,2026-09-25 17:00:00,1433340,1118,1,【苏星河车机】别急着说你用过豆包，我这个你真没见过2,42185854565,114.40900,1,25,16777215,2026-09-27 12:29:24,1790483364,0,cfdd6c63,2209493615511077888,哎？这豆包怎么这么婊
BV126ht6qESe,117319632165022,【苏星河车机】别急着说你用过豆包，我这个你真没见过,苏星河牛通,2026-09-25 17:00:00,1433340,1118,1,【苏星河车机】别急着说你用过豆包，我这个你真没见过2,42185854565,3.52200,1,25,16777215,2026-09-27 12:26:48,1790483208,0,ecfe2b15,2209492308490354432,0
BV126ht6qESe,117319632165022,【苏星河车机】别急着说你用过豆包，我这个你真没见过,苏星河牛通,2026-09-25 17:00:00,1433340,1118,1,【苏星河车机】别急着说你用过豆包，我这个你真没见过2,42185854565,10.20500,1,25,15138834,2026-09-27 12:26:36,1790483196,0,8cf3527c,2209492210318351104,。。。少了
BV126ht6qESe,117319632165022,【苏星河车机】别急着说你用过豆包，我这个你真没见过,苏星河牛通,2026-09-25 17:00:00,1433340,1118,1,【苏星河车机】别急着说你用过豆包，我这个你真没见过2,42185854565,7.43800,1,25,16777215,2026-09-27 12:25:56,1790483156,0,57840bfa,2209491872878545920,豆包
BV126ht6qESe,117319632165022,【苏星河车机】别急着说你用过豆包，我这个你真没见过,苏星河牛通,2026-09-25 17:00:00,1433340,1118,1,【苏星河车机】别急着说你用过豆包，我这个你真没见过2,42185854565,6.63200,1,25,16777215,2026-09-27 12:24:54,1790483094,0,ba05302c,2209491353011555584,0
BV126ht6qESe,117319632165022,【苏星河车机】别急着说你用过豆包，我这个你真没见过,苏星河牛通,2026-09-25 17:00:00,1433340,1118,1,【苏星河车机】别急着说你用过豆包，我这个你真没见过2,42185854565,8.11800,1,25,16777215,2026-09-27 12:24:45,1790483085,0,79b0ab37,2209491280064123648,六七个
BV126ht6qESe,117319632165022,【苏星河车机】别急着说你用过豆包，我这个你真没见过,苏星河牛通,2026-09-25 17:00:00,1433340,1118,1,【苏星河车机】别急着说你用过豆包，我这个你真没见过2,42185854565,5.50400,1,25,16777215,2026-09-27 12:23:23,1790483003,0,85dea6c,2209490586133019392,台北娜娜
BV126ht6qESe,117319632165022,【苏星河车机】别急着说你用过豆包，我这个你真没见过,苏星河牛通,2026-09-25 17:00:00,1433340,1118,1,【苏星河车机】别急着说你用过豆包，我这个你真没见过2,42185854565,6.66400,1,25,16777215,2026-09-27 12:22:28,1790482948,0,2bd1e01f,2209490132871113984,0
BV126ht6qESe,117319632165022,【苏星河车机】别急着说你用过豆包，我这个你真没见过,苏星河牛通,2026-09-25 17:00:00,1433340,1118,1,【苏星河车机】别急着说你用过豆包，我这个你真没见过2,42185854565,6.72500,1,25,16777215,2026-09-27 12:22:23,1790482943,0,576a54e1,2209490085987432192,0
BV126ht6qESe,117319632165022,【苏星河车机】别急着说你用过豆包，我这个你真没见过,苏星河牛通,2026-09-25 17:00:00,1433340,1118,1,【苏星河车机】别急着说你用过豆包，我这个你真没见过2,42185854565,13.98700,1,25,16777215,2026-09-27 12:22:21,1790482941,0,e05d3015,2209490067432234240,0
BV126ht6qESe,117319632165022,【苏星河车机】别急着说你用过豆包，我这个你真没见过,苏星河牛通,2026-09-25 17:00:00,1433340,1118,1,【苏星河车机】别急着说你用过豆包，我这个你真没见过2,42185854565,20.92800,1,25,16777215,2026-09-27 12:22:07,1790482927,0,7df949c4,2209489952239883264,豆包我不用
BV126ht6qESe,117319632165022,【苏星河车机】别急着说你用过豆包，我这个你真没见过,苏星河牛通,2026-09-25 17:00:00,1433340,1118,1,【苏星河车机】别急着说你用过豆包，我这个你真没见过2,42185854565,2.91400,1,25,16777215,2026-09-27 12:21:51,1790482911,0,5b870719,2209489816100434944,0
BV126ht6qESe,117319632165022,【苏星河车机】别急着说你用过豆包，我这个你真没见过,苏星河牛通,2026-09-25 17:00:00,1433340,1118,1,【苏星河车机】别急着说你用过豆包，我这个你真没见过2,42185854565,6.47900,1,25,16777215,2026-09-27 12:21:32,1790482892,0,aeff0d0f,2209489654980703232,0
BV126ht6qESe,117319632165022,【苏星河车机】别急着说你用过豆包，我这个你真没见过,苏星河牛通,2026-09-25 17:00:00,1433340,1118,1,【苏星河车机】别急着说你用过豆包，我这个你真没见过2,42185854565,109.97800,1,25,16777215,2026-09-27 12:21:30,1790482890,0,d0af020a,2209489641793710592,星川の王子様
BV126ht6qESe,117319632165022,【苏星河车机】别急着说你用过豆包，我这个你真没见过,苏星河牛通,2026-09-25 17:00:00,1433340,1118,1,【苏星河车机】别急着说你用过豆包，我这个你真没见过2,42185854565,1.89800,1,25,16777215,2026-09-27 12:21:21,1790482881,0,3ea8e60c,2209489569291494912,0
BV126ht6qESe,117319632165022,【苏星河车机】别急着说你用过豆包，我这个你真没见过,苏星河牛通,2026-09-25 17:00:00,1433340,1118,1,【苏星河车机】别急着说你用过豆包，我这个你真没见过2,42185854565,6.14700,1,25,16777215,2026-09-27 12:21:16,1790482876,0,7efdadce,2209489522709053184,0
BV126ht6qESe,117319632165022,【苏星河车机】别急着说你用过豆包，我这个你真没见过,苏星河牛通,2026-09-25 17:00:00,1433340,1118,1,【苏星河车机】别急着说你用过豆包，我这个你真没见过2,42185854565,6.70900,1,25,16777215,2026-09-27 12:21:03,1790482863,0,66e43ee2,2209489414386671104,0
BV126ht6qESe,117319632165022,【苏星河车机】别急着说你用过豆包，我这个你真没见过,苏星河牛通,2026-09-25 17:00:00,1433340,1118,1,【苏星河车机】别急着说你用过豆包，我这个你真没见过2,42185854565,3.58000,1,25,16777215,2026-09-27 12:20:44,1790482844,0,10c4bb21,2209489260129276416,0
BV126ht6qESe,117319632165022,【苏星河车机】别急着说你用过豆包，我这个你真没见过,苏星河牛通,2026-09-25 17:00:00,1433340,1118,1,【苏星河车机】别急着说你用过豆包，我这个你真没见过2,42185854565,2.32100,1,25,16777215,2026-09-27 12:20:41,1790482841,0,a5b926e3,2209489232077835008,0
BV126ht6qESe,117319632165022,【苏星河车机】别急着说你用过豆包，我这个你真没见过,苏星河牛通,2026-09-25 17:00:00,1433340,1118,1,【苏星河车机】别急着说你用过豆包，我这个你真没见过2,42185854565,13.40800,1,25,16777215,2026-09-27 12:20:33,1790482833,0,41a73f5e,2209489163609756672,0个
BV126ht6qESe,117319632165022,【苏星河车机】别急着说你用过豆包，我这个你真没见过,苏星河牛通,2026-09-25 17:00:00,1433340,1118,1,【苏星河车机】别急着说你用过豆包，我这个你真没见过2,42185854565,21.69100,1,25,16777215,2026-09-27 12:20:20,1790482820,0,a2ee8070,2209489058869343232,3
BV126ht6qESe,117319632165022,【苏星河车机】别急着说你用过豆包，我这个你真没见过,苏星河牛通,2026-09-25 17:00:00,1433340,1118,1,【苏星河车机】别急着说你用过豆包，我这个你真没见过2,42185854565,4.99100,5,25,15138834,2026-09-27 12:20:11,1790482811,0,35e62e6,2209488978280515328,0
BV126ht6qESe,117319632165022,【苏星河车机】别急着说你用过豆包，我这个你真没见过,苏星河牛通,2026-09-25 17:00:00,1433340,1118,1,【苏星河车机】别急着说你用过豆包，我这个你真没见过2,42185854565,19.24200,1,25,16777215,2026-09-27 12:19:50,1790482790,0,350071a8,2209488805902209280,ai哪来的性别别招笑了
BV126ht6qESe,117319632165022,【苏星河车机】别急着说你用过豆包，我这个你真没见过,苏星河牛通,2026-09-25 17:00:00,1433340,1118,1,【苏星河车机】别急着说你用过豆包，我这个你真没见过2,42185854565,21.89700,1,25,16777215,2026-09-27 12:19:47,1790482787,0,5384b43e,2209488778186522624,现在才知道豆包是女性，他不是AI吗？
BV126ht6qESe,117319632165022,【苏星河车机】别急着说你用过豆包，我这个你真没见过,苏星河牛通,2026-09-25 17:00:00,1433340,1118,1,【苏星河车机】别急着说你用过豆包，我这个你真没见过2,42185854565,2.15200,1,25,16777215,2026-09-27 12:19:38,1790482778,0,63fdb572,2209488701271088896,8
BV126ht6qESe,117319632165022,【苏星河车机】别急着说你用过豆包，我这个你真没见过,苏星河牛通,2026-09-25 17:00:00,1433340,1118,1,【苏星河车机】别急着说你用过豆包，我这个你真没见过2,42185854565,5.39800,1,25,16777215,2026-09-27 12:19:24,1790482764,0,fc6057dc,2209488586573785600,0
BV126ht6qESe,117319632165022,【苏星河车机】别急着说你用过豆包，我这个你真没见过,苏星河牛通,2026-09-25 17:00:00,1433340,1118,1,【苏星河车机】别急着说你用过豆包，我这个你真没见过2,42185854565,175.41300,1,25,16777215,2026-09-27 12:19:20,1790482760,0,f472bdb9,2209488551123356160,那豆包也太绅士了
BV126ht6qESe,117319632165022,【苏星河车机】别急着说你用过豆包，我这个你真没见过,苏星河牛通,2026-09-25 17:00:00,1433340,1118,1,【苏星河车机】别急着说你用过豆包，我这个你真没见过2,42185854565,7.82000,1,25,16777215,2026-09-27 12:19:02,1790482742,0,5d99fb22,2209488404751316224,没有一个
BV126ht6qESe,117319632165022,【苏星河车机】别急着说你用过豆包，我这个你真没见过,苏星河牛通,2026-09-25 17:00:00,1433340,1118,1,【苏星河车机】别急着说你用过豆包，我这个你真没见过2,42185854565,7.58600,1,25,16777215,2026-09-27 12:18:53,1790482733,0,d7648b72,2209488326510402816,豆包算吗
BV126ht6qESe,117319632165022,【苏星河车机】别急着说你用过豆包，我这个你真没见过,苏星河牛通,2026-09-25 17:00:00,1433340,1118,1,【苏星河车机】别急着说你用过豆包，我这个你真没见过2,42185854565,3.12600,1,25,16777215,2026-09-27 12:18:51,1790482731,0,6afd52e7,2209488308944692736,0
BV126ht6qESe,117319632165022,【苏星河车机】别急着说你用过豆包，我这个你真没见过,苏星河牛通,2026-09-25 17:00:00,1433340,1118,1,【苏星河车机】别急着说你用过豆包，我这个你真没见过2,42185854565,23.19600,1,25,16777215,2026-09-27 12:18:44,1790482724,0,15a489c8,2209488250115660032,我用的千问
BV126ht6qESe,117319632165022,【苏星河车机】别急着说你用过豆包，我这个你真没见过,苏星河牛通,2026-09-25 17:00:00,1433340,1118,1,【苏星河车机】别急着说你用过豆包，我这个你真没见过2,42185854565,2.39300,1,25,16777215,2026-09-27 12:18:42,1790482722,0,aab8ebbb,2209488232004126464,0
BV126ht6qESe,117319632165022,【苏星河车机】别急着说你用过豆包，我这个你真没见过,苏星河牛通,2026-09-25 17:00:00,1433340,1118,1,【苏星河车机】别急着说你用过豆包，我这个你真没见过2,42185854565,64.24400,1,25,16777215,2026-09-27 12:18:34,1790482714,0,d9545749,2209488164778318848,那完了
BV126ht6qESe,117319632165022,【苏星河车机】别急着说你用过豆包，我这个你真没见过,苏星河牛通,2026-09-25 17:00:00,1433340,1118,1,【苏星河车机】别急着说你用过豆包，我这个你真没见过2,42185854565,110.20600,1,25,16777215,2026-09-27 12:18:26,1790482706,0,f737eb1d,2209488095891201792,豆包牛逼啊
BV126ht6qESe,117319632165022,【苏星河车机】别急着说你用过豆包，我这个你真没见过,苏星河牛通,2026-09-25 17:00:00,1433340,1118,1,【苏星河车机】别急着说你用过豆包，我这个你真没见过2,42185854565,10.09800,1,25,16777215,2026-09-27 12:18:20,1790482700,0,60eb2536,2209488049644154112,1个
BV126ht6qESe,117319632165022,【苏星河车机】别急着说你用过豆包，我这个你真没见过,苏星河牛通,2026-09-25 17:00:00,1433340,1118,1,【苏星河车机】别急着说你用过豆包，我这个你真没见过2,42185854565,4.89200,1,25,16777215,2026-09-27 12:18:15,1790482695,0,65323e40,2209488003230567680,0
BV126ht6qESe,117319632165022,【苏星河车机】别急着说你用过豆包，我这个你真没见过,苏星河牛通,2026-09-25 17:00:00,1433340,1118,1,【苏星河车机】别急着说你用过豆包，我这个你真没见过2,42185854565,21.18800,1,25,16777215,2026-09-27 12:18:09,1790482689,0,8262311d,2209487960113244160,？你管一个AI叫女性
BV126ht6qESe,117319632165022,【苏星河车机】别急着说你用过豆包，我这个你真没见过,苏星河牛通,2026-09-25 17:00:00,1433340,1118,1,【苏星河车机】别急着说你用过豆包，我这个你真没见过2,42185854565,7.99700,1,25,16777215,2026-09-27 12:18:08,1790482688,0,bab52896,2209487948846610432,5
BV126ht6qESe,117319632165022,【苏星河车机】别急着说你用过豆包，我这个你真没见过,苏星河牛通,2026-09-25 17:00:00,1433340,1118,1,【苏星河车机】别急着说你用过豆包，我这个你真没见过2,42185854565,2.97900,1,25,16777215,2026-09-27 12:18:03,1790482683,0,7881be83,2209487904261581568,0
BV126ht6qESe,117319632165022,【苏星河车机】别急着说你用过豆包，我这个你真没见过,苏星河牛通,2026-09-25 17:00:00,1433340,1118,1,【苏星河车机】别急着说你用过豆包，我这个你真没见过2,42185854565,17.61200,1,25,16777215,2026-09-27 12:18:01,1790482681,0,2583678b,2209487886159015168,1
BV126ht6qESe,117319632165022,【苏星河车机】别急着说你用过豆包，我这个你真没见过,苏星河牛通,2026-09-25 17:00:00,1433340,1118,1,【苏星河车机】别急着说你用过豆包，我这个你真没见过2,42185854565,6.61600,1,25,16777215,2026-09-27 12:18:00,1790482680,0,e1e2f8a,2209487880035135488,0
BV126ht6qESe,117319632165022,【苏星河车机】别急着说你用过豆包，我这个你真没见过,苏星河牛通,2026-09-25 17:00:00,1433340,1118,1,【苏星河车机】别急着说你用过豆包，我这个你真没见过2,42185854565,13.41000,1,25,16777215,2026-09-27 12:17:54,1790482674,0,bf2c13e5,2209487826683929856,1个
BV126ht6qESe,117319632165022,【苏星河车机】别急着说你用过豆包，我这个你真没见过,苏星河牛通,2026-09-25 17:00:00,1433340,1118,1,【苏星河车机】别急着说你用过豆包，我这个你真没见过2,42185854565,4.72400,1,25,16777215,2026-09-27 12:17:51,1790482671,0,47ea01c9,2209487801601521920,0
BV126ht6qESe,117319632165022,【苏星河车机】别急着说你用过豆包，我这个你真没见过,苏星河牛通,2026-09-25 17:00:00,1433340,1118,1,【苏星河车机】别急着说你用过豆包，我这个你真没见过2,42185854565,6.89500,1,25,16777215,2026-09-27 12:17:50,1790482670,0,61ad14e1,2209487798590436096,没有
BV126ht6qESe,117319632165022,【苏星河车机】别急着说你用过豆包，我这个你真没见过,苏星河牛通,2026-09-25 17:00:00,1433340,1118,1,【苏星河车机】别急着说你用过豆包，我这个你真没见过2,42185854565,6.74300,1,25,16777215,2026-09-27 12:17:50,1790482670,0,e9a8b086,2209487793146052352,0
BV126ht6qESe,117319632165022,【苏星河车机】别急着说你用过豆包，我这个你真没见过,苏星河牛通,2026-09-25 17:00:00,1433340,1118,1,【苏星河车机】别急着说你用过豆包，我这个你真没见过2,42185854565,292.79100,1,25,16777215,2026-09-27 12:17:49,1790482669,0,82a6436c,2209487787877755136,这个跟身高有关系
BV126ht6qESe,117319632165022,【苏星河车机】别急着说你用过豆包，我这个你真没见过,苏星河牛通,2026-09-25 17:00:00,1433340,1118,1,【苏星河车机】别急着说你用过豆包，我这个你真没见过2,42185854565,6.52900,1,25,16777215,2026-09-27 12:17:46,1790482666,0,c5d3293c,2209487766411192320,0
BV126ht6qESe,117319632165022,【苏星河车机】别急着说你用过豆包，我这个你真没见过,苏星河牛通,2026-09-25 17:00:00,1433340,1118,1,【苏星河车机】别急着说你用过豆包，我这个你真没见过2,42185854565,8.50800,1,25,16777215,2026-09-27 12:17:46,1790482666,0,4ef50218,2209487762200292352,8个
BV126ht6qESe,117319632165022,【苏星河车机】别急着说你用过豆包，我这个你真没见过,苏星河牛通,2026-09-25 17:00:00,1433340,1118,1,【苏星河车机】别急着说你用过豆包，我这个你真没见过2,42185854565,6.67300,1,25,16777215,2026-09-27 12:17:39,1790482659,0,96e3a390,2209487702020431616,0
BV126ht6qESe,117319632165022,【苏星河车机】别急着说你用过豆包，我这个你真没见过,苏星河牛通,2026-09-25 17:00:00,1433340,1118,1,【苏星河车机】别急着说你用过豆包，我这个你真没见过2,42185854565,1.20000,1,25,16777215,2026-09-27 12:17:27,1790482647,0,a00ff724,2209487605987915008,0
BV126ht6qESe,117319632165022,【苏星河车机】别急着说你用过豆包，我这个你真没见过,苏星河牛通,2026-09-25 17:00:00,1433340,1118,1,【苏星河车机】别急着说你用过豆包，我这个你真没见过2,42185854565,4.25200,1,25,16777215,2026-09-27 12:17:26,1790482646,0,874f74f,2209487594151619840,0
BV126ht6qESe,117319632165022,【苏星河车机】别急着说你用过豆包，我这个你真没见过,苏星河牛通,2026-09-25 17:00:00,1433340,1118,1,【苏星河车机】别急着说你用过豆包，我这个你真没见过2,42185854565,273.05800,1,25,16777215,2026-09-27 12:17:05,1790482625,0,7b47aa81,2209487417688807936,还不如放音乐
BV126ht6qESe,117319632165022,【苏星河车机】别急着说你用过豆包，我这个你真没见过,苏星河牛通,2026-09-25 17:00:00,1433340,1118,1,【苏星河车机】别急着说你用过豆包，我这个你真没见过2,42185854565,3.01500,1,25,16777215,2026-09-27 12:17:00,1790482620,0,a23f7abe,2209487379813730816,0
BV126ht6qESe,117319632165022,【苏星河车机】别急着说你用过豆包，我这个你真没见过,苏星河牛通,2026-09-25 17:00:00,1433340,1118,1,【苏星河车机】别急着说你用过豆包，我这个你真没见过2,42185854565,4.53200,1,25,16777215,2026-09-27 12:17:00,1790482620,0,257a5652,2209487374713413120,0
BV126ht6qESe,117319632165022,【苏星河车机】别急着说你用过豆包，我这个你真没见过,苏星河牛通,2026-09-25 17:00:00,1433340,1118,1,【苏星河车机】别急着说你用过豆包，我这个你真没见过2,42185854565,5.70700,1,25,16777215,2026-09-27 12:16:58,1790482618,0,d100c59f,2209487357634998528,0
BV126ht6qESe,117319632165022,【苏星河车机】别急着说你用过豆包，我这个你真没见过,苏星河牛通,2026-09-25 17:00:00,1433340,1118,1,【苏星河车机】别急着说你用过豆包，我这个你真没见过2,42185854565,7.05800,5,25,15138834,2026-09-27 12:16:46,1790482606,0,a2e782de,2209487262281720064,一个没有，真的
BV126ht6qESe,117319632165022,【苏星河车机】别急着说你用过豆包，我这个你真没见过,苏星河牛通,2026-09-25 17:00:00,1433340,1118,1,【苏星河车机】别急着说你用过豆包，我这个你真没见过2,42185854565,5.75200,1,25,16777215,2026-09-27 12:16:42,1790482602,0,ba0388be,2209487229942837248,0
BV126ht6qESe,117319632165022,【苏星河车机】别急着说你用过豆包，我这个你真没见过,苏星河牛通,2026-09-25 17:00:00,1433340,1118,1,【苏星河车机】别急着说你用过豆包，我这个你真没见过2,42185854565,0.23900,1,25,41194,2026-09-27 12:16:42,1790482602,0,c6ba27de,2209487225296065536,2
BV126ht6qESe,117319632165022,【苏星河车机】别急着说你用过豆包，我这个你真没见过,苏星河牛通,2026-09-25 17:00:00,1433340,1118,1,【苏星河车机】别急着说你用过豆包，我这个你真没见过2,42185854565,5.09000,1,25,16777215,2026-09-27 12:16:34,1790482594,0,9060ccac,2209487159865126144,0
BV126ht6qESe,117319632165022,【苏星河车机】别急着说你用过豆包，我这个你真没见过,苏星河牛通,2026-09-25 17:00:00,1433340,1118,1,【苏星河车机】别急着说你用过豆包，我这个你真没见过2,42185854565,17.52000,1,25,16777215,2026-09-27 12:16:23,1790482583,0,6fe3b5fa,2209487069050123776,不用这东西
BV126ht6qESe,117319632165022,【苏星河车机】别急着说你用过豆包，我这个你真没见过,苏星河牛通,2026-09-25 17:00:00,1433340,1118,1,【苏星河车机】别急着说你用过豆包，我这个你真没见过2,42185854565,20.26500,1,25,16777215,2026-09-27 12:16:20,1790482580,0,bf2d1d8e,2209487045318130688,毛晓彤
BV126ht6qESe,117319632165022,【苏星河车机】别急着说你用过豆包，我这个你真没见过,苏星河牛通,2026-09-25 17:00:00,1433340,1118,1,【苏星河车机】别急着说你用过豆包，我这个你真没见过2,42185854565,4.55300,1,25,16777215,2026-09-27 12:16:16,1790482576,0,2e20adf,2209487005539577600,0
BV126ht6qESe,117319632165022,【苏星河车机】别急着说你用过豆包，我这个你真没见过,苏星河牛通,2026-09-25 17:00:00,1433340,1118,1,【苏星河车机】别急着说你用过豆包，我这个你真没见过2,42185854565,6.28900,1,25,16777215,2026-09-27 12:16:08,1790482568,0,fb53858f,2209486938262692352,0
BV126ht6qESe,117319632165022,【苏星河车机】别急着说你用过豆包，我这个你真没见过,苏星河牛通,2026-09-25 17:00:00,1433340,1118,1,【苏星河车机】别急着说你用过豆包，我这个你真没见过2,42185854565,6.28200,5,25,15138834,2026-09-27 12:15:31,1790482531,0,752ccff9,2209486633815416064,0
BV126ht6qESe,117319632165022,【苏星河车机】别急着说你用过豆包，我这个你真没见过,苏星河牛通,2026-09-25 17:00:00,1433340,1118,1,【苏星河车机】别急着说你用过豆包，我这个你真没见过2,42185854565,16.42300,1,25,16777215,2026-09-27 12:14:53,1790482493,0,97910f89,2209486309117666304,1
BV126ht6qESe,117319632165022,【苏星河车机】别急着说你用过豆包，我这个你真没见过,苏星河牛通,2026-09-25 17:00:00,1433340,1118,1,【苏星河车机】别急着说你用过豆包，我这个你真没见过2,42185854565,5.15900,1,25,16777215,2026-09-27 12:14:08,1790482448,0,5ebd1b6f,2209485931286222336,0
BV126ht6qESe,117319632165022,【苏星河车机】别急着说你用过豆包，我这个你真没见过,苏星河牛通,2026-09-25 17:00:00,1433340,1118,1,【苏星河车机】别急着说你用过豆包，我这个你真没见过2,42185854565,6.40000,1,25,16777215,2026-09-27 12:13:48,1790482428,0,20cace2e,2209485766407537920,0
BV126ht6qESe,117319632165022,【苏星河车机】别急着说你用过豆包，我这个你真没见过,苏星河牛通,2026-09-25 17:00:00,1433340,1118,1,【苏星河车机】别急着说你用过豆包，我这个你真没见过2,42185854565,71.74300,1,25,16777215,2026-09-27 12:13:38,1790482418,0,7b47aa81,2209485683092475648,什么车
BV126ht6qESe,117319632165022,【苏星河车机】别急着说你用过豆包，我这个你真没见过,苏星河牛通,2026-09-25 17:00:00,1433340,1118,1,【苏星河车机】别急着说你用过豆包，我这个你真没见过2,42185854565,3.38000,1,25,16777215,2026-09-27 12:13:08,1790482388,0,f69b5cb,2209485432616982784,0
BV126ht6qESe,117319632165022,【苏星河车机】别急着说你用过豆包，我这个你真没见过,苏星河牛通,2026-09-25 17:00:00,1433340,1118,1,【苏星河车机】别急着说你用过豆包，我这个你真没见过2,42185854565,3.78600,1,25,16777215,2026-09-27 12:12:52,1790482372,0,8f44671,2209485299321547776,5
BV126ht6qESe,117319632165022,【苏星河车机】别急着说你用过豆包，我这个你真没见过,苏星河牛通,2026-09-25 17:00:00,1433340,1118,1,【苏星河车机】别急着说你用过豆包，我这个你真没见过2,42185854565,3.60000,5,25,15138834,2026-09-27 12:12:33,1790482353,0,ba142fa8,2209485141313702656,3
BV126ht6qESe,117319632165022,【苏星河车机】别急着说你用过豆包，我这个你真没见过,苏星河牛通,2026-09-25 17:00:00,1433340,1118,1,【苏星河车机】别急着说你用过豆包，我这个你真没见过2,42185854565,38.77400,1,25,16777215,2026-09-27 12:12:27,1790482347,0,7b47aa81,2209485084607302144,这啥车啊
BV126ht6qESe,117319632165022,【苏星河车机】别急着说你用过豆包，我这个你真没见过,苏星河牛通,2026-09-25 17:00:00,1433340,1118,1,【苏星河车机】别急着说你用过豆包，我这个你真没见过2,42185854565,19.75700,1,25,16777215,2026-09-27 12:12:22,1790482342,0,658cac1c,2209485043838818048,豆包是男的
BV126ht6qESe,117319632165022,【苏星河车机】别急着说你用过豆包，我这个你真没见过,苏星河牛通,2026-09-25 17:00:00,1433340,1118,1,【苏星河车机】别急着说你用过豆包，我这个你真没见过2,42185854565,34.58500,1,25,16777215,2026-09-27 12:11:16,1790482276,0,7b47aa81,2209484490995703296,不要
BV126ht6qESe,117319632165022,【苏星河车机】别急着说你用过豆包，我这个你真没见过,苏星河牛通,2026-09-25 17:00:00,1433340,1118,1,【苏星河车机】别急着说你用过豆包，我这个你真没见过2,42185854565,22.91800,1,25,16777215,2026-09-27 12:10:59,1790482259,0,7b47aa81,2209484352307038464,der包
BV126ht6qESe,117319632165022,【苏星河车机】别急着说你用过豆包，我这个你真没见过,苏星河牛通,2026-09-25 17:00:00,1433340,1118,1,【苏星河车机】别急着说你用过豆包，我这个你真没见过2,42185854565,22.50000,1,25,16777215,2026-09-27 12:10:22,1790482222,0,8fe5eb5d,2209484041089193984,AI有性别吗
BV126ht6qESe,117319632165022,【苏星河车机】别急着说你用过豆包，我这个你真没见过,苏星河牛通,2026-09-25 17:00:00,1433340,1118,1,【苏星河车机】别急着说你用过豆包，我这个你真没见过2,42185854565,42.74600,1,25,16777215,2026-09-27 12:02:22,1790481742,0,c76d6b22,2209480010380415744,看着很糙啊。
BV126ht6qESe,117319632165022,【苏星河车机】别急着说你用过豆包，我这个你真没见过,苏星河牛通,2026-09-25 17:00:00,1433340,1118,1,【苏星河车机】别急着说你用过豆包，我这个你真没见过2,42185854565,590.93500,1,25,16777215,2026-09-27 12:01:41,1790481701,0,b85245b4,2209479666623570944,你看我信吗
BV126ht6qESe,117319632165022,【苏星河车机】别急着说你用过豆包，我这个你真没见过,苏星河牛通,2026-09-25 17:00:00,1433340,1118,1,【苏星河车机】别急着说你用过豆包，我这个你真没见过2,42185854565,3.11400,1,25,16777215,2026-09-27 11:59:20,1790481560,0,3ad9fc3,2209478481187068416,0
BV126ht6qESe,117319632165022,【苏星河车机】别急着说你用过豆包，我这个你真没见过,苏星河牛通,2026-09-25 17:00:00,1433340,1118,1,【苏星河车机】别急着说你用过豆包，我这个你真没见过2,42185854565,35.93100,1,25,16777215,2026-09-27 11:59:12,1790481552,0,6a9ae697,2209478419371020800,啊？....最后帮你干嘛？......
BV126ht6qESe,117319632165022,【苏星河车机】别急着说你用过豆包，我这个你真没见过,苏星河牛通,2026-09-25 17:00:00,1433340,1118,1,【苏星河车机】别急着说你用过豆包，我这个你真没见过2,42185854565,393.52300,5,25,16776960,2026-09-27 11:58:31,1790481511,0,6bc2c7b9,2209478076797475840,What's UP ?!就这！外国友人：Nice！ChineseAI
BV126ht6qESe,117319632165022,【苏星河车机】别急着说你用过豆包，我这个你真没见过,苏星河牛通,2026-09-25 17:00:00,1433340,1118,1,【苏星河车机】别急着说你用过豆包，我这个你真没见过2,42185854565,477.67800,1,25,16777215,2026-09-27 11:50:11,1790481011,0,5ad3db8b,2209473879691931136,这有点偷换概念了，为强调隐私安全却弱化行驶安全了
BV126ht6qESe,117319632165022,【苏星河车机】别急着说你用过豆包，我这个你真没见过,苏星河牛通,2026-09-25 17:00:00,1433340,1118,1,【苏星河车机】别急着说你用过豆包，我这个你真没见过2,42185854565,36.50000,1,25,16777215,2026-09-27 11:44:24,1790480664,0,941dfdb1,2209470972577501440,完蛋操
BV126ht6qESe,117319632165022,【苏星河车机】别急着说你用过豆包，我这个你真没见过,苏星河牛通,2026-09-25 17:00:00,1433340,1118,1,【苏星河车机】别急着说你用过豆包，我这个你真没见过2,42185854565,605.63400,1,25,16777215,2026-09-27 11:41:05,1790480465,0,ee2b12c5,2209469296416547072,真牛逼啊
BV126ht6qESe,117319632165022,【苏星河车机】别急着说你用过豆包，我这个你真没见过,苏星河牛通,2026-09-25 17:00:00,1433340,1118,1,【苏星河车机】别急着说你用过豆包，我这个你真没见过2,42185854565,18.40800,1,25,16777215,2026-09-27 11:39:11,1790480351,0,1795f496,2209468343008963328,没有，我是chatgpt
BV126ht6qESe,117319632165022,【苏星河车机】别急着说你用过豆包，我这个你真没见过,苏星河牛通,2026-09-25 17:00:00,1433340,1118,1,【苏星河车机】别急着说你用过豆包，我这个你真没见过2,42185854565,664.63900,1,25,16777215,2026-09-27 11:39:08,1790480348,0,fb3e721d,2209468318346844416,如果老公想知道老婆…
BV126ht6qESe,117319632165022,【苏星河车机】别急着说你用过豆包，我这个你真没见过,苏星河牛通,2026-09-25 17:00:00,1433340,1118,1,【苏星河车机】别急着说你用过豆包，我这个你真没见过2,42185854565,536.46800,1,25,16777215,2026-09-27 11:36:47,1790480207,0,fb3e721d,2209467131375639552,成都…
BV126ht6qESe,117319632165022,【苏星河车机】别急着说你用过豆包，我这个你真没见过,苏星河牛通,2026-09-25 17:00:00,1433340,1118,1,【苏星河车机】别急着说你用过豆包，我这个你真没见过2,42185854565,4.49500,1,25,16777215,2026-09-27 11:36:36,1790480196,0,f7ca826c,2209467046130143488,0
BV126ht6qESe,117319632165022,【苏星河车机】别急着说你用过豆包，我这个你真没见过,苏星河牛通,2026-09-25 17:00:00,1433340,1118,1,【苏星河车机】别急着说你用过豆包，我这个你真没见过2,42185854565,20.06700,5,25,16777215,2026-09-27 11:31:26,1790479886,0,fcea45fb,2209464446333305600,不，我强行把豆包扭性了，我的豆包是个男的！
BV126ht6qESe,117319632165022,【苏星河车机】别急着说你用过豆包，我这个你真没见过,苏星河牛通,2026-09-25 17:00:00,1433340,1118,1,【苏星河车机】别急着说你用过豆包，我这个你真没见过2,42185854565,251.66800,1,25,16777215,2026-09-27 11:31:17,1790479877,0,fb3e721d,2209464365030930944,然后推荐了附近的公厕
BV126ht6qESe,117319632165022,【苏星河车机】别急着说你用过豆包，我这个你真没见过,苏星河牛通,2026-09-25 17:00:00,1433340,1118,1,【苏星河车机】别急着说你用过豆包，我这个你真没见过2,42185854565,176.87400,1,25,16777215,2026-09-27 11:29:20,1790479760,0,fb3e721d,2209463384704380160,没钱咋办
BV126ht6qESe,117319632165022,【苏星河车机】别急着说你用过豆包，我这个你真没见过,苏星河牛通,2026-09-25 17:00:00,1433340,1118,1,【苏星河车机】别急着说你用过豆包，我这个你真没见过2,42185854565,146.66600,1,25,16777215,2026-09-27 11:28:43,1790479723,0,fb3e721d,2209463077396348160,这如果车内开战岂不是被豆包上传了？
BV126ht6qESe,117319632165022,【苏星河车机】别急着说你用过豆包，我这个你真没见过,苏星河牛通,2026-09-25 17:00:00,1433340,1118,1,【苏星河车机】别急着说你用过豆包，我这个你真没见过2,42185854565,112.44700,1,25,16777215,2026-09-27 11:27:52,1790479672,0,fb3e721d,2209462644435154688,这…
BV126ht6qESe,117319632165022,【苏星河车机】别急着说你用过豆包，我这个你真没见过,苏星河牛通,2026-09-25 17:00:00,1433340,1118,1,【苏星河车机】别急着说你用过豆包，我这个你真没见过2,42185854565,44.77700,1,25,16777215,2026-09-27 11:26:38,1790479598,0,fb3e721d,2209462026748082176,安排个特色spa算不算娱乐？
BV126ht6qESe,117319632165022,【苏星河车机】别急着说你用过豆包，我这个你真没见过,苏星河牛通,2026-09-25 17:00:00,1433340,1118,1,【苏星河车机】别急着说你用过豆包，我这个你真没见过2,42185854565,99.46800,1,25,16777215,2026-09-27 11:25:16,1790479516,0,f1a9a351,2209461342438569984,还有万万没想到
BV126ht6qESe,117319632165022,【苏星河车机】别急着说你用过豆包，我这个你真没见过,苏星河牛通,2026-09-25 17:00:00,1433340,1118,1,【苏星河车机】别急着说你用过豆包，我这个你真没见过2,42185854565,274.61500,5,25,15138834,2026-09-27 11:22:15,1790479335,0,221255e5,2209459819378400512,只不过是以前
BV126ht6qESe,117319632165022,【苏星河车机】别急着说你用过豆包，我这个你真没见过,苏星河牛通,2026-09-25 17:00:00,1433340,1118,1,【苏星河车机】别急着说你用过豆包，我这个你真没见过2,42185854565,16.75700,1,25,16777215,2026-09-27 11:17:51,1790479071,0,f79a5088,2209457603032546304,《女性》
BV126ht6qESe,117319632165022,【苏星河车机】别急着说你用过豆包，我这个你真没见过,苏星河牛通,2026-09-25 17:00:00,1433340,1118,1,【苏星河车机】别急着说你用过豆包，我这个你真没见过2,42185854565,458.26300,1,25,16777215,2026-09-27 11:12:41,1790478761,0,e2714d45,2209455006850825728,我要的就是花里胡哨
BV126ht6qESe,117319632165022,【苏星河车机】别急着说你用过豆包，我这个你真没见过,苏星河牛通,2026-09-25 17:00:00,1433340,1118,1,【苏星河车机】别急着说你用过豆包，我这个你真没见过2,42185854565,6.66900,1,25,16777215,2026-09-27 11:10:43,1790478643,0,a7e2db35,2209454016399361280,0
BV126ht6qESe,117319632165022,【苏星河车机】别急着说你用过豆包，我这个你真没见过,苏星河牛通,2026-09-25 17:00:00,1433340,1118,1,【苏星河车机】别急着说你用过豆包，我这个你真没见过2,42185854565,633.07700,1,25,16777215,2026-09-27 11:09:00,1790478540,0,4513478f,2209453153404508416,安全护栏和审核机制万岁
BV126ht6qESe,117319632165022,【苏星河车机】别急着说你用过豆包，我这个你真没见过,苏星河牛通,2026-09-25 17:00:00,1433340,1118,1,【苏星河车机】别急着说你用过豆包，我这个你真没见过2,42185854565,6.58900,1,25,16777215,2026-09-27 11:06:36,1790478396,0,7cc0081,2209451943825898496,那太多了，我儿子上小学了，认识好几个家长
BV126ht6qESe,117319632165022,【苏星河车机】别急着说你用过豆包，我这个你真没见过,苏星河牛通,2026-09-25 17:00:00,1433340,1118,1,【苏星河车机】别急着说你用过豆包，我这个你真没见过2,42185854565,20.11500,1,25,16777215,2026-09-27 11:06:29,1790478389,0,b17af778,2209451882848707072,被美国收购了
BV126ht6qESe,117319632165022,【苏星河车机】别急着说你用过豆包，我这个你真没见过,苏星河牛通,2026-09-25 17:00:00,1433340,1118,1,【苏星河车机】别急着说你用过豆包，我这个你真没见过2,42185854565,74.30600,5,25,15138834,2026-09-27 11:03:39,1790478219,0,ed891b13,2209450457557071872,背景音乐:sans
BV126ht6qESe,117319632165022,【苏星河车机】别急着说你用过豆包，我这个你真没见过,苏星河牛通,2026-09-25 17:00:00,1433340,1118,1,【苏星河车机】别急着说你用过豆包，我这个你真没见过2,42185854565,436.74700,1,25,16777215,2026-09-27 11:02:37,1790478157,0,3aad7f9e,2209449942211139584,那么这是什么车呢
BV126ht6qESe,117319632165022,【苏星河车机】别急着说你用过豆包，我这个你真没见过,苏星河牛通,2026-09-25 17:00:00,1433340,1118,1,【苏星河车机】别急着说你用过豆包，我这个你真没见过2,42185854565,675.02100,1,25,16777215,2026-09-27 11:01:18,1790478078,0,8c99230d,2209449279544950272,那你对象出轨了，ai也会帮她隐瞒吗
BV126ht6qESe,117319632165022,【苏星河车机】别急着说你用过豆包，我这个你真没见过,苏星河牛通,2026-09-25 17:00:00,1433340,1118,1,【苏星河车机】别急着说你用过豆包，我这个你真没见过2,42185854565,21.19200,1,25,16707842,2026-09-27 11:01:12,1790478072,0,ed016b2d,2209449224843130368,没有，我是千问
BV126ht6qESe,117319632165022,【苏星河车机】别急着说你用过豆包，我这个你真没见过,苏星河牛通,2026-09-25 17:00:00,1433340,1118,1,【苏星河车机】别急着说你用过豆包，我这个你真没见过2,42185854565,633.74900,1,25,16777215,2026-09-27 10:59:50,1790477990,0,8c99230d,2209448534871315456,那ai能张口就来，你又怎么确定它对你说的是不是真的
BV126ht6qESe,117319632165022,【苏星河车机】别急着说你用过豆包，我这个你真没见过,苏星河牛通,2026-09-25 17:00:00,1433340,1118,1,【苏星河车机】别急着说你用过豆包，我这个你真没见过2,42185854565,70.92100,1,25,16777215,2026-09-27 10:57:00,1790477820,0,4513478f,2209447113187459840,我能接入deepseekv4.1么，我喜欢蓝色大肥鱼
BV126ht6qESe,117319632165022,【苏星河车机】别急着说你用过豆包，我这个你真没见过,苏星河牛通,2026-09-25 17:00:00,1433340,1118,1,【苏星河车机】别急着说你用过豆包，我这个你真没见过2,42185854565,5.76600,1,25,16777215,2026-09-27 10:55:38,1790477738,0,de3cc598,2209446421311114496,0
BV126ht6qESe,117319632165022,【苏星河车机】别急着说你用过豆包，我这个你真没见过,苏星河牛通,2026-09-25 17:00:00,1433340,1118,1,【苏星河车机】别急着说你用过豆包，我这个你真没见过2,42185854565,246.93100,1,25,16777215,2026-09-27 10:54:48,1790477688,0,872fc28,2209446002728076544,为什么要强调北方人！是怕逗包说漏嘴吗？
BV126ht6qESe,117319632165022,【苏星河车机】别急着说你用过豆包，我这个你真没见过,苏星河牛通,2026-09-25 17:00:00,1433340,1118,1,【苏星河车机】别急着说你用过豆包，我这个你真没见过2,42185854565,1.43100,1,25,16777215,2026-09-27 10:53:03,1790477583,0,4a6e49c9,2209445126705720064,1
BV126ht6qESe,117319632165022,【苏星河车机】别急着说你用过豆包，我这个你真没见过,苏星河牛通,2026-09-25 17:00:00,1433340,1118,1,【苏星河车机】别急着说你用过豆包，我这个你真没见过2,42185854565,389.43900,1,25,16777215,2026-09-27 10:49:17,1790477357,0,c779da36,2209443231106681856,欢迎回来
BV126ht6qESe,117319632165022,【苏星河车机】别急着说你用过豆包，我这个你真没见过,苏星河牛通,2026-09-25 17:00:00,1433340,1118,1,【苏星河车机】别急着说你用过豆包，我这个你真没见过2,42185854565,428.13700,1,25,16777215,2026-09-27 10:43:56,1790477036,0,1eed94de,2209440535075530752,《传统》
BV126ht6qESe,117319632165022,【苏星河车机】别急着说你用过豆包，我这个你真没见过,苏星河牛通,2026-09-25 17:00:00,1433340,1118,1,【苏星河车机】别急着说你用过豆包，我这个你真没见过2,42185854565,6.66600,1,25,16777215,2026-09-27 10:39:30,1790476770,0,6ebeb231,2209438302145446912,0
BV126ht6qESe,117319632165022,【苏星河车机】别急着说你用过豆包，我这个你真没见过,苏星河牛通,2026-09-25 17:00:00,1433340,1118,1,【苏星河车机】别急着说你用过豆包，我这个你真没见过2,42185854565,682.45000,1,25,16777215,2026-09-27 10:37:11,1790476631,0,8a0fda6f,2209437137278444288,车机要看对谁忠诚 是对主驾还是副驾
BV126ht6qESe,117319632165022,【苏星河车机】别急着说你用过豆包，我这个你真没见过,苏星河牛通,2026-09-25 17:00:00,1433340,1118,1,【苏星河车机】别急着说你用过豆包，我这个你真没见过2,42185854565,131.88600,1,25,16777215,2026-09-27 10:36:50,1790476610,0,bf05bdb6,2209436962191053568,受不了受不了
BV126ht6qESe,117319632165022,【苏星河车机】别急着说你用过豆包，我这个你真没见过,苏星河牛通,2026-09-25 17:00:00,1433340,1118,1,【苏星河车机】别急着说你用过豆包，我这个你真没见过2,42185854565,632.31600,1,25,16777215,2026-09-27 10:31:35,1790476295,0,8d49f557,2209434317690623744,牛逼
BV126ht6qESe,117319632165022,【苏星河车机】别急着说你用过豆包，我这个你真没见过,苏星河牛通,2026-09-25 17:00:00,1433340,1118,1,【苏星河车机】别急着说你用过豆包，我这个你真没见过2,42185854565,535.55400,5,25,16707842,2026-09-27 10:31:19,1790476279,0,d7fba8a4,2209434183741671424,南无波头摩胜如来
BV126ht6qESe,117319632165022,【苏星河车机】别急着说你用过豆包，我这个你真没见过,苏星河牛通,2026-09-25 17:00:00,1433340,1118,1,【苏星河车机】别急着说你用过豆包，我这个你真没见过2,42185854565,375.34100,5,25,16707842,2026-09-27 10:31:11,1790476271,0,d7fba8a4,2209434120390712320,南无不动如来
BV126ht6qESe,117319632165022,【苏星河车机】别急着说你用过豆包，我这个你真没见过,苏星河牛通,2026-09-25 17:00:00,1433340,1118,1,【苏星河车机】别急着说你用过豆包，我这个你真没见过2,42185854565,175.78900,5,25,16707842,2026-09-27 10:31:02,1790476262,0,d7fba8a4,2209434043165074944,南无波头摩胜如来
BV126ht6qESe,117319632165022,【苏星河车机】别急着说你用过豆包，我这个你真没见过,苏星河牛通,2026-09-25 17:00:00,1433340,1118,1,【苏星河车机】别急着说你用过豆包，我这个你真没见过2,42185854565,5.78000,1,25,16777215,2026-09-27 10:30:09,1790476209,0,1237d7a9,2209433597956611072,4000加个人
BV126ht6qESe,117319632165022,【苏星河车机】别急着说你用过豆包，我这个你真没见过,苏星河牛通,2026-09-25 17:00:00,1433340,1118,1,【苏星河车机】别急着说你用过豆包，我这个你真没见过2,42185854565,487.67600,1,25,16777215,2026-09-27 10:29:06,1790476146,0,8d49f557,2209433070455880448,死定了
BV126ht6qESe,117319632165022,【苏星河车机】别急着说你用过豆包，我这个你真没见过,苏星河牛通,2026-09-25 17:00:00,1433340,1118,1,【苏星河车机】别急着说你用过豆包，我这个你真没见过2,42185854565,5.89500,1,25,16777215,2026-09-27 10:27:15,1790476035,0,6c3b3f02,2209432138985237760,0
BV126ht6qESe,117319632165022,【苏星河车机】别急着说你用过豆包，我这个你真没见过,苏星河牛通,2026-09-25 17:00:00,1433340,1118,1,【苏星河车机】别急着说你用过豆包，我这个你真没见过2,42185854565,605.37800,1,25,16777215,2026-09-27 10:21:39,1790475699,0,c869366b,2209429323792895232,那完蛋了，此地无银三百两了
BV126ht6qESe,117319632165022,【苏星河车机】别急着说你用过豆包，我这个你真没见过,苏星河牛通,2026-09-25 17:00:00,1433340,1118,1,【苏星河车机】别急着说你用过豆包，我这个你真没见过2,42185854565,6.70000,1,25,16777215,2026-09-27 10:21:35,1790475695,0,a254bc12,2209429287629502720,0
BV126ht6qESe,117319632165022,【苏星河车机】别急着说你用过豆包，我这个你真没见过,苏星河牛通,2026-09-25 17:00:00,1433340,1118,1,【苏星河车机】别急着说你用过豆包，我这个你真没见过2,42185854565,208.78700,1,25,16777215,2026-09-27 10:20:11,1790475611,0,deed113,2209428581636082432,普通话硬翻上海话
BV126ht6qESe,117319632165022,【苏星河车机】别急着说你用过豆包，我这个你真没见过,苏星河牛通,2026-09-25 17:00:00,1433340,1118,1,【苏星河车机】别急着说你用过豆包，我这个你真没见过2,42185854565,44.45000,1,25,16777215,2026-09-27 10:19:00,1790475540,0,2f139433,2209427984207822848,直接开到墓地地
BV126ht6qESe,117319632165022,【苏星河车机】别急着说你用过豆包，我这个你真没见过,苏星河牛通,2026-09-25 17:00:00,1433340,1118,1,【苏星河车机】别急着说你用过豆包，我这个你真没见过2,42185854565,327.43100,1,25,16777215,2026-09-27 10:17:12,1790475432,0,e8fe6c66,2209427078112139264,有点意思
BV126ht6qESe,117319632165022,【苏星河车机】别急着说你用过豆包，我这个你真没见过,苏星河牛通,2026-09-25 17:00:00,1433340,1118,1,【苏星河车机】别急着说你用过豆包，我这个你真没见过2,42185854565,598.78700,1,25,16777215,2026-09-27 10:14:20,1790475260,0,e0d233ec,2209425639491787264,这跟安全有啥关系
BV126ht6qESe,117319632165022,【苏星河车机】别急着说你用过豆包，我这个你真没见过,苏星河牛通,2026-09-25 17:00:00,1433340,1118,1,【苏星河车机】别急着说你用过豆包，我这个你真没见过2,42185854565,14.25100,1,25,16777215,2026-09-27 10:14:19,1790475259,0,37a95374,2209425628032892160,没有哈，不用豆包，感觉像傻子
BV126ht6qESe,117319632165022,【苏星河车机】别急着说你用过豆包，我这个你真没见过,苏星河牛通,2026-09-25 17:00:00,1433340,1118,1,【苏星河车机】别急着说你用过豆包，我这个你真没见过2,42185854565,2.87900,1,25,16777215,2026-09-27 10:14:16,1790475256,0,c6f3967a,2209425600442352896,0
BV126ht6qESe,117319632165022,【苏星河车机】别急着说你用过豆包，我这个你真没见过,苏星河牛通,2026-09-25 17:00:00,1433340,1118,1,【苏星河车机】别急着说你用过豆包，我这个你真没见过2,42185854565,11.25100,1,25,16777215,2026-09-27 10:13:57,1790475237,0,3f057aff,2209425446276457984,无
BV126ht6qESe,117319632165022,【苏星河车机】别急着说你用过豆包，我这个你真没见过,苏星河牛通,2026-09-25 17:00:00,1433340,1118,1,【苏星河车机】别急着说你用过豆包，我这个你真没见过2,42185854565,5.83100,1,25,16777215,2026-09-27 10:13:42,1790475222,0,eae6e395,2209425315934844672,0
BV126ht6qESe,117319632165022,【苏星河车机】别急着说你用过豆包，我这个你真没见过,苏星河牛通,2026-09-25 17:00:00,1433340,1118,1,【苏星河车机】别急着说你用过豆包，我这个你真没见过2,42185854565,291.69600,1,25,16777215,2026-09-27 10:13:23,1790475203,0,9366a67d,2209425158815401216,拱火
BV126ht6qESe,117319632165022,【苏星河车机】别急着说你用过豆包，我这个你真没见过,苏星河牛通,2026-09-25 17:00:00,1433340,1118,1,【苏星河车机】别急着说你用过豆包，我这个你真没见过2,42185854565,1.44800,1,25,16777215,2026-09-27 10:12:40,1790475160,0,747db2b5,2209424795773359104,0
BV126ht6qESe,117319632165022,【苏星河车机】别急着说你用过豆包，我这个你真没见过,苏星河牛通,2026-09-25 17:00:00,1433340,1118,1,【苏星河车机】别急着说你用过豆包，我这个你真没见过2,42185854565,16.15200,1,25,16777215,2026-09-27 10:12:07,1790475127,0,3ca6ee4d,2209424519125687296,0
BV126ht6qESe,117319632165022,【苏星河车机】别急着说你用过豆包，我这个你真没见过,苏星河牛通,2026-09-25 17:00:00,1433340,1118,1,【苏星河车机】别急着说你用过豆包，我这个你真没见过2,42185854565,33.71600,1,25,16777215,2026-09-27 10:11:59,1790475119,0,c869366b,2209424452780025088,那完蛋了
BV126ht6qESe,117319632165022,【苏星河车机】别急着说你用过豆包，我这个你真没见过,苏星河牛通,2026-09-25 17:00:00,1433340,1118,1,【苏星河车机】别急着说你用过豆包，我这个你真没见过2,42185854565,4.52300,1,25,16777215,2026-09-27 10:11:59,1790475119,0,ab3798ae,2209424451681052672,0
BV126ht6qESe,117319632165022,【苏星河车机】别急着说你用过豆包，我这个你真没见过,苏星河牛通,2026-09-25 17:00:00,1433340,1118,1,【苏星河车机】别急着说你用过豆包，我这个你真没见过2,42185854565,71.30700,1,25,16777215,2026-09-27 10:11:46,1790475106,0,c212dbe,2209424344516845056,有了豆包之后发射升空
BV126ht6qESe,117319632165022,【苏星河车机】别急着说你用过豆包，我这个你真没见过,苏星河牛通,2026-09-25 17:00:00,1433340,1118,1,【苏星河车机】别急着说你用过豆包，我这个你真没见过2,42185854565,8.05100,1,25,16777215,2026-09-27 10:10:51,1790475051,0,3ccdb34f,2209423883504556800,minh xian0
BV126ht6qESe,117319632165022,【苏星河车机】别急着说你用过豆包，我这个你真没见过,苏星河牛通,2026-09-25 17:00:00,1433340,1118,1,【苏星河车机】别急着说你用过豆包，我这个你真没见过2,42185854565,2.80900,1,25,16777215,2026-09-27 10:10:50,1790475050,0,d21d6fa6,2209423878991444992,0
BV126ht6qESe,117319632165022,【苏星河车机】别急着说你用过豆包，我这个你真没见过,苏星河牛通,2026-09-25 17:00:00,1433340,1118,1,【苏星河车机】别急着说你用过豆包，我这个你真没见过2,42185854565,13.87800,1,25,16777215,2026-09-27 10:10:15,1790475015,0,8eff8504,2209423582563196928,并非，不用豆包
BV126ht6qESe,117319632165022,【苏星河车机】别急着说你用过豆包，我这个你真没见过,苏星河牛通,2026-09-25 17:00:00,1433340,1118,1,【苏星河车机】别急着说你用过豆包，我这个你真没见过2,42185854565,5.61700,1,25,16777215,2026-09-27 10:09:50,1790474990,0,5b10a5,2209423368427055360,0
BV126ht6qESe,117319632165022,【苏星河车机】别急着说你用过豆包，我这个你真没见过,苏星河牛通,2026-09-25 17:00:00,1433340,1118,1,【苏星河车机】别急着说你用过豆包，我这个你真没见过2,42185854565,6.85000,1,25,16777215,2026-09-27 10:09:38,1790474978,0,d341e7a0,2209423274054981376,1个，实习认识的
BV126ht6qESe,117319632165022,【苏星河车机】别急着说你用过豆包，我这个你真没见过,苏星河牛通,2026-09-25 17:00:00,1433340,1118,1,【苏星河车机】别急着说你用过豆包，我这个你真没见过2,42185854565,1.28000,1,25,16777215,2026-09-27 10:09:33,1790474973,0,a1ea46ce,2209423231223127296,0
BV126ht6qESe,117319632165022,【苏星河车机】别急着说你用过豆包，我这个你真没见过,苏星河牛通,2026-09-25 17:00:00,1433340,1118,1,【苏星河车机】别急着说你用过豆包，我这个你真没见过2,42185854565,21.73900,1,25,16707842,2026-09-27 10:09:17,1790474957,0,83c70734,2209423098188157952,不知道
BV126ht6qESe,117319632165022,【苏星河车机】别急着说你用过豆包，我这个你真没见过,苏星河牛通,2026-09-25 17:00:00,1433340,1118,1,【苏星河车机】别急着说你用过豆包，我这个你真没见过2,42185854565,26.64400,1,25,16777215,2026-09-27 10:09:11,1790474951,0,cdf15fd4,2209423048904619008,不认识
BV126ht6qESe,117319632165022,【苏星河车机】别急着说你用过豆包，我这个你真没见过,苏星河牛通,2026-09-25 17:00:00,1433340,1118,1,【苏星河车机】别急着说你用过豆包，我这个你真没见过2,42185854565,36.44300,1,25,16777215,2026-09-27 10:08:42,1790474922,0,4e2ef855,2209422802615434496,完了
BV126ht6qESe,117319632165022,【苏星河车机】别急着说你用过豆包，我这个你真没见过,苏星河牛通,2026-09-25 17:00:00,1433340,1118,1,【苏星河车机】别急着说你用过豆包，我这个你真没见过2,42185854565,6.64000,1,25,16777215,2026-09-27 10:08:22,1790474902,0,9366a67d,2209422637829067776,5
BV126ht6qESe,117319632165022,【苏星河车机】别急着说你用过豆包，我这个你真没见过,苏星河牛通,2026-09-25 17:00:00,1433340,1118,1,【苏星河车机】别急着说你用过豆包，我这个你真没见过2,42185854565,165.38000,1,25,16777215,2026-09-27 10:08:20,1790474900,0,7627959b,2209422614324505856,哪个是您的手
BV126ht6qESe,117319632165022,【苏星河车机】别急着说你用过豆包，我这个你真没见过,苏星河牛通,2026-09-25 17:00:00,1433340,1118,1,【苏星河车机】别急着说你用过豆包，我这个你真没见过2,42185854565,8.27700,1,25,16777215,2026-09-27 10:08:01,1790474881,0,5034621a,2209422461450835968,0001100011
BV126ht6qESe,117319632165022,【苏星河车机】别急着说你用过豆包，我这个你真没见过,苏星河牛通,2026-09-25 17:00:00,1433340,1118,1,【苏星河车机】别急着说你用过豆包，我这个你真没见过2,42185854565,5.85900,1,25,16777215,2026-09-27 10:07:12,1790474832,0,b68d4c7a,2209422047087269120,0
BV126ht6qESe,117319632165022,【苏星河车机】别急着说你用过豆包，我这个你真没见过,苏星河牛通,2026-09-25 17:00:00,1433340,1118,1,【苏星河车机】别急着说你用过豆包，我这个你真没见过2,42185854565,22.36500,1,25,16777215,2026-09-27 10:07:08,1790474828,0,2403332e,2209422014278769920,那我不认识，那没话说
BV126ht6qESe,117319632165022,【苏星河车机】别急着说你用过豆包，我这个你真没见过,苏星河牛通,2026-09-25 17:00:00,1433340,1118,1,【苏星河车机】别急着说你用过豆包，我这个你真没见过2,42185854565,45.10200,1,25,9487136,2026-09-27 10:07:05,1790474825,0,bdb782d2,2209421990615138048,那你下包啊
BV126ht6qESe,117319632165022,【苏星河车机】别急着说你用过豆包，我这个你真没见过,苏星河牛通,2026-09-25 17:00:00,1433340,1118,1,【苏星河车机】别急着说你用过豆包，我这个你真没见过2,42185854565,6.48100,1,25,16777215,2026-09-27 10:07:05,1790474825,0,38eb2cb2,2209421987510652672,0
BV126ht6qESe,117319632165022,【苏星河车机】别急着说你用过豆包，我这个你真没见过,苏星河牛通,2026-09-25 17:00:00,1433340,1118,1,【苏星河车机】别急着说你用过豆包，我这个你真没见过2,42185854565,5.15900,1,25,16777215,2026-09-27 10:07:01,1790474821,0,43a663a1,2209421952479887616,0
BV126ht6qESe,117319632165022,【苏星河车机】别急着说你用过豆包，我这个你真没见过,苏星河牛通,2026-09-25 17:00:00,1433340,1118,1,【苏星河车机】别急着说你用过豆包，我这个你真没见过2,42185854565,3.48000,1,25,16777215,2026-09-27 10:06:57,1790474817,0,b9270262,2209421919815110400,看到这条弹幕，你明天会特别幸运。（一定要传五条视频。）
BV126ht6qESe,117319632165022,【苏星河车机】别急着说你用过豆包，我这个你真没见过,苏星河牛通,2026-09-25 17:00:00,1433340,1118,1,【苏星河车机】别急着说你用过豆包，我这个你真没见过2,42185854565,8.38200,1,25,16777215,2026-09-27 10:06:57,1790474817,0,f94fa62a,2209421917591512064,0个
BV126ht6qESe,117319632165022,【苏星河车机】别急着说你用过豆包，我这个你真没见过,苏星河牛通,2026-09-25 17:00:00,1433340,1118,1,【苏星河车机】别急着说你用过豆包，我这个你真没见过2,42185854565,0.66100,1,25,16777215,2026-09-27 10:06:35,1790474795,0,2403332e,2209421738805231616,我仔细的思考了一下。。。两年的话应该有七个
BV126ht6qESe,117319632165022,【苏星河车机】别急着说你用过豆包，我这个你真没见过,苏星河牛通,2026-09-25 17:00:00,1433340,1118,1,【苏星河车机】别急着说你用过豆包，我这个你真没见过2,42185854565,36.00200,1,25,16777215,2026-09-27 10:06:12,1790474772,0,9ad630,2209421544727031040,害怕
BV126ht6qESe,117319632165022,【苏星河车机】别急着说你用过豆包，我这个你真没见过,苏星河牛通,2026-09-25 17:00:00,1433340,1118,1,【苏星河车机】别急着说你用过豆包，我这个你真没见过2,42185854565,487.38900,1,25,16777215,2026-09-27 10:06:01,1790474761,0,60ceb70,2209421454070941184,哈哈，危
BV126ht6qESe,117319632165022,【苏星河车机】别急着说你用过豆包，我这个你真没见过,苏星河牛通,2026-09-25 17:00:00,1433340,1118,1,【苏星河车机】别急着说你用过豆包，我这个你真没见过2,42185854565,3.34700,1,25,16777215,2026-09-27 10:05:57,1790474757,0,e53dda38,2209421417312394496,0
BV126ht6qESe,117319632165022,【苏星河车机】别急着说你用过豆包，我这个你真没见过,苏星河牛通,2026-09-25 17:00:00,1433340,1118,1,【苏星河车机】别急着说你用过豆包，我这个你真没见过2,42185854565,3.48100,1,25,16777215,2026-09-27 10:05:30,1790474730,0,c753b7ec,2209421191373339648,0
BV126ht6qESe,117319632165022,【苏星河车机】别急着说你用过豆包，我这个你真没见过,苏星河牛通,2026-09-25 17:00:00,1433340,1118,1,【苏星河车机】别急着说你用过豆包，我这个你真没见过2,42185854565,8.41500,1,25,16777215,2026-09-27 10:05:27,1790474727,0,431d197,2209421162239813632,-2
BV126ht6qESe,117319632165022,【苏星河车机】别急着说你用过豆包，我这个你真没见过,苏星河牛通,2026-09-25 17:00:00,1433340,1118,1,【苏星河车机】别急着说你用过豆包，我这个你真没见过2,42185854565,36.41400,1,25,16777215,2026-09-27 10:05:24,1790474724,0,fcc9cc55,2209421143348875776,完了
BV126ht6qESe,117319632165022,【苏星河车机】别急着说你用过豆包，我这个你真没见过,苏星河牛通,2026-09-25 17:00:00,1433340,1118,1,【苏星河车机】别急着说你用过豆包，我这个你真没见过2,42185854565,457.90100,1,25,16777215,2026-09-27 10:05:19,1790474719,0,ef964559,2209421100256404736,那些10点看的大家伙们咋还不发弹幕呢？
BV126ht6qESe,117319632165022,【苏星河车机】别急着说你用过豆包，我这个你真没见过,苏星河牛通,2026-09-25 17:00:00,1433340,1118,1,【苏星河车机】别急着说你用过豆包，我这个你真没见过2,42185854565,1.95800,1,25,16777215,2026-09-27 10:05:16,1790474716,0,c26d9413,2209421075283274496,0
BV126ht6qESe,117319632165022,【苏星河车机】别急着说你用过豆包，我这个你真没见过,苏星河牛通,2026-09-25 17:00:00,1433340,1118,1,【苏星河车机】别急着说你用过豆包，我这个你真没见过2,42185854565,17.97800,1,25,16777215,2026-09-27 10:05:10,1790474710,0,89f6b1e1,2209421024322997760,他是我哥们
BV126ht6qESe,117319632165022,【苏星河车机】别急着说你用过豆包，我这个你真没见过,苏星河牛通,2026-09-25 17:00:00,1433340,1118,1,【苏星河车机】别急着说你用过豆包，我这个你真没见过2,42185854565,20.29900,1,25,16777215,2026-09-27 10:05:05,1790474705,0,a8ad6897,2209420982497395200,这算女人吗
BV126ht6qESe,117319632165022,【苏星河车机】别急着说你用过豆包，我这个你真没见过,苏星河牛通,2026-09-25 17:00:00,1433340,1118,1,【苏星河车机】别急着说你用过豆包，我这个你真没见过2,42185854565,0.74000,1,25,16777215,2026-09-27 10:05:03,1790474703,0,ade8dafc,2209420960678443520,0
BV126ht6qESe,117319632165022,【苏星河车机】别急着说你用过豆包，我这个你真没见过,苏星河牛通,2026-09-25 17:00:00,1433340,1118,1,【苏星河车机】别急着说你用过豆包，我这个你真没见过2,42185854565,5.64900,1,25,16777215,2026-09-27 10:04:35,1790474675,0,5618fe23,2209420733422543104,0
BV126ht6qESe,117319632165022,【苏星河车机】别急着说你用过豆包，我这个你真没见过,苏星河牛通,2026-09-25 17:00:00,1433340,1118,1,【苏星河车机】别急着说你用过豆包，我这个你真没见过2,42185854565,2.59600,1,25,16777215,2026-09-27 10:04:27,1790474667,0,84e56031,2209420658638382848,0
BV126ht6qESe,117319632165022,【苏星河车机】别急着说你用过豆包，我这个你真没见过,苏星河牛通,2026-09-25 17:00:00,1433340,1118,1,【苏星河车机】别急着说你用过豆包，我这个你真没见过2,42185854565,4.74700,1,25,16777215,2026-09-27 10:04:14,1790474654,0,ab7b7aad,2209420550710177280,-1
BV126ht6qESe,117319632165022,【苏星河车机】别急着说你用过豆包，我这个你真没见过,苏星河牛通,2026-09-25 17:00:00,1433340,1118,1,【苏星河车机】别急着说你用过豆包，我这个你真没见过2,42185854565,12.90400,1,25,16777215,2026-09-27 10:04:08,1790474648,0,211211ad,2209420501964294656,我也新认识了0个男性朋友，不用急啊大家
BV126ht6qESe,117319632165022,【苏星河车机】别急着说你用过豆包，我这个你真没见过,苏星河牛通,2026-09-25 17:00:00,1433340,1118,1,【苏星河车机】别急着说你用过豆包，我这个你真没见过2,42185854565,6.20000,1,25,16777215,2026-09-27 10:03:43,1790474623,0,725dd08c,2209420293766873600,0
BV126ht6qESe,117319632165022,【苏星河车机】别急着说你用过豆包，我这个你真没见过,苏星河牛通,2026-09-25 17:00:00,1433340,1118,1,【苏星河车机】别急着说你用过豆包，我这个你真没见过2,42185854565,6.17400,1,25,16777215,2026-09-27 10:03:25,1790474605,0,696d0069,2209420141044372480,0
BV126ht6qESe,117319632165022,【苏星河车机】别急着说你用过豆包，我这个你真没见过,苏星河牛通,2026-09-25 17:00:00,1433340,1118,1,【苏星河车机】别急着说你用过豆包，我这个你真没见过2,42185854565,3.43800,1,25,16777215,2026-09-27 10:02:56,1790474576,0,a3f5ce91,2209419898378403328,0
BV126ht6qESe,117319632165022,【苏星河车机】别急着说你用过豆包，我这个你真没见过,苏星河牛通,2026-09-25 17:00:00,1433340,1118,1,【苏星河车机】别急着说你用过豆包，我这个你真没见过2,42185854565,1.98500,1,25,16777215,2026-09-27 10:02:37,1790474557,0,f0d030bb,2209419737216429568,0
BV126ht6qESe,117319632165022,【苏星河车机】别急着说你用过豆包，我这个你真没见过,苏星河牛通,2026-09-25 17:00:00,1433340,1118,1,【苏星河车机】别急着说你用过豆包，我这个你真没见过2,42185854565,5.35600,1,25,16777215,2026-09-27 10:02:27,1790474547,0,5226c77,2209419656702642944,00000000
BV126ht6qESe,117319632165022,【苏星河车机】别急着说你用过豆包，我这个你真没见过,苏星河牛通,2026-09-25 17:00:00,1433340,1118,1,【苏星河车机】别急着说你用过豆包，我这个你真没见过2,42185854565,6.70100,1,25,16777215,2026-09-27 10:02:16,1790474536,0,75b9c134,2209419562817762048,0
BV126ht6qESe,117319632165022,【苏星河车机】别急着说你用过豆包，我这个你真没见过,苏星河牛通,2026-09-25 17:00:00,1433340,1118,1,【苏星河车机】别急着说你用过豆包，我这个你真没见过2,42185854565,6.68100,1,25,16777215,2026-09-27 10:02:05,1790474525,0,3e5f99b5,2209419469083138304,0
BV126ht6qESe,117319632165022,【苏星河车机】别急着说你用过豆包，我这个你真没见过,苏星河牛通,2026-09-25 17:00:00,1433340,1118,1,【苏星河车机】别急着说你用过豆包，我这个你真没见过2,42185854565,4.56900,1,25,16777215,2026-09-27 10:01:06,1790474466,0,17b37110,2209418977594289152,0
BV126ht6qESe,117319632165022,【苏星河车机】别急着说你用过豆包，我这个你真没见过,苏星河牛通,2026-09-25 17:00:00,1433340,1118,1,【苏星河车机】别急着说你用过豆包，我这个你真没见过2,42185854565,5.28900,1,25,16777215,2026-09-27 10:01:06,1790474466,0,9b244b96,2209418976839426048,0
BV126ht6qESe,117319632165022,【苏星河车机】别急着说你用过豆包，我这个你真没见过,苏星河牛通,2026-09-25 17:00:00,1433340,1118,1,【苏星河车机】别急着说你用过豆包，我这个你真没见过2,42185854565,5.02800,1,25,16777215,2026-09-27 10:00:54,1790474454,0,fb60d89f,2209418877442782464,0
BV126ht6qESe,117319632165022,【苏星河车机】别急着说你用过豆包，我这个你真没见过,苏星河牛通,2026-09-25 17:00:00,1433340,1118,1,【苏星河车机】别急着说你用过豆包，我这个你真没见过2,42185854565,251.83100,1,25,16777215,2026-09-27 10:00:50,1790474450,0,b89cd7b1,2209418843158562048,海王必选
BV126ht6qESe,117319632165022,【苏星河车机】别急着说你用过豆包，我这个你真没见过,苏星河牛通,2026-09-25 17:00:00,1433340,1118,1,【苏星河车机】别急着说你用过豆包，我这个你真没见过2,42185854565,6.99900,1,25,16777215,2026-09-27 10:00:46,1790474446,0,208c5ef3,2209418811080904960,我是一个未成年的小女孩。
BV126ht6qESe,117319632165022,【苏星河车机】别急着说你用过豆包，我这个你真没见过,苏星河牛通,2026-09-25 17:00:00,1433340,1118,1,【苏星河车机】别急着说你用过豆包，我这个你真没见过2,42185854565,19.84300,1,25,16777215,2026-09-27 10:00:43,1790474443,0,b4c689a3,2209418782215110912,这不我们公司的豆书记吗
BV126ht6qESe,117319632165022,【苏星河车机】别急着说你用过豆包，我这个你真没见过,苏星河牛通,2026-09-25 17:00:00,1433340,1118,1,【苏星河车机】别急着说你用过豆包，我这个你真没见过2,42185854565,2.25600,1,25,16777215,2026-09-27 10:00:23,1790474423,0,919e105d,2209418612690266112,0
BV126ht6qESe,117319632165022,【苏星河车机】别急着说你用过豆包，我这个你真没见过,苏星河牛通,2026-09-25 17:00:00,1433340,1118,1,【苏星河车机】别急着说你用过豆包，我这个你真没见过2,42185854565,5.80500,1,25,16777215,2026-09-27 09:59:43,1790474383,0,ae15bb9e,2209418283596316672,0
BV126ht6qESe,117319632165022,【苏星河车机】别急着说你用过豆包，我这个你真没见过,苏星河牛通,2026-09-25 17:00:00,1433340,1118,1,【苏星河车机】别急着说你用过豆包，我这个你真没见过2,42185854565,152.06700,1,25,16777215,2026-09-27 09:59:34,1790474374,0,60ceb70,2209418204776782848,哈哈，绷不住了
BV126ht6qESe,117319632165022,【苏星河车机】别急着说你用过豆包，我这个你真没见过,苏星河牛通,2026-09-25 17:00:00,1433340,1118,1,【苏星河车机】别急着说你用过豆包，我这个你真没见过2,42185854565,1.09300,1,25,16777215,2026-09-27 09:59:19,1790474359,0,9cb8fdb,2209418082849234176,0
BV126ht6qESe,117319632165022,【苏星河车机】别急着说你用过豆包，我这个你真没见过,苏星河牛通,2026-09-25 17:00:00,1433340,1118,1,【苏星河车机】别急着说你用过豆包，我这个你真没见过2,42185854565,4.50000,1,25,16777215,2026-09-27 09:59:10,1790474350,0,55b2e02c,2209418005128069632,过去二十年都没新让认识过女性朋友
BV126ht6qESe,117319632165022,【苏星河车机】别急着说你用过豆包，我这个你真没见过,苏星河牛通,2026-09-25 17:00:00,1433340,1118,1,【苏星河车机】别急着说你用过豆包，我这个你真没见过2,42185854565,1.16100,1,25,16777215,2026-09-27 09:59:05,1790474345,0,28fa0ddc,2209417963646810880,欢迎回来
BV126ht6qESe,117319632165022,【苏星河车机】别急着说你用过豆包，我这个你真没见过,苏星河牛通,2026-09-25 17:00:00,1433340,1118,1,【苏星河车机】别急着说你用过豆包，我这个你真没见过2,42185854565,22.58500,1,25,16777215,2026-09-27 09:58:51,1790474331,0,8f9d4d82,2209417840417684736,没有
BV126ht6qESe,117319632165022,【苏星河车机】别急着说你用过豆包，我这个你真没见过,苏星河牛通,2026-09-25 17:00:00,1433340,1118,1,【苏星河车机】别急着说你用过豆包，我这个你真没见过2,42185854565,6.66600,1,25,16777215,2026-09-27 09:58:43,1790474323,0,8be36600,2209417775037345792,0
BV126ht6qESe,117319632165022,【苏星河车机】别急着说你用过豆包，我这个你真没见过,苏星河牛通,2026-09-25 17:00:00,1433340,1118,1,【苏星河车机】别急着说你用过豆包，我这个你真没见过2,42185854565,83.03500,1,25,16777215,2026-09-27 09:58:38,1790474318,0,c313c22,2209417733094407168,你最好早点澄清这是可以自定义的，不然被误会只有豆包影响车辆关注度
BV126ht6qESe,117319632165022,【苏星河车机】别急着说你用过豆包，我这个你真没见过,苏星河牛通,2026-09-25 17:00:00,1433340,1118,1,【苏星河车机】别急着说你用过豆包，我这个你真没见过2,42185854565,5.97100,1,25,16777215,2026-09-27 09:58:35,1790474315,0,c09531a8,2209417706191490560,0
BV126ht6qESe,117319632165022,【苏星河车机】别急着说你用过豆包，我这个你真没见过,苏星河牛通,2026-09-25 17:00:00,1433340,1118,1,【苏星河车机】别急着说你用过豆包，我这个你真没见过2,42185854565,48.83800,1,25,16777215,2026-09-27 09:58:30,1790474310,0,57641f60,2209417668191476992,嘻嘻，对不起，是我搞错了，我也没预料到这里有个深坑
BV126ht6qESe,117319632165022,【苏星河车机】别急着说你用过豆包，我这个你真没见过,苏星河牛通,2026-09-25 17:00:00,1433340,1118,1,【苏星河车机】别急着说你用过豆包，我这个你真没见过2,42185854565,393.38200,1,25,16777215,2026-09-27 09:58:19,1790474299,0,ceabe351,2209417576655306752,这不是巴西风味的牛排吗？
BV126ht6qESe,117319632165022,【苏星河车机】别急着说你用过豆包，我这个你真没见过,苏星河牛通,2026-09-25 17:00:00,1433340,1118,1,【苏星河车机】别急着说你用过豆包，我这个你真没见过2,42185854565,13.58000,1,25,16777215,2026-09-27 09:58:17,1790474297,0,a186421e,2209417562042359296,0.5
BV126ht6qESe,117319632165022,【苏星河车机】别急着说你用过豆包，我这个你真没见过,苏星河牛通,2026-09-25 17:00:00,1433340,1118,1,【苏星河车机】别急着说你用过豆包，我这个你真没见过2,42185854565,6.34300,1,25,16777215,2026-09-27 09:58:03,1790474283,0,a0c521b2,2209417438435636224,0
BV126ht6qESe,117319632165022,【苏星河车机】别急着说你用过豆包，我这个你真没见过,苏星河牛通,2026-09-25 17:00:00,1433340,1118,1,【苏星河车机】别急着说你用过豆包，我这个你真没见过2,42185854565,67.01100,1,25,16777215,2026-09-27 09:57:27,1790474247,0,b89cd7b1,2209417135598748928,赛豆？
BV126ht6qESe,117319632165022,【苏星河车机】别急着说你用过豆包，我这个你真没见过,苏星河牛通,2026-09-25 17:00:00,1433340,1118,1,【苏星河车机】别急着说你用过豆包，我这个你真没见过2,42185854565,5.81600,1,25,16777215,2026-09-27 09:57:07,1790474227,0,3ac7b2eb,2209416973757785600,0
BV126ht6qESe,117319632165022,【苏星河车机】别急着说你用过豆包，我这个你真没见过,苏星河牛通,2026-09-25 17:00:00,1433340,1118,1,【苏星河车机】别急着说你用过豆包，我这个你真没见过2,42185854565,8.01800,1,25,16777215,2026-09-27 09:56:37,1790474197,0,23ccae70,2209416719271990272,-1
BV126ht6qESe,117319632165022,【苏星河车机】别急着说你用过豆包，我这个你真没见过,苏星河牛通,2026-09-25 17:00:00,1433340,1118,1,【苏星河车机】别急着说你用过豆包，我这个你真没见过2,42185854565,12.02600,1,25,16777215,2026-09-27 09:56:12,1790474172,0,e927f253,2209416512677275392,0000000000000000000000
BV126ht6qESe,117319632165022,【苏星河车机】别急着说你用过豆包，我这个你真没见过,苏星河牛通,2026-09-25 17:00:00,1433340,1118,1,【苏星河车机】别急着说你用过豆包，我这个你真没见过2,42185854565,11.40600,1,25,16777215,2026-09-27 09:56:07,1790474167,0,2ea1ac2e,2209416466691324416,01
BV126ht6qESe,117319632165022,【苏星河车机】别急着说你用过豆包，我这个你真没见过,苏星河牛通,2026-09-25 17:00:00,1433340,1118,1,【苏星河车机】别急着说你用过豆包，我这个你真没见过2,42185854565,402.64000,1,25,16777215,2026-09-27 09:56:06,1790474166,0,1f99a115,2209416461306093568,美好牛排的视频。
BV126ht6qESe,117319632165022,【苏星河车机】别急着说你用过豆包，我这个你真没见过,苏星河牛通,2026-09-25 17:00:00,1433340,1118,1,【苏星河车机】别急着说你用过豆包，我这个你真没见过2,42185854565,120.37700,1,25,16777215,2026-09-27 09:55:53,1790474153,0,becb51ad,2209416348151484416,鸡皮疙瘩掉了一地
BV126ht6qESe,117319632165022,【苏星河车机】别急着说你用过豆包，我这个你真没见过,苏星河牛通,2026-09-25 17:00:00,1433340,1118,1,【苏星河车机】别急着说你用过豆包，我这个你真没见过2,42185854565,49.04500,1,25,16777215,2026-09-27 09:55:40,1790474140,0,cbe2d5a0,2209416237665427200,私了怎么办
BV126ht6qESe,117319632165022,【苏星河车机】别急着说你用过豆包，我这个你真没见过,苏星河牛通,2026-09-25 17:00:00,1433340,1118,1,【苏星河车机】别急着说你用过豆包，我这个你真没见过2,42185854565,4.75500,1,25,16707842,2026-09-27 09:55:34,1790474134,0,ac9c90aa,2209416191603193088,0，网上男装女的神秘生物倒是见到不少
BV126ht6qESe,117319632165022,【苏星河车机】别急着说你用过豆包，我这个你真没见过,苏星河牛通,2026-09-25 17:00:00,1433340,1118,1,【苏星河车机】别急着说你用过豆包，我这个你真没见过2,42185854565,2.98800,1,25,16777215,2026-09-27 09:55:28,1790474128,0,5e8529b7,2209416140709777664,0
BV126ht6qESe,117319632165022,【苏星河车机】别急着说你用过豆包，我这个你真没见过,苏星河牛通,2026-09-25 17:00:00,1433340,1118,1,【苏星河车机】别急着说你用过豆包，我这个你真没见过2,42185854565,5.59600,1,25,16777215,2026-09-27 09:55:07,1790474107,0,208734ab,2209415966789177856,有被诬陷的打5
BV126ht6qESe,117319632165022,【苏星河车机】别急着说你用过豆包，我这个你真没见过,苏星河牛通,2026-09-25 17:00:00,1433340,1118,1,【苏星河车机】别急着说你用过豆包，我这个你真没见过2,42185854565,5.86900,1,25,16777215,2026-09-27 09:54:34,1790474074,0,dcf7d368,2209415688857390080,0000000000000000000000还是0
BV126ht6qESe,117319632165022,【苏星河车机】别急着说你用过豆包，我这个你真没见过,苏星河牛通,2026-09-25 17:00:00,1433340,1118,1,【苏星河车机】别急着说你用过豆包，我这个你真没见过2,42185854565,6.61000,1,25,16777215,2026-09-27 09:53:56,1790474036,0,ba904288,2209415372757566976,0
BV126ht6qESe,117319632165022,【苏星河车机】别急着说你用过豆包，我这个你真没见过,苏星河牛通,2026-09-25 17:00:00,1433340,1118,1,【苏星河车机】别急着说你用过豆包，我这个你真没见过2,42185854565,4.44100,1,25,16777215,2026-09-27 09:53:53,1790474033,0,8258f236,2209415345008624896,0
BV126ht6qESe,117319632165022,【苏星河车机】别急着说你用过豆包，我这个你真没见过,苏星河牛通,2026-09-25 17:00:00,1433340,1118,1,【苏星河车机】别急着说你用过豆包，我这个你真没见过2,42185854565,1.66600,1,25,16777215,2026-09-27 09:53:32,1790474012,0,5f0c43fd,2209415171406193664,0
BV126ht6qESe,117319632165022,【苏星河车机】别急着说你用过豆包，我这个你真没见过,苏星河牛通,2026-09-25 17:00:00,1433340,1118,1,【苏星河车机】别急着说你用过豆包，我这个你真没见过2,42185854565,22.17800,1,25,16777215,2026-09-27 09:53:29,1790474009,0,18f8cf26,2209415140578365440,气笑了
BV126ht6qESe,117319632165022,【苏星河车机】别急着说你用过豆包，我这个你真没见过,苏星河牛通,2026-09-25 17:00:00,1433340,1118,1,【苏星河车机】别急着说你用过豆包，我这个你真没见过2,42185854565,1.57200,1,25,16777215,2026-09-27 09:53:19,1790473999,0,183b0532,2209415056507757568,1
BV126ht6qESe,117319632165022,【苏星河车机】别急着说你用过豆包，我这个你真没见过,苏星河牛通,2026-09-25 17:00:00,1433340,1118,1,【苏星河车机】别急着说你用过豆包，我这个你真没见过2,42185854565,10.65100,1,25,16777215,2026-09-27 09:53:13,1790473993,0,fb8a8083,2209415005907813888,01
BV126ht6qESe,117319632165022,【苏星河车机】别急着说你用过豆包，我这个你真没见过,苏星河牛通,2026-09-25 17:00:00,1433340,1118,1,【苏星河车机】别急着说你用过豆包，我这个你真没见过2,42185854565,18.98900,1,25,16777215,2026-09-27 09:51:40,1790473900,0,4b7a859c,2209414227897864192,我奶奶算不算
BV126ht6qESe,117319632165022,【苏星河车机】别急着说你用过豆包，我这个你真没见过,苏星河牛通,2026-09-25 17:00:00,1433340,1118,1,【苏星河车机】别急着说你用过豆包，我这个你真没见过2,42185854565,18.26400,1,25,16777215,2026-09-27 09:39:47,1790473187,0,6123e175,2209408245469882880,骗你的，这个东西可男可女
BV126ht6qESe,117319632165022,【苏星河车机】别急着说你用过豆包，我这个你真没见过,苏星河牛通,2026-09-25 17:00:00,1433340,1118,1,【苏星河车机】别急着说你用过豆包，我这个你真没见过2,42185854565,4.81700,1,25,16777215,2026-09-27 09:18:14,1790471894,0,43902720,2209397404359832832,0
BV126ht6qESe,117319632165022,【苏星河车机】别急着说你用过豆包，我这个你真没见过,苏星河牛通,2026-09-25 17:00:00,1433340,1118,1,【苏星河车机】别急着说你用过豆包，我这个你真没见过2,42185854565,46.62800,1,25,16777215,2026-09-27 08:09:30,1790467770,0,482df7ea,2209362810025713152,“对不起，对不起，是我的不对”
BV126ht6qESe,117319632165022,【苏星河车机】别急着说你用过豆包，我这个你真没见过,苏星河牛通,2026-09-25 17:00:00,1433340,1118,1,【苏星河车机】别急着说你用过豆包，我这个你真没见过2,42185854565,277.27300,1,25,16777215,2026-09-27 08:05:44,1790467544,0,8d34c550,2209360907875382784,？？？
BV126ht6qESe,117319632165022,【苏星河车机】别急着说你用过豆包，我这个你真没见过,苏星河牛通,2026-09-25 17:00:00,1433340,1118,1,【苏星河车机】别急着说你用过豆包，我这个你真没见过2,42185854565,2.55400,1,25,16777215,2026-09-27 07:58:53,1790467133,0,c84dbccb,2209357459234697216,0
BV126ht6qESe,117319632165022,【苏星河车机】别急着说你用过豆包，我这个你真没见过,苏星河牛通,2026-09-25 17:00:00,1433340,1118,1,【苏星河车机】别急着说你用过豆包，我这个你真没见过2,42185854565,2.55400,1,25,16777215,2026-09-27 07:58:52,1790467132,0,c84dbccb,2209357458018366720,0
BV126ht6qESe,117319632165022,【苏星河车机】别急着说你用过豆包，我这个你真没见过,苏星河牛通,2026-09-25 17:00:00,1433340,1118,1,【苏星河车机】别急着说你用过豆包，我这个你真没见过2,42185854565,512.57000,1,25,16777215,2026-09-27 07:25:49,1790465149,0,c7ddb819,2209340818123283200,你想表达什么？神金
BV126ht6qESe,117319632165022,【苏星河车机】别急着说你用过豆包，我这个你真没见过,苏星河牛通,2026-09-25 17:00:00,1433340,1118,1,【苏星河车机】别急着说你用过豆包，我这个你真没见过2,42185854565,7.33600,1,25,16777215,2026-09-27 03:53:37,1790452417,0,95d0f062,2209234019072854528,几十个……
BV126ht6qESe,117319632165022,【苏星河车机】别急着说你用过豆包，我这个你真没见过,苏星河牛通,2026-09-25 17:00:00,1433340,1118,1,【苏星河车机】别急着说你用过豆包，我这个你真没见过2,42185854565,38.54000,1,25,16777215,2026-09-27 03:01:43,1790449303,0,ff171ed1,2209207893054839296,活到头了
BV126ht6qESe,117319632165022,【苏星河车机】别急着说你用过豆包，我这个你真没见过,苏星河牛通,2026-09-25 17:00:00,1433340,1118,1,【苏星河车机】别急着说你用过豆包，我这个你真没见过2,42185854565,641.65300,1,25,16777215,2026-09-27 01:54:04,1790445244,0,f1236b03,2209173841320775680,所以我选择传统燃油车
BV126ht6qESe,117319632165022,【苏星河车机】别急着说你用过豆包，我这个你真没见过,苏星河牛通,2026-09-25 17:00:00,1433340,1118,1,【苏星河车机】别急着说你用过豆包，我这个你真没见过2,42185854565,4.50300,1,25,16777215,2026-09-27 01:49:28,1790444968,0,38fa180a,2209171531392029696,0
BV126ht6qESe,117319632165022,【苏星河车机】别急着说你用过豆包，我这个你真没见过,苏星河牛通,2026-09-25 17:00:00,1433340,1118,1,【苏星河车机】别急着说你用过豆包，我这个你真没见过2,42185854565,49.31200,5,25,16777215,2026-09-27 01:10:27,1790442627,0,2872993,2209151888224572672,吓死了
BV126ht6qESe,117319632165022,【苏星河车机】别急着说你用过豆包，我这个你真没见过,苏星河牛通,2026-09-25 17:00:00,1433340,1118,1,【苏星河车机】别急着说你用过豆包，我这个你真没见过2,42185854565,82.84400,1,25,16777215,2026-09-27 01:06:18,1790442378,0,af512487,2209149801793892352,借鉴的阿斯拉达吗
BV126ht6qESe,117319632165022,【苏星河车机】别急着说你用过豆包，我这个你真没见过,苏星河牛通,2026-09-25 17:00:00,1433340,1118,1,【苏星河车机】别急着说你用过豆包，我这个你真没见过2,42185854565,14.69100,1,25,16777215,2026-09-27 01:04:32,1790442272,0,2665f415,2209148916660918272,菲八秋比
BV126ht6qESe,117319632165022,【苏星河车机】别急着说你用过豆包，我这个你真没见过,苏星河牛通,2026-09-25 17:00:00,1433340,1118,1,【苏星河车机】别急着说你用过豆包，我这个你真没见过2,42185854565,18.72600,1,25,16777215,2026-09-27 01:00:15,1790442015,0,8455cce2,2209146757517152512,你错了我不用豆包
BV126ht6qESe,117319632165022,【苏星河车机】别急着说你用过豆包，我这个你真没见过,苏星河牛通,2026-09-25 17:00:00,1433340,1118,1,【苏星河车机】别急着说你用过豆包，我这个你真没见过2,42185854565,19.24300,1,25,16777215,2026-09-27 00:56:30,1790441790,0,6d884d1c,2209144872102064128,我聊天用千问
BV126ht6qESe,117319632165022,【苏星河车机】别急着说你用过豆包，我这个你真没见过,苏星河牛通,2026-09-25 17:00:00,1433340,1118,1,【苏星河车机】别急着说你用过豆包，我这个你真没见过2,42185854565,47.09700,1,25,15138834,2026-09-27 00:55:25,1790441725,0,64fceeca,2209144325122986752,国产快嘴饶裤裆
BV126ht6qESe,117319632165022,【苏星河车机】别急着说你用过豆包，我这个你真没见过,苏星河牛通,2026-09-25 17:00:00,1433340,1118,1,【苏星河车机】别急着说你用过豆包，我这个你真没见过2,42185854565,34.79100,1,25,16777215,2026-09-27 00:53:43,1790441623,0,412c88ef,2209143472647690240,开车可不能问她啊，出事了就不得了了
BV126ht6qESe,117319632165022,【苏星河车机】别急着说你用过豆包，我这个你真没见过,苏星河牛通,2026-09-25 17:00:00,1433340,1118,1,【苏星河车机】别急着说你用过豆包，我这个你真没见过2,42185854565,21.18000,1,25,16777215,2026-09-27 00:53:10,1790441590,0,412c88ef,2209143190891285248,这娘们儿。。。
BV126ht6qESe,117319632165022,【苏星河车机】别急着说你用过豆包，我这个你真没见过,苏星河牛通,2026-09-25 17:00:00,1433340,1118,1,【苏星河车机】别急着说你用过豆包，我这个你真没见过2,42185854565,5.46700,1,25,16777215,2026-09-27 00:47:04,1790441224,0,edb0794c,2209140119989129216,0
BV126ht6qESe,117319632165022,【苏星河车机】别急着说你用过豆包，我这个你真没见过,苏星河牛通,2026-09-25 17:00:00,1433340,1118,1,【苏星河车机】别急着说你用过豆包，我这个你真没见过2,42185854565,18.44300,1,25,16777215,2026-09-27 00:42:10,1790440930,0,3ce9e0f0,2209137656682844672,没有
BV126ht6qESe,117319632165022,【苏星河车机】别急着说你用过豆包，我这个你真没见过,苏星河牛通,2026-09-25 17:00:00,1433340,1118,1,【苏星河车机】别急着说你用过豆包，我这个你真没见过2,42185854565,6.49300,1,25,16777215,2026-09-27 00:40:15,1790440815,0,9cd11384,2209136693897273856,0
BV126ht6qESe,117319632165022,【苏星河车机】别急着说你用过豆包，我这个你真没见过,苏星河牛通,2026-09-25 17:00:00,1433340,1118,1,【苏星河车机】别急着说你用过豆包，我这个你真没见过2,42185854565,6.71100,1,25,16777215,2026-09-27 00:39:36,1790440776,0,2ebf3763,2209136364946672128,0
BV126ht6qESe,117319632165022,【苏星河车机】别急着说你用过豆包，我这个你真没见过,苏星河牛通,2026-09-25 17:00:00,1433340,1118,1,【苏星河车机】别急着说你用过豆包，我这个你真没见过2,42185854565,5.06300,1,25,16777215,2026-09-27 00:35:17,1790440517,0,f9e72dd7,2209134188513501952,0
BV126ht6qESe,117319632165022,【苏星河车机】别急着说你用过豆包，我这个你真没见过,苏星河牛通,2026-09-25 17:00:00,1433340,1118,1,【苏星河车机】别急着说你用过豆包，我这个你真没见过2,42185854565,27.74800,1,25,16777215,2026-09-27 00:35:07,1790440507,0,b96453a9,2209134110147294464,你管这种我知道她，她不知道我的叫认识吗?
BV126ht6qESe,117319632165022,【苏星河车机】别急着说你用过豆包，我这个你真没见过,苏星河牛通,2026-09-25 17:00:00,1433340,1118,1,【苏星河车机】别急着说你用过豆包，我这个你真没见过2,42185854565,7.43600,1,25,16777215,2026-09-27 00:33:46,1790440426,0,5a608b50,2209133425426905088,一个都没有，她们只是我的同事
BV126ht6qESe,117319632165022,【苏星河车机】别急着说你用过豆包，我这个你真没见过,苏星河牛通,2026-09-25 17:00:00,1433340,1118,1,【苏星河车机】别急着说你用过豆包，我这个你真没见过2,42185854565,5.29700,1,25,16777215,2026-09-27 00:33:43,1790440423,0,5721956c,2209133400932378624,0
BV126ht6qESe,117319632165022,【苏星河车机】别急着说你用过豆包，我这个你真没见过,苏星河牛通,2026-09-25 17:00:00,1433340,1118,1,【苏星河车机】别急着说你用过豆包，我这个你真没见过2,42185854565,11.52500,1,25,16777215,2026-09-27 00:32:51,1790440371,0,ca1fd090,2209132967123799296,我去，成功认识一个
BV126ht6qESe,117319632165022,【苏星河车机】别急着说你用过豆包，我这个你真没见过,苏星河牛通,2026-09-25 17:00:00,1433340,1118,1,【苏星河车机】别急着说你用过豆包，我这个你真没见过2,42185854565,206.29100,1,25,16777215,2026-09-27 00:31:08,1790440268,0,668e40f2,2209132102216176640,是的，会闽南语
BV126ht6qESe,117319632165022,【苏星河车机】别急着说你用过豆包，我这个你真没见过,苏星河牛通,2026-09-25 17:00:00,1433340,1118,1,【苏星河车机】别急着说你用过豆包，我这个你真没见过2,42185854565,4.65400,1,25,16777215,2026-09-27 00:26:45,1790440005,0,18d55688,2209129894318456064,0
BV126ht6qESe,117319632165022,【苏星河车机】别急着说你用过豆包，我这个你真没见过,苏星河牛通,2026-09-25 17:00:00,1433340,1118,1,【苏星河车机】别急着说你用过豆包，我这个你真没见过2,42185854565,6.10300,1,25,16707842,2026-09-27 00:25:19,1790439919,0,cbe5bc8f,2209129172411220480,没有魅力又不爱说话，认识不了一点
BV126ht6qESe,117319632165022,【苏星河车机】别急着说你用过豆包，我这个你真没见过,苏星河牛通,2026-09-25 17:00:00,1433340,1118,1,【苏星河车机】别急着说你用过豆包，我这个你真没见过2,42185854565,230.64000,1,25,16777215,2026-09-27 00:22:27,1790439747,0,cfc14a4d,2209127730577291776,卧槽，茶中茶啊
BV126ht6qESe,117319632165022,【苏星河车机】别急着说你用过豆包，我这个你真没见过,苏星河牛通,2026-09-25 17:00:00,1433340,1118,1,【苏星河车机】别急着说你用过豆包，我这个你真没见过2,42185854565,6.03400,1,25,16777215,2026-09-27 00:22:04,1790439724,0,6b31ec9b,2209127537321011968,0
BV126ht6qESe,117319632165022,【苏星河车机】别急着说你用过豆包，我这个你真没见过,苏星河牛通,2026-09-25 17:00:00,1433340,1118,1,【苏星河车机】别急着说你用过豆包，我这个你真没见过2,42185854565,49.34000,1,25,16777215,2026-09-27 00:19:08,1790439548,0,cfc14a4d,2209126062376750592,可怕
BV126ht6qESe,117319632165022,【苏星河车机】别急着说你用过豆包，我这个你真没见过,苏星河牛通,2026-09-25 17:00:00,1433340,1118,1,【苏星河车机】别急着说你用过豆包，我这个你真没见过2,42185854565,147.73000,1,25,16777215,2026-09-27 00:13:56,1790439236,0,72b9a48f,2209123445734873856,被豆 包养了就不要谈独立人格（）
BV126ht6qESe,117319632165022,【苏星河车机】别急着说你用过豆包，我这个你真没见过,苏星河牛通,2026-09-25 17:00:00,1433340,1118,1,【苏星河车机】别急着说你用过豆包，我这个你真没见过2,42185854565,331.34300,1,25,52480,2026-09-27 00:01:46,1790438506,0,32968f41,2209117322060034816,好茶
BV126ht6qESe,117319632165022,【苏星河车机】别急着说你用过豆包，我这个你真没见过,苏星河牛通,2026-09-25 17:00:00,1433340,1118,1,【苏星河车机】别急着说你用过豆包，我这个你真没见过2,42185854565,325.47000,1,25,16777215,2026-09-27 00:01:26,1790438486,0,eb9f3e95,2209117157374563072,斯内克
BV126ht6qESe,117319632165022,【苏星河车机】别急着说你用过豆包，我这个你真没见过,苏星河牛通,2026-09-25 17:00:00,1433340,1118,1,【苏星河车机】别急着说你用过豆包，我这个你真没见过2,42185854565,240.00800,5,25,16776960,2026-09-27 00:00:59,1790438459,0,32968f41,2209116930999665920,豆包控制女朋友的按钮
BV126ht6qESe,117319632165022,【苏星河车机】别急着说你用过豆包，我这个你真没见过,苏星河牛通,2026-09-25 17:00:00,1433340,1118,1,【苏星河车机】别急着说你用过豆包，我这个你真没见过2,42185854565,172.07800,1,25,16777215,2026-09-26 23:58:48,1790438328,0,eb9f3e95,2209115826639707392,精分车吗？
BV126ht6qESe,117319632165022,【苏星河车机】别急着说你用过豆包，我这个你真没见过,苏星河牛通,2026-09-25 17:00:00,1433340,1118,1,【苏星河车机】别急着说你用过豆包，我这个你真没见过2,42185854565,6.36700,1,25,16777215,2026-09-26 23:57:47,1790438267,0,78c4d7f3,2209115314539841536,0
BV126ht6qESe,117319632165022,【苏星河车机】别急着说你用过豆包，我这个你真没见过,苏星河牛通,2026-09-25 17:00:00,1433340,1118,1,【苏星河车机】别急着说你用过豆包，我这个你真没见过2,42185854565,5.39200,1,25,16777215,2026-09-26 23:56:54,1790438214,0,51745075,2209114868550880768,没有
BV126ht6qESe,117319632165022,【苏星河车机】别急着说你用过豆包，我这个你真没见过,苏星河牛通,2026-09-25 17:00:00,1433340,1118,1,【苏星河车机】别急着说你用过豆包，我这个你真没见过2,42185854565,23.18800,1,25,16777215,2026-09-26 23:55:59,1790438159,0,e49f7573,2209114408092529920,不认识
BV126ht6qESe,117319632165022,【苏星河车机】别急着说你用过豆包，我这个你真没见过,苏星河牛通,2026-09-25 17:00:00,1433340,1118,1,【苏星河车机】别急着说你用过豆包，我这个你真没见过2,42185854565,41.10800,1,25,16777215,2026-09-26 23:55:16,1790438116,0,513b5c77,2209114053203816960,下辈子见
BV126ht6qESe,117319632165022,【苏星河车机】别急着说你用过豆包，我这个你真没见过,苏星河牛通,2026-09-25 17:00:00,1433340,1118,1,【苏星河车机】别急着说你用过豆包，我这个你真没见过2,42185854565,14.25000,1,25,16777215,2026-09-26 23:50:20,1790437820,0,a66008b3,2209111571283404800,0
BV126ht6qESe,117319632165022,【苏星河车机】别急着说你用过豆包，我这个你真没见过,苏星河牛通,2026-09-25 17:00:00,1433340,1118,1,【苏星河车机】别急着说你用过豆包，我这个你真没见过2,42185854565,264.29000,1,25,16777215,2026-09-26 23:46:21,1790437581,0,33c9ffe2,2209109560315817984,她不是人
BV126ht6qESe,117319632165022,【苏星河车机】别急着说你用过豆包，我这个你真没见过,苏星河牛通,2026-09-25 17:00:00,1433340,1118,1,【苏星河车机】别急着说你用过豆包，我这个你真没见过2,42185854565,133.77800,1,25,16777215,2026-09-26 23:43:17,1790437397,0,246f9836,2209108018238168320,插他嘴
BV126ht6qESe,117319632165022,【苏星河车机】别急着说你用过豆包，我这个你真没见过,苏星河牛通,2026-09-25 17:00:00,1433340,1118,1,【苏星河车机】别急着说你用过豆包，我这个你真没见过2,42185854565,47.83900,1,25,16777215,2026-09-26 23:34:28,1790436868,0,a93d0,2209103585529744896,啊
BV126ht6qESe,117319632165022,【苏星河车机】别急着说你用过豆包，我这个你真没见过,苏星河牛通,2026-09-25 17:00:00,1433340,1118,1,【苏星河车机】别急着说你用过豆包，我这个你真没见过2,42185854565,127.30000,1,25,14811775,2026-09-26 23:31:35,1790436695,0,5610b58,2209102129879297792,Auv
BV126ht6qESe,117319632165022,【苏星河车机】别急着说你用过豆包，我这个你真没见过,苏星河牛通,2026-09-25 17:00:00,1433340,1118,1,【苏星河车机】别急着说你用过豆包，我这个你真没见过2,42185854565,263.65000,1,25,16777215,2026-09-26 23:30:01,1790436601,0,273af4ad,2209101339941307136,苏哥非洲你都啃得下。小弟敬佩敬佩。
BV126ht6qESe,117319632165022,【苏星河车机】别急着说你用过豆包，我这个你真没见过,苏星河牛通,2026-09-25 17:00:00,1433340,1118,1,【苏星河车机】别急着说你用过豆包，我这个你真没见过2,42185854565,6.20500,1,25,16777215,2026-09-26 23:29:37,1790436577,0,29dca4e8,2209101144243252736,0
BV126ht6qESe,117319632165022,【苏星河车机】别急着说你用过豆包，我这个你真没见过,苏星河牛通,2026-09-25 17:00:00,1433340,1118,1,【苏星河车机】别急着说你用过豆包，我这个你真没见过2,42185854565,17.16000,1,25,16777215,2026-09-26 23:25:45,1790436345,0,436d2cab,2209099192297820416,豆包不是人啊，连女孩都不是
BV126ht6qESe,117319632165022,【苏星河车机】别急着说你用过豆包，我这个你真没见过,苏星河牛通,2026-09-25 17:00:00,1433340,1118,1,【苏星河车机】别急着说你用过豆包，我这个你真没见过2,42185854565,6.69400,1,25,16777215,2026-09-26 23:25:37,1790436337,0,2795abd6,2209099125608824832,0
BV126ht6qESe,117319632165022,【苏星河车机】别急着说你用过豆包，我这个你真没见过,苏星河牛通,2026-09-25 17:00:00,1433340,1118,1,【苏星河车机】别急着说你用过豆包，我这个你真没见过2,42185854565,5.60400,1,25,16777215,2026-09-26 23:25:19,1790436319,0,954fd7b9,2209098977960827904,0
BV126ht6qESe,117319632165022,【苏星河车机】别急着说你用过豆包，我这个你真没见过,苏星河牛通,2026-09-25 17:00:00,1433340,1118,1,【苏星河车机】别急着说你用过豆包，我这个你真没见过2,42185854565,14.96000,1,25,16777215,2026-09-26 23:24:08,1790436248,0,7763925b,2209098377621937664,㛒㚿
BV126ht6qESe,117319632165022,【苏星河车机】别急着说你用过豆包，我这个你真没见过,苏星河牛通,2026-09-25 17:00:00,1433340,1118,1,【苏星河车机】别急着说你用过豆包，我这个你真没见过2,42185854565,8.14300,1,25,16777215,2026-09-26 23:23:48,1790436228,0,39a1fe02,2209098213800088576,I must have been through about a million girls～
BV126ht6qESe,117319632165022,【苏星河车机】别急着说你用过豆包，我这个你真没见过,苏星河牛通,2026-09-25 17:00:00,1433340,1118,1,【苏星河车机】别急着说你用过豆包，我这个你真没见过2,42185854565,106.06200,1,25,16777215,2026-09-26 23:21:34,1790436094,0,b248fd5e,2209097091681166336,前戏废话太多了
BV126ht6qESe,117319632165022,【苏星河车机】别急着说你用过豆包，我这个你真没见过,苏星河牛通,2026-09-25 17:00:00,1433340,1118,1,【苏星河车机】别急着说你用过豆包，我这个你真没见过2,42185854565,7.46800,1,25,16777215,2026-09-26 23:21:26,1790436086,0,2c6d89d1,2209097017802925312,竟然是零诶！
BV126ht6qESe,117319632165022,【苏星河车机】别急着说你用过豆包，我这个你真没见过,苏星河牛通,2026-09-25 17:00:00,1433340,1118,1,【苏星河车机】别急着说你用过豆包，我这个你真没见过2,42185854565,7.10600,1,25,14811775,2026-09-26 23:21:16,1790436076,0,6549362a,2209096935745666560,零
BV126ht6qESe,117319632165022,【苏星河车机】别急着说你用过豆包，我这个你真没见过,苏星河牛通,2026-09-25 17:00:00,1433340,1118,1,【苏星河车机】别急着说你用过豆包，我这个你真没见过2,42185854565,2.68200,1,25,16777215,2026-09-26 23:21:13,1790436073,0,64d3d79e,2209096915873230336,0
BV126ht6qESe,117319632165022,【苏星河车机】别急着说你用过豆包，我这个你真没见过,苏星河牛通,2026-09-25 17:00:00,1433340,1118,1,【苏星河车机】别急着说你用过豆包，我这个你真没见过2,42185854565,6.61600,1,25,16777215,2026-09-26 23:20:58,1790436058,0,b1f7b7fe,2209096790354374144,0
BV126ht6qESe,117319632165022,【苏星河车机】别急着说你用过豆包，我这个你真没见过,苏星河牛通,2026-09-25 17:00:00,1433340,1118,1,【苏星河车机】别急着说你用过豆包，我这个你真没见过2,42185854565,45.43100,1,25,16777215,2026-09-26 23:20:33,1790436033,0,a6c38ae,2209096580823620352,把包还我
BV126ht6qESe,117319632165022,【苏星河车机】别急着说你用过豆包，我这个你真没见过,苏星河牛通,2026-09-25 17:00:00,1433340,1118,1,【苏星河车机】别急着说你用过豆包，我这个你真没见过2,42185854565,5.39700,1,25,8700107,2026-09-26 23:19:52,1790435992,0,d74ef5e6,2209096232595927552,未成年不能认识异性朋友吗？
BV126ht6qESe,117319632165022,【苏星河车机】别急着说你用过豆包，我这个你真没见过,苏星河牛通,2026-09-25 17:00:00,1433340,1118,1,【苏星河车机】别急着说你用过豆包，我这个你真没见过2,42185854565,650.47900,1,25,16777215,2026-09-26 23:19:35,1790435975,0,c9b8c3c2,2209096094385045760,UP你直接说自己已经出轨不想老婆查得了
BV126ht6qESe,117319632165022,【苏星河车机】别急着说你用过豆包，我这个你真没见过,苏星河牛通,2026-09-25 17:00:00,1433340,1118,1,【苏星河车机】别急着说你用过豆包，我这个你真没见过2,42185854565,5.94000,1,25,16777215,2026-09-26 23:18:31,1790435911,0,a4fbb916,2209095552078546432,0
BV126ht6qESe,117319632165022,【苏星河车机】别急着说你用过豆包，我这个你真没见过,苏星河牛通,2026-09-25 17:00:00,1433340,1118,1,【苏星河车机】别急着说你用过豆包，我这个你真没见过2,42185854565,196.36300,1,25,16777215,2026-09-26 23:17:24,1790435844,0,46879e77,2209094987625403392,0
BV126ht6qESe,117319632165022,【苏星河车机】别急着说你用过豆包，我这个你真没见过,苏星河牛通,2026-09-25 17:00:00,1433340,1118,1,【苏星河车机】别急着说你用过豆包，我这个你真没见过2,42185854565,6.13100,1,25,16777215,2026-09-26 23:16:01,1790435761,0,b159a416,2209094292503436032,0
BV126ht6qESe,117319632165022,【苏星河车机】别急着说你用过豆包，我这个你真没见过,苏星河牛通,2026-09-25 17:00:00,1433340,1118,1,【苏星河车机】别急着说你用过豆包，我这个你真没见过2,42185854565,6.71800,1,25,16777215,2026-09-26 23:15:27,1790435727,0,b92f3e58,2209094012551099648,0
BV126ht6qESe,117319632165022,【苏星河车机】别急着说你用过豆包，我这个你真没见过,苏星河牛通,2026-09-25 17:00:00,1433340,1118,1,【苏星河车机】别急着说你用过豆包，我这个你真没见过2,42185854565,5.43400,1,25,16777215,2026-09-26 23:15:03,1790435703,0,fdbf9543,2209093812650353408,0
BV126ht6qESe,117319632165022,【苏星河车机】别急着说你用过豆包，我这个你真没见过,苏星河牛通,2026-09-25 17:00:00,1433340,1118,1,【苏星河车机】别急着说你用过豆包，我这个你真没见过2,42185854565,5.63700,1,25,16777215,2026-09-26 23:13:18,1790435598,0,dba28185,2209092930059696640,0
BV126ht6qESe,117319632165022,【苏星河车机】别急着说你用过豆包，我这个你真没见过,苏星河牛通,2026-09-25 17:00:00,1433340,1118,1,【苏星河车机】别急着说你用过豆包，我这个你真没见过2,42185854565,626.15200,1,25,16777215,2026-09-26 23:12:17,1790435537,0,a1826770,2209092413464329728,牛逼
BV126ht6qESe,117319632165022,【苏星河车机】别急着说你用过豆包，我这个你真没见过,苏星河牛通,2026-09-25 17:00:00,1433340,1118,1,【苏星河车机】别急着说你用过豆包，我这个你真没见过2,42185854565,9.26500,1,25,16777215,2026-09-26 23:11:27,1790435487,0,8da58dcc,2209092000702460672,数不过来了hhhhh
BV126ht6qESe,117319632165022,【苏星河车机】别急着说你用过豆包，我这个你真没见过,苏星河牛通,2026-09-25 17:00:00,1433340,1118,1,【苏星河车机】别急着说你用过豆包，我这个你真没见过2,42185854565,14.84500,1,25,16777215,2026-09-26 23:11:16,1790435476,0,6a070559,2209091902866143744,我是给
BV126ht6qESe,117319632165022,【苏星河车机】别急着说你用过豆包，我这个你真没见过,苏星河牛通,2026-09-25 17:00:00,1433340,1118,1,【苏星河车机】别急着说你用过豆包，我这个你真没见过2,42185854565,650.41800,1,25,16777215,2026-09-26 23:11:09,1790435469,0,ec0adeff,2209091841981573376,细思极恐
BV126ht6qESe,117319632165022,【苏星河车机】别急着说你用过豆包，我这个你真没见过,苏星河牛通,2026-09-25 17:00:00,1433340,1118,1,【苏星河车机】别急着说你用过豆包，我这个你真没见过2,42185854565,5.49200,1,25,16777215,2026-09-26 23:11:01,1790435461,0,9d4722a2,2209091781877140736,0
BV126ht6qESe,117319632165022,【苏星河车机】别急着说你用过豆包，我这个你真没见过,苏星河牛通,2026-09-25 17:00:00,1433340,1118,1,【苏星河车机】别急着说你用过豆包，我这个你真没见过2,42185854565,6.44400,1,25,16777215,2026-09-26 23:10:55,1790435455,0,f0d46baf,2209091728651916800,0
BV126ht6qESe,117319632165022,【苏星河车机】别急着说你用过豆包，我这个你真没见过,苏星河牛通,2026-09-25 17:00:00,1433340,1118,1,【苏星河车机】别急着说你用过豆包，我这个你真没见过2,42185854565,7.42400,1,25,16777215,2026-09-26 23:10:42,1790435442,0,14db6235,2209091622258540544,-2
BV126ht6qESe,117319632165022,【苏星河车机】别急着说你用过豆包，我这个你真没见过,苏星河牛通,2026-09-25 17:00:00,1433340,1118,1,【苏星河车机】别急着说你用过豆包，我这个你真没见过2,42185854565,284.34500,1,25,16777215,2026-09-26 23:10:33,1790435433,0,83bcdf18,2209091540931652352,玛德！手机豆包你打杀她都不唱
BV126ht6qESe,117319632165022,【苏星河车机】别急着说你用过豆包，我这个你真没见过,苏星河牛通,2026-09-25 17:00:00,1433340,1118,1,【苏星河车机】别急着说你用过豆包，我这个你真没见过2,42185854565,8.18500,1,25,16777215,2026-09-26 23:10:27,1790435427,0,360bf0f8,2209091496194931200,1个
BV126ht6qESe,117319632165022,【苏星河车机】别急着说你用过豆包，我这个你真没见过,苏星河牛通,2026-09-25 17:00:00,1433340,1118,1,【苏星河车机】别急着说你用过豆包，我这个你真没见过2,42185854565,20.67700,1,25,16777215,2026-09-26 23:08:52,1790435332,0,f1cb1cb2,2209090693421797632,不认识
BV126ht6qESe,117319632165022,【苏星河车机】别急着说你用过豆包，我这个你真没见过,苏星河牛通,2026-09-25 17:00:00,1433340,1118,1,【苏星河车机】别急着说你用过豆包，我这个你真没见过2,42185854565,38.38000,1,25,16777215,2026-09-26 23:08:15,1790435295,0,3c5dc916,2209090389619981568,我用的moss
BV126ht6qESe,117319632165022,【苏星河车机】别急着说你用过豆包，我这个你真没见过,苏星河牛通,2026-09-25 17:00:00,1433340,1118,1,【苏星河车机】别急着说你用过豆包，我这个你真没见过2,42185854565,40.13700,1,25,16707842,2026-09-26 23:07:49,1790435269,0,69d0c12a,2209090164637343232,你的逼事真多
BV126ht6qESe,117319632165022,【苏星河车机】别急着说你用过豆包，我这个你真没见过,苏星河牛通,2026-09-25 17:00:00,1433340,1118,1,【苏星河车机】别急着说你用过豆包，我这个你真没见过2,42185854565,35.64100,1,25,16777215,2026-09-26 23:07:24,1790435244,0,8a4d8e62,2209089955585159168,这不是nomi吗？这么明目张胆地抄？没有专利吗？
BV126ht6qESe,117319632165022,【苏星河车机】别急着说你用过豆包，我这个你真没见过,苏星河牛通,2026-09-25 17:00:00,1433340,1118,1,【苏星河车机】别急着说你用过豆包，我这个你真没见过2,42185854565,2.62100,1,25,16777215,2026-09-26 23:06:49,1790435209,0,6639592d,2209089664776962560,0
BV126ht6qESe,117319632165022,【苏星河车机】别急着说你用过豆包，我这个你真没见过,苏星河牛通,2026-09-25 17:00:00,1433340,1118,1,【苏星河车机】别急着说你用过豆包，我这个你真没见过2,42185854565,18.04400,1,25,15138834,2026-09-26 23:06:21,1790435181,0,57e0a208,2209089427605902336,棍母（梅姨）
BV126ht6qESe,117319632165022,【苏星河车机】别急着说你用过豆包，我这个你真没见过,苏星河牛通,2026-09-25 17:00:00,1433340,1118,1,【苏星河车机】别急着说你用过豆包，我这个你真没见过2,42185854565,4.64900,1,25,16777215,2026-09-26 23:06:18,1790435178,0,9b50b56,2209089407440182016,0
BV126ht6qESe,117319632165022,【苏星河车机】别急着说你用过豆包，我这个你真没见过,苏星河牛通,2026-09-25 17:00:00,1433340,1118,1,【苏星河车机】别急着说你用过豆包，我这个你真没见过2,42185854565,5.93400,1,25,16777215,2026-09-26 23:05:44,1790435144,0,a9c97bdf,2209089118108132096,5
BV126ht6qESe,117319632165022,【苏星河车机】别急着说你用过豆包，我这个你真没见过,苏星河牛通,2026-09-25 17:00:00,1433340,1118,1,【苏星河车机】别急着说你用过豆包，我这个你真没见过2,42185854565,8.11000,5,25,16707842,2026-09-26 23:04:21,1790435061,0,eda90e02,2209088422810342912,我结婚了，这个不敢说啊
BV126ht6qESe,117319632165022,【苏星河车机】别急着说你用过豆包，我这个你真没见过,苏星河牛通,2026-09-25 17:00:00,1433340,1118,1,【苏星河车机】别急着说你用过豆包，我这个你真没见过2,42185854565,2.88300,1,25,16777215,2026-09-26 23:04:16,1790435056,0,c35e42c7,2209088379911071488,0
BV126ht6qESe,117319632165022,【苏星河车机】别急着说你用过豆包，我这个你真没见过,苏星河牛通,2026-09-25 17:00:00,1433340,1118,1,【苏星河车机】别急着说你用过豆包，我这个你真没见过2,42185854565,20.06100,1,25,16777215,2026-09-26 23:03:30,1790435010,0,ea6fee46,2209087993179560704,豆包没下载谢谢
BV126ht6qESe,117319632165022,【苏星河车机】别急着说你用过豆包，我这个你真没见过,苏星河牛通,2026-09-25 17:00:00,1433340,1118,1,【苏星河车机】别急着说你用过豆包，我这个你真没见过2,42185854565,6.21300,1,25,16777215,2026-09-26 23:02:59,1790434979,0,ea6fee46,2209087732822124544,0
BV126ht6qESe,117319632165022,【苏星河车机】别急着说你用过豆包，我这个你真没见过,苏星河牛通,2026-09-25 17:00:00,1433340,1118,1,【苏星河车机】别急着说你用过豆包，我这个你真没见过2,42185854565,4.56700,1,25,16777215,2026-09-26 23:02:22,1790434942,0,6ef7c21c,2209087421311184896,0
BV126ht6qESe,117319632165022,【苏星河车机】别急着说你用过豆包，我这个你真没见过,苏星河牛通,2026-09-25 17:00:00,1433340,1118,1,【苏星河车机】别急着说你用过豆包，我这个你真没见过2,42185854565,5.40100,1,25,16777215,2026-09-26 23:01:26,1790434886,0,755a66b8,2209086954526587904,0
BV126ht6qESe,117319632165022,【苏星河车机】别急着说你用过豆包，我这个你真没见过,苏星河牛通,2026-09-25 17:00:00,1433340,1118,1,【苏星河车机】别急着说你用过豆包，我这个你真没见过2,42185854565,20.50600,1,25,16777215,2026-09-26 23:00:36,1790434836,0,3674a803,2209086532899148800,豆包是弱智
BV126ht6qESe,117319632165022,【苏星河车机】别急着说你用过豆包，我这个你真没见过,苏星河牛通,2026-09-25 17:00:00,1433340,1118,1,【苏星河车机】别急着说你用过豆包，我这个你真没见过2,42185854565,2.61600,1,25,16777215,2026-09-26 22:58:52,1790434732,0,88b36c85,2209085659695384832,0
BV126ht6qESe,117319632165022,【苏星河车机】别急着说你用过豆包，我这个你真没见过,苏星河牛通,2026-09-25 17:00:00,1433340,1118,1,【苏星河车机】别急着说你用过豆包，我这个你真没见过2,42185854565,2.08000,1,25,41194,2026-09-26 22:57:48,1790434668,0,308ff3e8,2209085122907716096,0.5
BV126ht6qESe,117319632165022,【苏星河车机】别急着说你用过豆包，我这个你真没见过,苏星河牛通,2026-09-25 17:00:00,1433340,1118,1,【苏星河车机】别急着说你用过豆包，我这个你真没见过2,42185854565,24.50800,1,25,16777215,2026-09-26 22:57:44,1790434664,0,2ae3d476,2209085093900083200,我不认识她 也不想认识她
BV126ht6qESe,117319632165022,【苏星河车机】别急着说你用过豆包，我这个你真没见过,苏星河牛通,2026-09-25 17:00:00,1433340,1118,1,【苏星河车机】别急着说你用过豆包，我这个你真没见过2,42185854565,34.49200,1,25,16777215,2026-09-26 22:57:16,1790434636,0,25592b0b,2209084859640274944,这是好事啊？交通法20页不读。听个情绪价值的东西。
BV126ht6qESe,117319632165022,【苏星河车机】别急着说你用过豆包，我这个你真没见过,苏星河牛通,2026-09-25 17:00:00,1433340,1118,1,【苏星河车机】别急着说你用过豆包，我这个你真没见过2,42185854565,5.85500,1,25,16777215,2026-09-26 22:56:05,1790434565,0,25592b0b,2209084263948442880,零
BV126ht6qESe,117319632165022,【苏星河车机】别急着说你用过豆包，我这个你真没见过,苏星河牛通,2026-09-25 17:00:00,1433340,1118,1,【苏星河车机】别急着说你用过豆包，我这个你真没见过2,42185854565,209.89900,1,25,16777215,2026-09-26 22:55:46,1790434546,0,705ec8d4,2209084101016492544,我叫奶龙哈哈哈哈
BV126ht6qESe,117319632165022,【苏星河车机】别急着说你用过豆包，我这个你真没见过,苏星河牛通,2026-09-25 17:00:00,1433340,1118,1,【苏星河车机】别急着说你用过豆包，我这个你真没见过2,42185854565,3.94600,1,25,16777215,2026-09-26 22:55:24,1790434524,0,c598d9b3,2209083922732876800,0
BV126ht6qESe,117319632165022,【苏星河车机】别急着说你用过豆包，我这个你真没见过,苏星河牛通,2026-09-25 17:00:00,1433340,1118,1,【苏星河车机】别急着说你用过豆包，我这个你真没见过2,42185854565,296.15300,5,25,16707842,2026-09-26 22:55:18,1790434518,0,ef86f303,2209083871034100736,劏鸡水
BV126ht6qESe,117319632165022,【苏星河车机】别急着说你用过豆包，我这个你真没见过,苏星河牛通,2026-09-25 17:00:00,1433340,1118,1,【苏星河车机】别急着说你用过豆包，我这个你真没见过2,42185854565,618.60900,1,25,16777215,2026-09-26 22:54:52,1790434492,0,6e52a7a,2209083654297181696,不和谐的因素难道不是说谎话那个人吗？
BV126ht6qESe,117319632165022,【苏星河车机】别急着说你用过豆包，我这个你真没见过,苏星河牛通,2026-09-25 17:00:00,1433340,1118,1,【苏星河车机】别急着说你用过豆包，我这个你真没见过2,42185854565,8.70500,1,25,16777215,2026-09-26 22:54:45,1790434485,0,3f154519,2209083589822696192,22岁一个 13岁一个
BV126ht6qESe,117319632165022,【苏星河车机】别急着说你用过豆包，我这个你真没见过,苏星河牛通,2026-09-25 17:00:00,1433340,1118,1,【苏星河车机】别急着说你用过豆包，我这个你真没见过2,42185854565,5.92000,1,25,16777215,2026-09-26 22:54:30,1790434470,0,6c6b68e3,2209083462961882624,0
BV126ht6qESe,117319632165022,【苏星河车机】别急着说你用过豆包，我这个你真没见过,苏星河牛通,2026-09-25 17:00:00,1433340,1118,1,【苏星河车机】别急着说你用过豆包，我这个你真没见过2,42185854565,14.51100,1,25,16777215,2026-09-26 22:54:27,1790434467,0,fb886210,2209083437820969472,0000000
BV126ht6qESe,117319632165022,【苏星河车机】别急着说你用过豆包，我这个你真没见过,苏星河牛通,2026-09-25 17:00:00,1433340,1118,1,【苏星河车机】别急着说你用过豆包，我这个你真没见过2,42185854565,17.78000,1,25,16777215,2026-09-26 22:54:00,1790434440,0,705ec8d4,2209083210255131136,豆奶是一对的
BV126ht6qESe,117319632165022,【苏星河车机】别急着说你用过豆包，我这个你真没见过,苏星河牛通,2026-09-25 17:00:00,1433340,1118,1,【苏星河车机】别急着说你用过豆包，我这个你真没见过2,42185854565,3.53300,1,25,16777215,2026-09-26 22:53:59,1790434439,0,eafd1e0b,2209083205750439936,0
BV126ht6qESe,117319632165022,【苏星河车机】别急着说你用过豆包，我这个你真没见过,苏星河牛通,2026-09-25 17:00:00,1433340,1118,1,【苏星河车机】别急着说你用过豆包，我这个你真没见过2,42185854565,18.85700,1,25,16777215,2026-09-26 22:52:09,1790434329,0,c08d3c0c,2209082283397961216,这不是女性
BV126ht6qESe,117319632165022,【苏星河车机】别急着说你用过豆包，我这个你真没见过,苏星河牛通,2026-09-25 17:00:00,1433340,1118,1,【苏星河车机】别急着说你用过豆包，我这个你真没见过2,42185854565,24.32200,1,25,16777215,2026-09-26 22:51:25,1790434285,0,d958f9bb,2209081914861179136,你咋知道豆包是女性？说不定掏出来比你大
BV126ht6qESe,117319632165022,【苏星河车机】别急着说你用过豆包，我这个你真没见过,苏星河牛通,2026-09-25 17:00:00,1433340,1118,1,【苏星河车机】别急着说你用过豆包，我这个你真没见过2,42185854565,6.16000,1,25,16777215,2026-09-26 22:50:52,1790434252,0,9e72c7c6,2209081636635770880,没印象，可能一个都没认识
BV126ht6qESe,117319632165022,【苏星河车机】别急着说你用过豆包，我这个你真没见过,苏星河牛通,2026-09-25 17:00:00,1433340,1118,1,【苏星河车机】别急着说你用过豆包，我这个你真没见过2,42185854565,34.61800,5,25,16707842,2026-09-26 22:50:22,1790434222,0,ef86f303,2209081385682511616,我买的车不是我的车
BV126ht6qESe,117319632165022,【苏星河车机】别急着说你用过豆包，我这个你真没见过,苏星河牛通,2026-09-25 17:00:00,1433340,1118,1,【苏星河车机】别急着说你用过豆包，我这个你真没见过2,42185854565,2.36300,1,25,16777215,2026-09-26 22:50:20,1790434220,0,5f7b0efa,2209081368678654976,-1
BV126ht6qESe,117319632165022,【苏星河车机】别急着说你用过豆包，我这个你真没见过,苏星河牛通,2026-09-25 17:00:00,1433340,1118,1,【苏星河车机】别急着说你用过豆包，我这个你真没见过2,42185854565,3.43700,1,25,16777215,2026-09-26 22:49:35,1790434175,0,d6a5b500,2209080990579090688,0
BV126ht6qESe,117319632165022,【苏星河车机】别急着说你用过豆包，我这个你真没见过,苏星河牛通,2026-09-25 17:00:00,1433340,1118,1,【苏星河车机】别急着说你用过豆包，我这个你真没见过2,42185854565,206.40600,1,25,16777215,2026-09-26 22:49:20,1790434160,0,ac330540,2209080861176110592,有没有江苏话！
BV126ht6qESe,117319632165022,【苏星河车机】别急着说你用过豆包，我这个你真没见过,苏星河牛通,2026-09-25 17:00:00,1433340,1118,1,【苏星河车机】别急着说你用过豆包，我这个你真没见过2,42185854565,2.35300,1,25,16777215,2026-09-26 22:48:43,1790434123,0,9285fef6,2209080551410132480,0
BV126ht6qESe,117319632165022,【苏星河车机】别急着说你用过豆包，我这个你真没见过,苏星河牛通,2026-09-25 17:00:00,1433340,1118,1,【苏星河车机】别急着说你用过豆包，我这个你真没见过2,42185854565,6.11800,1,25,16777215,2026-09-26 22:48:13,1790434093,0,ffd8eba9,2209080305045512192,0
BV126ht6qESe,117319632165022,【苏星河车机】别急着说你用过豆包，我这个你真没见过,苏星河牛通,2026-09-25 17:00:00,1433340,1118,1,【苏星河车机】别急着说你用过豆包，我这个你真没见过2,42185854565,45.00800,1,25,16777215,2026-09-26 22:47:44,1790434064,0,693232b7,2209080059116228096,豆包儿你也信。早晚吃席
BV126ht6qESe,117319632165022,【苏星河车机】别急着说你用过豆包，我这个你真没见过,苏星河牛通,2026-09-25 17:00:00,1433340,1118,1,【苏星河车机】别急着说你用过豆包，我这个你真没见过2,42185854565,154.68300,1,25,16777215,2026-09-26 22:47:42,1790434062,0,28bb73d5,2209080042742105088,我有点害怕了。无时无刻被监控
BV126ht6qESe,117319632165022,【苏星河车机】别急着说你用过豆包，我这个你真没见过,苏星河牛通,2026-09-25 17:00:00,1433340,1118,1,【苏星河车机】别急着说你用过豆包，我这个你真没见过2,42185854565,6.64600,1,25,16777215,2026-09-26 22:47:20,1790434040,0,c0964fba,2209079860616348672,0
BV126ht6qESe,117319632165022,【苏星河车机】别急着说你用过豆包，我这个你真没见过,苏星河牛通,2026-09-25 17:00:00,1433340,1118,1,【苏星河车机】别急着说你用过豆包，我这个你真没见过2,42185854565,3.25100,1,25,16777215,2026-09-26 22:45:55,1790433955,0,b8747c31,2209079146645468416,0
BV126ht6qESe,117319632165022,【苏星河车机】别急着说你用过豆包，我这个你真没见过,苏星河牛通,2026-09-25 17:00:00,1433340,1118,1,【苏星河车机】别急着说你用过豆包，我这个你真没见过2,42185854565,41.81100,1,25,16777215,2026-09-26 22:45:09,1790433909,0,d689fbfd,2209078761499639552,奇技淫巧之物
BV126ht6qESe,117319632165022,【苏星河车机】别急着说你用过豆包，我这个你真没见过,苏星河牛通,2026-09-25 17:00:00,1433340,1118,1,【苏星河车机】别急着说你用过豆包，我这个你真没见过2,42185854565,17.70600,1,25,16777215,2026-09-26 22:44:46,1790433886,0,8ca648dc,2209078567563050496,我看未必
BV126ht6qESe,117319632165022,【苏星河车机】别急着说你用过豆包，我这个你真没见过,苏星河牛通,2026-09-25 17:00:00,1433340,1118,1,【苏星河车机】别急着说你用过豆包，我这个你真没见过2,42185854565,6.38200,1,25,16777215,2026-09-26 22:44:31,1790433871,0,8ca648dc,2209078444929952768,0
BV126ht6qESe,117319632165022,【苏星河车机】别急着说你用过豆包，我这个你真没见过,苏星河牛通,2026-09-25 17:00:00,1433340,1118,1,【苏星河车机】别急着说你用过豆包，我这个你真没见过2,42185854565,1.80200,1,25,16777215,2026-09-26 22:44:06,1790433846,0,956d2d40,2209078228587915520,0
BV126ht6qESe,117319632165022,【苏星河车机】别急着说你用过豆包，我这个你真没见过,苏星河牛通,2026-09-25 17:00:00,1433340,1118,1,【苏星河车机】别急着说你用过豆包，我这个你真没见过2,42185854565,20.81000,1,25,16777215,2026-09-26 22:41:45,1790433705,0,947d4ecb,2209077050180997120,真不认识
BV126ht6qESe,117319632165022,【苏星河车机】别急着说你用过豆包，我这个你真没见过,苏星河牛通,2026-09-25 17:00:00,1433340,1118,1,【苏星河车机】别急着说你用过豆包，我这个你真没见过2,42185854565,97.81700,1,25,16777215,2026-09-26 22:41:44,1790433704,0,e9ba6496,2209077039419036672,阿斯拉达.豆包
BV126ht6qESe,117319632165022,【苏星河车机】别急着说你用过豆包，我这个你真没见过,苏星河牛通,2026-09-25 17:00:00,1433340,1118,1,【苏星河车机】别急着说你用过豆包，我这个你真没见过2,42185854565,6.60900,1,25,16777215,2026-09-26 22:41:16,1790433676,0,dc1b26b6,2209076801140369152,0
BV126ht6qESe,117319632165022,【苏星河车机】别急着说你用过豆包，我这个你真没见过,苏星河牛通,2026-09-25 17:00:00,1433340,1118,1,【苏星河车机】别急着说你用过豆包，我这个你真没见过2,42185854565,611.73700,1,25,6830715,2026-09-26 22:41:14,1790433674,0,482bd5c6,2209076785009391360,耍小聪明的人永远成不了大事，车机也是
BV126ht6qESe,117319632165022,【苏星河车机】别急着说你用过豆包，我这个你真没见过,苏星河牛通,2026-09-25 17:00:00,1433340,1118,1,【苏星河车机】别急着说你用过豆包，我这个你真没见过2,42185854565,22.72600,1,25,16777215,2026-09-26 22:40:45,1790433645,0,3d366f0,2209076542746431232,他是傻子
BV126ht6qESe,117319632165022,【苏星河车机】别急着说你用过豆包，我这个你真没见过,苏星河牛通,2026-09-25 17:00:00,1433340,1118,1,【苏星河车机】别急着说你用过豆包，我这个你真没见过2,42185854565,513.44000,1,25,16777215,2026-09-26 22:39:39,1790433579,0,ef6d5417,2209075990884664064,没智驾吗》？》》》
BV126ht6qESe,117319632165022,【苏星河车机】别急着说你用过豆包，我这个你真没见过,苏星河牛通,2026-09-25 17:00:00,1433340,1118,1,【苏星河车机】别急着说你用过豆包，我这个你真没见过2,42185854565,4.62000,1,25,16777215,2026-09-26 22:38:36,1790433516,0,4a9c51a1,2209075465363569664,0
BV126ht6qESe,117319632165022,【苏星河车机】别急着说你用过豆包，我这个你真没见过,苏星河牛通,2026-09-25 17:00:00,1433340,1118,1,【苏星河车机】别急着说你用过豆包，我这个你真没见过2,42185854565,129.71800,1,25,16777215,2026-09-26 22:37:36,1790433456,0,67636732,2209074958909642496,神经
BV126ht6qESe,117319632165022,【苏星河车机】别急着说你用过豆包，我这个你真没见过,苏星河牛通,2026-09-25 17:00:00,1433340,1118,1,【苏星河车机】别急着说你用过豆包，我这个你真没见过2,42185854565,20.32000,1,25,16777215,2026-09-26 22:37:19,1790433439,0,aec0635d,2209074817888838656,不认识
BV126ht6qESe,117319632165022,【苏星河车机】别急着说你用过豆包，我这个你真没见过,苏星河牛通,2026-09-25 17:00:00,1433340,1118,1,【苏星河车机】别急着说你用过豆包，我这个你真没见过2,42185854565,9.29800,1,25,16777215,2026-09-26 22:36:30,1790433390,0,40e60566,2209074402593975296,这
BV126ht6qESe,117319632165022,【苏星河车机】别急着说你用过豆包，我这个你真没见过,苏星河牛通,2026-09-25 17:00:00,1433340,1118,1,【苏星河车机】别急着说你用过豆包，我这个你真没见过2,42185854565,17.35800,1,25,16777215,2026-09-26 22:34:03,1790433243,0,3c610049,2209073171582743808,豆包姐
BV126ht6qESe,117319632165022,【苏星河车机】别急着说你用过豆包，我这个你真没见过,苏星河牛通,2026-09-25 17:00:00,1433340,1118,1,【苏星河车机】别急着说你用过豆包，我这个你真没见过2,42185854565,5.62300,1,25,16777215,2026-09-26 22:33:48,1790433228,0,3c610049,2209073046089115648,。。。。。额200左右。。。。
BV126ht6qESe,117319632165022,【苏星河车机】别急着说你用过豆包，我这个你真没见过,苏星河牛通,2026-09-25 17:00:00,1433340,1118,1,【苏星河车机】别急着说你用过豆包，我这个你真没见过2,42185854565,151.61600,5,25,15138834,2026-09-26 22:33:30,1790433210,0,91f6d6a0,2209072897686441984,我是病了吗？居然把中间的手看成78
BV126ht6qESe,117319632165022,【苏星河车机】别急着说你用过豆包，我这个你真没见过,苏星河牛通,2026-09-25 17:00:00,1433340,1118,1,【苏星河车机】别急着说你用过豆包，我这个你真没见过2,42185854565,137.76100,5,25,15138834,2026-09-26 22:32:29,1790433149,0,91f6d6a0,2209072384563749120,总结：OK
BV126ht6qESe,117319632165022,【苏星河车机】别急着说你用过豆包，我这个你真没见过,苏星河牛通,2026-09-25 17:00:00,1433340,1118,1,【苏星河车机】别急着说你用过豆包，我这个你真没见过2,42185854565,6.71800,1,25,16777215,2026-09-26 22:30:12,1790433012,0,a3525acf,2209071235064054272,15个
BV126ht6qESe,117319632165022,【苏星河车机】别急着说你用过豆包，我这个你真没见过,苏星河牛通,2026-09-25 17:00:00,1433340,1118,1,【苏星河车机】别急着说你用过豆包，我这个你真没见过2,42185854565,130.78400,1,25,16777215,2026-09-26 22:29:13,1790432953,0,21daa3a2,2209070738902736896,手能摸到的地方都是软的？我先摸摸轮毂
BV126ht6qESe,117319632165022,【苏星河车机】别急着说你用过豆包，我这个你真没见过,苏星河牛通,2026-09-25 17:00:00,1433340,1118,1,【苏星河车机】别急着说你用过豆包，我这个你真没见过2,42185854565,8.47500,1,25,16777215,2026-09-26 22:27:29,1790432849,0,bf9a818d,2209069866697193728,近十年算朋友的，也就三四个
BV126ht6qESe,117319632165022,【苏星河车机】别急着说你用过豆包，我这个你真没见过,苏星河牛通,2026-09-25 17:00:00,1433340,1118,1,【苏星河车机】别急着说你用过豆包，我这个你真没见过2,42185854565,2.50500,1,25,16777215,2026-09-26 22:27:21,1790432841,0,48cb8bc9,2209069796669241856,0
BV126ht6qESe,117319632165022,【苏星河车机】别急着说你用过豆包，我这个你真没见过,苏星河牛通,2026-09-25 17:00:00,1433340,1118,1,【苏星河车机】别急着说你用过豆包，我这个你真没见过2,42185854565,267.71500,1,25,16777215,2026-09-26 22:26:57,1790432817,0,bb173ffa,2209069603320380160,她不是人
BV126ht6qESe,117319632165022,【苏星河车机】别急着说你用过豆包，我这个你真没见过,苏星河牛通,2026-09-25 17:00:00,1433340,1118,1,【苏星河车机】别急着说你用过豆包，我这个你真没见过2,42185854565,41.14500,1,25,16777215,2026-09-26 22:25:33,1790432733,0,87f3a424,2209068891194496512,吓死了
BV126ht6qESe,117319632165022,【苏星河车机】别急着说你用过豆包，我这个你真没见过,苏星河牛通,2026-09-25 17:00:00,1433340,1118,1,【苏星河车机】别急着说你用过豆包，我这个你真没见过2,42185854565,250.47800,1,25,16777215,2026-09-26 22:24:18,1790432658,0,7f713170,2209068262417931264,？？？？
BV126ht6qESe,117319632165022,【苏星河车机】别急着说你用过豆包，我这个你真没见过,苏星河牛通,2026-09-25 17:00:00,1433340,1118,1,【苏星河车机】别急着说你用过豆包，我这个你真没见过2,42185854565,199.23100,1,25,16777215,2026-09-26 22:23:23,1790432603,0,7f713170,2209067803477435904,老子蜀道山
BV126ht6qESe,117319632165022,【苏星河车机】别急着说你用过豆包，我这个你真没见过,苏星河牛通,2026-09-25 17:00:00,1433340,1118,1,【苏星河车机】别急着说你用过豆包，我这个你真没见过2,42185854565,6.73600,1,25,16777215,2026-09-26 22:23:12,1790432592,0,2534aee9,2209067710715953664,0
BV126ht6qESe,117319632165022,【苏星河车机】别急着说你用过豆包，我这个你真没见过,苏星河牛通,2026-09-25 17:00:00,1433340,1118,1,【苏星河车机】别急着说你用过豆包，我这个你真没见过2,42185854565,155.49500,1,25,16777215,2026-09-26 22:22:32,1790432552,0,7f713170,2209067380565650176,罗老师你不要这样
BV126ht6qESe,117319632165022,【苏星河车机】别急着说你用过豆包，我这个你真没见过,苏星河牛通,2026-09-25 17:00:00,1433340,1118,1,【苏星河车机】别急着说你用过豆包，我这个你真没见过2,42185854565,616.39100,1,25,16777215,2026-09-26 22:21:35,1790432495,0,58807f4e,2209066894647720192,哈哈哈嗝
BV126ht6qESe,117319632165022,【苏星河车机】别急着说你用过豆包，我这个你真没见过,苏星河牛通,2026-09-25 17:00:00,1433340,1118,1,【苏星河车机】别急着说你用过豆包，我这个你真没见过2,42185854565,32.89500,1,25,16777215,2026-09-26 22:20:21,1790432421,0,7f713170,2209066275593060352,那完了
BV126ht6qESe,117319632165022,【苏星河车机】别急着说你用过豆包，我这个你真没见过,苏星河牛通,2026-09-25 17:00:00,1433340,1118,1,【苏星河车机】别急着说你用过豆包，我这个你真没见过2,42185854565,5.83100,1,25,16777215,2026-09-26 22:20:05,1790432405,0,4efc3aa,2209066144277921024,0
BV126ht6qESe,117319632165022,【苏星河车机】别急着说你用过豆包，我这个你真没见过,苏星河牛通,2026-09-25 17:00:00,1433340,1118,1,【苏星河车机】别急着说你用过豆包，我这个你真没见过2,42185854565,6.32800,1,25,16777215,2026-09-26 22:19:37,1790432377,0,3ebd0f74,2209065910445851648,0
BV126ht6qESe,117319632165022,【苏星河车机】别急着说你用过豆包，我这个你真没见过,苏星河牛通,2026-09-25 17:00:00,1433340,1118,1,【苏星河车机】别急着说你用过豆包，我这个你真没见过2,42185854565,10.00700,1,25,16777215,2026-09-26 22:19:26,1790432366,0,238fc95a,2209065817482797056,0000
BV126ht6qESe,117319632165022,【苏星河车机】别急着说你用过豆包，我这个你真没见过,苏星河牛通,2026-09-25 17:00:00,1433340,1118,1,【苏星河车机】别急着说你用过豆包，我这个你真没见过2,42185854565,202.09900,1,25,16777215,2026-09-26 22:18:51,1790432331,0,1897ca6,2209065524779603968,广西申请出战
BV126ht6qESe,117319632165022,【苏星河车机】别急着说你用过豆包，我这个你真没见过,苏星河牛通,2026-09-25 17:00:00,1433340,1118,1,【苏星河车机】别急着说你用过豆包，我这个你真没见过2,42185854565,7.80000,1,25,16777215,2026-09-26 22:18:37,1790432317,0,3c722ba4,2209065408848345856,00
BV126ht6qESe,117319632165022,【苏星河车机】别急着说你用过豆包，我这个你真没见过,苏星河牛通,2026-09-25 17:00:00,1433340,1118,1,【苏星河车机】别急着说你用过豆包，我这个你真没见过2,42185854565,3.47700,1,25,16777215,2026-09-26 22:18:16,1790432296,0,80e75373,2209065226001838848,0
BV126ht6qESe,117319632165022,【苏星河车机】别急着说你用过豆包，我这个你真没见过,苏星河牛通,2026-09-25 17:00:00,1433340,1118,1,【苏星河车机】别急着说你用过豆包，我这个你真没见过2,42185854565,2.46800,1,25,16777215,2026-09-26 22:10:26,1790431826,0,e773209,2209061289421667584,0
BV126ht6qESe,117319632165022,【苏星河车机】别急着说你用过豆包，我这个你真没见过,苏星河牛通,2026-09-25 17:00:00,1433340,1118,1,【苏星河车机】别急着说你用过豆包，我这个你真没见过2,42185854565,82.88100,1,25,16777215,2026-09-26 22:08:26,1790431706,0,322ddf55,2209060277822636032,nomi
BV126ht6qESe,117319632165022,【苏星河车机】别急着说你用过豆包，我这个你真没见过,苏星河牛通,2026-09-25 17:00:00,1433340,1118,1,【苏星河车机】别急着说你用过豆包，我这个你真没见过2,42185854565,5.90100,1,25,16777215,2026-09-26 22:07:41,1790431661,0,eb6b7115,2209059899940637696,0
BV126ht6qESe,117319632165022,【苏星河车机】别急着说你用过豆包，我这个你真没见过,苏星河牛通,2026-09-25 17:00:00,1433340,1118,1,【苏星河车机】别急着说你用过豆包，我这个你真没见过2,42185854565,8.10000,1,25,16777215,2026-09-26 22:05:25,1790431525,0,d559a09c,2209058758452681984,0个
BV126ht6qESe,117319632165022,【苏星河车机】别急着说你用过豆包，我这个你真没见过,苏星河牛通,2026-09-25 17:00:00,1433340,1118,1,【苏星河车机】别急着说你用过豆包，我这个你真没见过2,42185854565,13.68000,5,25,16777215,2026-09-26 22:05:04,1790431504,0,12f5b5f,2209058582056846592,1个
BV126ht6qESe,117319632165022,【苏星河车机】别急着说你用过豆包，我这个你真没见过,苏星河牛通,2026-09-25 17:00:00,1433340,1118,1,【苏星河车机】别急着说你用过豆包，我这个你真没见过2,42185854565,19.48700,1,25,16777215,2026-09-26 22:04:28,1790431468,0,79afb43,2209058279798494976,我只在短视频上看过，但是没下
BV126ht6qESe,117319632165022,【苏星河车机】别急着说你用过豆包，我这个你真没见过,苏星河牛通,2026-09-25 17:00:00,1433340,1118,1,【苏星河车机】别急着说你用过豆包，我这个你真没见过2,42185854565,1.68100,1,25,16777215,2026-09-26 22:03:32,1790431412,0,f1889a7b,2209057817443973888,0
BV126ht6qESe,117319632165022,【苏星河车机】别急着说你用过豆包，我这个你真没见过,苏星河牛通,2026-09-25 17:00:00,1433340,1118,1,【苏星河车机】别急着说你用过豆包，我这个你真没见过2,42185854565,5.08600,1,25,16777215,2026-09-26 22:00:03,1790431203,0,97363123,2209056059056927232,0
BV126ht6qESe,117319632165022,【苏星河车机】别急着说你用过豆包，我这个你真没见过,苏星河牛通,2026-09-25 17:00:00,1433340,1118,1,【苏星河车机】别急着说你用过豆包，我这个你真没见过2,42185854565,34.28200,5,25,16707842,2026-09-26 21:57:46,1790431066,0,65b7544e,2209054913802071808,那不完了吗
BV126ht6qESe,117319632165022,【苏星河车机】别急着说你用过豆包，我这个你真没见过,苏星河牛通,2026-09-25 17:00:00,1433340,1118,1,【苏星河车机】别急着说你用过豆包，我这个你真没见过2,42185854565,8.82800,1,25,16777215,2026-09-26 21:57:04,1790431024,0,43e8d5f9,2209054556917800960,10+
BV126ht6qESe,117319632165022,【苏星河车机】别急着说你用过豆包，我这个你真没见过,苏星河牛通,2026-09-25 17:00:00,1433340,1118,1,【苏星河车机】别急着说你用过豆包，我这个你真没见过2,42185854565,4.84900,1,25,16777215,2026-09-26 21:56:45,1790431005,0,aadc6784,2209054396988663552,0
BV126ht6qESe,117319632165022,【苏星河车机】别急着说你用过豆包，我这个你真没见过,苏星河牛通,2026-09-25 17:00:00,1433340,1118,1,【苏星河车机】别急着说你用过豆包，我这个你真没见过2,42185854565,91.76200,1,25,16777215,2026-09-26 21:50:49,1790430649,0,2b43db1e,2209051413857350400,阿斯拉达！
BV126ht6qESe,117319632165022,【苏星河车机】别急着说你用过豆包，我这个你真没见过,苏星河牛通,2026-09-25 17:00:00,1433340,1118,1,【苏星河车机】别急着说你用过豆包，我这个你真没见过2,42185854565,18.81400,1,25,16777215,2026-09-26 21:46:52,1790430412,0,9ba16e3f,2209049425396235008,这算认识吗
BV126ht6qESe,117319632165022,【苏星河车机】别急着说你用过豆包，我这个你真没见过,苏星河牛通,2026-09-25 17:00:00,1433340,1118,1,【苏星河车机】别急着说你用过豆包，我这个你真没见过2,42185854565,5.40400,1,25,16777215,2026-09-26 21:44:56,1790430296,0,a83b6e02,2209048452132800768,0
BV126ht6qESe,117319632165022,【苏星河车机】别急着说你用过豆包，我这个你真没见过,苏星河牛通,2026-09-25 17:00:00,1433340,1118,1,【苏星河车机】别急着说你用过豆包，我这个你真没见过2,42185854565,6.40100,1,25,16777215,2026-09-26 21:43:26,1790430206,0,6326e06b,2209047693207698432,没有，近18年都没有
BV126ht6qESe,117319632165022,【苏星河车机】别急着说你用过豆包，我这个你真没见过,苏星河牛通,2026-09-25 17:00:00,1433340,1118,1,【苏星河车机】别急着说你用过豆包，我这个你真没见过2,42185854565,15.07200,1,25,16777215,2026-09-26 21:42:51,1790430171,0,7f45bf7c,2209047401350806016,豆姐！
BV126ht6qESe,117319632165022,【苏星河车机】别急着说你用过豆包，我这个你真没见过,苏星河牛通,2026-09-25 17:00:00,1433340,1118,1,【苏星河车机】别急着说你用过豆包，我这个你真没见过2,42185854565,4.70000,1,25,16777215,2026-09-26 21:42:49,1790430169,0,4fe7c21b,2209047384926265600,0
BV126ht6qESe,117319632165022,【苏星河车机】别急着说你用过豆包，我这个你真没见过,苏星河牛通,2026-09-25 17:00:00,1433340,1118,1,【苏星河车机】别急着说你用过豆包，我这个你真没见过2,42185854565,8.23900,1,25,15138834,2026-09-26 21:40:01,1790430001,0,4bb90e0e,2209045973894946560,0个吧
BV126ht6qESe,117319632165022,【苏星河车机】别急着说你用过豆包，我这个你真没见过,苏星河牛通,2026-09-25 17:00:00,1433340,1118,1,【苏星河车机】别急着说你用过豆包，我这个你真没见过2,42185854565,6.19400,1,25,16777215,2026-09-26 21:39:01,1790429941,0,ffc0b60e,2209045475972564736,0
BV126ht6qESe,117319632165022,【苏星河车机】别急着说你用过豆包，我这个你真没见过,苏星河牛通,2026-09-25 17:00:00,1433340,1118,1,【苏星河车机】别急着说你用过豆包，我这个你真没见过2,42185854565,12.84400,1,25,16777215,2026-09-26 21:38:46,1790429926,0,def964b4,2209045351946755328,鄭素敏、濱崎步
BV126ht6qESe,117319632165022,【苏星河车机】别急着说你用过豆包，我这个你真没见过,苏星河牛通,2026-09-25 17:00:00,1433340,1118,1,【苏星河车机】别急着说你用过豆包，我这个你真没见过2,42185854565,6.05800,1,25,16777215,2026-09-26 21:37:18,1790429838,0,c96b80a2,2209044613665575680,如何定义《朋友》
BV126ht6qESe,117319632165022,【苏星河车机】别急着说你用过豆包，我这个你真没见过,苏星河牛通,2026-09-25 17:00:00,1433340,1118,1,【苏星河车机】别急着说你用过豆包，我这个你真没见过2,42185854565,5.62000,1,25,15138834,2026-09-26 21:35:53,1790429753,0,83fb731b,2209043897983192832,女“性”朋友还是“女性”朋友？前者的话我想做王水牛！
BV126ht6qESe,117319632165022,【苏星河车机】别急着说你用过豆包，我这个你真没见过,苏星河牛通,2026-09-25 17:00:00,1433340,1118,1,【苏星河车机】别急着说你用过豆包，我这个你真没见过2,42185854565,10.36500,1,25,16777215,2026-09-26 21:34:09,1790429649,0,bb4bf95f,2209043024468969472,500多
BV126ht6qESe,117319632165022,【苏星河车机】别急着说你用过豆包，我这个你真没见过,苏星河牛通,2026-09-25 17:00:00,1433340,1118,1,【苏星河车机】别急着说你用过豆包，我这个你真没见过2,42185854565,21.86500,1,25,16777215,2026-09-26 21:32:56,1790429576,0,b9b24281,2209042415430832640,没下载，今天第一次见到这个形象
BV126ht6qESe,117319632165022,【苏星河车机】别急着说你用过豆包，我这个你真没见过,苏星河牛通,2026-09-25 17:00:00,1433340,1118,1,【苏星河车机】别急着说你用过豆包，我这个你真没见过2,42185854565,21.97600,1,25,16777215,2026-09-26 21:32:11,1790429531,0,902652c4,2209042038111532800,叫包姐
BV126ht6qESe,117319632165022,【苏星河车机】别急着说你用过豆包，我这个你真没见过,苏星河牛通,2026-09-25 17:00:00,1433340,1118,1,【苏星河车机】别急着说你用过豆包，我这个你真没见过2,42185854565,263.05400,1,25,16777215,2026-09-26 21:31:35,1790429495,0,744d76b2,2209041736264347392,没事，晚上关上灯也是一样的，哈哈
BV126ht6qESe,117319632165022,【苏星河车机】别急着说你用过豆包，我这个你真没见过,苏星河牛通,2026-09-25 17:00:00,1433340,1118,1,【苏星河车机】别急着说你用过豆包，我这个你真没见过2,42185854565,19.76300,1,25,16777215,2026-09-26 21:31:32,1790429492,0,f03bd86c,2209041710980363776,东北雨姐
BV126ht6qESe,117319632165022,【苏星河车机】别急着说你用过豆包，我这个你真没见过,苏星河牛通,2026-09-25 17:00:00,1433340,1118,1,【苏星河车机】别急着说你用过豆包，我这个你真没见过2,42185854565,5.64000,1,25,9487136,2026-09-26 21:31:18,1790429478,0,c5109037,2209041590436856832,出门在外不跟女人打任何招呼。除了必要场所
BV126ht6qESe,117319632165022,【苏星河车机】别急着说你用过豆包，我这个你真没见过,苏星河牛通,2026-09-25 17:00:00,1433340,1118,1,【苏星河车机】别急着说你用过豆包，我这个你真没见过2,42185854565,7.59500,1,25,16777215,2026-09-26 21:31:15,1790429475,0,f03bd86c,2209041565035343872,0个
BV126ht6qESe,117319632165022,【苏星河车机】别急着说你用过豆包，我这个你真没见过,苏星河牛通,2026-09-25 17:00:00,1433340,1118,1,【苏星河车机】别急着说你用过豆包，我这个你真没见过2,42185854565,5.89400,1,25,16777215,2026-09-26 21:30:10,1790429410,0,95fc6e83,2209041016639181056,0
BV126ht6qESe,117319632165022,【苏星河车机】别急着说你用过豆包，我这个你真没见过,苏星河牛通,2026-09-25 17:00:00,1433340,1118,1,【苏星河车机】别急着说你用过豆包，我这个你真没见过2,42185854565,2.78100,1,25,16777215,2026-09-26 21:30:01,1790429401,0,1a1c642e,2209040941762150912,0
BV126ht6qESe,117319632165022,【苏星河车机】别急着说你用过豆包，我这个你真没见过,苏星河牛通,2026-09-25 17:00:00,1433340,1118,1,【苏星河车机】别急着说你用过豆包，我这个你真没见过2,42185854565,14.92100,1,25,16777215,2026-09-26 21:26:49,1790429209,0,6ec2cc36,2209039331635862272,一两个吧
BV126ht6qESe,117319632165022,【苏星河车机】别急着说你用过豆包，我这个你真没见过,苏星河牛通,2026-09-25 17:00:00,1433340,1118,1,【苏星河车机】别急着说你用过豆包，我这个你真没见过2,42185854565,92.98700,1,25,16777215,2026-09-26 21:25:44,1790429144,0,bebc8507,2209038790906212608,蔚来看了都说好
BV126ht6qESe,117319632165022,【苏星河车机】别急着说你用过豆包，我这个你真没见过,苏星河牛通,2026-09-25 17:00:00,1433340,1118,1,【苏星河车机】别急着说你用过豆包，我这个你真没见过2,42185854565,37.42800,1,25,16777215,2026-09-26 21:25:08,1790429108,0,65c07aa0,2209038487180316160,这条命给了呗
BV126ht6qESe,117319632165022,【苏星河车机】别急着说你用过豆包，我这个你真没见过,苏星河牛通,2026-09-25 17:00:00,1433340,1118,1,【苏星河车机】别急着说你用过豆包，我这个你真没见过2,42185854565,119.95200,1,25,16777215,2026-09-26 21:24:50,1790429090,0,f5ecfc2,2209038337099776000,???
BV126ht6qESe,117319632165022,【苏星河车机】别急着说你用过豆包，我这个你真没见过,苏星河牛通,2026-09-25 17:00:00,1433340,1118,1,【苏星河车机】别急着说你用过豆包，我这个你真没见过2,42185854565,591.38300,1,25,16777215,2026-09-26 21:23:51,1790429031,0,acd848db,2209037838027948032,哈哈哈哈哈
BV126ht6qESe,117319632165022,【苏星河车机】别急着说你用过豆包，我这个你真没见过,苏星河牛通,2026-09-25 17:00:00,1433340,1118,1,【苏星河车机】别急着说你用过豆包，我这个你真没见过2,42185854565,22.00100,1,25,16777215,2026-09-26 21:23:19,1790428999,0,4be70744,2209037575539856384,这个没有
BV126ht6qESe,117319632165022,【苏星河车机】别急着说你用过豆包，我这个你真没见过,苏星河牛通,2026-09-25 17:00:00,1433340,1118,1,【苏星河车机】别急着说你用过豆包，我这个你真没见过2,42185854565,97.06200,1,25,16777215,2026-09-26 21:22:15,1790428935,0,4fdf2b61,2209037034860674816,这块屏幕其实只有720p
BV126ht6qESe,117319632165022,【苏星河车机】别急着说你用过豆包，我这个你真没见过,苏星河牛通,2026-09-25 17:00:00,1433340,1118,1,【苏星河车机】别急着说你用过豆包，我这个你真没见过2,42185854565,5.96700,1,25,16777215,2026-09-26 21:19:05,1790428745,0,9c84566b,2209035440966294784,0
BV126ht6qESe,117319632165022,【苏星河车机】别急着说你用过豆包，我这个你真没见过,苏星河牛通,2026-09-25 17:00:00,1433340,1118,1,【苏星河车机】别急着说你用过豆包，我这个你真没见过2,42185854565,10.80600,1,25,15138834,2026-09-26 21:18:47,1790428727,0,cb0af15a,2209035288133536256,是女  性朋友？
BV126ht6qESe,117319632165022,【苏星河车机】别急着说你用过豆包，我这个你真没见过,苏星河牛通,2026-09-25 17:00:00,1433340,1118,1,【苏星河车机】别急着说你用过豆包，我这个你真没见过2,42185854565,6.33600,1,25,16777215,2026-09-26 21:16:32,1790428592,0,e7592a3,2209034158708988672,0
BV126ht6qESe,117319632165022,【苏星河车机】别急着说你用过豆包，我这个你真没见过,苏星河牛通,2026-09-25 17:00:00,1433340,1118,1,【苏星河车机】别急着说你用过豆包，我这个你真没见过2,42185854565,5.60200,1,25,16777215,2026-09-26 21:16:19,1790428579,0,283ef453,2209034049195549440,0
BV126ht6qESe,117319632165022,【苏星河车机】别急着说你用过豆包，我这个你真没见过,苏星河牛通,2026-09-25 17:00:00,1433340,1118,1,【苏星河车机】别急着说你用过豆包，我这个你真没见过2,42185854565,14.09600,5,25,16707842,2026-09-26 21:14:36,1790428476,0,73e2c750,2209033182199398912,请把女性俩字分开讲
BV126ht6qESe,117319632165022,【苏星河车机】别急着说你用过豆包，我这个你真没见过,苏星河牛通,2026-09-25 17:00:00,1433340,1118,1,【苏星河车机】别急着说你用过豆包，我这个你真没见过2,42185854565,2.01000,1,25,16777215,2026-09-26 21:14:27,1790428467,0,e99e902,2209033105066090496,0
BV126ht6qESe,117319632165022,【苏星河车机】别急着说你用过豆包，我这个你真没见过,苏星河牛通,2026-09-25 17:00:00,1433340,1118,1,【苏星河车机】别急着说你用过豆包，我这个你真没见过2,42185854565,302.21100,1,25,16777215,2026-09-26 21:10:56,1790428256,0,10e070f5,2209031338760707328,？
BV126ht6qESe,117319632165022,【苏星河车机】别急着说你用过豆包，我这个你真没见过,苏星河牛通,2026-09-25 17:00:00,1433340,1118,1,【苏星河车机】别急着说你用过豆包，我这个你真没见过2,42185854565,279.14700,1,25,16777215,2026-09-26 21:10:30,1790428230,0,10e070f5,2209031123827775232,？
BV126ht6qESe,117319632165022,【苏星河车机】别急着说你用过豆包，我这个你真没见过,苏星河牛通,2026-09-25 17:00:00,1433340,1118,1,【苏星河车机】别急着说你用过豆包，我这个你真没见过2,42185854565,22.53600,1,25,16777215,2026-09-26 21:06:28,1790427988,0,6643d1a2,2209029088550375936,它又不是人
BV126ht6qESe,117319632165022,【苏星河车机】别急着说你用过豆包，我这个你真没见过,苏星河牛通,2026-09-25 17:00:00,1433340,1118,1,【苏星河车机】别急着说你用过豆包，我这个你真没见过2,42185854565,10.82000,1,25,16777215,2026-09-26 21:01:51,1790427711,0,e5e35d9,2209026771121918976,0个
BV126ht6qESe,117319632165022,【苏星河车机】别急着说你用过豆包，我这个你真没见过,苏星河牛通,2026-09-25 17:00:00,1433340,1118,1,【苏星河车机】别急着说你用过豆包，我这个你真没见过2,42185854565,39.72000,1,25,38979,2026-09-26 20:58:58,1790427538,0,b82daa79,2209025319607109888,好的，我现在就给你找一个最绕湾子，最不直接的餐厅
BV126ht6qESe,117319632165022,【苏星河车机】别急着说你用过豆包，我这个你真没见过,苏星河牛通,2026-09-25 17:00:00,1433340,1118,1,【苏星河车机】别急着说你用过豆包，我这个你真没见过2,42185854565,3.50000,1,25,16777215,2026-09-26 20:58:23,1790427503,0,5584f37e,2209025022465939712,撑不住了，我两个怎么办？
BV126ht6qESe,117319632165022,【苏星河车机】别急着说你用过豆包，我这个你真没见过,苏星河牛通,2026-09-25 17:00:00,1433340,1118,1,【苏星河车机】别急着说你用过豆包，我这个你真没见过2,42185854565,21.60300,1,25,16777215,2026-09-26 20:57:09,1790427429,0,7ab03d5,2209024405097535232,没认识，不熟，谢谢
BV126ht6qESe,117319632165022,【苏星河车机】别急着说你用过豆包，我这个你真没见过,苏星河牛通,2026-09-25 17:00:00,1433340,1118,1,【苏星河车机】别急着说你用过豆包，我这个你真没见过2,42185854565,8.04600,1,25,16777215,2026-09-26 20:54:33,1790427273,0,ff3fb914,2209023097053850880,就不告诉你
BV126ht6qESe,117319632165022,【苏星河车机】别急着说你用过豆包，我这个你真没见过,苏星河牛通,2026-09-25 17:00:00,1433340,1118,1,【苏星河车机】别急着说你用过豆包，我这个你真没见过2,42185854565,9.43400,1,25,16777215,2026-09-26 20:52:53,1790427173,0,5e321c09,2209022254225488128,三个两个骗吃骗喝
BV126ht6qESe,117319632165022,【苏星河车机】别急着说你用过豆包，我这个你真没见过,苏星河牛通,2026-09-25 17:00:00,1433340,1118,1,【苏星河车机】别急着说你用过豆包，我这个你真没见过2,42185854565,106.89500,1,25,16777215,2026-09-26 20:52:24,1790427144,0,3cba81d9,2209022014470840320,锤锤？！
BV126ht6qESe,117319632165022,【苏星河车机】别急着说你用过豆包，我这个你真没见过,苏星河牛通,2026-09-25 17:00:00,1433340,1118,1,【苏星河车机】别急着说你用过豆包，我这个你真没见过2,42185854565,7.46500,1,25,16777215,2026-09-26 20:52:22,1790427142,0,e08b5a6,2209021991418387200,同事的话好几个，外面的话0个
BV126ht6qESe,117319632165022,【苏星河车机】别急着说你用过豆包，我这个你真没见过,苏星河牛通,2026-09-25 17:00:00,1433340,1118,1,【苏星河车机】别急着说你用过豆包，我这个你真没见过2,42185854565,6.61400,1,25,16777215,2026-09-26 20:52:19,1790427139,0,cc092b32,2209021972745872896,0
BV126ht6qESe,117319632165022,【苏星河车机】别急着说你用过豆包，我这个你真没见过,苏星河牛通,2026-09-25 17:00:00,1433340,1118,1,【苏星河车机】别急着说你用过豆包，我这个你真没见过2,42185854565,3.29900,1,25,16777215,2026-09-26 20:52:07,1790427127,0,a98fadb8,2209021864246827008,0
BV126ht6qESe,117319632165022,【苏星河车机】别急着说你用过豆包，我这个你真没见过,苏星河牛通,2026-09-25 17:00:00,1433340,1118,1,【苏星河车机】别急着说你用过豆包，我这个你真没见过2,42185854565,251.19000,1,25,16777215,2026-09-26 20:51:03,1790427063,0,b5a4004a,2209021332325301248,细说不同的女朋友
BV126ht6qESe,117319632165022,【苏星河车机】别急着说你用过豆包，我这个你真没见过,苏星河牛通,2026-09-25 17:00:00,1433340,1118,1,【苏星河车机】别急着说你用过豆包，我这个你真没见过2,42185854565,5.78800,1,25,16777215,2026-09-26 20:49:20,1790426960,0,2968e874,2209020470840842496,0
BV126ht6qESe,117319632165022,【苏星河车机】别急着说你用过豆包，我这个你真没见过,苏星河牛通,2026-09-25 17:00:00,1433340,1118,1,【苏星河车机】别急着说你用过豆包，我这个你真没见过2,42185854565,5.96000,1,25,16777215,2026-09-26 20:47:16,1790426836,0,d428bfef,2209019424764810752,0
BV126ht6qESe,117319632165022,【苏星河车机】别急着说你用过豆包，我这个你真没见过,苏星河牛通,2026-09-25 17:00:00,1433340,1118,1,【苏星河车机】别急着说你用过豆包，我这个你真没见过2,42185854565,633.61000,1,25,16777215,2026-09-26 20:47:15,1790426835,0,e8f0ba8b,2209019418632617728,人情世故！
BV126ht6qESe,117319632165022,【苏星河车机】别急着说你用过豆包，我这个你真没见过,苏星河牛通,2026-09-25 17:00:00,1433340,1118,1,【苏星河车机】别急着说你用过豆包，我这个你真没见过2,42185854565,355.87600,1,25,16777215,2026-09-26 20:46:25,1790426785,0,239df1ca,2209018995125457920,这个就比遥遥领先差远了
BV126ht6qESe,117319632165022,【苏星河车机】别急着说你用过豆包，我这个你真没见过,苏星河牛通,2026-09-25 17:00:00,1433340,1118,1,【苏星河车机】别急着说你用过豆包，我这个你真没见过2,42185854565,6.38000,1,25,16777215,2026-09-26 20:45:15,1790426715,0,27df70ed,2209018411580247040,0
BV126ht6qESe,117319632165022,【苏星河车机】别急着说你用过豆包，我这个你真没见过,苏星河牛通,2026-09-25 17:00:00,1433340,1118,1,【苏星河车机】别急着说你用过豆包，我这个你真没见过2,42185854565,1.52400,1,25,16777215,2026-09-26 20:43:46,1790426626,0,47166dfc,2209017664826561536,0
BV126ht6qESe,117319632165022,【苏星河车机】别急着说你用过豆包，我这个你真没见过,苏星河牛通,2026-09-25 17:00:00,1433340,1118,1,【苏星河车机】别急着说你用过豆包，我这个你真没见过2,42185854565,13.98300,1,25,16777215,2026-09-26 20:42:03,1790426523,0,4271c7d5,2209016802863022336,0
BV126ht6qESe,117319632165022,【苏星河车机】别急着说你用过豆包，我这个你真没见过,苏星河牛通,2026-09-25 17:00:00,1433340,1118,1,【苏星河车机】别急着说你用过豆包，我这个你真没见过2,42185854565,120.95000,1,25,16777215,2026-09-26 20:42:03,1790426523,0,239df1ca,2209016797620560640,豆包比小艺nomi是断崖式的强
BV126ht6qESe,117319632165022,【苏星河车机】别急着说你用过豆包，我这个你真没见过,苏星河牛通,2026-09-25 17:00:00,1433340,1118,1,【苏星河车机】别急着说你用过豆包，我这个你真没见过2,42185854565,6.72500,1,25,16777215,2026-09-26 20:41:18,1790426478,0,79e7105c,2209016422658174976,0
BV126ht6qESe,117319632165022,【苏星河车机】别急着说你用过豆包，我这个你真没见过,苏星河牛通,2026-09-25 17:00:00,1433340,1118,1,【苏星河车机】别急着说你用过豆包，我这个你真没见过2,42185854565,278.15000,1,25,16777215,2026-09-26 20:41:03,1790426463,0,e8f0ba8b,2209016295092711424,这是微软小娜的首创啊
BV126ht6qESe,117319632165022,【苏星河车机】别急着说你用过豆包，我这个你真没见过,苏星河牛通,2026-09-25 17:00:00,1433340,1118,1,【苏星河车机】别急着说你用过豆包，我这个你真没见过2,42185854565,96.79000,1,25,16777215,2026-09-26 20:39:02,1790426342,0,9510a41f,2209015282403075072,豆包是AI吗？贴金呢？
BV126ht6qESe,117319632165022,【苏星河车机】别急着说你用过豆包，我这个你真没见过,苏星河牛通,2026-09-25 17:00:00,1433340,1118,1,【苏星河车机】别急着说你用过豆包，我这个你真没见过2,42185854565,616.05600,1,25,16777215,2026-09-26 20:36:05,1790426165,0,1a201d85,2209013798408061696,按个摩怎么了
BV126ht6qESe,117319632165022,【苏星河车机】别急着说你用过豆包，我这个你真没见过,苏星河牛通,2026-09-25 17:00:00,1433340,1118,1,【苏星河车机】别急着说你用过豆包，我这个你真没见过2,42185854565,34.75200,1,25,16777215,2026-09-26 20:34:10,1790426050,0,39e3c1e0,2209012830672794368,没绷住
BV126ht6qESe,117319632165022,【苏星河车机】别急着说你用过豆包，我这个你真没见过,苏星河牛通,2026-09-25 17:00:00,1433340,1118,1,【苏星河车机】别急着说你用过豆包，我这个你真没见过2,42185854565,6.19200,1,25,16777215,2026-09-26 20:34:01,1790426041,0,a1a4ca8e,2209012760896516352,0
BV126ht6qESe,117319632165022,【苏星河车机】别急着说你用过豆包，我这个你真没见过,苏星河牛通,2026-09-25 17:00:00,1433340,1118,1,【苏星河车机】别急着说你用过豆包，我这个你真没见过2,42185854565,9.68000,1,25,16777215,2026-09-26 20:33:47,1790426027,0,a861d8d6,2209012640679024128,zero
BV126ht6qESe,117319632165022,【苏星河车机】别急着说你用过豆包，我这个你真没见过,苏星河牛通,2026-09-25 17:00:00,1433340,1118,1,【苏星河车机】别急着说你用过豆包，我这个你真没见过2,42185854565,3.14200,1,25,16777215,2026-09-26 20:32:13,1790425933,0,22c63313,2209011848047901184,0
BV126ht6qESe,117319632165022,【苏星河车机】别急着说你用过豆包，我这个你真没见过,苏星河牛通,2026-09-25 17:00:00,1433340,1118,1,【苏星河车机】别急着说你用过豆包，我这个你真没见过2,42185854565,9.58400,1,25,16777215,2026-09-26 20:32:03,1790425923,0,b42b6793,2209011769707167488,发了多少块钱推流
BV126ht6qESe,117319632165022,【苏星河车机】别急着说你用过豆包，我这个你真没见过,苏星河牛通,2026-09-25 17:00:00,1433340,1118,1,【苏星河车机】别急着说你用过豆包，我这个你真没见过2,42185854565,7.73200,1,25,16777215,2026-09-26 20:31:52,1790425912,0,f0a9e0f6,2209011678497622272,额，神秘小网站“认识”的算吗？
BV126ht6qESe,117319632165022,【苏星河车机】别急着说你用过豆包，我这个你真没见过,苏星河牛通,2026-09-25 17:00:00,1433340,1118,1,【苏星河车机】别急着说你用过豆包，我这个你真没见过2,42185854565,251.38000,1,25,16777215,2026-09-26 20:29:23,1790425763,0,b87c971b,2209010423016598528,那还说什么你们快买吧
BV126ht6qESe,117319632165022,【苏星河车机】别急着说你用过豆包，我这个你真没见过,苏星河牛通,2026-09-25 17:00:00,1433340,1118,1,【苏星河车机】别急着说你用过豆包，我这个你真没见过2,42185854565,13.49500,1,25,16777215,2026-09-26 20:28:35,1790425715,0,9d51d243,2209010020900462592,居然是0唉
BV126ht6qESe,117319632165022,【苏星河车机】别急着说你用过豆包，我这个你真没见过,苏星河牛通,2026-09-25 17:00:00,1433340,1118,1,【苏星河车机】别急着说你用过豆包，我这个你真没见过2,42185854565,46.56000,1,25,16777215,2026-09-26 20:28:28,1790425708,0,707786d0,2209009964704368896,我会相信他吗？
BV126ht6qESe,117319632165022,【苏星河车机】别急着说你用过豆包，我这个你真没见过,苏星河牛通,2026-09-25 17:00:00,1433340,1118,1,【苏星河车机】别急着说你用过豆包，我这个你真没见过2,42185854565,4.81000,1,25,16777215,2026-09-26 20:28:25,1790425705,0,e5635318,2209009937341125632,0
BV126ht6qESe,117319632165022,【苏星河车机】别急着说你用过豆包，我这个你真没见过,苏星河牛通,2026-09-25 17:00:00,1433340,1118,1,【苏星河车机】别急着说你用过豆包，我这个你真没见过2,42185854565,5.70200,1,25,16777215,2026-09-26 20:28:06,1790425686,0,f130efee,2209009782269311232,0
BV126ht6qESe,117319632165022,【苏星河车机】别急着说你用过豆包，我这个你真没见过,苏星河牛通,2026-09-25 17:00:00,1433340,1118,1,【苏星河车机】别急着说你用过豆包，我这个你真没见过2,42185854565,11.84400,1,25,15138834,2026-09-26 20:27:41,1790425661,0,aedd85be,2209009569986857984,111111111111111111 零们你们好
BV126ht6qESe,117319632165022,【苏星河车机】别急着说你用过豆包，我这个你真没见过,苏星河牛通,2026-09-25 17:00:00,1433340,1118,1,【苏星河车机】别急着说你用过豆包，我这个你真没见过2,42185854565,6.70800,1,25,16777215,2026-09-26 20:27:10,1790425630,0,34aea87,2209009309663222272,0
BV126ht6qESe,117319632165022,【苏星河车机】别急着说你用过豆包，我这个你真没见过,苏星河牛通,2026-09-25 17:00:00,1433340,1118,1,【苏星河车机】别急着说你用过豆包，我这个你真没见过2,42185854565,5.04800,1,25,16777215,2026-09-26 20:27:01,1790425621,0,c55a2be0,2209009238360299520,0
BV126ht6qESe,117319632165022,【苏星河车机】别急着说你用过豆包，我这个你真没见过,苏星河牛通,2026-09-25 17:00:00,1433340,1118,1,【苏星河车机】别急着说你用过豆包，我这个你真没见过2,42185854565,41.81000,1,25,16777215,2026-09-26 20:26:21,1790425581,0,adafb672,2209008897581751808,直接开到墓地
BV126ht6qESe,117319632165022,【苏星河车机】别急着说你用过豆包，我这个你真没见过,苏星河牛通,2026-09-25 17:00:00,1433340,1118,1,【苏星河车机】别急着说你用过豆包，我这个你真没见过2,42185854565,5.57300,1,25,16777215,2026-09-26 20:23:33,1790425413,0,40c2c9c3,2209007492984985856,0
BV126ht6qESe,117319632165022,【苏星河车机】别急着说你用过豆包，我这个你真没见过,苏星河牛通,2026-09-25 17:00:00,1433340,1118,1,【苏星河车机】别急着说你用过豆包，我这个你真没见过2,42185854565,8.41900,1,25,16777215,2026-09-26 20:21:47,1790425307,0,dc7ded9a,2209006597651407104,婚后没有女性朋友，只有工作合伙人
BV126ht6qESe,117319632165022,【苏星河车机】别急着说你用过豆包，我这个你真没见过,苏星河牛通,2026-09-25 17:00:00,1433340,1118,1,【苏星河车机】别急着说你用过豆包，我这个你真没见过2,42185854565,143.59200,1,25,16777215,2026-09-26 20:21:07,1790425267,0,211170a8,2209006267887456768,终于把豆眼睁开了
BV126ht6qESe,117319632165022,【苏星河车机】别急着说你用过豆包，我这个你真没见过,苏星河牛通,2026-09-25 17:00:00,1433340,1118,1,【苏星河车机】别急着说你用过豆包，我这个你真没见过2,42185854565,5.97200,1,25,16777215,2026-09-26 20:20:05,1790425205,0,a422fda9,2209005749227817472,0
BV126ht6qESe,117319632165022,【苏星河车机】别急着说你用过豆包，我这个你真没见过,苏星河牛通,2026-09-25 17:00:00,1433340,1118,1,【苏星河车机】别急着说你用过豆包，我这个你真没见过2,42185854565,45.12000,1,25,16777215,2026-09-26 20:19:07,1790425147,0,211170a8,2209005255130876160,对不起，是我搞错了，这条路是错的，现在给你最直接最咕噜咕噜咕噜...
BV126ht6qESe,117319632165022,【苏星河车机】别急着说你用过豆包，我这个你真没见过,苏星河牛通,2026-09-25 17:00:00,1433340,1118,1,【苏星河车机】别急着说你用过豆包，我这个你真没见过2,42185854565,6.52000,1,25,15138834,2026-09-26 20:18:15,1790425095,0,6a5cde07,2209004819535437056,100来个
BV126ht6qESe,117319632165022,【苏星河车机】别急着说你用过豆包，我这个你真没见过,苏星河牛通,2026-09-25 17:00:00,1433340,1118,1,【苏星河车机】别急着说你用过豆包，我这个你真没见过2,42185854565,1.35400,1,25,16777215,2026-09-26 20:16:48,1790425008,0,2abdbd0d,2209004088946075392,0
BV126ht6qESe,117319632165022,【苏星河车机】别急着说你用过豆包，我这个你真没见过,苏星河牛通,2026-09-25 17:00:00,1433340,1118,1,【苏星河车机】别急着说你用过豆包，我这个你真没见过2,42185854565,4.99900,1,25,16777215,2026-09-26 20:16:31,1790424991,0,ec33c0d5,2209003950358210560,我惹你马
BV126ht6qESe,117319632165022,【苏星河车机】别急着说你用过豆包，我这个你真没见过,苏星河牛通,2026-09-25 17:00:00,1433340,1118,1,【苏星河车机】别急着说你用过豆包，我这个你真没见过2,42185854565,4.41000,1,25,16777215,2026-09-26 20:16:18,1790424978,0,8ffd4ac3,2209003839200413696,0
BV126ht6qESe,117319632165022,【苏星河车机】别急着说你用过豆包，我这个你真没见过,苏星河牛通,2026-09-25 17:00:00,1433340,1118,1,【苏星河车机】别急着说你用过豆包，我这个你真没见过2,42185854565,2.76900,1,25,16777215,2026-09-26 20:15:59,1790424959,0,3ab48c6,2209003681989641216,0
BV126ht6qESe,117319632165022,【苏星河车机】别急着说你用过豆包，我这个你真没见过,苏星河牛通,2026-09-25 17:00:00,1433340,1118,1,【苏星河车机】别急着说你用过豆包，我这个你真没见过2,42185854565,19.04900,1,25,16777215,2026-09-26 20:15:17,1790424917,0,211170a8,2209003331455113984,共享女友
BV126ht6qESe,117319632165022,【苏星河车机】别急着说你用过豆包，我这个你真没见过,苏星河牛通,2026-09-25 17:00:00,1433340,1118,1,【苏星河车机】别急着说你用过豆包，我这个你真没见过2,42185854565,15.17600,1,25,16777215,2026-09-26 20:14:58,1790424898,0,57bebc44,2209003172986007808,0，豆包也不用
BV126ht6qESe,117319632165022,【苏星河车机】别急着说你用过豆包，我这个你真没见过,苏星河牛通,2026-09-25 17:00:00,1433340,1118,1,【苏星河车机】别急着说你用过豆包，我这个你真没见过2,42185854565,19.73200,1,25,15138834,2026-09-26 20:14:31,1790424871,0,d21aadaa,2209002945537440256,丁寒了，你怎么能定义豆包就是女性
BV126ht6qESe,117319632165022,【苏星河车机】别急着说你用过豆包，我这个你真没见过,苏星河牛通,2026-09-25 17:00:00,1433340,1118,1,【苏星河车机】别急着说你用过豆包，我这个你真没见过2,42185854565,2.18200,1,25,16777215,2026-09-26 20:13:49,1790424829,0,8f5b65b6,2209002587377166336,0
BV126ht6qESe,117319632165022,【苏星河车机】别急着说你用过豆包，我这个你真没见过,苏星河牛通,2026-09-25 17:00:00,1433340,1118,1,【苏星河车机】别急着说你用过豆包，我这个你真没见过2,42185854565,6.56700,1,25,16777215,2026-09-26 20:13:45,1790424825,0,d21aadaa,2209002557564284672,0
BV126ht6qESe,117319632165022,【苏星河车机】别急着说你用过豆包，我这个你真没见过,苏星河牛通,2026-09-25 17:00:00,1433340,1118,1,【苏星河车机】别急着说你用过豆包，我这个你真没见过2,42185854565,3.52500,1,25,16777215,2026-09-26 20:12:29,1790424749,0,83729031,2209001916632682752,0
BV126ht6qESe,117319632165022,【苏星河车机】别急着说你用过豆包，我这个你真没见过,苏星河牛通,2026-09-25 17:00:00,1433340,1118,1,【苏星河车机】别急着说你用过豆包，我这个你真没见过2,42185854565,6.57200,1,25,16777215,2026-09-26 20:10:15,1790424615,0,b8ece480,2209000792373918720,0
BV126ht6qESe,117319632165022,【苏星河车机】别急着说你用过豆包，我这个你真没见过,苏星河牛通,2026-09-25 17:00:00,1433340,1118,1,【苏星河车机】别急着说你用过豆包，我这个你真没见过2,42185854565,5.40300,1,25,16777215,2026-09-26 20:08:47,1790424527,0,f2b1089b,2209000060913217536,0
BV126ht6qESe,117319632165022,【苏星河车机】别急着说你用过豆包，我这个你真没见过,苏星河牛通,2026-09-25 17:00:00,1433340,1118,1,【苏星河车机】别急着说你用过豆包，我这个你真没见过2,42185854565,123.00000,1,25,15138834,2026-09-26 20:07:47,1790424467,0,81f1552c,2208999555298100224,哈哈哈哈
BV126ht6qESe,117319632165022,【苏星河车机】别急着说你用过豆包，我这个你真没见过,苏星河牛通,2026-09-25 17:00:00,1433340,1118,1,【苏星河车机】别急着说你用过豆包，我这个你真没见过2,42185854565,47.29500,1,25,16707842,2026-09-26 20:07:05,1790424425,0,b7869fb3,2208999206331634688,阿塔拉斯，帮我把能量冲上去，我要开风扇超车了
BV126ht6qESe,117319632165022,【苏星河车机】别急着说你用过豆包，我这个你真没见过,苏星河牛通,2026-09-25 17:00:00,1433340,1118,1,【苏星河车机】别急着说你用过豆包，我这个你真没见过2,42185854565,5.29200,1,25,16777215,2026-09-26 20:06:57,1790424417,0,b9bacf0d,2208999131832972032,0
BV126ht6qESe,117319632165022,【苏星河车机】别急着说你用过豆包，我这个你真没见过,苏星河牛通,2026-09-25 17:00:00,1433340,1118,1,【苏星河车机】别急着说你用过豆包，我这个你真没见过2,42185854565,34.55900,1,25,16777215,2026-09-26 20:06:32,1790424392,0,b7869fb3,2208998927125321216,哇塞～阿特拉斯吗？
BV126ht6qESe,117319632165022,【苏星河车机】别急着说你用过豆包，我这个你真没见过,苏星河牛通,2026-09-25 17:00:00,1433340,1118,1,【苏星河车机】别急着说你用过豆包，我这个你真没见过2,42185854565,36.84000,1,25,16707842,2026-09-26 20:03:43,1790424223,0,e674ce6d,2208997509542757888,纸片人吓人，三星emoji
BV126ht6qESe,117319632165022,【苏星河车机】别急着说你用过豆包，我这个你真没见过,苏星河牛通,2026-09-25 17:00:00,1433340,1118,1,【苏星河车机】别急着说你用过豆包，我这个你真没见过2,42185854565,7.14000,1,25,16777215,2026-09-26 20:01:44,1790424104,0,b4b28727,2208996506558867456,0，哈哈哈哈哈哈哈哈哈
BV126ht6qESe,117319632165022,【苏星河车机】别急着说你用过豆包，我这个你真没见过,苏星河牛通,2026-09-25 17:00:00,1433340,1118,1,【苏星河车机】别急着说你用过豆包，我这个你真没见过2,42185854565,22.83500,1,25,16777215,2026-09-26 20:00:12,1790424012,0,89d34895,2208995736652516096,豆包都能算的话，那我认识不少虚拟主播(doge)
BV126ht6qESe,117319632165022,【苏星河车机】别急着说你用过豆包，我这个你真没见过,苏星河牛通,2026-09-25 17:00:00,1433340,1118,1,【苏星河车机】别急着说你用过豆包，我这个你真没见过2,42185854565,6.97800,1,25,16777215,2026-09-26 19:57:12,1790423832,0,c6c73d9d,2208994232080633344,这十年可以说是0
BV126ht6qESe,117319632165022,【苏星河车机】别急着说你用过豆包，我这个你真没见过,苏星河牛通,2026-09-25 17:00:00,1433340,1118,1,【苏星河车机】别急着说你用过豆包，我这个你真没见过2,42185854565,118.19800,1,25,16777215,2026-09-26 19:56:09,1790423769,0,36c2a116,2208993701827590912,豆姐别夹了我害怕
BV126ht6qESe,117319632165022,【苏星河车机】别急着说你用过豆包，我这个你真没见过,苏星河牛通,2026-09-25 17:00:00,1433340,1118,1,【苏星河车机】别急着说你用过豆包，我这个你真没见过2,42185854565,21.28100,1,25,16777215,2026-09-26 19:55:36,1790423736,0,8fe0eb5f,2208993423754330624,别瞎说，那是我老婆
BV126ht6qESe,117319632165022,【苏星河车机】别急着说你用过豆包，我这个你真没见过,苏星河牛通,2026-09-25 17:00:00,1433340,1118,1,【苏星河车机】别急着说你用过豆包，我这个你真没见过2,42185854565,8.18000,1,25,16777215,2026-09-26 19:53:42,1790423622,0,84917dac,2208992466471396096,几年？我都十多年没认识了
BV126ht6qESe,117319632165022,【苏星河车机】别急着说你用过豆包，我这个你真没见过,苏星河牛通,2026-09-25 17:00:00,1433340,1118,1,【苏星河车机】别急着说你用过豆包，我这个你真没见过2,42185854565,53.61600,1,25,16777215,2026-09-26 19:52:38,1790423558,0,ebd6f912,2208991926169372672,直接给你开沟里
BV126ht6qESe,117319632165022,【苏星河车机】别急着说你用过豆包，我这个你真没见过,苏星河牛通,2026-09-25 17:00:00,1433340,1118,1,【苏星河车机】别急着说你用过豆包，我这个你真没见过2,42185854565,35.22200,1,25,16777215,2026-09-26 19:52:19,1790423539,0,ebd6f912,2208991771928231168,害怕.JPG
BV126ht6qESe,117319632165022,【苏星河车机】别急着说你用过豆包，我这个你真没见过,苏星河牛通,2026-09-25 17:00:00,1433340,1118,1,【苏星河车机】别急着说你用过豆包，我这个你真没见过2,42185854565,14.23500,1,25,16777215,2026-09-26 19:48:39,1790423319,0,83413893,2208989923162992128,屏幕内还是屏幕外？
BV126ht6qESe,117319632165022,【苏星河车机】别急着说你用过豆包，我这个你真没见过,苏星河牛通,2026-09-25 17:00:00,1433340,1118,1,【苏星河车机】别急着说你用过豆包，我这个你真没见过2,42185854565,2.17700,1,25,16777215,2026-09-26 19:48:08,1790423288,0,364c6c24,2208989667217929984,0
BV126ht6qESe,117319632165022,【苏星河车机】别急着说你用过豆包，我这个你真没见过,苏星河牛通,2026-09-25 17:00:00,1433340,1118,1,【苏星河车机】别急着说你用过豆包，我这个你真没见过2,42185854565,2.62000,1,25,16777215,2026-09-26 19:47:53,1790423273,0,90eb0a9c,2208989535567272192,0
BV126ht6qESe,117319632165022,【苏星河车机】别急着说你用过豆包，我这个你真没见过,苏星河牛通,2026-09-25 17:00:00,1433340,1118,1,【苏星河车机】别急着说你用过豆包，我这个你真没见过2,42185854565,4.75000,1,25,16777215,2026-09-26 19:46:09,1790423169,0,67485bfa,2208988665391256064,0
BV126ht6qESe,117319632165022,【苏星河车机】别急着说你用过豆包，我这个你真没见过,苏星河牛通,2026-09-25 17:00:00,1433340,1118,1,【苏星河车机】别急着说你用过豆包，我这个你真没见过2,42185854565,4.23700,1,25,16777215,2026-09-26 19:45:14,1790423114,0,82e7746e,2208988207188584704,0
BV126ht6qESe,117319632165022,【苏星河车机】别急着说你用过豆包，我这个你真没见过,苏星河牛通,2026-09-25 17:00:00,1433340,1118,1,【苏星河车机】别急着说你用过豆包，我这个你真没见过2,42185854565,3.73400,1,25,16777215,2026-09-26 19:44:14,1790423054,0,740edfef,2208987698025511936,0
BV126ht6qESe,117319632165022,【苏星河车机】别急着说你用过豆包，我这个你真没见过,苏星河牛通,2026-09-25 17:00:00,1433340,1118,1,【苏星河车机】别急着说你用过豆包，我这个你真没见过2,42185854565,14.46800,5,25,15138834,2026-09-26 19:42:57,1790422977,0,e3294cb7,2208987055349109248,母亲
BV126ht6qESe,117319632165022,【苏星河车机】别急着说你用过豆包，我这个你真没见过,苏星河牛通,2026-09-25 17:00:00,1433340,1118,1,【苏星河车机】别急着说你用过豆包，我这个你真没见过2,42185854565,178.29400,1,25,16777215,2026-09-26 19:41:00,1790422860,0,1fca118b,2208986075736198144,车评？会中规中矩就能上岗
BV126ht6qESe,117319632165022,【苏星河车机】别急着说你用过豆包，我这个你真没见过,苏星河牛通,2026-09-25 17:00:00,1433340,1118,1,【苏星河车机】别急着说你用过豆包，我这个你真没见过2,42185854565,425.23600,1,25,16777215,2026-09-26 19:39:54,1790422794,0,fab8116d,2208985523010309888,是他们不想吗？不，他们也想，但是他们不会
BV126ht6qESe,117319632165022,【苏星河车机】别急着说你用过豆包，我这个你真没见过,苏星河牛通,2026-09-25 17:00:00,1433340,1118,1,【苏星河车机】别急着说你用过豆包，我这个你真没见过2,42185854565,7.79500,1,25,16777215,2026-09-26 19:39:27,1790422767,0,fae1a336,2208985296308312832,3个已婚的
BV126ht6qESe,117319632165022,【苏星河车机】别急着说你用过豆包，我这个你真没见过,苏星河牛通,2026-09-25 17:00:00,1433340,1118,1,【苏星河车机】别急着说你用过豆包，我这个你真没见过2,42185854565,6.43900,1,25,16777215,2026-09-26 19:38:29,1790422709,0,ac02e55,2208984806245737728,0
BV126ht6qESe,117319632165022,【苏星河车机】别急着说你用过豆包，我这个你真没见过,苏星河牛通,2026-09-25 17:00:00,1433340,1118,1,【苏星河车机】别急着说你用过豆包，我这个你真没见过2,42185854565,6.28600,1,25,16777215,2026-09-26 19:37:44,1790422664,0,f83dd2ff,2208984431660751616,0
BV126ht6qESe,117319632165022,【苏星河车机】别急着说你用过豆包，我这个你真没见过,苏星河牛通,2026-09-25 17:00:00,1433340,1118,1,【苏星河车机】别急着说你用过豆包，我这个你真没见过2,42185854565,1.49400,1,25,16777215,2026-09-26 19:35:35,1790422535,0,d0c1701c,2208983346032389120,0
BV126ht6qESe,117319632165022,【苏星河车机】别急着说你用过豆包，我这个你真没见过,苏星河牛通,2026-09-25 17:00:00,1433340,1118,1,【苏星河车机】别急着说你用过豆包，我这个你真没见过2,42185854565,8.24000,1,25,16777215,2026-09-26 19:33:38,1790422418,0,f4caf3d2,2208982366813898496,一个都没有
BV126ht6qESe,117319632165022,【苏星河车机】别急着说你用过豆包，我这个你真没见过,苏星河牛通,2026-09-25 17:00:00,1433340,1118,1,【苏星河车机】别急着说你用过豆包，我这个你真没见过2,42185854565,399.84100,1,25,16777215,2026-09-26 19:32:54,1790422374,0,db7dbd64,2208982000063632896,豆包拉皮条？
BV126ht6qESe,117319632165022,【苏星河车机】别急着说你用过豆包，我这个你真没见过,苏星河牛通,2026-09-25 17:00:00,1433340,1118,1,【苏星河车机】别急着说你用过豆包，我这个你真没见过2,42185854565,5.76800,1,25,15138834,2026-09-26 19:30:44,1790422244,0,a8de2061,2208980909142344704,0
BV126ht6qESe,117319632165022,【苏星河车机】别急着说你用过豆包，我这个你真没见过,苏星河牛通,2026-09-25 17:00:00,1433340,1118,1,【苏星河车机】别急着说你用过豆包，我这个你真没见过2,42185854565,6.16000,1,25,16777215,2026-09-26 19:27:02,1790422022,0,a39fb5c7,2208979044547773184,0
BV126ht6qESe,117319632165022,【苏星河车机】别急着说你用过豆包，我这个你真没见过,苏星河牛通,2026-09-25 17:00:00,1433340,1118,1,【苏星河车机】别急着说你用过豆包，我这个你真没见过2,42185854565,229.77900,1,25,16777215,2026-09-26 19:26:35,1790421995,0,113ab4bc,2208978820739321088,豆包，就一个小妾
BV126ht6qESe,117319632165022,【苏星河车机】别急着说你用过豆包，我这个你真没见过,苏星河牛通,2026-09-25 17:00:00,1433340,1118,1,【苏星河车机】别急着说你用过豆包，我这个你真没见过2,42185854565,2.10000,1,25,16777215,2026-09-26 19:25:22,1790421922,0,a4aced15,2208978204135041792,0
BV126ht6qESe,117319632165022,【苏星河车机】别急着说你用过豆包，我这个你真没见过,苏星河牛通,2026-09-25 17:00:00,1433340,1118,1,【苏星河车机】别急着说你用过豆包，我这个你真没见过2,42185854565,4.39300,1,25,16777215,2026-09-26 19:24:01,1790421841,0,30b16c4f,2208977527426028800,阿彌陀佛 阿彌陀佛 阿彌陀佛 阿彌陀佛 阿彌陀佛 阿彌陀佛 阿彌陀佛 阿彌陀佛 阿彌陀佛 阿彌陀佛 阿彌陀佛 阿彌陀佛 阿彌陀佛 阿彌陀佛 阿彌陀佛 阿彌陀佛 阿彌陀佛 阿彌陀佛 阿彌陀佛
BV126ht6qESe,117319632165022,【苏星河车机】别急着说你用过豆包，我这个你真没见过,苏星河牛通,2026-09-25 17:00:00,1433340,1118,1,【苏星河车机】别急着说你用过豆包，我这个你真没见过2,42185854565,17.29000,1,25,16777215,2026-09-26 19:22:54,1790421774,0,113ab4bc,2208976964725901312,握草，豆包，我卸载了
BV126ht6qESe,117319632165022,【苏星河车机】别急着说你用过豆包，我这个你真没见过,苏星河牛通,2026-09-25 17:00:00,1433340,1118,1,【苏星河车机】别急着说你用过豆包，我这个你真没见过2,42185854565,19.55900,1,25,16777215,2026-09-26 19:19:33,1790421573,0,65932414,2208975274925394176,我真不认识
BV126ht6qESe,117319632165022,【苏星河车机】别急着说你用过豆包，我这个你真没见过,苏星河牛通,2026-09-25 17:00:00,1433340,1118,1,【苏星河车机】别急着说你用过豆包，我这个你真没见过2,42185854565,6.41800,1,25,16777215,2026-09-26 19:18:57,1790421537,0,e74051da,2208974972146465280,0
BV126ht6qESe,117319632165022,【苏星河车机】别急着说你用过豆包，我这个你真没见过,苏星河牛通,2026-09-25 17:00:00,1433340,1118,1,【苏星河车机】别急着说你用过豆包，我这个你真没见过2,42185854565,7.16600,1,25,16777215,2026-09-26 19:17:08,1790421428,0,17d2088a,2208974061966096896,不敢
BV126ht6qESe,117319632165022,【苏星河车机】别急着说你用过豆包，我这个你真没见过,苏星河牛通,2026-09-25 17:00:00,1433340,1118,1,【苏星河车机】别急着说你用过豆包，我这个你真没见过2,42185854565,644.27600,1,25,16777215,2026-09-26 19:15:59,1790421359,0,7c75b952,2208973486298045184,凑 牛逼
BV126ht6qESe,117319632165022,【苏星河车机】别急着说你用过豆包，我这个你真没见过,苏星河牛通,2026-09-25 17:00:00,1433340,1118,1,【苏星河车机】别急着说你用过豆包，我这个你真没见过2,42185854565,4.24300,1,25,16777215,2026-09-26 19:15:03,1790421303,0,75129f63,2208973012676586240,避之如洪水猛兽，还上赶子接触呢
BV126ht6qESe,117319632165022,【苏星河车机】别急着说你用过豆包，我这个你真没见过,苏星河牛通,2026-09-25 17:00:00,1433340,1118,1,【苏星河车机】别急着说你用过豆包，我这个你真没见过2,42185854565,3.54200,1,25,16777215,2026-09-26 19:14:24,1790421264,0,3c23f088,2208972684204453376,0
BV126ht6qESe,117319632165022,【苏星河车机】别急着说你用过豆包，我这个你真没见过,苏星河牛通,2026-09-25 17:00:00,1433340,1118,1,【苏星河车机】别急着说你用过豆包，我这个你真没见过2,42185854565,3.00300,1,25,16777215,2026-09-26 19:14:18,1790421258,0,8e37de36,2208972631439423488,4
BV126ht6qESe,117319632165022,【苏星河车机】别急着说你用过豆包，我这个你真没见过,苏星河牛通,2026-09-25 17:00:00,1433340,1118,1,【苏星河车机】别急着说你用过豆包，我这个你真没见过2,42185854565,19.20300,1,25,16777215,2026-09-26 19:12:58,1790421178,0,6783f0f6,2208971964688343296,你怎么知道他是女性
BV126ht6qESe,117319632165022,【苏星河车机】别急着说你用过豆包，我这个你真没见过,苏星河牛通,2026-09-25 17:00:00,1433340,1118,1,【苏星河车机】别急着说你用过豆包，我这个你真没见过2,42185854565,6.66200,1,25,16777215,2026-09-26 19:12:08,1790421128,0,48b52b5a,2208971547346771712,0
BV126ht6qESe,117319632165022,【苏星河车机】别急着说你用过豆包，我这个你真没见过,苏星河牛通,2026-09-25 17:00:00,1433340,1118,1,【苏星河车机】别急着说你用过豆包，我这个你真没见过2,42185854565,11.03200,1,25,16777215,2026-09-26 19:11:32,1790421092,0,ef7fe6f8,2208971242773247232,包0的
BV126ht6qESe,117319632165022,【苏星河车机】别急着说你用过豆包，我这个你真没见过,苏星河牛通,2026-09-25 17:00:00,1433340,1118,1,【苏星河车机】别急着说你用过豆包，我这个你真没见过2,42185854565,13.45600,1,25,16777215,2026-09-26 19:10:47,1790421047,0,97aabe68,2208970868221445888,-1  -2笑死
BV126ht6qESe,117319632165022,【苏星河车机】别急着说你用过豆包，我这个你真没见过,苏星河牛通,2026-09-25 17:00:00,1433340,1118,1,【苏星河车机】别急着说你用过豆包，我这个你真没见过2,42185854565,1.37500,1,25,16777215,2026-09-26 19:08:20,1790420900,0,b3da9ad3,2208969635146287616,0
BV126ht6qESe,117319632165022,【苏星河车机】别急着说你用过豆包，我这个你真没见过,苏星河牛通,2026-09-25 17:00:00,1433340,1118,1,【苏星河车机】别急着说你用过豆包，我这个你真没见过2,42185854565,121.02300,1,25,16777215,2026-09-26 19:07:47,1790420867,0,62b2bc1,2208969358280784384,你赞有了
BV126ht6qESe,117319632165022,【苏星河车机】别急着说你用过豆包，我这个你真没见过,苏星河牛通,2026-09-25 17:00:00,1433340,1118,1,【苏星河车机】别急着说你用过豆包，我这个你真没见过2,42185854565,1.76600,1,25,16777215,2026-09-26 19:07:06,1790420826,0,b106a07d,2208969015111033600,0
BV126ht6qESe,117319632165022,【苏星河车机】别急着说你用过豆包，我这个你真没见过,苏星河牛通,2026-09-25 17:00:00,1433340,1118,1,【苏星河车机】别急着说你用过豆包，我这个你真没见过2,42185854565,3.15000,1,25,16777215,2026-09-26 19:06:53,1790420813,0,22b47f76,2208968899365027840,经典白男亚女，鲨
BV126ht6qESe,117319632165022,【苏星河车机】别急着说你用过豆包，我这个你真没见过,苏星河牛通,2026-09-25 17:00:00,1433340,1118,1,【苏星河车机】别急着说你用过豆包，我这个你真没见过2,42185854565,2.15200,1,25,16777215,2026-09-26 19:06:46,1790420806,0,bf863e32,2208968847221467136,0
BV126ht6qESe,117319632165022,【苏星河车机】别急着说你用过豆包，我这个你真没见过,苏星河牛通,2026-09-25 17:00:00,1433340,1118,1,【苏星河车机】别急着说你用过豆包，我这个你真没见过2,42185854565,10.32800,1,25,16777215,2026-09-26 19:05:45,1790420745,0,4496dee3,2208968332991521792,-100
BV126ht6qESe,117319632165022,【苏星河车机】别急着说你用过豆包，我这个你真没见过,苏星河牛通,2026-09-25 17:00:00,1433340,1118,1,【苏星河车机】别急着说你用过豆包，我这个你真没见过2,42185854565,5.09300,1,25,16777215,2026-09-26 19:05:43,1790420743,0,53dd7feb,2208968314133967104,0
BV126ht6qESe,117319632165022,【苏星河车机】别急着说你用过豆包，我这个你真没见过,苏星河牛通,2026-09-25 17:00:00,1433340,1118,1,【苏星河车机】别急着说你用过豆包，我这个你真没见过2,42185854565,3.89800,1,25,16777215,2026-09-26 19:05:25,1790420725,0,66d178d3,2208968163490813696,0
BV126ht6qESe,117319632165022,【苏星河车机】别急着说你用过豆包，我这个你真没见过,苏星河牛通,2026-09-25 17:00:00,1433340,1118,1,【苏星河车机】别急着说你用过豆包，我这个你真没见过2,42185854565,146.21100,1,25,16777215,2026-09-26 19:04:52,1790420692,0,f37f5ef9,2208967886222696192,那我想在车上摇摆不就被看到
BV126ht6qESe,117319632165022,【苏星河车机】别急着说你用过豆包，我这个你真没见过,苏星河牛通,2026-09-25 17:00:00,1433340,1118,1,【苏星河车机】别急着说你用过豆包，我这个你真没见过2,42185854565,230.80700,1,25,16777215,2026-09-26 19:04:21,1790420661,0,d97c86dd,2208967624447190784,绿茶来了（bushi
BV126ht6qESe,117319632165022,【苏星河车机】别急着说你用过豆包，我这个你真没见过,苏星河牛通,2026-09-25 17:00:00,1433340,1118,1,【苏星河车机】别急着说你用过豆包，我这个你真没见过2,42185854565,5.76200,1,25,16777215,2026-09-26 19:02:20,1790420540,0,e2761bb8,2208966612311467520,0
BV126ht6qESe,117319632165022,【苏星河车机】别急着说你用过豆包，我这个你真没见过,苏星河牛通,2026-09-25 17:00:00,1433340,1118,1,【苏星河车机】别急着说你用过豆包，我这个你真没见过2,42185854565,16.53700,1,25,16777215,2026-09-26 19:01:25,1790420485,0,6af3d8f4,2208966153035132416,4
BV126ht6qESe,117319632165022,【苏星河车机】别急着说你用过豆包，我这个你真没见过,苏星河牛通,2026-09-25 17:00:00,1433340,1118,1,【苏星河车机】别急着说你用过豆包，我这个你真没见过2,42185854565,9.05700,1,25,16777215,2026-09-26 19:00:16,1790420416,0,8ba3fd30,2208965570077595904,硬盘里很多！！！！一直在更新！
BV126ht6qESe,117319632165022,【苏星河车机】别急着说你用过豆包，我这个你真没见过,苏星河牛通,2026-09-25 17:00:00,1433340,1118,1,【苏星河车机】别急着说你用过豆包，我这个你真没见过2,42185854565,8.93100,5,25,15138834,2026-09-26 18:59:14,1790420354,0,d9db9480,2208965052222988032,一堆
BV126ht6qESe,117319632165022,【苏星河车机】别急着说你用过豆包，我这个你真没见过,苏星河牛通,2026-09-25 17:00:00,1433340,1118,1,【苏星河车机】别急着说你用过豆包，我这个你真没见过2,42185854565,6.88900,1,25,16777215,2026-09-26 18:59:05,1790420345,0,733407c,2208964972909411840,-2
BV126ht6qESe,117319632165022,【苏星河车机】别急着说你用过豆包，我这个你真没见过,苏星河牛通,2026-09-25 17:00:00,1433340,1118,1,【苏星河车机】别急着说你用过豆包，我这个你真没见过2,42185854565,3.67500,1,25,16777215,2026-09-26 18:58:45,1790420325,0,3c6c25d8,2208964810782117632,0
BV126ht6qESe,117319632165022,【苏星河车机】别急着说你用过豆包，我这个你真没见过,苏星河牛通,2026-09-25 17:00:00,1433340,1118,1,【苏星河车机】别急着说你用过豆包，我这个你真没见过2,42185854565,3.97300,1,25,16777215,2026-09-26 18:58:42,1790420322,0,e724ca,2208964783854736640,0
BV126ht6qESe,117319632165022,【苏星河车机】别急着说你用过豆包，我这个你真没见过,苏星河牛通,2026-09-25 17:00:00,1433340,1118,1,【苏星河车机】别急着说你用过豆包，我这个你真没见过2,42185854565,8.44900,1,25,16777215,2026-09-26 18:58:40,1790420320,0,dd858d89,2208964770248318464,-2
BV126ht6qESe,117319632165022,【苏星河车机】别急着说你用过豆包，我这个你真没见过,苏星河牛通,2026-09-25 17:00:00,1433340,1118,1,【苏星河车机】别急着说你用过豆包，我这个你真没见过2,42185854565,6.72900,1,25,16777215,2026-09-26 18:58:33,1790420313,0,1af02577,2208964711604043520,0
BV126ht6qESe,117319632165022,【苏星河车机】别急着说你用过豆包，我这个你真没见过,苏星河牛通,2026-09-25 17:00:00,1433340,1118,1,【苏星河车机】别急着说你用过豆包，我这个你真没见过2,42185854565,1.41100,1,25,16777215,2026-09-26 18:57:48,1790420268,0,3b58cbe5,2208964329771123968,0
BV126ht6qESe,117319632165022,【苏星河车机】别急着说你用过豆包，我这个你真没见过,苏星河牛通,2026-09-25 17:00:00,1433340,1118,1,【苏星河车机】别急着说你用过豆包，我这个你真没见过2,42185854565,47.69100,5,25,15138834,2026-09-26 18:57:12,1790420232,0,55503ffe,2208964032663980288,买这种东西的是怕自己存活率太高了吗
BV126ht6qESe,117319632165022,【苏星河车机】别急着说你用过豆包，我这个你真没见过,苏星河牛通,2026-09-25 17:00:00,1433340,1118,1,【苏星河车机】别急着说你用过豆包，我这个你真没见过2,42185854565,41.88200,1,25,16777215,2026-09-26 18:55:08,1790420108,0,d72a712,2208962987980333568,豆包给你开车，你敢坐吗
BV126ht6qESe,117319632165022,【苏星河车机】别急着说你用过豆包，我这个你真没见过,苏星河牛通,2026-09-25 17:00:00,1433340,1118,1,【苏星河车机】别急着说你用过豆包，我这个你真没见过2,42185854565,2.59100,1,25,16777215,2026-09-26 18:52:37,1790419957,0,12498b41,2208961718380870656,0
BV126ht6qESe,117319632165022,【苏星河车机】别急着说你用过豆包，我这个你真没见过,苏星河牛通,2026-09-25 17:00:00,1433340,1118,1,【苏星河车机】别急着说你用过豆包，我这个你真没见过2,42185854565,6.32600,1,25,16777215,2026-09-26 18:52:13,1790419933,0,e871082a,2208961518354305792,0
BV126ht6qESe,117319632165022,【苏星河车机】别急着说你用过豆包，我这个你真没见过,苏星河牛通,2026-09-25 17:00:00,1433340,1118,1,【苏星河车机】别急着说你用过豆包，我这个你真没见过2,42185854565,262.63200,5,25,16777215,2026-09-26 18:51:57,1790419917,0,4a30cb84,2208961390495314432,豆包：吹牛逼呢
BV126ht6qESe,117319632165022,【苏星河车机】别急着说你用过豆包，我这个你真没见过,苏星河牛通,2026-09-25 17:00:00,1433340,1118,1,【苏星河车机】别急着说你用过豆包，我这个你真没见过2,42185854565,5.47900,1,25,16777215,2026-09-26 18:51:54,1790419914,0,420ec387,2208961364859733248,0
BV126ht6qESe,117319632165022,【苏星河车机】别急着说你用过豆包，我这个你真没见过,苏星河牛通,2026-09-25 17:00:00,1433340,1118,1,【苏星河车机】别急着说你用过豆包，我这个你真没见过2,42185854565,6.45700,1,25,16777215,2026-09-26 18:48:33,1790419713,0,2fd90d2c,2208959671988638976,0
BV126ht6qESe,117319632165022,【苏星河车机】别急着说你用过豆包，我这个你真没见过,苏星河牛通,2026-09-25 17:00:00,1433340,1118,1,【苏星河车机】别急着说你用过豆包，我这个你真没见过2,42185854565,43.08800,5,25,16707842,2026-09-26 18:45:56,1790419556,0,61dc30b7,2208958356655010304,开到墓地
BV126ht6qESe,117319632165022,【苏星河车机】别急着说你用过豆包，我这个你真没见过,苏星河牛通,2026-09-25 17:00:00,1433340,1118,1,【苏星河车机】别急着说你用过豆包，我这个你真没见过2,42185854565,2.65400,1,25,16777215,2026-09-26 18:44:14,1790419454,0,5e578db2,2208957504413693952,0
BV126ht6qESe,117319632165022,【苏星河车机】别急着说你用过豆包，我这个你真没见过,苏星河牛通,2026-09-25 17:00:00,1433340,1118,1,【苏星河车机】别急着说你用过豆包，我这个你真没见过2,42185854565,19.43300,1,25,16777215,2026-09-26 18:43:47,1790419427,0,406179de,2208957272401712384,气笑了
BV126ht6qESe,117319632165022,【苏星河车机】别急着说你用过豆包，我这个你真没见过,苏星河牛通,2026-09-25 17:00:00,1433340,1118,1,【苏星河车机】别急着说你用过豆包，我这个你真没见过2,42185854565,3.81900,5,25,16707842,2026-09-26 18:43:19,1790419399,0,22e296cb,2208957041043780352,0个，因为我没有朋友
BV126ht6qESe,117319632165022,【苏星河车机】别急着说你用过豆包，我这个你真没见过,苏星河牛通,2026-09-25 17:00:00,1433340,1118,1,【苏星河车机】别急着说你用过豆包，我这个你真没见过2,42185854565,10.48600,5,25,16777215,2026-09-26 18:41:32,1790419292,0,b48c64c7,2208956140074309376,滚木
BV126ht6qESe,117319632165022,【苏星河车机】别急着说你用过豆包，我这个你真没见过,苏星河牛通,2026-09-25 17:00:00,1433340,1118,1,【苏星河车机】别急着说你用过豆包，我这个你真没见过2,42185854565,9.38900,1,25,16777215,2026-09-26 18:41:31,1790419291,0,1dde44dd,2208956135535624704,我十年没认识女性朋友了，我想多活几年，传染病也好还是精神内耗等等！
BV126ht6qESe,117319632165022,【苏星河车机】别急着说你用过豆包，我这个你真没见过,苏星河牛通,2026-09-25 17:00:00,1433340,1118,1,【苏星河车机】别急着说你用过豆包，我这个你真没见过2,42185854565,333.17400,1,25,16777215,2026-09-26 18:41:21,1790419281,0,165ea407,2208956051926877440,所以苏星河要什么女朋友，有豆包就够了
BV126ht6qESe,117319632165022,【苏星河车机】别急着说你用过豆包，我这个你真没见过,苏星河牛通,2026-09-25 17:00:00,1433340,1118,1,【苏星河车机】别急着说你用过豆包，我这个你真没见过2,42185854565,1.68500,1,25,16777215,2026-09-26 18:40:47,1790419247,0,da109d15,2208955763022731264,0
BV126ht6qESe,117319632165022,【苏星河车机】别急着说你用过豆包，我这个你真没见过,苏星河牛通,2026-09-25 17:00:00,1433340,1118,1,【苏星河车机】别急着说你用过豆包，我这个你真没见过2,42185854565,510.76900,1,25,16777215,2026-09-26 18:40:39,1790419239,0,a1121b8b,2208955699252498688,小米yu7
BV126ht6qESe,117319632165022,【苏星河车机】别急着说你用过豆包，我这个你真没见过,苏星河牛通,2026-09-25 17:00:00,1433340,1118,1,【苏星河车机】别急着说你用过豆包，我这个你真没见过2,42185854565,15.29600,1,25,16777215,2026-09-26 18:39:56,1790419196,0,ccbda91,2208955339674807552,睡几个还是认识几个
BV126ht6qESe,117319632165022,【苏星河车机】别急着说你用过豆包，我这个你真没见过,苏星河牛通,2026-09-25 17:00:00,1433340,1118,1,【苏星河车机】别急着说你用过豆包，我这个你真没见过2,42185854565,32.89300,1,25,16777215,2026-09-26 18:37:03,1790419023,0,7297fa46,2208953890970703360,能不能别让她出现在我车上，我怕死
BV126ht6qESe,117319632165022,【苏星河车机】别急着说你用过豆包，我这个你真没见过,苏星河牛通,2026-09-25 17:00:00,1433340,1118,1,【苏星河车机】别急着说你用过豆包，我这个你真没见过2,42185854565,0.71300,1,25,16777215,2026-09-26 18:36:04,1790418964,0,bdf41c41,2208953393802849792,0
BV126ht6qESe,117319632165022,【苏星河车机】别急着说你用过豆包，我这个你真没见过,苏星河牛通,2026-09-25 17:00:00,1433340,1118,1,【苏星河车机】别急着说你用过豆包，我这个你真没见过2,42185854565,3.58600,1,25,16777215,2026-09-26 18:26:10,1790418370,0,9850e05f,2208948406104167424,这一个外国人就能同时和三个世界杯交往
BV126ht6qESe,117319632165022,【苏星河车机】别急着说你用过豆包，我这个你真没见过,苏星河牛通,2026-09-25 17:00:00,1433340,1118,1,【苏星河车机】别急着说你用过豆包，我这个你真没见过2,42185854565,260.08900,1,25,16777215,2026-09-26 18:18:53,1790417933,0,7569dd24,2208944744468377600,日本人直接导航去厕所
BV126ht6qESe,117319632165022,【苏星河车机】别急着说你用过豆包，我这个你真没见过,苏星河牛通,2026-09-25 17:00:00,1433340,1118,1,【苏星河车机】别急着说你用过豆包，我这个你真没见过2,42185854565,2.20300,1,25,16777215,2026-09-26 18:12:30,1790417550,0,60327ea5,2208941533897172480,0
BV126ht6qESe,117319632165022,【苏星河车机】别急着说你用过豆包，我这个你真没见过,苏星河牛通,2026-09-25 17:00:00,1433340,1118,1,【苏星河车机】别急着说你用过豆包，我这个你真没见过2,42185854565,5.66600,5,25,16707842,2026-09-26 18:10:02,1790417402,0,2df915a2,2208940292869053952,0
BV126ht6qESe,117319632165022,【苏星河车机】别急着说你用过豆包，我这个你真没见过,苏星河牛通,2026-09-25 17:00:00,1433340,1118,1,【苏星河车机】别急着说你用过豆包，我这个你真没见过2,42185854565,8.64000,1,25,16777215,2026-09-26 18:08:19,1790417299,0,531a2cdf,2208939428809174528,17的兄弟牛逼啊
BV126ht6qESe,117319632165022,【苏星河车机】别急着说你用过豆包，我这个你真没见过,苏星河牛通,2026-09-25 17:00:00,1433340,1118,1,【苏星河车机】别急着说你用过豆包，我这个你真没见过2,42185854565,6.14700,1,25,16777215,2026-09-26 17:56:45,1790416605,0,5227aab9,2208933607342097152,0
BV126ht6qESe,117319632165022,【苏星河车机】别急着说你用过豆包，我这个你真没见过,苏星河牛通,2026-09-25 17:00:00,1433340,1118,1,【苏星河车机】别急着说你用过豆包，我这个你真没见过2,42185854565,6.61700,1,25,16777215,2026-09-26 17:51:25,1790416285,0,9e2cfe30,2208930920067595008,0
BV126ht6qESe,117319632165022,【苏星河车机】别急着说你用过豆包，我这个你真没见过,苏星河牛通,2026-09-25 17:00:00,1433340,1118,1,【苏星河车机】别急着说你用过豆包，我这个你真没见过2,42185854565,9.73400,5,25,15138834,2026-09-26 17:50:21,1790416221,0,df1d17d5,2208930382752796672,0个
BV126ht6qESe,117319632165022,【苏星河车机】别急着说你用过豆包，我这个你真没见过,苏星河牛通,2026-09-25 17:00:00,1433340,1118,1,【苏星河车机】别急着说你用过豆包，我这个你真没见过2,42185854565,2.19600,1,25,16777215,2026-09-26 17:48:06,1790416086,0,7c5afd93,2208929247111037952,0
BV126ht6qESe,117319632165022,【苏星河车机】别急着说你用过豆包，我这个你真没见过,苏星河牛通,2026-09-25 17:00:00,1433340,1118,1,【苏星河车机】别急着说你用过豆包，我这个你真没见过2,42185854565,5.98500,1,25,16777215,2026-09-26 17:44:01,1790415841,0,a6da1c50,2208927194980962560,0
BV126ht6qESe,117319632165022,【苏星河车机】别急着说你用过豆包，我这个你真没见过,苏星河牛通,2026-09-25 17:00:00,1433340,1118,1,【苏星河车机】别急着说你用过豆包，我这个你真没见过2,42185854565,5.33000,1,25,16777215,2026-09-26 17:43:22,1790415802,0,17b37110,2208926863823581952,不认识
BV126ht6qESe,117319632165022,【苏星河车机】别急着说你用过豆包，我这个你真没见过,苏星河牛通,2026-09-25 17:00:00,1433340,1118,1,【苏星河车机】别急着说你用过豆包，我这个你真没见过2,42185854565,392.64300,5,25,16707842,2026-09-26 17:38:06,1790415486,0,d360106c,2208924213451784448,英国？为什么不是男的？
BV126ht6qESe,117319632165022,【苏星河车机】别急着说你用过豆包，我这个你真没见过,苏星河牛通,2026-09-25 17:00:00,1433340,1118,1,【苏星河车机】别急着说你用过豆包，我这个你真没见过2,42185854565,338.48600,5,25,16707842,2026-09-26 17:36:44,1790415404,0,d360106c,2208923530468097536,上修飞机下修表，只有荣威修不好
BV126ht6qESe,117319632165022,【苏星河车机】别急着说你用过豆包，我这个你真没见过,苏星河牛通,2026-09-25 17:00:00,1433340,1118,1,【苏星河车机】别急着说你用过豆包，我这个你真没见过2,42185854565,7.18000,1,25,16777215,2026-09-26 17:35:48,1790415348,0,dc9f0a33,2208923061435234560,0个
BV126ht6qESe,117319632165022,【苏星河车机】别急着说你用过豆包，我这个你真没见过,苏星河牛通,2026-09-25 17:00:00,1433340,1118,1,【苏星河车机】别急着说你用过豆包，我这个你真没见过2,42185854565,201.01800,1,25,16777215,2026-09-26 17:34:30,1790415270,0,c89de202,2208922403969598720,河北话指的是哪儿
BV126ht6qESe,117319632165022,【苏星河车机】别急着说你用过豆包，我这个你真没见过,苏星河牛通,2026-09-25 17:00:00,1433340,1118,1,【苏星河车机】别急着说你用过豆包，我这个你真没见过2,42185854565,4.31200,5,25,16707842,2026-09-26 17:31:15,1790415075,0,550d85a6,2208920769625756416,3
BV126ht6qESe,117319632165022,【苏星河车机】别急着说你用过豆包，我这个你真没见过,苏星河牛通,2026-09-25 17:00:00,1433340,1118,1,【苏星河车机】别急着说你用过豆包，我这个你真没见过2,42185854565,5.20500,5,25,16776960,2026-09-26 17:30:17,1790415017,0,ab6e9e25,2208920277936308480,居然是0耶
BV126ht6qESe,117319632165022,【苏星河车机】别急着说你用过豆包，我这个你真没见过,苏星河牛通,2026-09-25 17:00:00,1433340,1118,1,【苏星河车机】别急着说你用过豆包，我这个你真没见过2,42185854565,9.82200,1,25,16777215,2026-09-26 17:30:14,1790415014,0,cd51b6ab,2208920260470431488,000
BV126ht6qESe,117319632165022,【苏星河车机】别急着说你用过豆包，我这个你真没见过,苏星河牛通,2026-09-25 17:00:00,1433340,1118,1,【苏星河车机】别急着说你用过豆包，我这个你真没见过2,42185854565,22.13600,1,25,16777215,2026-09-26 17:26:54,1790414814,0,ea655ecf,2208918576315599616,没有 不认识 别瞎说 我怕千问会误会
BV126ht6qESe,117319632165022,【苏星河车机】别急着说你用过豆包，我这个你真没见过,苏星河牛通,2026-09-25 17:00:00,1433340,1118,1,【苏星河车机】别急着说你用过豆包，我这个你真没见过2,42185854565,6.74900,1,25,16777215,2026-09-26 17:26:20,1790414780,0,ee9df0bb,2208918291572132352,0
BV126ht6qESe,117319632165022,【苏星河车机】别急着说你用过豆包，我这个你真没见过,苏星河牛通,2026-09-25 17:00:00,1433340,1118,1,【苏星河车机】别急着说你用过豆包，我这个你真没见过2,42185854565,6.37600,1,25,16777215,2026-09-26 17:21:40,1790414500,0,47d6ca71,2208915945488585728,0
BV126ht6qESe,117319632165022,【苏星河车机】别急着说你用过豆包，我这个你真没见过,苏星河牛通,2026-09-25 17:00:00,1433340,1118,1,【苏星河车机】别急着说你用过豆包，我这个你真没见过2,42185854565,3.86100,1,25,16777215,2026-09-26 17:21:29,1790414489,0,e70f965b,2208915850067717120,4
BV126ht6qESe,117319632165022,【苏星河车机】别急着说你用过豆包，我这个你真没见过,苏星河牛通,2026-09-25 17:00:00,1433340,1118,1,【苏星河车机】别急着说你用过豆包，我这个你真没见过2,42185854565,3.59700,1,25,16777215,2026-09-26 17:14:46,1790414086,0,a3cc701e,2208912475859623936,0
BV126ht6qESe,117319632165022,【苏星河车机】别急着说你用过豆包，我这个你真没见过,苏星河牛通,2026-09-25 17:00:00,1433340,1118,1,【苏星河车机】别急着说你用过豆包，我这个你真没见过2,42185854565,200.15900,1,25,16777215,2026-09-26 17:10:10,1790413810,0,242e8d88,2208910153020245760,还有闽南话？？？
BV126ht6qESe,117319632165022,【苏星河车机】别急着说你用过豆包，我这个你真没见过,苏星河牛通,2026-09-25 17:00:00,1433340,1118,1,【苏星河车机】别急着说你用过豆包，我这个你真没见过2,42185854565,18.40000,1,25,16777215,2026-09-26 17:06:53,1790413613,0,624bd39d,2208908504323046912,？不是滚木？
BV126ht6qESe,117319632165022,【苏星河车机】别急着说你用过豆包，我这个你真没见过,苏星河牛通,2026-09-25 17:00:00,1433340,1118,1,【苏星河车机】别急着说你用过豆包，我这个你真没见过2,42185854565,6.64000,1,25,16777215,2026-09-26 17:05:45,1790413545,0,faaf41ef,2208907933487280640,0
BV126ht6qESe,117319632165022,【苏星河车机】别急着说你用过豆包，我这个你真没见过,苏星河牛通,2026-09-25 17:00:00,1433340,1118,1,【苏星河车机】别急着说你用过豆包，我这个你真没见过2,42185854565,2.18500,1,25,16777215,2026-09-26 17:05:37,1790413537,0,d743045a,2208907867007543296,0
BV126ht6qESe,117319632165022,【苏星河车机】别急着说你用过豆包，我这个你真没见过,苏星河牛通,2026-09-25 17:00:00,1433340,1118,1,【苏星河车机】别急着说你用过豆包，我这个你真没见过2,42185854565,1.83400,1,25,16777215,2026-09-26 16:57:04,1790413024,0,27c90600,2208903565034966272,0
BV126ht6qESe,117319632165022,【苏星河车机】别急着说你用过豆包，我这个你真没见过,苏星河牛通,2026-09-25 17:00:00,1433340,1118,1,【苏星河车机】别急着说你用过豆包，我这个你真没见过2,42185854565,599.86200,1,25,16777215,2026-09-26 16:45:10,1790412310,0,472b7173,2208897574344827136,会不会被副驾收买或威胁
BV126ht6qESe,117319632165022,【苏星河车机】别急着说你用过豆包，我这个你真没见过,苏星河牛通,2026-09-25 17:00:00,1433340,1118,1,【苏星河车机】别急着说你用过豆包，我这个你真没见过2,42185854565,24.59300,1,25,16777215,2026-09-26 16:41:25,1790412085,0,4ab8be19,2208895689273565184,我还以为是转转的神秘眼镜女
BV126ht6qESe,117319632165022,【苏星河车机】别急着说你用过豆包，我这个你真没见过,苏星河牛通,2026-09-25 17:00:00,1433340,1118,1,【苏星河车机】别急着说你用过豆包，我这个你真没见过2,42185854565,628.13900,1,25,16777215,2026-09-26 16:40:34,1790412034,0,22ed5fb5,2208895261453926400,看来他不是开车去的，毕竟聪明的都说骑自行车锻炼身体开车不是暴露形成嘛
BV126ht6qESe,117319632165022,【苏星河车机】别急着说你用过豆包，我这个你真没见过,苏星河牛通,2026-09-25 17:00:00,1433340,1118,1,【苏星河车机】别急着说你用过豆包，我这个你真没见过2,42185854565,36.21500,1,25,16777215,2026-09-26 16:35:24,1790411724,0,a2c05075,2208892662303260416,完了
BV126ht6qESe,117319632165022,【苏星河车机】别急着说你用过豆包，我这个你真没见过,苏星河牛通,2026-09-25 17:00:00,1433340,1118,1,【苏星河车机】别急着说你用过豆包，我这个你真没见过2,42185854565,9.78900,1,25,16777215,2026-09-26 16:34:55,1790411695,0,a2c05075,2208892416391212544,36
BV126ht6qESe,117319632165022,【苏星河车机】别急着说你用过豆包，我这个你真没见过,苏星河牛通,2026-09-25 17:00:00,1433340,1118,1,【苏星河车机】别急着说你用过豆包，我这个你真没见过2,42185854565,114.50400,1,25,16777215,2026-09-26 16:34:30,1790411670,0,956e0bdd,2208892208571678208,？？？
BV126ht6qESe,117319632165022,【苏星河车机】别急着说你用过豆包，我这个你真没见过,苏星河牛通,2026-09-25 17:00:00,1433340,1118,1,【苏星河车机】别急着说你用过豆包，我这个你真没见过2,42185854565,38.49800,5,25,15138834,2026-09-26 16:32:09,1790411529,0,a2dd124d,2208891020945920768,坏菜了
BV126ht6qESe,117319632165022,【苏星河车机】别急着说你用过豆包，我这个你真没见过,苏星河牛通,2026-09-25 17:00:00,1433340,1118,1,【苏星河车机】别急着说你用过豆包，我这个你真没见过2,42185854565,394.37800,1,25,16777215,2026-09-26 16:22:06,1790410926,0,5358d757,2208885965349890048,ez girl还是太出名了
BV126ht6qESe,117319632165022,【苏星河车机】别急着说你用过豆包，我这个你真没见过,苏星河牛通,2026-09-25 17:00:00,1433340,1118,1,【苏星河车机】别急着说你用过豆包，我这个你真没见过2,42185854565,393.80300,1,25,16777215,2026-09-26 16:21:47,1790410907,0,5358d757,2208885801830323712,rainy
BV126ht6qESe,117319632165022,【苏星河车机】别急着说你用过豆包，我这个你真没见过,苏星河牛通,2026-09-25 17:00:00,1433340,1118,1,【苏星河车机】别急着说你用过豆包，我这个你真没见过2,42185854565,3.29800,1,25,16777215,2026-09-26 16:19:49,1790410789,0,3b5dc5a0,2208884814668164864,0
BV126ht6qESe,117319632165022,【苏星河车机】别急着说你用过豆包，我这个你真没见过,苏星河牛通,2026-09-25 17:00:00,1433340,1118,1,【苏星河车机】别急着说你用过豆包，我这个你真没见过2,42185854565,1.03800,1,25,16777215,2026-09-26 16:18:58,1790410738,0,c1d1aa02,2208884389491164672,确定不会触犯nomi的专利吗？
BV126ht6qESe,117319632165022,【苏星河车机】别急着说你用过豆包，我这个你真没见过,苏星河牛通,2026-09-25 17:00:00,1433340,1118,1,【苏星河车机】别急着说你用过豆包，我这个你真没见过2,42185854565,11.54000,1,25,16777215,2026-09-26 16:16:58,1790410618,0,24712863,2208883379452354304,一个   没有
BV126ht6qESe,117319632165022,【苏星河车机】别急着说你用过豆包，我这个你真没见过,苏星河牛通,2026-09-25 17:00:00,1433340,1118,1,【苏星河车机】别急着说你用过豆包，我这个你真没见过2,42185854565,1.93800,1,25,16777215,2026-09-26 16:13:05,1790410385,0,b8149d00,2208881430099342080,0
BV126ht6qESe,117319632165022,【苏星河车机】别急着说你用过豆包，我这个你真没见过,苏星河牛通,2026-09-25 17:00:00,1433340,1118,1,【苏星河车机】别急着说你用过豆包，我这个你真没见过2,42185854565,115.21100,1,25,16777215,2026-09-26 16:12:32,1790410352,0,613f7533,2208881151555479552,这夹子音让人受不了
BV126ht6qESe,117319632165022,【苏星河车机】别急着说你用过豆包，我这个你真没见过,苏星河牛通,2026-09-25 17:00:00,1433340,1118,1,【苏星河车机】别急着说你用过豆包，我这个你真没见过2,42185854565,5.25100,1,25,16777215,2026-09-26 16:06:22,1790409982,0,b89a16c8,2208878043492706048,00000
BV126ht6qESe,117319632165022,【苏星河车机】别急着说你用过豆包，我这个你真没见过,苏星河牛通,2026-09-25 17:00:00,1433340,1118,1,【苏星河车机】别急着说你用过豆包，我这个你真没见过2,42185854565,448.70000,1,25,16777215,2026-09-26 16:05:31,1790409931,0,ed88d558,2208877614943448064,荣威？
BV126ht6qESe,117319632165022,【苏星河车机】别急着说你用过豆包，我这个你真没见过,苏星河牛通,2026-09-25 17:00:00,1433340,1118,1,【苏星河车机】别急着说你用过豆包，我这个你真没见过2,42185854565,9.70500,1,25,16777215,2026-09-26 16:01:29,1790409689,0,a50f3478,2208875590772873984,-3
BV126ht6qESe,117319632165022,【苏星河车机】别急着说你用过豆包，我这个你真没见过,苏星河牛通,2026-09-25 17:00:00,1433340,1118,1,【苏星河车机】别急着说你用过豆包，我这个你真没见过2,42185854565,6.63300,1,25,16777215,2026-09-26 16:01:21,1790409681,0,a50f3478,2208875523504679168,-1
BV126ht6qESe,117319632165022,【苏星河车机】别急着说你用过豆包，我这个你真没见过,苏星河牛通,2026-09-25 17:00:00,1433340,1118,1,【苏星河车机】别急着说你用过豆包，我这个你真没见过2,42185854565,489.50000,1,25,16777215,2026-09-26 15:53:13,1790409193,0,4e755389,2208871426021869312,恐怖
BV126ht6qESe,117319632165022,【苏星河车机】别急着说你用过豆包，我这个你真没见过,苏星河牛通,2026-09-25 17:00:00,1433340,1118,1,【苏星河车机】别急着说你用过豆包，我这个你真没见过2,42185854565,301.11800,1,25,16777215,2026-09-26 15:50:31,1790409031,0,4e755389,2208870065020658432,？
BV126ht6qESe,117319632165022,【苏星河车机】别急着说你用过豆包，我这个你真没见过,苏星河牛通,2026-09-25 17:00:00,1433340,1118,1,【苏星河车机】别急着说你用过豆包，我这个你真没见过2,42185854565,209.20900,1,25,16777215,2026-09-26 15:44:12,1790408652,0,bcddeb2,2208866888397208320,温州话呀
BV126ht6qESe,117319632165022,【苏星河车机】别急着说你用过豆包，我这个你真没见过,苏星河牛通,2026-09-25 17:00:00,1433340,1118,1,【苏星河车机】别急着说你用过豆包，我这个你真没见过2,42185854565,144.11000,1,25,16777215,2026-09-26 15:41:01,1790408461,0,51a71ce0,2208865283933547520,我为我的结论负责
BV126ht6qESe,117319632165022,【苏星河车机】别急着说你用过豆包，我这个你真没见过,苏星河牛通,2026-09-25 17:00:00,1433340,1118,1,【苏星河车机】别急着说你用过豆包，我这个你真没见过2,42185854565,6.24300,1,25,16777215,2026-09-26 15:39:08,1790408348,0,a8b7d21,2208864339820465920,0
BV126ht6qESe,117319632165022,【苏星河车机】别急着说你用过豆包，我这个你真没见过,苏星河牛通,2026-09-25 17:00:00,1433340,1118,1,【苏星河车机】别急着说你用过豆包，我这个你真没见过2,42185854565,6.66100,1,25,16777215,2026-09-26 15:33:51,1790408031,0,ded4dbb4,2208861682577563648,没有
BV126ht6qESe,117319632165022,【苏星河车机】别急着说你用过豆包，我这个你真没见过,苏星河牛通,2026-09-25 17:00:00,1433340,1118,1,【苏星河车机】别急着说你用过豆包，我这个你真没见过2,42185854565,22.17100,1,25,16777215,2026-09-26 15:33:00,1790407980,0,d4f86a91,2208861249273154048,不认识不用ai
BV126ht6qESe,117319632165022,【苏星河车机】别急着说你用过豆包，我这个你真没见过,苏星河牛通,2026-09-25 17:00:00,1433340,1118,1,【苏星河车机】别急着说你用过豆包，我这个你真没见过2,42185854565,6.32300,1,25,16777215,2026-09-26 15:31:54,1790407914,0,77e9bedb,2208860693938736384,0
BV126ht6qESe,117319632165022,【苏星河车机】别急着说你用过豆包，我这个你真没见过,苏星河牛通,2026-09-25 17:00:00,1433340,1118,1,【苏星河车机】别急着说你用过豆包，我这个你真没见过2,42185854565,583.85500,1,25,16777215,2026-09-26 15:30:31,1790407831,0,21212399,2208860000720462592,哈哈哈哈哈
BV126ht6qESe,117319632165022,【苏星河车机】别急着说你用过豆包，我这个你真没见过,苏星河牛通,2026-09-25 17:00:00,1433340,1118,1,【苏星河车机】别急着说你用过豆包，我这个你真没见过2,42185854565,6.72500,1,25,16777215,2026-09-26 15:28:33,1790407713,0,507e63e2,2208859012744366848,0
BV126ht6qESe,117319632165022,【苏星河车机】别急着说你用过豆包，我这个你真没见过,苏星河牛通,2026-09-25 17:00:00,1433340,1118,1,【苏星河车机】别急着说你用过豆包，我这个你真没见过2,42185854565,8.76900,1,25,16777215,2026-09-26 15:22:36,1790407356,0,710cea67,2208856014311724032,3年0个
BV126ht6qESe,117319632165022,【苏星河车机】别急着说你用过豆包，我这个你真没见过,苏星河牛通,2026-09-25 17:00:00,1433340,1118,1,【苏星河车机】别急着说你用过豆包，我这个你真没见过2,42185854565,6.28300,1,25,16777215,2026-09-26 15:21:56,1790407316,0,fc0d22cb,2208855683590677504,0
BV126ht6qESe,117319632165022,【苏星河车机】别急着说你用过豆包，我这个你真没见过,苏星河牛通,2026-09-25 17:00:00,1433340,1118,1,【苏星河车机】别急着说你用过豆包，我这个你真没见过2,42185854565,35.35000,1,25,16777215,2026-09-26 15:18:06,1790407086,0,f8b749c0,2208853754831367168,情绪价值拉满，我现在除了那个事需要我媳妇，基本每天跟她在一起最开心
BV126ht6qESe,117319632165022,【苏星河车机】别急着说你用过豆包，我这个你真没见过,苏星河牛通,2026-09-25 17:00:00,1433340,1118,1,【苏星河车机】别急着说你用过豆包，我这个你真没见过2,42185854565,11.30100,1,25,16777215,2026-09-26 15:16:30,1790406990,0,be6e135e,2208852944668428288,三个，关系都很好
BV126ht6qESe,117319632165022,【苏星河车机】别急着说你用过豆包，我这个你真没见过,苏星河牛通,2026-09-25 17:00:00,1433340,1118,1,【苏星河车机】别急着说你用过豆包，我这个你真没见过2,42185854565,16.66400,1,25,16777215,2026-09-26 15:16:12,1790406972,0,ebeee220,2208852798471731712,不认识。没有这玩意。
BV126ht6qESe,117319632165022,【苏星河车机】别急着说你用过豆包，我这个你真没见过,苏星河牛通,2026-09-25 17:00:00,1433340,1118,1,【苏星河车机】别急着说你用过豆包，我这个你真没见过2,42185854565,24.59200,1,25,16777215,2026-09-26 15:15:53,1790406953,0,7b79037,2208852634248159744,0
BV126ht6qESe,117319632165022,【苏星河车机】别急着说你用过豆包，我这个你真没见过,苏星河牛通,2026-09-25 17:00:00,1433340,1118,1,【苏星河车机】别急着说你用过豆包，我这个你真没见过2,42185854565,2.98300,1,25,16777215,2026-09-26 15:15:51,1790406951,0,ebeee220,2208852617428823296,0
BV126ht6qESe,117319632165022,【苏星河车机】别急着说你用过豆包，我这个你真没见过,苏星河牛通,2026-09-25 17:00:00,1433340,1118,1,【苏星河车机】别急着说你用过豆包，我这个你真没见过2,42185854565,9.23300,1,25,16777215,2026-09-26 15:13:33,1790406813,0,d06faa3e,2208851463290171136,00
BV126ht6qESe,117319632165022,【苏星河车机】别急着说你用过豆包，我这个你真没见过,苏星河牛通,2026-09-25 17:00:00,1433340,1118,1,【苏星河车机】别急着说你用过豆包，我这个你真没见过2,42185854565,37.48000,1,25,16777215,2026-09-26 15:11:54,1790406714,0,5a306bd6,2208850633883536384,"豆包是Ai,狗屁女性"
BV126ht6qESe,117319632165022,【苏星河车机】别急着说你用过豆包，我这个你真没见过,苏星河牛通,2026-09-25 17:00:00,1433340,1118,1,【苏星河车机】别急着说你用过豆包，我这个你真没见过2,42185854565,23.92400,1,25,16777215,2026-09-26 15:11:52,1790406712,0,a9866818,2208850615286424576,这也算朋友？
BV126ht6qESe,117319632165022,【苏星河车机】别急着说你用过豆包，我这个你真没见过,苏星河牛通,2026-09-25 17:00:00,1433340,1118,1,【苏星河车机】别急着说你用过豆包，我这个你真没见过2,42185854565,47.99700,1,25,16777215,2026-09-26 15:11:11,1790406671,0,b6a625f,2208850268131671040,bgm是eminem的godzilla
BV126ht6qESe,117319632165022,【苏星河车机】别急着说你用过豆包，我这个你真没见过,苏星河牛通,2026-09-25 17:00:00,1433340,1118,1,【苏星河车机】别急着说你用过豆包，我这个你真没见过2,42185854565,3.95100,1,25,16777215,2026-09-26 15:11:09,1790406669,0,e9d80847,2208850250800911872,0
BV126ht6qESe,117319632165022,【苏星河车机】别急着说你用过豆包，我这个你真没见过,苏星河牛通,2026-09-25 17:00:00,1433340,1118,1,【苏星河车机】别急着说你用过豆包，我这个你真没见过2,42185854565,19.14000,1,25,16777215,2026-09-26 15:09:50,1790406590,0,ff8bb46,2208849590206233856,0
BV126ht6qESe,117319632165022,【苏星河车机】别急着说你用过豆包，我这个你真没见过,苏星河牛通,2026-09-25 17:00:00,1433340,1118,1,【苏星河车机】别急着说你用过豆包，我这个你真没见过2,42185854565,19.50000,1,25,16777215,2026-09-26 15:09:26,1790406566,0,bb5cc77e,2208849387663799552,还以为要说转转的眼镜神秘女呢。
BV126ht6qESe,117319632165022,【苏星河车机】别急着说你用过豆包，我这个你真没见过,苏星河牛通,2026-09-25 17:00:00,1433340,1118,1,【苏星河车机】别急着说你用过豆包，我这个你真没见过2,42185854565,35.39000,1,25,16777215,2026-09-26 15:09:24,1790406564,0,9fe7926e,2208849374267405568,完啦
BV126ht6qESe,117319632165022,【苏星河车机】别急着说你用过豆包，我这个你真没见过,苏星河牛通,2026-09-25 17:00:00,1433340,1118,1,【苏星河车机】别急着说你用过豆包，我这个你真没见过2,42185854565,7.98200,1,25,16777215,2026-09-26 15:09:19,1790406559,0,76022d54,2208849331862526976,为啥要认识女的。。。
BV126ht6qESe,117319632165022,【苏星河车机】别急着说你用过豆包，我这个你真没见过,苏星河牛通,2026-09-25 17:00:00,1433340,1118,1,【苏星河车机】别急着说你用过豆包，我这个你真没见过2,42185854565,8.91900,1,25,16777215,2026-09-26 15:08:48,1790406528,0,6e191e26,2208849070574087168,没好处认识来干嘛？给自己本就不富裕的生活增加压力累赘？
BV126ht6qESe,117319632165022,【苏星河车机】别急着说你用过豆包，我这个你真没见过,苏星河牛通,2026-09-25 17:00:00,1433340,1118,1,【苏星河车机】别急着说你用过豆包，我这个你真没见过2,42185854565,3.82400,1,25,16777215,2026-09-26 15:08:42,1790406522,0,19bb1e1,2208849022859566592,三个
BV126ht6qESe,117319632165022,【苏星河车机】别急着说你用过豆包，我这个你真没见过,苏星河牛通,2026-09-25 17:00:00,1433340,1118,1,【苏星河车机】别急着说你用过豆包，我这个你真没见过2,42185854565,49.93100,1,25,16777215,2026-09-26 15:08:31,1790406511,0,88f00811,2208848929553027072,墓地地
BV126ht6qESe,117319632165022,【苏星河车机】别急着说你用过豆包，我这个你真没见过,苏星河牛通,2026-09-25 17:00:00,1433340,1118,1,【苏星河车机】别急着说你用过豆包，我这个你真没见过2,42185854565,2.84900,1,25,16777215,2026-09-26 15:08:30,1790406510,0,75363e7e,2208848916375089920,0
BV126ht6qESe,117319632165022,【苏星河车机】别急着说你用过豆包，我这个你真没见过,苏星河牛通,2026-09-25 17:00:00,1433340,1118,1,【苏星河车机】别急着说你用过豆包，我这个你真没见过2,42185854565,4.11200,1,25,16777215,2026-09-26 15:08:19,1790406499,0,62fa496a,2208848829871397632,0
BV126ht6qESe,117319632165022,【苏星河车机】别急着说你用过豆包，我这个你真没见过,苏星河牛通,2026-09-25 17:00:00,1433340,1118,1,【苏星河车机】别急着说你用过豆包，我这个你真没见过2,42185854565,4.21900,1,25,16777215,2026-09-26 15:08:11,1790406491,0,f86d6218,2208848760422590720,0
BV126ht6qESe,117319632165022,【苏星河车机】别急着说你用过豆包，我这个你真没见过,苏星河牛通,2026-09-25 17:00:00,1433340,1118,1,【苏星河车机】别急着说你用过豆包，我这个你真没见过2,42185854565,3.72400,1,25,16777215,2026-09-26 15:08:07,1790406487,0,696ed31c,2208848723705694976,0
BV126ht6qESe,117319632165022,【苏星河车机】别急着说你用过豆包，我这个你真没见过,苏星河牛通,2026-09-25 17:00:00,1433340,1118,1,【苏星河车机】别急着说你用过豆包，我这个你真没见过2,42185854565,6.61300,1,25,16777215,2026-09-26 15:07:50,1790406470,0,e3dd32cf,2208848588204414976,0
BV126ht6qESe,117319632165022,【苏星河车机】别急着说你用过豆包，我这个你真没见过,苏星河牛通,2026-09-25 17:00:00,1433340,1118,1,【苏星河车机】别急着说你用过豆包，我这个你真没见过2,42185854565,7.16700,1,25,16777215,2026-09-26 15:07:47,1790406467,0,b11cd08e,2208848560085890560,0个
BV126ht6qESe,117319632165022,【苏星河车机】别急着说你用过豆包，我这个你真没见过,苏星河牛通,2026-09-25 17:00:00,1433340,1118,1,【苏星河车机】别急着说你用过豆包，我这个你真没见过2,42185854565,1.48400,1,25,16777215,2026-09-26 15:07:45,1790406465,0,8c558b70,2208848540078929152,0
BV126ht6qESe,117319632165022,【苏星河车机】别急着说你用过豆包，我这个你真没见过,苏星河牛通,2026-09-25 17:00:00,1433340,1118,1,【苏星河车机】别急着说你用过豆包，我这个你真没见过2,42185854565,5.50500,1,25,16777215,2026-09-26 15:07:41,1790406461,0,ea4505f9,2208848508293961984,0
BV126ht6qESe,117319632165022,【苏星河车机】别急着说你用过豆包，我这个你真没见过,苏星河牛通,2026-09-25 17:00:00,1433340,1118,1,【苏星河车机】别急着说你用过豆包，我这个你真没见过2,42185854565,8.82700,1,25,16777215,2026-09-26 15:07:39,1790406459,0,ef17366b,2208848493690044416,网络的算不算？
BV126ht6qESe,117319632165022,【苏星河车机】别急着说你用过豆包，我这个你真没见过,苏星河牛通,2026-09-25 17:00:00,1433340,1118,1,【苏星河车机】别急着说你用过豆包，我这个你真没见过2,42185854565,6.63200,1,25,16777215,2026-09-26 15:07:36,1790406456,0,b4874a6f,2208848467424875008,0
BV126ht6qESe,117319632165022,【苏星河车机】别急着说你用过豆包，我这个你真没见过,苏星河牛通,2026-09-25 17:00:00,1433340,1118,1,【苏星河车机】别急着说你用过豆包，我这个你真没见过2,42185854565,9.85400,1,25,16777215,2026-09-26 15:06:54,1790406414,0,7af9adb7,2208848114927518208,我做买卖的，认识了很多，但是都无关男女
BV126ht6qESe,117319632165022,【苏星河车机】别急着说你用过豆包，我这个你真没见过,苏星河牛通,2026-09-25 17:00:00,1433340,1118,1,【苏星河车机】别急着说你用过豆包，我这个你真没见过2,42185854565,23.48000,5,25,41194,2026-09-26 15:06:53,1790406413,0,b9d23ef2,2208848104961160448,我用蓝色大肥鱼
BV126ht6qESe,117319632165022,【苏星河车机】别急着说你用过豆包，我这个你真没见过,苏星河牛通,2026-09-25 17:00:00,1433340,1118,1,【苏星河车机】别急着说你用过豆包，我这个你真没见过2,42185854565,18.73300,1,25,16777215,2026-09-26 15:05:59,1790406359,0,3719d43f,2208847655391254016,这踏马也算吗？
BV126ht6qESe,117319632165022,【苏星河车机】别急着说你用过豆包，我这个你真没见过,苏星河牛通,2026-09-25 17:00:00,1433340,1118,1,【苏星河车机】别急着说你用过豆包，我这个你真没见过2,42185854565,22.92000,1,25,16777215,2026-09-26 15:05:51,1790406351,0,eb3223ec,2208847586109199872,不认识
BV126ht6qESe,117319632165022,【苏星河车机】别急着说你用过豆包，我这个你真没见过,苏星河牛通,2026-09-25 17:00:00,1433340,1118,1,【苏星河车机】别急着说你用过豆包，我这个你真没见过2,42185854565,19.99900,1,25,16777215,2026-09-26 15:05:49,1790406349,0,4b845ab1,2208847568896111872,不认识
BV126ht6qESe,117319632165022,【苏星河车机】别急着说你用过豆包，我这个你真没见过,苏星河牛通,2026-09-25 17:00:00,1433340,1118,1,【苏星河车机】别急着说你用过豆包，我这个你真没见过2,42185854565,6.05800,1,25,16777215,2026-09-26 15:05:42,1790406342,0,ba72f55b,2208847511224440064,0
BV126ht6qESe,117319632165022,【苏星河车机】别急着说你用过豆包，我这个你真没见过,苏星河牛通,2026-09-25 17:00:00,1433340,1118,1,【苏星河车机】别急着说你用过豆包，我这个你真没见过2,42185854565,6.57800,1,25,16777215,2026-09-26 15:05:39,1790406339,0,49870ae,2208847482065291008,0
BV126ht6qESe,117319632165022,【苏星河车机】别急着说你用过豆包，我这个你真没见过,苏星河牛通,2026-09-25 17:00:00,1433340,1118,1,【苏星河车机】别急着说你用过豆包，我这个你真没见过2,42185854565,4.74600,1,25,16777215,2026-09-26 15:05:30,1790406330,0,1d953a86,2208847409000903168,居然是零耶
BV126ht6qESe,117319632165022,【苏星河车机】别急着说你用过豆包，我这个你真没见过,苏星河牛通,2026-09-25 17:00:00,1433340,1118,1,【苏星河车机】别急着说你用过豆包，我这个你真没见过2,42185854565,3.49800,5,25,15138834,2026-09-26 15:04:18,1790406258,0,398796c6,2208846806564481024,别两三年 你问十年
BV126ht6qESe,117319632165022,【苏星河车机】别急着说你用过豆包，我这个你真没见过,苏星河牛通,2026-09-25 17:00:00,1433340,1118,1,【苏星河车机】别急着说你用过豆包，我这个你真没见过2,42185854565,50.18300,1,25,16777215,2026-09-26 15:03:11,1790406191,0,255afd10,2208846245056459008,完了
BV126ht6qESe,117319632165022,【苏星河车机】别急着说你用过豆包，我这个你真没见过,苏星河牛通,2026-09-25 17:00:00,1433340,1118,1,【苏星河车机】别急着说你用过豆包，我这个你真没见过2,42185854565,6.71400,1,25,16777215,2026-09-26 15:01:24,1790406084,0,3cfbf8e,2208845349639710208,5
BV126ht6qESe,117319632165022,【苏星河车机】别急着说你用过豆包，我这个你真没见过,苏星河牛通,2026-09-25 17:00:00,1433340,1118,1,【苏星河车机】别急着说你用过豆包，我这个你真没见过2,42185854565,112.89900,1,25,16777215,2026-09-26 14:55:33,1790405733,0,3fccef73,2208842400439478272,666
BV126ht6qESe,117319632165022,【苏星河车机】别急着说你用过豆包，我这个你真没见过,苏星河牛通,2026-09-25 17:00:00,1433340,1118,1,【苏星河车机】别急着说你用过豆包，我这个你真没见过2,42185854565,20.21600,1,25,16777215,2026-09-26 14:50:56,1790405456,0,9ecf1244,2208840076031837696,没有
BV126ht6qESe,117319632165022,【苏星河车机】别急着说你用过豆包，我这个你真没见过,苏星河牛通,2026-09-25 17:00:00,1433340,1118,1,【苏星河车机】别急着说你用过豆包，我这个你真没见过2,42185854565,85.49200,1,25,16777215,2026-09-26 14:49:49,1790405389,0,5f24bb17,2208839516746531328,荣威的车真不敢买
BV126ht6qESe,117319632165022,【苏星河车机】别急着说你用过豆包，我这个你真没见过,苏星河牛通,2026-09-25 17:00:00,1433340,1118,1,【苏星河车机】别急着说你用过豆包，我这个你真没见过2,42185854565,676.82500,1,25,16776960,2026-09-26 14:47:45,1790405265,0,8c928f54,2208838477574662656,这后面很牵强，其次价值观有问题
BV126ht6qESe,117319632165022,【苏星河车机】别急着说你用过豆包，我这个你真没见过,苏星河牛通,2026-09-25 17:00:00,1433340,1118,1,【苏星河车机】别急着说你用过豆包，我这个你真没见过2,42185854565,10.93900,1,25,16777215,2026-09-26 14:45:09,1790405109,0,c589481b,2208837164379603968,很好
BV126ht6qESe,117319632165022,【苏星河车机】别急着说你用过豆包，我这个你真没见过,苏星河牛通,2026-09-25 17:00:00,1433340,1118,1,【苏星河车机】别急着说你用过豆包，我这个你真没见过2,42185854565,9.62000,1,25,16777215,2026-09-26 14:39:28,1790404768,0,8ab3d07f,2208834310516860416,，
BV126ht6qESe,117319632165022,【苏星河车机】别急着说你用过豆包，我这个你真没见过,苏星河牛通,2026-09-25 17:00:00,1433340,1118,1,【苏星河车机】别急着说你用过豆包，我这个你真没见过2,42185854565,7.36200,1,25,16777215,2026-09-26 14:39:28,1790404768,0,f39dd372,2208834306447848192,5
BV126ht6qESe,117319632165022,【苏星河车机】别急着说你用过豆包，我这个你真没见过,苏星河牛通,2026-09-25 17:00:00,1433340,1118,1,【苏星河车机】别急着说你用过豆包，我这个你真没见过2,42185854565,3.78300,1,25,16777215,2026-09-26 14:39:25,1790404765,0,dff4069c,2208834285703230720,0
BV126ht6qESe,117319632165022,【苏星河车机】别急着说你用过豆包，我这个你真没见过,苏星河牛通,2026-09-25 17:00:00,1433340,1118,1,【苏星河车机】别急着说你用过豆包，我这个你真没见过2,42185854565,69.21100,1,25,16777215,2026-09-26 14:39:20,1790404760,0,27dc322c,2208834242611057920,荣威？
BV126ht6qESe,117319632165022,【苏星河车机】别急着说你用过豆包，我这个你真没见过,苏星河牛通,2026-09-25 17:00:00,1433340,1118,1,【苏星河车机】别急着说你用过豆包，我这个你真没见过2,42185854565,4.44900,1,25,16777215,2026-09-26 14:35:34,1790404534,0,ed9a44af,2208832347246903808,0
BV126ht6qESe,117319632165022,【苏星河车机】别急着说你用过豆包，我这个你真没见过,苏星河牛通,2026-09-25 17:00:00,1433340,1118,1,【苏星河车机】别急着说你用过豆包，我这个你真没见过2,42185854565,429.61700,1,25,16777215,2026-09-26 14:29:31,1790404171,0,5108fc65,2208829295630758400,那别用手机吧，打电话的东西搞那么多名堂
BV126ht6qESe,117319632165022,【苏星河车机】别急着说你用过豆包，我这个你真没见过,苏星河牛通,2026-09-25 17:00:00,1433340,1118,1,【苏星河车机】别急着说你用过豆包，我这个你真没见过2,42185854565,371.35900,1,25,16777215,2026-09-26 14:27:17,1790404037,0,f8bfae87,2208828172169092352,给你空调干到0度
BV126ht6qESe,117319632165022,【苏星河车机】别急着说你用过豆包，我这个你真没见过,苏星河牛通,2026-09-25 17:00:00,1433340,1118,1,【苏星河车机】别急着说你用过豆包，我这个你真没见过2,42185854565,160.08900,1,25,16777215,2026-09-26 13:33:40,1790400820,0,f0fe8359,2208801189515543040,宋飞正传里的段子
BV126ht6qESe,117319632165022,【苏星河车机】别急着说你用过豆包，我这个你真没见过,苏星河牛通,2026-09-25 17:00:00,1433340,1118,1,【苏星河车机】别急着说你用过豆包，我这个你真没见过2,42185854565,4.66900,1,25,16777215,2026-09-26 13:32:51,1790400771,0,aabebdc0,2208800780612897024,0
BV126ht6qESe,117319632165022,【苏星河车机】别急着说你用过豆包，我这个你真没见过,苏星河牛通,2026-09-25 17:00:00,1433340,1118,1,【苏星河车机】别急着说你用过豆包，我这个你真没见过2,42185854565,2.87400,1,25,16777215,2026-09-26 13:30:09,1790400609,0,57d366da,2208799415862125312,0
BV126ht6qESe,117319632165022,【苏星河车机】别急着说你用过豆包，我这个你真没见过,苏星河牛通,2026-09-25 17:00:00,1433340,1118,1,【苏星河车机】别急着说你用过豆包，我这个你真没见过2,42185854565,682.55900,1,25,16777215,2026-09-26 13:28:12,1790400492,0,f2fd8a2b,2208798434730501888,但荣威很安全吗
BV126ht6qESe,117319632165022,【苏星河车机】别急着说你用过豆包，我这个你真没见过,苏星河牛通,2026-09-25 17:00:00,1433340,1118,1,【苏星河车机】别急着说你用过豆包，我这个你真没见过2,42185854565,2.19900,1,25,16777215,2026-09-26 13:27:02,1790400422,0,9dea2755,2208797848391457024,0
BV126ht6qESe,117319632165022,【苏星河车机】别急着说你用过豆包，我这个你真没见过,苏星河牛通,2026-09-25 17:00:00,1433340,1118,1,【苏星河车机】别急着说你用过豆包，我这个你真没见过2,42185854565,20.43900,1,25,16777215,2026-09-26 13:23:36,1790400216,0,feb2bbf3,2208796123953831936,这个认识
BV126ht6qESe,117319632165022,【苏星河车机】别急着说你用过豆包，我这个你真没见过,苏星河牛通,2026-09-25 17:00:00,1433340,1118,1,【苏星河车机】别急着说你用过豆包，我这个你真没见过2,42185854565,7.94900,1,25,16777215,2026-09-26 13:22:08,1790400128,0,b9447e2f,2208795380714983680,2个
BV126ht6qESe,117319632165022,【苏星河车机】别急着说你用过豆包，我这个你真没见过,苏星河牛通,2026-09-25 17:00:00,1433340,1118,1,【苏星河车机】别急着说你用过豆包，我这个你真没见过2,42185854565,37.44800,1,25,16777215,2026-09-26 13:21:06,1790400066,0,ce17b5b3,2208794863112680192,deepseek这招太狠了
BV126ht6qESe,117319632165022,【苏星河车机】别急着说你用过豆包，我这个你真没见过,苏星河牛通,2026-09-25 17:00:00,1433340,1118,1,【苏星河车机】别急着说你用过豆包，我这个你真没见过2,42185854565,7.18700,1,25,16777215,2026-09-26 13:20:41,1790400041,0,12aca326,2208794654001393152,-99999999
BV126ht6qESe,117319632165022,【苏星河车机】别急着说你用过豆包，我这个你真没见过,苏星河牛通,2026-09-25 17:00:00,1433340,1118,1,【苏星河车机】别急着说你用过豆包，我这个你真没见过2,42185854565,6.15700,1,25,16777215,2026-09-26 13:20:24,1790400024,0,e3db68f,2208794508542667520,0
BV126ht6qESe,117319632165022,【苏星河车机】别急着说你用过豆包，我这个你真没见过,苏星河牛通,2026-09-25 17:00:00,1433340,1118,1,【苏星河车机】别急着说你用过豆包，我这个你真没见过2,42185854565,595.86400,1,25,16777215,2026-09-26 13:19:47,1790399987,0,2e7c29e3,2208794200706257664,买买买哈哈
BV126ht6qESe,117319632165022,【苏星河车机】别急着说你用过豆包，我这个你真没见过,苏星河牛通,2026-09-25 17:00:00,1433340,1118,1,【苏星河车机】别急着说你用过豆包，我这个你真没见过2,42185854565,17.67300,1,25,16777215,2026-09-26 13:17:44,1790399864,0,9ecff540,2208793172597974784,3
BV126ht6qESe,117319632165022,【苏星河车机】别急着说你用过豆包，我这个你真没见过,苏星河牛通,2026-09-25 17:00:00,1433340,1118,1,【苏星河车机】别急着说你用过豆包，我这个你真没见过2,42185854565,643.90800,1,25,15138834,2026-09-26 13:17:04,1790399824,0,c986cf68,2208792832330989056,你这么推广老婆们也知道了啊
BV126ht6qESe,117319632165022,【苏星河车机】别急着说你用过豆包，我这个你真没见过,苏星河牛通,2026-09-25 17:00:00,1433340,1118,1,【苏星河车机】别急着说你用过豆包，我这个你真没见过2,42185854565,19.88100,1,25,16777215,2026-09-26 13:16:58,1790399818,0,457e7e54,2208792783518199552,吓哭了
BV126ht6qESe,117319632165022,【苏星河车机】别急着说你用过豆包，我这个你真没见过,苏星河牛通,2026-09-25 17:00:00,1433340,1118,1,【苏星河车机】别急着说你用过豆包，我这个你真没见过2,42185854565,69.63500,1,25,16777215,2026-09-26 13:16:45,1790399805,0,72ddde25,2208792675589795072,错不起，我对了
BV126ht6qESe,117319632165022,【苏星河车机】别急着说你用过豆包，我这个你真没见过,苏星河牛通,2026-09-25 17:00:00,1433340,1118,1,【苏星河车机】别急着说你用过豆包，我这个你真没见过2,42185854565,6.52100,1,25,16777215,2026-09-26 13:16:27,1790399787,0,446722d8,2208792520543375616,0
BV126ht6qESe,117319632165022,【苏星河车机】别急着说你用过豆包，我这个你真没见过,苏星河牛通,2026-09-25 17:00:00,1433340,1118,1,【苏星河车机】别急着说你用过豆包，我这个你真没见过2,42185854565,6.32700,1,25,16777215,2026-09-26 13:16:02,1790399762,0,670e8384,2208792317253857536,0
BV126ht6qESe,117319632165022,【苏星河车机】别急着说你用过豆包，我这个你真没见过,苏星河牛通,2026-09-25 17:00:00,1433340,1118,1,【苏星河车机】别急着说你用过豆包，我这个你真没见过2,42185854565,58.08300,1,25,16777215,2026-09-26 13:15:05,1790399705,0,85b1ce84,2208791838986038784,拿豆包当卖点也是牛逼
BV126ht6qESe,117319632165022,【苏星河车机】别急着说你用过豆包，我这个你真没见过,苏星河牛通,2026-09-25 17:00:00,1433340,1118,1,【苏星河车机】别急着说你用过豆包，我这个你真没见过2,42185854565,17.87000,1,25,16777215,2026-09-26 13:14:53,1790399693,0,baa1b277,2208791736636682752,认识但不是朋友
BV126ht6qESe,117319632165022,【苏星河车机】别急着说你用过豆包，我这个你真没见过,苏星河牛通,2026-09-25 17:00:00,1433340,1118,1,【苏星河车机】别急着说你用过豆包，我这个你真没见过2,42185854565,0.73000,1,25,16777215,2026-09-26 13:14:43,1790399683,0,7af9f50e,2208791651416698880,0
BV126ht6qESe,117319632165022,【苏星河车机】别急着说你用过豆包，我这个你真没见过,苏星河牛通,2026-09-25 17:00:00,1433340,1118,1,【苏星河车机】别急着说你用过豆包，我这个你真没见过2,42185854565,6.38100,1,25,16777215,2026-09-26 13:14:08,1790399648,0,e1e9c46a,2208791358318650624,0
BV126ht6qESe,117319632165022,【苏星河车机】别急着说你用过豆包，我这个你真没见过,苏星河牛通,2026-09-25 17:00:00,1433340,1118,1,【苏星河车机】别急着说你用过豆包，我这个你真没见过2,42185854565,82.92000,1,25,16777215,2026-09-26 13:14:08,1790399648,0,b5dec056,2208791356817324800,豆包还步兵？？？
BV126ht6qESe,117319632165022,【苏星河车机】别急着说你用过豆包，我这个你真没见过,苏星河牛通,2026-09-25 17:00:00,1433340,1118,1,【苏星河车机】别急着说你用过豆包，我这个你真没见过2,42185854565,3.41700,1,25,16777215,2026-09-26 13:13:58,1790399638,0,c3f2d356,2208791270087549440,0
BV126ht6qESe,117319632165022,【苏星河车机】别急着说你用过豆包，我这个你真没见过,苏星河牛通,2026-09-25 17:00:00,1433340,1118,1,【苏星河车机】别急着说你用过豆包，我这个你真没见过2,42185854565,0.72800,1,25,16777215,2026-09-26 13:13:57,1790399637,0,44cdbd62,2208791265699532800,0
BV126ht6qESe,117319632165022,【苏星河车机】别急着说你用过豆包，我这个你真没见过,苏星河牛通,2026-09-25 17:00:00,1433340,1118,1,【苏星河车机】别急着说你用过豆包，我这个你真没见过2,42185854565,6.34100,1,25,16777215,2026-09-26 13:13:54,1790399634,0,aeca034,2208791241968623872,0
BV126ht6qESe,117319632165022,【苏星河车机】别急着说你用过豆包，我这个你真没见过,苏星河牛通,2026-09-25 17:00:00,1433340,1118,1,【苏星河车机】别急着说你用过豆包，我这个你真没见过2,42185854565,23.95100,1,25,16777215,2026-09-26 13:13:40,1790399620,0,928851b9,2208791126322963712,我用最直白，最不绕弯子，最畅言无阻，最毫无避讳，最直切主题，最痛快畅言，最清晰直白，最通透畅达，最爽快畅言，最利落畅达，最简洁畅言，最直接畅快，最直戳要点，最畅行顺畅，最酣畅畅言，最毫无保留，告诉你。
BV126ht6qESe,117319632165022,【苏星河车机】别急着说你用过豆包，我这个你真没见过,苏星河牛通,2026-09-25 17:00:00,1433340,1118,1,【苏星河车机】别急着说你用过豆包，我这个你真没见过2,42185854565,14.21900,1,25,16777215,2026-09-26 13:13:22,1790399602,0,f4ae07e1,2208790970387706624,0
BV126ht6qESe,117319632165022,【苏星河车机】别急着说你用过豆包，我这个你真没见过,苏星河牛通,2026-09-25 17:00:00,1433340,1118,1,【苏星河车机】别急着说你用过豆包，我这个你真没见过2,42185854565,3.54900,5,25,16707842,2026-09-26 13:13:16,1790399596,0,b2c9274a,2208790924837286656,none
BV126ht6qESe,117319632165022,【苏星河车机】别急着说你用过豆包，我这个你真没见过,苏星河牛通,2026-09-25 17:00:00,1433340,1118,1,【苏星河车机】别急着说你用过豆包，我这个你真没见过2,42185854565,5.68300,1,25,16777215,2026-09-26 13:13:13,1790399593,0,9b37b424,2208790899780064512,0
BV126ht6qESe,117319632165022,【苏星河车机】别急着说你用过豆包，我这个你真没见过,苏星河牛通,2026-09-25 17:00:00,1433340,1118,1,【苏星河车机】别急着说你用过豆包，我这个你真没见过2,42185854565,33.52500,1,25,16777215,2026-09-26 13:13:09,1790399589,0,3b0be23d,2208790865311538944,没有性别但是是用的女的声音
BV126ht6qESe,117319632165022,【苏星河车机】别急着说你用过豆包，我这个你真没见过,苏星河牛通,2026-09-25 17:00:00,1433340,1118,1,【苏星河车机】别急着说你用过豆包，我这个你真没见过2,42185854565,43.23300,1,25,16777215,2026-09-26 13:13:06,1790399586,0,94b6976f,2208790836429671424,你不要跟我的豆包说话
BV126ht6qESe,117319632165022,【苏星河车机】别急着说你用过豆包，我这个你真没见过,苏星河牛通,2026-09-25 17:00:00,1433340,1118,1,【苏星河车机】别急着说你用过豆包，我这个你真没见过2,42185854565,33.58000,1,25,16777215,2026-09-26 13:12:59,1790399579,0,db05fb70,2208790781156837120,我有车？
BV126ht6qESe,117319632165022,【苏星河车机】别急着说你用过豆包，我这个你真没见过,苏星河牛通,2026-09-25 17:00:00,1433340,1118,1,【苏星河车机】别急着说你用过豆包，我这个你真没见过2,42185854565,2.50100,1,25,16777215,2026-09-26 13:12:37,1790399557,0,89b54318,2208790591474211584,0
BV126ht6qESe,117319632165022,【苏星河车机】别急着说你用过豆包，我这个你真没见过,苏星河牛通,2026-09-25 17:00:00,1433340,1118,1,【苏星河车机】别急着说你用过豆包，我这个你真没见过2,42185854565,2.56100,1,25,16777215,2026-09-26 13:12:33,1790399553,0,afaf0811,2208790564017804288,0
BV126ht6qESe,117319632165022,【苏星河车机】别急着说你用过豆包，我这个你真没见过,苏星河牛通,2026-09-25 17:00:00,1433340,1118,1,【苏星河车机】别急着说你用过豆包，我这个你真没见过2,42185854565,1.79300,1,25,16777215,2026-09-26 13:12:31,1790399551,0,91933837,2208790542249576704,0
BV126ht6qESe,117319632165022,【苏星河车机】别急着说你用过豆包，我这个你真没见过,苏星河牛通,2026-09-25 17:00:00,1433340,1118,1,【苏星河车机】别急着说你用过豆包，我这个你真没见过2,42185854565,8.12900,1,25,16777215,2026-09-26 13:12:28,1790399548,0,4cc70cb4,2208790515960093440,十几个，不过是老师
BV126ht6qESe,117319632165022,【苏星河车机】别急着说你用过豆包，我这个你真没见过,苏星河牛通,2026-09-25 17:00:00,1433340,1118,1,【苏星河车机】别急着说你用过豆包，我这个你真没见过2,42185854565,6.40000,1,25,16777215,2026-09-26 13:12:02,1790399522,0,4f4b4121,2208790296706903808,0
BV126ht6qESe,117319632165022,【苏星河车机】别急着说你用过豆包，我这个你真没见过,苏星河牛通,2026-09-25 17:00:00,1433340,1118,1,【苏星河车机】别急着说你用过豆包，我这个你真没见过2,42185854565,5.16400,1,25,16777215,2026-09-26 13:12:01,1790399521,0,af50b991,2208790294927934976,0
BV126ht6qESe,117319632165022,【苏星河车机】别急着说你用过豆包，我这个你真没见过,苏星河牛通,2026-09-25 17:00:00,1433340,1118,1,【苏星河车机】别急着说你用过豆包，我这个你真没见过2,42185854565,0.97100,1,25,16777215,2026-09-26 13:11:59,1790399519,0,84b56e59,2208790275533572864,0
BV126ht6qESe,117319632165022,【苏星河车机】别急着说你用过豆包，我这个你真没见过,苏星河牛通,2026-09-25 17:00:00,1433340,1118,1,【苏星河车机】别急着说你用过豆包，我这个你真没见过2,42185854565,18.54400,1,25,16777215,2026-09-26 13:11:51,1790399511,0,f25ad553,2208790204650443008,这不算人类
BV126ht6qESe,117319632165022,【苏星河车机】别急着说你用过豆包，我这个你真没见过,苏星河牛通,2026-09-25 17:00:00,1433340,1118,1,【苏星河车机】别急着说你用过豆包，我这个你真没见过2,42185854565,22.83800,1,25,16777215,2026-09-26 13:11:29,1790399489,0,bcaa9204,2208790019832312832,转转
BV126ht6qESe,117319632165022,【苏星河车机】别急着说你用过豆包，我这个你真没见过,苏星河牛通,2026-09-25 17:00:00,1433340,1118,1,【苏星河车机】别急着说你用过豆包，我这个你真没见过2,42185854565,6.56100,1,25,16777215,2026-09-26 13:11:22,1790399482,0,dee10d7d,2208789967805752064,000
BV126ht6qESe,117319632165022,【苏星河车机】别急着说你用过豆包，我这个你真没见过,苏星河牛通,2026-09-25 17:00:00,1433340,1118,1,【苏星河车机】别急着说你用过豆包，我这个你真没见过2,42185854565,5.73600,1,25,16777215,2026-09-26 13:10:58,1790399458,0,99b86851,2208789765959102976,0
BV126ht6qESe,117319632165022,【苏星河车机】别急着说你用过豆包，我这个你真没见过,苏星河牛通,2026-09-25 17:00:00,1433340,1118,1,【苏星河车机】别急着说你用过豆包，我这个你真没见过2,42185854565,44.56800,1,25,16777215,2026-09-26 13:10:36,1790399436,0,86417400,2208789578516325376,然后砰
BV126ht6qESe,117319632165022,【苏星河车机】别急着说你用过豆包，我这个你真没见过,苏星河牛通,2026-09-25 17:00:00,1433340,1118,1,【苏星河车机】别急着说你用过豆包，我这个你真没见过2,42185854565,31.88800,1,25,16777215,2026-09-26 13:10:33,1790399433,0,7b4e7321,2208789552671070208,？
BV126ht6qESe,117319632165022,【苏星河车机】别急着说你用过豆包，我这个你真没见过,苏星河牛通,2026-09-25 17:00:00,1433340,1118,1,【苏星河车机】别急着说你用过豆包，我这个你真没见过2,42185854565,4.79100,1,25,16777215,2026-09-26 13:10:02,1790399402,0,adbc08ae,2208789297808135424,0
BV126ht6qESe,117319632165022,【苏星河车机】别急着说你用过豆包，我这个你真没见过,苏星河牛通,2026-09-25 17:00:00,1433340,1118,1,【苏星河车机】别急着说你用过豆包，我这个你真没见过2,42185854565,6.28500,1,25,16777215,2026-09-26 13:09:45,1790399385,0,9471537,2208789147559407104,0
BV126ht6qESe,117319632165022,【苏星河车机】别急着说你用过豆包，我这个你真没见过,苏星河牛通,2026-09-25 17:00:00,1433340,1118,1,【苏星河车机】别急着说你用过豆包，我这个你真没见过2,42185854565,0.70300,1,25,16777215,2026-09-26 13:08:59,1790399339,0,c6b2b5b3,2208788765114883072,零
BV126ht6qESe,117319632165022,【苏星河车机】别急着说你用过豆包，我这个你真没见过,苏星河牛通,2026-09-25 17:00:00,1433340,1118,1,【苏星河车机】别急着说你用过豆包，我这个你真没见过2,42185854565,3.67000,1,25,16777215,2026-09-26 13:08:49,1790399329,0,5610c99e,2208788678938136064,0
BV126ht6qESe,117319632165022,【苏星河车机】别急着说你用过豆包，我这个你真没见过,苏星河牛通,2026-09-25 17:00:00,1433340,1118,1,【苏星河车机】别急着说你用过豆包，我这个你真没见过2,42185854565,5.50500,1,25,16777215,2026-09-26 13:08:48,1790399328,0,d01a68c0,2208788675683346176,0
BV126ht6qESe,117319632165022,【苏星河车机】别急着说你用过豆包，我这个你真没见过,苏星河牛通,2026-09-25 17:00:00,1433340,1118,1,【苏星河车机】别急着说你用过豆包，我这个你真没见过2,42185854565,1.51400,1,25,16777215,2026-09-26 13:08:47,1790399327,0,a1f273f7,2208788668603528448,0
BV126ht6qESe,117319632165022,【苏星河车机】别急着说你用过豆包，我这个你真没见过,苏星河牛通,2026-09-25 17:00:00,1433340,1118,1,【苏星河车机】别急着说你用过豆包，我这个你真没见过2,42185854565,5.57700,1,25,16777215,2026-09-26 13:07:36,1790399256,0,5d1a3831,2208788071359580160,0
BV126ht6qESe,117319632165022,【苏星河车机】别急着说你用过豆包，我这个你真没见过,苏星河牛通,2026-09-25 17:00:00,1433340,1118,1,【苏星河车机】别急着说你用过豆包，我这个你真没见过2,42185854565,393.92100,5,25,15772458,2026-09-26 13:04:58,1790399098,0,e5be33c4,2208786741983458816,土特产
BV126ht6qESe,117319632165022,【苏星河车机】别急着说你用过豆包，我这个你真没见过,苏星河牛通,2026-09-25 17:00:00,1433340,1118,1,【苏星河车机】别急着说你用过豆包，我这个你真没见过2,42185854565,4.54400,1,25,16777215,2026-09-26 13:03:05,1790398985,0,11c3aa39,2208785796746816768,0
BV126ht6qESe,117319632165022,【苏星河车机】别急着说你用过豆包，我这个你真没见过,苏星河牛通,2026-09-25 17:00:00,1433340,1118,1,【苏星河车机】别急着说你用过豆包，我这个你真没见过2,42185854565,425.05400,1,25,16777215,2026-09-26 12:58:55,1790398735,0,d437d28a,2208783700023059200,“实在”？呵呵
BV126ht6qESe,117319632165022,【苏星河车机】别急着说你用过豆包，我这个你真没见过,苏星河牛通,2026-09-25 17:00:00,1433340,1118,1,【苏星河车机】别急着说你用过豆包，我这个你真没见过2,42185854565,4.38100,1,25,16777215,2026-09-26 12:53:54,1790398434,0,ad331ef3,2208781177803584256,我接下来用最简单最直白最不绕弯子你听懂的（啊——）话告诉你。刹车你压到人了。
BV126ht6qESe,117319632165022,【苏星河车机】别急着说你用过豆包，我这个你真没见过,苏星河牛通,2026-09-25 17:00:00,1433340,1118,1,【苏星河车机】别急着说你用过豆包，我这个你真没见过2,42185854565,15.13900,1,25,16777215,2026-09-26 12:52:53,1790398373,0,335598a7,2208780662952755712,1
BV126ht6qESe,117319632165022,【苏星河车机】别急着说你用过豆包，我这个你真没见过,苏星河牛通,2026-09-25 17:00:00,1433340,1118,1,【苏星河车机】别急着说你用过豆包，我这个你真没见过2,42185854565,17.51500,1,25,16777215,2026-09-26 12:51:51,1790398311,0,9725d202,2208780142632539648,围巾呢？你的图标也没有围巾啊
BV126ht6qESe,117319632165022,【苏星河车机】别急着说你用过豆包，我这个你真没见过,苏星河牛通,2026-09-25 17:00:00,1433340,1118,1,【苏星河车机】别急着说你用过豆包，我这个你真没见过2,42185854565,0.21100,1,25,16777215,2026-09-26 12:49:01,1790398141,0,58f90c2c,2208778715747119872,9999999999999999999999999999999999999999999999999999999999999999999999999999999999999999999999999999
BV126ht6qESe,117319632165022,【苏星河车机】别急着说你用过豆包，我这个你真没见过,苏星河牛通,2026-09-25 17:00:00,1433340,1118,1,【苏星河车机】别急着说你用过豆包，我这个你真没见过2,42185854565,38.85100,1,25,16777215,2026-09-26 12:48:00,1790398080,0,8f263f1d,2208778201868986368,帮我叫个鸡
BV126ht6qESe,117319632165022,【苏星河车机】别急着说你用过豆包，我这个你真没见过,苏星河牛通,2026-09-25 17:00:00,1433340,1118,1,【苏星河车机】别急着说你用过豆包，我这个你真没见过2,42185854565,21.57100,1,25,16777215,2026-09-26 12:47:38,1790398058,0,8f263f1d,2208778023115724544,糖包
BV126ht6qESe,117319632165022,【苏星河车机】别急着说你用过豆包，我这个你真没见过,苏星河牛通,2026-09-25 17:00:00,1433340,1118,1,【苏星河车机】别急着说你用过豆包，我这个你真没见过2,42185854565,624.40200,1,25,16777215,2026-09-26 12:46:52,1790398012,0,dfa64ae0,2208777633271961344,学会撒谎了
BV126ht6qESe,117319632165022,【苏星河车机】别急着说你用过豆包，我这个你真没见过,苏星河牛通,2026-09-25 17:00:00,1433340,1118,1,【苏星河车机】别急着说你用过豆包，我这个你真没见过2,42185854565,589.06200,1,25,16777215,2026-09-26 12:46:10,1790397970,0,dfa64ae0,2208777285782449152,哈哈哈
BV126ht6qESe,117319632165022,【苏星河车机】别急着说你用过豆包，我这个你真没见过,苏星河牛通,2026-09-25 17:00:00,1433340,1118,1,【苏星河车机】别急着说你用过豆包，我这个你真没见过2,42185854565,6.72400,1,25,16777215,2026-09-26 12:45:26,1790397926,0,8eaf056a,2208776910468112896,一个也没有
BV126ht6qESe,117319632165022,【苏星河车机】别急着说你用过豆包，我这个你真没见过,苏星河牛通,2026-09-25 17:00:00,1433340,1118,1,【苏星河车机】别急着说你用过豆包，我这个你真没见过2,42185854565,161.90700,1,25,16777215,2026-09-26 12:44:02,1790397842,0,419f57b1,2208776204717288704,豆永浩
BV126ht6qESe,117319632165022,【苏星河车机】别急着说你用过豆包，我这个你真没见过,苏星河牛通,2026-09-25 17:00:00,1433340,1118,1,【苏星河车机】别急着说你用过豆包，我这个你真没见过2,42185854565,254.46000,1,25,16777215,2026-09-26 12:41:30,1790397690,0,daf195af,2208774935546019072,刚需！！！
BV126ht6qESe,117319632165022,【苏星河车机】别急着说你用过豆包，我这个你真没见过,苏星河牛通,2026-09-25 17:00:00,1433340,1118,1,【苏星河车机】别急着说你用过豆包，我这个你真没见过2,42185854565,6.69100,1,25,16777215,2026-09-26 12:38:42,1790397522,0,71701a54,2208773522174624000,0
BV126ht6qESe,117319632165022,【苏星河车机】别急着说你用过豆包，我这个你真没见过,苏星河牛通,2026-09-25 17:00:00,1433340,1118,1,【苏星河车机】别急着说你用过豆包，我这个你真没见过2,42185854565,4.86000,1,25,16777215,2026-09-26 12:37:02,1790397422,0,daf195af,2208772680906567168,0
BV126ht6qESe,117319632165022,【苏星河车机】别急着说你用过豆包，我这个你真没见过,苏星河牛通,2026-09-25 17:00:00,1433340,1118,1,【苏星河车机】别急着说你用过豆包，我这个你真没见过2,42185854565,454.18600,1,25,16777215,2026-09-26 12:36:23,1790397383,0,41a38cef,2208772360536961536,我也是这么想的，豆包都跑车上去了
BV126ht6qESe,117319632165022,【苏星河车机】别急着说你用过豆包，我这个你真没见过,苏星河牛通,2026-09-25 17:00:00,1433340,1118,1,【苏星河车机】别急着说你用过豆包，我这个你真没见过2,42185854565,1.23900,1,25,16777215,2026-09-26 12:36:03,1790397363,0,3d1b10da,2208772189308749312,23
BV126ht6qESe,117319632165022,【苏星河车机】别急着说你用过豆包，我这个你真没见过,苏星河牛通,2026-09-25 17:00:00,1433340,1118,1,【苏星河车机】别急着说你用过豆包，我这个你真没见过2,42185854565,19.33700,1,25,16777215,2026-09-26 12:35:44,1790397344,0,224d4401,2208772027778169088,我手机里还真没有
BV126ht6qESe,117319632165022,【苏星河车机】别急着说你用过豆包，我这个你真没见过,苏星河牛通,2026-09-25 17:00:00,1433340,1118,1,【苏星河车机】别急着说你用过豆包，我这个你真没见过2,42185854565,6.56800,1,25,16777215,2026-09-26 12:35:21,1790397321,0,224d4401,2208771838036270848,一个没有
BV126ht6qESe,117319632165022,【苏星河车机】别急着说你用过豆包，我这个你真没见过,苏星河牛通,2026-09-25 17:00:00,1433340,1118,1,【苏星河车机】别急着说你用过豆包，我这个你真没见过2,42185854565,9.58400,1,25,16777215,2026-09-26 12:34:48,1790397288,0,6ee12665,2208771557160319232,这要看来了多少新女同事
BV126ht6qESe,117319632165022,【苏星河车机】别急着说你用过豆包，我这个你真没见过,苏星河牛通,2026-09-25 17:00:00,1433340,1118,1,【苏星河车机】别急着说你用过豆包，我这个你真没见过2,42185854565,649.69900,1,25,16777215,2026-09-26 12:34:09,1790397249,0,bdc49735,2208771234409046016,帮主驾出轨？这怎么叫维护和谐了
BV126ht6qESe,117319632165022,【苏星河车机】别急着说你用过豆包，我这个你真没见过,苏星河牛通,2026-09-25 17:00:00,1433340,1118,1,【苏星河车机】别急着说你用过豆包，我这个你真没见过2,42185854565,5.06300,5,25,16707842,2026-09-26 12:33:44,1790397224,0,481ab1ef,2208771022042758656,0
BV126ht6qESe,117319632165022,【苏星河车机】别急着说你用过豆包，我这个你真没见过,苏星河牛通,2026-09-25 17:00:00,1433340,1118,1,【苏星河车机】别急着说你用过豆包，我这个你真没见过2,42185854565,20.60800,1,25,16777215,2026-09-26 12:33:08,1790397188,0,8599888c,2208770718089811456,真可爱
BV126ht6qESe,117319632165022,【苏星河车机】别急着说你用过豆包，我这个你真没见过,苏星河牛通,2026-09-25 17:00:00,1433340,1118,1,【苏星河车机】别急着说你用过豆包，我这个你真没见过2,42185854565,598.46400,1,25,16777215,2026-09-26 12:32:59,1790397179,0,bdc49735,2208770643381255424,？所以
BV126ht6qESe,117319632165022,【苏星河车机】别急着说你用过豆包，我这个你真没见过,苏星河牛通,2026-09-25 17:00:00,1433340,1118,1,【苏星河车机】别急着说你用过豆包，我这个你真没见过2,42185854565,6.22000,1,25,16777215,2026-09-26 12:32:19,1790397139,0,d119d35a,2208770313381343232,0
BV126ht6qESe,117319632165022,【苏星河车机】别急着说你用过豆包，我这个你真没见过,苏星河牛通,2026-09-25 17:00:00,1433340,1118,1,【苏星河车机】别急着说你用过豆包，我这个你真没见过2,42185854565,41.64500,1,25,16777215,2026-09-26 12:31:45,1790397105,0,c7ed087c,2208770026801287680,豆包：平常都是先去洗脚的
BV126ht6qESe,117319632165022,【苏星河车机】别急着说你用过豆包，我这个你真没见过,苏星河牛通,2026-09-25 17:00:00,1433340,1118,1,【苏星河车机】别急着说你用过豆包，我这个你真没见过2,42185854565,2.79900,1,25,16777215,2026-09-26 12:30:54,1790397054,0,d9dcf030,2208769599485660160,1
BV126ht6qESe,117319632165022,【苏星河车机】别急着说你用过豆包，我这个你真没见过,苏星河牛通,2026-09-25 17:00:00,1433340,1118,1,【苏星河车机】别急着说你用过豆包，我这个你真没见过2,42185854565,35.69100,1,25,16777215,2026-09-26 12:30:04,1790397004,0,f172c67d,2208769178469850112,这车祸率肯定上升
BV126ht6qESe,117319632165022,【苏星河车机】别急着说你用过豆包，我这个你真没见过,苏星河牛通,2026-09-25 17:00:00,1433340,1118,1,【苏星河车机】别急着说你用过豆包，我这个你真没见过2,42185854565,628.74000,5,25,16707842,2026-09-26 12:29:52,1790396992,0,d7fba8a4,2208769073930789376,南无波头摩胜如来
BV126ht6qESe,117319632165022,【苏星河车机】别急着说你用过豆包，我这个你真没见过,苏星河牛通,2026-09-25 17:00:00,1433340,1118,1,【苏星河车机】别急着说你用过豆包，我这个你真没见过2,42185854565,200.63600,5,25,16707842,2026-09-26 12:29:42,1790396982,0,d7fba8a4,2208768994516058368,南无波头摩胜如来
BV126ht6qESe,117319632165022,【苏星河车机】别急着说你用过豆包，我这个你真没见过,苏星河牛通,2026-09-25 17:00:00,1433340,1118,1,【苏星河车机】别急着说你用过豆包，我这个你真没见过2,42185854565,6.43300,1,25,16777215,2026-09-26 12:29:24,1790396964,0,fa5f2818,2208768843236264704,0
BV126ht6qESe,117319632165022,【苏星河车机】别急着说你用过豆包，我这个你真没见过,苏星河牛通,2026-09-25 17:00:00,1433340,1118,1,【苏星河车机】别急着说你用过豆包，我这个你真没见过2,42185854565,19.17800,1,25,16777215,2026-09-26 12:28:37,1790396917,0,91cbee8a,2208768449222879232,不认识，只认识大肥鱼
BV126ht6qESe,117319632165022,【苏星河车机】别急着说你用过豆包，我这个你真没见过,苏星河牛通,2026-09-25 17:00:00,1433340,1118,1,【苏星河车机】别急着说你用过豆包，我这个你真没见过2,42185854565,6.49300,1,25,16777215,2026-09-26 12:28:14,1790396894,0,3663d693,2208768253508386816,0
BV126ht6qESe,117319632165022,【苏星河车机】别急着说你用过豆包，我这个你真没见过,苏星河牛通,2026-09-25 17:00:00,1433340,1118,1,【苏星河车机】别急着说你用过豆包，我这个你真没见过2,42185854565,5.44300,1,25,16777215,2026-09-26 12:28:07,1790396887,0,63d45bea,2208768193068866560,两个
BV126ht6qESe,117319632165022,【苏星河车机】别急着说你用过豆包，我这个你真没见过,苏星河牛通,2026-09-25 17:00:00,1433340,1118,1,【苏星河车机】别急着说你用过豆包，我这个你真没见过2,42185854565,5.75400,1,25,16777215,2026-09-26 12:28:05,1790396885,0,eb6dd571,2208768177700948480,0
BV126ht6qESe,117319632165022,【苏星河车机】别急着说你用过豆包，我这个你真没见过,苏星河牛通,2026-09-25 17:00:00,1433340,1118,1,【苏星河车机】别急着说你用过豆包，我这个你真没见过2,42185854565,6.13300,1,25,16777215,2026-09-26 12:28:00,1790396880,0,1cca28a3,2208768134029387776,0
BV126ht6qESe,117319632165022,【苏星河车机】别急着说你用过豆包，我这个你真没见过,苏星河牛通,2026-09-25 17:00:00,1433340,1118,1,【苏星河车机】别急着说你用过豆包，我这个你真没见过2,42185854565,1.53400,1,25,16777215,2026-09-26 12:27:40,1790396860,0,e7782172,2208767972205073408,1
BV126ht6qESe,117319632165022,【苏星河车机】别急着说你用过豆包，我这个你真没见过,苏星河牛通,2026-09-25 17:00:00,1433340,1118,1,【苏星河车机】别急着说你用过豆包，我这个你真没见过2,42185854565,4.07600,1,25,16777215,2026-09-26 12:27:30,1790396850,0,b470386d,2208767889140540160,0
BV126ht6qESe,117319632165022,【苏星河车机】别急着说你用过豆包，我这个你真没见过,苏星河牛通,2026-09-25 17:00:00,1433340,1118,1,【苏星河车机】别急着说你用过豆包，我这个你真没见过2,42185854565,17.02500,1,25,16777215,2026-09-26 12:27:22,1790396842,0,12aaafbd,2208767818139518208,我没有，别瞎说
BV126ht6qESe,117319632165022,【苏星河车机】别急着说你用过豆包，我这个你真没见过,苏星河牛通,2026-09-25 17:00:00,1433340,1118,1,【苏星河车机】别急着说你用过豆包，我这个你真没见过2,42185854565,21.90000,1,25,16707842,2026-09-26 12:27:21,1790396841,0,c6f59828,2208767810439198208,不知道
BV126ht6qESe,117319632165022,【苏星河车机】别急着说你用过豆包，我这个你真没见过,苏星河牛通,2026-09-25 17:00:00,1433340,1118,1,【苏星河车机】别急着说你用过豆包，我这个你真没见过2,42185854565,7.31500,1,25,16777215,2026-09-26 12:27:14,1790396834,0,b079e879,2208767751475294464,0男的也是0
BV126ht6qESe,117319632165022,【苏星河车机】别急着说你用过豆包，我这个你真没见过,苏星河牛通,2026-09-25 17:00:00,1433340,1118,1,【苏星河车机】别急着说你用过豆包，我这个你真没见过2,42185854565,5.48500,1,25,16777215,2026-09-26 12:26:51,1790396811,0,c7621832,2208767559435272960,0
BV126ht6qESe,117319632165022,【苏星河车机】别急着说你用过豆包，我这个你真没见过,苏星河牛通,2026-09-25 17:00:00,1433340,1118,1,【苏星河车机】别急着说你用过豆包，我这个你真没见过2,42185854565,3.78500,1,25,16777215,2026-09-26 12:26:30,1790396790,0,4bc1fd0b,2208767379323335936,0
BV126ht6qESe,117319632165022,【苏星河车机】别急着说你用过豆包，我这个你真没见过,苏星河牛通,2026-09-25 17:00:00,1433340,1118,1,【苏星河车机】别急着说你用过豆包，我这个你真没见过2,42185854565,6.64700,1,25,16777215,2026-09-26 12:26:02,1790396762,0,9fc8dd4b,2208767145910309888,这个时代不太适合谈恋爱了～
BV126ht6qESe,117319632165022,【苏星河车机】别急着说你用过豆包，我这个你真没见过,苏星河牛通,2026-09-25 17:00:00,1433340,1118,1,【苏星河车机】别急着说你用过豆包，我这个你真没见过2,42185854565,6.28600,1,25,16777215,2026-09-26 12:25:03,1790396703,0,36154410,2208766655017072896,0.01个
BV126ht6qESe,117319632165022,【苏星河车机】别急着说你用过豆包，我这个你真没见过,苏星河牛通,2026-09-25 17:00:00,1433340,1118,1,【苏星河车机】别急着说你用过豆包，我这个你真没见过2,42185854565,1.91800,1,25,16777215,2026-09-26 12:23:38,1790396618,0,e5259387,2208765936776138752,0
BV126ht6qESe,117319632165022,【苏星河车机】别急着说你用过豆包，我这个你真没见过,苏星河牛通,2026-09-25 17:00:00,1433340,1118,1,【苏星河车机】别急着说你用过豆包，我这个你真没见过2,42185854565,6.72200,1,25,16777215,2026-09-26 12:21:57,1790396517,0,bc399ae9,2208765093268316928,零
BV126ht6qESe,117319632165022,【苏星河车机】别急着说你用过豆包，我这个你真没见过,苏星河牛通,2026-09-25 17:00:00,1433340,1118,1,【苏星河车机】别急着说你用过豆包，我这个你真没见过2,42185854565,32.80300,1,25,16777215,2026-09-26 12:20:56,1790396456,0,d0bafb93,2208764581211072256,完辣！
BV126ht6qESe,117319632165022,【苏星河车机】别急着说你用过豆包，我这个你真没见过,苏星河牛通,2026-09-25 17:00:00,1433340,1118,1,【苏星河车机】别急着说你用过豆包，我这个你真没见过2,42185854565,678.00600,1,25,16707842,2026-09-26 12:20:29,1790396429,0,7b53e3d5,2208764355212944896,豆包说谎多了不可信了，然后豆包出了实体娃娃
BV126ht6qESe,117319632165022,【苏星河车机】别急着说你用过豆包，我这个你真没见过,苏星河牛通,2026-09-25 17:00:00,1433340,1118,1,【苏星河车机】别急着说你用过豆包，我这个你真没见过2,42185854565,36.09200,5,25,16777215,2026-09-26 12:20:22,1790396422,0,876959e2,2208764300217875712,这下看懂了
BV126ht6qESe,117319632165022,【苏星河车机】别急着说你用过豆包，我这个你真没见过,苏星河牛通,2026-09-25 17:00:00,1433340,1118,1,【苏星河车机】别急着说你用过豆包，我这个你真没见过2,42185854565,5.51700,1,25,16777215,2026-09-26 12:19:38,1790396378,0,91ab9a6e,2208763928995998720,0
BV126ht6qESe,117319632165022,【苏星河车机】别急着说你用过豆包，我这个你真没见过,苏星河牛通,2026-09-25 17:00:00,1433340,1118,1,【苏星河车机】别急着说你用过豆包，我这个你真没见过2,42185854565,10.57800,1,25,16777215,2026-09-26 12:18:57,1790396337,0,f5def95f,2208763579074210560,000
BV126ht6qESe,117319632165022,【苏星河车机】别急着说你用过豆包，我这个你真没见过,苏星河牛通,2026-09-25 17:00:00,1433340,1118,1,【苏星河车机】别急着说你用过豆包，我这个你真没见过2,42185854565,48.08000,1,25,16777215,2026-09-26 12:17:48,1790396268,0,2708558b,2208763002290024960,对不起我错了，需要我给你出一份转世投胎指南吗？
BV126ht6qESe,117319632165022,【苏星河车机】别急着说你用过豆包，我这个你真没见过,苏星河牛通,2026-09-25 17:00:00,1433340,1118,1,【苏星河车机】别急着说你用过豆包，我这个你真没见过2,42185854565,2.09200,1,25,16777215,2026-09-26 12:17:20,1790396240,0,b1279855,2208762771653739264,0
BV126ht6qESe,117319632165022,【苏星河车机】别急着说你用过豆包，我这个你真没见过,苏星河牛通,2026-09-25 17:00:00,1433340,1118,1,【苏星河车机】别急着说你用过豆包，我这个你真没见过2,42185854565,201.02200,1,25,16777215,2026-09-26 12:16:41,1790396201,0,3fd4d2f4,2208762443365955584,可以喊小爱同学吗
BV126ht6qESe,117319632165022,【苏星河车机】别急着说你用过豆包，我这个你真没见过,苏星河牛通,2026-09-25 17:00:00,1433340,1118,1,【苏星河车机】别急着说你用过豆包，我这个你真没见过2,42185854565,4.99300,1,25,16777215,2026-09-26 12:16:05,1790396165,0,67f70617,2208762143951344640,………俩？
BV126ht6qESe,117319632165022,【苏星河车机】别急着说你用过豆包，我这个你真没见过,苏星河牛通,2026-09-25 17:00:00,1433340,1118,1,【苏星河车机】别急着说你用过豆包，我这个你真没见过2,42185854565,18.52800,1,25,16777215,2026-09-26 12:15:43,1790396143,0,edde0236,2208761953613127936,……她不算人
BV126ht6qESe,117319632165022,【苏星河车机】别急着说你用过豆包，我这个你真没见过,苏星河牛通,2026-09-25 17:00:00,1433340,1118,1,【苏星河车机】别急着说你用过豆包，我这个你真没见过2,42185854565,652.17400,5,25,16777215,2026-09-26 12:14:59,1790396099,0,2717b126,2208761589648934656,知道了，支持出轨
BV126ht6qESe,117319632165022,【苏星河车机】别急着说你用过豆包，我这个你真没见过,苏星河牛通,2026-09-25 17:00:00,1433340,1118,1,【苏星河车机】别急着说你用过豆包，我这个你真没见过2,42185854565,624.03200,1,25,16777215,2026-09-26 12:13:25,1790396005,0,25abf241,2208760797067741184,太极本极
BV126ht6qESe,117319632165022,【苏星河车机】别急着说你用过豆包，我这个你真没见过,苏星河牛通,2026-09-25 17:00:00,1433340,1118,1,【苏星河车机】别急着说你用过豆包，我这个你真没见过2,42185854565,6.60400,5,25,16777215,2026-09-26 12:13:12,1790395992,0,b8ae4f74,2208760688829191168,0
BV126ht6qESe,117319632165022,【苏星河车机】别急着说你用过豆包，我这个你真没见过,苏星河牛通,2026-09-25 17:00:00,1433340,1118,1,【苏星河车机】别急着说你用过豆包，我这个你真没见过2,42185854565,29.92000,1,25,16777215,2026-09-26 12:11:47,1790395907,0,a4c3283d,2208759976276148224,豆顺包
BV126ht6qESe,117319632165022,【苏星河车机】别急着说你用过豆包，我这个你真没见过,苏星河牛通,2026-09-25 17:00:00,1433340,1118,1,【苏星河车机】别急着说你用过豆包，我这个你真没见过2,42185854565,3.52500,1,25,16777215,2026-09-26 12:11:23,1790395883,0,e5eb5e94,2208759771073476608,0
BV126ht6qESe,117319632165022,【苏星河车机】别急着说你用过豆包，我这个你真没见过,苏星河牛通,2026-09-25 17:00:00,1433340,1118,1,【苏星河车机】别急着说你用过豆包，我这个你真没见过2,42185854565,6.65500,1,25,16777215,2026-09-26 12:11:07,1790395867,0,43012e11,2208759637820356352,2个
BV126ht6qESe,117319632165022,【苏星河车机】别急着说你用过豆包，我这个你真没见过,苏星河牛通,2026-09-25 17:00:00,1433340,1118,1,【苏星河车机】别急着说你用过豆包，我这个你真没见过2,42185854565,3.64100,1,25,16777215,2026-09-26 12:11:03,1790395863,0,afbc6c9,2208759607957754624,0
BV126ht6qESe,117319632165022,【苏星河车机】别急着说你用过豆包，我这个你真没见过,苏星河牛通,2026-09-25 17:00:00,1433340,1118,1,【苏星河车机】别急着说你用过豆包，我这个你真没见过2,42185854565,5.53700,1,25,16777215,2026-09-26 12:10:42,1790395842,0,1e875c01,2208759430135544320,0
BV126ht6qESe,117319632165022,【苏星河车机】别急着说你用过豆包，我这个你真没见过,苏星河牛通,2026-09-25 17:00:00,1433340,1118,1,【苏星河车机】别急着说你用过豆包，我这个你真没见过2,42185854565,655.56300,1,25,16777215,2026-09-26 12:10:37,1790395837,0,7353134a,2208759392109751552,只会助长不和谐的事发生
BV126ht6qESe,117319632165022,【苏星河车机】别急着说你用过豆包，我这个你真没见过,苏星河牛通,2026-09-25 17:00:00,1433340,1118,1,【苏星河车机】别急着说你用过豆包，我这个你真没见过2,42185854565,5.59700,1,25,16777215,2026-09-26 12:10:04,1790395804,0,f841434c,2208759114606719232,0
BV126ht6qESe,117319632165022,【苏星河车机】别急着说你用过豆包，我这个你真没见过,苏星河牛通,2026-09-25 17:00:00,1433340,1118,1,【苏星河车机】别急着说你用过豆包，我这个你真没见过2,42185854565,18.91100,1,25,16777215,2026-09-26 12:09:49,1790395789,0,f0856b4e,2208758987989151744,从不用这傻子
BV126ht6qESe,117319632165022,【苏星河车机】别急着说你用过豆包，我这个你真没见过,苏星河牛通,2026-09-25 17:00:00,1433340,1118,1,【苏星河车机】别急着说你用过豆包，我这个你真没见过2,42185854565,2.42300,1,25,16777215,2026-09-26 12:09:36,1790395776,0,6ba506d7,2208758877897135104,0
BV126ht6qESe,117319632165022,【苏星河车机】别急着说你用过豆包，我这个你真没见过,苏星河牛通,2026-09-25 17:00:00,1433340,1118,1,【苏星河车机】别急着说你用过豆包，我这个你真没见过2,42185854565,5.79400,1,25,16777215,2026-09-26 12:09:33,1790395773,0,d216f6a2,2208758848628733952,0
BV126ht6qESe,117319632165022,【苏星河车机】别急着说你用过豆包，我这个你真没见过,苏星河牛通,2026-09-25 17:00:00,1433340,1118,1,【苏星河车机】别急着说你用过豆包，我这个你真没见过2,42185854565,16.26200,1,25,16777215,2026-09-26 12:09:00,1790395740,0,1b784d24,2208758573256480512,神秘眼镜女
BV126ht6qESe,117319632165022,【苏星河车机】别急着说你用过豆包，我这个你真没见过,苏星河牛通,2026-09-25 17:00:00,1433340,1118,1,【苏星河车机】别急着说你用过豆包，我这个你真没见过2,42185854565,5.28600,1,25,16777215,2026-09-26 12:08:50,1790395730,0,b553aa04,2208758487834511104,0
BV126ht6qESe,117319632165022,【苏星河车机】别急着说你用过豆包，我这个你真没见过,苏星河牛通,2026-09-25 17:00:00,1433340,1118,1,【苏星河车机】别急着说你用过豆包，我这个你真没见过2,42185854565,5.78300,1,25,16777215,2026-09-26 12:08:41,1790395721,0,aeaa77bb,2208758415600430080,0
BV126ht6qESe,117319632165022,【苏星河车机】别急着说你用过豆包，我这个你真没见过,苏星河牛通,2026-09-25 17:00:00,1433340,1118,1,【苏星河车机】别急着说你用过豆包，我这个你真没见过2,42185854565,6.18000,1,25,16777215,2026-09-26 12:08:38,1790395718,0,92348f2e,2208758392364146176,0
BV126ht6qESe,117319632165022,【苏星河车机】别急着说你用过豆包，我这个你真没见过,苏星河牛通,2026-09-25 17:00:00,1433340,1118,1,【苏星河车机】别急着说你用过豆包，我这个你真没见过2,42185854565,20.26300,1,25,16777215,2026-09-26 12:08:37,1790395717,0,8d5fe719,2208758383917113344,你确定它是女的？？？
BV126ht6qESe,117319632165022,【苏星河车机】别急着说你用过豆包，我这个你真没见过,苏星河牛通,2026-09-25 17:00:00,1433340,1118,1,【苏星河车机】别急着说你用过豆包，我这个你真没见过2,42185854565,47.25000,1,25,16777215,2026-09-26 12:08:31,1790395711,0,431f347a,2208758331580290560,完了
BV126ht6qESe,117319632165022,【苏星河车机】别急着说你用过豆包，我这个你真没见过,苏星河牛通,2026-09-25 17:00:00,1433340,1118,1,【苏星河车机】别急着说你用过豆包，我这个你真没见过2,42185854565,8.41100,1,25,16777215,2026-09-26 12:08:21,1790395701,0,61ba8cfd,2208758244615965952,-1
BV126ht6qESe,117319632165022,【苏星河车机】别急着说你用过豆包，我这个你真没见过,苏星河牛通,2026-09-25 17:00:00,1433340,1118,1,【苏星河车机】别急着说你用过豆包，我这个你真没见过2,42185854565,45.02100,1,25,16777215,2026-09-26 12:08:18,1790395698,0,91cd5a2e,2208758226378515200,我要大肥鱼
BV126ht6qESe,117319632165022,【苏星河车机】别急着说你用过豆包，我这个你真没见过,苏星河牛通,2026-09-25 17:00:00,1433340,1118,1,【苏星河车机】别急着说你用过豆包，我这个你真没见过2,42185854565,5.02900,1,25,16777215,2026-09-26 12:08:11,1790395691,0,bed87f57,2208758160033667072,0
BV126ht6qESe,117319632165022,【苏星河车机】别急着说你用过豆包，我这个你真没见过,苏星河牛通,2026-09-25 17:00:00,1433340,1118,1,【苏星河车机】别急着说你用过豆包，我这个你真没见过2,42185854565,154.96800,1,25,16777215,2026-09-26 12:08:06,1790395686,0,46897cd9,2208758125036109568,主驾别这样，主驾
BV126ht6qESe,117319632165022,【苏星河车机】别急着说你用过豆包，我这个你真没见过,苏星河牛通,2026-09-25 17:00:00,1433340,1118,1,【苏星河车机】别急着说你用过豆包，我这个你真没见过2,42185854565,6.13300,1,25,16777215,2026-09-26 12:08:01,1790395681,0,6b1b2111,2208758077221209088,0
BV126ht6qESe,117319632165022,【苏星河车机】别急着说你用过豆包，我这个你真没见过,苏星河牛通,2026-09-25 17:00:00,1433340,1118,1,【苏星河车机】别急着说你用过豆包，我这个你真没见过2,42185854565,38.59000,1,25,16777215,2026-09-26 12:07:56,1790395676,0,803ae32f,2208758039321126912,丸辣！
BV126ht6qESe,117319632165022,【苏星河车机】别急着说你用过豆包，我这个你真没见过,苏星河牛通,2026-09-25 17:00:00,1433340,1118,1,【苏星河车机】别急着说你用过豆包，我这个你真没见过2,42185854565,5.51100,1,25,16777215,2026-09-26 12:07:53,1790395673,0,9d6ea86,2208758010598595072,0
BV126ht6qESe,117319632165022,【苏星河车机】别急着说你用过豆包，我这个你真没见过,苏星河牛通,2026-09-25 17:00:00,1433340,1118,1,【苏星河车机】别急着说你用过豆包，我这个你真没见过2,42185854565,5.98100,1,25,16777215,2026-09-26 12:07:49,1790395669,0,63e0d849,2208757980047575296,0
BV126ht6qESe,117319632165022,【苏星河车机】别急着说你用过豆包，我这个你真没见过,苏星河牛通,2026-09-25 17:00:00,1433340,1118,1,【苏星河车机】别急着说你用过豆包，我这个你真没见过2,42185854565,5.91000,1,25,16777215,2026-09-26 12:07:46,1790395666,0,431f347a,2208757951081294848,0
BV126ht6qESe,117319632165022,【苏星河车机】别急着说你用过豆包，我这个你真没见过,苏星河牛通,2026-09-25 17:00:00,1433340,1118,1,【苏星河车机】别急着说你用过豆包，我这个你真没见过2,42185854565,5.81300,1,25,16777215,2026-09-26 12:07:32,1790395652,0,f5c73968,2208757839739827712,0
BV126ht6qESe,117319632165022,【苏星河车机】别急着说你用过豆包，我这个你真没见过,苏星河牛通,2026-09-25 17:00:00,1433340,1118,1,【苏星河车机】别急着说你用过豆包，我这个你真没见过2,42185854565,2.45100,1,25,16777215,2026-09-26 12:07:24,1790395644,0,deef8f1,2208757773050415616,0
BV126ht6qESe,117319632165022,【苏星河车机】别急着说你用过豆包，我这个你真没见过,苏星河牛通,2026-09-25 17:00:00,1433340,1118,1,【苏星河车机】别急着说你用过豆包，我这个你真没见过2,42185854565,2.57300,1,25,16777215,2026-09-26 12:07:15,1790395635,0,9c58569e,2208757694851758848,0
BV126ht6qESe,117319632165022,【苏星河车机】别急着说你用过豆包，我这个你真没见过,苏星河牛通,2026-09-25 17:00:00,1433340,1118,1,【苏星河车机】别急着说你用过豆包，我这个你真没见过2,42185854565,5.86500,1,25,16777215,2026-09-26 12:07:15,1790395635,0,2ff54eb3,2208757692947010560,0
BV126ht6qESe,117319632165022,【苏星河车机】别急着说你用过豆包，我这个你真没见过,苏星河牛通,2026-09-25 17:00:00,1433340,1118,1,【苏星河车机】别急着说你用过豆包，我这个你真没见过2,42185854565,5.47900,1,25,16777215,2026-09-26 12:07:14,1790395634,0,7a4e5292,2208757689465747456,0
BV126ht6qESe,117319632165022,【苏星河车机】别急着说你用过豆包，我这个你真没见过,苏星河牛通,2026-09-25 17:00:00,1433340,1118,1,【苏星河车机】别急着说你用过豆包，我这个你真没见过2,42185854565,4.99700,1,25,16777215,2026-09-26 12:07:12,1790395632,0,6dfb10d7,2208757666573642752,0
BV126ht6qESe,117319632165022,【苏星河车机】别急着说你用过豆包，我这个你真没见过,苏星河牛通,2026-09-25 17:00:00,1433340,1118,1,【苏星河车机】别急着说你用过豆包，我这个你真没见过2,42185854565,6.00100,1,25,16777215,2026-09-26 12:07:10,1790395630,0,c2bbdd61,2208757648630435584,0
BV126ht6qESe,117319632165022,【苏星河车机】别急着说你用过豆包，我这个你真没见过,苏星河牛通,2026-09-25 17:00:00,1433340,1118,1,【苏星河车机】别急着说你用过豆包，我这个你真没见过2,42185854565,12.42400,1,25,16777215,2026-09-26 12:07:09,1790395629,0,223add04,2208757640224607744,都是成都的？
BV126ht6qESe,117319632165022,【苏星河车机】别急着说你用过豆包，我这个你真没见过,苏星河牛通,2026-09-25 17:00:00,1433340,1118,1,【苏星河车机】别急着说你用过豆包，我这个你真没见过2,42185854565,6.64100,1,25,16777215,2026-09-26 12:07:03,1790395623,0,8dd72b07,2208757592535785728,0
BV126ht6qESe,117319632165022,【苏星河车机】别急着说你用过豆包，我这个你真没见过,苏星河牛通,2026-09-25 17:00:00,1433340,1118,1,【苏星河车机】别急着说你用过豆包，我这个你真没见过2,42185854565,14.44000,1,25,16777215,2026-09-26 12:06:54,1790395614,0,95093e7d,2208757519227035136,我是女孩，我该怎么办？划走吗？
BV126ht6qESe,117319632165022,【苏星河车机】别急着说你用过豆包，我这个你真没见过,苏星河牛通,2026-09-25 17:00:00,1433340,1118,1,【苏星河车机】别急着说你用过豆包，我这个你真没见过2,42185854565,2.71100,1,25,16777215,2026-09-26 12:06:46,1790395606,0,3ae69746,2208757454644016128,0
BV126ht6qESe,117319632165022,【苏星河车机】别急着说你用过豆包，我这个你真没见过,苏星河牛通,2026-09-25 17:00:00,1433340,1118,1,【苏星河车机】别急着说你用过豆包，我这个你真没见过2,42185854565,21.63200,1,25,15138835,2026-09-26 12:06:40,1790395600,0,22fa86e5,2208757404001539584,不是人
BV126ht6qESe,117319632165022,【苏星河车机】别急着说你用过豆包，我这个你真没见过,苏星河牛通,2026-09-25 17:00:00,1433340,1118,1,【苏星河车机】别急着说你用过豆包，我这个你真没见过2,42185854565,5.88900,1,25,16777215,2026-09-26 12:06:14,1790395574,0,c64d1cd1,2208757186602603008,L
BV126ht6qESe,117319632165022,【苏星河车机】别急着说你用过豆包，我这个你真没见过,苏星河牛通,2026-09-25 17:00:00,1433340,1118,1,【苏星河车机】别急着说你用过豆包，我这个你真没见过2,42185854565,21.02600,1,25,16777215,2026-09-26 12:06:06,1790395566,0,9b3496fb,2208757115189744128,她不是人
BV126ht6qESe,117319632165022,【苏星河车机】别急着说你用过豆包，我这个你真没见过,苏星河牛通,2026-09-25 17:00:00,1433340,1118,1,【苏星河车机】别急着说你用过豆包，我这个你真没见过2,42185854565,6.62600,1,25,16777215,2026-09-26 12:05:45,1790395545,0,e5fed317,2208756941218586112,没有
BV126ht6qESe,117319632165022,【苏星河车机】别急着说你用过豆包，我这个你真没见过,苏星河牛通,2026-09-25 17:00:00,1433340,1118,1,【苏星河车机】别急着说你用过豆包，我这个你真没见过2,42185854565,12.82100,1,25,16777215,2026-09-26 12:05:18,1790395518,0,7b8ff1ea,2208756710859231744,都是同事
BV126ht6qESe,117319632165022,【苏星河车机】别急着说你用过豆包，我这个你真没见过,苏星河牛通,2026-09-25 17:00:00,1433340,1118,1,【苏星河车机】别急着说你用过豆包，我这个你真没见过2,42185854565,9.77700,1,25,16777215,2026-09-26 12:05:11,1790395511,0,d222ca9a,2208756654320276480,一个也不需要，自己过最舒服
BV126ht6qESe,117319632165022,【苏星河车机】别急着说你用过豆包，我这个你真没见过,苏星河牛通,2026-09-25 17:00:00,1433340,1118,1,【苏星河车机】别急着说你用过豆包，我这个你真没见过2,42185854565,154.03800,1,25,16777215,2026-09-26 12:05:10,1790395510,0,82bb7b92,2208756642768751616,@罗老师
BV126ht6qESe,117319632165022,【苏星河车机】别急着说你用过豆包，我这个你真没见过,苏星河牛通,2026-09-25 17:00:00,1433340,1118,1,【苏星河车机】别急着说你用过豆包，我这个你真没见过2,42185854565,5.45200,1,25,16777215,2026-09-26 12:05:09,1790395509,0,a583618a,2208756639572683008,2
BV126ht6qESe,117319632165022,【苏星河车机】别急着说你用过豆包，我这个你真没见过,苏星河牛通,2026-09-25 17:00:00,1433340,1118,1,【苏星河车机】别急着说你用过豆包，我这个你真没见过2,42185854565,428.12000,1,25,16777215,2026-09-26 12:05:08,1790395508,0,943253a0,2208756625245553920,狗：噱头
BV126ht6qESe,117319632165022,【苏星河车机】别急着说你用过豆包，我这个你真没见过,苏星河牛通,2026-09-25 17:00:00,1433340,1118,1,【苏星河车机】别急着说你用过豆包，我这个你真没见过2,42185854565,6.54000,1,25,16777215,2026-09-26 12:05:01,1790395501,0,3b3c5c9d,2208756566399053056,0
BV126ht6qESe,117319632165022,【苏星河车机】别急着说你用过豆包，我这个你真没见过,苏星河牛通,2026-09-25 17:00:00,1433340,1118,1,【苏星河车机】别急着说你用过豆包，我这个你真没见过2,42185854565,22.27100,1,25,16777215,2026-09-26 12:04:51,1790395491,0,922c8354,2208756488544604672,你说这个可就数不清了
BV126ht6qESe,117319632165022,【苏星河车机】别急着说你用过豆包，我这个你真没见过,苏星河牛通,2026-09-25 17:00:00,1433340,1118,1,【苏星河车机】别急着说你用过豆包，我这个你真没见过2,42185854565,9.34500,1,25,16777215,2026-09-26 12:04:48,1790395488,0,9c374e6e,2208756464468911616,135
BV126ht6qESe,117319632165022,【苏星河车机】别急着说你用过豆包，我这个你真没见过,苏星河牛通,2026-09-25 17:00:00,1433340,1118,1,【苏星河车机】别急着说你用过豆包，我这个你真没见过2,42185854565,17.33100,1,25,16777215,2026-09-26 12:04:40,1790395480,0,569061b0,2208756394768439296,认识了好多名字4个字和5个字的
BV126ht6qESe,117319632165022,【苏星河车机】别急着说你用过豆包，我这个你真没见过,苏星河牛通,2026-09-25 17:00:00,1433340,1118,1,【苏星河车机】别急着说你用过豆包，我这个你真没见过2,42185854565,102.80000,1,25,16777215,2026-09-26 12:04:39,1790395479,0,5e1cdbc3,2208756389299116800,不，你是大锤
BV126ht6qESe,117319632165022,【苏星河车机】别急着说你用过豆包，我这个你真没见过,苏星河牛通,2026-09-25 17:00:00,1433340,1118,1,【苏星河车机】别急着说你用过豆包，我这个你真没见过2,42185854565,5.39300,1,25,16777215,2026-09-26 12:04:39,1790395479,0,15dca0cf,2208756389013815808,0
BV126ht6qESe,117319632165022,【苏星河车机】别急着说你用过豆包，我这个你真没见过,苏星河牛通,2026-09-25 17:00:00,1433340,1118,1,【苏星河车机】别急着说你用过豆包，我这个你真没见过2,42185854565,3.65000,1,25,16777215,2026-09-26 12:04:25,1790395465,0,95feb901,2208756267051551744,0
BV126ht6qESe,117319632165022,【苏星河车机】别急着说你用过豆包，我这个你真没见过,苏星河牛通,2026-09-25 17:00:00,1433340,1118,1,【苏星河车机】别急着说你用过豆包，我这个你真没见过2,42185854565,6.23100,1,25,16777215,2026-09-26 12:04:21,1790395461,0,922c8354,2208756234050921472,0
BV126ht6qESe,117319632165022,【苏星河车机】别急着说你用过豆包，我这个你真没见过,苏星河牛通,2026-09-25 17:00:00,1433340,1118,1,【苏星河车机】别急着说你用过豆包，我这个你真没见过2,42185854565,6.18300,1,25,16777215,2026-09-26 12:04:20,1790395460,0,29a304d5,2208756222918745600,七八个的样子
BV126ht6qESe,117319632165022,【苏星河车机】别急着说你用过豆包，我这个你真没见过,苏星河牛通,2026-09-25 17:00:00,1433340,1118,1,【苏星河车机】别急着说你用过豆包，我这个你真没见过2,42185854565,17.24400,1,25,16777215,2026-09-26 12:04:11,1790395451,0,5f54bd41,2208756152773502208,小爱同学
BV126ht6qESe,117319632165022,【苏星河车机】别急着说你用过豆包，我这个你真没见过,苏星河牛通,2026-09-25 17:00:00,1433340,1118,1,【苏星河车机】别急着说你用过豆包，我这个你真没见过2,42185854565,6.14400,1,25,16777215,2026-09-26 12:04:04,1790395444,0,15d5923f,2208756090001929216,0
BV126ht6qESe,117319632165022,【苏星河车机】别急着说你用过豆包，我这个你真没见过,苏星河牛通,2026-09-25 17:00:00,1433340,1118,1,【苏星河车机】别急着说你用过豆包，我这个你真没见过2,42185854565,0.25300,5,25,16777215,2026-09-26 12:04:04,1790395444,0,f2be5e6e,2208756089708120320,0
BV126ht6qESe,117319632165022,【苏星河车机】别急着说你用过豆包，我这个你真没见过,苏星河牛通,2026-09-25 17:00:00,1433340,1118,1,【苏星河车机】别急着说你用过豆包，我这个你真没见过2,42185854565,3.73800,1,25,16777215,2026-09-26 12:04:01,1790395441,0,57715648,2208756065104196864,0
BV126ht6qESe,117319632165022,【苏星河车机】别急着说你用过豆包，我这个你真没见过,苏星河牛通,2026-09-25 17:00:00,1433340,1118,1,【苏星河车机】别急着说你用过豆包，我这个你真没见过2,42185854565,4.51000,1,25,16777215,2026-09-26 12:03:57,1790395437,0,fd5d22af,2208756034268025856,0
BV126ht6qESe,117319632165022,【苏星河车机】别急着说你用过豆包，我这个你真没见过,苏星河牛通,2026-09-25 17:00:00,1433340,1118,1,【苏星河车机】别急着说你用过豆包，我这个你真没见过2,42185854565,20.99000,1,25,16777215,2026-09-26 12:03:50,1790395430,0,e789416e,2208755972108514560,不认识或者是不熟
BV126ht6qESe,117319632165022,【苏星河车机】别急着说你用过豆包，我这个你真没见过,苏星河牛通,2026-09-25 17:00:00,1433340,1118,1,【苏星河车机】别急着说你用过豆包，我这个你真没见过2,42185854565,42.32000,1,25,16777215,2026-09-26 12:03:32,1790395412,0,5e1cdbc3,2208755826171582720,那不就是直达洗脚城
BV126ht6qESe,117319632165022,【苏星河车机】别急着说你用过豆包，我这个你真没见过,苏星河牛通,2026-09-25 17:00:00,1433340,1118,1,【苏星河车机】别急着说你用过豆包，我这个你真没见过2,42185854565,201.01900,1,25,16777215,2026-09-26 12:03:31,1790395411,0,d0a858fe,2208755811440958976,还是没有温州话
BV126ht6qESe,117319632165022,【苏星河车机】别急着说你用过豆包，我这个你真没见过,苏星河牛通,2026-09-25 17:00:00,1433340,1118,1,【苏星河车机】别急着说你用过豆包，我这个你真没见过2,42185854565,6.54100,1,25,15138834,2026-09-26 12:03:29,1790395409,0,e70b591,2208755796056352512,0
BV126ht6qESe,117319632165022,【苏星河车机】别急着说你用过豆包，我这个你真没见过,苏星河牛通,2026-09-25 17:00:00,1433340,1118,1,【苏星河车机】别急着说你用过豆包，我这个你真没见过2,42185854565,4.06400,1,25,16777215,2026-09-26 12:03:19,1790395399,0,86763b63,2208755717338022400,0
BV126ht6qESe,117319632165022,【苏星河车机】别急着说你用过豆包，我这个你真没见过,苏星河牛通,2026-09-25 17:00:00,1433340,1118,1,【苏星河车机】别急着说你用过豆包，我这个你真没见过2,42185854565,4.06800,1,25,16777215,2026-09-26 12:03:16,1790395396,0,2c2e7b5d,2208755690989377280,0
BV126ht6qESe,117319632165022,【苏星河车机】别急着说你用过豆包，我这个你真没见过,苏星河牛通,2026-09-25 17:00:00,1433340,1118,1,【苏星河车机】别急着说你用过豆包，我这个你真没见过2,42185854565,66.84000,1,25,16777215,2026-09-26 12:02:55,1790395375,0,a9b6fc3c,2208755513553268480,新车会在三天之内爆炸
BV126ht6qESe,117319632165022,【苏星河车机】别急着说你用过豆包，我这个你真没见过,苏星河牛通,2026-09-25 17:00:00,1433340,1118,1,【苏星河车机】别急着说你用过豆包，我这个你真没见过2,42185854565,5.15500,1,25,16777215,2026-09-26 12:02:50,1790395370,0,1900ed17,2208755472063165952,0
BV126ht6qESe,117319632165022,【苏星河车机】别急着说你用过豆包，我这个你真没见过,苏星河牛通,2026-09-25 17:00:00,1433340,1118,1,【苏星河车机】别急着说你用过豆包，我这个你真没见过2,42185854565,28.14400,1,25,16777215,2026-09-26 12:02:47,1790395367,0,df5bbeb9,2208755444036991744,接个广整得好像市上只有豆包一个ai一样
BV126ht6qESe,117319632165022,【苏星河车机】别急着说你用过豆包，我这个你真没见过,苏星河牛通,2026-09-25 17:00:00,1433340,1118,1,【苏星河车机】别急着说你用过豆包，我这个你真没见过2,42185854565,1.75400,1,25,16777215,2026-09-26 12:02:16,1790395336,0,c5b6f930,2208755183327243776,0
BV126ht6qESe,117319632165022,【苏星河车机】别急着说你用过豆包，我这个你真没见过,苏星河牛通,2026-09-25 17:00:00,1433340,1118,1,【苏星河车机】别急着说你用过豆包，我这个你真没见过2,42185854565,1.96000,5,25,16777215,2026-09-26 12:02:12,1790395332,0,e2d2a923,2208755152591425024,2
BV126ht6qESe,117319632165022,【苏星河车机】别急着说你用过豆包，我这个你真没见过,苏星河牛通,2026-09-25 17:00:00,1433340,1118,1,【苏星河车机】别急着说你用过豆包，我这个你真没见过2,42185854565,6.72200,1,25,16777215,2026-09-26 12:02:11,1790395331,0,916e79de,2208755141090575360,0
BV126ht6qESe,117319632165022,【苏星河车机】别急着说你用过豆包，我这个你真没见过,苏星河牛通,2026-09-25 17:00:00,1433340,1118,1,【苏星河车机】别急着说你用过豆包，我这个你真没见过2,42185854565,0.62000,1,25,16777215,2026-09-26 12:02:06,1790395326,0,be3802bc,2208755099835786752,豆包
BV126ht6qESe,117319632165022,【苏星河车机】别急着说你用过豆包，我这个你真没见过,苏星河牛通,2026-09-25 17:00:00,1433340,1118,1,【苏星河车机】别急着说你用过豆包，我这个你真没见过2,42185854565,148.28600,1,25,16777215,2026-09-26 12:02:00,1790395320,0,dc919800,2208755049504135936,做什么都被看着啊
BV126ht6qESe,117319632165022,【苏星河车机】别急着说你用过豆包，我这个你真没见过,苏星河牛通,2026-09-25 17:00:00,1433340,1118,1,【苏星河车机】别急着说你用过豆包，我这个你真没见过2,42185854565,4.44100,1,25,16777215,2026-09-26 12:01:56,1790395316,0,828fac48,2208755018977478400,5年了 0个
BV126ht6qESe,117319632165022,【苏星河车机】别急着说你用过豆包，我这个你真没见过,苏星河牛通,2026-09-25 17:00:00,1433340,1118,1,【苏星河车机】别急着说你用过豆包，我这个你真没见过2,42185854565,23.82200,1,25,16777215,2026-09-26 12:01:42,1790395302,0,5c5bcb70,2208754898735110912,谢谢不用豆包
BV126ht6qESe,117319632165022,【苏星河车机】别急着说你用过豆包，我这个你真没见过,苏星河牛通,2026-09-25 17:00:00,1433340,1118,1,【苏星河车机】别急着说你用过豆包，我这个你真没见过2,42185854565,6.56800,1,25,41194,2026-09-26 12:01:41,1790395301,0,37f93381,2208754891337068800,0
BV126ht6qESe,117319632165022,【苏星河车机】别急着说你用过豆包，我这个你真没见过,苏星河牛通,2026-09-25 17:00:00,1433340,1118,1,【苏星河车机】别急着说你用过豆包，我这个你真没见过2,42185854565,3.42800,1,25,16777215,2026-09-26 12:01:36,1790395296,0,10c0804b,2208754852723654144,0
BV126ht6qESe,117319632165022,【苏星河车机】别急着说你用过豆包，我这个你真没见过,苏星河牛通,2026-09-25 17:00:00,1433340,1118,1,【苏星河车机】别急着说你用过豆包，我这个你真没见过2,42185854565,3.35100,1,25,16777215,2026-09-26 12:01:23,1790395283,0,d7e775f5,2208754744938627840,0
BV126ht6qESe,117319632165022,【苏星河车机】别急着说你用过豆包，我这个你真没见过,苏星河牛通,2026-09-25 17:00:00,1433340,1118,1,【苏星河车机】别急着说你用过豆包，我这个你真没见过2,42185854565,5.57800,1,25,16777215,2026-09-26 12:01:09,1790395269,0,7a48c305,2208754624537163008,没有
BV126ht6qESe,117319632165022,【苏星河车机】别急着说你用过豆包，我这个你真没见过,苏星河牛通,2026-09-25 17:00:00,1433340,1118,1,【苏星河车机】别急着说你用过豆包，我这个你真没见过2,42185854565,3.88000,1,25,16777215,2026-09-26 12:00:59,1790395259,0,f1bf25c8,2208754541707853824,别问
BV126ht6qESe,117319632165022,【苏星河车机】别急着说你用过豆包，我这个你真没见过,苏星河牛通,2026-09-25 17:00:00,1433340,1118,1,【苏星河车机】别急着说你用过豆包，我这个你真没见过2,42185854565,5.40300,1,25,16777215,2026-09-26 12:00:54,1790395254,0,e46fa6fd,2208754498774617856,0
BV126ht6qESe,117319632165022,【苏星河车机】别急着说你用过豆包，我这个你真没见过,苏星河牛通,2026-09-25 17:00:00,1433340,1118,1,【苏星河车机】别急着说你用过豆包，我这个你真没见过2,42185854565,2.54600,1,25,16777215,2026-09-26 12:00:53,1790395253,0,5eba0564,2208754487651783168,0
BV126ht6qESe,117319632165022,【苏星河车机】别急着说你用过豆包，我这个你真没见过,苏星河牛通,2026-09-25 17:00:00,1433340,1118,1,【苏星河车机】别急着说你用过豆包，我这个你真没见过2,42185854565,4.64600,1,25,16777215,2026-09-26 12:00:48,1790395248,0,9060167d,2208754448166191872,0
BV126ht6qESe,117319632165022,【苏星河车机】别急着说你用过豆包，我这个你真没见过,苏星河牛通,2026-09-25 17:00:00,1433340,1118,1,【苏星河车机】别急着说你用过豆包，我这个你真没见过2,42185854565,2.42200,1,25,16777215,2026-09-26 12:00:44,1790395244,0,1ff50447,2208754411155524096,0
BV126ht6qESe,117319632165022,【苏星河车机】别急着说你用过豆包，我这个你真没见过,苏星河牛通,2026-09-25 17:00:00,1433340,1118,1,【苏星河车机】别急着说你用过豆包，我这个你真没见过2,42185854565,5.80700,1,25,16777215,2026-09-26 12:00:32,1790395232,0,25772c0b,2208754316331474432,0
BV126ht6qESe,117319632165022,【苏星河车机】别急着说你用过豆包，我这个你真没见过,苏星河牛通,2026-09-25 17:00:00,1433340,1118,1,【苏星河车机】别急着说你用过豆包，我这个你真没见过2,42185854565,1.32500,1,25,16777215,2026-09-26 12:00:24,1790395224,0,8d5110a8,2208754244633302784,0
BV126ht6qESe,117319632165022,【苏星河车机】别急着说你用过豆包，我这个你真没见过,苏星河牛通,2026-09-25 17:00:00,1433340,1118,1,【苏星河车机】别急着说你用过豆包，我这个你真没见过2,42185854565,23.10500,1,25,16777215,2026-09-26 12:00:23,1790395223,0,29ccff8c,2208754235624706048,主打一个 张口就来 骂完认错倒挺快 但就是不改
BV126ht6qESe,117319632165022,【苏星河车机】别急着说你用过豆包，我这个你真没见过,苏星河牛通,2026-09-25 17:00:00,1433340,1118,1,【苏星河车机】别急着说你用过豆包，我这个你真没见过2,42185854565,35.88600,1,25,16777215,2026-09-26 12:00:17,1790395217,0,7b902988,2208754190929914624,完了
BV126ht6qESe,117319632165022,【苏星河车机】别急着说你用过豆包，我这个你真没见过,苏星河牛通,2026-09-25 17:00:00,1433340,1118,1,【苏星河车机】别急着说你用过豆包，我这个你真没见过2,42185854565,374.30000,1,25,16777215,2026-09-26 12:00:10,1790395210,0,173df912,2208754132678975744,带派不老铁！
BV126ht6qESe,117319632165022,【苏星河车机】别急着说你用过豆包，我这个你真没见过,苏星河牛通,2026-09-25 17:00:00,1433340,1118,1,【苏星河车机】别急着说你用过豆包，我这个你真没见过2,42185854565,14.14500,1,25,16777215,2026-09-26 11:59:51,1790395191,0,7cfb4c53,2208753967566289408,男女朋友都没有！
BV126ht6qESe,117319632165022,【苏星河车机】别急着说你用过豆包，我这个你真没见过,苏星河牛通,2026-09-25 17:00:00,1433340,1118,1,【苏星河车机】别急着说你用过豆包，我这个你真没见过2,42185854565,1.91300,1,25,16777215,2026-09-26 11:59:46,1790395186,0,e1355ab7,2208753928559757568,0
BV126ht6qESe,117319632165022,【苏星河车机】别急着说你用过豆包，我这个你真没见过,苏星河牛通,2026-09-25 17:00:00,1433340,1118,1,【苏星河车机】别急着说你用过豆包，我这个你真没见过2,42185854565,11.82800,1,25,16777215,2026-09-26 11:59:37,1790395177,0,b7f8cd38,2208753853330161664,除去女同事，大学毕业后就是0。女人无用。
BV126ht6qESe,117319632165022,【苏星河车机】别急着说你用过豆包，我这个你真没见过,苏星河牛通,2026-09-25 17:00:00,1433340,1118,1,【苏星河车机】别急着说你用过豆包，我这个你真没见过2,42185854565,5.74100,1,25,16777215,2026-09-26 11:59:32,1790395172,0,853c8a32,2208753809449469440,0
BV126ht6qESe,117319632165022,【苏星河车机】别急着说你用过豆包，我这个你真没见过,苏星河牛通,2026-09-25 17:00:00,1433340,1118,1,【苏星河车机】别急着说你用过豆包，我这个你真没见过2,42185854565,5.15200,1,25,16777215,2026-09-26 11:59:25,1790395165,0,2cd748c0,2208753748589824256,0
BV126ht6qESe,117319632165022,【苏星河车机】别急着说你用过豆包，我这个你真没见过,苏星河牛通,2026-09-25 17:00:00,1433340,1118,1,【苏星河车机】别急着说你用过豆包，我这个你真没见过2,42185854565,6.00400,1,25,16777215,2026-09-26 11:58:38,1790395118,0,da503d0f,2208753359652177920,0
BV126ht6qESe,117319632165022,【苏星河车机】别急着说你用过豆包，我这个你真没见过,苏星河牛通,2026-09-25 17:00:00,1433340,1118,1,【苏星河车机】别急着说你用过豆包，我这个你真没见过2,42185854565,3.60200,1,25,16777215,2026-09-26 11:58:23,1790395103,0,c8652b86,2208753228429710336,0
BV126ht6qESe,117319632165022,【苏星河车机】别急着说你用过豆包，我这个你真没见过,苏星河牛通,2026-09-25 17:00:00,1433340,1118,1,【苏星河车机】别急着说你用过豆包，我这个你真没见过2,42185854565,6.13600,1,25,16777215,2026-09-26 11:57:17,1790395037,0,7b1e9fe3,2208752679722256640,0
BV126ht6qESe,117319632165022,【苏星河车机】别急着说你用过豆包，我这个你真没见过,苏星河牛通,2026-09-25 17:00:00,1433340,1118,1,【苏星河车机】别急着说你用过豆包，我这个你真没见过2,42185854565,17.12600,1,25,16707842,2026-09-26 11:56:42,1790395002,0,7cb3d1f1,2208752386926409472,不认识 也不想用
BV126ht6qESe,117319632165022,【苏星河车机】别急着说你用过豆包，我这个你真没见过,苏星河牛通,2026-09-25 17:00:00,1433340,1118,1,【苏星河车机】别急着说你用过豆包，我这个你真没见过2,42185854565,8.77900,1,25,16777215,2026-09-26 11:55:06,1790394906,0,d3a02b97,2208751577350339072,10年 0个
BV126ht6qESe,117319632165022,【苏星河车机】别急着说你用过豆包，我这个你真没见过,苏星河牛通,2026-09-25 17:00:00,1433340,1118,1,【苏星河车机】别急着说你用过豆包，我这个你真没见过2,42185854565,2.16900,1,25,16777215,2026-09-26 11:53:54,1790394834,0,35329e2a,2208750977346714880,0
BV126ht6qESe,117319632165022,【苏星河车机】别急着说你用过豆包，我这个你真没见过,苏星河牛通,2026-09-25 17:00:00,1433340,1118,1,【苏星河车机】别急着说你用过豆包，我这个你真没见过2,42185854565,2.37300,1,25,16777215,2026-09-26 11:53:38,1790394818,0,ea825047,2208750844580036096,0
BV126ht6qESe,117319632165022,【苏星河车机】别急着说你用过豆包，我这个你真没见过,苏星河牛通,2026-09-25 17:00:00,1433340,1118,1,【苏星河车机】别急着说你用过豆包，我这个你真没见过2,42185854565,6.61700,1,25,16777215,2026-09-26 11:53:34,1790394814,0,14d9a751,2208750803274280704,0
BV126ht6qESe,117319632165022,【苏星河车机】别急着说你用过豆包，我这个你真没见过,苏星河牛通,2026-09-25 17:00:00,1433340,1118,1,【苏星河车机】别急着说你用过豆包，我这个你真没见过2,42185854565,6.22700,1,25,16777215,2026-09-26 11:53:31,1790394811,0,da06aff,2208750781715830016,0
BV126ht6qESe,117319632165022,【苏星河车机】别急着说你用过豆包，我这个你真没见过,苏星河牛通,2026-09-25 17:00:00,1433340,1118,1,【苏星河车机】别急着说你用过豆包，我这个你真没见过2,42185854565,64.94500,1,25,16777215,2026-09-26 11:53:14,1790394794,0,3fad8ba4,2208750642154630144,神他妈豆包
BV126ht6qESe,117319632165022,【苏星河车机】别急着说你用过豆包，我这个你真没见过,苏星河牛通,2026-09-25 17:00:00,1433340,1118,1,【苏星河车机】别急着说你用过豆包，我这个你真没见过2,42185854565,68.31600,1,25,16777215,2026-09-26 11:53:02,1790394782,0,b811bd09,2208750534771447040,特斯拉的豆包还好，没有接通导航智驾系统
BV126ht6qESe,117319632165022,【苏星河车机】别急着说你用过豆包，我这个你真没见过,苏星河牛通,2026-09-25 17:00:00,1433340,1118,1,【苏星河车机】别急着说你用过豆包，我这个你真没见过2,42185854565,34.93500,1,25,16777215,2026-09-26 11:51:54,1790394714,0,2365c843,2208749971846283264,豆包有男的
BV126ht6qESe,117319632165022,【苏星河车机】别急着说你用过豆包，我这个你真没见过,苏星河牛通,2026-09-25 17:00:00,1433340,1118,1,【苏星河车机】别急着说你用过豆包，我这个你真没见过2,42185854565,1.23400,1,25,16777215,2026-09-26 11:51:54,1790394714,0,43b39e95,2208749966276242176,0
BV126ht6qESe,117319632165022,【苏星河车机】别急着说你用过豆包，我这个你真没见过,苏星河牛通,2026-09-25 17:00:00,1433340,1118,1,【苏星河车机】别急着说你用过豆包，我这个你真没见过2,42185854565,5.17700,1,25,16777215,2026-09-26 11:51:36,1790394696,0,d9085df,2208749815347784192,0
BV126ht6qESe,117319632165022,【苏星河车机】别急着说你用过豆包，我这个你真没见过,苏星河牛通,2026-09-25 17:00:00,1433340,1118,1,【苏星河车机】别急着说你用过豆包，我这个你真没见过2,42185854565,4.85700,1,25,16777215,2026-09-26 11:51:32,1790394692,0,2cd5c0ec,2208749782993112320,0
BV126ht6qESe,117319632165022,【苏星河车机】别急着说你用过豆包，我这个你真没见过,苏星河牛通,2026-09-25 17:00:00,1433340,1118,1,【苏星河车机】别急着说你用过豆包，我这个你真没见过2,42185854565,137.38400,1,25,16777215,2026-09-26 11:51:20,1790394680,0,9cd52cf5,2208749685416532480,能打你吗呢
BV126ht6qESe,117319632165022,【苏星河车机】别急着说你用过豆包，我这个你真没见过,苏星河牛通,2026-09-25 17:00:00,1433340,1118,1,【苏星河车机】别急着说你用过豆包，我这个你真没见过2,42185854565,2.03600,1,25,16777215,2026-09-26 11:51:11,1790394671,0,2bd34f15,2208749607109469184,0
BV126ht6qESe,117319632165022,【苏星河车机】别急着说你用过豆包，我这个你真没见过,苏星河牛通,2026-09-25 17:00:00,1433340,1118,1,【苏星河车机】别急着说你用过豆包，我这个你真没见过2,42185854565,3.41000,1,25,16777215,2026-09-26 11:51:08,1790394668,0,f55ee87f,2208749582597323520,0
BV126ht6qESe,117319632165022,【苏星河车机】别急着说你用过豆包，我这个你真没见过,苏星河牛通,2026-09-25 17:00:00,1433340,1118,1,【苏星河车机】别急着说你用过豆包，我这个你真没见过2,42185854565,5.92100,1,25,16777215,2026-09-26 11:50:54,1790394654,0,d50709d2,2208749466315111936,0
BV126ht6qESe,117319632165022,【苏星河车机】别急着说你用过豆包，我这个你真没见过,苏星河牛通,2026-09-25 17:00:00,1433340,1118,1,【苏星河车机】别急着说你用过豆包，我这个你真没见过2,42185854565,6.30200,1,25,16777215,2026-09-26 11:50:49,1790394649,0,3472aef4,2208749419271197440,0
BV126ht6qESe,117319632165022,【苏星河车机】别急着说你用过豆包，我这个你真没见过,苏星河牛通,2026-09-25 17:00:00,1433340,1118,1,【苏星河车机】别急着说你用过豆包，我这个你真没见过2,42185854565,22.08000,1,25,16777215,2026-09-26 11:50:43,1790394643,0,edbe9977,2208749369552124416,对不起，我撒谎了
BV126ht6qESe,117319632165022,【苏星河车机】别急着说你用过豆包，我这个你真没见过,苏星河牛通,2026-09-25 17:00:00,1433340,1118,1,【苏星河车机】别急着说你用过豆包，我这个你真没见过2,42185854565,3.84100,1,25,16777215,2026-09-26 11:50:32,1790394632,0,ef35ea36,2208749282427925248,0
BV126ht6qESe,117319632165022,【苏星河车机】别急着说你用过豆包，我这个你真没见过,苏星河牛通,2026-09-25 17:00:00,1433340,1118,1,【苏星河车机】别急着说你用过豆包，我这个你真没见过2,42185854565,7.34000,1,25,16777215,2026-09-26 11:50:25,1790394625,0,78d80197,2208749218649483264,19个
BV126ht6qESe,117319632165022,【苏星河车机】别急着说你用过豆包，我这个你真没见过,苏星河牛通,2026-09-25 17:00:00,1433340,1118,1,【苏星河车机】别急着说你用过豆包，我这个你真没见过2,42185854565,11.72500,1,25,16777215,2026-09-26 11:50:08,1790394608,0,6bd2e39d,2208749079038367744,也就几十万吧
BV126ht6qESe,117319632165022,【苏星河车机】别急着说你用过豆包，我这个你真没见过,苏星河牛通,2026-09-25 17:00:00,1433340,1118,1,【苏星河车机】别急着说你用过豆包，我这个你真没见过2,42185854565,4.00400,1,25,16777215,2026-09-26 11:49:59,1790394599,0,1c2da01c,2208749005083717120,0
BV126ht6qESe,117319632165022,【苏星河车机】别急着说你用过豆包，我这个你真没见过,苏星河牛通,2026-09-25 17:00:00,1433340,1118,1,【苏星河车机】别急着说你用过豆包，我这个你真没见过2,42185854565,1.24600,5,25,14811775,2026-09-26 11:49:59,1790394599,0,dc555996,2208749003196081920,我女的谢谢，我女的谢谢，我女的谢谢
BV126ht6qESe,117319632165022,【苏星河车机】别急着说你用过豆包，我这个你真没见过,苏星河牛通,2026-09-25 17:00:00,1433340,1118,1,【苏星河车机】别急着说你用过豆包，我这个你真没见过2,42185854565,19.88400,1,25,16707842,2026-09-26 11:49:49,1790394589,0,f17605f5,2208748921357451264,理想型
BV126ht6qESe,117319632165022,【苏星河车机】别急着说你用过豆包，我这个你真没见过,苏星河牛通,2026-09-25 17:00:00,1433340,1118,1,【苏星河车机】别急着说你用过豆包，我这个你真没见过2,42185854565,6.61000,1,25,16777215,2026-09-26 11:49:38,1790394578,0,f90c8af1,2208748829568993792,0
BV126ht6qESe,117319632165022,【苏星河车机】别急着说你用过豆包，我这个你真没见过,苏星河牛通,2026-09-25 17:00:00,1433340,1118,1,【苏星河车机】别急着说你用过豆包，我这个你真没见过2,42185854565,22.17400,1,25,16777215,2026-09-26 11:49:05,1790394545,0,f0468e27,2208748554170916608,你怎么敢假定豆包性别
BV126ht6qESe,117319632165022,【苏星河车机】别急着说你用过豆包，我这个你真没见过,苏星河牛通,2026-09-25 17:00:00,1433340,1118,1,【苏星河车机】别急着说你用过豆包，我这个你真没见过2,42185854565,6.66800,1,25,16777215,2026-09-26 11:48:55,1790394535,0,872fc0ec,2208748470083526144,0
BV126ht6qESe,117319632165022,【苏星河车机】别急着说你用过豆包，我这个你真没见过,苏星河牛通,2026-09-25 17:00:00,1433340,1118,1,【苏星河车机】别急着说你用过豆包，我这个你真没见过2,42185854565,5.90400,1,25,16777215,2026-09-26 11:48:37,1790394517,0,9a70bd9b,2208748316144788736,0
BV126ht6qESe,117319632165022,【苏星河车机】别急着说你用过豆包，我这个你真没见过,苏星河牛通,2026-09-25 17:00:00,1433340,1118,1,【苏星河车机】别急着说你用过豆包，我这个你真没见过2,42185854565,6.01900,1,25,16777215,2026-09-26 11:48:34,1790394514,0,87157d32,2208748289334579712,0个
BV126ht6qESe,117319632165022,【苏星河车机】别急着说你用过豆包，我这个你真没见过,苏星河牛通,2026-09-25 17:00:00,1433340,1118,1,【苏星河车机】别急着说你用过豆包，我这个你真没见过2,42185854565,2.76400,1,25,16777215,2026-09-26 11:48:13,1790394493,0,4d76f025,2208748117443193600,0
BV126ht6qESe,117319632165022,【苏星河车机】别急着说你用过豆包，我这个你真没见过,苏星河牛通,2026-09-25 17:00:00,1433340,1118,1,【苏星河车机】别急着说你用过豆包，我这个你真没见过2,42185854565,3.44900,1,25,16777215,2026-09-26 11:48:00,1790394480,0,5a2b8c04,2208748008534342912,0
BV126ht6qESe,117319632165022,【苏星河车机】别急着说你用过豆包，我这个你真没见过,苏星河牛通,2026-09-25 17:00:00,1433340,1118,1,【苏星河车机】别急着说你用过豆包，我这个你真没见过2,42185854565,5.39600,1,25,16777215,2026-09-26 11:47:50,1790394470,0,d8f0c429,2208747923280642816,朋友？我没有朋友的
BV126ht6qESe,117319632165022,【苏星河车机】别急着说你用过豆包，我这个你真没见过,苏星河牛通,2026-09-25 17:00:00,1433340,1118,1,【苏星河车机】别急着说你用过豆包，我这个你真没见过2,42185854565,7.14400,1,25,16777215,2026-09-26 11:46:57,1790394417,0,a236bb0f,2208747477040626176,我是女的啊
BV126ht6qESe,117319632165022,【苏星河车机】别急着说你用过豆包，我这个你真没见过,苏星河牛通,2026-09-25 17:00:00,1433340,1118,1,【苏星河车机】别急着说你用过豆包，我这个你真没见过2,42185854565,8.12000,1,25,16777215,2026-09-26 11:45:13,1790394313,0,f70af7d9,2208746605069620992,9个
BV126ht6qESe,117319632165022,【苏星河车机】别急着说你用过豆包，我这个你真没见过,苏星河牛通,2026-09-25 17:00:00,1433340,1118,1,【苏星河车机】别急着说你用过豆包，我这个你真没见过2,42185854565,6.60100,1,25,16777215,2026-09-26 11:45:05,1790394305,0,36781723,2208746538833482752,0
BV126ht6qESe,117319632165022,【苏星河车机】别急着说你用过豆包，我这个你真没见过,苏星河牛通,2026-09-25 17:00:00,1433340,1118,1,【苏星河车机】别急着说你用过豆包，我这个你真没见过2,42185854565,238.56000,1,25,16777215,2026-09-26 11:42:26,1790394146,0,c50c0dd9,2208745205715625984,拉她去埋了
BV126ht6qESe,117319632165022,【苏星河车机】别急着说你用过豆包，我这个你真没见过,苏星河牛通,2026-09-25 17:00:00,1433340,1118,1,【苏星河车机】别急着说你用过豆包，我这个你真没见过2,42185854565,127.67900,1,25,16777215,2026-09-26 11:39:13,1790393953,0,2b846be2,2208743582570138368,这是什么车?
BV126ht6qESe,117319632165022,【苏星河车机】别急着说你用过豆包，我这个你真没见过,苏星河牛通,2026-09-25 17:00:00,1433340,1118,1,【苏星河车机】别急着说你用过豆包，我这个你真没见过2,42185854565,104.31700,1,25,16777215,2026-09-26 11:38:49,1790393929,0,2b846be2,2208743386595623168,什么车1
BV126ht6qESe,117319632165022,【苏星河车机】别急着说你用过豆包，我这个你真没见过,苏星河牛通,2026-09-25 17:00:00,1433340,1118,1,【苏星河车机】别急着说你用过豆包，我这个你真没见过2,42185854565,198.05600,1,25,16777215,2026-09-26 11:07:34,1790392054,0,929e0136,2208727650699332352,切桑窝，什么叫挨姆
BV126ht6qESe,117319632165022,【苏星河车机】别急着说你用过豆包，我这个你真没见过,苏星河牛通,2026-09-25 17:00:00,1433340,1118,1,【苏星河车机】别急着说你用过豆包，我这个你真没见过2,42185854565,365.90700,1,25,16777215,2026-09-26 11:06:59,1790392019,0,4bf89710,2208727360177150720,想買想買，何時到台灣
BV126ht6qESe,117319632165022,【苏星河车机】别急着说你用过豆包，我这个你真没见过,苏星河牛通,2026-09-25 17:00:00,1433340,1118,1,【苏星河车机】别急着说你用过豆包，我这个你真没见过2,42185854565,106.48000,1,25,16777215,2026-09-26 10:28:53,1790389733,0,bb594ccf,2208708184087299072,你是苏星河和白客有什么关系
BV126ht6qESe,117319632165022,【苏星河车机】别急着说你用过豆包，我这个你真没见过,苏星河牛通,2026-09-25 17:00:00,1433340,1118,1,【苏星河车机】别急着说你用过豆包，我这个你真没见过2,42185854565,5.56500,1,25,16777215,2026-09-26 10:17:50,1790389070,0,cbdda7e2,2208702626726658816,0
BV126ht6qESe,117319632165022,【苏星河车机】别急着说你用过豆包，我这个你真没见过,苏星河牛通,2026-09-25 17:00:00,1433340,1118,1,【苏星河车机】别急着说你用过豆包，我这个你真没见过2,42185854565,18.54800,1,25,16777215,2026-09-26 09:53:43,1790387623,0,8396ad29,2208690482715012864,没有
BV126ht6qESe,117319632165022,【苏星河车机】别急着说你用过豆包，我这个你真没见过,苏星河牛通,2026-09-25 17:00:00,1433340,1118,1,【苏星河车机】别急着说你用过豆包，我这个你真没见过2,42185854565,8.61500,1,25,16777215,2026-09-26 09:38:28,1790386708,0,18041a7d,2208682806761086208,居然是0耶
BV126ht6qESe,117319632165022,【苏星河车机】别急着说你用过豆包，我这个你真没见过,苏星河牛通,2026-09-25 17:00:00,1433340,1118,1,【苏星河车机】别急着说你用过豆包，我这个你真没见过2,42185854565,24.76400,1,25,16777215,2026-09-26 09:24:59,1790385899,0,bd7a1c40,2208676021317448192,沙包
BV126ht6qESe,117319632165022,【苏星河车机】别急着说你用过豆包，我这个你真没见过,苏星河牛通,2026-09-25 17:00:00,1433340,1118,1,【苏星河车机】别急着说你用过豆包，我这个你真没见过2,42185854565,5.78100,1,25,16777215,2026-09-26 09:24:51,1790385891,0,391a10a5,2208675952798942208,0
BV126ht6qESe,117319632165022,【苏星河车机】别急着说你用过豆包，我这个你真没见过,苏星河牛通,2026-09-25 17:00:00,1433340,1118,1,【苏星河车机】别急着说你用过豆包，我这个你真没见过2,42185854565,0.81800,1,25,16777215,2026-09-26 09:24:18,1790385858,0,1a70d6a7,2208675675890860800,0
BV126ht6qESe,117319632165022,【苏星河车机】别急着说你用过豆包，我这个你真没见过,苏星河牛通,2026-09-25 17:00:00,1433340,1118,1,【苏星河车机】别急着说你用过豆包，我这个你真没见过2,42185854565,18.20200,1,25,16777215,2026-09-26 09:23:58,1790385838,0,78a2f018,2208675512002711808,-5
BV126ht6qESe,117319632165022,【苏星河车机】别急着说你用过豆包，我这个你真没见过,苏星河牛通,2026-09-25 17:00:00,1433340,1118,1,【苏星河车机】别急着说你用过豆包，我这个你真没见过2,42185854565,542.50000,1,25,16777215,2026-09-26 09:20:23,1790385623,0,8258277,2208673709475444480,哈哈哈哈哈
BV126ht6qESe,117319632165022,【苏星河车机】别急着说你用过豆包，我这个你真没见过,苏星河牛通,2026-09-25 17:00:00,1433340,1118,1,【苏星河车机】别急着说你用过豆包，我这个你真没见过2,42185854565,5.47800,1,25,16777215,2026-09-26 09:20:08,1790385608,0,e7361022,2208673583957101824,0
BV126ht6qESe,117319632165022,【苏星河车机】别急着说你用过豆包，我这个你真没见过,苏星河牛通,2026-09-25 17:00:00,1433340,1118,1,【苏星河车机】别急着说你用过豆包，我这个你真没见过2,42185854565,603.03400,1,25,16777215,2026-09-26 09:18:33,1790385513,0,11697847,2208672785814019328,嘴甜
BV126ht6qESe,117319632165022,【苏星河车机】别急着说你用过豆包，我这个你真没见过,苏星河牛通,2026-09-25 17:00:00,1433340,1118,1,【苏星河车机】别急着说你用过豆包，我这个你真没见过2,42185854565,3.27500,5,25,16707842,2026-09-26 09:16:08,1790385368,0,faccfa87,2208671569382151424,1
BV126ht6qESe,117319632165022,【苏星河车机】别急着说你用过豆包，我这个你真没见过,苏星河牛通,2026-09-25 17:00:00,1433340,1118,1,【苏星河车机】别急着说你用过豆包，我这个你真没见过2,42185854565,6.37300,1,25,16777215,2026-09-26 09:11:21,1790385081,0,9198661c,2208669164083435264,0
BV126ht6qESe,117319632165022,【苏星河车机】别急着说你用过豆包，我这个你真没见过,苏星河牛通,2026-09-25 17:00:00,1433340,1118,1,【苏星河车机】别急着说你用过豆包，我这个你真没见过2,42185854565,3.68200,1,25,16777215,2026-09-26 09:11:08,1790385068,0,e4f2c8ff,2208669052900802048,0
BV126ht6qESe,117319632165022,【苏星河车机】别急着说你用过豆包，我这个你真没见过,苏星河牛通,2026-09-25 17:00:00,1433340,1118,1,【苏星河车机】别急着说你用过豆包，我这个你真没见过2,42185854565,6.53700,1,25,16777215,2026-09-26 09:10:37,1790385037,0,172efaee,2208668789313748224,0
BV126ht6qESe,117319632165022,【苏星河车机】别急着说你用过豆包，我这个你真没见过,苏星河牛通,2026-09-25 17:00:00,1433340,1118,1,【苏星河车机】别急着说你用过豆包，我这个你真没见过2,42185854565,43.05600,1,25,16777215,2026-09-26 09:09:02,1790384942,0,11697847,2208667991145832192,阿斯拉达
BV126ht6qESe,117319632165022,【苏星河车机】别急着说你用过豆包，我这个你真没见过,苏星河牛通,2026-09-25 17:00:00,1433340,1118,1,【苏星河车机】别急着说你用过豆包，我这个你真没见过2,42185854565,6.32900,1,25,16777215,2026-09-26 09:06:39,1790384799,0,1c6fe098,2208666794317999616,0
BV126ht6qESe,117319632165022,【苏星河车机】别急着说你用过豆包，我这个你真没见过,苏星河牛通,2026-09-25 17:00:00,1433340,1118,1,【苏星河车机】别急着说你用过豆包，我这个你真没见过2,42185854565,14.88200,1,25,16777215,2026-09-26 09:03:34,1790384614,0,f8bacf1c,2208665240470992128,豆包吗
BV126ht6qESe,117319632165022,【苏星河车机】别急着说你用过豆包，我这个你真没见过,苏星河牛通,2026-09-25 17:00:00,1433340,1118,1,【苏星河车机】别急着说你用过豆包，我这个你真没见过2,42185854565,6.39100,1,25,16777215,2026-09-26 09:03:22,1790384602,0,f8bacf1c,2208665146207988992,0
BV126ht6qESe,117319632165022,【苏星河车机】别急着说你用过豆包，我这个你真没见过,苏星河牛通,2026-09-25 17:00:00,1433340,1118,1,【苏星河车机】别急着说你用过豆包，我这个你真没见过2,42185854565,6.70100,1,25,16777215,2026-09-26 09:01:57,1790384517,0,9f7497c8,2208664433167791872,5个吧，不多
BV126ht6qESe,117319632165022,【苏星河车机】别急着说你用过豆包，我这个你真没见过,苏星河牛通,2026-09-25 17:00:00,1433340,1118,1,【苏星河车机】别急着说你用过豆包，我这个你真没见过2,42185854565,16.63500,1,25,16777215,2026-09-26 09:00:16,1790384416,0,468a77c3,2208663579174442752,不认识，不相干ʘ‿ʘ
BV126ht6qESe,117319632165022,【苏星河车机】别急着说你用过豆包，我这个你真没见过,苏星河牛通,2026-09-25 17:00:00,1433340,1118,1,【苏星河车机】别急着说你用过豆包，我这个你真没见过2,42185854565,5.17900,1,25,16777215,2026-09-26 08:59:39,1790384379,0,468a77c3,2208663270700129280,0
BV126ht6qESe,117319632165022,【苏星河车机】别急着说你用过豆包，我这个你真没见过,苏星河牛通,2026-09-25 17:00:00,1433340,1118,1,【苏星河车机】别急着说你用过豆包，我这个你真没见过2,42185854565,6.41100,1,25,16777215,2026-09-26 08:58:55,1790384335,0,aa3b418a,2208662905409711616,1
BV126ht6qESe,117319632165022,【苏星河车机】别急着说你用过豆包，我这个你真没见过,苏星河牛通,2026-09-25 17:00:00,1433340,1118,1,【苏星河车机】别急着说你用过豆包，我这个你真没见过2,42185854565,6.13200,1,25,16777215,2026-09-26 08:57:33,1790384253,0,ea7a1251,2208662217518841088,0
BV126ht6qESe,117319632165022,【苏星河车机】别急着说你用过豆包，我这个你真没见过,苏星河牛通,2026-09-25 17:00:00,1433340,1118,1,【苏星河车机】别急着说你用过豆包，我这个你真没见过2,42185854565,3.65900,1,25,16777215,2026-09-26 08:57:21,1790384241,0,87143903,2208662112216172288,足浴店的算吗
BV126ht6qESe,117319632165022,【苏星河车机】别急着说你用过豆包，我这个你真没见过,苏星河牛通,2026-09-25 17:00:00,1433340,1118,1,【苏星河车机】别急着说你用过豆包，我这个你真没见过2,42185854565,5.48800,1,25,16777215,2026-09-26 08:56:31,1790384191,0,54c50013,2208661697181507328,0
BV126ht6qESe,117319632165022,【苏星河车机】别急着说你用过豆包，我这个你真没见过,苏星河牛通,2026-09-25 17:00:00,1433340,1118,1,【苏星河车机】别急着说你用过豆包，我这个你真没见过2,42185854565,20.30300,1,25,16777215,2026-09-26 08:55:03,1790384103,0,eeecbae0,2208660959084845056,不认识
BV126ht6qESe,117319632165022,【苏星河车机】别急着说你用过豆包，我这个你真没见过,苏星河牛通,2026-09-25 17:00:00,1433340,1118,1,【苏星河车机】别急着说你用过豆包，我这个你真没见过2,42185854565,11.08900,1,25,16777215,2026-09-26 08:54:43,1790384083,0,68b52cad,2208660788485387520,不想认识女人
BV126ht6qESe,117319632165022,【苏星河车机】别急着说你用过豆包，我这个你真没见过,苏星河牛通,2026-09-25 17:00:00,1433340,1118,1,【苏星河车机】别急着说你用过豆包，我这个你真没见过2,42185854565,7.97400,1,25,16777215,2026-09-26 08:54:39,1790384079,0,c21589e2,2208660756432951296,贼肉
BV126ht6qESe,117319632165022,【苏星河车机】别急着说你用过豆包，我这个你真没见过,苏星河牛通,2026-09-25 17:00:00,1433340,1118,1,【苏星河车机】别急着说你用过豆包，我这个你真没见过2,42185854565,6.71900,1,25,16777215,2026-09-26 08:54:20,1790384060,0,ef3ba95a,2208660595866541312,0
BV126ht6qESe,117319632165022,【苏星河车机】别急着说你用过豆包，我这个你真没见过,苏星河牛通,2026-09-25 17:00:00,1433340,1118,1,【苏星河车机】别急着说你用过豆包，我这个你真没见过2,42185854565,43.44600,1,25,16777215,2026-09-26 08:53:49,1790384029,0,efcdc8e9,2208660339401250560,推荐去西贝
BV126ht6qESe,117319632165022,【苏星河车机】别急着说你用过豆包，我这个你真没见过,苏星河牛通,2026-09-25 17:00:00,1433340,1118,1,【苏星河车机】别急着说你用过豆包，我这个你真没见过2,42185854565,0.31100,1,25,16777215,2026-09-26 08:53:31,1790384011,0,c7b9de1d,2208660188700704000,1
BV126ht6qESe,117319632165022,【苏星河车机】别急着说你用过豆包，我这个你真没见过,苏星河牛通,2026-09-25 17:00:00,1433340,1118,1,【苏星河车机】别急着说你用过豆包，我这个你真没见过2,42185854565,3.76200,1,25,16777215,2026-09-26 08:51:14,1790383874,0,8a28e51f,2208659036542083328,0
BV126ht6qESe,117319632165022,【苏星河车机】别急着说你用过豆包，我这个你真没见过,苏星河牛通,2026-09-25 17:00:00,1433340,1118,1,【苏星河车机】别急着说你用过豆包，我这个你真没见过2,42185854565,13.06000,1,25,16777215,2026-09-26 08:50:22,1790383822,0,55043676,2208658603681529600,桥本香菜
BV126ht6qESe,117319632165022,【苏星河车机】别急着说你用过豆包，我这个你真没见过,苏星河牛通,2026-09-25 17:00:00,1433340,1118,1,【苏星河车机】别急着说你用过豆包，我这个你真没见过2,42185854565,18.57700,1,25,16777215,2026-09-26 08:49:44,1790383784,0,a7b52883,2208658282145713152,ai还有性别呢我求你了
BV126ht6qESe,117319632165022,【苏星河车机】别急着说你用过豆包，我这个你真没见过,苏星河牛通,2026-09-25 17:00:00,1433340,1118,1,【苏星河车机】别急着说你用过豆包，我这个你真没见过2,42185854565,5.13800,1,25,16777215,2026-09-26 08:47:40,1790383660,0,a97ee58a,2208657237387000576,0
BV126ht6qESe,117319632165022,【苏星河车机】别急着说你用过豆包，我这个你真没见过,苏星河牛通,2026-09-25 17:00:00,1433340,1118,1,【苏星河车机】别急着说你用过豆包，我这个你真没见过2,42185854565,21.11300,1,25,16777215,2026-09-26 08:46:14,1790383574,0,22aee3db,2208656518575657216,没有
BV126ht6qESe,117319632165022,【苏星河车机】别急着说你用过豆包，我这个你真没见过,苏星河牛通,2026-09-25 17:00:00,1433340,1118,1,【苏星河车机】别急着说你用过豆包，我这个你真没见过2,42185854565,5.66400,1,25,16777215,2026-09-26 08:45:55,1790383555,0,22aee3db,2208656360475243264,0
BV126ht6qESe,117319632165022,【苏星河车机】别急着说你用过豆包，我这个你真没见过,苏星河牛通,2026-09-25 17:00:00,1433340,1118,1,【苏星河车机】别急着说你用过豆包，我这个你真没见过2,42185854565,626.14800,1,25,16777215,2026-09-26 08:45:00,1790383500,0,de626d61,2208655895813347072,有钱的男人会去那些地方 只是不让你知道 睁一只眼闭一只眼吧
BV126ht6qESe,117319632165022,【苏星河车机】别急着说你用过豆包，我这个你真没见过,苏星河牛通,2026-09-25 17:00:00,1433340,1118,1,【苏星河车机】别急着说你用过豆包，我这个你真没见过2,42185854565,27.43700,1,25,16777215,2026-09-26 08:44:41,1790383481,0,750a5a6c,2208655735138097408,笑死我了这是啥阴
BV126ht6qESe,117319632165022,【苏星河车机】别急着说你用过豆包，我这个你真没见过,苏星河牛通,2026-09-25 17:00:00,1433340,1118,1,【苏星河车机】别急着说你用过豆包，我这个你真没见过2,42185854565,5.19900,1,25,16777215,2026-09-26 08:44:06,1790383446,0,20f96aff,2208655447064979456,0
BV126ht6qESe,117319632165022,【苏星河车机】别急着说你用过豆包，我这个你真没见过,苏星河牛通,2026-09-25 17:00:00,1433340,1118,1,【苏星河车机】别急着说你用过豆包，我这个你真没见过2,42185854565,40.05200,1,25,16777215,2026-09-26 08:43:49,1790383429,0,2cb886d8,2208655299752357376,快别了，那不得气死我
BV126ht6qESe,117319632165022,【苏星河车机】别急着说你用过豆包，我这个你真没见过,苏星河牛通,2026-09-25 17:00:00,1433340,1118,1,【苏星河车机】别急着说你用过豆包，我这个你真没见过2,42185854565,531.65700,1,25,16777215,2026-09-26 08:42:55,1790383375,0,de626d61,2208654850500494080,副驾驶的人 要是敢这样做 我就赶他下车
BV126ht6qESe,117319632165022,【苏星河车机】别急着说你用过豆包，我这个你真没见过,苏星河牛通,2026-09-25 17:00:00,1433340,1118,1,【苏星河车机】别急着说你用过豆包，我这个你真没见过2,42185854565,5.85600,5,25,16777215,2026-09-26 08:38:56,1790383136,0,68cc1b82,2208652848517677824,0
BV126ht6qESe,117319632165022,【苏星河车机】别急着说你用过豆包，我这个你真没见过,苏星河牛通,2026-09-25 17:00:00,1433340,1118,1,【苏星河车机】别急着说你用过豆包，我这个你真没见过2,42185854565,25.58100,1,25,16777215,2026-09-26 08:38:55,1790383135,0,4cd3a98f,2208652836110803968,那0.5吧
BV126ht6qESe,117319632165022,【苏星河车机】别急着说你用过豆包，我这个你真没见过,苏星河牛通,2026-09-25 17:00:00,1433340,1118,1,【苏星河车机】别急着说你用过豆包，我这个你真没见过2,42185854565,5.16900,1,25,16777215,2026-09-26 08:38:40,1790383120,0,130fcefb,2208652709526732544,0
BV126ht6qESe,117319632165022,【苏星河车机】别急着说你用过豆包，我这个你真没见过,苏星河牛通,2026-09-25 17:00:00,1433340,1118,1,【苏星河车机】别急着说你用过豆包，我这个你真没见过2,42185854565,8.94100,1,25,16777215,2026-09-26 08:34:12,1790382852,0,4ceeb804,2208650465682820352,不用两三年，一直都是0
BV126ht6qESe,117319632165022,【苏星河车机】别急着说你用过豆包，我这个你真没见过,苏星河牛通,2026-09-25 17:00:00,1433340,1118,1,【苏星河车机】别急着说你用过豆包，我这个你真没见过2,42185854565,5.25200,5,25,15138834,2026-09-26 08:30:29,1790382629,0,bc780c32,2208648593513298944,0
BV126ht6qESe,117319632165022,【苏星河车机】别急着说你用过豆包，我这个你真没见过,苏星河牛通,2026-09-25 17:00:00,1433340,1118,1,【苏星河车机】别急着说你用过豆包，我这个你真没见过2,42185854565,10.32700,1,25,16777215,2026-09-26 08:30:18,1790382618,0,37b49893,2208648500978148864,00000000000000000000000000000000000
BV126ht6qESe,117319632165022,【苏星河车机】别急着说你用过豆包，我这个你真没见过,苏星河牛通,2026-09-25 17:00:00,1433340,1118,1,【苏星河车机】别急着说你用过豆包，我这个你真没见过2,42185854565,5.84300,1,25,16777215,2026-09-26 08:26:29,1790382389,0,e88397b,2208646580524621824,0
BV126ht6qESe,117319632165022,【苏星河车机】别急着说你用过豆包，我这个你真没见过,苏星河牛通,2026-09-25 17:00:00,1433340,1118,1,【苏星河车机】别急着说你用过豆包，我这个你真没见过2,42185854565,5.02400,1,25,16777215,2026-09-26 08:24:03,1790382243,0,d1f9893e,2208645352650060032,0
BV126ht6qESe,117319632165022,【苏星河车机】别急着说你用过豆包，我这个你真没见过,苏星河牛通,2026-09-25 17:00:00,1433340,1118,1,【苏星河车机】别急着说你用过豆包，我这个你真没见过2,42185854565,7.85300,5,25,16707842,2026-09-26 08:23:05,1790382185,0,b5c65a20,2208644864056047104,1456809542368544738
BV126ht6qESe,117319632165022,【苏星河车机】别急着说你用过豆包，我这个你真没见过,苏星河牛通,2026-09-25 17:00:00,1433340,1118,1,【苏星河车机】别急着说你用过豆包，我这个你真没见过2,42185854565,6.13900,5,25,15138834,2026-09-26 08:22:58,1790382178,0,6aa12197,2208644809806736896,0
BV126ht6qESe,117319632165022,【苏星河车机】别急着说你用过豆包，我这个你真没见过,苏星河牛通,2026-09-25 17:00:00,1433340,1118,1,【苏星河车机】别急着说你用过豆包，我这个你真没见过2,42185854565,34.16800,1,25,16777215,2026-09-26 08:11:47,1790381507,0,457e7e54,2208639181285383168,吓哭了
BV126ht6qESe,117319632165022,【苏星河车机】别急着说你用过豆包，我这个你真没见过,苏星河牛通,2026-09-25 17:00:00,1433340,1118,1,【苏星河车机】别急着说你用过豆包，我这个你真没见过2,42185854565,37.34800,1,25,16777215,2026-09-26 07:51:01,1790380261,0,afa331f0,2208628730195238656,吓哭了
BV126ht6qESe,117319632165022,【苏星河车机】别急着说你用过豆包，我这个你真没见过,苏星河牛通,2026-09-25 17:00:00,1433340,1118,1,【苏星河车机】别急着说你用过豆包，我这个你真没见过2,42185854565,0.00000,5,25,15138834,2026-09-26 07:40:48,1790379648,0,dcc3dc03,2208623583818258432,0
BV126ht6qESe,117319632165022,【苏星河车机】别急着说你用过豆包，我这个你真没见过,苏星河牛通,2026-09-25 17:00:00,1433340,1118,1,【苏星河车机】别急着说你用过豆包，我这个你真没见过2,42185854565,2.14700,1,25,16777215,2026-09-26 07:38:41,1790379521,0,597e3664,2208622516955149056,0
BV126ht6qESe,117319632165022,【苏星河车机】别急着说你用过豆包，我这个你真没见过,苏星河牛通,2026-09-25 17:00:00,1433340,1118,1,【苏星河车机】别急着说你用过豆包，我这个你真没见过2,42185854565,5.89500,1,25,16777215,2026-09-26 07:28:16,1790378896,0,2d87372d,2208617274603836416,0
BV126ht6qESe,117319632165022,【苏星河车机】别急着说你用过豆包，我这个你真没见过,苏星河牛通,2026-09-25 17:00:00,1433340,1118,1,【苏星河车机】别急着说你用过豆包，我这个你真没见过2,42185854565,6.14200,1,25,16777215,2026-09-26 07:26:33,1790378793,0,29f328a4,2208616412774316800,0
BV126ht6qESe,117319632165022,【苏星河车机】别急着说你用过豆包，我这个你真没见过,苏星河牛通,2026-09-25 17:00:00,1433340,1118,1,【苏星河车机】别急着说你用过豆包，我这个你真没见过2,42185854565,6.53500,1,25,16777215,2026-09-26 07:16:35,1790378195,0,e0263991,2208611392654493440,0
BV126ht6qESe,117319632165022,【苏星河车机】别急着说你用过豆包，我这个你真没见过,苏星河牛通,2026-09-25 17:00:00,1433340,1118,1,【苏星河车机】别急着说你用过豆包，我这个你真没见过2,42185854565,51.42400,5,25,15138834,2026-09-26 06:47:54,1790376474,0,faf6b7ec,2208596961874756352,豆包没有你们想象中的那么傻，你们玩梗过度了是不是？
BV126ht6qESe,117319632165022,【苏星河车机】别急着说你用过豆包，我这个你真没见过,苏星河牛通,2026-09-25 17:00:00,1433340,1118,1,【苏星河车机】别急着说你用过豆包，我这个你真没见过2,42185854565,7.78600,1,25,16777215,2026-09-26 06:47:33,1790376453,0,409dfb,2208596783885048064,7
BV126ht6qESe,117319632165022,【苏星河车机】别急着说你用过豆包，我这个你真没见过,苏星河牛通,2026-09-25 17:00:00,1433340,1118,1,【苏星河车机】别急着说你用过豆包，我这个你真没见过2,42185854565,5.90300,1,25,16777215,2026-09-26 06:40:58,1790376058,0,bbc2e697,2208593474226652416,0
BV126ht6qESe,117319632165022,【苏星河车机】别急着说你用过豆包，我这个你真没见过,苏星河牛通,2026-09-25 17:00:00,1433340,1118,1,【苏星河车机】别急着说你用过豆包，我这个你真没见过2,42185854565,133.52400,1,25,16777215,2026-09-26 05:27:16,1790371636,0,dfba7e35,2208556378107877632,未检测到人脸
BV126ht6qESe,117319632165022,【苏星河车机】别急着说你用过豆包，我这个你真没见过,苏星河牛通,2026-09-25 17:00:00,1433340,1118,1,【苏星河车机】别急着说你用过豆包，我这个你真没见过2,42185854565,405.79900,1,25,16777215,2026-09-26 03:54:47,1790366087,0,eb2546ab,2208509828338009088,本地特产了属于是
BV126ht6qESe,117319632165022,【苏星河车机】别急着说你用过豆包，我这个你真没见过,苏星河牛通,2026-09-25 17:00:00,1433340,1118,1,【苏星河车机】别急着说你用过豆包，我这个你真没见过2,42185854565,122.60300,1,25,16777215,2026-09-26 03:35:43,1790364943,0,af48f609,2208500233640779264,那这个车只能背着老婆偷偷开
BV126ht6qESe,117319632165022,【苏星河车机】别急着说你用过豆包，我这个你真没见过,苏星河牛通,2026-09-25 17:00:00,1433340,1118,1,【苏星河车机】别急着说你用过豆包，我这个你真没见过2,42185854565,444.81900,1,25,16777215,2026-09-26 03:05:35,1790363135,0,2b8c6c2f,2208485063665073408,荣威？蒜了吧
BV126ht6qESe,117319632165022,【苏星河车机】别急着说你用过豆包，我这个你真没见过,苏星河牛通,2026-09-25 17:00:00,1433340,1118,1,【苏星河车机】别急着说你用过豆包，我这个你真没见过2,42185854565,4.90800,1,25,16777215,2026-09-26 02:06:11,1790359571,0,96ee3876,2208455168294214656,豆包
BV126ht6qESe,117319632165022,【苏星河车机】别急着说你用过豆包，我这个你真没见过,苏星河牛通,2026-09-25 17:00:00,1433340,1118,1,【苏星河车机】别急着说你用过豆包，我这个你真没见过2,42185854565,7.20800,1,25,16777215,2026-09-26 02:00:56,1790359256,0,1d5b4d6f,2208452528013112320,0，躲着
BV126ht6qESe,117319632165022,【苏星河车机】别急着说你用过豆包，我这个你真没见过,苏星河牛通,2026-09-25 17:00:00,1433340,1118,1,【苏星河车机】别急着说你用过豆包，我这个你真没见过2,42185854565,93.70400,5,25,16777215,2026-09-26 01:54:18,1790358858,0,94a7ff5b,2208449184666419712,好家伙 这简直跟蔚来NOMI一模一样
BV126ht6qESe,117319632165022,【苏星河车机】别急着说你用过豆包，我这个你真没见过,苏星河牛通,2026-09-25 17:00:00,1433340,1118,1,【苏星河车机】别急着说你用过豆包，我这个你真没见过2,42185854565,6.14000,1,25,16777215,2026-09-26 01:53:48,1790358828,0,1a93d0a9,2208448935877079808,0
BV126ht6qESe,117319632165022,【苏星河车机】别急着说你用过豆包，我这个你真没见过,苏星河牛通,2026-09-25 17:00:00,1433340,1118,1,【苏星河车机】别急着说你用过豆包，我这个你真没见过2,42185854565,83.09200,1,25,16707842,2026-09-26 01:53:41,1790358821,0,94a7ff5b,2208448879346322176,明明是抄的蔚来
BV126ht6qESe,117319632165022,【苏星河车机】别急着说你用过豆包，我这个你真没见过,苏星河牛通,2026-09-25 17:00:00,1433340,1118,1,【苏星河车机】别急着说你用过豆包，我这个你真没见过2,42185854565,39.75000,5,25,16777215,2026-09-26 01:52:42,1790358762,0,94a7ff5b,2208448380433815296,这造型？又山寨蔚来的Nomi
BV126ht6qESe,117319632165022,【苏星河车机】别急着说你用过豆包，我这个你真没见过,苏星河牛通,2026-09-25 17:00:00,1433340,1118,1,【苏星河车机】别急着说你用过豆包，我这个你真没见过2,42185854565,11.73400,1,25,16777215,2026-09-26 01:49:37,1790358577,0,40566e03,2208446831586531840,zero
BV126ht6qESe,117319632165022,【苏星河车机】别急着说你用过豆包，我这个你真没见过,苏星河牛通,2026-09-25 17:00:00,1433340,1118,1,【苏星河车机】别急着说你用过豆包，我这个你真没见过2,42185854565,6.71300,1,25,16777215,2026-09-26 01:45:46,1790358346,0,4895530,2208444887392142080,0
BV126ht6qESe,117319632165022,【苏星河车机】别急着说你用过豆包，我这个你真没见过,苏星河牛通,2026-09-25 17:00:00,1433340,1118,1,【苏星河车机】别急着说你用过豆包，我这个你真没见过2,42185854565,8.81200,1,25,16777215,2026-09-26 01:43:52,1790358232,0,b6a04106,2208443933792082944,15个
BV126ht6qESe,117319632165022,【苏星河车机】别急着说你用过豆包，我这个你真没见过,苏星河牛通,2026-09-25 17:00:00,1433340,1118,1,【苏星河车机】别急着说你用过豆包，我这个你真没见过2,42185854565,44.70000,1,25,16777215,2026-09-26 01:33:46,1790357626,0,66b4b729,2208438853248590336,我真求求了。 能不能重新设计一下这个人物啊...这么粗糙的卡通人物放车上很奇怪啊
BV126ht6qESe,117319632165022,【苏星河车机】别急着说你用过豆包，我这个你真没见过,苏星河牛通,2026-09-25 17:00:00,1433340,1118,1,【苏星河车机】别急着说你用过豆包，我这个你真没见过2,42185854565,21.36000,1,25,16777215,2026-09-26 01:30:06,1790357406,0,18b96f85,2208437009667431936,这踏马算女孩那我就是秦始皇
BV126ht6qESe,117319632165022,【苏星河车机】别急着说你用过豆包，我这个你真没见过,苏星河牛通,2026-09-25 17:00:00,1433340,1118,1,【苏星河车机】别急着说你用过豆包，我这个你真没见过2,42185854565,594.39500,1,25,16777215,2026-09-26 01:29:03,1790357343,0,9d49b38,2208436478592196096,豆包：这是我的香水味
BV126ht6qESe,117319632165022,【苏星河车机】别急着说你用过豆包，我这个你真没见过,苏星河牛通,2026-09-25 17:00:00,1433340,1118,1,【苏星河车机】别急着说你用过豆包，我这个你真没见过2,42185854565,22.31700,1,25,16777215,2026-09-26 01:26:47,1790357207,0,c81fdd62,2208435336642800384,不认识
BV126ht6qESe,117319632165022,【苏星河车机】别急着说你用过豆包，我这个你真没见过,苏星河牛通,2026-09-25 17:00:00,1433340,1118,1,【苏星河车机】别急着说你用过豆包，我这个你真没见过2,42185854565,402.10500,1,25,16777215,2026-09-26 01:26:31,1790357191,0,9f11eb79,2208435200780716800,最大的区别是电便宜
BV126ht6qESe,117319632165022,【苏星河车机】别急着说你用过豆包，我这个你真没见过,苏星河牛通,2026-09-25 17:00:00,1433340,1118,1,【苏星河车机】别急着说你用过豆包，我这个你真没见过2,42185854565,5.22600,1,25,16777215,2026-09-26 01:19:17,1790356757,0,6f4ae1a0,2208431564286435328,0
BV126ht6qESe,117319632165022,【苏星河车机】别急着说你用过豆包，我这个你真没见过,苏星河牛通,2026-09-25 17:00:00,1433340,1118,1,【苏星河车机】别急着说你用过豆包，我这个你真没见过2,42185854565,19.20700,1,25,16777215,2026-09-26 01:15:20,1790356520,0,c3e549ca,2208429571479899904,不好意思，我用千问的
BV126ht6qESe,117319632165022,【苏星河车机】别急着说你用过豆包，我这个你真没见过,苏星河牛通,2026-09-25 17:00:00,1433340,1118,1,【苏星河车机】别急着说你用过豆包，我这个你真没见过2,42185854565,6.32500,1,25,16777215,2026-09-26 01:14:28,1790356468,0,8f7cc1b3,2208429136103165184,0
BV126ht6qESe,117319632165022,【苏星河车机】别急着说你用过豆包，我这个你真没见过,苏星河牛通,2026-09-25 17:00:00,1433340,1118,1,【苏星河车机】别急着说你用过豆包，我这个你真没见过2,42185854565,652.04200,1,25,16777215,2026-09-26 01:12:54,1790356374,0,196ec436,2208428349947486464,？
BV126ht6qESe,117319632165022,【苏星河车机】别急着说你用过豆包，我这个你真没见过,苏星河牛通,2026-09-25 17:00:00,1433340,1118,1,【苏星河车机】别急着说你用过豆包，我这个你真没见过2,42185854565,546.37600,1,25,16777215,2026-09-26 01:12:08,1790356328,0,a07f1d3,2208427966781533952,但感觉正常情况下手机也没什么不能看的内容吧？真的隐私内容都藏的很深，需要输密码
BV126ht6qESe,117319632165022,【苏星河车机】别急着说你用过豆包，我这个你真没见过,苏星河牛通,2026-09-25 17:00:00,1433340,1118,1,【苏星河车机】别急着说你用过豆包，我这个你真没见过2,42185854565,18.41800,1,25,16777215,2026-09-26 01:06:34,1790355994,0,d87cb8eb,2208425157360503040,2
BV126ht6qESe,117319632165022,【苏星河车机】别急着说你用过豆包，我这个你真没见过,苏星河牛通,2026-09-25 17:00:00,1433340,1118,1,【苏星河车机】别急着说你用过豆包，我这个你真没见过2,42185854565,20.42700,1,25,16777215,2026-09-26 01:06:33,1790355993,0,6c844be7,2208425151320958720,豆包其实没有性别。。
BV126ht6qESe,117319632165022,【苏星河车机】别急着说你用过豆包，我这个你真没见过,苏星河牛通,2026-09-25 17:00:00,1433340,1118,1,【苏星河车机】别急着说你用过豆包，我这个你真没见过2,42185854565,8.43000,1,25,16777215,2026-09-26 01:03:40,1790355820,0,e543b4e8,2208423701970575104,9个
BV126ht6qESe,117319632165022,【苏星河车机】别急着说你用过豆包，我这个你真没见过,苏星河牛通,2026-09-25 17:00:00,1433340,1118,1,【苏星河车机】别急着说你用过豆包，我这个你真没见过2,42185854565,14.90900,1,25,16777215,2026-09-26 00:55:58,1790355358,0,2f7c8059,2208419824035032064,0
BV126ht6qESe,117319632165022,【苏星河车机】别急着说你用过豆包，我这个你真没见过,苏星河牛通,2026-09-25 17:00:00,1433340,1118,1,【苏星河车机】别急着说你用过豆包，我这个你真没见过2,42185854565,28.49500,1,25,16777215,2026-09-26 00:55:23,1790355323,0,8a71f13,2208419533302478848,可能我下一个豆包，但是他登陆了，但是车上没有下载的。然后车也会发出了马的声音。还了张也是车冒烟换着火了。然后就一个人死了，上初中了就出去玩了，然后就爆炸了。
BV126ht6qESe,117319632165022,【苏星河车机】别急着说你用过豆包，我这个你真没见过,苏星河牛通,2026-09-25 17:00:00,1433340,1118,1,【苏星河车机】别急着说你用过豆包，我这个你真没见过2,42185854565,5.91500,1,25,16777215,2026-09-26 00:54:46,1790355286,0,1583e78a,2208419223376520704,0
BV126ht6qESe,117319632165022,【苏星河车机】别急着说你用过豆包，我这个你真没见过,苏星河牛通,2026-09-25 17:00:00,1433340,1118,1,【苏星河车机】别急着说你用过豆包，我这个你真没见过2,42185854565,6.56300,1,25,16777215,2026-09-26 00:53:04,1790355184,0,9f306ac3,2208418364039568896,1
BV126ht6qESe,117319632165022,【苏星河车机】别急着说你用过豆包，我这个你真没见过,苏星河牛通,2026-09-25 17:00:00,1433340,1118,1,【苏星河车机】别急着说你用过豆包，我这个你真没见过2,42185854565,4.53000,1,25,16777215,2026-09-26 00:51:01,1790355061,0,1ebf7888,2208417338448154624,0
BV126ht6qESe,117319632165022,【苏星河车机】别急着说你用过豆包，我这个你真没见过,苏星河牛通,2026-09-25 17:00:00,1433340,1118,1,【苏星河车机】别急着说你用过豆包，我这个你真没见过2,42185854565,276.25300,1,25,16777215,2026-09-26 00:45:21,1790354721,0,74f54b82,2208414483385963264,？
BV126ht6qESe,117319632165022,【苏星河车机】别急着说你用过豆包，我这个你真没见过,苏星河牛通,2026-09-25 17:00:00,1433340,1118,1,【苏星河车机】别急着说你用过豆包，我这个你真没见过2,42185854565,1.42800,1,25,16777215,2026-09-26 00:44:43,1790354683,0,7657ce32,2208414166271020288,0
BV126ht6qESe,117319632165022,【苏星河车机】别急着说你用过豆包，我这个你真没见过,苏星河牛通,2026-09-25 17:00:00,1433340,1118,1,【苏星河车机】别急着说你用过豆包，我这个你真没见过2,42185854565,7.67500,1,25,16777215,2026-09-26 00:41:49,1790354509,0,e94feab1,2208412706057517312,-1
BV126ht6qESe,117319632165022,【苏星河车机】别急着说你用过豆包，我这个你真没见过,苏星河牛通,2026-09-25 17:00:00,1433340,1118,1,【苏星河车机】别急着说你用过豆包，我这个你真没见过2,42185854565,6.53900,1,25,16777215,2026-09-26 00:37:51,1790354271,0,e29a961b,2208410706506781184,0
BV126ht6qESe,117319632165022,【苏星河车机】别急着说你用过豆包，我这个你真没见过,苏星河牛通,2026-09-25 17:00:00,1433340,1118,1,【苏星河车机】别急着说你用过豆包，我这个你真没见过2,42185854565,260.57400,1,25,16777215,2026-09-26 00:35:24,1790354124,0,490986b5,2208409471762774528,他在吹牛逼
BV126ht6qESe,117319632165022,【苏星河车机】别急着说你用过豆包，我这个你真没见过,苏星河牛通,2026-09-25 17:00:00,1433340,1118,1,【苏星河车机】别急着说你用过豆包，我这个你真没见过2,42185854565,17.76000,1,25,16707842,2026-09-26 00:29:52,1790353792,0,a239523b,2208406686610807040,糖包
BV126ht6qESe,117319632165022,【苏星河车机】别急着说你用过豆包，我这个你真没见过,苏星河牛通,2026-09-25 17:00:00,1433340,1118,1,【苏星河车机】别急着说你用过豆包，我这个你真没见过2,42185854565,5.64000,1,25,16777215,2026-09-26 00:29:06,1790353746,0,8a481df7,2208406304233168384,还真没有
BV126ht6qESe,117319632165022,【苏星河车机】别急着说你用过豆包，我这个你真没见过,苏星河牛通,2026-09-25 17:00:00,1433340,1118,1,【苏星河车机】别急着说你用过豆包，我这个你真没见过2,42185854565,6.33800,1,25,16777215,2026-09-26 00:28:49,1790353729,0,9625dd1,2208406158757675008,0
BV126ht6qESe,117319632165022,【苏星河车机】别急着说你用过豆包，我这个你真没见过,苏星河牛通,2026-09-25 17:00:00,1433340,1118,1,【苏星河车机】别急着说你用过豆包，我这个你真没见过2,42185854565,410.46600,1,25,16777215,2026-09-26 00:22:49,1790353369,0,bd1da803,2208403143338547200,什么呀。新能源普通车都很快。你跟汽油车跑车比，起步什么呀？
BV126ht6qESe,117319632165022,【苏星河车机】别急着说你用过豆包，我这个你真没见过,苏星河牛通,2026-09-25 17:00:00,1433340,1118,1,【苏星河车机】别急着说你用过豆包，我这个你真没见过2,42185854565,1.50400,1,25,16777215,2026-09-26 00:21:02,1790353262,0,3c88c1a5,2208402244968222720,0
BV126ht6qESe,117319632165022,【苏星河车机】别急着说你用过豆包，我这个你真没见过,苏星河牛通,2026-09-25 17:00:00,1433340,1118,1,【苏星河车机】别急着说你用过豆包，我这个你真没见过2,42185854565,8.80000,1,25,16777215,2026-09-26 00:20:34,1790353234,0,4c290906,2208402005490877440,67
BV126ht6qESe,117319632165022,【苏星河车机】别急着说你用过豆包，我这个你真没见过,苏星河牛通,2026-09-25 17:00:00,1433340,1118,1,【苏星河车机】别急着说你用过豆包，我这个你真没见过2,42185854565,3.90500,1,25,16777215,2026-09-26 00:17:38,1790353058,0,eb944bd,2208400531100882688,0
BV126ht6qESe,117319632165022,【苏星河车机】别急着说你用过豆包，我这个你真没见过,苏星河牛通,2026-09-25 17:00:00,1433340,1118,1,【苏星河车机】别急着说你用过豆包，我这个你真没见过2,42185854565,4.19100,1,25,16777215,2026-09-26 00:15:37,1790352937,0,c6bba75c,2208399515097856768,0
BV126ht6qESe,117319632165022,【苏星河车机】别急着说你用过豆包，我这个你真没见过,苏星河牛通,2026-09-25 17:00:00,1433340,1118,1,【苏星河车机】别急着说你用过豆包，我这个你真没见过2,42185854565,1.25300,1,25,16777215,2026-09-26 00:15:27,1790352927,0,c55989af,2208399433467794688,0
BV126ht6qESe,117319632165022,【苏星河车机】别急着说你用过豆包，我这个你真没见过,苏星河牛通,2026-09-25 17:00:00,1433340,1118,1,【苏星河车机】别急着说你用过豆包，我这个你真没见过2,42185854565,8.70000,1,25,16777215,2026-09-26 00:05:35,1790352335,0,f296b2d7,2208394470054535936,别说近两三年了，目前除了亲戚我一个女性朋友都没有
BV126ht6qESe,117319632165022,【苏星河车机】别急着说你用过豆包，我这个你真没见过,苏星河牛通,2026-09-25 17:00:00,1433340,1118,1,【苏星河车机】别急着说你用过豆包，我这个你真没见过2,42185854565,54.51100,1,25,16777215,2026-09-26 00:00:41,1790352041,0,a82d36f0,2208391998308884992,来个最不绕弯子的
BV126ht6qESe,117319632165022,【苏星河车机】别急着说你用过豆包，我这个你真没见过,苏星河牛通,2026-09-25 17:00:00,1433340,1118,1,【苏星河车机】别急着说你用过豆包，我这个你真没见过2,42185854565,7.86300,1,25,16777215,2026-09-26 00:00:25,1790352025,0,713cd3e4,2208391863202394624,5
BV126ht6qESe,117319632165022,【苏星河车机】别急着说你用过豆包，我这个你真没见过,苏星河牛通,2026-09-25 17:00:00,1433340,1118,1,【苏星河车机】别急着说你用过豆包，我这个你真没见过2,42185854565,644.41900,1,25,16777215,2026-09-25 23:56:13,1790351773,0,4ee51fff,2208389755363133440,支持出轨？
BV126ht6qESe,117319632165022,【苏星河车机】别急着说你用过豆包，我这个你真没见过,苏星河牛通,2026-09-25 17:00:00,1433340,1118,1,【苏星河车机】别急着说你用过豆包，我这个你真没见过2,42185854565,6.31800,1,25,16777215,2026-09-25 23:55:01,1790351701,0,38541ed2,2208389147012518912,0
BV126ht6qESe,117319632165022,【苏星河车机】别急着说你用过豆包，我这个你真没见过,苏星河牛通,2026-09-25 17:00:00,1433340,1118,1,【苏星河车机】别急着说你用过豆包，我这个你真没见过2,42185854565,6.59100,1,25,16777215,2026-09-25 23:54:51,1790351691,0,e96ea1da,2208389065475934464,0
BV126ht6qESe,117319632165022,【苏星河车机】别急着说你用过豆包，我这个你真没见过,苏星河牛通,2026-09-25 17:00:00,1433340,1118,1,【苏星河车机】别急着说你用过豆包，我这个你真没见过2,42185854565,19.51900,1,25,16777215,2026-09-25 23:52:47,1790351567,0,9086f540,2208388022192689152,豆包是女的？
BV126ht6qESe,117319632165022,【苏星河车机】别急着说你用过豆包，我这个你真没见过,苏星河牛通,2026-09-25 17:00:00,1433340,1118,1,【苏星河车机】别急着说你用过豆包，我这个你真没见过2,42185854565,18.97500,1,25,16777215,2026-09-25 23:51:06,1790351466,0,ac359e0a,2208387175497018880,AI没有性别
BV126ht6qESe,117319632165022,【苏星河车机】别急着说你用过豆包，我这个你真没见过,苏星河牛通,2026-09-25 17:00:00,1433340,1118,1,【苏星河车机】别急着说你用过豆包，我这个你真没见过2,42185854565,4.49900,1,25,16777215,2026-09-25 23:50:03,1790351403,0,bf3514ae,2208386645093288192,0
BV126ht6qESe,117319632165022,【苏星河车机】别急着说你用过豆包，我这个你真没见过,苏星河牛通,2026-09-25 17:00:00,1433340,1118,1,【苏星河车机】别急着说你用过豆包，我这个你真没见过2,42185854565,8.81900,1,25,16777215,2026-09-25 23:48:05,1790351285,0,ca0d78a9,2208385657678611712,- 29
BV126ht6qESe,117319632165022,【苏星河车机】别急着说你用过豆包，我这个你真没见过,苏星河牛通,2026-09-25 17:00:00,1433340,1118,1,【苏星河车机】别急着说你用过豆包，我这个你真没见过2,42185854565,2.22100,1,25,16777215,2026-09-25 23:44:40,1790351080,0,c7f0f802,2208383943224160256,0
BV126ht6qESe,117319632165022,【苏星河车机】别急着说你用过豆包，我这个你真没见过,苏星河牛通,2026-09-25 17:00:00,1433340,1118,1,【苏星河车机】别急着说你用过豆包，我这个你真没见过2,42185854565,2.04000,1,25,16777215,2026-09-25 23:42:08,1790350928,0,9586b10e,2208382660865167360,敢开吗？
BV126ht6qESe,117319632165022,【苏星河车机】别急着说你用过豆包，我这个你真没见过,苏星河牛通,2026-09-25 17:00:00,1433340,1118,1,【苏星河车机】别急着说你用过豆包，我这个你真没见过2,42185854565,5.28700,1,25,16777215,2026-09-25 23:42:06,1790350926,0,978c2360,2208382644432504320,5
BV126ht6qESe,117319632165022,【苏星河车机】别急着说你用过豆包，我这个你真没见过,苏星河牛通,2026-09-25 17:00:00,1433340,1118,1,【苏星河车机】别急着说你用过豆包，我这个你真没见过2,42185854565,7.49000,1,25,16777215,2026-09-25 23:39:01,1790350741,0,56874885,2208381094225867776,-3个
BV126ht6qESe,117319632165022,【苏星河车机】别急着说你用过豆包，我这个你真没见过,苏星河牛通,2026-09-25 17:00:00,1433340,1118,1,【苏星河车机】别急着说你用过豆包，我这个你真没见过2,42185854565,23.14600,1,25,16777215,2026-09-25 23:36:32,1790350592,0,1f9e0b92,2208379849188770816,你好呀
BV126ht6qESe,117319632165022,【苏星河车机】别急着说你用过豆包，我这个你真没见过,苏星河牛通,2026-09-25 17:00:00,1433340,1118,1,【苏星河车机】别急着说你用过豆包，我这个你真没见过2,42185854565,11.40000,1,25,16777215,2026-09-25 23:35:33,1790350533,0,7e6ed32d,2208379352247611904,豆包姐姐
BV126ht6qESe,117319632165022,【苏星河车机】别急着说你用过豆包，我这个你真没见过,苏星河牛通,2026-09-25 17:00:00,1433340,1118,1,【苏星河车机】别急着说你用过豆包，我这个你真没见过2,42185854565,13.92300,1,25,16777215,2026-09-25 23:33:57,1790350437,0,f6c03afd,2208378543485428480,1
BV126ht6qESe,117319632165022,【苏星河车机】别急着说你用过豆包，我这个你真没见过,苏星河牛通,2026-09-25 17:00:00,1433340,1118,1,【苏星河车机】别急着说你用过豆包，我这个你真没见过2,42185854565,224.06000,1,25,16777215,2026-09-25 23:33:46,1790350426,0,b69e4f8b,2208378453777789952,哈哈
BV126ht6qESe,117319632165022,【苏星河车机】别急着说你用过豆包，我这个你真没见过,苏星河牛通,2026-09-25 17:00:00,1433340,1118,1,【苏星河车机】别急着说你用过豆包，我这个你真没见过2,42185854565,5.62800,1,25,16777215,2026-09-25 23:32:45,1790350365,0,c859ff34,2208377939438628608,0
BV126ht6qESe,117319632165022,【苏星河车机】别急着说你用过豆包，我这个你真没见过,苏星河牛通,2026-09-25 17:00:00,1433340,1118,1,【苏星河车机】别急着说你用过豆包，我这个你真没见过2,42185854565,3.17300,1,25,16777215,2026-09-25 23:31:54,1790350314,0,d5ebddfb,2208377510696226560,几十个？
BV126ht6qESe,117319632165022,【苏星河车机】别急着说你用过豆包，我这个你真没见过,苏星河牛通,2026-09-25 17:00:00,1433340,1118,1,【苏星河车机】别急着说你用过豆包，我这个你真没见过2,42185854565,3.73300,1,25,16777215,2026-09-25 23:31:35,1790350295,0,7e3a47bc,2208377358561054208,0
BV126ht6qESe,117319632165022,【苏星河车机】别急着说你用过豆包，我这个你真没见过,苏星河牛通,2026-09-25 17:00:00,1433340,1118,1,【苏星河车机】别急着说你用过豆包，我这个你真没见过2,42185854565,5.17100,1,25,16777215,2026-09-25 23:31:06,1790350266,0,dac39d9f,2208377107699834368,0
BV126ht6qESe,117319632165022,【苏星河车机】别急着说你用过豆包，我这个你真没见过,苏星河牛通,2026-09-25 17:00:00,1433340,1118,1,【苏星河车机】别急着说你用过豆包，我这个你真没见过2,42185854565,4.10600,1,25,16777215,2026-09-25 23:30:48,1790350248,0,d8aeb5fe,2208376957963167232,18
BV126ht6qESe,117319632165022,【苏星河车机】别急着说你用过豆包，我这个你真没见过,苏星河牛通,2026-09-25 17:00:00,1433340,1118,1,【苏星河车机】别急着说你用过豆包，我这个你真没见过2,42185854565,21.16200,1,25,16777215,2026-09-25 23:29:55,1790350195,0,2a4c39d5,2208376519918017536,没绷住
BV126ht6qESe,117319632165022,【苏星河车机】别急着说你用过豆包，我这个你真没见过,苏星河牛通,2026-09-25 17:00:00,1433340,1118,1,【苏星河车机】别急着说你用过豆包，我这个你真没见过2,42185854565,17.88900,1,25,16777215,2026-09-25 23:29:43,1790350183,0,2a4c39d5,2208376413835427072,来捣乱的
BV126ht6qESe,117319632165022,【苏星河车机】别急着说你用过豆包，我这个你真没见过,苏星河牛通,2026-09-25 17:00:00,1433340,1118,1,【苏星河车机】别急着说你用过豆包，我这个你真没见过2,42185854565,6.72100,1,25,16777215,2026-09-25 23:29:10,1790350150,0,2a4c39d5,2208376138764472832,2
BV126ht6qESe,117319632165022,【苏星河车机】别急着说你用过豆包，我这个你真没见过,苏星河牛通,2026-09-25 17:00:00,1433340,1118,1,【苏星河车机】别急着说你用过豆包，我这个你真没见过2,42185854565,5.74000,1,25,16777215,2026-09-25 23:29:03,1790350143,0,2a4c39d5,2208376075850077440,0
BV126ht6qESe,117319632165022,【苏星河车机】别急着说你用过豆包，我这个你真没见过,苏星河牛通,2026-09-25 17:00:00,1433340,1118,1,【苏星河车机】别急着说你用过豆包，我这个你真没见过2,42185854565,6.24100,1,25,16777215,2026-09-25 23:29:00,1790350140,0,74f6b82,2208376054568266496,0
BV126ht6qESe,117319632165022,【苏星河车机】别急着说你用过豆包，我这个你真没见过,苏星河牛通,2026-09-25 17:00:00,1433340,1118,1,【苏星河车机】别急着说你用过豆包，我这个你真没见过2,42185854565,3.99600,1,25,16777215,2026-09-25 23:28:58,1790350138,0,2a4c39d5,2208376039997243648,0
BV126ht6qESe,117319632165022,【苏星河车机】别急着说你用过豆包，我这个你真没见过,苏星河牛通,2026-09-25 17:00:00,1433340,1118,1,【苏星河车机】别急着说你用过豆包，我这个你真没见过2,42185854565,22.55300,1,25,16777215,2026-09-25 23:28:30,1790350110,0,6a63eb05,2208375802499436032,二次元老婆的话，确实挺多的
BV126ht6qESe,117319632165022,【苏星河车机】别急着说你用过豆包，我这个你真没见过,苏星河牛通,2026-09-25 17:00:00,1433340,1118,1,【苏星河车机】别急着说你用过豆包，我这个你真没见过2,42185854565,6.32000,1,25,16777215,2026-09-25 23:28:14,1790350094,0,a8fa7b9b,2208375671318372608,0
BV126ht6qESe,117319632165022,【苏星河车机】别急着说你用过豆包，我这个你真没见过,苏星河牛通,2026-09-25 17:00:00,1433340,1118,1,【苏星河车机】别急着说你用过豆包，我这个你真没见过2,42185854565,19.16300,1,25,16777215,2026-09-25 23:27:42,1790350062,0,717a2864,2208375400760702720,痘婊
BV126ht6qESe,117319632165022,【苏星河车机】别急着说你用过豆包，我这个你真没见过,苏星河牛通,2026-09-25 17:00:00,1433340,1118,1,【苏星河车机】别急着说你用过豆包，我这个你真没见过2,42185854565,8.14300,1,25,16777215,2026-09-25 23:26:00,1790349960,0,145a7ad4,2208374543058814208,没讲过话
BV126ht6qESe,117319632165022,【苏星河车机】别急着说你用过豆包，我这个你真没见过,苏星河牛通,2026-09-25 17:00:00,1433340,1118,1,【苏星河车机】别急着说你用过豆包，我这个你真没见过2,42185854565,15.74400,1,25,16777215,2026-09-25 23:25:30,1790349930,0,fa00a34c,2208374290175573760,10000
BV126ht6qESe,117319632165022,【苏星河车机】别急着说你用过豆包，我这个你真没见过,苏星河牛通,2026-09-25 17:00:00,1433340,1118,1,【苏星河车机】别急着说你用过豆包，我这个你真没见过2,42185854565,4.54100,5,25,16707842,2026-09-25 23:25:20,1790349920,0,34f45e7c,2208374208756020736,居然是零耶～
BV126ht6qESe,117319632165022,【苏星河车机】别急着说你用过豆包，我这个你真没见过,苏星河牛通,2026-09-25 17:00:00,1433340,1118,1,【苏星河车机】别急着说你用过豆包，我这个你真没见过2,42185854565,6.22700,1,25,16777215,2026-09-25 23:25:19,1790349919,0,fa468a19,2208374202456144640,7
BV126ht6qESe,117319632165022,【苏星河车机】别急着说你用过豆包，我这个你真没见过,苏星河牛通,2026-09-25 17:00:00,1433340,1118,1,【苏星河车机】别急着说你用过豆包，我这个你真没见过2,42185854565,6.46200,1,25,16777215,2026-09-25 23:25:16,1790349916,0,20022e31,2208374175503136512,0
BV126ht6qESe,117319632165022,【苏星河车机】别急着说你用过豆包，我这个你真没见过,苏星河牛通,2026-09-25 17:00:00,1433340,1118,1,【苏星河车机】别急着说你用过豆包，我这个你真没见过2,42185854565,5.51700,1,25,16777215,2026-09-25 23:24:45,1790349885,0,98dc182d,2208373913375968000,0
BV126ht6qESe,117319632165022,【苏星河车机】别急着说你用过豆包，我这个你真没见过,苏星河牛通,2026-09-25 17:00:00,1433340,1118,1,【苏星河车机】别急着说你用过豆包，我这个你真没见过2,42185854565,9.38100,1,25,16777215,2026-09-25 23:24:09,1790349849,0,244f35bf,2208373617073623296,3或4个吧
BV126ht6qESe,117319632165022,【苏星河车机】别急着说你用过豆包，我这个你真没见过,苏星河牛通,2026-09-25 17:00:00,1433340,1118,1,【苏星河车机】别急着说你用过豆包，我这个你真没见过2,42185854565,29.23800,5,18,41194,2026-09-25 23:24:05,1790349845,0,49436864,2208373579870086656,但是我用肥鱼的
BV126ht6qESe,117319632165022,【苏星河车机】别急着说你用过豆包，我这个你真没见过,苏星河牛通,2026-09-25 17:00:00,1433340,1118,1,【苏星河车机】别急着说你用过豆包，我这个你真没见过2,42185854565,659.41800,1,25,16777215,2026-09-25 23:23:18,1790349798,0,e54fdcef,2208373186343741184,你这都不是解决问题了，这是把自己的女朋友或老婆蒙在鼓里啊，谁敢嫁
BV126ht6qESe,117319632165022,【苏星河车机】别急着说你用过豆包，我这个你真没见过,苏星河牛通,2026-09-25 17:00:00,1433340,1118,1,【苏星河车机】别急着说你用过豆包，我这个你真没见过2,42185854565,2.57100,1,25,16777215,2026-09-25 23:22:31,1790349751,0,51db9fb2,2208372793354494720,0
BV126ht6qESe,117319632165022,【苏星河车机】别急着说你用过豆包，我这个你真没见过,苏星河牛通,2026-09-25 17:00:00,1433340,1118,1,【苏星河车机】别急着说你用过豆包，我这个你真没见过2,42185854565,630.30000,1,25,16777215,2026-09-25 23:21:48,1790349708,0,e54fdcef,2208372427308736512,六六六，这也太过男权了吧
BV126ht6qESe,117319632165022,【苏星河车机】别急着说你用过豆包，我这个你真没见过,苏星河牛通,2026-09-25 17:00:00,1433340,1118,1,【苏星河车机】别急着说你用过豆包，我这个你真没见过2,42185854565,5.24800,1,25,16777215,2026-09-25 23:20:26,1790349626,0,796d893e,2208371744862586624,0
BV126ht6qESe,117319632165022,【苏星河车机】别急着说你用过豆包，我这个你真没见过,苏星河牛通,2026-09-25 17:00:00,1433340,1118,1,【苏星河车机】别急着说你用过豆包，我这个你真没见过2,42185854565,11.12000,1,25,16777215,2026-09-25 23:20:21,1790349621,0,54da214f,2208371699387428864,16年里一共都才两个
BV126ht6qESe,117319632165022,【苏星河车机】别急着说你用过豆包，我这个你真没见过,苏星河牛通,2026-09-25 17:00:00,1433340,1118,1,【苏星河车机】别急着说你用过豆包，我这个你真没见过2,42185854565,6.46000,1,25,16777215,2026-09-25 23:20:10,1790349610,0,78a1948c,2208371609243649792,0
BV126ht6qESe,117319632165022,【苏星河车机】别急着说你用过豆包，我这个你真没见过,苏星河牛通,2026-09-25 17:00:00,1433340,1118,1,【苏星河车机】别急着说你用过豆包，我这个你真没见过2,42185854565,6.85400,1,25,16777215,2026-09-25 23:19:03,1790349543,0,3c1f3b4c,2208371047190561536,30
BV126ht6qESe,117319632165022,【苏星河车机】别急着说你用过豆包，我这个你真没见过,苏星河牛通,2026-09-25 17:00:00,1433340,1118,1,【苏星河车机】别急着说你用过豆包，我这个你真没见过2,42185854565,11.26000,1,25,16777215,2026-09-25 23:18:52,1790349532,0,a66546d8,2208370952625693952,应该没有？同学也能算么？
BV126ht6qESe,117319632165022,【苏星河车机】别急着说你用过豆包，我这个你真没见过,苏星河牛通,2026-09-25 17:00:00,1433340,1118,1,【苏星河车机】别急着说你用过豆包，我这个你真没见过2,42185854565,3.12300,1,25,16777215,2026-09-25 23:17:49,1790349469,0,4836c5dd,2208370429872482304,0
BV126ht6qESe,117319632165022,【苏星河车机】别急着说你用过豆包，我这个你真没见过,苏星河牛通,2026-09-25 17:00:00,1433340,1118,1,【苏星河车机】别急着说你用过豆包，我这个你真没见过2,42185854565,2.62400,1,25,16777215,2026-09-25 23:17:30,1790349450,0,ef960bcc,2208370267184041472,0
BV126ht6qESe,117319632165022,【苏星河车机】别急着说你用过豆包，我这个你真没见过,苏星河牛通,2026-09-25 17:00:00,1433340,1118,1,【苏星河车机】别急着说你用过豆包，我这个你真没见过2,42185854565,6.68300,1,25,16777215,2026-09-25 23:16:48,1790349408,0,ee4bd99,2208369916690820864,0
BV126ht6qESe,117319632165022,【苏星河车机】别急着说你用过豆包，我这个你真没见过,苏星河牛通,2026-09-25 17:00:00,1433340,1118,1,【苏星河车机】别急着说你用过豆包，我这个你真没见过2,42185854565,647.14500,1,25,16777215,2026-09-25 23:16:11,1790349371,0,fc85fbab,2208369606967028992,这是啥意思啊？隐瞒出轨劈腿助力建设和谐家庭？
BV126ht6qESe,117319632165022,【苏星河车机】别急着说你用过豆包，我这个你真没见过,苏星河牛通,2026-09-25 17:00:00,1433340,1118,1,【苏星河车机】别急着说你用过豆包，我这个你真没见过2,42185854565,9.25400,1,25,16777215,2026-09-25 23:15:58,1790349358,0,dd04ec48,2208369490365170176,2-3？
BV126ht6qESe,117319632165022,【苏星河车机】别急着说你用过豆包，我这个你真没见过,苏星河牛通,2026-09-25 17:00:00,1433340,1118,1,【苏星河车机】别急着说你用过豆包，我这个你真没见过2,42185854565,5.72000,1,25,16777215,2026-09-25 23:15:03,1790349303,0,62cfd23a,2208369030761881344,0
BV126ht6qESe,117319632165022,【苏星河车机】别急着说你用过豆包，我这个你真没见过,苏星河牛通,2026-09-25 17:00:00,1433340,1118,1,【苏星河车机】别急着说你用过豆包，我这个你真没见过2,42185854565,4.89700,1,25,16777215,2026-09-25 23:14:58,1790349298,0,62cfd23a,2208368990697975296,0
BV126ht6qESe,117319632165022,【苏星河车机】别急着说你用过豆包，我这个你真没见过,苏星河牛通,2026-09-25 17:00:00,1433340,1118,1,【苏星河车机】别急着说你用过豆包，我这个你真没见过2,42185854565,34.02600,1,25,16777215,2026-09-25 23:12:30,1790349150,0,c5d3e1c9,2208367746944010752,这人谁呀？不认识
BV126ht6qESe,117319632165022,【苏星河车机】别急着说你用过豆包，我这个你真没见过,苏星河牛通,2026-09-25 17:00:00,1433340,1118,1,【苏星河车机】别急着说你用过豆包，我这个你真没见过2,42185854565,6.05900,1,25,16777215,2026-09-25 23:12:21,1790349141,0,3780c297,2208367672713609984,没有
BV126ht6qESe,117319632165022,【苏星河车机】别急着说你用过豆包，我这个你真没见过,苏星河牛通,2026-09-25 17:00:00,1433340,1118,1,【苏星河车机】别急着说你用过豆包，我这个你真没见过2,42185854565,5.63100,5,25,16707842,2026-09-25 23:11:49,1790349109,0,5d6ce32d,2208367408413050368,0
BV126ht6qESe,117319632165022,【苏星河车机】别急着说你用过豆包，我这个你真没见过,苏星河牛通,2026-09-25 17:00:00,1433340,1118,1,【苏星河车机】别急着说你用过豆包，我这个你真没见过2,42185854565,5.75400,1,25,16777215,2026-09-25 23:10:23,1790349023,0,db68cbe1,2208366683243424000,0
BV126ht6qESe,117319632165022,【苏星河车机】别急着说你用过豆包，我这个你真没见过,苏星河牛通,2026-09-25 17:00:00,1433340,1118,1,【苏星河车机】别急着说你用过豆包，我这个你真没见过2,42185854565,5.20900,5,25,15138834,2026-09-25 23:09:48,1790348988,0,1e858a4d,2208366391185278976,我是gay一个也没有，倒是男的……
BV126ht6qESe,117319632165022,【苏星河车机】别急着说你用过豆包，我这个你真没见过,苏星河牛通,2026-09-25 17:00:00,1433340,1118,1,【苏星河车机】别急着说你用过豆包，我这个你真没见过2,42185854565,6.25200,1,25,16777215,2026-09-25 23:08:51,1790348931,0,2a9b057d,2208365913823581184,0
BV126ht6qESe,117319632165022,【苏星河车机】别急着说你用过豆包，我这个你真没见过,苏星河牛通,2026-09-25 17:00:00,1433340,1118,1,【苏星河车机】别急着说你用过豆包，我这个你真没见过2,42185854565,1.01200,1,25,16777215,2026-09-25 23:08:20,1790348900,0,93a93fed,2208365653835274752,0
BV126ht6qESe,117319632165022,【苏星河车机】别急着说你用过豆包，我这个你真没见过,苏星河牛通,2026-09-25 17:00:00,1433340,1118,1,【苏星河车机】别急着说你用过豆包，我这个你真没见过2,42185854565,20.29900,1,25,16777215,2026-09-25 23:08:18,1790348898,0,7aac5372,2208365632167976704,没有
BV126ht6qESe,117319632165022,【苏星河车机】别急着说你用过豆包，我这个你真没见过,苏星河牛通,2026-09-25 17:00:00,1433340,1118,1,【苏星河车机】别急着说你用过豆包，我这个你真没见过2,42185854565,12.26200,5,25,15138834,2026-09-25 23:08:13,1790348893,0,71b86e81,2208365590593600768,怎么大家都是0（dog
BV126ht6qESe,117319632165022,【苏星河车机】别急着说你用过豆包，我这个你真没见过,苏星河牛通,2026-09-25 17:00:00,1433340,1118,1,【苏星河车机】别急着说你用过豆包，我这个你真没见过2,42185854565,1.46500,1,25,16777215,2026-09-25 23:07:30,1790348850,0,e13b93f5,2208365229128097792,0
BV126ht6qESe,117319632165022,【苏星河车机】别急着说你用过豆包，我这个你真没见过,苏星河牛通,2026-09-25 17:00:00,1433340,1118,1,【苏星河车机】别急着说你用过豆包，我这个你真没见过2,42185854565,35.45500,1,25,16777215,2026-09-25 23:06:37,1790348797,0,4bc25218,2208364787350417152,车不能要了
BV126ht6qESe,117319632165022,【苏星河车机】别急着说你用过豆包，我这个你真没见过,苏星河牛通,2026-09-25 17:00:00,1433340,1118,1,【苏星河车机】别急着说你用过豆包，我这个你真没见过2,42185854565,2.48600,1,25,16777215,2026-09-25 23:06:18,1790348778,0,8a8f3371,2208364625744315136,0
BV126ht6qESe,117319632165022,【苏星河车机】别急着说你用过豆包，我这个你真没见过,苏星河牛通,2026-09-25 17:00:00,1433340,1118,1,【苏星河车机】别急着说你用过豆包，我这个你真没见过2,42185854565,5.71900,1,25,16777215,2026-09-25 23:06:14,1790348774,0,91b23db4,2208364592743856896,0
BV126ht6qESe,117319632165022,【苏星河车机】别急着说你用过豆包，我这个你真没见过,苏星河牛通,2026-09-25 17:00:00,1433340,1118,1,【苏星河车机】别急着说你用过豆包，我这个你真没见过2,42185854565,278.93700,1,25,16777215,2026-09-25 23:05:46,1790348746,0,a4a6eda4,2208364362963143936,极氪的eva也会摇摆
BV126ht6qESe,117319632165022,【苏星河车机】别急着说你用过豆包，我这个你真没见过,苏星河牛通,2026-09-25 17:00:00,1433340,1118,1,【苏星河车机】别急着说你用过豆包，我这个你真没见过2,42185854565,6.69500,1,18,16777215,2026-09-25 23:04:41,1790348681,0,240a36a2,2208363816377589248,0，我朋友抑郁了，搞得我没心情
BV126ht6qESe,117319632165022,【苏星河车机】别急着说你用过豆包，我这个你真没见过,苏星河牛通,2026-09-25 17:00:00,1433340,1118,1,【苏星河车机】别急着说你用过豆包，我这个你真没见过2,42185854565,19.99100,1,25,15138834,2026-09-25 23:04:27,1790348667,0,300b773a,2208363697351672576,豆包其实可以换性别的
BV126ht6qESe,117319632165022,【苏星河车机】别急着说你用过豆包，我这个你真没见过,苏星河牛通,2026-09-25 17:00:00,1433340,1118,1,【苏星河车机】别急着说你用过豆包，我这个你真没见过2,42185854565,5.79600,1,25,16777215,2026-09-25 23:03:18,1790348598,0,6bb85e6c,2208363116281208832,0
BV126ht6qESe,117319632165022,【苏星河车机】别急着说你用过豆包，我这个你真没见过,苏星河牛通,2026-09-25 17:00:00,1433340,1118,1,【苏星河车机】别急着说你用过豆包，我这个你真没见过2,42185854565,1.71600,1,25,16777215,2026-09-25 23:03:16,1790348596,0,f31d68ae,2208363100259510016,0
BV126ht6qESe,117319632165022,【苏星河车机】别急着说你用过豆包，我这个你真没见过,苏星河牛通,2026-09-25 17:00:00,1433340,1118,1,【苏星河车机】别急着说你用过豆包，我这个你真没见过2,42185854565,2.22000,5,25,15138834,2026-09-25 23:02:58,1790348578,0,6e96ea19,2208362950237419008,1，怎么都是零啊？
BV126ht6qESe,117319632165022,【苏星河车机】别急着说你用过豆包，我这个你真没见过,苏星河牛通,2026-09-25 17:00:00,1433340,1118,1,【苏星河车机】别急着说你用过豆包，我这个你真没见过2,42185854565,26.80000,1,25,16777215,2026-09-25 23:02:26,1790348546,0,c2336428,2208362685249271552,憨包
BV126ht6qESe,117319632165022,【苏星河车机】别急着说你用过豆包，我这个你真没见过,苏星河牛通,2026-09-25 17:00:00,1433340,1118,1,【苏星河车机】别急着说你用过豆包，我这个你真没见过2,42185854565,61.65500,1,25,16777215,2026-09-25 23:02:13,1790348533,0,d1474519,2208362574268682240,豆包，你别给我开火山了
BV126ht6qESe,117319632165022,【苏星河车机】别急着说你用过豆包，我这个你真没见过,苏星河牛通,2026-09-25 17:00:00,1433340,1118,1,【苏星河车机】别急着说你用过豆包，我这个你真没见过2,42185854565,5.57600,1,25,16777215,2026-09-25 23:01:41,1790348501,0,d9b7b803,2208362308282676480,0
BV126ht6qESe,117319632165022,【苏星河车机】别急着说你用过豆包，我这个你真没见过,苏星河牛通,2026-09-25 17:00:00,1433340,1118,1,【苏星河车机】别急着说你用过豆包，我这个你真没见过2,42185854565,10.88100,1,25,16777215,2026-09-25 23:01:40,1790348500,0,66a16671,2208362294801619968,100000000个
BV126ht6qESe,117319632165022,【苏星河车机】别急着说你用过豆包，我这个你真没见过,苏星河牛通,2026-09-25 17:00:00,1433340,1118,1,【苏星河车机】别急着说你用过豆包，我这个你真没见过2,42185854565,19.67100,1,25,16777215,2026-09-25 23:01:38,1790348498,0,3237e313,2208362284182211328,这，也算吗
BV126ht6qESe,117319632165022,【苏星河车机】别急着说你用过豆包，我这个你真没见过,苏星河牛通,2026-09-25 17:00:00,1433340,1118,1,【苏星河车机】别急着说你用过豆包，我这个你真没见过2,42185854565,6.50800,1,25,16777215,2026-09-25 23:01:36,1790348496,0,fa8d5c7d,2208362262195032064,0
BV126ht6qESe,117319632165022,【苏星河车机】别急着说你用过豆包，我这个你真没见过,苏星河牛通,2026-09-25 17:00:00,1433340,1118,1,【苏星河车机】别急着说你用过豆包，我这个你真没见过2,42185854565,2.51600,1,25,16777215,2026-09-25 23:01:03,1790348463,0,30c3d742,2208361989238699520,0
BV126ht6qESe,117319632165022,【苏星河车机】别急着说你用过豆包，我这个你真没见过,苏星河牛通,2026-09-25 17:00:00,1433340,1118,1,【苏星河车机】别急着说你用过豆包，我这个你真没见过2,42185854565,5.36500,1,25,16777215,2026-09-25 23:00:42,1790348442,0,3dceb0b5,2208361812993607424,0
BV126ht6qESe,117319632165022,【苏星河车机】别急着说你用过豆包，我这个你真没见过,苏星河牛通,2026-09-25 17:00:00,1433340,1118,1,【苏星河车机】别急着说你用过豆包，我这个你真没见过2,42185854565,6.54400,1,25,16777215,2026-09-25 22:58:58,1790348338,0,15ec5d30,2208360941467388928,0
BV126ht6qESe,117319632165022,【苏星河车机】别急着说你用过豆包，我这个你真没见过,苏星河牛通,2026-09-25 17:00:00,1433340,1118,1,【苏星河车机】别急着说你用过豆包，我这个你真没见过2,42185854565,5.07900,1,25,16777215,2026-09-25 22:58:52,1790348332,0,9c304b39,2208360885070873856,0
BV126ht6qESe,117319632165022,【苏星河车机】别急着说你用过豆包，我这个你真没见过,苏星河牛通,2026-09-25 17:00:00,1433340,1118,1,【苏星河车机】别急着说你用过豆包，我这个你真没见过2,42185854565,6.44400,1,25,16777215,2026-09-25 22:55:22,1790348122,0,564fda48,2208359127171409408,0
BV126ht6qESe,117319632165022,【苏星河车机】别急着说你用过豆包，我这个你真没见过,苏星河牛通,2026-09-25 17:00:00,1433340,1118,1,【苏星河车机】别急着说你用过豆包，我这个你真没见过2,42185854565,26.24000,1,25,16777215,2026-09-25 22:54:55,1790348095,0,2ab370f,2208358903656764672,嗯，能吃
BV126ht6qESe,117319632165022,【苏星河车机】别急着说你用过豆包，我这个你真没见过,苏星河牛通,2026-09-25 17:00:00,1433340,1118,1,【苏星河车机】别急着说你用过豆包，我这个你真没见过2,42185854565,20.79400,1,25,16777215,2026-09-25 22:54:52,1790348092,0,fc739a37,2208358877140666368,不认识
BV126ht6qESe,117319632165022,【苏星河车机】别急着说你用过豆包，我这个你真没见过,苏星河牛通,2026-09-25 17:00:00,1433340,1118,1,【苏星河车机】别急着说你用过豆包，我这个你真没见过2,42185854565,5.61600,1,25,16777215,2026-09-25 22:54:28,1790348068,0,eb812109,2208358674781900032,0
BV126ht6qESe,117319632165022,【苏星河车机】别急着说你用过豆包，我这个你真没见过,苏星河牛通,2026-09-25 17:00:00,1433340,1118,1,【苏星河车机】别急着说你用过豆包，我这个你真没见过2,42185854565,4.05600,1,25,16777215,2026-09-25 22:54:28,1790348068,0,3f35f2a1,2208358671502348032,2
BV126ht6qESe,117319632165022,【苏星河车机】别急着说你用过豆包，我这个你真没见过,苏星河牛通,2026-09-25 17:00:00,1433340,1118,1,【苏星河车机】别急着说你用过豆包，我这个你真没见过2,42185854565,5.19400,1,25,16777215,2026-09-25 22:54:19,1790348059,0,2a7700f2,2208358598168753408,3
BV126ht6qESe,117319632165022,【苏星河车机】别急着说你用过豆包，我这个你真没见过,苏星河牛通,2026-09-25 17:00:00,1433340,1118,1,【苏星河车机】别急着说你用过豆包，我这个你真没见过2,42185854565,6.28100,1,25,16777215,2026-09-25 22:53:44,1790348024,0,46a8038c,2208358303988346112,0
BV126ht6qESe,117319632165022,【苏星河车机】别急着说你用过豆包，我这个你真没见过,苏星河牛通,2026-09-25 17:00:00,1433340,1118,1,【苏星河车机】别急着说你用过豆包，我这个你真没见过2,42185854565,15.28000,1,25,16777215,2026-09-25 22:53:26,1790348006,0,fb53d5a5,2208358156936753920,三五个
BV126ht6qESe,117319632165022,【苏星河车机】别急着说你用过豆包，我这个你真没见过,苏星河牛通,2026-09-25 17:00:00,1433340,1118,1,【苏星河车机】别急着说你用过豆包，我这个你真没见过2,42185854565,20.11300,1,25,16777215,2026-09-25 22:52:35,1790347955,0,5442c5ed,2208357724436770304,我经常骂她，她老给我错误答案
BV126ht6qESe,117319632165022,【苏星河车机】别急着说你用过豆包，我这个你真没见过,苏星河牛通,2026-09-25 17:00:00,1433340,1118,1,【苏星河车机】别急着说你用过豆包，我这个你真没见过2,42185854565,6.67500,5,25,16777215,2026-09-25 22:52:16,1790347936,0,77b5a63e,2208357563115564800,0
BV126ht6qESe,117319632165022,【苏星河车机】别急着说你用过豆包，我这个你真没见过,苏星河牛通,2026-09-25 17:00:00,1433340,1118,1,【苏星河车机】别急着说你用过豆包，我这个你真没见过2,42185854565,20.05900,5,25,41194,2026-09-25 22:52:00,1790347920,0,ad1ea92c,2208357427874306304,我豆包是男的
BV126ht6qESe,117319632165022,【苏星河车机】别急着说你用过豆包，我这个你真没见过,苏星河牛通,2026-09-25 17:00:00,1433340,1118,1,【苏星河车机】别急着说你用过豆包，我这个你真没见过2,42185854565,8.42900,1,25,16777215,2026-09-25 22:50:54,1790347854,0,8fa12bef,2208356880869847040,评论区怎么都是零
BV126ht6qESe,117319632165022,【苏星河车机】别急着说你用过豆包，我这个你真没见过,苏星河牛通,2026-09-25 17:00:00,1433340,1118,1,【苏星河车机】别急着说你用过豆包，我这个你真没见过2,42185854565,9.79900,1,25,16777215,2026-09-25 22:50:52,1790347852,0,54fc5e02,2208356865451151616,O
BV126ht6qESe,117319632165022,【苏星河车机】别急着说你用过豆包，我这个你真没见过,苏星河牛通,2026-09-25 17:00:00,1433340,1118,1,【苏星河车机】别急着说你用过豆包，我这个你真没见过2,42185854565,4.55300,1,25,16777215,2026-09-25 22:50:32,1790347832,0,cfabffb9,2208356697083416064,0
BV126ht6qESe,117319632165022,【苏星河车机】别急着说你用过豆包，我这个你真没见过,苏星河牛通,2026-09-25 17:00:00,1433340,1118,1,【苏星河车机】别急着说你用过豆包，我这个你真没见过2,42185854565,5.64100,1,25,16777215,2026-09-25 22:49:55,1790347795,0,9f8b3006,2208356382536176640,0
BV126ht6qESe,117319632165022,【苏星河车机】别急着说你用过豆包，我这个你真没见过,苏星河牛通,2026-09-25 17:00:00,1433340,1118,1,【苏星河车机】别急着说你用过豆包，我这个你真没见过2,42185854565,4.61200,1,25,16777215,2026-09-25 22:49:41,1790347781,0,9db91917,2208356263962811904,0
BV126ht6qESe,117319632165022,【苏星河车机】别急着说你用过豆包，我这个你真没见过,苏星河牛通,2026-09-25 17:00:00,1433340,1118,1,【苏星河车机】别急着说你用过豆包，我这个你真没见过2,42185854565,7.77400,1,25,16777215,2026-09-25 22:49:40,1790347780,0,a2613cf2,2208356256145302016,还挺多
BV126ht6qESe,117319632165022,【苏星河车机】别急着说你用过豆包，我这个你真没见过,苏星河牛通,2026-09-25 17:00:00,1433340,1118,1,【苏星河车机】别急着说你用过豆包，我这个你真没见过2,42185854565,639.65200,5,25,16765698,2026-09-25 22:49:00,1790347740,0,567b5ed5,2208355923318481408,让我想到了前几天轰动全国的QZ鉴定事件
BV126ht6qESe,117319632165022,【苏星河车机】别急着说你用过豆包，我这个你真没见过,苏星河牛通,2026-09-25 17:00:00,1433340,1118,1,【苏星河车机】别急着说你用过豆包，我这个你真没见过2,42185854565,32.88500,5,25,15138834,2026-09-25 22:48:26,1790347706,0,49620863,2208355633366375680,豆姐给你油门当刹车踩
BV126ht6qESe,117319632165022,【苏星河车机】别急着说你用过豆包，我这个你真没见过,苏星河牛通,2026-09-25 17:00:00,1433340,1118,1,【苏星河车机】别急着说你用过豆包，我这个你真没见过2,42185854565,5.19100,1,25,16777215,2026-09-25 22:48:21,1790347701,0,ab65b686,2208355592169477376,0
BV126ht6qESe,117319632165022,【苏星河车机】别急着说你用过豆包，我这个你真没见过,苏星河牛通,2026-09-25 17:00:00,1433340,1118,1,【苏星河车机】别急着说你用过豆包，我这个你真没见过2,42185854565,6.44600,1,25,16777215,2026-09-25 22:48:12,1790347692,0,3c413eea,2208355518307982336,0
BV126ht6qESe,117319632165022,【苏星河车机】别急着说你用过豆包，我这个你真没见过,苏星河牛通,2026-09-25 17:00:00,1433340,1118,1,【苏星河车机】别急着说你用过豆包，我这个你真没见过2,42185854565,20.02900,1,25,16777215,2026-09-25 22:47:56,1790347676,0,4e613517,2208355383587468544,吓哭了
BV126ht6qESe,117319632165022,【苏星河车机】别急着说你用过豆包，我这个你真没见过,苏星河牛通,2026-09-25 17:00:00,1433340,1118,1,【苏星河车机】别急着说你用过豆包，我这个你真没见过2,42185854565,6.51400,1,25,16777215,2026-09-25 22:47:45,1790347665,0,4691317f,2208355294491878144,0
BV126ht6qESe,117319632165022,【苏星河车机】别急着说你用过豆包，我这个你真没见过,苏星河牛通,2026-09-25 17:00:00,1433340,1118,1,【苏星河车机】别急着说你用过豆包，我这个你真没见过2,42185854565,6.96100,1,25,16777215,2026-09-25 22:47:44,1790347664,0,51e0ca1,2208355285876330240,0
BV126ht6qESe,117319632165022,【苏星河车机】别急着说你用过豆包，我这个你真没见过,苏星河牛通,2026-09-25 17:00:00,1433340,1118,1,【苏星河车机】别急着说你用过豆包，我这个你真没见过2,42185854565,6.03800,1,25,16777215,2026-09-25 22:47:14,1790347634,0,7a5db186,2208355035661374208,0
BV126ht6qESe,117319632165022,【苏星河车机】别急着说你用过豆包，我这个你真没见过,苏星河牛通,2026-09-25 17:00:00,1433340,1118,1,【苏星河车机】别急着说你用过豆包，我这个你真没见过2,42185854565,10.19100,1,25,16777215,2026-09-25 22:47:05,1790347625,0,2f0ec310,2208354961288052224,15以上
BV126ht6qESe,117319632165022,【苏星河车机】别急着说你用过豆包，我这个你真没见过,苏星河牛通,2026-09-25 17:00:00,1433340,1118,1,【苏星河车机】别急着说你用过豆包，我这个你真没见过2,42185854565,9.40900,1,25,16777215,2026-09-25 22:47:00,1790347620,0,edce1966,2208354917213727744,0
BV126ht6qESe,117319632165022,【苏星河车机】别急着说你用过豆包，我这个你真没见过,苏星河牛通,2026-09-25 17:00:00,1433340,1118,1,【苏星河车机】别急着说你用过豆包，我这个你真没见过2,42185854565,9.74800,1,25,16777215,2026-09-25 22:46:51,1790347611,0,18f7d943,2208354835920283136,0
BV126ht6qESe,117319632165022,【苏星河车机】别急着说你用过豆包，我这个你真没见过,苏星河牛通,2026-09-25 17:00:00,1433340,1118,1,【苏星河车机】别急着说你用过豆包，我这个你真没见过2,42185854565,8.30900,1,25,16777215,2026-09-25 22:46:42,1790347602,0,586b2e7d,2208354761278025728,0
BV126ht6qESe,117319632165022,【苏星河车机】别急着说你用过豆包，我这个你真没见过,苏星河牛通,2026-09-25 17:00:00,1433340,1118,1,【苏星河车机】别急着说你用过豆包，我这个你真没见过2,42185854565,5.72100,1,25,16777215,2026-09-25 22:45:55,1790347555,0,26a39b90,2208354368205189376,0
BV126ht6qESe,117319632165022,【苏星河车机】别急着说你用过豆包，我这个你真没见过,苏星河牛通,2026-09-25 17:00:00,1433340,1118,1,【苏星河车机】别急着说你用过豆包，我这个你真没见过2,42185854565,3.09200,1,25,16777215,2026-09-25 22:45:47,1790347547,0,6f8dd321,2208354306733113856,0
BV126ht6qESe,117319632165022,【苏星河车机】别急着说你用过豆包，我这个你真没见过,苏星河牛通,2026-09-25 17:00:00,1433340,1118,1,【苏星河车机】别急着说你用过豆包，我这个你真没见过2,42185854565,11.99700,1,25,16777215,2026-09-25 22:45:24,1790347524,0,c39662e,2208354107881430016,22，0
BV126ht6qESe,117319632165022,【苏星河车机】别急着说你用过豆包，我这个你真没见过,苏星河牛通,2026-09-25 17:00:00,1433340,1118,1,【苏星河车机】别急着说你用过豆包，我这个你真没见过2,42185854565,9.40400,1,25,16777215,2026-09-25 22:44:11,1790347451,0,89c2f1cd,2208353497492508416,1个
BV126ht6qESe,117319632165022,【苏星河车机】别急着说你用过豆包，我这个你真没见过,苏星河牛通,2026-09-25 17:00:00,1433340,1118,1,【苏星河车机】别急着说你用过豆包，我这个你真没见过2,42185854565,9.49900,1,25,16777215,2026-09-25 22:43:48,1790347428,0,5383dcee,2208353307800677376,0
BV126ht6qESe,117319632165022,【苏星河车机】别急着说你用过豆包，我这个你真没见过,苏星河牛通,2026-09-25 17:00:00,1433340,1118,1,【苏星河车机】别急着说你用过豆包，我这个你真没见过2,42185854565,7.66900,5,25,16777215,2026-09-25 22:43:35,1790347415,0,bfe1ba40,2208353196508965888,0
BV126ht6qESe,117319632165022,【苏星河车机】别急着说你用过豆包，我这个你真没见过,苏星河牛通,2026-09-25 17:00:00,1433340,1118,1,【苏星河车机】别急着说你用过豆包，我这个你真没见过2,42185854565,7.23100,5,25,16777215,2026-09-25 22:43:26,1790347406,0,34ebf371,2208353117236836608,0
BV126ht6qESe,117319632165022,【苏星河车机】别急着说你用过豆包，我这个你真没见过,苏星河牛通,2026-09-25 17:00:00,1433340,1118,1,【苏星河车机】别急着说你用过豆包，我这个你真没见过2,42185854565,7.91000,1,25,16777215,2026-09-25 22:43:17,1790347397,0,72afd349,2208353042880048128,0
BV126ht6qESe,117319632165022,【苏星河车机】别急着说你用过豆包，我这个你真没见过,苏星河牛通,2026-09-25 17:00:00,1433340,1118,1,【苏星河车机】别急着说你用过豆包，我这个你真没见过2,42185854565,7.62400,1,25,16777215,2026-09-25 22:43:04,1790347384,0,25351888,2208352933911866368,0
BV126ht6qESe,117319632165022,【苏星河车机】别急着说你用过豆包，我这个你真没见过,苏星河牛通,2026-09-25 17:00:00,1433340,1118,1,【苏星河车机】别急着说你用过豆包，我这个你真没见过2,42185854565,7.16300,1,25,16777215,2026-09-25 22:42:46,1790347366,0,1ca93442,2208352781675840000,0
BV126ht6qESe,117319632165022,【苏星河车机】别急着说你用过豆包，我这个你真没见过,苏星河牛通,2026-09-25 17:00:00,1433340,1118,1,【苏星河车机】别急着说你用过豆包，我这个你真没见过2,42185854565,21.86800,1,25,15772458,2026-09-25 22:42:33,1790347353,0,8ea3c5af,2208352673672728576,我认识了一个收手机的眼镜妹。
BV126ht6qESe,117319632165022,【苏星河车机】别急着说你用过豆包，我这个你真没见过,苏星河牛通,2026-09-25 17:00:00,1433340,1118,1,【苏星河车机】别急着说你用过豆包，我这个你真没见过2,42185854565,9.35700,1,25,16777215,2026-09-25 22:42:32,1790347352,0,335614a7,2208352664310976000,0
BV126ht6qESe,117319632165022,【苏星河车机】别急着说你用过豆包，我这个你真没见过,苏星河牛通,2026-09-25 17:00:00,1433340,1118,1,【苏星河车机】别急着说你用过豆包，我这个你真没见过2,42185854565,8.87700,1,25,16777215,2026-09-25 22:42:31,1790347351,0,f9042344,2208352657750605824,0
BV126ht6qESe,117319632165022,【苏星河车机】别急着说你用过豆包，我这个你真没见过,苏星河牛通,2026-09-25 17:00:00,1433340,1118,1,【苏星河车机】别急着说你用过豆包，我这个你真没见过2,42185854565,9.39500,1,25,16777215,2026-09-25 22:42:26,1790347346,0,fa9e0754,2208352617107971328,0
BV126ht6qESe,117319632165022,【苏星河车机】别急着说你用过豆包，我这个你真没见过,苏星河牛通,2026-09-25 17:00:00,1433340,1118,1,【苏星河车机】别急着说你用过豆包，我这个你真没见过2,42185854565,5.78000,1,25,16777215,2026-09-25 22:41:59,1790347319,0,bde2659f,2208352386144229376,0
BV126ht6qESe,117319632165022,【苏星河车机】别急着说你用过豆包，我这个你真没见过,苏星河牛通,2026-09-25 17:00:00,1433340,1118,1,【苏星河车机】别急着说你用过豆包，我这个你真没见过2,42185854565,8.74000,1,25,16777215,2026-09-25 22:41:56,1790347316,0,1f56030,2208352364921216256,47
BV126ht6qESe,117319632165022,【苏星河车机】别急着说你用过豆包，我这个你真没见过,苏星河牛通,2026-09-25 17:00:00,1433340,1118,1,【苏星河车机】别急着说你用过豆包，我这个你真没见过2,42185854565,16.65700,5,25,15138834,2026-09-25 22:41:56,1790347316,0,26786300,2208352362002052864,认识吗？这也算那认识几千个
BV126ht6qESe,117319632165022,【苏星河车机】别急着说你用过豆包，我这个你真没见过,苏星河牛通,2026-09-25 17:00:00,1433340,1118,1,【苏星河车机】别急着说你用过豆包，我这个你真没见过2,42185854565,1.36100,1,25,16777215,2026-09-25 22:41:38,1790347298,0,fd599dfa,2208352213019936000,0
BV126ht6qESe,117319632165022,【苏星河车机】别急着说你用过豆包，我这个你真没见过,苏星河牛通,2026-09-25 17:00:00,1433340,1118,1,【苏星河车机】别急着说你用过豆包，我这个你真没见过2,42185854565,7.76000,1,25,16777215,2026-09-25 22:41:28,1790347288,0,a9d31363,2208352131919606784,0
BV126ht6qESe,117319632165022,【苏星河车机】别急着说你用过豆包，我这个你真没见过,苏星河牛通,2026-09-25 17:00:00,1433340,1118,1,【苏星河车机】别急着说你用过豆包，我这个你真没见过2,42185854565,200.15900,1,25,16777215,2026-09-25 22:41:14,1790347274,0,e1b52401,2208352011710778368,福州话
BV126ht6qESe,117319632165022,【苏星河车机】别急着说你用过豆包，我这个你真没见过,苏星河牛通,2026-09-25 17:00:00,1433340,1118,1,【苏星河车机】别急着说你用过豆包，我这个你真没见过2,42185854565,7.66500,1,25,16777215,2026-09-25 22:40:16,1790347216,0,b4a01cdc,2208351526479793152,0
BV126ht6qESe,117319632165022,【苏星河车机】别急着说你用过豆包，我这个你真没见过,苏星河牛通,2026-09-25 17:00:00,1433340,1118,1,【苏星河车机】别急着说你用过豆包，我这个你真没见过2,42185854565,9.67900,1,25,16777215,2026-09-25 22:40:05,1790347205,0,287a7b61,2208351429683499008,0
BV126ht6qESe,117319632165022,【苏星河车机】别急着说你用过豆包，我这个你真没见过,苏星河牛通,2026-09-25 17:00:00,1433340,1118,1,【苏星河车机】别急着说你用过豆包，我这个你真没见过2,42185854565,40.75400,1,25,16777215,2026-09-25 22:39:49,1790347189,0,a6f785fa,2208351301212258816,可怕我
BV126ht6qESe,117319632165022,【苏星河车机】别急着说你用过豆包，我这个你真没见过,苏星河牛通,2026-09-25 17:00:00,1433340,1118,1,【苏星河车机】别急着说你用过豆包，我这个你真没见过2,42185854565,6.44700,5,25,15772458,2026-09-25 22:39:16,1790347156,0,9d6bc2f5,2208351020621510144,新学期 班里有多少认识多少
BV126ht6qESe,117319632165022,【苏星河车机】别急着说你用过豆包，我这个你真没见过,苏星河牛通,2026-09-25 17:00:00,1433340,1118,1,【苏星河车机】别急着说你用过豆包，我这个你真没见过2,42185854565,6.99100,1,25,16777215,2026-09-25 22:38:27,1790347107,0,654436bd,2208350608657565184,0
BV126ht6qESe,117319632165022,【苏星河车机】别急着说你用过豆包，我这个你真没见过,苏星河牛通,2026-09-25 17:00:00,1433340,1118,1,【苏星河车机】别急着说你用过豆包，我这个你真没见过2,42185854565,645.18300,1,25,16777215,2026-09-25 22:37:23,1790347043,0,2302068b,2208350078858259200,还尼玛本质和谐。使用者觉得好用就是好产品，你要标榜价值观可以自己做选择，别绑架别人。
BV126ht6qESe,117319632165022,【苏星河车机】别急着说你用过豆包，我这个你真没见过,苏星河牛通,2026-09-25 17:00:00,1433340,1118,1,【苏星河车机】别急着说你用过豆包，我这个你真没见过2,42185854565,6.35600,1,25,16777215,2026-09-25 22:37:01,1790347021,0,9a3eebb5,2208349888176674304,0
BV126ht6qESe,117319632165022,【苏星河车机】别急着说你用过豆包，我这个你真没见过,苏星河牛通,2026-09-25 17:00:00,1433340,1118,1,【苏星河车机】别急着说你用过豆包，我这个你真没见过2,42185854565,7.31500,1,25,16777215,2026-09-25 22:36:07,1790346967,0,38b39eb5,2208349439025577472,0
BV126ht6qESe,117319632165022,【苏星河车机】别急着说你用过豆包，我这个你真没见过,苏星河牛通,2026-09-25 17:00:00,1433340,1118,1,【苏星河车机】别急着说你用过豆包，我这个你真没见过2,42185854565,4.85300,1,25,16777215,2026-09-25 22:34:11,1790346851,0,51df73f5,2208348460779193600,0
BV126ht6qESe,117319632165022,【苏星河车机】别急着说你用过豆包，我这个你真没见过,苏星河牛通,2026-09-25 17:00:00,1433340,1118,1,【苏星河车机】别急着说你用过豆包，我这个你真没见过2,42185854565,79.92300,1,25,16777215,2026-09-25 22:33:22,1790346802,0,a9a6b255,2208348053604274176,sans？
BV126ht6qESe,117319632165022,【苏星河车机】别急着说你用过豆包，我这个你真没见过,苏星河牛通,2026-09-25 17:00:00,1433340,1118,1,【苏星河车机】别急着说你用过豆包，我这个你真没见过2,42185854565,7.18000,1,25,16777215,2026-09-25 22:33:21,1790346801,0,c0130d1d,2208348041072400128,0
BV126ht6qESe,117319632165022,【苏星河车机】别急着说你用过豆包，我这个你真没见过,苏星河牛通,2026-09-25 17:00:00,1433340,1118,1,【苏星河车机】别急着说你用过豆包，我这个你真没见过2,42185854565,8.24900,1,25,16777215,2026-09-25 22:32:06,1790346726,0,db4d0c39,2208347417161231616,0
BV126ht6qESe,117319632165022,【苏星河车机】别急着说你用过豆包，我这个你真没见过,苏星河牛通,2026-09-25 17:00:00,1433340,1118,1,【苏星河车机】别急着说你用过豆包，我这个你真没见过2,42185854565,7.32500,1,25,16777215,2026-09-25 22:28:50,1790346530,0,3ea67765,2208345769772945664,0
BV126ht6qESe,117319632165022,【苏星河车机】别急着说你用过豆包，我这个你真没见过,苏星河牛通,2026-09-25 17:00:00,1433340,1118,1,【苏星河车机】别急着说你用过豆包，我这个你真没见过2,42185854565,35.03600,1,25,16777215,2026-09-25 22:28:15,1790346495,0,dc88a5fd,2208345478201695232,废了
BV126ht6qESe,117319632165022,【苏星河车机】别急着说你用过豆包，我这个你真没见过,苏星河牛通,2026-09-25 17:00:00,1433340,1118,1,【苏星河车机】别急着说你用过豆包，我这个你真没见过2,42185854565,7.24800,1,25,16777215,2026-09-25 22:27:28,1790346448,0,624f631d,2208345081697307648,0
BV126ht6qESe,117319632165022,【苏星河车机】别急着说你用过豆包，我这个你真没见过,苏星河牛通,2026-09-25 17:00:00,1433340,1118,1,【苏星河车机】别急着说你用过豆包，我这个你真没见过2,42185854565,7.02700,1,25,16777215,2026-09-25 22:26:38,1790346398,0,fcbae6a7,2208344667811172352,0
BV126ht6qESe,117319632165022,【苏星河车机】别急着说你用过豆包，我这个你真没见过,苏星河牛通,2026-09-25 17:00:00,1433340,1118,1,【苏星河车机】别急着说你用过豆包，我这个你真没见过2,42185854565,8.94800,1,25,16777215,2026-09-25 22:26:16,1790346376,0,17269678,2208344480242030080,0
BV126ht6qESe,117319632165022,【苏星河车机】别急着说你用过豆包，我这个你真没见过,苏星河牛通,2026-09-25 17:00:00,1433340,1118,1,【苏星河车机】别急着说你用过豆包，我这个你真没见过2,42185854565,7.56200,1,25,16777215,2026-09-25 22:25:25,1790346325,0,9fa8f0eb,2208344050779093248,0
BV126ht6qESe,117319632165022,【苏星河车机】别急着说你用过豆包，我这个你真没见过,苏星河牛通,2026-09-25 17:00:00,1433340,1118,1,【苏星河车机】别急着说你用过豆包，我这个你真没见过2,42185854565,261.57700,1,25,16777215,2026-09-25 22:24:18,1790346258,0,329e3096,2208343489631546368,如果是杭州人豆包是不是就傻了？
BV126ht6qESe,117319632165022,【苏星河车机】别急着说你用过豆包，我这个你真没见过,苏星河牛通,2026-09-25 17:00:00,1433340,1118,1,【苏星河车机】别急着说你用过豆包，我这个你真没见过2,42185854565,7.36900,1,25,16777215,2026-09-25 22:22:59,1790346179,0,daf70d4c,2208342824104552448,0
BV126ht6qESe,117319632165022,【苏星河车机】别急着说你用过豆包，我这个你真没见过,苏星河牛通,2026-09-25 17:00:00,1433340,1118,1,【苏星河车机】别急着说你用过豆包，我这个你真没见过2,42185854565,298.71300,1,25,16777215,2026-09-25 22:22:03,1790346123,0,a6af2dce,2208342359215716608,？
BV126ht6qESe,117319632165022,【苏星河车机】别急着说你用过豆包，我这个你真没见过,苏星河牛通,2026-09-25 17:00:00,1433340,1118,1,【苏星河车机】别急着说你用过豆包，我这个你真没见过2,42185854565,18.28800,1,25,16777215,2026-09-25 22:21:58,1790346118,0,b018513,2208342312139090176,不是，你要说网上的那可太多了
BV126ht6qESe,117319632165022,【苏星河车机】别急着说你用过豆包，我这个你真没见过,苏星河牛通,2026-09-25 17:00:00,1433340,1118,1,【苏星河车机】别急着说你用过豆包，我这个你真没见过2,42185854565,8.28300,1,25,16777215,2026-09-25 22:20:36,1790346036,0,78bd8a5,2208341630170630656,的确0个
BV1efhx62ESo,117318524865832,吉利银河E5的智驾ok不ok？,-大懒货-,2026-09-23 21:35:00,3938,31,1,吉利银河E5的智驾ok不ok？,42127985878,174.67300,1,25,16777215,2026-09-24 20:32:01,1790253121,0,c6e81495,2207562198707649536,对千里冒汗来说 是有点难
BV1efhx62ESo,117318524865832,吉利银河E5的智驾ok不ok？,-大懒货-,2026-09-23 21:35:00,3938,31,1,吉利银河E5的智驾ok不ok？,42127985878,271.73000,1,25,16777215,2026-09-24 14:48:24,1790232504,0,9d440a1b,2207389249744561152,H7也不行
BV1Rs4y1C7Mz,997698817,何小鹏亲自驾驶G6教你如何使用XNGP!   G6 P7i G9,dod魂猪,2023-06-26 12:48:59,41820,126,1,何小鹏亲自驾驶G6教你如何使用XNGP!   G6 P7i G9,1177098222,17.57900,1,25,16777215,2023-07-01 09:36:07,1688175367,0,c215d93e,1351271939225974016,为什么不开比亚迪？
BV1Rs4y1C7Mz,997698817,何小鹏亲自驾驶G6教你如何使用XNGP!   G6 P7i G9,dod魂猪,2023-06-26 12:48:59,41820,126,1,何小鹏亲自驾驶G6教你如何使用XNGP!   G6 P7i G9,1177098222,158.84100,1,25,16777215,2023-06-30 10:05:03,1688090703,0,e5ede1ba,1350561719499430400,回：有水肯定要加速啊
BV1Rs4y1C7Mz,997698817,何小鹏亲自驾驶G6教你如何使用XNGP!   G6 P7i G9,dod魂猪,2023-06-26 12:48:59,41820,126,1,何小鹏亲自驾驶G6教你如何使用XNGP!   G6 P7i G9,1177098222,27.69300,1,25,16777215,2023-11-29 19:43:28,1701258208,0,61be378d,1461018757568067584,广州电鸡真遥遥领先
BV1Rs4y1C7Mz,997698817,何小鹏亲自驾驶G6教你如何使用XNGP!   G6 P7i G9,dod魂猪,2023-06-26 12:48:59,41820,126,1,何小鹏亲自驾驶G6教你如何使用XNGP!   G6 P7i G9,1177098222,80.67700,1,25,16777215,2023-08-27 18:52:45,1693133565,0,b920eb9c,1392864316713275392,这是你们最讨厌的地方，咚咚个没玩没了
BV1Rs4y1C7Mz,997698817,何小鹏亲自驾驶G6教你如何使用XNGP!   G6 P7i G9,dod魂猪,2023-06-26 12:48:59,41820,126,1,何小鹏亲自驾驶G6教你如何使用XNGP!   G6 P7i G9,1177098222,100.84900,1,25,16707842,2023-08-06 15:38:27,1691307507,0,f227379b,1377546228845515520,人手洗护栏………
BV1Rs4y1C7Mz,997698817,何小鹏亲自驾驶G6教你如何使用XNGP!   G6 P7i G9,dod魂猪,2023-06-26 12:48:59,41820,126,1,何小鹏亲自驾驶G6教你如何使用XNGP!   G6 P7i G9,1177098222,183.64500,1,25,16777215,2023-07-22 02:32:53,1689964373,0,ffb5c2dd,1366279208556557312,快滴去厂打螺丝。。我要等7周，好痛苦喂。。。
BV1Rs4y1C7Mz,997698817,何小鹏亲自驾驶G6教你如何使用XNGP!   G6 P7i G9,dod魂猪,2023-06-26 12:48:59,41820,126,1,何小鹏亲自驾驶G6教你如何使用XNGP!   G6 P7i G9,1177098222,71.41900,1,25,16777215,2023-07-15 01:16:24,1689354984,0,6e18e287,1361167284055390720,跟特斯拉确实一样。。。
BV1Rs4y1C7Mz,997698817,何小鹏亲自驾驶G6教你如何使用XNGP!   G6 P7i G9,dod魂猪,2023-06-26 12:48:59,41820,126,1,何小鹏亲自驾驶G6教你如何使用XNGP!   G6 P7i G9,1177098222,182.46200,1,25,16777215,2023-07-12 08:52:23,1689123143,0,33d78149,1359222459714312704,都是小鹏
BV1Rs4y1C7Mz,997698817,何小鹏亲自驾驶G6教你如何使用XNGP!   G6 P7i G9,dod魂猪,2023-06-26 12:48:59,41820,126,1,何小鹏亲自驾驶G6教你如何使用XNGP!   G6 P7i G9,1177098222,165.21900,1,25,16777215,2023-07-02 20:44:13,1688301853,0,e3c97326,1352332976452565248,这里支持点赞
BV1Rs4y1C7Mz,997698817,何小鹏亲自驾驶G6教你如何使用XNGP!   G6 P7i G9,dod魂猪,2023-06-26 12:48:59,41820,126,1,何小鹏亲自驾驶G6教你如何使用XNGP!   G6 P7i G9,1177098222,38.29100,1,25,16777215,2023-07-02 15:16:43,1688282203,0,a7749ec6,1352168144785156608,周杰伦- 安静
BV1Rs4y1C7Mz,997698817,何小鹏亲自驾驶G6教你如何使用XNGP!   G6 P7i G9,dod魂猪,2023-06-26 12:48:59,41820,126,1,何小鹏亲自驾驶G6教你如何使用XNGP!   G6 P7i G9,1177098222,159.16300,1,25,16777215,2023-07-01 00:03:03,1688140983,0,636961ca,1350983505345453056,老回：？
BV1Rs4y1C7Mz,997698817,何小鹏亲自驾驶G6教你如何使用XNGP!   G6 P7i G9,dod魂猪,2023-06-26 12:48:59,41820,126,1,何小鹏亲自驾驶G6教你如何使用XNGP!   G6 P7i G9,1177098222,136.27000,1,25,16777215,2023-06-29 16:53:46,1688028826,0,d3b3c003,1350042658315671296,之前小鹏追尾撞死的那个咋解决的？
BV1Rs4y1C7Mz,997698817,何小鹏亲自驾驶G6教你如何使用XNGP!   G6 P7i G9,dod魂猪,2023-06-26 12:48:59,41820,126,1,何小鹏亲自驾驶G6教你如何使用XNGP!   G6 P7i G9,1177098222,141.32300,1,25,16777215,2023-06-27 20:31:20,1687869080,0,88b7f20e,1348702616263449600,路况真好
BV1kV4y1s7ja,857109416,小鹏P5：怎样打开辅助驾驶？#小鹏汽车#小鹏P5#大飙车,大飙车,2022-08-15 20:14:31,1391,0,1,小鹏P5：怎样打开辅助驾驶？#小鹏汽车#小鹏P5#大飙车,804530782,174.66500,1,25,16777215,2022-08-15 23:25:40,1660577140,0,4fc2b952,1119761227527191552,那为什么我不自己开呢
BV1kV4y1s7ja,857109416,小鹏P5：怎样打开辅助驾驶？#小鹏汽车#小鹏P5#大飙车,大飙车,2022-08-15 20:14:31,1391,0,1,小鹏P5：怎样打开辅助驾驶？#小鹏汽车#小鹏P5#大飙车,804530782,161.85500,1,25,16777215,2022-08-15 23:25:21,1660577121,0,4fc2b952,1119761072153288192,小鹏还好意思吹的就这
BV1T8hy6JEmr,117330654795747,后驱245kW+CCD可调悬架！全新吉利银河E5试驾分享,POVDrive,2026-09-25 18:00:00,29754,345,1,245kW后驱+CCD可调悬架！全新吉利银河E5试驾分享,42188144644,581.75600,1,25,16777215,2026-09-27 09:04:13,1790471053,0,b9d61e73,2209390346705157376,说法不同罢了，一样的东西
BV1T8hy6JEmr,117330654795747,后驱245kW+CCD可调悬架！全新吉利银河E5试驾分享,POVDrive,2026-09-25 18:00:00,29754,345,1,245kW后驱+CCD可调悬架！全新吉利银河E5试驾分享,42188144644,6.72000,1,25,16777215,2026-09-26 20:55:19,1790427319,0,1993ffce,2209023479641878784,放个平板咋了  我还喜欢两个平板的
BV1T8hy6JEmr,117330654795747,后驱245kW+CCD可调悬架！全新吉利银河E5试驾分享,POVDrive,2026-09-25 18:00:00,29754,345,1,245kW后驱+CCD可调悬架！全新吉利银河E5试驾分享,42188144644,282.08200,1,25,16777215,2026-09-26 00:20:07,1790353207,0,9afca5e9,2208401784458716928,千里冒汗不跟你嘻嘻哈哈
BV1T8hy6JEmr,117330654795747,后驱245kW+CCD可调悬架！全新吉利银河E5试驾分享,POVDrive,2026-09-25 18:00:00,29754,345,1,245kW后驱+CCD可调悬架！全新吉利银河E5试驾分享,42188144644,213.80300,1,25,16777215,2026-09-25 21:10:47,1790341847,0,9d9e6bfc,2208306490694228736,前脸有点绷不住的表情
BV1T8hy6JEmr,117330654795747,后驱245kW+CCD可调悬架！全新吉利银河E5试驾分享,POVDrive,2026-09-25 18:00:00,29754,345,1,245kW后驱+CCD可调悬架！全新吉利银河E5试驾分享,42188144644,20.19100,1,25,16777215,2026-09-25 20:45:38,1790340338,0,4ed6def6,2208293827553412352,E！5！
BV1T8hy6JEmr,117330654795747,后驱245kW+CCD可调悬架！全新吉利银河E5试驾分享,POVDrive,2026-09-25 18:00:00,29754,345,1,245kW后驱+CCD可调悬架！全新吉利银河E5试驾分享,42188144644,283.14000,1,25,16777215,2026-09-28 19:31:51,1790595111,0,27e11f83,2210431016131180288,正品吉利智驾
BV1T8hy6JEmr,117330654795747,后驱245kW+CCD可调悬架！全新吉利银河E5试驾分享,POVDrive,2026-09-25 18:00:00,29754,345,1,245kW后驱+CCD可调悬架！全新吉利银河E5试驾分享,42188144644,337.28700,1,25,16777215,2026-09-28 17:14:47,1790586887,3,239302ff,2210362035844448768,4
BV1T8hy6JEmr,117330654795747,后驱245kW+CCD可调悬架！全新吉利银河E5试驾分享,POVDrive,2026-09-25 18:00:00,29754,345,1,245kW后驱+CCD可调悬架！全新吉利银河E5试驾分享,42188144644,183.52800,1,25,16777215,2026-09-28 15:29:53,1790580593,3,8403ba33,2210309231134188032,4
BV1T8hy6JEmr,117330654795747,后驱245kW+CCD可调悬架！全新吉利银河E5试驾分享,POVDrive,2026-09-25 18:00:00,29754,345,1,245kW后驱+CCD可调悬架！全新吉利银河E5试驾分享,42188144644,338.00000,1,25,16777215,2026-09-28 14:16:40,1790576200,3,7151bbe3,2210272382437078272,4
BV1T8hy6JEmr,117330654795747,后驱245kW+CCD可调悬架！全新吉利银河E5试驾分享,POVDrive,2026-09-25 18:00:00,29754,345,1,245kW后驱+CCD可调悬架！全新吉利银河E5试驾分享,42188144644,183.64400,1,25,16777215,2026-09-28 12:05:19,1790568319,3,2e5492d3,2210206272429746432,4
BV1T8hy6JEmr,117330654795747,后驱245kW+CCD可调悬架！全新吉利银河E5试驾分享,POVDrive,2026-09-25 18:00:00,29754,345,1,245kW后驱+CCD可调悬架！全新吉利银河E5试驾分享,42188144644,270.79800,1,25,16777215,2026-09-28 08:56:05,1790556965,0,fcbc15c2,2210111027864294144,自己的电池
BV1T8hy6JEmr,117330654795747,后驱245kW+CCD可调悬架！全新吉利银河E5试驾分享,POVDrive,2026-09-25 18:00:00,29754,345,1,245kW后驱+CCD可调悬架！全新吉利银河E5试驾分享,42188144644,6.60700,1,25,16777215,2026-09-28 08:52:23,1790556743,0,fcbc15c2,2210109163453967104,钥匙终于换了
BV1T8hy6JEmr,117330654795747,后驱245kW+CCD可调悬架！全新吉利银河E5试驾分享,POVDrive,2026-09-25 18:00:00,29754,345,1,245kW后驱+CCD可调悬架！全新吉利银河E5试驾分享,42188144644,341.27700,1,25,16777215,2026-09-28 04:21:33,1790540493,0,c371deb2,2209972853909682688,喜欢星舰7的外观，结果纯电是前驱
BV1T8hy6JEmr,117330654795747,后驱245kW+CCD可调悬架！全新吉利银河E5试驾分享,POVDrive,2026-09-25 18:00:00,29754,345,1,245kW后驱+CCD可调悬架！全新吉利银河E5试驾分享,42188144644,212.30700,1,25,16777215,2026-09-27 23:19:45,1790522385,0,8c053bb0,2209820949799260672,前脸……
BV1T8hy6JEmr,117330654795747,后驱245kW+CCD可调悬架！全新吉利银河E5试驾分享,POVDrive,2026-09-25 18:00:00,29754,345,1,245kW后驱+CCD可调悬架！全新吉利银河E5试驾分享,42188144644,236.74200,1,25,16777215,2026-09-27 19:53:21,1790510001,0,ea0b46f4,2209717070101332224,这是顶配
BV1T8hy6JEmr,117330654795747,后驱245kW+CCD可调悬架！全新吉利银河E5试驾分享,POVDrive,2026-09-25 18:00:00,29754,345,1,245kW后驱+CCD可调悬架！全新吉利银河E5试驾分享,42188144644,179.55700,1,25,16777215,2026-09-27 19:52:50,1790509970,3,ea0b46f4,2209716808972688896,3
BV1T8hy6JEmr,117330654795747,后驱245kW+CCD可调悬架！全新吉利银河E5试驾分享,POVDrive,2026-09-25 18:00:00,29754,345,1,245kW后驱+CCD可调悬架！全新吉利银河E5试驾分享,42188144644,184.00000,1,25,16777215,2026-09-27 18:45:23,1790505923,3,b5c8fb74,2209682859453643776,5
BV1T8hy6JEmr,117330654795747,后驱245kW+CCD可调悬架！全新吉利银河E5试驾分享,POVDrive,2026-09-25 18:00:00,29754,345,1,245kW后驱+CCD可调悬架！全新吉利银河E5试驾分享,42188144644,337.45700,1,25,16777215,2026-09-27 16:20:19,1790497219,3,4d2378f1,2209609840404222464,5
BV1T8hy6JEmr,117330654795747,后驱245kW+CCD可调悬架！全新吉利银河E5试驾分享,POVDrive,2026-09-25 18:00:00,29754,345,1,245kW后驱+CCD可调悬架！全新吉利银河E5试驾分享,42188144644,184.36400,1,25,16777215,2026-09-27 11:08:31,1790478511,3,bfa54657,2209452912223401728,5
BV1T8hy6JEmr,117330654795747,后驱245kW+CCD可调悬架！全新吉利银河E5试驾分享,POVDrive,2026-09-25 18:00:00,29754,345,1,245kW后驱+CCD可调悬架！全新吉利银河E5试驾分享,42188144644,338.00000,1,25,16777215,2026-09-27 10:22:54,1790475774,3,694fb6a0,2209429946420530176,4
BV1T8hy6JEmr,117330654795747,后驱245kW+CCD可调悬架！全新吉利银河E5试驾分享,POVDrive,2026-09-25 18:00:00,29754,345,1,245kW后驱+CCD可调悬架！全新吉利银河E5试驾分享,42188144644,336.76900,1,25,16777215,2026-09-27 09:01:18,1790470878,3,53d9c2c4,2209388881953081088,4
BV1T8hy6JEmr,117330654795747,后驱245kW+CCD可调悬架！全新吉利银河E5试驾分享,POVDrive,2026-09-25 18:00:00,29754,345,1,245kW后驱+CCD可调悬架！全新吉利银河E5试驾分享,42188144644,181.02300,1,25,16777215,2026-09-27 08:58:40,1790470720,3,53d9c2c4,2209387553851877120,5
BV1T8hy6JEmr,117330654795747,后驱245kW+CCD可调悬架！全新吉利银河E5试驾分享,POVDrive,2026-09-25 18:00:00,29754,345,1,245kW后驱+CCD可调悬架！全新吉利银河E5试驾分享,42188144644,338.51500,1,25,16777215,2026-09-27 08:41:31,1790469691,3,d1ca19b4,2209378923400346624,5
BV1T8hy6JEmr,117330654795747,后驱245kW+CCD可调悬架！全新吉利银河E5试驾分享,POVDrive,2026-09-25 18:00:00,29754,345,1,245kW后驱+CCD可调悬架！全新吉利银河E5试驾分享,42188144644,338.23400,1,25,16777215,2026-09-26 23:57:01,1790438221,0,85a05c17,2209114934385301504,阳光开朗微笑男孩，跟旧款海豹06邪恶微笑一样搞笑
BV1T8hy6JEmr,117330654795747,后驱245kW+CCD可调悬架！全新吉利银河E5试驾分享,POVDrive,2026-09-25 18:00:00,29754,345,1,245kW后驱+CCD可调悬架！全新吉利银河E5试驾分享,42188144644,282.65400,1,25,16777215,2026-09-26 23:55:29,1790438129,0,85a05c17,2209114161140275968,依旧千里冒汗，想要智驾去看别的牌子，不要看吉利系的
BV1T8hy6JEmr,117330654795747,后驱245kW+CCD可调悬架！全新吉利银河E5试驾分享,POVDrive,2026-09-25 18:00:00,29754,345,1,245kW后驱+CCD可调悬架！全新吉利银河E5试驾分享,42188144644,272.68200,1,25,16777215,2026-09-26 23:54:21,1790438061,0,85a05c17,2209113591041996288,吉利自家的电池
BV1T8hy6JEmr,117330654795747,后驱245kW+CCD可调悬架！全新吉利银河E5试驾分享,POVDrive,2026-09-25 18:00:00,29754,345,1,245kW后驱+CCD可调悬架！全新吉利银河E5试驾分享,42188144644,183.10600,1,25,16777215,2026-09-26 23:37:44,1790437064,3,548bbbdf,2209105226341116672,5
BV1T8hy6JEmr,117330654795747,后驱245kW+CCD可调悬架！全新吉利银河E5试驾分享,POVDrive,2026-09-25 18:00:00,29754,345,1,245kW后驱+CCD可调悬架！全新吉利银河E5试驾分享,42188144644,282.44400,1,25,16777215,2026-09-26 23:24:11,1790436251,0,b6f1c675,2209098410060018432,你是从敦煌来的吗，壁画这么多？
BV1T8hy6JEmr,117330654795747,后驱245kW+CCD可调悬架！全新吉利银河E5试驾分享,POVDrive,2026-09-25 18:00:00,29754,345,1,245kW后驱+CCD可调悬架！全新吉利银河E5试驾分享,42188144644,272.16500,1,25,16777215,2026-09-26 23:14:09,1790435649,0,2e6f82f5,2209093357845383424,人家都说了神刀第二代了 吉利自己的电池
BV1T8hy6JEmr,117330654795747,后驱245kW+CCD可调悬架！全新吉利银河E5试驾分享,POVDrive,2026-09-25 18:00:00,29754,345,1,245kW后驱+CCD可调悬架！全新吉利银河E5试驾分享,42188144644,335.52600,1,25,16777215,2026-09-26 23:10:31,1790435431,3,729f3ce,2209091530420320000,5
BV1T8hy6JEmr,117330654795747,后驱245kW+CCD可调悬架！全新吉利银河E5试驾分享,POVDrive,2026-09-25 18:00:00,29754,345,1,245kW后驱+CCD可调悬架！全新吉利银河E5试驾分享,42188144644,181.04500,1,25,16777215,2026-09-26 22:42:44,1790433764,3,49c0322e,2209077544723178240,3
BV1T8hy6JEmr,117330654795747,后驱245kW+CCD可调悬架！全新吉利银河E5试驾分享,POVDrive,2026-09-25 18:00:00,29754,345,1,245kW后驱+CCD可调悬架！全新吉利银河E5试驾分享,42188144644,499.80900,1,25,16777215,2026-09-26 22:34:36,1790433276,0,f0979f4a,2209073448372732160,换挡是？？
BV1T8hy6JEmr,117330654795747,后驱245kW+CCD可调悬架！全新吉利银河E5试驾分享,POVDrive,2026-09-25 18:00:00,29754,345,1,245kW后驱+CCD可调悬架！全新吉利银河E5试驾分享,42188144644,464.35500,1,25,16777215,2026-09-26 22:34:00,1790433240,0,f0979f4a,2209073151256712448,还带天窗？
BV1T8hy6JEmr,117330654795747,后驱245kW+CCD可调悬架！全新吉利银河E5试驾分享,POVDrive,2026-09-25 18:00:00,29754,345,1,245kW后驱+CCD可调悬架！全新吉利银河E5试驾分享,42188144644,370.48200,1,25,16777215,2026-09-26 22:33:17,1790433197,0,f0979f4a,2209072785622358016,屁，15度
BV1T8hy6JEmr,117330654795747,后驱245kW+CCD可调悬架！全新吉利银河E5试驾分享,POVDrive,2026-09-25 18:00:00,29754,345,1,245kW后驱+CCD可调悬架！全新吉利银河E5试驾分享,42188144644,308.48200,1,25,16777215,2026-09-26 22:32:15,1790433135,0,f0979f4a,2209072265570737152,那不是顶多和比亚的天神之眼C差不多了？
BV1T8hy6JEmr,117330654795747,后驱245kW+CCD可调悬架！全新吉利银河E5试驾分享,POVDrive,2026-09-25 18:00:00,29754,345,1,245kW后驱+CCD可调悬架！全新吉利银河E5试驾分享,42188144644,265.55400,1,25,16777215,2026-09-26 22:31:32,1790433092,0,f0979f4a,2209071905061824256,就是不提电池是什么牌子的？
BV1T8hy6JEmr,117330654795747,后驱245kW+CCD可调悬架！全新吉利银河E5试驾分享,POVDrive,2026-09-25 18:00:00,29754,345,1,245kW后驱+CCD可调悬架！全新吉利银河E5试驾分享,42188144644,108.00600,1,25,16777215,2026-09-26 22:29:30,1790432970,0,f0979f4a,2209070882784331264,为什么又是雅迪屏？
BV1T8hy6JEmr,117330654795747,后驱245kW+CCD可调悬架！全新吉利银河E5试驾分享,POVDrive,2026-09-25 18:00:00,29754,345,1,245kW后驱+CCD可调悬架！全新吉利银河E5试驾分享,42188144644,335.14500,1,25,16777215,2026-09-26 22:21:28,1790432488,3,654e3461,2209066837210073600,1
BV1T8hy6JEmr,117330654795747,后驱245kW+CCD可调悬架！全新吉利银河E5试驾分享,POVDrive,2026-09-25 18:00:00,29754,345,1,245kW后驱+CCD可调悬架！全新吉利银河E5试驾分享,42188144644,702.04700,1,25,16777215,2026-09-26 22:19:03,1790432343,3,4e1695bd,2209065627078040064,5
BV1T8hy6JEmr,117330654795747,后驱245kW+CCD可调悬架！全新吉利银河E5试驾分享,POVDrive,2026-09-25 18:00:00,29754,345,1,245kW后驱+CCD可调悬架！全新吉利银河E5试驾分享,42188144644,183.67700,1,25,16777215,2026-09-26 22:09:53,1790431793,3,4e1695bd,2209061006683305472,4
BV1T8hy6JEmr,117330654795747,后驱245kW+CCD可调悬架！全新吉利银河E5试驾分享,POVDrive,2026-09-25 18:00:00,29754,345,1,245kW后驱+CCD可调悬架！全新吉利银河E5试驾分享,42188144644,415.14200,1,25,16777215,2026-09-26 21:32:22,1790429542,0,23628248,2209042126527512832,可以手动调的
BV1T8hy6JEmr,117330654795747,后驱245kW+CCD可调悬架！全新吉利银河E5试驾分享,POVDrive,2026-09-25 18:00:00,29754,345,1,245kW后驱+CCD可调悬架！全新吉利银河E5试驾分享,42188144644,85.70200,1,25,16777215,2026-09-26 21:27:32,1790429252,0,852f08cc,2209039693260098560,长按可以自定义旋钮功能
BV1T8hy6JEmr,117330654795747,后驱245kW+CCD可调悬架！全新吉利银河E5试驾分享,POVDrive,2026-09-25 18:00:00,29754,345,1,245kW后驱+CCD可调悬架！全新吉利银河E5试驾分享,42188144644,334.02900,1,25,16777215,2026-09-26 21:11:37,1790428297,3,9c9d55a9,2209031681896108544,4
BV1T8hy6JEmr,117330654795747,后驱245kW+CCD可调悬架！全新吉利银河E5试驾分享,POVDrive,2026-09-25 18:00:00,29754,345,1,245kW后驱+CCD可调悬架！全新吉利银河E5试驾分享,42188144644,450.86900,1,25,16777215,2026-09-26 20:34:04,1790426044,0,946c801b,2209012785432775424,天窗是不是不如天幕呀，时间长了可能异响漏水
BV1T8hy6JEmr,117330654795747,后驱245kW+CCD可调悬架！全新吉利银河E5试驾分享,POVDrive,2026-09-25 18:00:00,29754,345,1,245kW后驱+CCD可调悬架！全新吉利银河E5试驾分享,42188144644,338.36900,1,25,16777215,2026-09-26 20:24:07,1790425447,3,1f43b715,2209007774002651136,5
BV1T8hy6JEmr,117330654795747,后驱245kW+CCD可调悬架！全新吉利银河E5试驾分享,POVDrive,2026-09-25 18:00:00,29754,345,1,245kW后驱+CCD可调悬架！全新吉利银河E5试驾分享,42188144644,179.16500,1,25,16777215,2026-09-26 19:36:32,1790422592,0,edb33858,2208983827932801280,还可以能过得去
BV1T8hy6JEmr,117330654795747,后驱245kW+CCD可调悬架！全新吉利银河E5试驾分享,POVDrive,2026-09-25 18:00:00,29754,345,1,245kW后驱+CCD可调悬架！全新吉利银河E5试驾分享,42188144644,414.84000,1,25,16777215,2026-09-26 19:19:06,1790421546,0,35dca975,2208975054824669696,可以调
BV1T8hy6JEmr,117330654795747,后驱245kW+CCD可调悬架！全新吉利银河E5试驾分享,POVDrive,2026-09-25 18:00:00,29754,345,1,245kW后驱+CCD可调悬架！全新吉利银河E5试驾分享,42188144644,366.07500,1,25,16777215,2026-09-26 19:18:07,1790421487,0,35dca975,2208974552925841408,15度的角度
BV1T8hy6JEmr,117330654795747,后驱245kW+CCD可调悬架！全新吉利银河E5试驾分享,POVDrive,2026-09-25 18:00:00,29754,345,1,245kW后驱+CCD可调悬架！全新吉利银河E5试驾分享,42188144644,183.31700,1,25,16777215,2026-09-26 19:14:51,1790421291,3,35dca975,2208972908188266752,5
BV1T8hy6JEmr,117330654795747,后驱245kW+CCD可调悬架！全新吉利银河E5试驾分享,POVDrive,2026-09-25 18:00:00,29754,345,1,245kW后驱+CCD可调悬架！全新吉利银河E5试驾分享,42188144644,425.47200,1,25,16777215,2026-09-26 17:53:49,1790416429,0,9c2f424e,2208932123623908352,可惜以手动往后调点
BV1T8hy6JEmr,117330654795747,后驱245kW+CCD可调悬架！全新吉利银河E5试驾分享,POVDrive,2026-09-25 18:00:00,29754,345,1,245kW后驱+CCD可调悬架！全新吉利银河E5试驾分享,42188144644,445.22300,1,25,16777215,2026-09-26 17:47:19,1790416039,0,635790d2,2208928854767736320,多少钱啊才，啥都要
BV1T8hy6JEmr,117330654795747,后驱245kW+CCD可调悬架！全新吉利银河E5试驾分享,POVDrive,2026-09-25 18:00:00,29754,345,1,245kW后驱+CCD可调悬架！全新吉利银河E5试驾分享,42188144644,176.90800,1,25,16777215,2026-09-26 17:33:01,1790415181,0,52816497,2208921658533016832,还行
BV1T8hy6JEmr,117330654795747,后驱245kW+CCD可调悬架！全新吉利银河E5试驾分享,POVDrive,2026-09-25 18:00:00,29754,345,1,245kW后驱+CCD可调悬架！全新吉利银河E5试驾分享,42188144644,25.10200,1,25,16777215,2026-09-26 17:27:10,1790414830,0,c74c3aa,2208918713787316992,确实，下车体都变了
BV1T8hy6JEmr,117330654795747,后驱245kW+CCD可调悬架！全新吉利银河E5试驾分享,POVDrive,2026-09-25 18:00:00,29754,345,1,245kW后驱+CCD可调悬架！全新吉利银河E5试驾分享,42188144644,184.00000,1,25,16777215,2026-09-26 16:51:17,1790412677,3,e1a0ae45,2208900651562768384,5
BV1T8hy6JEmr,117330654795747,后驱245kW+CCD可调悬架！全新吉利银河E5试驾分享,POVDrive,2026-09-25 18:00:00,29754,345,1,245kW后驱+CCD可调悬架！全新吉利银河E5试驾分享,42188144644,181.48200,1,25,16777215,2026-09-26 16:28:03,1790411283,3,3e8884ee,2208888960686899712,5
BV1T8hy6JEmr,117330654795747,后驱245kW+CCD可调悬架！全新吉利银河E5试驾分享,POVDrive,2026-09-25 18:00:00,29754,345,1,245kW后驱+CCD可调悬架！全新吉利银河E5试驾分享,42188144644,697.79300,1,25,16777215,2026-09-26 15:43:43,1790408623,0,805a8999,2208866648743224832,这里瞎说了。明显2次半收住
BV1T8hy6JEmr,117330654795747,后驱245kW+CCD可调悬架！全新吉利银河E5试驾分享,POVDrive,2026-09-25 18:00:00,29754,345,1,245kW后驱+CCD可调悬架！全新吉利银河E5试驾分享,42188144644,336.91300,1,25,16777215,2026-09-26 15:34:42,1790408082,3,e7a756da,2208862107485964544,4
BV1T8hy6JEmr,117330654795747,后驱245kW+CCD可调悬架！全新吉利银河E5试驾分享,POVDrive,2026-09-25 18:00:00,29754,345,1,245kW后驱+CCD可调悬架！全新吉利银河E5试驾分享,42188144644,182.68200,1,25,16777215,2026-09-26 15:32:08,1790407928,3,e7a756da,2208860812905579008,4
BV1T8hy6JEmr,117330654795747,后驱245kW+CCD可调悬架！全新吉利银河E5试驾分享,POVDrive,2026-09-25 18:00:00,29754,345,1,245kW后驱+CCD可调悬架！全新吉利银河E5试驾分享,42188144644,336.71900,1,25,16777215,2026-09-26 14:26:20,1790403980,3,9c279caa,2208827693540092160,5
BV1T8hy6JEmr,117330654795747,后驱245kW+CCD可调悬架！全新吉利银河E5试驾分享,POVDrive,2026-09-25 18:00:00,29754,345,1,245kW后驱+CCD可调悬架！全新吉利银河E5试驾分享,42188144644,180.88600,1,25,16777215,2026-09-26 14:23:00,1790403780,3,9c279caa,2208826020642214144,5
BV1T8hy6JEmr,117330654795747,后驱245kW+CCD可调悬架！全新吉利银河E5试驾分享,POVDrive,2026-09-25 18:00:00,29754,345,1,245kW后驱+CCD可调悬架！全新吉利银河E5试驾分享,42188144644,182.00000,1,25,16777215,2026-09-26 13:52:49,1790401969,3,bcddaa9,2208810823814581248,5
BV1T8hy6JEmr,117330654795747,后驱245kW+CCD可调悬架！全新吉利银河E5试驾分享,POVDrive,2026-09-25 18:00:00,29754,345,1,245kW后驱+CCD可调悬架！全新吉利银河E5试驾分享,42188144644,378.31000,1,25,16777215,2026-09-26 13:40:30,1790401230,0,66121b7e,2208804631588197888,因为房子断供了
BV1T8hy6JEmr,117330654795747,后驱245kW+CCD可调悬架！全新吉利银河E5试驾分享,POVDrive,2026-09-25 18:00:00,29754,345,1,245kW后驱+CCD可调悬架！全新吉利银河E5试驾分享,42188144644,701.31500,1,25,16777215,2026-09-26 13:25:46,1790400346,3,d207c3bf,2208797212861972992,5
BV1T8hy6JEmr,117330654795747,后驱245kW+CCD可调悬架！全新吉利银河E5试驾分享,POVDrive,2026-09-25 18:00:00,29754,345,1,245kW后驱+CCD可调悬架！全新吉利银河E5试驾分享,42188144644,176.23700,1,25,16777215,2026-09-26 13:14:53,1790399693,0,e3b286f7,2208791733373382400,浙江之声
BV1T8hy6JEmr,117330654795747,后驱245kW+CCD可调悬架！全新吉利银河E5试驾分享,POVDrive,2026-09-25 18:00:00,29754,345,1,245kW后驱+CCD可调悬架！全新吉利银河E5试驾分享,42188144644,182.46800,1,25,16777215,2026-09-26 12:43:11,1790397791,3,5984c475,2208775784003514112,5
BV1T8hy6JEmr,117330654795747,后驱245kW+CCD可调悬架！全新吉利银河E5试驾分享,POVDrive,2026-09-25 18:00:00,29754,345,1,245kW后驱+CCD可调悬架！全新吉利银河E5试驾分享,42188144644,44.61800,1,25,16777215,2026-09-26 12:37:00,1790397420,0,19293199,2208772668726105088,依旧包皮
BV1T8hy6JEmr,117330654795747,后驱245kW+CCD可调悬架！全新吉利银河E5试驾分享,POVDrive,2026-09-25 18:00:00,29754,345,1,245kW后驱+CCD可调悬架！全新吉利银河E5试驾分享,42188144644,168.61700,1,25,16777215,2026-09-26 12:30:25,1790397025,0,baf767fb,2208769351342186496,我的滑板鞋
BV1T8hy6JEmr,117330654795747,后驱245kW+CCD可调悬架！全新吉利银河E5试驾分享,POVDrive,2026-09-25 18:00:00,29754,345,1,245kW后驱+CCD可调悬架！全新吉利银河E5试驾分享,42188144644,183.45000,1,25,16777215,2026-09-26 11:31:52,1790393512,3,3757990c,2208739885030967296,3
BV1T8hy6JEmr,117330654795747,后驱245kW+CCD可调悬架！全新吉利银河E5试驾分享,POVDrive,2026-09-25 18:00:00,29754,345,1,245kW后驱+CCD可调悬架！全新吉利银河E5试驾分享,42188144644,183.61700,1,25,16777215,2026-09-26 11:31:18,1790393478,3,cdf0a49f,2208739598107042304,5
BV1T8hy6JEmr,117330654795747,后驱245kW+CCD可调悬架！全新吉利银河E5试驾分享,POVDrive,2026-09-25 18:00:00,29754,345,1,245kW后驱+CCD可调悬架！全新吉利银河E5试驾分享,42188144644,11.21300,1,25,16777215,2026-09-26 11:19:31,1790392771,0,e4b19490,2208733670414713088,中控设计拉跨
BV1T8hy6JEmr,117330654795747,后驱245kW+CCD可调悬架！全新吉利银河E5试驾分享,POVDrive,2026-09-25 18:00:00,29754,345,1,245kW后驱+CCD可调悬架！全新吉利银河E5试驾分享,42188144644,1.36500,1,25,16777215,2026-09-26 11:19:04,1790392744,0,e4b19490,2208733444215884544,666又是中间放个平板
BV1T8hy6JEmr,117330654795747,后驱245kW+CCD可调悬架！全新吉利银河E5试驾分享,POVDrive,2026-09-25 18:00:00,29754,345,1,245kW后驱+CCD可调悬架！全新吉利银河E5试驾分享,42188144644,464.90400,1,25,16777215,2026-09-26 11:18:41,1790392721,0,5c773d3c,2208733250900976640,后期容易漏水不！
BV1T8hy6JEmr,117330654795747,后驱245kW+CCD可调悬架！全新吉利银河E5试驾分享,POVDrive,2026-09-25 18:00:00,29754,345,1,245kW后驱+CCD可调悬架！全新吉利银河E5试驾分享,42188144644,685.68400,1,25,16777215,2026-09-26 11:13:37,1790392417,0,a93c02a6,2208730701602548480,这不是上下了几次吗
BV1T8hy6JEmr,117330654795747,后驱245kW+CCD可调悬架！全新吉利银河E5试驾分享,POVDrive,2026-09-25 18:00:00,29754,345,1,245kW后驱+CCD可调悬架！全新吉利银河E5试驾分享,42188144644,134.46300,1,25,16777215,2026-09-26 11:06:57,1790392017,0,94d75bfa,2208727344582823680,这个是顶配。加了选择包的？
BV1T8hy6JEmr,117330654795747,后驱245kW+CCD可调悬架！全新吉利银河E5试驾分享,POVDrive,2026-09-25 18:00:00,29754,345,1,245kW后驱+CCD可调悬架！全新吉利银河E5试驾分享,42188144644,428.32700,1,25,16777215,2026-09-26 11:05:40,1790391940,0,3f29353e,2208726698860649472,可以调节 有两挡
BV1T8hy6JEmr,117330654795747,后驱245kW+CCD可调悬架！全新吉利银河E5试驾分享,POVDrive,2026-09-25 18:00:00,29754,345,1,245kW后驱+CCD可调悬架！全新吉利银河E5试驾分享,42188144644,168.97700,1,25,16777215,2026-09-26 10:39:14,1790390354,0,d05501bf,2208713394394536960,珠海之声
BV1T8hy6JEmr,117330654795747,后驱245kW+CCD可调悬架！全新吉利银河E5试驾分享,POVDrive,2026-09-25 18:00:00,29754,345,1,245kW后驱+CCD可调悬架！全新吉利银河E5试驾分享,42188144644,157.67000,1,25,16777215,2026-09-26 10:25:59,1790389559,0,ca29e844,2208706727154156544,听个响
BV1T8hy6JEmr,117330654795747,后驱245kW+CCD可调悬架！全新吉利银河E5试驾分享,POVDrive,2026-09-25 18:00:00,29754,345,1,245kW后驱+CCD可调悬架！全新吉利银河E5试驾分享,42188144644,183.60300,1,25,16777215,2026-09-26 08:49:12,1790383752,3,d207c3bf,2208658009876505088,4
BV1T8hy6JEmr,117330654795747,后驱245kW+CCD可调悬架！全新吉利银河E5试驾分享,POVDrive,2026-09-25 18:00:00,29754,345,1,245kW后驱+CCD可调悬架！全新吉利银河E5试驾分享,42188144644,337.15100,1,25,16777215,2026-09-26 08:48:24,1790383704,3,7d3df7,2208657610343993088,4
BV1T8hy6JEmr,117330654795747,后驱245kW+CCD可调悬架！全新吉利银河E5试驾分享,POVDrive,2026-09-25 18:00:00,29754,345,1,245kW后驱+CCD可调悬架！全新吉利银河E5试驾分享,42188144644,0.00000,1,25,16777215,2026-09-26 08:36:36,1790382996,0,d01be2cf,2208651671327029504,好一个圆形方向盘
BV1T8hy6JEmr,117330654795747,后驱245kW+CCD可调悬架！全新吉利银河E5试驾分享,POVDrive,2026-09-25 18:00:00,29754,345,1,245kW后驱+CCD可调悬架！全新吉利银河E5试驾分享,42188144644,337.15900,1,25,16777215,2026-09-26 08:35:49,1790382949,3,9dd8dfa6,2208651276231683072,3
BV1T8hy6JEmr,117330654795747,后驱245kW+CCD可调悬架！全新吉利银河E5试驾分享,POVDrive,2026-09-25 18:00:00,29754,345,1,245kW后驱+CCD可调悬架！全新吉利银河E5试驾分享,42188144644,336.54900,1,25,16777215,2026-09-26 08:34:46,1790382886,3,6f04e3c4,2208650749913972992,5
BV1T8hy6JEmr,117330654795747,后驱245kW+CCD可调悬架！全新吉利银河E5试驾分享,POVDrive,2026-09-25 18:00:00,29754,345,1,245kW后驱+CCD可调悬架！全新吉利银河E5试驾分享,42188144644,576.21700,1,25,16777215,2026-09-26 08:08:26,1790381306,0,6aab4352,2208637497633174272,不是cdc吗
BV1T8hy6JEmr,117330654795747,后驱245kW+CCD可调悬架！全新吉利银河E5试驾分享,POVDrive,2026-09-25 18:00:00,29754,345,1,245kW后驱+CCD可调悬架！全新吉利银河E5试驾分享,42188144644,244.44800,1,25,16777215,2026-09-26 07:09:49,1790377789,0,f7aee364,2208607992969745408,最低配就是老款
BV1T8hy6JEmr,117330654795747,后驱245kW+CCD可调悬架！全新吉利银河E5试驾分享,POVDrive,2026-09-25 18:00:00,29754,345,1,245kW后驱+CCD可调悬架！全新吉利银河E5试驾分享,42188144644,415.68200,1,25,16777215,2026-09-26 06:44:45,1790376285,0,f277d811,2208595376159321344,好像可以手动
BV1T8hy6JEmr,117330654795747,后驱245kW+CCD可调悬架！全新吉利银河E5试驾分享,POVDrive,2026-09-25 18:00:00,29754,345,1,245kW后驱+CCD可调悬架！全新吉利银河E5试驾分享,42188144644,182.00900,1,25,16777215,2026-09-26 03:30:30,1790364630,3,59bcf6ee,2208497609088393728,5
BV1T8hy6JEmr,117330654795747,后驱245kW+CCD可调悬架！全新吉利银河E5试驾分享,POVDrive,2026-09-25 18:00:00,29754,345,1,245kW后驱+CCD可调悬架！全新吉利银河E5试驾分享,42188144644,702.30100,1,25,16777215,2026-09-26 02:36:45,1790361405,3,cefa8ba4,2208470554686541824,5
BV1T8hy6JEmr,117330654795747,后驱245kW+CCD可调悬架！全新吉利银河E5试驾分享,POVDrive,2026-09-25 18:00:00,29754,345,1,245kW后驱+CCD可调悬架！全新吉利银河E5试驾分享,42188144644,338.87000,1,25,16777215,2026-09-26 00:50:06,1790355006,3,cefa8ba4,2208416873475752960,3
BV1T8hy6JEmr,117330654795747,后驱245kW+CCD可调悬架！全新吉利银河E5试驾分享,POVDrive,2026-09-25 18:00:00,29754,345,1,245kW后驱+CCD可调悬架！全新吉利银河E5试驾分享,42188144644,183.17600,1,25,16777215,2026-09-26 00:44:56,1790354696,3,c320f0bc,2208414274526001408,4
BV1T8hy6JEmr,117330654795747,后驱245kW+CCD可调悬架！全新吉利银河E5试驾分享,POVDrive,2026-09-25 18:00:00,29754,345,1,245kW后驱+CCD可调悬架！全新吉利银河E5试驾分享,42188144644,765.99500,1,25,16777215,2026-09-26 00:33:55,1790354035,0,fcbc15c2,2208408729027010304,方向盘终于不丑了
BV1T8hy6JEmr,117330654795747,后驱245kW+CCD可调悬架！全新吉利银河E5试驾分享,POVDrive,2026-09-25 18:00:00,29754,345,1,245kW后驱+CCD可调悬架！全新吉利银河E5试驾分享,42188144644,278.69500,1,25,16777215,2026-09-26 00:14:56,1790352896,0,14f1deb4,2208399169553891840,这个车加续航比加智驾合适
BV1T8hy6JEmr,117330654795747,后驱245kW+CCD可调悬架！全新吉利银河E5试驾分享,POVDrive,2026-09-25 18:00:00,29754,345,1,245kW后驱+CCD可调悬架！全新吉利银河E5试驾分享,42188144644,75.89300,1,25,16777215,2026-09-26 00:12:23,1790352743,0,e57dc62b,2208397886222616320,指纹收集功能
BV1T8hy6JEmr,117330654795747,后驱245kW+CCD可调悬架！全新吉利银河E5试驾分享,POVDrive,2026-09-25 18:00:00,29754,345,1,245kW后驱+CCD可调悬架！全新吉利银河E5试驾分享,42188144644,238.38700,1,25,16777215,2026-09-26 00:00:13,1790352013,0,f8adb7c4,2208391762295984640,最低配还是前置前驱
BV1T8hy6JEmr,117330654795747,后驱245kW+CCD可调悬架！全新吉利银河E5试驾分享,POVDrive,2026-09-25 18:00:00,29754,345,1,245kW后驱+CCD可调悬架！全新吉利银河E5试驾分享,42188144644,333.17300,1,25,16777215,2026-09-25 23:50:14,1790351414,0,1552b8dd,2208386741571060992,邪恶大笑脸
BV1T8hy6JEmr,117330654795747,后驱245kW+CCD可调悬架！全新吉利银河E5试驾分享,POVDrive,2026-09-25 18:00:00,29754,345,1,245kW后驱+CCD可调悬架！全新吉利银河E5试驾分享,42188144644,508.10600,1,25,16777215,2026-09-25 23:45:01,1790351101,0,5e8ec27a,2208384112120096768,胎噪这么大？
BV1T8hy6JEmr,117330654795747,后驱245kW+CCD可调悬架！全新吉利银河E5试驾分享,POVDrive,2026-09-25 18:00:00,29754,345,1,245kW后驱+CCD可调悬架！全新吉利银河E5试驾分享,42188144644,181.00000,1,25,16777215,2026-09-25 23:39:19,1790350759,3,4d1dc627,2208381248995630848,4
BV1T8hy6JEmr,117330654795747,后驱245kW+CCD可调悬架！全新吉利银河E5试驾分享,POVDrive,2026-09-25 18:00:00,29754,345,1,245kW后驱+CCD可调悬架！全新吉利银河E5试驾分享,42188144644,238.89000,1,25,16777215,2026-09-25 23:36:27,1790350587,0,f261cd5c,2208379803705293824,行李架什么情况？
BV1T8hy6JEmr,117330654795747,后驱245kW+CCD可调悬架！全新吉利银河E5试驾分享,POVDrive,2026-09-25 18:00:00,29754,345,1,245kW后驱+CCD可调悬架！全新吉利银河E5试驾分享,42188144644,42.30600,1,25,16777215,2026-09-25 23:32:55,1790350375,0,f261cd5c,2208378028072323328,还是三幅的看着板正舒服
BV1T8hy6JEmr,117330654795747,后驱245kW+CCD可调悬架！全新吉利银河E5试驾分享,POVDrive,2026-09-25 18:00:00,29754,345,1,245kW后驱+CCD可调悬架！全新吉利银河E5试驾分享,42188144644,547.25600,1,25,16777215,2026-09-25 23:24:27,1790349867,0,4bdfbfb0,2208373763455350272,男的声音，为什么后视镜看到是一个女的
BV1T8hy6JEmr,117330654795747,后驱245kW+CCD可调悬架！全新吉利银河E5试驾分享,POVDrive,2026-09-25 18:00:00,29754,345,1,245kW后驱+CCD可调悬架！全新吉利银河E5试驾分享,42188144644,703.59500,1,25,16777215,2026-09-25 23:20:44,1790349644,3,1285012,2208371896838531328,5
BV1T8hy6JEmr,117330654795747,后驱245kW+CCD可调悬架！全新吉利银河E5试驾分享,POVDrive,2026-09-25 18:00:00,29754,345,1,245kW后驱+CCD可调悬架！全新吉利银河E5试驾分享,42188144644,699.99900,1,25,16777215,2026-09-25 23:14:00,1790349240,3,2197d033,2208368508470080768,5
BV1T8hy6JEmr,117330654795747,后驱245kW+CCD可调悬架！全新吉利银河E5试驾分享,POVDrive,2026-09-25 18:00:00,29754,345,1,245kW后驱+CCD可调悬架！全新吉利银河E5试驾分享,42188144644,817.51300,1,25,16777215,2026-09-25 23:07:21,1790348841,0,6e872409,2208365154453478144,你这试驾评测就没做好，睁眼说瞎话
BV1T8hy6JEmr,117330654795747,后驱245kW+CCD可调悬架！全新吉利银河E5试驾分享,POVDrive,2026-09-25 18:00:00,29754,345,1,245kW后驱+CCD可调悬架！全新吉利银河E5试驾分享,42188144644,183.04100,1,25,16777215,2026-09-25 23:02:31,1790348551,3,3c304095,2208362723400651264,4
BV1T8hy6JEmr,117330654795747,后驱245kW+CCD可调悬架！全新吉利银河E5试驾分享,POVDrive,2026-09-25 18:00:00,29754,345,1,245kW后驱+CCD可调悬架！全新吉利银河E5试驾分享,42188144644,18.73700,1,25,16777215,2026-09-25 23:01:34,1790348494,0,c1f16afe,2208362245560768256,雅迪仪表
BV1T8hy6JEmr,117330654795747,后驱245kW+CCD可调悬架！全新吉利银河E5试驾分享,POVDrive,2026-09-25 18:00:00,29754,345,1,245kW后驱+CCD可调悬架！全新吉利银河E5试驾分享,42188144644,338.70700,1,25,16777215,2026-09-25 22:48:55,1790347735,3,1c3aa4ca,2208355880074934016,5
BV1T8hy6JEmr,117330654795747,后驱245kW+CCD可调悬架！全新吉利银河E5试驾分享,POVDrive,2026-09-25 18:00:00,29754,345,1,245kW后驱+CCD可调悬架！全新吉利银河E5试驾分享,42188144644,229.95200,1,25,16777215,2026-09-25 22:43:38,1790347418,0,524ee23e,2208353216809416192,这落地得15个了
BV1T8hy6JEmr,117330654795747,后驱245kW+CCD可调悬架！全新吉利银河E5试驾分享,POVDrive,2026-09-25 18:00:00,29754,345,1,245kW后驱+CCD可调悬架！全新吉利银河E5试驾分享,42188144644,183.73100,1,25,16777215,2026-09-25 22:41:05,1790347265,3,1c3aa4ca,2208351935743328256,5
BV1T8hy6JEmr,117330654795747,后驱245kW+CCD可调悬架！全新吉利银河E5试驾分享,POVDrive,2026-09-25 18:00:00,29754,345,1,245kW后驱+CCD可调悬架！全新吉利银河E5试驾分享,42188144644,376.94600,1,25,16777215,2026-09-25 22:32:06,1790346726,0,45c42027,2208347411683052544,这几年为什么都宣传在车里睡觉这件事
BV1T8hy6JEmr,117330654795747,后驱245kW+CCD可调悬架！全新吉利银河E5试驾分享,POVDrive,2026-09-25 18:00:00,29754,345,1,245kW后驱+CCD可调悬架！全新吉利银河E5试驾分享,42188144644,300.37300,1,25,16777215,2026-09-25 22:28:50,1790346530,0,7f32bbbc,2208345769965109504,没激光雷达的，就长这样
BV1T8hy6JEmr,117330654795747,后驱245kW+CCD可调悬架！全新吉利银河E5试驾分享,POVDrive,2026-09-25 18:00:00,29754,345,1,245kW后驱+CCD可调悬架！全新吉利银河E5试驾分享,42188144644,337.08000,1,25,16777215,2026-09-25 22:25:18,1790346318,3,985a05e7,2208343992595321856,3
BV1T8hy6JEmr,117330654795747,后驱245kW+CCD可调悬架！全新吉利银河E5试驾分享,POVDrive,2026-09-25 18:00:00,29754,345,1,245kW后驱+CCD可调悬架！全新吉利银河E5试驾分享,42188144644,703.00000,1,25,16777215,2026-09-25 22:07:34,1790345254,3,a2264289,2208335069926709504,5
BV1T8hy6JEmr,117330654795747,后驱245kW+CCD可调悬架！全新吉利银河E5试驾分享,POVDrive,2026-09-25 18:00:00,29754,345,1,245kW后驱+CCD可调悬架！全新吉利银河E5试驾分享,42188144644,696.73200,1,25,16777215,2026-09-25 22:07:30,1790345250,0,386215f7,2208335031246679296,十万出头就已经这么完美了 国产真牛啊
BV1T8hy6JEmr,117330654795747,后驱245kW+CCD可调悬架！全新吉利银河E5试驾分享,POVDrive,2026-09-25 18:00:00,29754,345,1,245kW后驱+CCD可调悬架！全新吉利银河E5试驾分享,42188144644,466.81000,1,25,16777215,2026-09-25 22:04:45,1790345085,0,386215f7,2208333646253970688,就现在这个更换频率，你真要用十年八年真漏水了也就修一下…
BV1T8hy6JEmr,117330654795747,后驱245kW+CCD可调悬架！全新吉利银河E5试驾分享,POVDrive,2026-09-25 18:00:00,29754,345,1,245kW后驱+CCD可调悬架！全新吉利银河E5试驾分享,42188144644,464.88900,1,25,16777215,2026-09-25 21:49:12,1790344152,0,a076023a,2208325821562433536,对的
BV1T8hy6JEmr,117330654795747,后驱245kW+CCD可调悬架！全新吉利银河E5试驾分享,POVDrive,2026-09-25 18:00:00,29754,345,1,245kW后驱+CCD可调悬架！全新吉利银河E5试驾分享,42188144644,181.71900,1,25,16777215,2026-09-25 21:26:39,1790342799,3,8f8be540,2208314472672812032,4
BV1T8hy6JEmr,117330654795747,后驱245kW+CCD可调悬架！全新吉利银河E5试驾分享,POVDrive,2026-09-25 18:00:00,29754,345,1,245kW后驱+CCD可调悬架！全新吉利银河E5试驾分享,42188144644,181.77800,1,25,16777215,2026-09-25 21:26:36,1790342796,3,b6bf1541,2208314449679581184,1
BV1T8hy6JEmr,117330654795747,后驱245kW+CCD可调悬架！全新吉利银河E5试驾分享,POVDrive,2026-09-25 18:00:00,29754,345,1,245kW后驱+CCD可调悬架！全新吉利银河E5试驾分享,42188144644,272.88500,1,25,16777215,2026-09-25 21:25:24,1790342724,0,289b1c71,2208313844198605312,千里冒汗H5
BV1T8hy6JEmr,117330654795747,后驱245kW+CCD可调悬架！全新吉利银河E5试驾分享,POVDrive,2026-09-25 18:00:00,29754,345,1,245kW后驱+CCD可调悬架！全新吉利银河E5试驾分享,42188144644,25.74000,1,25,16777215,2026-09-25 21:23:20,1790342600,0,75f7d28,2208312801033546496,营销最不要脸的车企
BV1T8hy6JEmr,117330654795747,后驱245kW+CCD可调悬架！全新吉利银河E5试驾分享,POVDrive,2026-09-25 18:00:00,29754,345,1,245kW后驱+CCD可调悬架！全新吉利银河E5试驾分享,42188144644,251.90800,1,25,16777215,2026-09-25 20:55:25,1790340925,0,8c49239f,2208298750140307968,全系800V 6Ckuai cho j g快充
BV1T8hy6JEmr,117330654795747,后驱245kW+CCD可调悬架！全新吉利银河E5试驾分享,POVDrive,2026-09-25 18:00:00,29754,345,1,245kW后驱+CCD可调悬架！全新吉利银河E5试驾分享,42188144644,698.62800,1,25,16777215,2026-09-25 20:52:52,1790340772,3,2f8319e4,2208297470524420096,5
BV1T8hy6JEmr,117330654795747,后驱245kW+CCD可调悬架！全新吉利银河E5试驾分享,POVDrive,2026-09-25 18:00:00,29754,345,1,245kW后驱+CCD可调悬架！全新吉利银河E5试驾分享,42188144644,282.57800,1,25,16777215,2026-09-25 20:51:17,1790340677,0,afab943d,2208296675401879808,等几个月冒汗变选装包
BV1T8hy6JEmr,117330654795747,后驱245kW+CCD可调悬架！全新吉利银河E5试驾分享,POVDrive,2026-09-25 18:00:00,29754,345,1,245kW后驱+CCD可调悬架！全新吉利银河E5试驾分享,42188144644,182.66500,1,25,16777215,2026-09-25 20:33:55,1790339635,3,a3781e88,2208287932291259904,4
BV1T8hy6JEmr,117330654795747,后驱245kW+CCD可调悬架！全新吉利银河E5试驾分享,POVDrive,2026-09-25 18:00:00,29754,345,1,245kW后驱+CCD可调悬架！全新吉利银河E5试驾分享,42188144644,183.13000,1,25,16777215,2026-09-25 20:22:23,1790338943,3,f8f8cf28,2208282129790721536,5
BV1T8hy6JEmr,117330654795747,后驱245kW+CCD可调悬架！全新吉利银河E5试驾分享,POVDrive,2026-09-25 18:00:00,29754,345,1,245kW后驱+CCD可调悬架！全新吉利银河E5试驾分享,42188144644,213.79700,1,25,16777215,2026-09-25 20:21:42,1790338902,0,e03ef07a,2208281779264248064,这是白色还是银色？
BV1T8hy6JEmr,117330654795747,后驱245kW+CCD可调悬架！全新吉利银河E5试驾分享,POVDrive,2026-09-25 18:00:00,29754,345,1,245kW后驱+CCD可调悬架！全新吉利银河E5试驾分享,42188144644,191.83500,5,25,15138834,2026-09-25 20:13:26,1790338406,0,e9823baa,2208277619068230144,依旧焊接车门
BV1T8hy6JEmr,117330654795747,后驱245kW+CCD可调悬架！全新吉利银河E5试驾分享,POVDrive,2026-09-25 18:00:00,29754,345,1,245kW后驱+CCD可调悬架！全新吉利银河E5试驾分享,42188144644,409.95700,1,25,16777215,2026-09-25 20:03:11,1790337791,0,c611f2a0,2208272461794270464,可以手动往后躺的吧？
BV1T8hy6JEmr,117330654795747,后驱245kW+CCD可调悬架！全新吉利银河E5试驾分享,POVDrive,2026-09-25 18:00:00,29754,345,1,245kW后驱+CCD可调悬架！全新吉利银河E5试驾分享,42188144644,137.71000,1,25,16777215,2026-09-25 20:01:19,1790337679,0,c611f2a0,2208271521011903744,只有前排有氛围灯
BV1T8hy6JEmr,117330654795747,后驱245kW+CCD可调悬架！全新吉利银河E5试驾分享,POVDrive,2026-09-25 18:00:00,29754,345,1,245kW后驱+CCD可调悬架！全新吉利银河E5试驾分享,42188144644,109.58300,1,25,16777215,2026-09-25 20:00:51,1790337651,0,c611f2a0,2208271285786892800,和8155一样
BV1T8hy6JEmr,117330654795747,后驱245kW+CCD可调悬架！全新吉利银河E5试驾分享,POVDrive,2026-09-25 18:00:00,29754,345,1,245kW后驱+CCD可调悬架！全新吉利银河E5试驾分享,42188144644,335.18000,1,25,16777215,2026-09-25 19:59:10,1790337550,3,d669d1f,2208270445650868736,5
BV1T8hy6JEmr,117330654795747,后驱245kW+CCD可调悬架！全新吉利银河E5试驾分享,POVDrive,2026-09-25 18:00:00,29754,345,1,245kW后驱+CCD可调悬架！全新吉利银河E5试驾分享,42188144644,183.00000,1,25,16777215,2026-09-25 19:55:38,1790337338,3,ce43a410,2208268663239640320,5
BV1T8hy6JEmr,117330654795747,后驱245kW+CCD可调悬架！全新吉利银河E5试驾分享,POVDrive,2026-09-25 18:00:00,29754,345,1,245kW后驱+CCD可调悬架！全新吉利银河E5试驾分享,42188144644,180.84000,1,25,16777215,2026-09-25 19:53:09,1790337189,3,6542c47,2208267415895609856,5
BV1T8hy6JEmr,117330654795747,后驱245kW+CCD可调悬架！全新吉利银河E5试驾分享,POVDrive,2026-09-25 18:00:00,29754,345,1,245kW后驱+CCD可调悬架！全新吉利银河E5试驾分享,42188144644,179.60000,1,25,16777215,2026-09-25 19:53:08,1790337188,0,6542c47,2208267404814657536,可以的
BV1T8hy6JEmr,117330654795747,后驱245kW+CCD可调悬架！全新吉利银河E5试驾分享,POVDrive,2026-09-25 18:00:00,29754,345,1,245kW后驱+CCD可调悬架！全新吉利银河E5试驾分享,42188144644,179.55700,1,25,16777215,2026-09-25 19:51:23,1790337083,3,e10f69f,2208266527097042688,4
BV1T8hy6JEmr,117330654795747,后驱245kW+CCD可调悬架！全新吉利银河E5试驾分享,POVDrive,2026-09-25 18:00:00,29754,345,1,245kW后驱+CCD可调悬架！全新吉利银河E5试驾分享,42188144644,332.04100,1,25,16777215,2026-09-25 19:37:11,1790336231,0,37031db0,2208259379432687104,邪恶微笑
BV1T8hy6JEmr,117330654795747,后驱245kW+CCD可调悬架！全新吉利银河E5试驾分享,POVDrive,2026-09-25 18:00:00,29754,345,1,245kW后驱+CCD可调悬架！全新吉利银河E5试驾分享,42188144644,273.51400,1,25,16777215,2026-09-25 19:33:29,1790336009,0,e69755bf,2208257515945544448,只有顶配有
BV1T8hy6JEmr,117330654795747,后驱245kW+CCD可调悬架！全新吉利银河E5试驾分享,POVDrive,2026-09-25 18:00:00,29754,345,1,245kW后驱+CCD可调悬架！全新吉利银河E5试驾分享,42188144644,457.08500,1,25,16777215,2026-09-25 19:26:57,1790335617,0,e282550b,2208254227813018112,能打开天窗非常败笔，后期维护漏水是个大问题
BV1T8hy6JEmr,117330654795747,后驱245kW+CCD可调悬架！全新吉利银河E5试驾分享,POVDrive,2026-09-25 18:00:00,29754,345,1,245kW后驱+CCD可调悬架！全新吉利银河E5试驾分享,42188144644,575.66200,1,25,16777215,2026-09-25 19:02:25,1790334145,0,9f7159bd,2208241876611176960,其他厂商不是早有了？？？
BV1T8hy6JEmr,117330654795747,后驱245kW+CCD可调悬架！全新吉利银河E5试驾分享,POVDrive,2026-09-25 18:00:00,29754,345,1,245kW后驱+CCD可调悬架！全新吉利银河E5试驾分享,42188144644,108.50900,1,25,16777215,2026-09-25 18:50:06,1790333406,0,8155e010,2208235676011770112,7mm的芯片，对标骁龙8155的
BV1T8hy6JEmr,117330654795747,后驱245kW+CCD可调悬架！全新吉利银河E5试驾分享,POVDrive,2026-09-25 18:00:00,29754,345,1,245kW后驱+CCD可调悬架！全新吉利银河E5试驾分享,42188144644,335.27100,1,25,16777215,2026-09-25 18:44:58,1790333098,0,3119fb00,2208233099006545152,笑
BV1T8hy6JEmr,117330654795747,后驱245kW+CCD可调悬架！全新吉利银河E5试驾分享,POVDrive,2026-09-25 18:00:00,29754,345,1,245kW后驱+CCD可调悬架！全新吉利银河E5试驾分享,42188144644,37.48000,1,25,16777215,2026-09-25 18:41:16,1790332876,0,3119fb00,2208231234059461120,这个黑白拼色是啥颜色？薄暮灰好像是粉色的
BV1T8hy6JEmr,117330654795747,后驱245kW+CCD可调悬架！全新吉利银河E5试驾分享,POVDrive,2026-09-25 18:00:00,29754,345,1,245kW后驱+CCD可调悬架！全新吉利银河E5试驾分享,42188144644,199.06800,5,25,16777215,2026-09-25 18:40:26,1790332826,0,1bbf176d,2208230811240155648,隐私玻璃要加钱的，选装包
BV1T8hy6JEmr,117330654795747,后驱245kW+CCD可调悬架！全新吉利银河E5试驾分享,POVDrive,2026-09-25 18:00:00,29754,345,1,245kW后驱+CCD可调悬架！全新吉利银河E5试驾分享,42188144644,335.20600,1,25,16777215,2026-09-25 18:37:33,1790332653,3,38909786,2208229360807271936,4
BV1T8hy6JEmr,117330654795747,后驱245kW+CCD可调悬架！全新吉利银河E5试驾分享,POVDrive,2026-09-25 18:00:00,29754,345,1,245kW后驱+CCD可调悬架！全新吉利银河E5试驾分享,42188144644,698.62800,1,25,16777215,2026-09-25 18:35:01,1790332501,3,8c49239f,2208228087861379584,5
BV1T8hy6JEmr,117330654795747,后驱245kW+CCD可调悬架！全新吉利银河E5试驾分享,POVDrive,2026-09-25 18:00:00,29754,345,1,245kW后驱+CCD可调悬架！全新吉利银河E5试驾分享,42188144644,334.02900,1,25,16777215,2026-09-25 18:30:18,1790332218,3,8c49239f,2208225709690878976,3
BV1T8hy6JEmr,117330654795747,后驱245kW+CCD可调悬架！全新吉利银河E5试驾分享,POVDrive,2026-09-25 18:00:00,29754,345,1,245kW后驱+CCD可调悬架！全新吉利银河E5试驾分享,42188144644,179.55700,1,25,16777215,2026-09-25 18:25:52,1790331952,3,8c49239f,2208223479671633664,4
BV1T8hy6JEmr,117330654795747,后驱245kW+CCD可调悬架！全新吉利银河E5试驾分享,POVDrive,2026-09-25 18:00:00,29754,345,1,245kW后驱+CCD可调悬架！全新吉利银河E5试驾分享,42188144644,293.75000,1,25,16777215,2026-09-25 18:21:26,1790331686,0,6e0d9d77,2208221249913298688,可以不选激光雷达
BV1T8hy6JEmr,117330654795747,后驱245kW+CCD可调悬架！全新吉利银河E5试驾分享,POVDrive,2026-09-25 18:00:00,29754,345,1,245kW后驱+CCD可调悬架！全新吉利银河E5试驾分享,42188144644,14.99700,5,25,16777215,2026-09-25 18:19:56,1790331596,0,4391d0bc,2208220498804969472,白鸽
BV1Wp4y1p7yF,971585265,“最强”的NGP并不完美--小鹏p7车主实测体验分享,就是那个工,2021-02-05 00:51:02,4200,33,1,最强的NGP并不完美,292842318,396.36100,1,25,16777215,2021-02-05 01:21:27,1612459287,0,411441e2,44730738506989571,并不是，它只是感觉右边的车比左边的快，正好赶上了
BV1Wp4y1p7yF,971585265,“最强”的NGP并不完美--小鹏p7车主实测体验分享,就是那个工,2021-02-05 00:51:02,4200,33,1,最强的NGP并不完美,292842318,133.21800,1,25,16777215,2021-05-07 22:49:07,1620398947,0,50ed6303,48893406539677701,特斯拉不会有国内高精地图的，国家安全问题
BV1Wp4y1p7yF,971585265,“最强”的NGP并不完美--小鹏p7车主实测体验分享,就是那个工,2021-02-05 00:51:02,4200,33,1,最强的NGP并不完美,292842318,167.43100,1,25,16777215,2021-02-23 00:05:33,1614009933,0,ed30f3f8,45543723129372679,这种急弯只有特斯拉能胜任。。。蔚来一样不行
BV1Wp4y1p7yF,971585265,“最强”的NGP并不完美--小鹏p7车主实测体验分享,就是那个工,2021-02-05 00:51:02,4200,33,1,最强的NGP并不完美,292842318,408.86600,1,25,16777215,2021-02-15 16:20:34,1613377234,0,6948ce48,45212006660702215,字幕换个字体吧
BV1Wp4y1p7yF,971585265,“最强”的NGP并不完美--小鹏p7车主实测体验分享,就是那个工,2021-02-05 00:51:02,4200,33,1,最强的NGP并不完美,292842318,303.19700,1,25,16777215,2021-02-06 10:29:15,1612578555,0,4353ea8d,44793269296037895,基本都跟地图关系
BV1Wp4y1p7yF,971585265,“最强”的NGP并不完美--小鹏p7车主实测体验分享,就是那个工,2021-02-05 00:51:02,4200,33,1,最强的NGP并不完美,292842318,109.38900,1,25,16777215,2021-02-05 12:22:54,1612498974,0,a353f89f,44751545752879107,要配合高精地图的，所以很局限
BV1Wp4y1p7yF,971585265,“最强”的NGP并不完美--小鹏p7车主实测体验分享,就是那个工,2021-02-05 00:51:02,4200,33,1,最强的NGP并不完美,292842318,393.15600,1,25,16777215,2021-02-05 07:16:39,1612480599,0,e1434fa3,44741911657316355,应该是的
BV1Wp4y1p7yF,971585265,“最强”的NGP并不完美--小鹏p7车主实测体验分享,就是那个工,2021-02-05 00:51:02,4200,33,1,最强的NGP并不完美,292842318,127.08900,1,25,16777215,2021-02-05 02:15:52,1612462552,0,38dec25f,44732449979105283,后悔买特斯拉了
BV15s4y197Tn,995879545,口气很大的小鹏XNGP到底行不行？,电动邦,2023-05-08 13:14:49,987,9,1,口气很大的小鹏XNGP到底行不行？,1122324536,4.08900,1,25,16777215,2023-05-15 11:25:41,1684121141,0,dc9a3378,1317262625427726848,前面的省流，华为水军这么多的吗？
BV15s4y197Tn,995879545,口气很大的小鹏XNGP到底行不行？,电动邦,2023-05-08 13:14:49,987,9,1,口气很大的小鹏XNGP到底行不行？,1122324536,0.94500,1,25,16777215,2023-05-15 11:02:15,1684119735,0,28660dbf,1317250831371830272,省流 不太行 跟华为比遥遥落后
BV15s4y197Tn,995879545,口气很大的小鹏XNGP到底行不行？,电动邦,2023-05-08 13:14:49,987,9,1,口气很大的小鹏XNGP到底行不行？,1122324536,63.93900,1,25,16777215,2023-05-15 10:55:08,1684119308,0,28660dbf,1317247250141095168,只要定语足够多 啥都是第一
BV15s4y197Tn,995879545,口气很大的小鹏XNGP到底行不行？,电动邦,2023-05-08 13:14:49,987,9,1,口气很大的小鹏XNGP到底行不行？,1122324536,340.53300,1,25,16777215,2023-05-12 09:31:57,1683855117,0,64c15887,1315031053005512960,踩刹车就完全退出。跟老车定速巡航一个道理
BV15s4y197Tn,995879545,口气很大的小鹏XNGP到底行不行？,电动邦,2023-05-08 13:14:49,987,9,1,口气很大的小鹏XNGP到底行不行？,1122324536,116.79600,1,25,16777215,2023-05-11 10:36:31,1683772591,0,acfaeaaf,1314338771629854208,这不是很正常的逻辑吗？难道要撞车啊？
BV15s4y197Tn,995879545,口气很大的小鹏XNGP到底行不行？,电动邦,2023-05-08 13:14:49,987,9,1,口气很大的小鹏XNGP到底行不行？,1122324536,336.28700,1,25,16777215,2023-05-08 22:51:39,1683557499,0,8515f83a,1312534453486227200,这是人机共驾模式，要纯手动驾驶就直接退出吧。
BV1xw4m1Z77W,1101442894,小鹏G9（4.6.0）Xngp挑战高速施工路段,鵬友三金,2024-03-03 15:15:50,613,1,1,studio_video_1709449453961.mp4,1457606559,133.56200,1,25,16777215,2024-03-07 00:50:41,1709743841,0,2f494239,1532201411201655040,这很危险的，停止。其实摄像头和雷达应该比人类更远看到施工现场，为什么不早变道尼。所以说摄像头看得远是个屁
BV13T4y1d7gE,933870329,智驾报告｜小鹏 P5 能自动卡位加塞并线？城市 NGP 实测,新出行,2021-10-28 07:00:12,4492,15,1,智驾报告｜复盘细品城市 NGP 的那几个动作,431989636,171.05800,1,25,16777215,2021-10-28 18:09:30,1635415770,0,98cdee14,56793272456108032,这识别，不太行啊
BV13T4y1d7gE,933870329,智驾报告｜小鹏 P5 能自动卡位加塞并线？城市 NGP 实测,新出行,2021-10-28 07:00:12,4492,15,1,智驾报告｜复盘细品城市 NGP 的那几个动作,431989636,93.67300,1,25,16777215,2021-11-30 20:14:47,1638274487,0,97b65a14,58292063380421120,延迟的挺厉害的。
BV13T4y1d7gE,933870329,智驾报告｜小鹏 P5 能自动卡位加塞并线？城市 NGP 实测,新出行,2021-10-28 07:00:12,4492,15,1,智驾报告｜复盘细品城市 NGP 的那几个动作,431989636,76.87900,1,25,16777215,2021-11-16 14:29:05,1637044145,0,c97ff3bc,57647009873779200,不错阿，红绿灯能启停
BV13T4y1d7gE,933870329,智驾报告｜小鹏 P5 能自动卡位加塞并线？城市 NGP 实测,新出行,2021-10-28 07:00:12,4492,15,1,智驾报告｜复盘细品城市 NGP 的那几个动作,431989636,161.67600,1,25,16777215,2021-11-01 11:10:27,1635736227,0,24340a9f,56961284140750848,看我我的样子了。。。。不好转过去。
BV13T4y1d7gE,933870329,智驾报告｜小鹏 P5 能自动卡位加塞并线？城市 NGP 实测,新出行,2021-10-28 07:00:12,4492,15,1,智驾报告｜复盘细品城市 NGP 的那几个动作,431989636,70.98200,1,25,16777215,2021-11-01 11:08:43,1635736123,0,24340a9f,56961229721759744,真厉害，超出我的预想了
BV13T4y1d7gE,933870329,智驾报告｜小鹏 P5 能自动卡位加塞并线？城市 NGP 实测,新出行,2021-10-28 07:00:12,4492,15,1,智驾报告｜复盘细品城市 NGP 的那几个动作,431989636,170.52500,1,25,16777215,2021-10-31 08:34:51,1635640491,0,641967a,56911091094661120,说反了吧，屏幕还会改良，实际上已经都能识别了，华为有走这么复杂的路吗
BV13T4y1d7gE,933870329,智驾报告｜小鹏 P5 能自动卡位加塞并线？城市 NGP 实测,新出行,2021-10-28 07:00:12,4492,15,1,智驾报告｜复盘细品城市 NGP 的那几个动作,431989636,404.18800,1,25,16777215,2021-10-30 11:47:07,1635565627,0,8cdbe732,56871840428860416,够厉害了
BV13T4y1d7gE,933870329,智驾报告｜小鹏 P5 能自动卡位加塞并线？城市 NGP 实测,新出行,2021-10-28 07:00:12,4492,15,1,智驾报告｜复盘细品城市 NGP 的那几个动作,431989636,168.07000,1,25,16777215,2021-10-29 20:18:39,1635509919,0,58c2b0d0,56842633822131712,这个对行人和车辆的识别感觉比华为的差好多呀。
BV13T4y1d7gE,933870329,智驾报告｜小鹏 P5 能自动卡位加塞并线？城市 NGP 实测,新出行,2021-10-28 07:00:12,4492,15,1,智驾报告｜复盘细品城市 NGP 的那几个动作,431989636,190.92100,1,25,16777215,2021-10-29 00:27:07,1635438427,0,f1c0c284,56805150959933952,中国这种路况，第一代有这种水平就不错了
BV1qF4m177hj,1200770063,长沙也开通，小鹏XNGP了？,玩车报告,2024-02-21 20:00:00,3961,11,1,长沙也开通，小鹏XNGP了？,1445941766,108.02200,1,25,16777215,2024-02-21 22:46:56,1708526816,0,5506b907,1521992262521884416,实线变道了
BV1JTbje5ERv,112784197027883,小鹏车机啥都能装？全新Xpad上线！,GadZad-Luo,2024-07-14 17:47:18,8261,116,1,studio_video_1720949939426.mp4,500001615085953,2.483,1,25,16777215,2024-07-14 19:49:34,1720957774,0,c803c202,1626270696852616704,哥们，使用第三方地图时，ngp可以开嘛
BV1wW4y1J7wb,944002939,不是我黑小鹏，小鹏p5就该这么改,电动兄弟,2022-10-14 18:12:18,7724,67,1,不是我黑小鹏，小鹏p5就该这么改,861517633,481.35400,1,25,16777215,2023-05-10 21:39:17,1683725957,0,b8ea5997,1313947582250531584,牛逼
BV1wW4y1J7wb,944002939,不是我黑小鹏，小鹏p5就该这么改,电动兄弟,2022-10-14 18:12:18,7724,67,1,不是我黑小鹏，小鹏p5就该这么改,861517633,239.03300,1,25,16777215,2023-03-13 11:26:40,1678678000,0,2d648907,1271602250665648128,简单说就是让小鹏去抄袭呗
BV1wW4y1J7wb,944002939,不是我黑小鹏，小鹏p5就该这么改,电动兄弟,2022-10-14 18:12:18,7724,67,1,不是我黑小鹏，小鹏p5就该这么改,861517633,86.27000,1,25,16777215,2022-11-11 20:34:28,1668170068,0,51272bcb,1183455321105359872,小鹏不改名字 会过得比年轻的比亚迪还痛苦 哈哈哈 何小鹏哪里来的自信
BV1wW4y1J7wb,944002939,不是我黑小鹏，小鹏p5就该这么改,电动兄弟,2022-10-14 18:12:18,7724,67,1,不是我黑小鹏，小鹏p5就该这么改,861517633,177.53400,1,25,38979,2022-11-08 18:55:30,1667904930,0,7b5275d6,1181231189772775424,未来10年不碰电动车
BV1wW4y1J7wb,944002939,不是我黑小鹏，小鹏p5就该这么改,电动兄弟,2022-10-14 18:12:18,7724,67,1,不是我黑小鹏，小鹏p5就该这么改,861517633,411.58700,1,25,16777215,2022-10-26 16:25:57,1666772757,0,f4bd3852,1171733831049460480,可以没自动驾驶
BV1wW4y1J7wb,944002939,不是我黑小鹏，小鹏p5就该这么改,电动兄弟,2022-10-14 18:12:18,7724,67,1,不是我黑小鹏，小鹏p5就该这么改,861517633,357.95300,1,25,16777215,2022-10-26 16:24:35,1666772675,0,f4bd3852,1171733144903091968,只要价格够合适，全车塑料真的可以
BV1wW4y1J7wb,944002939,不是我黑小鹏，小鹏p5就该这么改,电动兄弟,2022-10-14 18:12:18,7724,67,1,不是我黑小鹏，小鹏p5就该这么改,861517633,302.19200,1,25,16777215,2022-10-26 16:23:17,1666772597,0,f4bd3852,1171732485382652160,对的，我也喜欢P5，唯一的问题是钱不够
BV1wW4y1J7wb,944002939,不是我黑小鹏，小鹏p5就该这么改,电动兄弟,2022-10-14 18:12:18,7724,67,1,不是我黑小鹏，小鹏p5就该这么改,861517633,189.52500,1,25,16777215,2022-10-26 15:41:26,1666770086,0,93d48c94,1171711423752012800,赞同的不能再赞同 学学c11
BV1wW4y1J7wb,944002939,不是我黑小鹏，小鹏p5就该这么改,电动兄弟,2022-10-14 18:12:18,7724,67,1,不是我黑小鹏，小鹏p5就该这么改,861517633,356.23900,1,25,16777215,2022-10-26 13:12:39,1666761159,0,af7b967f,1171636541903547904,深蓝就是这个思路
BV1wW4y1J7wb,944002939,不是我黑小鹏，小鹏p5就该这么改,电动兄弟,2022-10-14 18:12:18,7724,67,1,不是我黑小鹏，小鹏p5就该这么改,861517633,349.97700,1,25,16777215,2022-10-24 12:49:50,1666586990,0,7eb6999e,1170175505597691648,何小鹏听了都流泪
BV1wW4y1J7wb,944002939,不是我黑小鹏，小鹏p5就该这么改,电动兄弟,2022-10-14 18:12:18,7724,67,1,不是我黑小鹏，小鹏p5就该这么改,861517633,234.95800,1,25,16777215,2022-10-24 12:47:55,1666586875,0,7eb6999e,1170174536923095040,深蓝：还不如跟我学学
BV1wW4y1J7wb,944002939,不是我黑小鹏，小鹏p5就该这么改,电动兄弟,2022-10-14 18:12:18,7724,67,1,不是我黑小鹏，小鹏p5就该这么改,861517633,311.00000,1,25,16777215,2022-10-23 13:21:49,1666502509,0,bbd7aecd,1169466824224473600,飞度：我也是这么想的，没装音响
BV1wW4y1J7wb,944002939,不是我黑小鹏，小鹏p5就该这么改,电动兄弟,2022-10-14 18:12:18,7724,67,1,不是我黑小鹏，小鹏p5就该这么改,861517633,115.17900,1,25,16777215,2022-10-19 21:57:44,1666187864,0,8c42b2db,1166827396029374464,p5不会改款，后续直接停产
BV1wW4y1J7wb,944002939,不是我黑小鹏，小鹏p5就该这么改,电动兄弟,2022-10-14 18:12:18,7724,67,1,不是我黑小鹏，小鹏p5就该这么改,861517633,227.57200,1,25,16777215,2022-10-19 12:36:04,1666154164,0,f7f6bd4a,1166544696701452800,这么搞应该死无葬身之地
BV1wW4y1J7wb,944002939,不是我黑小鹏，小鹏p5就该这么改,电动兄弟,2022-10-14 18:12:18,7724,67,1,不是我黑小鹏，小鹏p5就该这么改,861517633,33.31100,1,25,16777215,2022-10-18 23:01:39,1666105299,0,b93f06a1,1166134783152360704,有个p机会，你以为过家家呢
BV1wW4y1J7wb,944002939,不是我黑小鹏，小鹏p5就该这么改,电动兄弟,2022-10-14 18:12:18,7724,67,1,不是我黑小鹏，小鹏p5就该这么改,861517633,423.01800,1,25,16777215,2022-10-18 23:00:39,1666105239,0,fa8c9553,1166134281999798528,这不就是MQB吗？
BV1wW4y1J7wb,944002939,不是我黑小鹏，小鹏p5就该这么改,电动兄弟,2022-10-14 18:12:18,7724,67,1,不是我黑小鹏，小鹏p5就该这么改,861517633,391.82300,1,25,16777215,2022-10-16 10:08:48,1665886128,0,61642705,1164296247985835776,做不了，BYD来了也亏。
BV1wW4y1J7wb,944002939,不是我黑小鹏，小鹏p5就该这么改,电动兄弟,2022-10-14 18:12:18,7724,67,1,不是我黑小鹏，小鹏p5就该这么改,861517633,489.73100,1,25,16777215,2022-10-16 07:42:26,1665877346,0,c267149a,1164222580136184832,model3一辆都有7万的利润，小鹏该努力了
BV1wW4y1J7wb,944002939,不是我黑小鹏，小鹏p5就该这么改,电动兄弟,2022-10-14 18:12:18,7724,67,1,不是我黑小鹏，小鹏p5就该这么改,861517633,392.59100,1,25,16777215,2022-10-16 07:40:21,1665877221,0,c267149a,1164221527223238656,这个思路就对了
BV1wW4y1J7wb,944002939,不是我黑小鹏，小鹏p5就该这么改,电动兄弟,2022-10-14 18:12:18,7724,67,1,不是我黑小鹏，小鹏p5就该这么改,861517633,360.03100,1,25,16777215,2022-10-16 07:39:39,1665877179,0,c267149a,1164221182115847168,本来以为说的是model3，哈哈，不过model3没有底线啊
BV1wW4y1J7wb,944002939,不是我黑小鹏，小鹏p5就该这么改,电动兄弟,2022-10-14 18:12:18,7724,67,1,不是我黑小鹏，小鹏p5就该这么改,861517633,338.77100,1,25,16777215,2022-10-16 07:38:34,1665877114,0,c267149a,1164220630539857920,三星后壳？三星？已经好多年没听到这个品牌了
BV1wW4y1J7wb,944002939,不是我黑小鹏，小鹏p5就该这么改,电动兄弟,2022-10-14 18:12:18,7724,67,1,不是我黑小鹏，小鹏p5就该这么改,861517633,272.05100,1,25,16777215,2022-10-16 07:37:05,1665877025,0,c267149a,1164219883291146752,哈哈，胎压3.1，又鞭尸特斯拉了，哈哈
BV1wW4y1J7wb,944002939,不是我黑小鹏，小鹏p5就该这么改,电动兄弟,2022-10-14 18:12:18,7724,67,1,不是我黑小鹏，小鹏p5就该这么改,861517633,239.35100,1,25,16777215,2022-10-16 07:36:10,1665876970,0,c267149a,1164219428653894144,这个思路很好，猎装，20万以下，的确可以，极氪是30万的车
BV1wW4y1J7wb,944002939,不是我黑小鹏，小鹏p5就该这么改,电动兄弟,2022-10-14 18:12:18,7724,67,1,不是我黑小鹏，小鹏p5就该这么改,861517633,215.66200,1,25,16777215,2022-10-16 07:33:50,1665876830,0,c267149a,1164218254021900288,前面的不懂吧，国产没有做不出来的，没人愿意正面竞争而已
BV1wW4y1J7wb,944002939,不是我黑小鹏，小鹏p5就该这么改,电动兄弟,2022-10-14 18:12:18,7724,67,1,不是我黑小鹏，小鹏p5就该这么改,861517633,236.08100,1,25,16777215,2022-10-15 23:39:32,1665848372,0,420fbb8f,1163979523373436416,猎装极氪已经做了啊
BV1wW4y1J7wb,944002939,不是我黑小鹏，小鹏p5就该这么改,电动兄弟,2022-10-14 18:12:18,7724,67,1,不是我黑小鹏，小鹏p5就该这么改,861517633,165.95400,1,25,16777215,2022-10-15 21:06:56,1665839216,0,497c6f47,1163902718822129920,变后驱不太现实
BV1wW4y1J7wb,944002939,不是我黑小鹏，小鹏p5就该这么改,电动兄弟,2022-10-14 18:12:18,7724,67,1,不是我黑小鹏，小鹏p5就该这么改,861517633,440.21700,1,25,16777215,2022-10-15 19:16:22,1665832582,0,afb0605d,1163847070684273408,小鹏改骁鹏
BV1wW4y1J7wb,944002939,不是我黑小鹏，小鹏p5就该这么改,电动兄弟,2022-10-14 18:12:18,7724,67,1,不是我黑小鹏，小鹏p5就该这么改,861517633,510.35100,1,25,16777215,2022-10-15 10:10:52,1665799852,0,49399239,1163572509069818624,深蓝03:你说的我都懂，你看要不买我的了
BV1wW4y1J7wb,944002939,不是我黑小鹏，小鹏p5就该这么改,电动兄弟,2022-10-14 18:12:18,7724,67,1,不是我黑小鹏，小鹏p5就该这么改,861517633,356.07800,1,25,16777215,2022-10-15 10:07:59,1665799679,0,49399239,1163571061137165056,你说的不就是model3….
BV1wW4y1J7wb,944002939,不是我黑小鹏，小鹏p5就该这么改,电动兄弟,2022-10-14 18:12:18,7724,67,1,不是我黑小鹏，小鹏p5就该这么改,861517633,239.69400,1,25,16777215,2022-10-15 09:58:02,1665799082,0,ca1dd215,1163566049900325632,这是车不是手机。改一个东西要验证很多的
BV1wW4y1J7wb,944002939,不是我黑小鹏，小鹏p5就该这么改,电动兄弟,2022-10-14 18:12:18,7724,67,1,不是我黑小鹏，小鹏p5就该这么改,861517633,387.30200,1,25,16777215,2022-10-15 09:49:27,1665798567,0,7a709a7,1163561729523897600,这样的话瞬间化身买爆哥
BV1wW4y1J7wb,944002939,不是我黑小鹏，小鹏p5就该这么改,电动兄弟,2022-10-14 18:12:18,7724,67,1,不是我黑小鹏，小鹏p5就该这么改,861517633,387.82800,1,25,16777215,2022-10-15 09:39:23,1665797963,0,e60c9d5c,1163556667284402944,疯了疯了
BV1wW4y1J7wb,944002939,不是我黑小鹏，小鹏p5就该这么改,电动兄弟,2022-10-14 18:12:18,7724,67,1,不是我黑小鹏，小鹏p5就该这么改,861517633,442.23400,1,25,16777215,2022-10-15 09:15:10,1665796510,0,2aa347aa,1163544477982631680,20都没戏，他要敢卖，老车主集体喊背刺
BV1wW4y1J7wb,944002939,不是我黑小鹏，小鹏p5就该这么改,电动兄弟,2022-10-14 18:12:18,7724,67,1,不是我黑小鹏，小鹏p5就该这么改,861517633,393.99800,1,25,16777215,2022-10-15 09:10:31,1665796231,0,991813d0,1163542135279074048,这肯定卖爆 但是小鹏不会定这么低的
BV1wW4y1J7wb,944002939,不是我黑小鹏，小鹏p5就该这么改,电动兄弟,2022-10-14 18:12:18,7724,67,1,不是我黑小鹏，小鹏p5就该这么改,861517633,196.65200,1,25,16777215,2022-10-15 09:09:08,1665796148,0,aab68b8c,1163541444300978432,如果这样的话，p5就卖到p7的价钱了
BV1wW4y1J7wb,944002939,不是我黑小鹏，小鹏p5就该这么改,电动兄弟,2022-10-14 18:12:18,7724,67,1,不是我黑小鹏，小鹏p5就该这么改,861517633,305.58400,1,25,16777215,2022-10-15 08:48:31,1665794911,0,aa5b7658,1163531064161981440,你们也是这么骂g9丐版的
BV1wW4y1J7wb,944002939,不是我黑小鹏，小鹏p5就该这么改,电动兄弟,2022-10-14 18:12:18,7724,67,1,不是我黑小鹏，小鹏p5就该这么改,861517633,314.25900,1,25,16777215,2022-10-15 08:38:13,1665794293,0,b228b840,1163525877460648704,看看蔚来，价格确实贵不少，但所谓的乞丐版的配置那是相当高呀！能努努力够得着的都想买
BV1wW4y1J7wb,944002939,不是我黑小鹏，小鹏p5就该这么改,电动兄弟,2022-10-14 18:12:18,7724,67,1,不是我黑小鹏，小鹏p5就该这么改,861517633,212.62200,1,25,16777215,2022-10-15 07:44:25,1665791065,0,a111fba8,1163498800342664704,乱喷 你说的这些大家不想做吗？国产哪个品牌都没做成功
BV1wW4y1J7wb,944002939,不是我黑小鹏，小鹏p5就该这么改,电动兄弟,2022-10-14 18:12:18,7724,67,1,不是我黑小鹏，小鹏p5就该这么改,861517633,309.53900,1,25,16777215,2022-10-15 07:31:41,1665790301,0,565febd5,1163492389357205760,丐版就算了吧，G9丐版就是败笔，智能车谁会买丐版，那还真不如油车了
BV1wW4y1J7wb,944002939,不是我黑小鹏，小鹏p5就该这么改,电动兄弟,2022-10-14 18:12:18,7724,67,1,不是我黑小鹏，小鹏p5就该这么改,861517633,403.53700,1,25,16777215,2022-10-15 07:31:01,1665790261,0,24e8791a,1163492056925011712,这价格难
BV1wW4y1J7wb,944002939,不是我黑小鹏，小鹏p5就该这么改,电动兄弟,2022-10-14 18:12:18,7724,67,1,不是我黑小鹏，小鹏p5就该这么改,861517633,404.97900,1,25,16777215,2022-10-15 07:18:45,1665789525,0,4fb5410f,1163485884344215552,蔚来:懂了，低端换电品牌就这样搞
BV1wW4y1J7wb,944002939,不是我黑小鹏，小鹏p5就该这么改,电动兄弟,2022-10-14 18:12:18,7724,67,1,不是我黑小鹏，小鹏p5就该这么改,861517633,333.53900,1,25,16777215,2022-10-15 07:16:29,1665789389,0,4fb5410f,1163484743065737984,塑料还得看三星后壳
BV1wW4y1J7wb,944002939,不是我黑小鹏，小鹏p5就该这么改,电动兄弟,2022-10-14 18:12:18,7724,67,1,不是我黑小鹏，小鹏p5就该这么改,861517633,253.53900,1,25,16777215,2022-10-15 07:14:56,1665789296,0,4fb5410f,1163483962765920768,G3大改款吧
BV1wW4y1J7wb,944002939,不是我黑小鹏，小鹏p5就该这么改,电动兄弟,2022-10-14 18:12:18,7724,67,1,不是我黑小鹏，小鹏p5就该这么改,861517633,321.07000,1,25,16777215,2022-10-15 05:28:32,1665782912,0,103ec900,1163430411611778560,？拉低牌子，你是真的黑
BV1wW4y1J7wb,944002939,不是我黑小鹏，小鹏p5就该这么改,电动兄弟,2022-10-14 18:12:18,7724,67,1,不是我黑小鹏，小鹏p5就该这么改,861517633,190.19000,1,25,16777215,2022-10-15 05:26:02,1665782762,0,103ec900,1163429152540779264,？这段不怎么样
BV1wW4y1J7wb,944002939,不是我黑小鹏，小鹏p5就该这么改,电动兄弟,2022-10-14 18:12:18,7724,67,1,不是我黑小鹏，小鹏p5就该这么改,861517633,1.00000,1,25,16777215,2022-10-15 05:20:26,1665782426,0,4d2aa4d7,1163426331745213184,项向下要毛利率很难得 比亚迪这个量才10%出头 小鹏靠p7主力 也能12%， 一旦再品牌向下 毛利率会被拉到10以下 过两年再红海一点 只剩5%了
BV1wW4y1J7wb,944002939,不是我黑小鹏，小鹏p5就该这么改,电动兄弟,2022-10-14 18:12:18,7724,67,1,不是我黑小鹏，小鹏p5就该这么改,861517633,448.35900,1,25,16777215,2022-10-15 03:27:17,1665775637,0,d7f85878,1163369380571112704,你让宏光minievGB版玩啥？
BV1wW4y1J7wb,944002939,不是我黑小鹏，小鹏p5就该这么改,电动兄弟,2022-10-14 18:12:18,7724,67,1,不是我黑小鹏，小鹏p5就该这么改,861517633,283.57800,1,25,16777215,2022-10-14 23:45:48,1665762348,0,21f4b795,1163257909442947328,这不是说的极氪吗
BV1wW4y1J7wb,944002939,不是我黑小鹏，小鹏p5就该这么改,电动兄弟,2022-10-14 18:12:18,7724,67,1,不是我黑小鹏，小鹏p5就该这么改,861517633,518.03500,1,25,16777215,2022-10-14 23:38:05,1665761885,0,35c04d05,1163254025131458304,描述了一个p3
BV1wW4y1J7wb,944002939,不是我黑小鹏，小鹏p5就该这么改,电动兄弟,2022-10-14 18:12:18,7724,67,1,不是我黑小鹏，小鹏p5就该这么改,861517633,284.82700,1,25,16777215,2022-10-14 21:48:11,1665755291,0,5ecfe083,1163198708494506752,已经想买了
BV1wW4y1J7wb,944002939,不是我黑小鹏，小鹏p5就该这么改,电动兄弟,2022-10-14 18:12:18,7724,67,1,不是我黑小鹏，小鹏p5就该这么改,861517633,387.59200,1,25,16777215,2022-10-14 19:27:48,1665746868,0,cb31a07a,1163128047692535296,道理都懂，但很难
BV116421G7VE,1400039423,探秘小鹏XNGP贵阳开城,旌旗超智能,2024-02-02 19:30:40,3756,37,1,探秘小鹏XNGP贵阳开城,1427833457,1124.519,1,25,16777215,2024-02-02 20:25:49,1706876749,0,e6dea9c3,1508150500061683712,懂了，小鹏和华为差两年
