video_bvid,video_aid,video_title,video_author,video_pubdate,video_play,video_review_count,part_page,part_title,cid,time_seconds,mode,font_size,color,send_time,send_timestamp,danmaku_pool,user_hash,row_id,text
BV1U9YU6KENa,117253848700470,天神之眼C能自驾游吗？城市领航功能要收费？,兔头哥聊智驾,2026-09-12 12:35:00,8279,104,1,天神之眼C能自驾游吗？城市领航功能要收费？,41804762286,83.997,1,25,16777215,2026-09-12 15:49:22,1789199362,0,829d72cd,2198722630214540800,发短信的，可能会被拦截
BV1U9YU6KENa,117253848700470,天神之眼C能自驾游吗？城市领航功能要收费？,兔头哥聊智驾,2026-09-12 12:35:00,8279,104,1,天神之眼C能自驾游吗？城市领航功能要收费？,41804762286,140.050,1,25,16777215,2026-09-27 21:07:57,1790514477,0,89f072dc,2209754612008081920,想多了。。哈哈
BV1kCeg6pEUs,117285272426313,天神之眼C这么用，开车直接省一半精力,兔头哥聊智驾,2026-09-17 15:48:40,10044,100,1,天神之眼C这么用，开车直接省一半精力,41967751114,63.707,1,25,16777215,2026-09-17 19:34:03,1789644843,0,1354efd7,2202459593597017088,赞同
BV1kCeg6pEUs,117285272426313,天神之眼C这么用，开车直接省一半精力,兔头哥聊智驾,2026-09-17 15:48:40,10044,100,1,天神之眼C这么用，开车直接省一半精力,41967751114,37.017,1,25,16777215,2026-09-18 18:13:21,1789726401,0,a0482d14,2203143756395143424,因为只有c
BV1kCeg6pEUs,117285272426313,天神之眼C这么用，开车直接省一半精力,兔头哥聊智驾,2026-09-17 15:48:40,10044,100,1,天神之眼C这么用，开车直接省一半精力,41967751114,71.292,1,25,16777215,2026-09-19 15:26:44,1789802804,0,9441f776,2203784665146523648,不要叫智驾甚至自驾，好好叫做辅助，就行了
BV1kCeg6pEUs,117285272426313,天神之眼C这么用，开车直接省一半精力,兔头哥聊智驾,2026-09-17 15:48:40,10044,100,1,天神之眼C这么用，开车直接省一半精力,41967751114,182.269,1,25,16777215,2026-09-19 15:28:45,1789802925,0,9441f776,2203785679496926976,前后都是货车啊
BV1kCeg6pEUs,117285272426313,天神之眼C这么用，开车直接省一半精力,兔头哥聊智驾,2026-09-17 15:48:40,10044,100,1,天神之眼C这么用，开车直接省一半精力,41967751114,221.973,1,25,16777215,2026-09-19 15:29:57,1789802997,0,9441f776,2203786283845902336,路口太多当然就别用了啊，自己想想啊
BV1kCeg6pEUs,117285272426313,天神之眼C这么用，开车直接省一半精力,兔头哥聊智驾,2026-09-17 15:48:40,10044,100,1,天神之眼C这么用，开车直接省一半精力,41967751114,224.331,1,25,16707842,2026-09-21 01:22:45,1789924965,0,8c928f54,2204809426459518976,是的 用过，真的比自己开还累
BV1kCeg6pEUs,117285272426313,天神之眼C这么用，开车直接省一半精力,兔头哥聊智驾,2026-09-17 15:48:40,10044,100,1,天神之眼C这么用，开车直接省一半精力,41967751114,298.569,1,25,16707842,2026-09-21 01:24:01,1789925041,0,8c928f54,2204810066350733568,刹车很突然 领航应该优化刹车
BV1kCeg6pEUs,117285272426313,天神之眼C这么用，开车直接省一半精力,兔头哥聊智驾,2026-09-17 15:48:40,10044,100,1,天神之眼C这么用，开车直接省一半精力,41967751114,212.223,1,25,16777215,2026-09-21 09:10:33,1789953033,0,89f072dc,2205044881314032128,对，别赌它，过去后再开
BV1kCeg6pEUs,117285272426313,天神之眼C这么用，开车直接省一半精力,兔头哥聊智驾,2026-09-17 15:48:40,10044,100,1,天神之眼C这么用，开车直接省一半精力,41967751114,234.541,1,25,16777215,2026-09-21 09:10:56,1789953056,0,89f072dc,2205045068547928576,辅助驾驶，你就驾驭工具就行了
BV1kCeg6pEUs,117285272426313,天神之眼C这么用，开车直接省一半精力,兔头哥聊智驾,2026-09-17 15:48:40,10044,100,1,天神之眼C这么用，开车直接省一半精力,41967751114,262.167,1,25,16777215,2026-09-21 09:11:23,1789953083,0,89f072dc,2205045300316802304,复杂路况，你该自己开就自己开，过去后再启动
BV1kCeg6pEUs,117285272426313,天神之眼C这么用，开车直接省一半精力,兔头哥聊智驾,2026-09-17 15:48:40,10044,100,1,天神之眼C这么用，开车直接省一半精力,41967751114,301.715,1,25,16777215,2026-09-21 09:12:03,1789953123,0,89f072dc,2205045632035601664,那就给个油门
BV1kCeg6pEUs,117285272426313,天神之眼C这么用，开车直接省一半精力,兔头哥聊智驾,2026-09-17 15:48:40,10044,100,1,天神之眼C这么用，开车直接省一半精力,41967751114,320.396,1,25,16777215,2026-09-21 09:12:21,1789953141,0,89f072dc,2205045788953217536,哈哈 大家不规矩
BV1kCeg6pEUs,117285272426313,天神之眼C这么用，开车直接省一半精力,兔头哥聊智驾,2026-09-17 15:48:40,10044,100,1,天神之眼C这么用，开车直接省一半精力,41967751114,239.075,1,25,16777215,2026-09-22 08:13:14,1790035994,0,4ee143f9,2205740804025459456,这个东西就看熟练度，你用多了熟练了就不会觉得累
BV1kCeg6pEUs,117285272426313,天神之眼C这么用，开车直接省一半精力,兔头哥聊智驾,2026-09-17 15:48:40,10044,100,1,天神之眼C这么用，开车直接省一半精力,41967751114,325.690,1,25,16777215,2026-09-22 12:25:42,1790051142,0,4b90c658,2205867874131042048,正常，唉，限速60，我开80，猛猛被超。。
BV1kCeg6pEUs,117285272426313,天神之眼C这么用，开车直接省一半精力,兔头哥聊智驾,2026-09-17 15:48:40,10044,100,1,天神之眼C这么用，开车直接省一半精力,41967751114,262.167,1,25,16777215,2026-09-22 19:08:25,1790075305,0,7dd6a85a,2206070574357913088,哈哈
BV1kCeg6pEUs,117285272426313,天神之眼C这么用，开车直接省一半精力,兔头哥聊智驾,2026-09-17 15:48:40,10044,100,1,天神之眼C这么用，开车直接省一半精力,41967751114,539.373,1,25,16777215,2026-09-17 21:00:04,1789650004,0,51725e59,2202502890290353920,自己开更困了
BV1kCeg6pEUs,117285272426313,天神之眼C这么用，开车直接省一半精力,兔头哥聊智驾,2026-09-17 15:48:40,10044,100,1,天神之眼C这么用，开车直接省一半精力,41967751114,543.172,1,25,16777215,2026-09-18 08:28:04,1789691284,0,fbef4212,2202849173614323968,自己开更困，而且打瞌睡的话更危险
BV1kCeg6pEUs,117285272426313,天神之眼C这么用，开车直接省一半精力,兔头哥聊智驾,2026-09-17 15:48:40,10044,100,1,天神之眼C这么用，开车直接省一半精力,41967751114,361.833,1,25,16707842,2026-09-21 01:25:34,1789925134,0,8c928f54,2204810844066939904,高速闸道别用 错了很麻烦
BV1kCeg6pEUs,117285272426313,天神之眼C这么用，开车直接省一半精力,兔头哥聊智驾,2026-09-17 15:48:40,10044,100,1,天神之眼C这么用，开车直接省一半精力,41967751114,446.621,1,25,16707842,2026-09-21 01:27:33,1789925253,0,8c928f54,2204811840365300992,但问题突发情况有安全隐患啊 加速
BV1kCeg6pEUs,117285272426313,天神之眼C这么用，开车直接省一半精力,兔头哥聊智驾,2026-09-17 15:48:40,10044,100,1,天神之眼C这么用，开车直接省一半精力,41967751114,568.580,1,25,16707842,2026-09-21 01:29:43,1789925383,0,8c928f54,2204812934499555584,高德是这样的
BV1kCeg6pEUs,117285272426313,天神之眼C这么用，开车直接省一半精力,兔头哥聊智驾,2026-09-17 15:48:40,10044,100,1,天神之眼C这么用，开车直接省一半精力,41967751114,379.068,1,25,16777215,2026-09-21 09:13:20,1789953200,0,89f072dc,2205046281129254400,对，这块接管就完事，别赌它
BV1ZVfMYGE9g,114269181972089,比亚迪 宋L EV四驱顶配 天神之眼B 城区智驾,工笔画家李晓明,2025-04-03 00:04:24,2842,15,1,比亚迪 宋L EV四驱顶配 天神之眼B 城区智驾,29204415499,560.238,1,25,16777215,2025-04-07 01:16:50,1743959810,0,350208fd,1819225762642440704,施工路段好像应该是40，上海的高架施工都是长距离40
BV1ZVfMYGE9g,114269181972089,比亚迪 宋L EV四驱顶配 天神之眼B 城区智驾,工笔画家李晓明,2025-04-03 00:04:24,2842,15,1,比亚迪 宋L EV四驱顶配 天神之眼B 城区智驾,29204415499,417.691,1,25,16777215,2025-04-29 12:18:26,1745900306,0,320ebacd,1835503823272701440,这样更安全吧，我也是先到右车道再并道
BV1zzXNB1E54,116301037046757,天神之眼5.0 送我上下班，22KM全程0接管,卧底最前线,2026-03-27 20:17:06,111286,497,1,lv_0_20260327161309,37022663519,127.020,1,25,16777215,2026-03-28 22:07:56,1774706876,0,59b9d48d,2077150845903840768,这路上不塞车堵车呀，也没车呀。市区上班，那塞的要命能开吗？
BV1zzXNB1E54,116301037046757,天神之眼5.0 送我上下班，22KM全程0接管,卧底最前线,2026-03-27 20:17:06,111286,497,1,lv_0_20260327161309,37022663519,13.319,1,25,16777215,2026-03-29 17:17:07,1774775827,0,1c888e3a,2077729251238959360,为什么可以不用手扶方向盘？
BV1zzXNB1E54,116301037046757,天神之眼5.0 送我上下班，22KM全程0接管,卧底最前线,2026-03-27 20:17:06,111286,497,1,lv_0_20260327161309,37022663519,260.291,1,25,16777215,2026-03-30 14:15:23,1774851323,0,a579f2a0,2078362552286487040,这种路况过马路，我开都得慢慢的多看着点。这也太丝滑了。
BV1zzXNB1E54,116301037046757,天神之眼5.0 送我上下班，22KM全程0接管,卧底最前线,2026-03-27 20:17:06,111286,497,1,lv_0_20260327161309,37022663519,21.599,1,25,16777215,2026-03-30 16:41:59,1774860119,0,74da331c,2078436336586948352,他一会儿碰一下没看到么
BV1zzXNB1E54,116301037046757,天神之眼5.0 送我上下班，22KM全程0接管,卧底最前线,2026-03-27 20:17:06,111286,497,1,lv_0_20260327161309,37022663519,248.637,1,25,16777215,2026-04-01 16:31:24,1775032284,0,ccb444ca,2079880568782879232,丝滑
BV1zzXNB1E54,116301037046757,天神之眼5.0 送我上下班，22KM全程0接管,卧底最前线,2026-03-27 20:17:06,111286,497,1,lv_0_20260327161309,37022663519,29.212,1,25,16777215,2026-04-05 21:11:27,1775394687,0,36afe466,2082920621997807104,车有点少
BV1zzXNB1E54,116301037046757,天神之眼5.0 送我上下班，22KM全程0接管,卧底最前线,2026-03-27 20:17:06,111286,497,1,lv_0_20260327161309,37022663519,95.731,1,25,16777215,2026-04-06 01:17:54,1775409474,0,89e47db5,2083044660947143424,海洋网这个四幅方向盘真得劲啊，下面手能全搭上去，王朝的三幅就不行
BV1zzXNB1E54,116301037046757,天神之眼5.0 送我上下班，22KM全程0接管,卧底最前线,2026-03-27 20:17:06,111286,497,1,lv_0_20260327161309,37022663519,6.610,1,25,16777215,2026-04-13 09:37:25,1776044245,0,425d6634,2088369507428597248,手不要脱离方向盘
BV1zzXNB1E54,116301037046757,天神之眼5.0 送我上下班，22KM全程0接管,卧底最前线,2026-03-27 20:17:06,111286,497,1,lv_0_20260327161309,37022663519,15.017,1,25,16777215,2026-04-14 20:23:53,1776169433,0,111c5f93,2089419661409852672,手其实不要紧，脚不要离开刹车就行
BV1zzXNB1E54,116301037046757,天神之眼5.0 送我上下班，22KM全程0接管,卧底最前线,2026-03-27 20:17:06,111286,497,1,lv_0_20260327161309,37022663519,62.484,1,25,16777215,2026-04-14 20:25:04,1776169504,0,111c5f93,2089420256673625088,堵车可以用，但是效率不高，目前智驾都怂，太勇的你又不敢用
BV1zzXNB1E54,116301037046757,天神之眼5.0 送我上下班，22KM全程0接管,卧底最前线,2026-03-27 20:17:06,111286,497,1,lv_0_20260327161309,37022663519,184.335,1,25,16777215,2026-04-15 18:42:24,1776249744,0,382acb9b,2090093357581014272,这个起步左偏一把方向跟我一模一样
BV1zzXNB1E54,116301037046757,天神之眼5.0 送我上下班，22KM全程0接管,卧底最前线,2026-03-27 20:17:06,111286,497,1,lv_0_20260327161309,37022663519,49.594,1,25,16777215,2026-05-04 22:59:26,1777906766,0,d50b3be0,2103993467716969984,这是07？
BV1zzXNB1E54,116301037046757,天神之眼5.0 送我上下班，22KM全程0接管,卧底最前线,2026-03-27 20:17:06,111286,497,1,lv_0_20260327161309,37022663519,141.988,1,25,15138834,2026-05-13 02:36:39,1778610999,0,a47bedd1,2109901006061254912,智驾是车越多越简单的
BV1zzXNB1E54,116301037046757,天神之眼5.0 送我上下班，22KM全程0接管,卧底最前线,2026-03-27 20:17:06,111286,497,1,lv_0_20260327161309,37022663519,155.464,1,25,16777215,2026-05-13 23:20:35,1778685635,0,878acb8b,2110527092746900480,车多车是参照物，没车就要读线
BV1zzXNB1E54,116301037046757,天神之眼5.0 送我上下班，22KM全程0接管,卧底最前线,2026-03-27 20:17:06,111286,497,1,lv_0_20260327161309,37022663519,17.587,1,25,16777215,2026-05-30 10:17:50,1780107470,0,82f5940f,2122454308196403200,看着像济南黄河北
BV1zzXNB1E54,116301037046757,天神之眼5.0 送我上下班，22KM全程0接管,卧底最前线,2026-03-27 20:17:06,111286,497,1,lv_0_20260327161309,37022663519,206.847,1,25,16777215,2026-05-30 20:04:57,1780142697,0,f229cc45,2122749813707081216,红绿灯的版本太多了，甚至高低版本混合使用
BV1zzXNB1E54,116301037046757,天神之眼5.0 送我上下班，22KM全程0接管,卧底最前线,2026-03-27 20:17:06,111286,497,1,lv_0_20260327161309,37022663519,38.648,1,25,16777215,2026-05-31 02:34:25,1780166065,0,c5857eac,2122945844184608512,济南黄河大道快速路
BV1zzXNB1E54,116301037046757,天神之眼5.0 送我上下班，22KM全程0接管,卧底最前线,2026-03-27 20:17:06,111286,497,1,lv_0_20260327161309,37022663519,32.331,1,25,16777215,2026-05-31 11:47:37,1780199257,0,4fc5e997,2123224279054493184,这样子不难受吗
BV1zzXNB1E54,116301037046757,天神之眼5.0 送我上下班，22KM全程0接管,卧底最前线,2026-03-27 20:17:06,111286,497,1,lv_0_20260327161309,37022663519,75.081,1,25,16707842,2026-06-01 23:42:46,1780328566,0,fde95bb7,2124308995182348032,天神之眼可以调激进模式
BV1zzXNB1E54,116301037046757,天神之眼5.0 送我上下班，22KM全程0接管,卧底最前线,2026-03-27 20:17:06,111286,497,1,lv_0_20260327161309,37022663519,51.092,1,25,16777215,2026-06-02 22:51:34,1780411894,0,18e624d2,2125008005337911296,为什么我感觉这样子更累？
BV1zzXNB1E54,116301037046757,天神之眼5.0 送我上下班，22KM全程0接管,卧底最前线,2026-03-27 20:17:06,111286,497,1,lv_0_20260327161309,37022663519,68.262,1,25,16777215,2026-06-05 08:23:40,1780619020,0,61b54e45,2126745503772445184,是27EV
BV1zzXNB1E54,116301037046757,天神之眼5.0 送我上下班，22KM全程0接管,卧底最前线,2026-03-27 20:17:06,111286,497,1,lv_0_20260327161309,37022663519,281.010,1,25,16777215,2026-06-10 23:06:08,1781103968,0,ae52d106,2130813545028593664,施工路段不错啊
BV1zzXNB1E54,116301037046757,天神之眼5.0 送我上下班，22KM全程0接管,卧底最前线,2026-03-27 20:17:06,111286,497,1,lv_0_20260327161309,37022663519,261.260,1,25,16777215,2026-06-15 16:13:07,1781511187,0,7eb436a6,2134229540539950848,这几个操作不错啊
BV1zzXNB1E54,116301037046757,天神之眼5.0 送我上下班，22KM全程0接管,卧底最前线,2026-03-27 20:17:06,111286,497,1,lv_0_20260327161309,37022663519,13.373,1,25,16777215,2026-06-23 00:10:32,1782144632,0,f25703a,2139543265035628032,NoA手握方向盘？？？？识别到几次阻力就退出了
BV1zzXNB1E54,116301037046757,天神之眼5.0 送我上下班，22KM全程0接管,卧底最前线,2026-03-27 20:17:06,111286,497,1,lv_0_20260327161309,37022663519,268.245,1,25,16777215,2026-07-31 18:01:13,1785492073,0,6b1304f5,2167623631839705856,我只能说：牛掰！
BV1zzXNB1E54,116301037046757,天神之眼5.0 送我上下班，22KM全程0接管,卧底最前线,2026-03-27 20:17:06,111286,497,1,lv_0_20260327161309,37022663519,25.058,1,25,16777215,2026-09-02 13:12:36,1788325956,0,231a780,2191395964353712640,在智能我也不敢用。。。
BV1vENoeREMi,113979724663704,比亚迪海鸥：啥？我也有天神之眼？！,大鹏快开车,2025-02-10 21:10:18,702840,3207,1,比亚迪海鸥：啥？我也有天神之眼？！,28317125196,11.220,1,25,16777215,2025-02-10 21:12:10,1739193130,0,a606f0ed,1779239951478320128,北鼻
BV1vENoeREMi,113979724663704,比亚迪海鸥：啥？我也有天神之眼？！,大鹏快开车,2025-02-10 21:10:18,702840,3207,1,比亚迪海鸥：啥？我也有天神之眼？！,28317125196,51.892,1,25,16777215,2025-02-10 21:12:31,1739193151,0,fcf4aafe,1779240127655600128,咱们开推？
BV1vENoeREMi,113979724663704,比亚迪海鸥：啥？我也有天神之眼？！,大鹏快开车,2025-02-10 21:10:18,702840,3207,1,比亚迪海鸥：啥？我也有天神之眼？！,28317125196,21.987,1,25,16777215,2025-02-10 21:13:04,1739193184,0,c097322,1779240404957975552,不能得罪甲方爸爸
BV1vENoeREMi,113979724663704,比亚迪海鸥：啥？我也有天神之眼？！,大鹏快开车,2025-02-10 21:10:18,702840,3207,1,比亚迪海鸥：啥？我也有天神之眼？！,28317125196,134.859,1,25,16777215,2025-02-10 21:13:14,1739193194,0,b93cca97,1779240491561692416,画龙吗？
BV1vENoeREMi,113979724663704,比亚迪海鸥：啥？我也有天神之眼？！,大鹏快开车,2025-02-10 21:10:18,702840,3207,1,比亚迪海鸥：啥？我也有天神之眼？！,28317125196,163.175,1,25,16777215,2025-02-10 21:14:43,1739193283,0,5c7be759,1779241236562281216,保守吧
BV1vENoeREMi,113979724663704,比亚迪海鸥：啥？我也有天神之眼？！,大鹏快开车,2025-02-10 21:10:18,702840,3207,1,比亚迪海鸥：啥？我也有天神之眼？！,28317125196,13.121,1,25,16777215,2025-02-10 21:16:34,1739193394,0,cc33,1779242166230111488,海鸥也画龙
BV1vENoeREMi,113979724663704,比亚迪海鸥：啥？我也有天神之眼？！,大鹏快开车,2025-02-10 21:10:18,702840,3207,1,比亚迪海鸥：啥？我也有天神之眼？！,28317125196,42.071,1,25,16777215,2025-02-10 21:17:03,1739193423,0,cc33,1779242409189302784,科技平权
BV1vENoeREMi,113979724663704,比亚迪海鸥：啥？我也有天神之眼？！,大鹏快开车,2025-02-10 21:10:18,702840,3207,1,比亚迪海鸥：啥？我也有天神之眼？！,28317125196,65.749,1,25,16707842,2025-02-10 21:18:35,1739193515,0,1747a769,1779243181511541248,没有激光雷达，还是差了点
BV1vENoeREMi,113979724663704,比亚迪海鸥：啥？我也有天神之眼？！,大鹏快开车,2025-02-10 21:10:18,702840,3207,1,比亚迪海鸥：啥？我也有天神之眼？！,28317125196,61.531,1,25,16777215,2025-02-10 21:18:41,1739193521,0,b1a3d52a,1779243227656932352,这边推一下？
BV1vENoeREMi,113979724663704,比亚迪海鸥：啥？我也有天神之眼？！,大鹏快开车,2025-02-10 21:10:18,702840,3207,1,比亚迪海鸥：啥？我也有天神之眼？！,28317125196,255.681,1,25,16777215,2025-02-10 21:20:37,1739193637,0,cc33,1779244200819883776,太吓人了
BV1vENoeREMi,113979724663704,比亚迪海鸥：啥？我也有天神之眼？！,大鹏快开车,2025-02-10 21:10:18,702840,3207,1,比亚迪海鸥：啥？我也有天神之眼？！,28317125196,71.931,1,25,16777215,2025-02-10 21:21:04,1739193664,0,e0549f9d,1779244426741728512,三个800万卖你9.98万 比亚迪真是太仗义了（Doge）
BV1vENoeREMi,113979724663704,比亚迪海鸥：啥？我也有天神之眼？！,大鹏快开车,2025-02-10 21:10:18,702840,3207,1,比亚迪海鸥：啥？我也有天神之眼？！,28317125196,92.163,1,25,16777215,2025-02-10 21:21:22,1739193682,0,4ebe6ddb,1779244580932970496,后车能看到蓝色光 随便超车 这反正都有两面性有好就有坏
BV1vENoeREMi,113979724663704,比亚迪海鸥：啥？我也有天神之眼？！,大鹏快开车,2025-02-10 21:10:18,702840,3207,1,比亚迪海鸥：啥？我也有天神之眼？！,28317125196,58.066,1,25,16777215,2025-02-10 21:21:40,1739193700,0,3d238044,1779244734578649088,推
BV1vENoeREMi,113979724663704,比亚迪海鸥：啥？我也有天神之眼？！,大鹏快开车,2025-02-10 21:10:18,702840,3207,1,比亚迪海鸥：啥？我也有天神之眼？！,28317125196,70.530,1,25,16777215,2025-02-10 21:21:42,1739193702,0,18c8b44b,1779244750877108736,998你还想要什么？给你上四个激光雷达好不好呀
BV1vENoeREMi,113979724663704,比亚迪海鸥：啥？我也有天神之眼？！,大鹏快开车,2025-02-10 21:10:18,702840,3207,1,比亚迪海鸥：啥？我也有天神之眼？！,28317125196,35.173,1,25,16777215,2025-02-10 21:21:49,1739193709,0,75c41097,1779244811996987648,画龙了吗？？？
BV1vENoeREMi,113979724663704,比亚迪海鸥：啥？我也有天神之眼？！,大鹏快开车,2025-02-10 21:10:18,702840,3207,1,比亚迪海鸥：啥？我也有天神之眼？！,28317125196,142.026,1,25,16777215,2025-02-10 21:22:35,1739193755,0,81fba61d,1779245194743531520,啊？电容啊？
BV1vENoeREMi,113979724663704,比亚迪海鸥：啥？我也有天神之眼？！,大鹏快开车,2025-02-10 21:10:18,702840,3207,1,比亚迪海鸥：啥？我也有天神之眼？！,28317125196,135.359,1,25,16777215,2025-02-10 21:23:02,1739193782,0,29d01ca2,1779245423644038400,虚伪的哥们，车都启动了还不好打方向那这车企可以退市了
BV1vENoeREMi,113979724663704,比亚迪海鸥：啥？我也有天神之眼？！,大鹏快开车,2025-02-10 21:10:18,702840,3207,1,比亚迪海鸥：啥？我也有天神之眼？！,28317125196,128.590,1,25,16777215,2025-02-10 21:23:53,1739193833,0,1e7769d8,1779245850875265280,说虚位的是没车？车子上电后你自己轻轻碰下方向盘看看会不会动
BV1vENoeREMi,113979724663704,比亚迪海鸥：啥？我也有天神之眼？！,大鹏快开车,2025-02-10 21:10:18,702840,3207,1,比亚迪海鸥：啥？我也有天神之眼？！,28317125196,261.211,1,25,16777215,2025-02-10 21:24:26,1739193866,0,727a7920,1779246121634383872,牛逼猜对了哈哈
BV1vENoeREMi,113979724663704,比亚迪海鸥：啥？我也有天神之眼？！,大鹏快开车,2025-02-10 21:10:18,702840,3207,1,比亚迪海鸥：啥？我也有天神之眼？！,28317125196,110.200,1,25,16777215,2025-02-10 21:24:28,1739193868,0,42e377a2,1779246145089603072,要啥自行车啊
BV1vENoeREMi,113979724663704,比亚迪海鸥：啥？我也有天神之眼？！,大鹏快开车,2025-02-10 21:10:18,702840,3207,1,比亚迪海鸥：啥？我也有天神之眼？！,28317125196,54.347,1,25,16777215,2025-02-10 21:24:47,1739193887,0,cefc30c9,1779246299104390656,开推就开推，说着推了一把大鹏
BV1vENoeREMi,113979724663704,比亚迪海鸥：啥？我也有天神之眼？！,大鹏快开车,2025-02-10 21:10:18,702840,3207,1,比亚迪海鸥：啥？我也有天神之眼？！,28317125196,254.451,1,25,16777215,2025-02-10 21:25:40,1739193940,0,f32b4d8,1779246744346015232,比亚迪下饺子了
BV1vENoeREMi,113979724663704,比亚迪海鸥：啥？我也有天神之眼？！,大鹏快开车,2025-02-10 21:10:18,702840,3207,1,比亚迪海鸥：啥？我也有天神之眼？！,28317125196,158.035,1,25,16777215,2025-02-10 21:26:08,1739193968,0,d3422b81,1779246976786256128,好啊，我现在都得一直动方向盘
BV1vENoeREMi,113979724663704,比亚迪海鸥：啥？我也有天神之眼？！,大鹏快开车,2025-02-10 21:10:18,702840,3207,1,比亚迪海鸥：啥？我也有天神之眼？！,28317125196,96.600,5,25,16707842,2025-02-10 21:26:32,1739193992,0,ab742c02,1779247181116041728,小迪小迪，打开哨兵模式，打开哨兵模式（超大声）！
BV1vENoeREMi,113979724663704,比亚迪海鸥：啥？我也有天神之眼？！,大鹏快开车,2025-02-10 21:10:18,702840,3207,1,比亚迪海鸥：啥？我也有天神之眼？！,28317125196,187.910,1,25,16777215,2025-02-10 21:27:46,1739194066,0,77c7f3dd,1779247803801844736,大鹏来，我请你吃泡面
BV1vENoeREMi,113979724663704,比亚迪海鸥：啥？我也有天神之眼？！,大鹏快开车,2025-02-10 21:10:18,702840,3207,1,比亚迪海鸥：啥？我也有天神之眼？！,28317125196,261.787,1,25,16777215,2025-02-10 21:27:57,1739194077,0,4deda2b4,1779247898115681536,真说到了
BV1vENoeREMi,113979724663704,比亚迪海鸥：啥？我也有天神之眼？！,大鹏快开车,2025-02-10 21:10:18,702840,3207,1,比亚迪海鸥：啥？我也有天神之眼？！,28317125196,202.674,1,25,16777215,2025-02-10 21:28:45,1739194125,0,b103ddf2,1779248297925157376,早说来坪山我就去偶遇了
BV1vENoeREMi,113979724663704,比亚迪海鸥：啥？我也有天神之眼？！,大鹏快开车,2025-02-10 21:10:18,702840,3207,1,比亚迪海鸥：啥？我也有天神之眼？！,28317125196,39.435,1,25,15138834,2025-02-10 21:29:03,1739194143,0,cdf8f60c,1779248452862314496,画龙嘛
BV1vENoeREMi,113979724663704,比亚迪海鸥：啥？我也有天神之眼？！,大鹏快开车,2025-02-10 21:10:18,702840,3207,1,比亚迪海鸥：啥？我也有天神之眼？！,28317125196,151.015,1,25,16777215,2025-02-10 21:29:28,1739194168,0,991da2fb,1779248656437045248,来一起读 迪派乐特
BV1vENoeREMi,113979724663704,比亚迪海鸥：啥？我也有天神之眼？！,大鹏快开车,2025-02-10 21:10:18,702840,3207,1,比亚迪海鸥：啥？我也有天神之眼？！,28317125196,36.608,1,25,16777215,2025-02-10 21:30:30,1739194230,0,1192509b,1779249176204053504,有些低配没有
BV1vENoeREMi,113979724663704,比亚迪海鸥：啥？我也有天神之眼？！,大鹏快开车,2025-02-10 21:10:18,702840,3207,1,比亚迪海鸥：啥？我也有天神之眼？！,28317125196,93.691,1,25,16777215,2025-02-10 21:31:56,1739194316,0,1d4e8a13,1779249897170846208,没激光雷达？
BV1vENoeREMi,113979724663704,比亚迪海鸥：啥？我也有天神之眼？！,大鹏快开车,2025-02-10 21:10:18,702840,3207,1,比亚迪海鸥：啥？我也有天神之眼？！,28317125196,24.993,1,25,16777215,2025-02-10 21:31:56,1739194316,0,cc56f63a,1779249903370286592,全系都有，不代表单车型全系标配吧，丐版也有那才牛
BV1vENoeREMi,113979724663704,比亚迪海鸥：啥？我也有天神之眼？！,大鹏快开车,2025-02-10 21:10:18,702840,3207,1,比亚迪海鸥：啥？我也有天神之眼？！,28317125196,261.252,1,25,16777215,2025-02-10 21:33:21,1739194401,0,a0947bd8,1779250613289786880,真呢，加量不加价
BV1vENoeREMi,113979724663704,比亚迪海鸥：啥？我也有天神之眼？！,大鹏快开车,2025-02-10 21:10:18,702840,3207,1,比亚迪海鸥：啥？我也有天神之眼？！,28317125196,90.571,1,25,16777215,2025-02-10 21:33:33,1739194413,0,4cc4906c,1779250714355399168,买车送摄像头
BV1vENoeREMi,113979724663704,比亚迪海鸥：啥？我也有天神之眼？！,大鹏快开车,2025-02-10 21:10:18,702840,3207,1,比亚迪海鸥：啥？我也有天神之眼？！,28317125196,199.618,1,25,16777215,2025-02-10 21:33:37,1739194417,0,a5eef636,1779250746635216896,主要是不加价
BV1vENoeREMi,113979724663704,比亚迪海鸥：啥？我也有天神之眼？！,大鹏快开车,2025-02-10 21:10:18,702840,3207,1,比亚迪海鸥：啥？我也有天神之眼？！,28317125196,48.981,1,25,16777215,2025-02-10 21:33:41,1739194421,0,d466e85c,1779250780642689536,精致男孩
BV1vENoeREMi,113979724663704,比亚迪海鸥：啥？我也有天神之眼？！,大鹏快开车,2025-02-10 21:10:18,702840,3207,1,比亚迪海鸥：啥？我也有天神之眼？！,28317125196,85.531,1,25,16777215,2025-02-10 21:34:00,1739194440,0,3533ce4c,1779250938835094784,卧槽？这么牛逼
BV1vENoeREMi,113979724663704,比亚迪海鸥：啥？我也有天神之眼？！,大鹏快开车,2025-02-10 21:10:18,702840,3207,1,比亚迪海鸥：啥？我也有天神之眼？！,28317125196,130.917,1,25,16777215,2025-02-10 21:34:37,1739194477,0,74f3998a,1779251246738777856,我1198   苦啊2333333
BV1vENoeREMi,113979724663704,比亚迪海鸥：啥？我也有天神之眼？！,大鹏快开车,2025-02-10 21:10:18,702840,3207,1,比亚迪海鸥：啥？我也有天神之眼？！,28317125196,88.928,1,25,16777215,2025-02-10 21:35:57,1739194557,0,3788c037,1779251924060352000,太卷了
BV1vENoeREMi,113979724663704,比亚迪海鸥：啥？我也有天神之眼？！,大鹏快开车,2025-02-10 21:10:18,702840,3207,1,比亚迪海鸥：啥？我也有天神之眼？！,28317125196,125.656,1,25,16777215,2025-02-10 21:36:34,1739194594,0,3788c037,1779252232853388032,有总比没有好
BV1vENoeREMi,113979724663704,比亚迪海鸥：啥？我也有天神之眼？！,大鹏快开车,2025-02-10 21:10:18,702840,3207,1,比亚迪海鸥：啥？我也有天神之眼？！,28317125196,131.291,1,25,16777215,2025-02-10 21:40:43,1739194843,0,ac5cc3b,1779254319779456512,我知道，画龙嘛
BV1vENoeREMi,113979724663704,比亚迪海鸥：啥？我也有天神之眼？！,大鹏快开车,2025-02-10 21:10:18,702840,3207,1,比亚迪海鸥：啥？我也有天神之眼？！,28317125196,197.013,1,25,16777215,2025-02-10 21:41:02,1739194862,0,246579e5,1779254480697730816,右边超车真的号码
BV1vENoeREMi,113979724663704,比亚迪海鸥：啥？我也有天神之眼？！,大鹏快开车,2025-02-10 21:10:18,702840,3207,1,比亚迪海鸥：啥？我也有天神之眼？！,28317125196,16.941,1,25,16777215,2025-02-10 21:42:17,1739194937,0,b3f1b442,1779255105237901312,没激光雷达光摄像头，晚上暴雨天没法用
BV1vENoeREMi,113979724663704,比亚迪海鸥：啥？我也有天神之眼？！,大鹏快开车,2025-02-10 21:10:18,702840,3207,1,比亚迪海鸥：啥？我也有天神之眼？！,28317125196,76.531,1,25,16777215,2025-02-10 21:43:18,1739194998,0,aa676e8,1779255618696902656,特斯拉不也是没有激光雷达
BV1vENoeREMi,113979724663704,比亚迪海鸥：啥？我也有天神之眼？！,大鹏快开车,2025-02-10 21:10:18,702840,3207,1,比亚迪海鸥：啥？我也有天神之眼？！,28317125196,132.971,1,25,16777215,2025-02-10 21:45:01,1739195101,0,d8fe072a,1779256482597337088,要等激光雷达降价到2000就差不多了，现在7000左右
BV1vENoeREMi,113979724663704,比亚迪海鸥：啥？我也有天神之眼？！,大鹏快开车,2025-02-10 21:10:18,702840,3207,1,比亚迪海鸥：啥？我也有天神之眼？！,28317125196,85.090,5,25,15138834,2025-02-10 21:49:35,1739195375,0,7764b4ea,1779258785404155904,为什么鲨鱼鳍是黑色的？这不是个白车吗
BV1vENoeREMi,113979724663704,比亚迪海鸥：啥？我也有天神之眼？！,大鹏快开车,2025-02-10 21:10:18,702840,3207,1,比亚迪海鸥：啥？我也有天神之眼？！,28317125196,262.131,1,25,16777215,2025-02-10 21:49:39,1739195379,0,60507703,1779258819445660416,想多了吧
BV1vENoeREMi,113979724663704,比亚迪海鸥：啥？我也有天神之眼？！,大鹏快开车,2025-02-10 21:10:18,702840,3207,1,比亚迪海鸥：啥？我也有天神之眼？！,28317125196,169.331,1,25,16777215,2025-02-10 21:49:54,1739195394,0,79540b01,1779258942800107008,画龙不？
BV1vENoeREMi,113979724663704,比亚迪海鸥：啥？我也有天神之眼？！,大鹏快开车,2025-02-10 21:10:18,702840,3207,1,比亚迪海鸥：啥？我也有天神之眼？！,28317125196,242.249,1,25,16777215,2025-02-10 21:50:27,1739195427,0,ffad81d,1779259222711087872,我同事的G9也是，智驾，离右边很近。
BV1vENoeREMi,113979724663704,比亚迪海鸥：啥？我也有天神之眼？！,大鹏快开车,2025-02-10 21:10:18,702840,3207,1,比亚迪海鸥：啥？我也有天神之眼？！,28317125196,35.921,1,25,16777215,2025-02-10 21:50:42,1739195442,0,6f6bc0d9,1779259341871454976,刚看完直播，海鸥也有，疯了！
BV1vENoeREMi,113979724663704,比亚迪海鸥：啥？我也有天神之眼？！,大鹏快开车,2025-02-10 21:10:18,702840,3207,1,比亚迪海鸥：啥？我也有天神之眼？！,28317125196,100.531,1,25,16777215,2025-02-10 21:51:04,1739195464,0,14303bc7,1779259530371946240,卧槽，才买几个月咋办？
BV1vENoeREMi,113979724663704,比亚迪海鸥：啥？我也有天神之眼？！,大鹏快开车,2025-02-10 21:10:18,702840,3207,1,比亚迪海鸥：啥？我也有天神之眼？！,28317125196,96.659,1,25,16777215,2025-02-10 21:51:55,1739195515,0,86bf3459,1779259953928874240,别必停灯
BV1vENoeREMi,113979724663704,比亚迪海鸥：啥？我也有天神之眼？！,大鹏快开车,2025-02-10 21:10:18,702840,3207,1,比亚迪海鸥：啥？我也有天神之眼？！,28317125196,108.369,1,25,16777215,2025-02-10 21:52:29,1739195549,0,c9bf3af4,1779260240693733376,纯视觉加毫米波哦
BV1vENoeREMi,113979724663704,比亚迪海鸥：啥？我也有天神之眼？！,大鹏快开车,2025-02-10 21:10:18,702840,3207,1,比亚迪海鸥：啥？我也有天神之眼？！,28317125196,261.672,1,25,16777215,2025-02-10 21:53:52,1739195632,0,c9bf3af4,1779260939313670144,确实加量不加价，甚至唐还更新五连杆了
BV1vENoeREMi,113979724663704,比亚迪海鸥：啥？我也有天神之眼？！,大鹏快开车,2025-02-10 21:10:18,702840,3207,1,比亚迪海鸥：啥？我也有天神之眼？！,28317125196,275.966,5,25,15138834,2025-02-10 21:58:12,1739195892,0,d4c84dd5,1779263122684172288,哈哈哈哈
BV1vENoeREMi,113979724663704,比亚迪海鸥：啥？我也有天神之眼？！,大鹏快开车,2025-02-10 21:10:18,702840,3207,1,比亚迪海鸥：啥？我也有天神之眼？！,28317125196,196.104,1,25,16777215,2025-02-10 21:58:28,1739195908,0,a525e6ba,1779263258637820928,别管左边超还是右边超，安全就行，规定是死的人是活的
BV1vENoeREMi,113979724663704,比亚迪海鸥：啥？我也有天神之眼？！,大鹏快开车,2025-02-10 21:10:18,702840,3207,1,比亚迪海鸥：啥？我也有天神之眼？！,28317125196,47.866,1,25,16777215,2025-02-10 21:58:35,1739195915,0,f4c9b6a3,1779263311847364096,是一个东西吗？
BV1vENoeREMi,113979724663704,比亚迪海鸥：啥？我也有天神之眼？！,大鹏快开车,2025-02-10 21:10:18,702840,3207,1,比亚迪海鸥：啥？我也有天神之眼？！,28317125196,277.036,1,25,16777215,2025-02-10 21:59:40,1739195980,0,ff1e4358,1779263856183574016,我去
BV1vENoeREMi,113979724663704,比亚迪海鸥：啥？我也有天神之眼？！,大鹏快开车,2025-02-10 21:10:18,702840,3207,1,比亚迪海鸥：啥？我也有天神之眼？！,28317125196,274.988,1,25,16777215,2025-02-10 22:00:29,1739196029,0,83e302d2,1779264267745548544,猜对了，加量不加价
BV1vENoeREMi,113979724663704,比亚迪海鸥：啥？我也有天神之眼？！,大鹏快开车,2025-02-10 21:10:18,702840,3207,1,比亚迪海鸥：啥？我也有天神之眼？！,28317125196,15.951,1,25,16777215,2025-02-10 22:00:33,1739196033,0,bf83cc18,1779264300242807040,成本=复制粘贴 233
BV1vENoeREMi,113979724663704,比亚迪海鸥：啥？我也有天神之眼？！,大鹏快开车,2025-02-10 21:10:18,702840,3207,1,比亚迪海鸥：啥？我也有天神之眼？！,28317125196,257.524,1,25,16777215,2025-02-10 22:01:12,1739196072,0,95a05052,1779264627600023040,等等党的胜利
BV1vENoeREMi,113979724663704,比亚迪海鸥：啥？我也有天神之眼？！,大鹏快开车,2025-02-10 21:10:18,702840,3207,1,比亚迪海鸥：啥？我也有天神之眼？！,28317125196,170.659,1,25,16777215,2025-02-10 22:02:20,1739196140,0,c8853974,1779265199770348544,南坪快速
BV1vENoeREMi,113979724663704,比亚迪海鸥：啥？我也有天神之眼？！,大鹏快开车,2025-02-10 21:10:18,702840,3207,1,比亚迪海鸥：啥？我也有天神之眼？！,28317125196,138.451,1,25,16777215,2025-02-10 22:02:50,1739196170,0,bf83cc18,1779265456134352896,只是等固态233
BV1vENoeREMi,113979724663704,比亚迪海鸥：啥？我也有天神之眼？！,大鹏快开车,2025-02-10 21:10:18,702840,3207,1,比亚迪海鸥：啥？我也有天神之眼？！,28317125196,276.259,1,25,16777215,2025-02-10 22:04:25,1739196265,0,c8853974,1779266247364849152,AUV，这小孩儿
BV1vENoeREMi,113979724663704,比亚迪海鸥：啥？我也有天神之眼？！,大鹏快开车,2025-02-10 21:10:18,702840,3207,1,比亚迪海鸥：啥？我也有天神之眼？！,28317125196,231.491,1,25,16777215,2025-02-10 22:05:04,1739196304,0,bf83cc18,1779266580350580736,没调好的话，老人小孩还是晕车233
BV1vENoeREMi,113979724663704,比亚迪海鸥：啥？我也有天神之眼？！,大鹏快开车,2025-02-10 21:10:18,702840,3207,1,比亚迪海鸥：啥？我也有天神之眼？！,28317125196,103.162,1,25,16777215,2025-02-10 22:08:58,1739196538,0,bc08d104,1779268541321657344,修啥修……BYD坏了直接全损啊
BV1vENoeREMi,113979724663704,比亚迪海鸥：啥？我也有天神之眼？！,大鹏快开车,2025-02-10 21:10:18,702840,3207,1,比亚迪海鸥：啥？我也有天神之眼？！,28317125196,48.620,1,25,16777215,2025-02-10 22:12:04,1739196724,0,492f4aca,1779270101393473792,群众：来，画个龙吧
BV1vENoeREMi,113979724663704,比亚迪海鸥：啥？我也有天神之眼？！,大鹏快开车,2025-02-10 21:10:18,702840,3207,1,比亚迪海鸥：啥？我也有天神之眼？！,28317125196,88.061,1,25,16777215,2025-02-10 22:12:38,1739196758,0,d1bc2997,1779270383720659712,小鹏：还得纯视觉啊哈哈哈P7+太香了
BV1vENoeREMi,113979724663704,比亚迪海鸥：啥？我也有天神之眼？！,大鹏快开车,2025-02-10 21:10:18,702840,3207,1,比亚迪海鸥：啥？我也有天神之眼？！,28317125196,213.138,1,25,16777215,2025-02-10 22:13:01,1739196781,0,a8000781,1779270573747213056,右边只要短时间不变回去就不算超车
BV1vENoeREMi,113979724663704,比亚迪海鸥：啥？我也有天神之眼？！,大鹏快开车,2025-02-10 21:10:18,702840,3207,1,比亚迪海鸥：啥？我也有天神之眼？！,28317125196,136.004,1,25,16777215,2025-02-10 22:21:05,1739197265,0,16eb9433,1779274637759536128,祖传钢琴烤漆
BV1vENoeREMi,113979724663704,比亚迪海鸥：啥？我也有天神之眼？！,大鹏快开车,2025-02-10 21:10:18,702840,3207,1,比亚迪海鸥：啥？我也有天神之眼？！,28317125196,50.511,1,25,16777215,2025-02-10 22:22:05,1739197325,0,17f61592,1779275140162052864,推车才是重点
BV1vENoeREMi,113979724663704,比亚迪海鸥：啥？我也有天神之眼？！,大鹏快开车,2025-02-10 21:10:18,702840,3207,1,比亚迪海鸥：啥？我也有天神之眼？！,28317125196,142.392,1,25,16777215,2025-02-10 22:23:18,1739197398,0,6981b795,1779275752597612800,卧槽电容太舒服了
BV1vENoeREMi,113979724663704,比亚迪海鸥：啥？我也有天神之眼？！,大鹏快开车,2025-02-10 21:10:18,702840,3207,1,比亚迪海鸥：啥？我也有天神之眼？！,28317125196,50.728,1,25,16777215,2025-02-10 22:28:34,1739197714,0,4d20f426,1779278406795085568,特别喜欢看你推车--
BV1vENoeREMi,113979724663704,比亚迪海鸥：啥？我也有天神之眼？！,大鹏快开车,2025-02-10 21:10:18,702840,3207,1,比亚迪海鸥：啥？我也有天神之眼？！,28317125196,69.847,1,25,16777215,2025-02-10 22:35:11,1739198111,0,b7c0436a,1779281731141764096,这摄像头这么贵？300万？
BV1vENoeREMi,113979724663704,比亚迪海鸥：啥？我也有天神之眼？！,大鹏快开车,2025-02-10 21:10:18,702840,3207,1,比亚迪海鸥：啥？我也有天神之眼？！,28317125196,86.969,5,25,16777215,2025-02-10 22:36:07,1739198167,0,6f1457ee,1779282208318620160,前面的转向灯“可变色”
BV1vENoeREMi,113979724663704,比亚迪海鸥：啥？我也有天神之眼？！,大鹏快开车,2025-02-10 21:10:18,702840,3207,1,比亚迪海鸥：啥？我也有天神之眼？！,28317125196,127.656,1,25,16777215,2025-02-10 22:37:48,1739198268,0,1a0c693e,1779283051667509504,能高速NOA就行 要求不高
BV1vENoeREMi,113979724663704,比亚迪海鸥：啥？我也有天神之眼？！,大鹏快开车,2025-02-10 21:10:18,702840,3207,1,比亚迪海鸥：啥？我也有天神之眼？！,28317125196,149.491,1,25,16777215,2025-02-10 22:39:08,1739198348,0,f65f1eb5,1779283718931432448,海狮车主抱车痛哭！
BV1vENoeREMi,113979724663704,比亚迪海鸥：啥？我也有天神之眼？！,大鹏快开车,2025-02-10 21:10:18,702840,3207,1,比亚迪海鸥：啥？我也有天神之眼？！,28317125196,118.100,1,25,16777215,2025-02-10 22:40:22,1739198422,0,d0c42acb,1779284346633570048,不中二。震撼人心，有个震撼的名字很合理
BV1vENoeREMi,113979724663704,比亚迪海鸥：啥？我也有天神之眼？！,大鹏快开车,2025-02-10 21:10:18,702840,3207,1,比亚迪海鸥：啥？我也有天神之眼？！,28317125196,15.889,1,25,16707842,2025-02-10 22:41:31,1739198491,0,10f4470b,1779284920867556352,啊~六角，你比五角多一角
BV1vENoeREMi,113979724663704,比亚迪海鸥：啥？我也有天神之眼？！,大鹏快开车,2025-02-10 21:10:18,702840,3207,1,比亚迪海鸥：啥？我也有天神之眼？！,28317125196,109.091,1,25,16777215,2025-02-10 22:46:20,1739198780,0,973f435e,1779287348958989056,自己买个标贴
BV1vENoeREMi,113979724663704,比亚迪海鸥：啥？我也有天神之眼？！,大鹏快开车,2025-02-10 21:10:18,702840,3207,1,比亚迪海鸥：啥？我也有天神之眼？！,28317125196,40.691,1,25,16777215,2025-02-10 22:46:51,1739198811,0,78861835,1779287610112627712,神之眼
BV1vENoeREMi,113979724663704,比亚迪海鸥：啥？我也有天神之眼？！,大鹏快开车,2025-02-10 21:10:18,702840,3207,1,比亚迪海鸥：啥？我也有天神之眼？！,28317125196,45.891,1,25,16777215,2025-02-10 22:47:00,1739198820,0,78861835,1779287685660579584,神之眼
BV1vENoeREMi,113979724663704,比亚迪海鸥：啥？我也有天神之眼？！,大鹏快开车,2025-02-10 21:10:18,702840,3207,1,比亚迪海鸥：啥？我也有天神之眼？！,28317125196,9.105,1,25,16777215,2025-02-10 23:08:01,1739200081,0,e14a7660,1779298259350107904,不到7万的没有，但是我首批低配7万了为啥不给我
BV1vENoeREMi,113979724663704,比亚迪海鸥：啥？我也有天神之眼？！,大鹏快开车,2025-02-10 21:10:18,702840,3207,1,比亚迪海鸥：啥？我也有天神之眼？！,28317125196,78.302,1,25,16777215,2025-02-10 23:29:41,1739201381,0,29b96da6,1779309162057044736,防扎胎摄像头
BV1vENoeREMi,113979724663704,比亚迪海鸥：啥？我也有天神之眼？！,大鹏快开车,2025-02-10 21:10:18,702840,3207,1,比亚迪海鸥：啥？我也有天神之眼？！,28317125196,180.893,1,25,16777215,2025-02-10 23:30:54,1739201454,0,29b96da6,1779309779206832640,画龙吗
BV1vENoeREMi,113979724663704,比亚迪海鸥：啥？我也有天神之眼？！,大鹏快开车,2025-02-10 21:10:18,702840,3207,1,比亚迪海鸥：啥？我也有天神之眼？！,28317125196,102.559,1,25,16777215,2025-02-10 23:35:12,1739201712,0,bcbaad5b,1779311941899771392,这要一个剐蹭把摄像头伤到了，要修多少钱？
BV1vENoeREMi,113979724663704,比亚迪海鸥：啥？我也有天神之眼？！,大鹏快开车,2025-02-10 21:10:18,702840,3207,1,比亚迪海鸥：啥？我也有天神之眼？！,28317125196,25.511,1,25,16777215,2025-02-10 23:35:52,1739201752,0,9725934b,1779312276546534400,绿石含
BV1vENoeREMi,113979724663704,比亚迪海鸥：啥？我也有天神之眼？！,大鹏快开车,2025-02-10 21:10:18,702840,3207,1,比亚迪海鸥：啥？我也有天神之眼？！,28317125196,219.081,1,25,16777215,2025-02-10 23:38:45,1739201925,0,d6509168,1779313732002911232,最左车道高速跑 80 你不从右边超车你从哪超你告诉我
BV1vENoeREMi,113979724663704,比亚迪海鸥：啥？我也有天神之眼？！,大鹏快开车,2025-02-10 21:10:18,702840,3207,1,比亚迪海鸥：啥？我也有天神之眼？！,28317125196,188.782,1,25,16777215,2025-02-10 23:59:51,1739203191,0,747511dc,1779324348416060672,华为ADS1.0和2.0早期版本都喜欢往左跑
BV1vENoeREMi,113979724663704,比亚迪海鸥：啥？我也有天神之眼？！,大鹏快开车,2025-02-10 21:10:18,702840,3207,1,比亚迪海鸥：啥？我也有天神之眼？！,28317125196,10.339,1,25,16777215,2025-02-11 00:15:26,1739204126,0,744ed0c6,1779332193097748224,那我哩红光mini也有啊
BV1vENoeREMi,113979724663704,比亚迪海鸥：啥？我也有天神之眼？！,大鹏快开车,2025-02-10 21:10:18,702840,3207,1,比亚迪海鸥：啥？我也有天神之眼？！,28317125196,228.513,1,25,16777215,2025-02-11 00:25:20,1739204720,0,8ed43ad2,1779337178305513472,但是就这个价格来说，瑕不掩瑜
BV1vENoeREMi,113979724663704,比亚迪海鸥：啥？我也有天神之眼？！,大鹏快开车,2025-02-10 21:10:18,702840,3207,1,比亚迪海鸥：啥？我也有天神之眼？！,28317125196,134.631,1,25,16777215,2025-02-11 00:29:08,1739204948,0,113ae195,1779339084918567680,确实耍龙
BV1vENoeREMi,113979724663704,比亚迪海鸥：啥？我也有天神之眼？！,大鹏快开车,2025-02-10 21:10:18,702840,3207,1,比亚迪海鸥：啥？我也有天神之眼？！,28317125196,29.623,1,25,16777215,2025-02-11 00:29:39,1739204979,0,359d1a6f,1779339350056867840,但是好不好用还不知道呢
BV1vENoeREMi,113979724663704,比亚迪海鸥：啥？我也有天神之眼？！,大鹏快开车,2025-02-10 21:10:18,702840,3207,1,比亚迪海鸥：啥？我也有天神之眼？！,28317125196,151.900,1,25,16777215,2025-02-11 00:32:24,1739205144,0,8629cfde,1779340735771516160,手放着也会睡着啊
BV1vENoeREMi,113979724663704,比亚迪海鸥：啥？我也有天神之眼？！,大鹏快开车,2025-02-10 21:10:18,702840,3207,1,比亚迪海鸥：啥？我也有天神之眼？！,28317125196,54.466,1,25,16777215,2025-02-11 00:38:52,1739205532,0,850cdcf8,1779343988965661952,等等党完胜！搞不好明年还有激光雷达的海鸥。
BV1vENoeREMi,113979724663704,比亚迪海鸥：啥？我也有天神之眼？！,大鹏快开车,2025-02-10 21:10:18,702840,3207,1,比亚迪海鸥：啥？我也有天神之眼？！,28317125196,69.311,1,25,16777215,2025-02-11 00:48:20,1739206100,0,8c0f60ee,1779348753997140224,800万元？
BV1vENoeREMi,113979724663704,比亚迪海鸥：啥？我也有天神之眼？！,大鹏快开车,2025-02-10 21:10:18,702840,3207,1,比亚迪海鸥：啥？我也有天神之眼？！,28317125196,173.207,1,25,16777215,2025-02-11 00:54:28,1739206468,0,f21cc1aa,1779351838873774336,画龙么
BV1vENoeREMi,113979724663704,比亚迪海鸥：啥？我也有天神之眼？！,大鹏快开车,2025-02-10 21:10:18,702840,3207,1,比亚迪海鸥：啥？我也有天神之眼？！,28317125196,195.391,1,25,16777215,2025-02-11 00:56:18,1739206578,0,eb2c01f2,1779352762300498944,其实有的时候划重点
BV1vENoeREMi,113979724663704,比亚迪海鸥：啥？我也有天神之眼？！,大鹏快开车,2025-02-10 21:10:18,702840,3207,1,比亚迪海鸥：啥？我也有天神之眼？！,28317125196,144.909,1,25,16777215,2025-02-11 01:23:14,1739208194,0,deb92309,1779366317259418624,买根火腿肠
BV1vENoeREMi,113979724663704,比亚迪海鸥：啥？我也有天神之眼？！,大鹏快开车,2025-02-10 21:10:18,702840,3207,1,比亚迪海鸥：啥？我也有天神之眼？！,28317125196,214.309,1,25,16777215,2025-02-11 01:29:31,1739208571,0,230ae1a5,1779369478288195840,开过车就知道不可能永远左超
BV1vENoeREMi,113979724663704,比亚迪海鸥：啥？我也有天神之眼？！,大鹏快开车,2025-02-10 21:10:18,702840,3207,1,比亚迪海鸥：啥？我也有天神之眼？！,28317125196,155.893,1,25,16777215,2025-02-11 01:36:25,1739208985,0,ab33dc31,1779372954795847424,玩过泰坦陨落2的都会念 “派类特”，铁驭
BV1vENoeREMi,113979724663704,比亚迪海鸥：啥？我也有天神之眼？！,大鹏快开车,2025-02-10 21:10:18,702840,3207,1,比亚迪海鸥：啥？我也有天神之眼？！,28317125196,147.139,1,25,16777215,2025-02-11 02:33:27,1739212407,0,b4ba882b,1779401656057421568,那就是全系电容方向盘？
BV1vENoeREMi,113979724663704,比亚迪海鸥：啥？我也有天神之眼？！,大鹏快开车,2025-02-10 21:10:18,702840,3207,1,比亚迪海鸥：啥？我也有天神之眼？！,28317125196,120.692,1,25,16777215,2025-02-11 05:08:13,1739221693,0,f941a106,1779479557200630272,对
BV1vENoeREMi,113979724663704,比亚迪海鸥：啥？我也有天神之眼？！,大鹏快开车,2025-02-10 21:10:18,702840,3207,1,比亚迪海鸥：啥？我也有天神之眼？！,28317125196,196.318,1,25,16777215,2025-02-11 05:57:35,1739224655,0,6682e9e9,1779504398846878208,嘿，左边给你画个龙，右边来一脚彩虹
BV1vENoeREMi,113979724663704,比亚迪海鸥：啥？我也有天神之眼？！,大鹏快开车,2025-02-10 21:10:18,702840,3207,1,比亚迪海鸥：啥？我也有天神之眼？！,28317125196,13.380,5,25,16777215,2025-02-11 06:41:07,1739227267,0,10c25ec2,1779526309220110080,这你受的了吗
BV1vENoeREMi,113979724663704,比亚迪海鸥：啥？我也有天神之眼？！,大鹏快开车,2025-02-10 21:10:18,702840,3207,1,比亚迪海鸥：啥？我也有天神之眼？！,28317125196,35.911,1,25,16777215,2025-02-11 06:49:37,1739227777,0,f86c3715,1779530589146874368,画龙哥
BV1vENoeREMi,113979724663704,比亚迪海鸥：啥？我也有天神之眼？！,大鹏快开车,2025-02-10 21:10:18,702840,3207,1,比亚迪海鸥：啥？我也有天神之眼？！,28317125196,58.521,1,25,16777215,2025-02-11 07:11:08,1739229068,0,a0e265,1779541416784242688,大鹏：懂了，粉丝喜欢，推车太师屯儿！
BV1vENoeREMi,113979724663704,比亚迪海鸥：啥？我也有天神之眼？！,大鹏快开车,2025-02-10 21:10:18,702840,3207,1,比亚迪海鸥：啥？我也有天神之眼？！,28317125196,37.171,1,25,16777215,2025-02-11 07:11:10,1739229070,0,7e2f4f5b,1779541437780708096,能OTC么
BV1vENoeREMi,113979724663704,比亚迪海鸥：啥？我也有天神之眼？！,大鹏快开车,2025-02-10 21:10:18,702840,3207,1,比亚迪海鸥：啥？我也有天神之眼？！,28317125196,137.716,1,25,16777215,2025-02-11 07:53:16,1739231596,0,a1bde914,1779562630752188672,怎么还加拨片了
BV1vENoeREMi,113979724663704,比亚迪海鸥：啥？我也有天神之眼？！,大鹏快开车,2025-02-10 21:10:18,702840,3207,1,比亚迪海鸥：啥？我也有天神之眼？！,28317125196,119.011,1,25,16777215,2025-02-11 08:01:44,1739232104,0,f02d9c75,1779566887164981760,蓝眼智驾
BV1vENoeREMi,113979724663704,比亚迪海鸥：啥？我也有天神之眼？！,大鹏快开车,2025-02-10 21:10:18,702840,3207,1,比亚迪海鸥：啥？我也有天神之眼？！,28317125196,159.121,1,25,16707842,2025-02-11 08:08:38,1739232518,0,c2a7a001,1779570361877845760,别说了，推吧
BV1vENoeREMi,113979724663704,比亚迪海鸥：啥？我也有天神之眼？！,大鹏快开车,2025-02-10 21:10:18,702840,3207,1,比亚迪海鸥：啥？我也有天神之眼？！,28317125196,149.965,1,25,16777215,2025-02-11 08:39:12,1739234352,0,3d56995b,1779585745578316800,我一直在吐槽海狮的这就改了？
BV1vENoeREMi,113979724663704,比亚迪海鸥：啥？我也有天神之眼？！,大鹏快开车,2025-02-10 21:10:18,702840,3207,1,比亚迪海鸥：啥？我也有天神之眼？！,28317125196,159.037,1,25,16777215,2025-02-11 08:42:26,1739234546,0,15c1acc2,1779587377229354752,那我还能加方向盘套吗？
BV1vENoeREMi,113979724663704,比亚迪海鸥：啥？我也有天神之眼？！,大鹏快开车,2025-02-10 21:10:18,702840,3207,1,比亚迪海鸥：啥？我也有天神之眼？！,28317125196,276.280,1,25,16777215,2025-02-11 09:15:03,1739236503,0,f2103134,1779603788996019968,你还真别说
BV1vENoeREMi,113979724663704,比亚迪海鸥：啥？我也有天神之眼？！,大鹏快开车,2025-02-10 21:10:18,702840,3207,1,比亚迪海鸥：啥？我也有天神之眼？！,28317125196,157.958,5,25,16777215,2025-02-11 09:27:52,1739237272,0,d4daa512,1779610240430515200,永远相信比亚迪的OTA
BV1vENoeREMi,113979724663704,比亚迪海鸥：啥？我也有天神之眼？！,大鹏快开车,2025-02-10 21:10:18,702840,3207,1,比亚迪海鸥：啥？我也有天神之眼？！,28317125196,167.468,1,25,16777215,2025-02-11 09:39:40,1739237980,0,c528566e,1779616180848925440,老车主买的时候就知道自己一年之内必为刺猬，所以也无球所谓了
BV1vENoeREMi,113979724663704,比亚迪海鸥：啥？我也有天神之眼？！,大鹏快开车,2025-02-10 21:10:18,702840,3207,1,比亚迪海鸥：啥？我也有天神之眼？！,28317125196,206.680,1,25,16777215,2025-02-11 10:02:03,1739239323,0,7e2b3eda,1779627449643714816,这都要杠啊？都说了了是根据路况超车
BV1vENoeREMi,113979724663704,比亚迪海鸥：啥？我也有天神之眼？！,大鹏快开车,2025-02-10 21:10:18,702840,3207,1,比亚迪海鸥：啥？我也有天神之眼？！,28317125196,116.307,1,25,16777215,2025-02-11 10:19:57,1739240397,0,90ae40e1,1779636456239902720,有毫米波 不算完全纯视觉
BV1vENoeREMi,113979724663704,比亚迪海鸥：啥？我也有天神之眼？！,大鹏快开车,2025-02-10 21:10:18,702840,3207,1,比亚迪海鸥：啥？我也有天神之眼？！,28317125196,21.549,1,25,16777215,2025-02-11 10:23:17,1739240597,0,3e4b52ef,1779638133265217792,能好用吗？
BV1vENoeREMi,113979724663704,比亚迪海鸥：啥？我也有天神之眼？！,大鹏快开车,2025-02-10 21:10:18,702840,3207,1,比亚迪海鸥：啥？我也有天神之眼？！,28317125196,257.401,1,25,16777215,2025-02-11 10:23:31,1739240611,0,d9f1feac,1779638249833669888,锂矿降价车没降，就在这等这波呢
BV1vENoeREMi,113979724663704,比亚迪海鸥：啥？我也有天神之眼？！,大鹏快开车,2025-02-10 21:10:18,702840,3207,1,比亚迪海鸥：啥？我也有天神之眼？！,28317125196,20.319,1,25,16777215,2025-02-11 10:33:42,1739241222,0,b5c20a99,1779643374996038400,看成律师函了
BV1vENoeREMi,113979724663704,比亚迪海鸥：啥？我也有天神之眼？！,大鹏快开车,2025-02-10 21:10:18,702840,3207,1,比亚迪海鸥：啥？我也有天神之眼？！,28317125196,8.849,1,25,16707842,2025-02-11 10:42:47,1739241767,0,46870152,1779647946418678784,画龙鹏
BV1vENoeREMi,113979724663704,比亚迪海鸥：啥？我也有天神之眼？！,大鹏快开车,2025-02-10 21:10:18,702840,3207,1,比亚迪海鸥：啥？我也有天神之眼？！,28317125196,80.891,1,25,16777215,2025-02-11 10:44:20,1739241860,0,7a4e5292,1779648731818405632,老汉流泪
BV1vENoeREMi,113979724663704,比亚迪海鸥：啥？我也有天神之眼？！,大鹏快开车,2025-02-10 21:10:18,702840,3207,1,比亚迪海鸥：啥？我也有天神之眼？！,28317125196,218.873,1,25,16777215,2025-02-11 10:58:16,1739242696,0,bbc2e38d,1779655741213929728,但是你说它画龙
BV1vENoeREMi,113979724663704,比亚迪海鸥：啥？我也有天神之眼？！,大鹏快开车,2025-02-10 21:10:18,702840,3207,1,比亚迪海鸥：啥？我也有天神之眼？！,28317125196,56.549,1,25,16777215,2025-02-11 11:05:14,1739243114,0,1b82e088,1779659243725637120,推车天团没了
BV1vENoeREMi,113979724663704,比亚迪海鸥：啥？我也有天神之眼？！,大鹏快开车,2025-02-10 21:10:18,702840,3207,1,比亚迪海鸥：啥？我也有天神之眼？！,28317125196,181.264,1,25,16777215,2025-02-11 11:09:49,1739243389,0,f4c004b6,1779661555198432000,几百万的车跑数据，OTA多省心啊
BV1vENoeREMi,113979724663704,比亚迪海鸥：啥？我也有天神之眼？！,大鹏快开车,2025-02-10 21:10:18,702840,3207,1,比亚迪海鸥：啥？我也有天神之眼？！,28317125196,111.695,5,25,15138834,2025-02-11 11:11:47,1739243507,0,45072b4,1779662540314558720,fsd同款
BV1vENoeREMi,113979724663704,比亚迪海鸥：啥？我也有天神之眼？！,大鹏快开车,2025-02-10 21:10:18,702840,3207,1,比亚迪海鸥：啥？我也有天神之眼？！,28317125196,247.811,1,25,16777215,2025-02-11 11:20:09,1739244009,0,4fbe7ce8,1779666753819943936,比亚迪确实会靠右
BV1vENoeREMi,113979724663704,比亚迪海鸥：啥？我也有天神之眼？！,大鹏快开车,2025-02-10 21:10:18,702840,3207,1,比亚迪海鸥：啥？我也有天神之眼？！,28317125196,65.151,1,25,16777215,2025-02-11 11:21:03,1739244063,0,d84dcf03,1779667207233219584,头顶没包，好评，激光雷达不要，反正智驾只高速用
BV1vENoeREMi,113979724663704,比亚迪海鸥：啥？我也有天神之眼？！,大鹏快开车,2025-02-10 21:10:18,702840,3207,1,比亚迪海鸥：啥？我也有天神之眼？！,28317125196,101.180,1,25,16777215,2025-02-11 11:24:16,1739244256,0,cadc460d,1779668827584533504,这四个字啊？
BV1vENoeREMi,113979724663704,比亚迪海鸥：啥？我也有天神之眼？！,大鹏快开车,2025-02-10 21:10:18,702840,3207,1,比亚迪海鸥：啥？我也有天神之眼？！,28317125196,56.450,1,25,16777215,2025-02-11 11:45:28,1739245528,0,561488ef,1779679494739862528,推车你最好说的是车
BV1vENoeREMi,113979724663704,比亚迪海鸥：啥？我也有天神之眼？！,大鹏快开车,2025-02-10 21:10:18,702840,3207,1,比亚迪海鸥：啥？我也有天神之眼？！,28317125196,211.956,1,25,16777215,2025-02-11 12:05:43,1739246743,0,a407885b,1779689688626514944,关键是画不画龙
BV1vENoeREMi,113979724663704,比亚迪海鸥：啥？我也有天神之眼？！,大鹏快开车,2025-02-10 21:10:18,702840,3207,1,比亚迪海鸥：啥？我也有天神之眼？！,28317125196,201.411,1,25,16777215,2025-02-11 12:17:22,1739247442,0,f28fad2a,1779695550191499008,随机超车
BV1vENoeREMi,113979724663704,比亚迪海鸥：啥？我也有天神之眼？！,大鹏快开车,2025-02-10 21:10:18,702840,3207,1,比亚迪海鸥：啥？我也有天神之眼？！,28317125196,205.305,1,25,16777215,2025-02-11 12:58:24,1739249904,0,bca2d0b6,1779716206552105984,这9万的车都能上下闸道了啊
BV1vENoeREMi,113979724663704,比亚迪海鸥：啥？我也有天神之眼？！,大鹏快开车,2025-02-10 21:10:18,702840,3207,1,比亚迪海鸥：啥？我也有天神之眼？！,28317125196,67.420,1,25,16777215,2025-02-11 13:05:28,1739250328,0,8480152b,1779719763053031680,同事1月6号提的宋PLUS。。。
BV1vENoeREMi,113979724663704,比亚迪海鸥：啥？我也有天神之眼？！,大鹏快开车,2025-02-10 21:10:18,702840,3207,1,比亚迪海鸥：啥？我也有天神之眼？！,28317125196,130.645,1,25,16777215,2025-02-11 13:08:17,1739250497,0,f67bce58,1779721180761396992,纯视觉是不是晚上没法用？
BV1vENoeREMi,113979724663704,比亚迪海鸥：啥？我也有天神之眼？！,大鹏快开车,2025-02-10 21:10:18,702840,3207,1,比亚迪海鸥：啥？我也有天神之眼？！,28317125196,84.160,1,25,16777215,2025-02-11 13:08:29,1739250509,0,9b616b2c,1779721279051096576,我的天，比亚迪真的舍得给啊
BV1vENoeREMi,113979724663704,比亚迪海鸥：啥？我也有天神之眼？！,大鹏快开车,2025-02-10 21:10:18,702840,3207,1,比亚迪海鸥：啥？我也有天神之眼？！,28317125196,5.800,1,25,16777215,2025-02-11 13:13:25,1739250805,0,7b67f52e,1779723763731505408,大鹏，画龙嘛
BV1vENoeREMi,113979724663704,比亚迪海鸥：啥？我也有天神之眼？！,大鹏快开车,2025-02-10 21:10:18,702840,3207,1,比亚迪海鸥：啥？我也有天神之眼？！,28317125196,220.911,1,25,16777215,2025-02-11 13:16:52,1739251012,0,67512b96,1779725499032574720,高速左侧车道80，怎么办
BV1vENoeREMi,113979724663704,比亚迪海鸥：啥？我也有天神之眼？！,大鹏快开车,2025-02-10 21:10:18,702840,3207,1,比亚迪海鸥：啥？我也有天神之眼？！,28317125196,269.739,1,25,16777215,2025-02-11 13:19:08,1739251148,0,ec28bfea,1779726637533950208,等等党赢麻了 还好我年前没提车
BV1vENoeREMi,113979724663704,比亚迪海鸥：啥？我也有天神之眼？！,大鹏快开车,2025-02-10 21:10:18,702840,3207,1,比亚迪海鸥：啥？我也有天神之眼？！,28317125196,251.411,1,25,16777215,2025-02-11 13:19:42,1739251182,0,80eaf12f,1779726923921658880,豹5有吗
BV1vENoeREMi,113979724663704,比亚迪海鸥：啥？我也有天神之眼？！,大鹏快开车,2025-02-10 21:10:18,702840,3207,1,比亚迪海鸥：啥？我也有天神之眼？！,28317125196,57.661,1,25,16777215,2025-02-11 13:47:21,1739252841,0,6f804e11,1779740839439074048,我连首保还没做
BV1vENoeREMi,113979724663704,比亚迪海鸥：啥？我也有天神之眼？！,大鹏快开车,2025-02-10 21:10:18,702840,3207,1,比亚迪海鸥：啥？我也有天神之眼？！,28317125196,35.531,1,25,16777215,2025-02-11 14:03:45,1739253825,0,cc642289,1779749096488511488,U9也有嘿嘿
BV1vENoeREMi,113979724663704,比亚迪海鸥：啥？我也有天神之眼？！,大鹏快开车,2025-02-10 21:10:18,702840,3207,1,比亚迪海鸥：啥？我也有天神之眼？！,28317125196,3.311,1,25,16777215,2025-02-11 14:40:06,1739256006,0,fa1b544b,1779767393854453760,大鹏快画龙
BV1vENoeREMi,113979724663704,比亚迪海鸥：啥？我也有天神之眼？！,大鹏快开车,2025-02-10 21:10:18,702840,3207,1,比亚迪海鸥：啥？我也有天神之眼？！,28317125196,163.669,1,25,16777215,2025-02-11 15:08:59,1739257739,0,2bd474a3,1779781932033964032,非常同意
BV1vENoeREMi,113979724663704,比亚迪海鸥：啥？我也有天神之眼？！,大鹏快开车,2025-02-10 21:10:18,702840,3207,1,比亚迪海鸥：啥？我也有天神之眼？！,28317125196,214.761,1,25,16777215,2025-02-11 15:12:07,1739257927,0,de035f46,1779783508395996416,我哪是右边超车啊，我只是往右边变道，再往左边变道
BV1vENoeREMi,113979724663704,比亚迪海鸥：啥？我也有天神之眼？！,大鹏快开车,2025-02-10 21:10:18,702840,3207,1,比亚迪海鸥：啥？我也有天神之眼？！,28317125196,88.111,1,25,16777215,2025-02-11 15:19:48,1739258388,0,634e10e5,1779787372356067840,4个月不到，我是刺猬啊啊啊啊啊啊啊
BV1vENoeREMi,113979724663704,比亚迪海鸥：啥？我也有天神之眼？！,大鹏快开车,2025-02-10 21:10:18,702840,3207,1,比亚迪海鸥：啥？我也有天神之眼？！,28317125196,64.692,1,25,16777215,2025-02-11 15:47:03,1739260023,0,b7432c3b,1779801086706856704,那我要是把摄像头拆了是不是能卖两千四百万（doge）
BV1vENoeREMi,113979724663704,比亚迪海鸥：啥？我也有天神之眼？！,大鹏快开车,2025-02-10 21:10:18,702840,3207,1,比亚迪海鸥：啥？我也有天神之眼？！,28317125196,79.675,1,25,16777215,2025-02-11 17:13:42,1739265222,0,88895190,1779844705883264256,电耗做好
BV1vENoeREMi,113979724663704,比亚迪海鸥：啥？我也有天神之眼？！,大鹏快开车,2025-02-10 21:10:18,702840,3207,1,比亚迪海鸥：啥？我也有天神之眼？！,28317125196,171.792,1,25,16777215,2025-02-11 17:19:30,1739265570,0,870cc34,1779847624850514176,后续升级就是你现在买了以后想都不要想，除非你再买新车。
BV1vENoeREMi,113979724663704,比亚迪海鸥：啥？我也有天神之眼？！,大鹏快开车,2025-02-10 21:10:18,702840,3207,1,比亚迪海鸥：啥？我也有天神之眼？！,28317125196,16.911,1,25,16777215,2025-02-11 19:29:26,1739273366,0,c4754c65,1779913022429522688,一遇大鹏便画龙！
BV1vENoeREMi,113979724663704,比亚迪海鸥：啥？我也有天神之眼？！,大鹏快开车,2025-02-10 21:10:18,702840,3207,1,比亚迪海鸥：啥？我也有天神之眼？！,28317125196,61.371,1,25,16777215,2025-02-11 19:40:11,1739274011,0,4027f003,1779918429751563520,UP主，笛子给你准备了什么口味的泡面
BV1vENoeREMi,113979724663704,比亚迪海鸥：啥？我也有天神之眼？！,大鹏快开车,2025-02-10 21:10:18,702840,3207,1,比亚迪海鸥：啥？我也有天神之眼？！,28317125196,163.398,1,25,16777215,2025-02-11 20:10:23,1739275823,0,6914ed53,1779933630035633152,好，升级中。。。
BV1vENoeREMi,113979724663704,比亚迪海鸥：啥？我也有天神之眼？！,大鹏快开车,2025-02-10 21:10:18,702840,3207,1,比亚迪海鸥：啥？我也有天神之眼？！,28317125196,273.701,1,25,16777215,2025-02-11 20:36:06,1739277366,0,471d4d1,1779946574219739904,bydnb
BV1vENoeREMi,113979724663704,比亚迪海鸥：啥？我也有天神之眼？！,大鹏快开车,2025-02-10 21:10:18,702840,3207,1,比亚迪海鸥：啥？我也有天神之眼？！,28317125196,180.651,1,25,16777215,2025-02-11 20:59:58,1739278798,0,6adafb3d,1779958587175533824,画龙吗？
BV1vENoeREMi,113979724663704,比亚迪海鸥：啥？我也有天神之眼？！,大鹏快开车,2025-02-10 21:10:18,702840,3207,1,比亚迪海鸥：啥？我也有天神之眼？！,28317125196,111.722,1,25,16777215,2025-02-11 21:06:35,1739279195,0,ea87af04,1779961916756716544,7万多的那个不是没智驾吗
BV1vENoeREMi,113979724663704,比亚迪海鸥：啥？我也有天神之眼？！,大鹏快开车,2025-02-10 21:10:18,702840,3207,1,比亚迪海鸥：啥？我也有天神之眼？！,28317125196,264.394,1,25,16777215,2025-02-11 21:49:45,1739281785,0,b8fac7a4,1779983641154773504,牛逼预言家
BV1vENoeREMi,113979724663704,比亚迪海鸥：啥？我也有天神之眼？！,大鹏快开车,2025-02-10 21:10:18,702840,3207,1,比亚迪海鸥：啥？我也有天神之眼？！,28317125196,282.474,1,25,16777215,2025-02-11 22:02:09,1739282529,0,c44396a4,1779989882455383296,迪子真有你的
BV1vENoeREMi,113979724663704,比亚迪海鸥：啥？我也有天神之眼？！,大鹏快开车,2025-02-10 21:10:18,702840,3207,1,比亚迪海鸥：啥？我也有天神之眼？！,28317125196,25.380,1,25,16777215,2025-02-11 22:20:04,1739283604,0,8b47deb5,1779998902070708480,一遇大鹏便画龙
BV1vENoeREMi,113979724663704,比亚迪海鸥：啥？我也有天神之眼？！,大鹏快开车,2025-02-10 21:10:18,702840,3207,1,比亚迪海鸥：啥？我也有天神之眼？！,28317125196,53.020,1,25,16777215,2025-02-11 23:08:40,1739286520,0,b8f7dc38,1780023359728544512,画龙哥
BV1vENoeREMi,113979724663704,比亚迪海鸥：啥？我也有天神之眼？！,大鹏快开车,2025-02-10 21:10:18,702840,3207,1,比亚迪海鸥：啥？我也有天神之眼？！,28317125196,9.620,1,25,16777215,2025-02-11 23:56:41,1739289401,0,9e798c55,1780047533222054144,画个龙看看
BV1vENoeREMi,113979724663704,比亚迪海鸥：啥？我也有天神之眼？！,大鹏快开车,2025-02-10 21:10:18,702840,3207,1,比亚迪海鸥：啥？我也有天神之眼？！,28317125196,185.013,1,25,16777215,2025-02-12 01:04:18,1739293458,0,4e1eb052,1780081563497772032,啥，这玩意儿也能做到主动变道？
BV1vENoeREMi,113979724663704,比亚迪海鸥：啥？我也有天神之眼？！,大鹏快开车,2025-02-10 21:10:18,702840,3207,1,比亚迪海鸥：啥？我也有天神之眼？！,28317125196,4.672,1,25,16777215,2025-02-12 01:06:56,1739293616,0,57369f2e,1780082890365796864,还画龙吗，大鹏
BV1vENoeREMi,113979724663704,比亚迪海鸥：啥？我也有天神之眼？！,大鹏快开车,2025-02-10 21:10:18,702840,3207,1,比亚迪海鸥：啥？我也有天神之眼？！,28317125196,239.641,1,25,16777215,2025-02-12 03:11:22,1739301082,0,644ddc0f,1780145518564427520,开车从来不是一成不变得 更多的是随机应变
BV1vENoeREMi,113979724663704,比亚迪海鸥：啥？我也有天神之眼？！,大鹏快开车,2025-02-10 21:10:18,702840,3207,1,比亚迪海鸥：啥？我也有天神之眼？！,28317125196,170.679,5,25,16707842,2025-02-12 04:06:55,1739304415,0,c9d3fe0a,1780173474120279040,深圳坪山区
BV1vENoeREMi,113979724663704,比亚迪海鸥：啥？我也有天神之眼？！,大鹏快开车,2025-02-10 21:10:18,702840,3207,1,比亚迪海鸥：啥？我也有天神之眼？！,28317125196,9.448,1,25,16777215,2025-02-12 07:49:47,1739317787,0,78312a3,1780285646335034880,全民化龙
BV1vENoeREMi,113979724663704,比亚迪海鸥：啥？我也有天神之眼？！,大鹏快开车,2025-02-10 21:10:18,702840,3207,1,比亚迪海鸥：啥？我也有天神之眼？！,28317125196,82.811,1,25,16777215,2025-02-12 08:04:19,1739318659,0,1ffe7d89,1780292963029755392,啊？这么多
BV1vENoeREMi,113979724663704,比亚迪海鸥：啥？我也有天神之眼？！,大鹏快开车,2025-02-10 21:10:18,702840,3207,1,比亚迪海鸥：啥？我也有天神之眼？！,28317125196,53.591,1,25,16777215,2025-02-12 11:21:24,1739330484,0,920f75eb,1780392158974182656,up挺有劲啊
BV1vENoeREMi,113979724663704,比亚迪海鸥：啥？我也有天神之眼？！,大鹏快开车,2025-02-10 21:10:18,702840,3207,1,比亚迪海鸥：啥？我也有天神之眼？！,28317125196,202.661,1,25,16777215,2025-02-12 12:39:45,1739335185,0,f6563bab,1780431591043763968,只能算驾驶辅助（滑稽）
BV1vENoeREMi,113979724663704,比亚迪海鸥：啥？我也有天神之眼？！,大鹏快开车,2025-02-10 21:10:18,702840,3207,1,比亚迪海鸥：啥？我也有天神之眼？！,28317125196,202.005,1,25,16777215,2025-02-12 14:24:42,1739341482,0,686221be,1780484421104018176,？右边能超车？
BV1vENoeREMi,113979724663704,比亚迪海鸥：啥？我也有天神之眼？！,大鹏快开车,2025-02-10 21:10:18,702840,3207,1,比亚迪海鸥：啥？我也有天神之眼？！,28317125196,225.462,1,25,16777215,2025-02-12 15:51:55,1739346715,0,759d4b58,1780528316660063488,这说的我都感觉是后台有人在开
BV1vENoeREMi,113979724663704,比亚迪海鸥：啥？我也有天神之眼？！,大鹏快开车,2025-02-10 21:10:18,702840,3207,1,比亚迪海鸥：啥？我也有天神之眼？！,28317125196,260.739,1,25,16777215,2025-02-13 01:37:47,1739381867,0,b01b1ed2,1780823191128841472,预言家
BV1vENoeREMi,113979724663704,比亚迪海鸥：啥？我也有天神之眼？！,大鹏快开车,2025-02-10 21:10:18,702840,3207,1,比亚迪海鸥：啥？我也有天神之眼？！,28317125196,31.471,1,25,16777215,2025-02-13 07:01:50,1739401310,0,af192d6,1780986288552397312,干饭函
BV1vENoeREMi,113979724663704,比亚迪海鸥：啥？我也有天神之眼？！,大鹏快开车,2025-02-10 21:10:18,702840,3207,1,比亚迪海鸥：啥？我也有天神之眼？！,28317125196,30.574,1,25,16777215,2025-02-13 07:36:55,1739403415,0,9509824f,1781003947847535360,画龙
BV1vENoeREMi,113979724663704,比亚迪海鸥：啥？我也有天神之眼？！,大鹏快开车,2025-02-10 21:10:18,702840,3207,1,比亚迪海鸥：啥？我也有天神之眼？！,28317125196,152.411,5,25,15138834,2025-02-13 09:43:01,1739410981,0,6db29389,1781067415292529664,那我高速怎么睡觉
BV1vENoeREMi,113979724663704,比亚迪海鸥：啥？我也有天神之眼？！,大鹏快开车,2025-02-10 21:10:18,702840,3207,1,比亚迪海鸥：啥？我也有天神之眼？！,28317125196,63.279,5,25,16707842,2025-02-13 10:51:58,1739415118,0,abb9e7c9,1781102121598016768,主播主播，有没有简单又强势的摄像头推荐一下吗
BV1vENoeREMi,113979724663704,比亚迪海鸥：啥？我也有天神之眼？！,大鹏快开车,2025-02-10 21:10:18,702840,3207,1,比亚迪海鸥：啥？我也有天神之眼？！,28317125196,17.395,5,25,15138834,2025-02-13 11:53:44,1739418824,0,b5755a77,1781133211658358528,小腾你来了
BV1vENoeREMi,113979724663704,比亚迪海鸥：啥？我也有天神之眼？！,大鹏快开车,2025-02-10 21:10:18,702840,3207,1,比亚迪海鸥：啥？我也有天神之眼？！,28317125196,186.900,1,25,15138834,2025-02-13 14:04:19,1739426659,0,f9c10699,1781198937131180032,宝骏:你报我身份证得了
BV1vENoeREMi,113979724663704,比亚迪海鸥：啥？我也有天神之眼？！,大鹏快开车,2025-02-10 21:10:18,702840,3207,1,比亚迪海鸥：啥？我也有天神之眼？！,28317125196,0.511,1,25,16777215,2025-02-13 14:11:05,1739427065,0,ecdc85fe,1781202343619377152,海鸥的是天神之眼C
BV1vENoeREMi,113979724663704,比亚迪海鸥：啥？我也有天神之眼？！,大鹏快开车,2025-02-10 21:10:18,702840,3207,1,比亚迪海鸥：啥？我也有天神之眼？！,28317125196,32.551,5,25,15138834,2025-02-13 15:11:42,1739430702,0,31747c06,1781232851971444480,车友们，注意，是全系列，不是全系列所有版本喔
BV1vENoeREMi,113979724663704,比亚迪海鸥：啥？我也有天神之眼？！,大鹏快开车,2025-02-10 21:10:18,702840,3207,1,比亚迪海鸥：啥？我也有天神之眼？！,28317125196,282.978,1,25,16777215,2025-02-13 15:58:12,1739433492,0,4a028b5d,1781256249795547392,反应很快
BV1vENoeREMi,113979724663704,比亚迪海鸥：啥？我也有天神之眼？！,大鹏快开车,2025-02-10 21:10:18,702840,3207,1,比亚迪海鸥：啥？我也有天神之眼？！,28317125196,80.451,1,25,16777215,2025-02-13 19:48:37,1739447317,0,71240a0a,1781372229893125888,有哨兵系统吗？
BV1vENoeREMi,113979724663704,比亚迪海鸥：啥？我也有天神之眼？！,大鹏快开车,2025-02-10 21:10:18,702840,3207,1,比亚迪海鸥：啥？我也有天神之眼？！,28317125196,45.911,1,25,16777215,2025-02-13 21:40:04,1739454004,0,6e2ee1f7,1781428318542376704,大疆打钱
BV1vENoeREMi,113979724663704,比亚迪海鸥：啥？我也有天神之眼？！,大鹏快开车,2025-02-10 21:10:18,702840,3207,1,比亚迪海鸥：啥？我也有天神之眼？！,28317125196,17.520,1,25,16777215,2025-02-13 22:42:58,1739457778,0,8ed691a9,1781459980361850624,全民智驾
BV1vENoeREMi,113979724663704,比亚迪海鸥：啥？我也有天神之眼？！,大鹏快开车,2025-02-10 21:10:18,702840,3207,1,比亚迪海鸥：啥？我也有天神之眼？！,28317125196,109.810,1,25,16777215,2025-02-14 03:44:16,1739475856,0,e9dc8276,1781611624693072640,这个标像极了当年的轩逸
BV1vENoeREMi,113979724663704,比亚迪海鸥：啥？我也有天神之眼？！,大鹏快开车,2025-02-10 21:10:18,702840,3207,1,比亚迪海鸥：啥？我也有天神之眼？！,28317125196,5.740,1,25,16777215,2025-02-14 16:57:09,1739523429,0,6281e52b,1782010703465822976,画龙咯
BV1vENoeREMi,113979724663704,比亚迪海鸥：啥？我也有天神之眼？！,大鹏快开车,2025-02-10 21:10:18,702840,3207,1,比亚迪海鸥：啥？我也有天神之眼？！,28317125196,153.520,1,25,16777215,2025-02-14 17:04:09,1739523849,0,a21d4e97,1782014222419962112,我有方向盘套
BV1vENoeREMi,113979724663704,比亚迪海鸥：啥？我也有天神之眼？！,大鹏快开车,2025-02-10 21:10:18,702840,3207,1,比亚迪海鸥：啥？我也有天神之眼？！,28317125196,98.693,5,25,15138834,2025-02-14 22:10:10,1739542210,0,b0ec8407,1782168250315262976,支持byd（已梭哈股票）
BV1vENoeREMi,113979724663704,比亚迪海鸥：啥？我也有天神之眼？！,大鹏快开车,2025-02-10 21:10:18,702840,3207,1,比亚迪海鸥：啥？我也有天神之眼？！,28317125196,4.531,1,25,16707842,2025-02-15 00:14:47,1739549687,0,60a6da4,1782230966803845120,一遇大鹏便画龙
BV1vENoeREMi,113979724663704,比亚迪海鸥：啥？我也有天神之眼？！,大鹏快开车,2025-02-10 21:10:18,702840,3207,1,比亚迪海鸥：啥？我也有天神之眼？！,28317125196,125.439,1,25,16777215,2025-02-15 01:56:27,1739555787,0,e2d22e12,1782282136196916224,没激光的都是纯视觉，毫米波雷达只能停车用，响应速度太慢了
BV1vENoeREMi,113979724663704,比亚迪海鸥：啥？我也有天神之眼？！,大鹏快开车,2025-02-10 21:10:18,702840,3207,1,比亚迪海鸥：啥？我也有天神之眼？！,28317125196,29.071,5,25,16777215,2025-02-15 19:41:40,1739619700,0,76a98dd5,1782818280621351936,全系:指老车主买过的以外的车型
BV1vENoeREMi,113979724663704,比亚迪海鸥：啥？我也有天神之眼？！,大鹏快开车,2025-02-10 21:10:18,702840,3207,1,比亚迪海鸥：啥？我也有天神之眼？！,28317125196,191.995,1,25,16777215,2025-02-15 20:04:58,1739621098,0,3213900a,1782830010848589568,画龙吗？
BV1vENoeREMi,113979724663704,比亚迪海鸥：啥？我也有天神之眼？！,大鹏快开车,2025-02-10 21:10:18,702840,3207,1,比亚迪海鸥：啥？我也有天神之眼？！,28317125196,199.010,1,25,16777215,2025-02-15 20:05:23,1739621123,0,3213900a,1782830218181409536,嘿，左边给你画个龙，右边来一脚彩虹。
BV1vENoeREMi,113979724663704,比亚迪海鸥：啥？我也有天神之眼？！,大鹏快开车,2025-02-10 21:10:18,702840,3207,1,比亚迪海鸥：啥？我也有天神之眼？！,28317125196,276.266,1,25,16777215,2025-02-15 21:26:05,1739625965,0,10d34ad4,1782870834814290176,我没说呀
BV1vENoeREMi,113979724663704,比亚迪海鸥：啥？我也有天神之眼？！,大鹏快开车,2025-02-10 21:10:18,702840,3207,1,比亚迪海鸥：啥？我也有天神之眼？！,28317125196,86.222,1,25,16777215,2025-02-15 22:08:04,1739628484,0,b9075082,1782891965089318400,刺猬之泪
BV1vENoeREMi,113979724663704,比亚迪海鸥：啥？我也有天神之眼？！,大鹏快开车,2025-02-10 21:10:18,702840,3207,1,比亚迪海鸥：啥？我也有天神之眼？！,28317125196,45.486,1,25,16777215,2025-02-16 09:47:48,1739670468,0,a17f5e1f,1783244150964680704,这是假粉吧，居然不问画不画龙？
BV1vENoeREMi,113979724663704,比亚迪海鸥：啥？我也有天神之眼？！,大鹏快开车,2025-02-10 21:10:18,702840,3207,1,比亚迪海鸥：啥？我也有天神之眼？！,28317125196,211.180,1,25,16777215,2025-02-16 15:34:56,1739691296,0,38f90e2,1783418866593718016,随机应变的随机
BV1vENoeREMi,113979724663704,比亚迪海鸥：啥？我也有天神之眼？！,大鹏快开车,2025-02-10 21:10:18,702840,3207,1,比亚迪海鸥：啥？我也有天神之眼？！,28317125196,185.427,1,25,16777215,2025-02-17 14:17:16,1739773036,0,5469ccf0,1784104554766898176,说画龙的纯人机
BV1vENoeREMi,113979724663704,比亚迪海鸥：啥？我也有天神之眼？！,大鹏快开车,2025-02-10 21:10:18,702840,3207,1,比亚迪海鸥：啥？我也有天神之眼？！,28317125196,147.151,1,25,16777215,2025-02-18 16:44:52,1739868292,0,f107f08e,1784903620983352320,大鹏，还画龙不？
BV1vENoeREMi,113979724663704,比亚迪海鸥：啥？我也有天神之眼？！,大鹏快开车,2025-02-10 21:10:18,702840,3207,1,比亚迪海鸥：啥？我也有天神之眼？！,28317125196,34.240,1,25,16777215,2025-02-18 17:31:21,1739871081,0,1c04eb44,1784927018145197824,究极老腾
BV1vENoeREMi,113979724663704,比亚迪海鸥：啥？我也有天神之眼？！,大鹏快开车,2025-02-10 21:10:18,702840,3207,1,比亚迪海鸥：啥？我也有天神之眼？！,28317125196,108.743,1,25,16777215,2025-02-20 10:27:48,1740018468,0,12ff1ab5,1786163384392718080,天神之眼这四个字好中二啊
BV1vENoeREMi,113979724663704,比亚迪海鸥：啥？我也有天神之眼？！,大鹏快开车,2025-02-10 21:10:18,702840,3207,1,比亚迪海鸥：啥？我也有天神之眼？！,28317125196,36.884,5,25,16740868,2025-02-23 15:01:45,1740294105,0,ef330b25,1788475598961279744,UP不愧是车评人，时刻系着安全带！
BV1vENoeREMi,113979724663704,比亚迪海鸥：啥？我也有天神之眼？！,大鹏快开车,2025-02-10 21:10:18,702840,3207,1,比亚迪海鸥：啥？我也有天神之眼？！,28317125196,271.917,1,25,16777215,2025-02-26 22:04:48,1740578688,0,49c38a84,1790862853083921408,反应比人慢多了
BV1vENoeREMi,113979724663704,比亚迪海鸥：啥？我也有天神之眼？！,大鹏快开车,2025-02-10 21:10:18,702840,3207,1,比亚迪海鸥：啥？我也有天神之眼？！,28317125196,15.809,1,25,16646914,2025-02-27 11:30:10,1740627010,0,18254c5f,1791268204287963648,大哥，下车可以解掉安全带了
BV1vENoeREMi,113979724663704,比亚迪海鸥：啥？我也有天神之眼？！,大鹏快开车,2025-02-10 21:10:18,702840,3207,1,比亚迪海鸥：啥？我也有天神之眼？！,28317125196,107.901,1,25,16777215,2025-03-01 21:29:54,1740835794,0,c5a89a19,1793019614138697984,毫米波雷达：纯视觉，那我算什么？
BV1vENoeREMi,113979724663704,比亚迪海鸥：啥？我也有天神之眼？！,大鹏快开车,2025-02-10 21:10:18,702840,3207,1,比亚迪海鸥：啥？我也有天神之眼？！,28317125196,276.238,1,25,16777215,2025-03-05 21:47:35,1741182455,0,433b10d9,1795927619070377984,这小孩出来的不极限
BV1vENoeREMi,113979724663704,比亚迪海鸥：啥？我也有天神之眼？！,大鹏快开车,2025-02-10 21:10:18,702840,3207,1,比亚迪海鸥：啥？我也有天神之眼？！,28317125196,259.428,1,25,16777215,2025-03-07 13:27:22,1741325242,0,5df22ea9,1797125399558977280,前几天提16万抄底汉dmi尊贵爽了，智驾是什么我不认识。
BV1vENoeREMi,113979724663704,比亚迪海鸥：啥？我也有天神之眼？！,大鹏快开车,2025-02-10 21:10:18,702840,3207,1,比亚迪海鸥：啥？我也有天神之眼？！,28317125196,176.971,1,25,16777215,2025-03-27 08:34:16,1743035656,0,8f9c9b43,1811473394840371712,感觉要开始画龙了！
BV1vENoeREMi,113979724663704,比亚迪海鸥：啥？我也有天神之眼？！,大鹏快开车,2025-02-10 21:10:18,702840,3207,1,比亚迪海鸥：啥？我也有天神之眼？！,28317125196,3.594,5,25,9487136,2026-05-12 01:50:49,1778521849,0,916752ba,2109153157782569472,雷鸥
BV1vENoeREMi,113979724663704,比亚迪海鸥：啥？我也有天神之眼？！,大鹏快开车,2025-02-10 21:10:18,702840,3207,1,比亚迪海鸥：啥？我也有天神之眼？！,28317125196,119.201,5,25,16646914,2026-06-22 01:42:12,1782063732,0,e48db0e0,2138864622437719040,天神c：高速智驾。天神b：1个激光支持城市智驾。天神a：3个激光，升级不多，但是性能肯定强
BV1e1NGebEwz,113969071198277,一帧未剪！比亚迪天神之眼高速夜间雨雾环境智驾实拍,睛探号,2025-02-08 23:58:13,9805,50,1,一帧未剪！比亚迪天神之眼高速夜间雨雾环境智驾实拍,28285209742,7.237,1,25,16777215,2025-02-15 05:44:10,1739569450,0,bf3cc1e9,1782396753077970432,其实不复杂。硬件到位，这个雨雾是基本操作
BV1e1NGebEwz,113969071198277,一帧未剪！比亚迪天神之眼高速夜间雨雾环境智驾实拍,睛探号,2025-02-08 23:58:13,9805,50,1,一帧未剪！比亚迪天神之眼高速夜间雨雾环境智驾实拍,28285209742,68.210,1,25,16777215,2025-02-15 05:45:24,1739569524,0,bf3cc1e9,1782397375772780544,高速领航没什么难度
BV1e1NGebEwz,113969071198277,一帧未剪！比亚迪天神之眼高速夜间雨雾环境智驾实拍,睛探号,2025-02-08 23:58:13,9805,50,1,一帧未剪！比亚迪天神之眼高速夜间雨雾环境智驾实拍,28285209742,40.736,1,25,16777215,2025-02-16 20:45:20,1739709920,0,60610c80,1783575102638634496,脚放在刹车踏板上，这得多累啊
BV1e1NGebEwz,113969071198277,一帧未剪！比亚迪天神之眼高速夜间雨雾环境智驾实拍,睛探号,2025-02-08 23:58:13,9805,50,1,一帧未剪！比亚迪天神之眼高速夜间雨雾环境智驾实拍,28285209742,86.649,1,25,16777215,2025-02-16 20:46:29,1739709989,0,60610c80,1783575678692744192,城市乡村道路难
BV1e1NGebEwz,113969071198277,一帧未剪！比亚迪天神之眼高速夜间雨雾环境智驾实拍,睛探号,2025-02-08 23:58:13,9805,50,1,一帧未剪！比亚迪天神之眼高速夜间雨雾环境智驾实拍,28285209742,44.967,1,25,16777215,2025-03-14 10:48:25,1741920505,0,c77829f8,1802118832656519680,前面的，看右下角车型
BV1GtY769EB3,117252271773398,第一视角体验！？比亚迪大唐的城市智驾,Pov_Car,2026-09-11 20:12:32,3673,8,1,第一视角体验！？比亚迪大唐的城市智驾,41794798239,186.257,1,25,16777215,2026-09-12 08:50:56,1789174256,0,19689137,2198512025125341440,康桥地铁站的比亚迪吗
BV1GtY769EB3,117252271773398,第一视角体验！？比亚迪大唐的城市智驾,Pov_Car,2026-09-11 20:12:32,3673,8,1,第一视角体验！？比亚迪大唐的城市智驾,41794798239,38.700,1,25,16777215,2026-09-12 09:02:16,1789174936,0,15424925,2198517729546447360,兄弟别紧张
BV1GtY769EB3,117252271773398,第一视角体验！？比亚迪大唐的城市智驾,Pov_Car,2026-09-11 20:12:32,3673,8,1,第一视角体验！？比亚迪大唐的城市智驾,41794798239,50.278,1,25,16777215,2026-09-13 11:27:09,1789270029,0,e55da568,2199315423748260096,太猛了
BV1GtY769EB3,117252271773398,第一视角体验！？比亚迪大唐的城市智驾,Pov_Car,2026-09-11 20:12:32,3673,8,1,第一视角体验！？比亚迪大唐的城市智驾,41794798239,57.271,1,25,16777215,2026-09-28 02:22:24,1790533344,0,21e84f3f,2209912880118884096,感觉有点晃
BV1GtY769EB3,117252271773398,第一视角体验！？比亚迪大唐的城市智驾,Pov_Car,2026-09-11 20:12:32,3673,8,1,第一视角体验！？比亚迪大唐的城市智驾,41794798239,65.645,1,25,16777215,2026-09-28 17:59:21,1790589561,0,708664b3,2210384459423830016,满满的开船感
BV1bJty6LEVc,117215261099344,天神之眼5.0广州智驾一镜到底,拾贰不摄,2026-09-05 07:08:17,9495,86,1,天神之眼5.0广州智驾一镜到底,41593340487,101.079,1,25,16777215,2026-09-05 10:44:58,1788576298,0,93f00c67,2193495986180560128,非机动车道全被占了，电机只能从机动车道过
BV1bJty6LEVc,117215261099344,天神之眼5.0广州智驾一镜到底,拾贰不摄,2026-09-05 07:08:17,9495,86,1,天神之眼5.0广州智驾一镜到底,41593340487,301.408,1,25,16777215,2026-09-05 11:36:44,1788579404,0,381c6807,2193522048109224192,哈哈哈
BV1bJty6LEVc,117215261099344,天神之眼5.0广州智驾一镜到底,拾贰不摄,2026-09-05 07:08:17,9495,86,1,天神之眼5.0广州智驾一镜到底,41593340487,76.222,1,25,16777215,2026-09-07 09:43:38,1788745418,0,9ee651f7,2194914672564994560,广州吗？跟我印象中不太一样啊，怎么还是满大街电动车，还有不戴头盔的
BV1bJty6LEVc,117215261099344,天神之眼5.0广州智驾一镜到底,拾贰不摄,2026-09-05 07:08:17,9495,86,1,天神之眼5.0广州智驾一镜到底,41593340487,93.602,1,25,16777215,2026-09-08 08:13:06,1788826386,0,7a43de88,2195593879825850880,哪里都一样的电动自行车
BV1bJty6LEVc,117215261099344,天神之眼5.0广州智驾一镜到底,拾贰不摄,2026-09-05 07:08:17,9495,86,1,天神之眼5.0广州智驾一镜到底,41593340487,284.017,1,25,16777215,2026-09-08 15:30:12,1788852612,0,558fd597,2195813874954220288,只要你不尴尬，尴尬的就是别人
BV1bJty6LEVc,117215261099344,天神之眼5.0广州智驾一镜到底,拾贰不摄,2026-09-05 07:08:17,9495,86,1,天神之眼5.0广州智驾一镜到底,41593340487,312.004,1,25,16777215,2026-09-14 07:59:51,1789343991,3,2c7c2dcd,2199935865395208448,天籁之音
BV1bJty6LEVc,117215261099344,天神之眼5.0广州智驾一镜到底,拾贰不摄,2026-09-05 07:08:17,9495,86,1,天神之眼5.0广州智驾一镜到底,41593340487,311.506,1,25,16777215,2026-09-15 23:42:52,1789486972,3,c483d14,2201135274481028608,天籁之音
BV1bJty6LEVc,117215261099344,天神之眼5.0广州智驾一镜到底,拾贰不摄,2026-09-05 07:08:17,9495,86,1,天神之眼5.0广州智驾一镜到底,41593340487,11.138,1,25,16777215,2026-09-19 16:37:48,1789807068,0,61392129,2203820438089164288,L2之眼
BV1bJty6LEVc,117215261099344,天神之眼5.0广州智驾一镜到底,拾贰不摄,2026-09-05 07:08:17,9495,86,1,天神之眼5.0广州智驾一镜到底,41593340487,301.385,5,25,16777215,2026-09-20 21:51:32,1789912292,0,c76f1f32,2204703121790371840,懂你意思
BV1bJty6LEVc,117215261099344,天神之眼5.0广州智驾一镜到底,拾贰不摄,2026-09-05 07:08:17,9495,86,1,天神之眼5.0广州智驾一镜到底,41593340487,260.780,1,25,16777215,2026-09-22 09:54:40,1790042080,0,e2a1195d,2205791856817443072,难绷
BV1bJty6LEVc,117215261099344,天神之眼5.0广州智驾一镜到底,拾贰不摄,2026-09-05 07:08:17,9495,86,1,天神之眼5.0广州智驾一镜到底,41593340487,275.348,1,25,16777215,2026-09-22 12:23:10,1790050990,0,9c6ce6b5,2205866603332283392,想怎么停就怎么停(滑稽)
BV1bJty6LEVc,117215261099344,天神之眼5.0广州智驾一镜到底,拾贰不摄,2026-09-05 07:08:17,9495,86,1,天神之眼5.0广州智驾一镜到底,41593340487,139.577,1,25,16777215,2026-09-23 18:17:04,1790158624,0,ec52deb5,2206769499729656576,这路况确实难开
BV1bJty6LEVc,117215261099344,天神之眼5.0广州智驾一镜到底,拾贰不摄,2026-09-05 07:08:17,9495,86,1,天神之眼5.0广州智驾一镜到底,41593340487,263.345,1,25,16777215,2026-09-23 18:19:07,1790158747,0,ec52deb5,2206770537719066880,？？？
BV1bJty6LEVc,117215261099344,天神之眼5.0广州智驾一镜到底,拾贰不摄,2026-09-05 07:08:17,9495,86,1,天神之眼5.0广州智驾一镜到底,41593340487,302.570,1,25,16777215,2026-09-24 21:23:54,1790256234,0,8cc5f1e,2207588315799249664,懂你意思
BV1bJty6LEVc,117215261099344,天神之眼5.0广州智驾一镜到底,拾贰不摄,2026-09-05 07:08:17,9495,86,1,天神之眼5.0广州智驾一镜到底,41593340487,310.098,1,25,16777215,2026-09-25 17:08:58,1790327338,3,a258a75f,2208184779868981248,天籁之音
BV1bJty6LEVc,117215261099344,天神之眼5.0广州智驾一镜到底,拾贰不摄,2026-09-05 07:08:17,9495,86,1,天神之眼5.0广州智驾一镜到底,41593340487,438.647,1,25,16777215,2026-09-06 09:18:24,1788657504,0,878d1c39,2194177190869291264,速度显示有问题啊
BV1bJty6LEVc,117215261099344,天神之眼5.0广州智驾一镜到底,拾贰不摄,2026-09-05 07:08:17,9495,86,1,天神之眼5.0广州智驾一镜到底,41593340487,428.328,1,25,16777215,2026-09-08 15:32:36,1788852756,0,558fd597,2195815085715555328,哈哈哈
BV1bJty6LEVc,117215261099344,天神之眼5.0广州智驾一镜到底,拾贰不摄,2026-09-05 07:08:17,9495,86,1,天神之眼5.0广州智驾一镜到底,41593340487,681.365,1,25,16777215,2026-09-12 12:43:20,1789188200,0,4cf08fc9,2198628991085911552,这里是实线，这时候变没问题
BV1bJty6LEVc,117215261099344,天神之眼5.0广州智驾一镜到底,拾贰不摄,2026-09-05 07:08:17,9495,86,1,天神之眼5.0广州智驾一镜到底,41593340487,713.325,1,25,16777215,2026-09-13 16:48:45,1789289325,0,4fb72f7e,2199477292005233152,好玩
BV1bJty6LEVc,117215261099344,天神之眼5.0广州智驾一镜到底,拾贰不摄,2026-09-05 07:08:17,9495,86,1,天神之眼5.0广州智驾一镜到底,41593340487,478.516,1,25,16777215,2026-09-19 19:38:29,1789817909,0,d74a74a7,2203911380011900928,。。。。
BV1bJty6LEVc,117215261099344,天神之眼5.0广州智驾一镜到底,拾贰不摄,2026-09-05 07:08:17,9495,86,1,天神之眼5.0广州智驾一镜到底,41593340487,678.594,1,25,16777215,2026-09-19 19:42:03,1789818123,0,d74a74a7,2203913173387161088,牛逼，这么玩迟早的事
BV1bJty6LEVc,117215261099344,天神之眼5.0广州智驾一镜到底,拾贰不摄,2026-09-05 07:08:17,9495,86,1,天神之眼5.0广州智驾一镜到底,41593340487,644.944,1,25,16777215,2026-09-20 02:16:30,1789841790,0,f39b8137,2204111705608082688,习惯靠最左边走，就会经常性的连续变道
BV1bJty6LEVc,117215261099344,天神之眼5.0广州智驾一镜到底,拾贰不摄,2026-09-05 07:08:17,9495,86,1,天神之眼5.0广州智驾一镜到底,41593340487,717.850,1,25,16777215,2026-09-20 02:18:16,1789841896,0,f39b8137,2204112592065574656,都是电机驱动的，电机神力
BV1bJty6LEVc,117215261099344,天神之眼5.0广州智驾一镜到底,拾贰不摄,2026-09-05 07:08:17,9495,86,1,天神之眼5.0广州智驾一镜到底,41593340487,482.825,1,25,16777215,2026-09-23 18:22:47,1790158967,0,ec52deb5,2206772378917993472,这智驾。。。
BV1bJty6LEVc,117215261099344,天神之眼5.0广州智驾一镜到底,拾贰不摄,2026-09-05 07:08:17,9495,86,1,天神之眼5.0广州智驾一镜到底,41593340487,658.475,1,25,16777215,2026-09-25 01:50:32,1790272232,0,be50ac23,2207722513881548800,确实这个爱靠左车道的毛病确实很让人头疼
BV1bJty6LEVc,117215261099344,天神之眼5.0广州智驾一镜到底,拾贰不摄,2026-09-05 07:08:17,9495,86,1,天神之眼5.0广州智驾一镜到底,41593340487,481.683,5,25,16707842,2026-09-28 13:42:54,1790574174,0,98307f3a,2210255390128902400,这里接管了后台是不是就有数据传上去了以后就可以优化了
BV1bJty6LEVc,117215261099344,天神之眼5.0广州智驾一镜到底,拾贰不摄,2026-09-05 07:08:17,9495,86,1,天神之眼5.0广州智驾一镜到底,41593340487,440.825,1,25,16777215,2026-09-09 10:18:40,1788920320,0,915ce906,2196381855916531200,桥底下没有GPS信号，速度没法更新
BV1bJty6LEVc,117215261099344,天神之眼5.0广州智驾一镜到底,拾贰不摄,2026-09-05 07:08:17,9495,86,1,天神之眼5.0广州智驾一镜到底,41593340487,821.771,1,25,16777215,2026-09-05 10:57:51,1788577071,0,93f00c67,2193502476304105216,左边镜子里的车被识别成实车了
BV1bJty6LEVc,117215261099344,天神之眼5.0广州智驾一镜到底,拾贰不摄,2026-09-05 07:08:17,9495,86,1,天神之眼5.0广州智驾一镜到底,41593340487,982.871,1,25,16777215,2026-09-05 14:16:54,1788589014,0,93f00c67,2193602655090781440,买地图路线数据要再给钱，比亚迪就给了路口数据的钱，其它数据靠实时获取
BV1bJty6LEVc,117215261099344,天神之眼5.0广州智驾一镜到底,拾贰不摄,2026-09-05 07:08:17,9495,86,1,天神之眼5.0广州智驾一镜到底,41593340487,730.426,1,25,16777215,2026-09-06 21:01:40,1788699700,0,630073c,2194531160037129472,哈哈哈哈
BV1bJty6LEVc,117215261099344,天神之眼5.0广州智驾一镜到底,拾贰不摄,2026-09-05 07:08:17,9495,86,1,天神之眼5.0广州智驾一镜到底,41593340487,900.400,1,25,16777215,2026-09-12 22:10:21,1789222221,3,a95187e6,2198914381243676928,3
BV1bJty6LEVc,117215261099344,天神之眼5.0广州智驾一镜到底,拾贰不摄,2026-09-05 07:08:17,9495,86,1,天神之眼5.0广州智驾一镜到底,41593340487,1014.260,1,25,16777215,2026-09-17 14:51:59,1789627919,0,2e2b942c,2202317625055537408,地图数据也不是百分之百可靠的
BV1bJty6LEVc,117215261099344,天神之眼5.0广州智驾一镜到底,拾贰不摄,2026-09-05 07:08:17,9495,86,1,天神之眼5.0广州智驾一镜到底,41593340487,904.579,1,25,16777215,2026-09-17 23:40:39,1789659639,3,688cc14e,2202583709436231168,3
BV1bJty6LEVc,117215261099344,天神之眼5.0广州智驾一镜到底,拾贰不摄,2026-09-05 07:08:17,9495,86,1,天神之眼5.0广州智驾一镜到底,41593340487,930.558,1,25,16777215,2026-09-18 08:04:47,1789689887,0,20998aac,2202837454552792832,算力不够
BV1bJty6LEVc,117215261099344,天神之眼5.0广州智驾一镜到底,拾贰不摄,2026-09-05 07:08:17,9495,86,1,天神之眼5.0广州智驾一镜到底,41593340487,1087.877,1,25,16777215,2026-09-12 13:11:12,1789189872,0,4cf08fc9,2198643021368086272,地图可能存在更新延迟，实际情况为准，但实际识别错了，那应该以安全为准了。
BV1bJty6LEVc,117215261099344,天神之眼5.0广州智驾一镜到底,拾贰不摄,2026-09-05 07:08:17,9495,86,1,天神之眼5.0广州智驾一镜到底,41593340487,1365.698,1,25,16777215,2026-09-13 17:09:12,1789290552,0,4fb72f7e,2199487587176006656,离谱了
BV1bJty6LEVc,117215261099344,天神之眼5.0广州智驾一镜到底,拾贰不摄,2026-09-05 07:08:17,9495,86,1,天神之眼5.0广州智驾一镜到底,41593340487,1567.605,1,25,16777215,2026-09-12 22:30:55,1789223455,0,9d9b1081,2198924736838075392,别摇了
BV1bJty6LEVc,117215261099344,天神之眼5.0广州智驾一镜到底,拾贰不摄,2026-09-05 07:08:17,9495,86,1,天神之眼5.0广州智驾一镜到底,41593340487,1521.884,1,25,16777215,2026-09-13 17:12:27,1789290747,0,4fb72f7e,2199489218139511296,哈哈哈
BV1bJty6LEVc,117215261099344,天神之眼5.0广州智驾一镜到底,拾贰不摄,2026-09-05 07:08:17,9495,86,1,天神之眼5.0广州智驾一镜到底,41593340487,1689.979,1,25,16777215,2026-09-15 14:53:57,1789455237,0,22e9cd82,2200869060663944192,有点像是吧太阳光识别成虚线了
BV1bJty6LEVc,117215261099344,天神之眼5.0广州智驾一镜到底,拾贰不摄,2026-09-05 07:08:17,9495,86,1,天神之眼5.0广州智驾一镜到底,41593340487,1527.270,1,25,16777215,2026-09-27 23:06:06,1790521566,0,8f91c40,2209814078389301760,我也是这样开的，电驴来了我就停，谁知道这人想干嘛
BV1dgtq6ME19,117211100352191,乡间小路体验天神之眼B辅助驾驶，虽不完美但仍很强！,胖叔用车日记,2026-09-04 13:29:07,3741,6,1,8月31日,41570730761,65.04100,1,25,16777215,2026-09-15 18:31:10,1789468270,0,7e6198d6,2200978393972389888,15迈，太慢了吧
BV1dgtq6ME19,117211100352191,乡间小路体验天神之眼B辅助驾驶，虽不完美但仍很强！,胖叔用车日记,2026-09-04 13:29:07,3741,6,1,8月31日,41570730761,215.74900,1,25,16707842,2026-09-14 11:42:05,1789357325,0,a7dc64db,2200047721686402816,要兜底的肯定是会调得偏保守，优先确保安全
BV1dgtq6ME19,117211100352191,乡间小路体验天神之眼B辅助驾驶，虽不完美但仍很强！,胖叔用车日记,2026-09-04 13:29:07,3741,6,1,8月31日,41570730761,11.36000,1,25,16777215,2026-09-06 08:01:45,1788652905,0,d9741247,2194138611711664896,速度太慢根本不实用
BV1Eg7azmEeA,114619020550062,比亚迪天神之眼C啥水平？海狮05EV全面评测,Xauto报告,2025-06-03 18:51:32,31350,86,1,比亚迪天神之眼C啥水平？海狮05EV全面评测,30301684299,510.26700,1,25,16777215,2025-06-04 15:45:37,1749023137,0,52d5304e,1861700029329651968,感觉后面的男生都快被晒死了
BV1Eg7azmEeA,114619020550062,比亚迪天神之眼C啥水平？海狮05EV全面评测,Xauto报告,2025-06-03 18:51:32,31350,86,1,比亚迪天神之眼C啥水平？海狮05EV全面评测,30301684299,514.85300,1,25,16777215,2025-06-04 12:34:05,1749011645,0,ce774339,1861603626775707904,后面老哥晒太阳
BV1Eg7azmEeA,114619020550062,比亚迪天神之眼C啥水平？海狮05EV全面评测,Xauto报告,2025-06-03 18:51:32,31350,86,1,比亚迪天神之眼C啥水平？海狮05EV全面评测,30301684299,610.71100,1,25,16777215,2025-06-09 09:46:11,1749433571,0,c6b59c07,1865142992210500352,最好再装个大喇叭，biubiu骂他两句
BV1Eg7azmEeA,114619020550062,比亚迪天神之眼C啥水平？海狮05EV全面评测,Xauto报告,2025-06-03 18:51:32,31350,86,1,比亚迪天神之眼C啥水平？海狮05EV全面评测,30301684299,734.65000,1,25,16777215,2025-06-04 22:18:49,1749046729,0,868699c8,1861897934577747200,感觉主播长得像海绵宝宝里的珊迪
BV1Eg7azmEeA,114619020550062,比亚迪天神之眼C啥水平？海狮05EV全面评测,Xauto报告,2025-06-03 18:51:32,31350,86,1,比亚迪天神之眼C啥水平？海狮05EV全面评测,30301684299,559.85400,1,25,16777215,2025-06-04 09:44:49,1749001489,0,8d1beeb,1861518430386190080,看着有遮阳帘，只是有拍摄设备没法关上吧
BV1Eg7azmEeA,114619020550062,比亚迪天神之眼C啥水平？海狮05EV全面评测,Xauto报告,2025-06-03 18:51:32,31350,86,1,比亚迪天神之眼C啥水平？海狮05EV全面评测,30301684299,107.43400,1,25,16777215,2025-06-04 08:30:51,1748997051,0,9677771b,1861481200469326336,电车谈加速是很无聊的
BV1Eg7azmEeA,114619020550062,比亚迪天神之眼C啥水平？海狮05EV全面评测,Xauto报告,2025-06-03 18:51:32,31350,86,1,比亚迪天神之眼C啥水平？海狮05EV全面评测,30301684299,536.26500,1,25,16777215,2025-06-03 22:42:46,1748961766,0,93c82521,1861185209576807936,后面好晒啊
BV1Eg7azmEeA,114619020550062,比亚迪天神之眼C啥水平？海狮05EV全面评测,Xauto报告,2025-06-03 18:51:32,31350,86,1,比亚迪天神之眼C啥水平？海狮05EV全面评测,30301684299,259.98500,1,25,16777215,2026-05-24 00:20:18,1779553218,0,b80b30dc,2117804908773249792,副座好像曹颖
BV1Eg7azmEeA,114619020550062,比亚迪天神之眼C啥水平？海狮05EV全面评测,Xauto报告,2025-06-03 18:51:32,31350,86,1,比亚迪天神之眼C啥水平？海狮05EV全面评测,30301684299,533.80500,1,25,16777215,2026-05-08 20:07:44,1778242064,0,ed097b34,2106806148090376448,遮阳帘可以关一半的
BV1Eg7azmEeA,114619020550062,比亚迪天神之眼C啥水平？海狮05EV全面评测,Xauto报告,2025-06-03 18:51:32,31350,86,1,比亚迪天神之眼C啥水平？海狮05EV全面评测,30301684299,668.99200,1,25,16777215,2025-11-30 00:49:37,1764434977,0,3e502c40,1990983907558587648,这个颜色真的巨喜欢，太阳大时是比较正的灰色，阴天的时候看带一点点紫调，最后提了这个色的哈哈哈
BV1Eg7azmEeA,114619020550062,比亚迪天神之眼C啥水平？海狮05EV全面评测,Xauto报告,2025-06-03 18:51:32,31350,86,1,比亚迪天神之眼C啥水平？海狮05EV全面评测,30301684299,30.02900,1,25,16777215,2025-11-12 00:54:12,1762880052,0,2aef869,1977940250542741248,前面的那你说说同级别同价位除了比亚迪自家的还有谁？两个以上都你都数不出来还都是真张嘴就来吹牛逼呢！
BV1Eg7azmEeA,114619020550062,比亚迪天神之眼C啥水平？海狮05EV全面评测,Xauto报告,2025-06-03 18:51:32,31350,86,1,比亚迪天神之眼C啥水平？海狮05EV全面评测,30301684299,613.42600,1,25,16777215,2025-10-12 01:09:20,1760202560,0,b0f3b008,1955479825804972288,堪用
BV1Eg7azmEeA,114619020550062,比亚迪天神之眼C啥水平？海狮05EV全面评测,Xauto报告,2025-06-03 18:51:32,31350,86,1,比亚迪天神之眼C啥水平？海狮05EV全面评测,30301684299,169.25900,1,25,16777215,2025-09-22 16:26:00,1758529560,0,78bdcaac,1941445683320597760,开车的人其实在后面 前面这两货负责嘚吧嘚
BV1Eg7azmEeA,114619020550062,比亚迪天神之眼C啥水平？海狮05EV全面评测,Xauto报告,2025-06-03 18:51:32,31350,86,1,比亚迪天神之眼C啥水平？海狮05EV全面评测,30301684299,64.88900,1,25,16777215,2025-09-03 22:00:07,1756908007,0,96eb7694,1927843106213519104,全景天幕吗？
BV1Eg7azmEeA,114619020550062,比亚迪天神之眼C啥水平？海狮05EV全面评测,Xauto报告,2025-06-03 18:51:32,31350,86,1,比亚迪天神之眼C啥水平？海狮05EV全面评测,30301684299,110.79800,1,25,16777215,2025-08-26 22:09:03,1756217343,0,702851fc,1922049402881749504,抠半天发现那是你脖子上的黑点
BV1Eg7azmEeA,114619020550062,比亚迪天神之眼C啥水平？海狮05EV全面评测,Xauto报告,2025-06-03 18:51:32,31350,86,1,比亚迪天神之眼C啥水平？海狮05EV全面评测,30301684299,695.65700,1,25,16777215,2025-08-11 02:33:41,1754850821,0,b5c877e9,1910586179788185856,也能装个人（皮）
BV1Eg7azmEeA,114619020550062,比亚迪天神之眼C啥水平？海狮05EV全面评测,Xauto报告,2025-06-03 18:51:32,31350,86,1,比亚迪天神之眼C啥水平？海狮05EV全面评测,30301684299,111.76800,1,25,16777215,2025-08-11 02:22:28,1754850148,0,b5c877e9,1910580540755952384,有的车开始模仿油车加速了
BV1Eg7azmEeA,114619020550062,比亚迪天神之眼C啥水平？海狮05EV全面评测,Xauto报告,2025-06-03 18:51:32,31350,86,1,比亚迪天神之眼C啥水平？海狮05EV全面评测,30301684299,619.74500,1,25,16777215,2025-07-31 13:52:36,1753941156,0,ff7174ba,1902955361490207232,老哥晒得拳头硬了
BV1Eg7azmEeA,114619020550062,比亚迪天神之眼C啥水平？海狮05EV全面评测,Xauto报告,2025-06-03 18:51:32,31350,86,1,比亚迪天神之眼C啥水平？海狮05EV全面评测,30301684299,136.76600,1,25,16777215,2025-07-24 22:35:16,1753367716,0,a7406e6f,1898144994678726400,后排晒死了
BV1Eg7azmEeA,114619020550062,比亚迪天神之眼C啥水平？海狮05EV全面评测,Xauto报告,2025-06-03 18:51:32,31350,86,1,比亚迪天神之眼C啥水平？海狮05EV全面评测,30301684299,52.67600,1,25,16777215,2025-07-24 22:33:43,1753367623,0,a7406e6f,1898144216333227264,双胞胎？
BV1Eg7azmEeA,114619020550062,比亚迪天神之眼C啥水平？海狮05EV全面评测,Xauto报告,2025-06-03 18:51:32,31350,86,1,比亚迪天神之眼C啥水平？海狮05EV全面评测,30301684299,634.71200,1,25,16777215,2025-07-24 20:07:54,1753358874,0,de461b48,1898070824469435136,关上遮阳帘吧，老哥都要晒死了
BV1Eg7azmEeA,114619020550062,比亚迪天神之眼C啥水平？海狮05EV全面评测,Xauto报告,2025-06-03 18:51:32,31350,86,1,比亚迪天神之眼C啥水平？海狮05EV全面评测,30301684299,895.80000,1,25,16777215,2025-07-22 21:11:06,1753189866,0,cf1a6d6d,1896653084135283456,一辈子也没开过天窗
BV1Eg7azmEeA,114619020550062,比亚迪天神之眼C啥水平？海狮05EV全面评测,Xauto报告,2025-06-03 18:51:32,31350,86,1,比亚迪天神之眼C啥水平？海狮05EV全面评测,30301684299,378.65500,1,25,16777215,2025-07-22 20:53:39,1753188819,0,cf1a6d6d,1896644299895523328,触发智慧避让了
BV1Eg7azmEeA,114619020550062,比亚迪天神之眼C啥水平？海狮05EV全面评测,Xauto报告,2025-06-03 18:51:32,31350,86,1,比亚迪天神之眼C啥水平？海狮05EV全面评测,30301684299,382.49200,1,25,16777215,2025-07-14 18:57:07,1752490627,0,aa1f0994,1890787441242368000,太危险
BV1Eg7azmEeA,114619020550062,比亚迪天神之眼C啥水平？海狮05EV全面评测,Xauto报告,2025-06-03 18:51:32,31350,86,1,比亚迪天神之眼C啥水平？海狮05EV全面评测,30301684299,33.21900,1,25,16777215,2025-07-06 23:23:20,1751815400,0,c8f05edd,1885123224295988224,mona03就没有
BV1Eg7azmEeA,114619020550062,比亚迪天神之眼C啥水平？海狮05EV全面评测,Xauto报告,2025-06-03 18:51:32,31350,86,1,比亚迪天神之眼C啥水平？海狮05EV全面评测,30301684299,938.54700,1,25,16777215,2025-06-30 23:07:25,1751296045,0,71bd1292,1880766560407806720,我的海豹ev买早了，晚点买这个就好了
BV1Eg7azmEeA,114619020550062,比亚迪天神之眼C啥水平？海狮05EV全面评测,Xauto报告,2025-06-03 18:51:32,31350,86,1,比亚迪天神之眼C啥水平？海狮05EV全面评测,30301684299,24.52900,1,25,16777215,2025-06-30 21:18:31,1751289511,0,d948fd56,1880711750207619840,轮胎宽度不说说吗
BV1Eg7azmEeA,114619020550062,比亚迪天神之眼C啥水平？海狮05EV全面评测,Xauto报告,2025-06-03 18:51:32,31350,86,1,比亚迪天神之眼C啥水平？海狮05EV全面评测,30301684299,523.82000,1,25,16777215,2025-06-30 12:02:19,1751256139,0,fbd867d9,1880431806931646464,可怜
BV1Eg7azmEeA,114619020550062,比亚迪天神之眼C啥水平？海狮05EV全面评测,Xauto报告,2025-06-03 18:51:32,31350,86,1,比亚迪天神之眼C啥水平？海狮05EV全面评测,30301684299,264.62900,1,25,16777215,2025-06-29 14:28:46,1751178526,0,3554781b,1879780743669417472,摄影师
BV1Eg7azmEeA,114619020550062,比亚迪天神之眼C啥水平？海狮05EV全面评测,Xauto报告,2025-06-03 18:51:32,31350,86,1,比亚迪天神之眼C啥水平？海狮05EV全面评测,30301684299,722.41300,1,25,16777215,2025-06-29 07:59:27,1751155167,0,aa917e54,1879584786583609088,电车基本不配备胎啊
BV1Eg7azmEeA,114619020550062,比亚迪天神之眼C啥水平？海狮05EV全面评测,Xauto报告,2025-06-03 18:51:32,31350,86,1,比亚迪天神之眼C啥水平？海狮05EV全面评测,30301684299,144.46100,1,25,16777215,2025-06-28 08:46:21,1751071581,0,20830486,1878883616361627904,后排配重
BV1Eg7azmEeA,114619020550062,比亚迪天神之眼C啥水平？海狮05EV全面评测,Xauto报告,2025-06-03 18:51:32,31350,86,1,比亚迪天神之眼C啥水平？海狮05EV全面评测,30301684299,504.54100,1,25,16777215,2025-06-25 22:01:51,1750860111,0,155c7e88,1877109684524464640,还是挺厉害的
BV1Eg7azmEeA,114619020550062,比亚迪天神之眼C啥水平？海狮05EV全面评测,Xauto报告,2025-06-03 18:51:32,31350,86,1,比亚迪天神之眼C啥水平？海狮05EV全面评测,30301684299,155.93700,1,25,16777215,2025-06-25 20:36:26,1750854986,0,99095eba,1877066689435327488,标准已经有拖拽感了
BV1Eg7azmEeA,114619020550062,比亚迪天神之眼C啥水平？海狮05EV全面评测,Xauto报告,2025-06-03 18:51:32,31350,86,1,比亚迪天神之眼C啥水平？海狮05EV全面评测,30301684299,128.52100,1,25,16777215,2025-06-25 19:35:36,1750851336,0,1e437aa6,1877036069347406848,感受后排好不好坐
BV1Eg7azmEeA,114619020550062,比亚迪天神之眼C啥水平？海狮05EV全面评测,Xauto报告,2025-06-03 18:51:32,31350,86,1,比亚迪天神之眼C啥水平？海狮05EV全面评测,30301684299,122.66500,1,25,16777215,2025-06-25 08:14:28,1750810468,0,18409a80,1876693244084538368,后面的哥们起到了什么作用
BV1Eg7azmEeA,114619020550062,比亚迪天神之眼C啥水平？海狮05EV全面评测,Xauto报告,2025-06-03 18:51:32,31350,86,1,比亚迪天神之眼C啥水平？海狮05EV全面评测,30301684299,470.45400,1,25,16777215,2025-06-23 23:07:09,1750691229,0,ee871d2a,1875692993664123392,天神之p眼
BV1Eg7azmEeA,114619020550062,比亚迪天神之眼C啥水平？海狮05EV全面评测,Xauto报告,2025-06-03 18:51:32,31350,86,1,比亚迪天神之眼C啥水平？海狮05EV全面评测,30301684299,507.56300,1,25,16777215,2025-06-21 23:29:59,1750519799,0,40b2a108,1874254935928172800,晒也没办法，要吸设备
BV1Eg7azmEeA,114619020550062,比亚迪天神之眼C啥水平？海狮05EV全面评测,Xauto报告,2025-06-03 18:51:32,31350,86,1,比亚迪天神之眼C啥水平？海狮05EV全面评测,30301684299,717.96300,1,25,16777215,2025-06-21 11:49:06,1750477746,0,aae8d3b2,1873902173839109120,什么年代了 现在都是用的补胎液
BV1Eg7azmEeA,114619020550062,比亚迪天神之眼C啥水平？海狮05EV全面评测,Xauto报告,2025-06-03 18:51:32,31350,86,1,比亚迪天神之眼C啥水平？海狮05EV全面评测,30301684299,833.99100,1,25,16777215,2025-06-19 16:17:23,1750321043,0,cfe7b220,1872587649638923520,金铲铲还行
BV1Eg7azmEeA,114619020550062,比亚迪天神之眼C啥水平？海狮05EV全面评测,Xauto报告,2025-06-03 18:51:32,31350,86,1,比亚迪天神之眼C啥水平？海狮05EV全面评测,30301684299,64.21900,1,25,16777215,2025-06-17 20:00:56,1750161656,0,ccbc707c,1871250619584034816,这车没有什么突出的点，特别是车灯
BV1Eg7azmEeA,114619020550062,比亚迪天神之眼C啥水平？海狮05EV全面评测,Xauto报告,2025-06-03 18:51:32,31350,86,1,比亚迪天神之眼C啥水平？海狮05EV全面评测,30301684299,226.74900,1,25,16777215,2025-06-17 17:12:02,1750151522,0,f57eae31,1871165603290246144,我觉得女的测这个老是那么别扭，她们懂吗
BV1Eg7azmEeA,114619020550062,比亚迪天神之眼C啥水平？海狮05EV全面评测,Xauto报告,2025-06-03 18:51:32,31350,86,1,比亚迪天神之眼C啥水平？海狮05EV全面评测,30301684299,27.74700,1,25,16777215,2025-06-17 15:21:58,1750144918,0,7e27e23a,1871110208940998912,同级别比较少？你给我说说现在国产车这个价的哪个没有这个配置？
BV1Eg7azmEeA,114619020550062,比亚迪天神之眼C啥水平？海狮05EV全面评测,Xauto报告,2025-06-03 18:51:32,31350,86,1,比亚迪天神之眼C啥水平？海狮05EV全面评测,30301684299,41.75000,1,25,16777215,2025-06-17 10:23:24,1750127004,0,ec7db094,1870959933177507584,车内空间可不小
BV1Eg7azmEeA,114619020550062,比亚迪天神之眼C啥水平？海狮05EV全面评测,Xauto报告,2025-06-03 18:51:32,31350,86,1,比亚迪天神之眼C啥水平？海狮05EV全面评测,30301684299,598.10000,1,25,16777215,2025-06-14 18:26:42,1749896802,0,fc835890,1869028863074949376,后面老哥 内心cos 是晒不到你俩 我都晒自闭了
BV1Eg7azmEeA,114619020550062,比亚迪天神之眼C啥水平？海狮05EV全面评测,Xauto报告,2025-06-03 18:51:32,31350,86,1,比亚迪天神之眼C啥水平？海狮05EV全面评测,30301684299,671.18200,1,25,16777215,2025-06-14 18:24:06,1749896646,0,6e0d9d77,1869027554989192192,人小显车大
BV1Eg7azmEeA,114619020550062,比亚迪天神之眼C啥水平？海狮05EV全面评测,Xauto报告,2025-06-03 18:51:32,31350,86,1,比亚迪天神之眼C啥水平？海狮05EV全面评测,30301684299,68.27900,1,25,16777215,2025-06-14 18:06:56,1749895616,0,6e0d9d77,1869018913875447552,经济速度区间大概是多少？
BV1Eg7azmEeA,114619020550062,比亚迪天神之眼C啥水平？海狮05EV全面评测,Xauto报告,2025-06-03 18:51:32,31350,86,1,比亚迪天神之眼C啥水平？海狮05EV全面评测,30301684299,245.17300,1,25,16777215,2025-06-13 12:04:42,1749787482,0,7b641d4,1868111816262566144,后面还有个人啊
BV1Eg7azmEeA,114619020550062,比亚迪天神之眼C啥水平？海狮05EV全面评测,Xauto报告,2025-06-03 18:51:32,31350,86,1,比亚迪天神之眼C啥水平？海狮05EV全面评测,30301684299,889.97900,1,25,16777215,2025-06-13 01:10:16,1749748216,0,1d8c488b,1867782428861624064,天幕，不是天窗，这个玻璃打不开
BV1Eg7azmEeA,114619020550062,比亚迪天神之眼C啥水平？海狮05EV全面评测,Xauto报告,2025-06-03 18:51:32,31350,86,1,比亚迪天神之眼C啥水平？海狮05EV全面评测,30301684299,15.89900,1,25,16777215,2025-06-10 22:53:09,1749567189,3,6a4f4959,1866263867593064192,非常关心
BV1Eg7azmEeA,114619020550062,比亚迪天神之眼C啥水平？海狮05EV全面评测,Xauto报告,2025-06-03 18:51:32,31350,86,1,比亚迪天神之眼C啥水平？海狮05EV全面评测,30301684299,15.54200,1,25,16777215,2025-06-10 21:57:41,1749563861,3,d1ef73ee,1866235946111104000,非常关心
BV1Eg7azmEeA,114619020550062,比亚迪天神之眼C啥水平？海狮05EV全面评测,Xauto报告,2025-06-03 18:51:32,31350,86,1,比亚迪天神之眼C啥水平？海狮05EV全面评测,30301684299,17.13400,1,25,16777215,2025-06-10 15:59:01,1749542341,3,91e4fa06,1866055425741671168,非常关心
BV1Eg7azmEeA,114619020550062,比亚迪天神之眼C啥水平？海狮05EV全面评测,Xauto报告,2025-06-03 18:51:32,31350,86,1,比亚迪天神之眼C啥水平？海狮05EV全面评测,30301684299,23.36200,1,25,16777215,2025-06-09 23:41:08,1749483668,0,28008ea7,1865563241028161280,160kW说个der啊
BV1Eg7azmEeA,114619020550062,比亚迪天神之眼C啥水平？海狮05EV全面评测,Xauto报告,2025-06-03 18:51:32,31350,86,1,比亚迪天神之眼C啥水平？海狮05EV全面评测,30301684299,13.70000,1,25,16777215,2025-06-09 23:22:49,1749482569,3,25a2b97,1865554025286887168,不在乎
BV1Eg7azmEeA,114619020550062,比亚迪天神之眼C啥水平？海狮05EV全面评测,Xauto报告,2025-06-03 18:51:32,31350,86,1,比亚迪天神之眼C啥水平？海狮05EV全面评测,30301684299,16.58600,1,25,16777215,2025-06-09 22:56:35,1749480995,3,d35f5e5b,1865540816382994176,非常关心
BV1Eg7azmEeA,114619020550062,比亚迪天神之眼C啥水平？海狮05EV全面评测,Xauto报告,2025-06-03 18:51:32,31350,86,1,比亚迪天神之眼C啥水平？海狮05EV全面评测,30301684299,17.74600,1,25,16777215,2025-06-09 22:53:59,1749480839,3,af42058c,1865539513045259776,非常关心
BV1Eg7azmEeA,114619020550062,比亚迪天神之眼C啥水平？海狮05EV全面评测,Xauto报告,2025-06-03 18:51:32,31350,86,1,比亚迪天神之眼C啥水平？海狮05EV全面评测,30301684299,18.21800,1,25,16777215,2025-06-09 22:11:12,1749478272,3,9b9d8d9d,1865517976342919936,一般吧
BV1Eg7azmEeA,114619020550062,比亚迪天神之眼C啥水平？海狮05EV全面评测,Xauto报告,2025-06-03 18:51:32,31350,86,1,比亚迪天神之眼C啥水平？海狮05EV全面评测,30301684299,17.08800,1,25,16777215,2025-06-09 21:40:27,1749476427,3,ee15c62b,1865502494730604800,一般吧
BV1Eg7azmEeA,114619020550062,比亚迪天神之眼C啥水平？海狮05EV全面评测,Xauto报告,2025-06-03 18:51:32,31350,86,1,比亚迪天神之眼C啥水平？海狮05EV全面评测,30301684299,15.61600,1,25,16777215,2025-06-09 15:48:52,1749455332,3,cc3e4311,1865325536683869184,非常关心
BV1Eg7azmEeA,114619020550062,比亚迪天神之眼C啥水平？海狮05EV全面评测,Xauto报告,2025-06-03 18:51:32,31350,86,1,比亚迪天神之眼C啥水平？海狮05EV全面评测,30301684299,13.95000,1,25,16777215,2025-06-09 13:21:24,1749446484,3,afdd0a02,1865251320345324032,非常关心
BV1Eg7azmEeA,114619020550062,比亚迪天神之眼C啥水平？海狮05EV全面评测,Xauto报告,2025-06-03 18:51:32,31350,86,1,比亚迪天神之眼C啥水平？海狮05EV全面评测,30301684299,16.71500,1,25,16777215,2025-06-09 11:48:16,1749440896,3,8251b1ba,1865204439032715008,一般吧
BV1Eg7azmEeA,114619020550062,比亚迪天神之眼C啥水平？海狮05EV全面评测,Xauto报告,2025-06-03 18:51:32,31350,86,1,比亚迪天神之眼C啥水平？海狮05EV全面评测,30301684299,14.24100,1,25,16777215,2025-06-09 10:21:32,1749435692,3,8970e932,1865160792048052736,非常关心
BV1Eg7azmEeA,114619020550062,比亚迪天神之眼C啥水平？海狮05EV全面评测,Xauto报告,2025-06-03 18:51:32,31350,86,1,比亚迪天神之眼C啥水平？海狮05EV全面评测,30301684299,15.72900,1,25,16777215,2025-06-09 10:21:20,1749435680,3,1cca23be,1865160688423669760,非常关心
BV1Eg7azmEeA,114619020550062,比亚迪天神之眼C啥水平？海狮05EV全面评测,Xauto报告,2025-06-03 18:51:32,31350,86,1,比亚迪天神之眼C啥水平？海狮05EV全面评测,30301684299,807.17800,1,25,16777215,2025-06-09 07:30:27,1749425427,0,339b01ac,1865074680454016256,主播是小女女？  漂亮
BV1Eg7azmEeA,114619020550062,比亚迪天神之眼C啥水平？海狮05EV全面评测,Xauto报告,2025-06-03 18:51:32,31350,86,1,比亚迪天神之眼C啥水平？海狮05EV全面评测,30301684299,17.37500,1,25,16777215,2025-06-08 23:42:30,1749397350,3,3d698a54,1864839151585926400,一般吧
BV1Eg7azmEeA,114619020550062,比亚迪天神之眼C啥水平？海狮05EV全面评测,Xauto报告,2025-06-03 18:51:32,31350,86,1,比亚迪天神之眼C啥水平？海狮05EV全面评测,30301684299,14.98000,1,25,16777215,2025-06-08 22:35:14,1749393314,3,f16569c9,1864805300079848704,一般吧
BV1Eg7azmEeA,114619020550062,比亚迪天神之眼C啥水平？海狮05EV全面评测,Xauto报告,2025-06-03 18:51:32,31350,86,1,比亚迪天神之眼C啥水平？海狮05EV全面评测,30301684299,13.87800,1,25,16777215,2025-06-08 20:52:05,1749387125,3,2d304f28,1864753376307524096,非常关心
BV1Eg7azmEeA,114619020550062,比亚迪天神之眼C啥水平？海狮05EV全面评测,Xauto报告,2025-06-03 18:51:32,31350,86,1,比亚迪天神之眼C啥水平？海狮05EV全面评测,30301684299,15.24200,1,25,16777215,2025-06-08 17:59:43,1749376783,3,d7bfa153,1864666625408848640,一般吧
BV1Eg7azmEeA,114619020550062,比亚迪天神之眼C啥水平？海狮05EV全面评测,Xauto报告,2025-06-03 18:51:32,31350,86,1,比亚迪天神之眼C啥水平？海狮05EV全面评测,30301684299,15.95900,1,25,16777215,2025-06-08 14:53:36,1749365616,3,d38f3241,1864572949957389312,不在乎
BV1Eg7azmEeA,114619020550062,比亚迪天神之眼C啥水平？海狮05EV全面评测,Xauto报告,2025-06-03 18:51:32,31350,86,1,比亚迪天神之眼C啥水平？海狮05EV全面评测,30301684299,16.91600,1,25,16777215,2025-06-08 12:29:35,1749356975,3,1e5c66a6,1864500465631672064,非常关心
BV1Eg7azmEeA,114619020550062,比亚迪天神之眼C啥水平？海狮05EV全面评测,Xauto报告,2025-06-03 18:51:32,31350,86,1,比亚迪天神之眼C啥水平？海狮05EV全面评测,30301684299,100.83500,1,25,16777215,2025-06-08 11:20:19,1749352819,0,7694f31f,1864465602836471296,比亚迪的车除了汉和唐之外，其他的都长的像没有发育完全的畸形儿。
BV1Eg7azmEeA,114619020550062,比亚迪天神之眼C啥水平？海狮05EV全面评测,Xauto报告,2025-06-03 18:51:32,31350,86,1,比亚迪天神之眼C啥水平？海狮05EV全面评测,30301684299,15.47300,1,25,16777215,2025-06-08 09:57:35,1749347855,3,98a9f61b,1864423956333875200,非常关心
BV1Eg7azmEeA,114619020550062,比亚迪天神之眼C啥水平？海狮05EV全面评测,Xauto报告,2025-06-03 18:51:32,31350,86,1,比亚迪天神之眼C啥水平？海狮05EV全面评测,30301684299,143.36900,1,25,16777215,2025-06-07 23:50:35,1749311435,0,1c650651,1864118447810920192,我擦，后面还有个人呢，吓我一跳
BV1Eg7azmEeA,114619020550062,比亚迪天神之眼C啥水平？海狮05EV全面评测,Xauto报告,2025-06-03 18:51:32,31350,86,1,比亚迪天神之眼C啥水平？海狮05EV全面评测,30301684299,522.20000,1,25,16777215,2025-06-06 20:13:13,1749211993,0,fcfff37,1863284262888347136,为了拍摄效果没关天幕
BV1Eg7azmEeA,114619020550062,比亚迪天神之眼C啥水平？海狮05EV全面评测,Xauto报告,2025-06-03 18:51:32,31350,86,1,比亚迪天神之眼C啥水平？海狮05EV全面评测,30301684299,799.66100,1,25,16777215,2025-06-06 20:09:44,1749211784,0,48c5f5b4,1863282510357261312,小孩孩儿哪有腰啊
BV1Eg7azmEeA,114619020550062,比亚迪天神之眼C啥水平？海狮05EV全面评测,Xauto报告,2025-06-03 18:51:32,31350,86,1,比亚迪天神之眼C啥水平？海狮05EV全面评测,30301684299,575.62300,1,25,16777215,2025-06-06 20:04:06,1749211446,0,b35768e0,1863279679662848000,我这试驾大曲率匝道可以正常领航 收费站前一脚刹车接管出收费站就行
BV1Eg7azmEeA,114619020550062,比亚迪天神之眼C啥水平？海狮05EV全面评测,Xauto报告,2025-06-03 18:51:32,31350,86,1,比亚迪天神之眼C啥水平？海狮05EV全面评测,30301684299,301.73800,1,25,16777215,2025-06-06 19:47:17,1749210437,0,48c5f5b4,1863271214349977344,是经历了啥吗
BV1Eg7azmEeA,114619020550062,比亚迪天神之眼C啥水平？海狮05EV全面评测,Xauto报告,2025-06-03 18:51:32,31350,86,1,比亚迪天神之眼C啥水平？海狮05EV全面评测,30301684299,294.11200,1,25,16777215,2025-06-06 19:46:53,1749210413,0,48c5f5b4,1863271009567240960,副驾姐姐怎么老了这么多
BV1Eg7azmEeA,114619020550062,比亚迪天神之眼C啥水平？海狮05EV全面评测,Xauto报告,2025-06-03 18:51:32,31350,86,1,比亚迪天神之眼C啥水平？海狮05EV全面评测,30301684299,497.39400,1,25,16777215,2025-06-05 14:33:35,1749105215,0,ab169cd8,1862388546392835584,感觉后面好晒啊
BV1Eg7azmEeA,114619020550062,比亚迪天神之眼C啥水平？海狮05EV全面评测,Xauto报告,2025-06-03 18:51:32,31350,86,1,比亚迪天神之眼C啥水平？海狮05EV全面评测,30301684299,396.54200,1,25,16777215,2025-06-05 14:31:43,1749105103,0,ab169cd8,1862387605207913472,啥？它还会自己打喇叭吗？
BV1Eg7azmEeA,114619020550062,比亚迪天神之眼C啥水平？海狮05EV全面评测,Xauto报告,2025-06-03 18:51:32,31350,86,1,比亚迪天神之眼C啥水平？海狮05EV全面评测,30301684299,129.85400,1,25,16777215,2025-06-05 14:26:46,1749104806,0,ab169cd8,1862385117759134976,自动挡几乎没挡，感觉右手远处安放了
BV1Eg7azmEeA,114619020550062,比亚迪天神之眼C啥水平？海狮05EV全面评测,Xauto报告,2025-06-03 18:51:32,31350,86,1,比亚迪天神之眼C啥水平？海狮05EV全面评测,30301684299,539.33000,1,25,16777215,2025-06-05 12:22:27,1749097347,0,7a94f8f9,1862322548256592128,有遮阳帘的，估计是为了架设备不能关
BV1Eg7azmEeA,114619020550062,比亚迪天神之眼C啥水平？海狮05EV全面评测,Xauto报告,2025-06-03 18:51:32,31350,86,1,比亚迪天神之眼C啥水平？海狮05EV全面评测,30301684299,580.63600,1,25,16777215,2025-06-05 09:19:20,1749086360,0,b0992505,1862230377863822848,后排小哥应该打把伞，脸都晒黑了
BV1Eg7azmEeA,114619020550062,比亚迪天神之眼C啥水平？海狮05EV全面评测,Xauto报告,2025-06-03 18:51:32,31350,86,1,比亚迪天神之眼C啥水平？海狮05EV全面评测,30301684299,247.94700,1,25,16777215,2025-06-04 23:16:13,1749050173,0,ca74e332,1861926821646473984,后面有个好猥琐的人
BV1Eg7azmEeA,114619020550062,比亚迪天神之眼C啥水平？海狮05EV全面评测,Xauto报告,2025-06-03 18:51:32,31350,86,1,比亚迪天神之眼C啥水平？海狮05EV全面评测,30301684299,53.51600,1,25,16777215,2025-06-04 22:37:47,1749047867,0,505c6b13,1861907478850391296,这姑娘这一嘴龅牙
BV1Eg7azmEeA,114619020550062,比亚迪天神之眼C啥水平？海狮05EV全面评测,Xauto报告,2025-06-03 18:51:32,31350,86,1,比亚迪天神之眼C啥水平？海狮05EV全面评测,30301684299,397.46800,1,25,16777215,2025-06-04 21:57:02,1749045422,0,59018c74,1861886962957345280,好多特斯拉
BV1Eg7azmEeA,114619020550062,比亚迪天神之眼C啥水平？海狮05EV全面评测,Xauto报告,2025-06-03 18:51:32,31350,86,1,比亚迪天神之眼C啥水平？海狮05EV全面评测,30301684299,131.95800,1,25,16777215,2025-06-04 20:07:41,1749038861,0,83f0caf7,1861831930190912512,我一直设的舒适~
BV1Eg7azmEeA,114619020550062,比亚迪天神之眼C啥水平？海狮05EV全面评测,Xauto报告,2025-06-03 18:51:32,31350,86,1,比亚迪天神之眼C啥水平？海狮05EV全面评测,30301684299,39.82000,1,25,16777215,2025-06-04 20:06:05,1749038765,0,83f0caf7,1861831127686562560,我买回来不到半个月右脚就扭伤了，放了将近一个月，现在用左脚开~
BV1Eg7azmEeA,114619020550062,比亚迪天神之眼C啥水平？海狮05EV全面评测,Xauto报告,2025-06-03 18:51:32,31350,86,1,比亚迪天神之眼C啥水平？海狮05EV全面评测,30301684299,545.22600,1,25,16777215,2025-06-04 13:56:27,1749016587,0,48a42bb3,1861645084518004224,确实晒，这会该关闭椒盐
BV1Eg7azmEeA,114619020550062,比亚迪天神之眼C啥水平？海狮05EV全面评测,Xauto报告,2025-06-03 18:51:32,31350,86,1,比亚迪天神之眼C啥水平？海狮05EV全面评测,30301684299,169.55300,1,25,16777215,2025-06-04 12:47:58,1749012478,0,f54a04ba,1861610608630616576,这几个都是高速时候明显，60码当然不明显
BV1Eg7azmEeA,114619020550062,比亚迪天神之眼C啥水平？海狮05EV全面评测,Xauto报告,2025-06-03 18:51:32,31350,86,1,比亚迪天神之眼C啥水平？海狮05EV全面评测,30301684299,54.10400,1,25,16777215,2025-06-04 12:18:27,1749010707,0,ea6b7470,1861595757463798016,两个人说什么呢
BV1Eg7azmEeA,114619020550062,比亚迪天神之眼C啥水平？海狮05EV全面评测,Xauto报告,2025-06-03 18:51:32,31350,86,1,比亚迪天神之眼C啥水平？海狮05EV全面评测,30301684299,717.02100,1,25,16777215,2025-06-04 10:16:56,1749003416,0,5813d457,1861534598564259584,没有备胎吗？
BV1Eg7azmEeA,114619020550062,比亚迪天神之眼C啥水平？海狮05EV全面评测,Xauto报告,2025-06-03 18:51:32,31350,86,1,比亚迪天神之眼C啥水平？海狮05EV全面评测,30301684299,510.70900,1,25,16777215,2025-06-04 10:07:34,1749002854,0,d64fcf90,1861529883352630016,刚才都没发现后面有个人
BV1Eg7azmEeA,114619020550062,比亚迪天神之眼C啥水平？海狮05EV全面评测,Xauto报告,2025-06-03 18:51:32,31350,86,1,比亚迪天神之眼C啥水平？海狮05EV全面评测,30301684299,11.37200,1,25,16777215,2025-06-04 10:05:15,1749002715,0,e251405b,1861528716028156928,车主：智驾在匝道靠不住
BV1Eg7azmEeA,114619020550062,比亚迪天神之眼C啥水平？海狮05EV全面评测,Xauto报告,2025-06-03 18:51:32,31350,86,1,比亚迪天神之眼C啥水平？海狮05EV全面评测,30301684299,504.38200,1,25,16777215,2025-06-04 09:00:35,1748998835,0,9dd3f208,1861496167188740352,一次ota就好了
BV1Eg7azmEeA,114619020550062,比亚迪天神之眼C啥水平？海狮05EV全面评测,Xauto报告,2025-06-03 18:51:32,31350,86,1,比亚迪天神之眼C啥水平？海狮05EV全面评测,30301684299,31.01400,1,25,16777215,2025-06-04 08:56:35,1748998595,0,d276aece,1861494152211152128,我喜欢宋PLUS
BV1Eg7azmEeA,114619020550062,比亚迪天神之眼C啥水平？海狮05EV全面评测,Xauto报告,2025-06-03 18:51:32,31350,86,1,比亚迪天神之眼C啥水平？海狮05EV全面评测,30301684299,119.54500,1,25,16777215,2025-06-04 08:53:59,1748998439,0,9dd3f208,1861492841768359936,车不谈加速 谈什么？谈有没有收音机？
BV1Eg7azmEeA,114619020550062,比亚迪天神之眼C啥水平？海狮05EV全面评测,Xauto报告,2025-06-03 18:51:32,31350,86,1,比亚迪天神之眼C啥水平？海狮05EV全面评测,30301684299,553.47400,1,25,16777215,2025-06-04 01:25:31,1748971531,0,cc3be4fe,1861267119779069440,昌平？
BV1Eg7azmEeA,114619020550062,比亚迪天神之眼C啥水平？海狮05EV全面评测,Xauto报告,2025-06-03 18:51:32,31350,86,1,比亚迪天神之眼C啥水平？海狮05EV全面评测,30301684299,549.33500,1,25,16777215,2025-06-04 01:25:20,1748971520,0,cc3be4fe,1861267031832825600,后面居然有人
BV1Eg7azmEeA,114619020550062,比亚迪天神之眼C啥水平？海狮05EV全面评测,Xauto报告,2025-06-03 18:51:32,31350,86,1,比亚迪天神之眼C啥水平？海狮05EV全面评测,30301684299,457.14800,1,25,16777215,2025-06-04 00:18:24,1748967504,0,6b861f2e,1861233339592512512,谁家天神这么无能，连匝道都下不去。还天神？？？
BV1Eg7azmEeA,114619020550062,比亚迪天神之眼C啥水平？海狮05EV全面评测,Xauto报告,2025-06-03 18:51:32,31350,86,1,比亚迪天神之眼C啥水平？海狮05EV全面评测,30301684299,26.70300,1,25,16777215,2025-06-03 23:39:30,1748965170,0,60df3091,1861213766059209728,新手专用小车车
BV1Eg7azmEeA,114619020550062,比亚迪天神之眼C啥水平？海狮05EV全面评测,Xauto报告,2025-06-03 18:51:32,31350,86,1,比亚迪天神之眼C啥水平？海狮05EV全面评测,30301684299,59.69500,1,25,16777215,2025-06-03 23:01:32,1748962892,0,4c011770,1861194656692849408,你俩在这开车吗？
BV1Eg7azmEeA,114619020550062,比亚迪天神之眼C啥水平？海狮05EV全面评测,Xauto报告,2025-06-03 18:51:32,31350,86,1,比亚迪天神之眼C啥水平？海狮05EV全面评测,30301684299,244.30500,1,25,16777215,2025-06-03 21:55:02,1748958902,0,fc3bb6cc,1861161181273008384,才发现后边原来有人啊
BV1Eg7azmEeA,114619020550062,比亚迪天神之眼C啥水平？海狮05EV全面评测,Xauto报告,2025-06-03 18:51:32,31350,86,1,比亚迪天神之眼C啥水平？海狮05EV全面评测,30301684299,92.62800,1,25,16777215,2025-06-03 21:03:00,1748955780,0,cc607135,1861134994077568000,驾驶模式不能用语音调吗？方便啊。
BV1Eg7azmEeA,114619020550062,比亚迪天神之眼C啥水平？海狮05EV全面评测,Xauto报告,2025-06-03 18:51:32,31350,86,1,比亚迪天神之眼C啥水平？海狮05EV全面评测,30301684299,48.56800,1,25,16777215,2025-06-03 19:52:51,1748951571,0,79a7644c,1861099689689316096,手感不错
BV1Eg7azmEeA,114619020550062,比亚迪天神之眼C啥水平？海狮05EV全面评测,Xauto报告,2025-06-03 18:51:32,31350,86,1,比亚迪天神之眼C啥水平？海狮05EV全面评测,30301684299,0.25500,1,25,16777215,2025-06-03 19:47:10,1748951230,0,2bde909b,1861096828670353920,底盘几年锈？
BV1Ciuh6HEqz,117054149560309,海狮05DMI305顶配！天神之眼C差点车毁人亡。,阿涛哥0608,2026-08-07 20:14:58,81156,932,1,1786104471774,40689272297,8.89000,1,25,16777215,2026-08-08 12:17:53,1786162673,0,b1c82f72,2173249035770339584,这个变道何意味？
BV1Ciuh6HEqz,117054149560309,海狮05DMI305顶配！天神之眼C差点车毁人亡。,阿涛哥0608,2026-08-07 20:14:58,81156,932,1,1786104471774,40689272297,25.02600,1,25,16707842,2026-08-11 10:53:10,1786416790,0,69c6603,2175380721328500480,大家散了吧，就是一个简单的抢夺方向盘事件
BV1Ciuh6HEqz,117054149560309,海狮05DMI305顶配！天神之眼C差点车毁人亡。,阿涛哥0608,2026-08-07 20:14:58,81156,932,1,1786104471774,40689272297,1.93100,1,25,16777215,2026-08-10 11:45:17,1786333517,0,2c3ff87,2174682179517795328,你真敢用啊
BV1Ciuh6HEqz,117054149560309,海狮05DMI305顶配！天神之眼C差点车毁人亡。,阿涛哥0608,2026-08-07 20:14:58,81156,932,1,1786104471774,40689272297,87.46400,1,25,16777215,2026-08-10 11:20:34,1786332034,0,6af6dd52,2174669736846793728,比亚迪abc都不兜高速，前面说兜底的何意味
BV1Ciuh6HEqz,117054149560309,海狮05DMI305顶配！天神之眼C差点车毁人亡。,阿涛哥0608,2026-08-07 20:14:58,81156,932,1,1786104471774,40689272297,14.97500,1,25,16777215,2026-08-10 10:44:21,1786329861,0,f9feec15,2174651509106196992,开船呢？？？？？？？？？？
BV1Ciuh6HEqz,117054149560309,海狮05DMI305顶配！天神之眼C差点车毁人亡。,阿涛哥0608,2026-08-07 20:14:58,81156,932,1,1786104471774,40689272297,42.98000,1,25,16777215,2026-08-10 09:57:22,1786327042,0,403b86df,2174627862182242304,高速变道这么快吗
BV1Ciuh6HEqz,117054149560309,海狮05DMI305顶配！天神之眼C差点车毁人亡。,阿涛哥0608,2026-08-07 20:14:58,81156,932,1,1786104471774,40689272297,38.79700,1,25,16777215,2026-08-14 08:15:39,1786666539,0,3580bc43,2177475770741159168,试过好些国产智驾，变道和跟车的刹车都是很突兀的
BV1Ciuh6HEqz,117054149560309,海狮05DMI305顶配！天神之眼C差点车毁人亡。,阿涛哥0608,2026-08-07 20:14:58,81156,932,1,1786104471774,40689272297,7.29100,1,25,16777215,2026-08-11 11:37:28,1786419448,0,6152201f,2175403016855784448,我海豹买回来连智驾都没敢激活，你真敢用啊
BV1Ciuh6HEqz,117054149560309,海狮05DMI305顶配！天神之眼C差点车毁人亡。,阿涛哥0608,2026-08-07 20:14:58,81156,932,1,1786104471774,40689272297,13.53700,1,25,16777215,2026-08-10 23:25:27,1786375527,0,d8e04e93,2175034586701720064,回原车道还是撞墙
BV1Ciuh6HEqz,117054149560309,海狮05DMI305顶配！天神之眼C差点车毁人亡。,阿涛哥0608,2026-08-07 20:14:58,81156,932,1,1786104471774,40689272297,12.73400,1,25,16777215,2026-08-10 10:47:41,1786330061,0,a5b9c864,2174653185644982784,跟智驾抢方向盘？
BV1Ciuh6HEqz,117054149560309,海狮05DMI305顶配！天神之眼C差点车毁人亡。,阿涛哥0608,2026-08-07 20:14:58,81156,932,1,1786104471774,40689272297,85.98500,1,25,16777215,2026-08-09 21:07:07,1786280827,0,65915511,2174240180960509184,比亚迪智驾兜底只兜底 a和b
BV1Ciuh6HEqz,117054149560309,海狮05DMI305顶配！天神之眼C差点车毁人亡。,阿涛哥0608,2026-08-07 20:14:58,81156,932,1,1786104471774,40689272297,1.28600,1,25,16777215,2026-08-08 20:43:12,1786192992,0,39986fdb,2173503371628437248,佛山高明富湾大桥
BV1Ciuh6HEqz,117054149560309,海狮05DMI305顶配！天神之眼C差点车毁人亡。,阿涛哥0608,2026-08-07 20:14:58,81156,932,1,1786104471774,40689272297,7.91700,1,25,16777215,2026-08-08 15:36:55,1786174615,0,cabb26b,2173349212602494464,车开始变道，但发现右边货车有向左变道的“倾向”，所以“取消变道”，“回归原车道”而已
BV1Ciuh6HEqz,117054149560309,海狮05DMI305顶配！天神之眼C差点车毁人亡。,阿涛哥0608,2026-08-07 20:14:58,81156,932,1,1786104471774,40689272297,24.40200,1,25,15138834,2026-09-27 10:21:57,1790475717,0,cdfefbfd,2209429468253858304,？
BV1Ciuh6HEqz,117054149560309,海狮05DMI305顶配！天神之眼C差点车毁人亡。,阿涛哥0608,2026-08-07 20:14:58,81156,932,1,1786104471774,40689272297,21.89200,1,25,16777215,2026-09-19 18:20:45,1789813245,0,cfb72986,2203872249386560768,天神C哪有兜底啊
BV1Ciuh6HEqz,117054149560309,海狮05DMI305顶配！天神之眼C差点车毁人亡。,阿涛哥0608,2026-08-07 20:14:58,81156,932,1,1786104471774,40689272297,87.13900,1,25,16777215,2026-09-17 00:05:10,1789574710,0,9713c10f,2201871273515401728,[pppppppppppp
BV1Ciuh6HEqz,117054149560309,海狮05DMI305顶配！天神之眼C差点车毁人亡。,阿涛哥0608,2026-08-07 20:14:58,81156,932,1,1786104471774,40689272297,15.82800,5,25,16707842,2026-09-15 17:41:19,1789465279,0,d78645bc,2200953303150516992,能把命交给智驾的人，别害到无辜路人就行
BV1Ciuh6HEqz,117054149560309,海狮05DMI305顶配！天神之眼C差点车毁人亡。,阿涛哥0608,2026-08-07 20:14:58,81156,932,1,1786104471774,40689272297,66.94000,1,25,16777215,2026-09-10 23:56:29,1789055789,0,af21975d,2197518248898814976,这还车多啊？
BV1Ciuh6HEqz,117054149560309,海狮05DMI305顶配！天神之眼C差点车毁人亡。,阿涛哥0608,2026-08-07 20:14:58,81156,932,1,1786104471774,40689272297,54.16000,1,25,16777215,2026-09-10 17:05:59,1789031159,0,8f64a04c,2197311636569297408,车很多的情况下，我是不会用任何自驾或定速巡航自适应巡航之类的功能的车太多，还是相信人工。
BV1Ciuh6HEqz,117054149560309,海狮05DMI305顶配！天神之眼C差点车毁人亡。,阿涛哥0608,2026-08-07 20:14:58,81156,932,1,1786104471774,40689272297,46.21700,1,25,16777215,2026-09-10 10:55:05,1789008905,0,4aa4da07,2197124962215732480,人没事就好
BV1Ciuh6HEqz,117054149560309,海狮05DMI305顶配！天神之眼C差点车毁人亡。,阿涛哥0608,2026-08-07 20:14:58,81156,932,1,1786104471774,40689272297,14.18700,1,25,16777215,2026-09-01 13:11:55,1788239515,0,4d79c51c,2190670848095688704,有兜底，让比亚迪复活
BV1Ciuh6HEqz,117054149560309,海狮05DMI305顶配！天神之眼C差点车毁人亡。,阿涛哥0608,2026-08-07 20:14:58,81156,932,1,1786104471774,40689272297,5.54600,1,25,16777215,2026-09-01 02:19:25,1788200365,0,edaf9dd2,2190342431566909696,注意看这里右转灯亮了，车是要变到中间车道，远离前车和护栏，up自己抢方向盘
BV1Ciuh6HEqz,117054149560309,海狮05DMI305顶配！天神之眼C差点车毁人亡。,阿涛哥0608,2026-08-07 20:14:58,81156,932,1,1786104471774,40689272297,18.83900,1,25,16777215,2026-08-31 18:43:55,1788173035,0,27a4fe09,2190113176597786368,这不是我们最安全最智能的国产电瓶车吗
BV1Ciuh6HEqz,117054149560309,海狮05DMI305顶配！天神之眼C差点车毁人亡。,阿涛哥0608,2026-08-07 20:14:58,81156,932,1,1786104471774,40689272297,20.02900,1,25,16777215,2026-08-31 00:33:33,1788107613,0,8e64bdc7,2189564373830521088,绝对是抢方向
BV1Ciuh6HEqz,117054149560309,海狮05DMI305顶配！天神之眼C差点车毁人亡。,阿涛哥0608,2026-08-07 20:14:58,81156,932,1,1786104471774,40689272297,17.22000,1,25,16777215,2026-08-28 17:09:24,1787908164,0,1e70179e,2187891274127022080,吊事没有就差点车毁人亡？
BV1Ciuh6HEqz,117054149560309,海狮05DMI305顶配！天神之眼C差点车毁人亡。,阿涛哥0608,2026-08-07 20:14:58,81156,932,1,1786104471774,40689272297,63.38300,1,25,16777215,2026-08-27 08:56:58,1787792218,0,2055c627,2186918648173014784,比亚迪就是图便宜，还真敢用智驾
BV1Ciuh6HEqz,117054149560309,海狮05DMI305顶配！天神之眼C差点车毁人亡。,阿涛哥0608,2026-08-07 20:14:58,81156,932,1,1786104471774,40689272297,0.00000,1,25,16777215,2026-08-25 16:38:47,1787647127,0,a8ddda1f,2185701538084161536,买到正版了
BV1Ciuh6HEqz,117054149560309,海狮05DMI305顶配！天神之眼C差点车毁人亡。,阿涛哥0608,2026-08-07 20:14:58,81156,932,1,1786104471774,40689272297,34.04700,1,25,16777215,2026-08-25 01:24:40,1787592280,0,e5fb36e7,2185241451741713920,正品比亚迪
BV1Ciuh6HEqz,117054149560309,海狮05DMI305顶配！天神之眼C差点车毁人亡。,阿涛哥0608,2026-08-07 20:14:58,81156,932,1,1786104471774,40689272297,3.95900,1,25,16777215,2026-08-23 13:26:20,1787462780,0,470407,2184155120706235392,记录仪卡死了
BV1Ciuh6HEqz,117054149560309,海狮05DMI305顶配！天神之眼C差点车毁人亡。,阿涛哥0608,2026-08-07 20:14:58,81156,932,1,1786104471774,40689272297,7.32300,1,25,16777215,2026-08-14 15:03:23,1786691003,0,77b8195e,2177680987357054208,有啥不敢用。好用的很
BV1Ciuh6HEqz,117054149560309,海狮05DMI305顶配！天神之眼C差点车毁人亡。,阿涛哥0608,2026-08-07 20:14:58,81156,932,1,1786104471774,40689272297,95.19700,1,25,16777215,2026-08-14 08:52:05,1786668725,0,35b693ef,2177494109370563840,笛子不是只兜底泊车么
BV1Ciuh6HEqz,117054149560309,海狮05DMI305顶配！天神之眼C差点车毁人亡。,阿涛哥0608,2026-08-07 20:14:58,81156,932,1,1786104471774,40689272297,12.73000,1,25,16777215,2026-08-14 08:13:38,1786666418,0,3580bc43,2177474754176039168,遥遥领先都敢用
BV1Ciuh6HEqz,117054149560309,海狮05DMI305顶配！天神之眼C差点车毁人亡。,阿涛哥0608,2026-08-07 20:14:58,81156,932,1,1786104471774,40689272297,14.70800,1,25,16777215,2026-08-13 23:04:08,1786633448,0,c281b7a3,2177198183539714560,为啥打右转向灯
BV1Ciuh6HEqz,117054149560309,海狮05DMI305顶配！天神之眼C差点车毁人亡。,阿涛哥0608,2026-08-07 20:14:58,81156,932,1,1786104471774,40689272297,4.54000,1,25,16777215,2026-08-13 07:09:26,1786576166,0,5512bcd0,2176717661902638848,相信国产，你这辈子有了
BV1Ciuh6HEqz,117054149560309,海狮05DMI305顶配！天神之眼C差点车毁人亡。,阿涛哥0608,2026-08-07 20:14:58,81156,932,1,1786104471774,40689272297,32.10100,5,25,16777215,2026-08-12 18:09:30,1786529370,0,dfc4f5c,2176325109576022528,他还在录
BV1Ciuh6HEqz,117054149560309,海狮05DMI305顶配！天神之眼C差点车毁人亡。,阿涛哥0608,2026-08-07 20:14:58,81156,932,1,1786104471774,40689272297,5.78600,1,25,16777215,2026-08-12 11:06:45,1786504005,0,f57a121a,2176112336308717056,不会听了迪迪兜兜就真敢用吧
BV1Ciuh6HEqz,117054149560309,海狮05DMI305顶配！天神之眼C差点车毁人亡。,阿涛哥0608,2026-08-07 20:14:58,81156,932,1,1786104471774,40689272297,8.26800,1,25,16777215,2026-08-11 11:52:25,1786420345,0,15d808f1,2175410543408581888,泰迪快来护主
BV1Ciuh6HEqz,117054149560309,海狮05DMI305顶配！天神之眼C差点车毁人亡。,阿涛哥0608,2026-08-07 20:14:58,81156,932,1,1786104471774,40689272297,13.10100,1,25,16777215,2026-08-10 13:25:59,1786339559,0,508f19eb,2174732858831906304,用过天神之眼的都知道这是啥情况，你敢说你没往左抢方向？
BV1Ciuh6HEqz,117054149560309,海狮05DMI305顶配！天神之眼C差点车毁人亡。,阿涛哥0608,2026-08-07 20:14:58,81156,932,1,1786104471774,40689272297,22.45400,1,25,16777215,2026-08-10 12:47:18,1786337238,0,b7d91cb6,2174713389904198144,理想l 8也这样，遇到好几次了。
BV1Ciuh6HEqz,117054149560309,海狮05DMI305顶配！天神之眼C差点车毁人亡。,阿涛哥0608,2026-08-07 20:14:58,81156,932,1,1786104471774,40689272297,7.72700,1,25,16777215,2026-08-10 11:52:32,1786333952,0,a879854,2174685823612957952,高速都不能用会出事故，就不怕市区出事故撞死一片人？智驾在高速/封闭快速路可用是基础能力，做好了才能在市区再提可用的事
BV1Ciuh6HEqz,117054149560309,海狮05DMI305顶配！天神之眼C差点车毁人亡。,阿涛哥0608,2026-08-07 20:14:58,81156,932,1,1786104471774,40689272297,7.94300,1,25,16777215,2026-08-10 11:18:36,1786331916,0,6af6dd52,2174668750002617600,扯淡，高速都搞不定，还想市区高快用，市区普通路段是用不了的
BV1Ciuh6HEqz,117054149560309,海狮05DMI305顶配！天神之眼C差点车毁人亡。,阿涛哥0608,2026-08-07 20:14:58,81156,932,1,1786104471774,40689272297,13.24800,1,25,16777215,2026-08-10 10:46:17,1786329977,0,67538c13,2174652486387021824,碰撞避让，跟智驾系统冲突了
BV1Ciuh6HEqz,117054149560309,海狮05DMI305顶配！天神之眼C差点车毁人亡。,阿涛哥0608,2026-08-07 20:14:58,81156,932,1,1786104471774,40689272297,32.70400,1,25,16777215,2026-08-10 10:44:40,1786329880,0,f9feec15,2174651665083807488,我问你 是不是在开船？
BV1Ciuh6HEqz,117054149560309,海狮05DMI305顶配！天神之眼C差点车毁人亡。,阿涛哥0608,2026-08-07 20:14:58,81156,932,1,1786104471774,40689272297,21.45400,1,25,16777215,2026-08-09 18:08:55,1786270135,0,b5d096b6,2174150489426692608,友商死士？
BV1Ciuh6HEqz,117054149560309,海狮05DMI305顶配！天神之眼C差点车毁人亡。,阿涛哥0608,2026-08-07 20:14:58,81156,932,1,1786104471774,40689272297,13.70800,1,25,16777215,2026-08-09 16:56:14,1786265774,0,1426c737,2174113906447155712,？
BV1Ciuh6HEqz,117054149560309,海狮05DMI305顶配！天神之眼C差点车毁人亡。,阿涛哥0608,2026-08-07 20:14:58,81156,932,1,1786104471774,40689272297,24.11700,1,25,16777215,2026-08-09 16:34:21,1786264461,0,7f6381ac,2174102894092512000,零差评
BV1Ciuh6HEqz,117054149560309,海狮05DMI305顶配！天神之眼C差点车毁人亡。,阿涛哥0608,2026-08-07 20:14:58,81156,932,1,1786104471774,40689272297,12.83900,1,25,16777215,2026-08-09 13:01:18,1786251678,0,947fcd6a,2173995663632034048,前面的，这都能洗 牛
BV1Ciuh6HEqz,117054149560309,海狮05DMI305顶配！天神之眼C差点车毁人亡。,阿涛哥0608,2026-08-07 20:14:58,81156,932,1,1786104471774,40689272297,21.27700,1,25,16777215,2026-08-09 09:24:58,1786238698,0,374213c7,2173886782663060992,感觉车上坐的不是人
BV1Ciuh6HEqz,117054149560309,海狮05DMI305顶配！天神之眼C差点车毁人亡。,阿涛哥0608,2026-08-07 20:14:58,81156,932,1,1786104471774,40689272297,12.85300,1,25,16777215,2026-08-09 09:08:42,1786237722,0,c9ef7687,2173878595372462336,太靠近左边了
BV1Ciuh6HEqz,117054149560309,海狮05DMI305顶配！天神之眼C差点车毁人亡。,阿涛哥0608,2026-08-07 20:14:58,81156,932,1,1786104471774,40689272297,18.95900,1,25,16777215,2026-08-09 08:21:09,1786234869,0,185eeef1,2173854658832584704,而已？你们泰迪口中的命不是命？
BV1Ciuh6HEqz,117054149560309,海狮05DMI305顶配！天神之眼C差点车毁人亡。,阿涛哥0608,2026-08-07 20:14:58,81156,932,1,1786104471774,40689272297,36.10400,1,25,16777215,2026-08-09 01:31:30,1786210290,0,350f271a,2173648472753007872,C给你兜底个毛线，B才兜底
BV1Ciuh6HEqz,117054149560309,海狮05DMI305顶配！天神之眼C差点车毁人亡。,阿涛哥0608,2026-08-07 20:14:58,81156,932,1,1786104471774,40689272297,20.01900,1,25,16777215,2026-08-08 16:29:46,1786177786,0,78f557b2,2173375811015748352,没事，到那边的话找比亚迪给你兜底
BV1Ciuh6HEqz,117054149560309,海狮05DMI305顶配！天神之眼C差点车毁人亡。,阿涛哥0608,2026-08-07 20:14:58,81156,932,1,1786104471774,40689272297,19.17100,1,25,16777215,2026-08-08 15:51:29,1786175489,0,3f5ed847,2173356546519118592,亡就亡了，比亚迪兜底
BV1LMVh6jExe,116657032992700,比亚迪天神之眼C不是记忆领航的新功能终于官宣无图端到端,兔头哥聊智驾,2026-05-29 17:03:33,18528,206,1,比亚迪天神之眼C不是记忆领航的新功能终于官宣无图端到端,38695929938,66.15300,1,25,16777215,2026-06-15 14:40:59,1781505659,0,ccecd905,2134183168893739264,意思还是高快领航
BV1LMVh6jExe,116657032992700,比亚迪天神之眼C不是记忆领航的新功能终于官宣无图端到端,兔头哥聊智驾,2026-05-29 17:03:33,18528,206,1,比亚迪天神之眼C不是记忆领航的新功能终于官宣无图端到端,38695929938,65.10200,1,25,16777215,2026-06-03 17:19:56,1780478396,0,895646f9,2125565865050373632,做好人车共驾也行
BV1LMVh6jExe,116657032992700,比亚迪天神之眼C不是记忆领航的新功能终于官宣无图端到端,兔头哥聊智驾,2026-05-29 17:03:33,18528,206,1,比亚迪天神之眼C不是记忆领航的新功能终于官宣无图端到端,38695929938,58.39300,1,25,16777215,2026-06-03 08:56:10,1780448170,0,fbef4212,2125312305524408832,不是比亚迪当时号称新的平台是可以换芯片的吗？
BV1LMVh6jExe,116657032992700,比亚迪天神之眼C不是记忆领航的新功能终于官宣无图端到端,兔头哥聊智驾,2026-05-29 17:03:33,18528,206,1,比亚迪天神之眼C不是记忆领航的新功能终于官宣无图端到端,38695929938,50.44800,1,25,16777215,2026-05-29 19:46:37,1780055197,0,7a622967,2122015812990107904,fsd
BV1LMVh6jExe,116657032992700,比亚迪天神之眼C不是记忆领航的新功能终于官宣无图端到端,兔头哥聊智驾,2026-05-29 17:03:33,18528,206,1,比亚迪天神之眼C不是记忆领航的新功能终于官宣无图端到端,38695929938,33.13400,1,25,16777215,2026-05-29 18:11:59,1780049519,0,e7daa0d0,2121968178732344832,分三六九等，最低等的无激光雷达真敢用吗
BV1SNDDBUERa,116389402644786,天神之眼B 钛7智驾实测稳如老司机,李益斌,2026-04-12 10:36:53,17268,37,1,天神之眼B 钛7智驾实测稳如老司机,37436196022,56.33900,1,25,16777215,2026-04-24 20:51:16,1777035076,0,c8075c4b,2096681202034846720,别人虚线变道，礼让是一种文明，试想一下如果变道的是你呢？
BV1SNDDBUERa,116389402644786,天神之眼B 钛7智驾实测稳如老司机,李益斌,2026-04-12 10:36:53,17268,37,1,天神之眼B 钛7智驾实测稳如老司机,37436196022,58.78000,1,25,16777215,2026-05-28 16:26:24,1779956784,0,2e625ace,2121190265498165760,←说这话的没在北京早晚高峰开过车
BV1SNDDBUERa,116389402644786,天神之眼B 钛7智驾实测稳如老司机,李益斌,2026-04-12 10:36:53,17268,37,1,天神之眼B 钛7智驾实测稳如老司机,37436196022,17.76500,1,25,16777215,2026-05-19 21:48:26,1779198506,0,bc4d23c9,2114829369406705920,老李
BV1SNDDBUERa,116389402644786,天神之眼B 钛7智驾实测稳如老司机,李益斌,2026-04-12 10:36:53,17268,37,1,天神之眼B 钛7智驾实测稳如老司机,37436196022,282.87100,1,25,15138834,2026-05-08 17:20:20,1778232020,0,b6a7e8fd,2106721898364240640,你也是厉害，都快晚上九点了才出来测，这时候能有多少车
BV1SNDDBUERa,116389402644786,天神之眼B 钛7智驾实测稳如老司机,李益斌,2026-04-12 10:36:53,17268,37,1,天神之眼B 钛7智驾实测稳如老司机,37436196022,68.97200,5,25,16707842,2026-04-29 23:51:02,1777477862,0,b199f68e,2100395562985358336,礼让尼玛，变道要在不影响直行车辆的情况下，驾照买的吗？
BV1SNDDBUERa,116389402644786,天神之眼B 钛7智驾实测稳如老司机,李益斌,2026-04-12 10:36:53,17268,37,1,天神之眼B 钛7智驾实测稳如老司机,37436196022,194.00300,1,25,16777215,2026-04-13 10:23:14,1776046994,0,7b649efd,2088392569356237824,压实线了嘿
BV1SNDDBUERa,116389402644786,天神之眼B 钛7智驾实测稳如老司机,李益斌,2026-04-12 10:36:53,17268,37,1,天神之眼B 钛7智驾实测稳如老司机,37436196022,177.35000,1,25,16777215,2026-04-12 19:22:29,1775992949,0,c61bfd5d,2087939207850286080,c在高速变道的时候，我觉得方向盘幅度太大。
BV1pDaPz2E78,115134332672956,天神之眼C设置指南,未来不写日记,2025-09-02 18:58:36,26601,195,1,1756810282742,32113953744,508.64700,1,25,16777215,2025-09-03 22:30:01,1756909801,0,84b2e707,1927858155023979008,并非能够 路上压线开的可多了
BV1pDaPz2E78,115134332672956,天神之眼C设置指南,未来不写日记,2025-09-02 18:58:36,26601,195,1,1756810282742,32113953744,545.17700,1,25,16777215,2025-09-24 09:07:32,1758676052,0,23d874a0,1942674550303167744,这玩意开着你会感觉你的车有自己想法，不受你控制
BV1pDaPz2E78,115134332672956,天神之眼C设置指南,未来不写日记,2025-09-02 18:58:36,26601,195,1,1756810282742,32113953744,291.71900,1,25,16777215,2025-09-04 08:54:25,1756947265,0,c7124bc7,1928172429600545024,开车变道本来就应该快，且途中应该提高速度加快并线
BV1pDaPz2E78,115134332672956,天神之眼C设置指南,未来不写日记,2025-09-02 18:58:36,26601,195,1,1756810282742,32113953744,53.88600,1,25,16777215,2025-09-03 07:51:13,1756857073,0,bdfeda2d,1927415848461652736,讲得很清晰，比官方视频更好理解，感谢
BV1pDaPz2E78,115134332672956,天神之眼C设置指南,未来不写日记,2025-09-02 18:58:36,26601,195,1,1756810282742,32113953744,609.10600,1,25,16777215,2026-09-01 19:46:44,1788263204,0,192c409a,2190869567474759680,不会反复哦，它会退出给你接管，认为权利更大
BV1pDaPz2E78,115134332672956,天神之眼C设置指南,未来不写日记,2025-09-02 18:58:36,26601,195,1,1756810282742,32113953744,133.77700,1,25,16777215,2026-09-01 18:35:50,1788258950,0,192c409a,2190833877454042368,这个还是自己调比较好
BV1pDaPz2E78,115134332672956,天神之眼C设置指南,未来不写日记,2025-09-02 18:58:36,26601,195,1,1756810282742,32113953744,365.88700,1,25,16777215,2026-06-21 12:40:28,1782016828,0,95eef9a,2138471164719615744,后方很有用，现在电动车都飞快，有时候你看了他还没出现，你要倒的时候，他已经到你车屁股了
BV1pDaPz2E78,115134332672956,天神之眼C设置指南,未来不写日记,2025-09-02 18:58:36,26601,195,1,1756810282742,32113953744,490.79200,1,25,16777215,2026-05-06 00:53:43,1778000023,0,b0c24f71,2104775761231173888,对
BV1pDaPz2E78,115134332672956,天神之眼C设置指南,未来不写日记,2025-09-02 18:58:36,26601,195,1,1756810282742,32113953744,475.75400,1,25,16777215,2026-04-10 01:11:48,1775754708,0,4ee143f9,2085940698934306304,我被扯过两次
BV1pDaPz2E78,115134332672956,天神之眼C设置指南,未来不写日记,2025-09-02 18:58:36,26601,195,1,1756810282742,32113953744,557.51800,1,25,16777215,2026-02-22 23:20:55,1771773655,0,af7f8b7d,2052545204976274944,我开的振动，感觉挺好的
BV1pDaPz2E78,115134332672956,天神之眼C设置指南,未来不写日记,2025-09-02 18:58:36,26601,195,1,1756810282742,32113953744,539.14100,1,25,16777215,2026-02-21 23:23:17,1771687397,0,ed1498bc,2051821621744338944,前面那个变道不打灯的自己跳出来了
BV1pDaPz2E78,115134332672956,天神之眼C设置指南,未来不写日记,2025-09-02 18:58:36,26601,195,1,1756810282742,32113953744,286.56000,1,25,16777215,2026-02-15 16:57:37,1771145857,0,59b9d48d,2047278855815120384,僭越主人意图
BV1pDaPz2E78,115134332672956,天神之眼C设置指南,未来不写日记,2025-09-02 18:58:36,26601,195,1,1756810282742,32113953744,202.49900,1,25,16777215,2026-01-26 13:15:40,1769404540,0,2d496627,2032671626793348096,自己看情况拨杆变道就行
BV1pDaPz2E78,115134332672956,天神之眼C设置指南,未来不写日记,2025-09-02 18:58:36,26601,195,1,1756810282742,32113953744,554.85000,1,25,16777215,2025-11-25 01:09:04,1764004144,0,455f3655,1987369818047043072,正常变道还振动的说明你变道不打方向
BV1pDaPz2E78,115134332672956,天神之眼C设置指南,未来不写日记,2025-09-02 18:58:36,26601,195,1,1756810282742,32113953744,617.15200,1,25,16777215,2025-11-22 18:37:09,1763807829,0,8b336b2a,1985723015404573696,轻踩刹车退出就好了
BV1pDaPz2E78,115134332672956,天神之眼C设置指南,未来不写日记,2025-09-02 18:58:36,26601,195,1,1756810282742,32113953744,189.54000,1,25,16777215,2025-11-22 18:31:09,1763807469,0,8b336b2a,1985719989885403648,哈哈笛子的智驾还是不要调那么激进
BV1pDaPz2E78,115134332672956,天神之眼C设置指南,未来不写日记,2025-09-02 18:58:36,26601,195,1,1756810282742,32113953744,523.33900,5,25,16777215,2025-11-03 13:54:48,1762149288,0,274fe2f3,1971810162838902272,不打灯变道的人，会被车子抢方向盘
BV1pDaPz2E78,115134332672956,天神之眼C设置指南,未来不写日记,2025-09-02 18:58:36,26601,195,1,1756810282742,32113953744,135.15400,1,25,16777215,2025-10-31 21:04:16,1761915856,0,1470ff48,1969851995116438272,哈哈，马上自救
BV1pDaPz2E78,115134332672956,天神之眼C设置指南,未来不写日记,2025-09-02 18:58:36,26601,195,1,1756810282742,32113953744,410.68400,1,25,16777215,2025-10-20 20:34:50,1760963690,0,36b6d73c,1961864648303265792,离得远的电瓶车也会提示
BV1pDaPz2E78,115134332672956,天神之眼C设置指南,未来不写日记,2025-09-02 18:58:36,26601,195,1,1756810282742,32113953744,510.10600,1,25,16777215,2025-10-13 23:45:59,1760370359,0,17e47bd6,1956887427122067712,开轿车可以 开SUV就保持不了
BV1pDaPz2E78,115134332672956,天神之眼C设置指南,未来不写日记,2025-09-02 18:58:36,26601,195,1,1756810282742,32113953744,298.91500,1,25,16777215,2025-10-01 15:19:34,1759303174,0,5f90910d,1947935228949947392,对的，太吓人了，说变就变
BV1pDaPz2E78,115134332672956,天神之眼C设置指南,未来不写日记,2025-09-02 18:58:36,26601,195,1,1756810282742,32113953744,200.93200,1,25,16777215,2025-09-22 12:30:50,1758515450,0,d1081882,1941327316722447616,不可能不开，跟在龟速车后面是很危险的
BV1pDaPz2E78,115134332672956,天神之眼C设置指南,未来不写日记,2025-09-02 18:58:36,26601,195,1,1756810282742,32113953744,619.97300,1,25,16777215,2025-09-20 00:51:49,1758300709,0,1127d6cc,1939525941102119424,天神之眼C其实确实是得人车共驾，多开多用多琢磨就会明白怎样才开的顺溜
BV1pDaPz2E78,115134332672956,天神之眼C设置指南,未来不写日记,2025-09-02 18:58:36,26601,195,1,1756810282742,32113953744,538.16300,1,25,16777215,2025-09-20 00:48:18,1758300498,0,1127d6cc,1939524167641089792,前面建议关闭的项，你试一次就知道多惊吓了，你不关算我输
BV1pDaPz2E78,115134332672956,天神之眼C设置指南,未来不写日记,2025-09-02 18:58:36,26601,195,1,1756810282742,32113953744,529.93000,1,25,16777215,2025-09-20 00:44:44,1758300284,0,1127d6cc,1939522374265773056,车道偏离辅助确实可以关闭，变道或者压线的时候总感觉车子在跟你抢方向，纠偏更甚
BV1pDaPz2E78,115134332672956,天神之眼C设置指南,未来不写日记,2025-09-02 18:58:36,26601,195,1,1756810282742,32113953744,576.27500,1,25,16777215,2025-09-19 20:41:51,1758285711,0,44659a08,1939400125898326016,开提醒就好
BV1pDaPz2E78,115134332672956,天神之眼C设置指南,未来不写日记,2025-09-02 18:58:36,26601,195,1,1756810282742,32113953744,565.21300,1,25,16777215,2025-09-19 20:41:40,1758285700,0,44659a08,1939400032876897280,车道偏离很好用，救了我好几次，不然刮树枝了
BV1pDaPz2E78,115134332672956,天神之眼C设置指南,未来不写日记,2025-09-02 18:58:36,26601,195,1,1756810282742,32113953744,555.38100,1,25,16777215,2025-09-19 20:15:06,1758284106,0,84d86fe6,1939386668507687168,千万不要开纠偏，就开震动就行
BV1pDaPz2E78,115134332672956,天神之眼C设置指南,未来不写日记,2025-09-02 18:58:36,26601,195,1,1756810282742,32113953744,198.15300,1,25,16777215,2025-09-19 20:12:12,1758283932,0,84d86fe6,1939385208453305344,建议打开
BV1pDaPz2E78,115134332672956,天神之眼C设置指南,未来不写日记,2025-09-02 18:58:36,26601,195,1,1756810282742,32113953744,432.26100,1,25,16777215,2025-09-19 10:46:50,1758250010,0,1fbf0013,1939100643675570944,"这块我开的视觉,想变道自然就看后视镜"
BV1pDaPz2E78,115134332672956,天神之眼C设置指南,未来不写日记,2025-09-02 18:58:36,26601,195,1,1756810282742,32113953744,450.10300,1,25,16777215,2025-09-10 21:15:02,1757510102,0,37bc01b5,1932893845105366528,弯道超速提醒建议关了  烦死人
BV1pDaPz2E78,115134332672956,天神之眼C设置指南,未来不写日记,2025-09-02 18:58:36,26601,195,1,1756810282742,32113953744,291.34000,1,25,16777215,2025-09-10 21:12:23,1757509943,0,37bc01b5,1932892513086743296,对  太突然了
BV1pDaPz2E78,115134332672956,天神之眼C设置指南,未来不写日记,2025-09-02 18:58:36,26601,195,1,1756810282742,32113953744,111.89900,1,25,16777215,2025-09-09 17:29:09,1757410149,0,cafcf0cd,1932055379332576000,非战斗人员请撤离
BV1pDaPz2E78,115134332672956,天神之眼C设置指南,未来不写日记,2025-09-02 18:58:36,26601,195,1,1756810282742,32113953744,412.39600,1,25,16777215,2025-09-08 19:10:37,1757329837,0,d1d9163e,1931381677415441664,其实油箱盖附件也是盲区
BV1pDaPz2E78,115134332672956,天神之眼C设置指南,未来不写日记,2025-09-02 18:58:36,26601,195,1,1756810282742,32113953744,284.03000,1,25,16777215,2025-09-08 19:09:20,1757329760,0,d1d9163e,1931381026820181248,详细就是傻鸟
BV1pDaPz2E78,115134332672956,天神之眼C设置指南,未来不写日记,2025-09-02 18:58:36,26601,195,1,1756810282742,32113953744,156.14000,1,25,16777215,2025-09-07 13:32:15,1757223135,0,ec96eb70,1930486598177846784,学习了
BV1pDaPz2E78,115134332672956,天神之眼C设置指南,未来不写日记,2025-09-02 18:58:36,26601,195,1,1756810282742,32113953744,533.04100,1,25,16777215,2025-09-07 12:09:39,1757218179,0,61ce8e56,1930445024295224832,好几个很实用的功能，居然建议关闭，那买带辅助驾驶的车干嘛…
BV1pDaPz2E78,115134332672956,天神之眼C设置指南,未来不写日记,2025-09-02 18:58:36,26601,195,1,1756810282742,32113953744,112.16400,1,25,16777215,2025-09-05 21:16:55,1757078215,0,41f7c3e3,1929270919730759680,+
BV1pDaPz2E78,115134332672956,天神之眼C设置指南,未来不写日记,2025-09-02 18:58:36,26601,195,1,1756810282742,32113953744,561.58200,1,25,16777215,2025-09-05 10:47:39,1757040459,0,d1cd53e8,1928954201744941312,233333
BV1pDaPz2E78,115134332672956,天神之眼C设置指南,未来不写日记,2025-09-02 18:58:36,26601,195,1,1756810282742,32113953744,426.14400,1,25,16777215,2025-09-05 01:42:13,1757007733,0,e251405b,1928679669986095360,提醒功能可能没0.5秒就消失，想看提示都看不到
BV1pDaPz2E78,115134332672956,天神之眼C设置指南,未来不写日记,2025-09-02 18:58:36,26601,195,1,1756810282742,32113953744,417.08200,1,25,16777215,2025-09-05 01:41:39,1757007699,0,e251405b,1928679389445896960,误报有点多，影响驾驶心情
BV1pDaPz2E78,115134332672956,天神之眼C设置指南,未来不写日记,2025-09-02 18:58:36,26601,195,1,1756810282742,32113953744,398.32000,1,25,16777215,2025-09-04 22:33:25,1756996405,0,7755b8e8,1928584644623086848,这玩意儿不是很靠谱，有的时候没车也提示有车。
BV1pDaPz2E78,115134332672956,天神之眼C设置指南,未来不写日记,2025-09-02 18:58:36,26601,195,1,1756810282742,32113953744,156.13000,1,25,16777215,2025-09-04 21:34:41,1756992881,0,3b081756,1928555086280964096,那里调了我感觉挺好用，比如限速120，调了之后就是126
BV1pDaPz2E78,115134332672956,天神之眼C设置指南,未来不写日记,2025-09-02 18:58:36,26601,195,1,1756810282742,32113953744,465.98500,1,25,16777215,2025-09-04 18:30:36,1756981836,0,30c58aa7,1928462429743397888,邻车靠近避让和车道偏离修正，在你了解作用，同时不介意方向盘自己纠偏的情况下可以开启。
BV1pDaPz2E78,115134332672956,天神之眼C设置指南,未来不写日记,2025-09-02 18:58:36,26601,195,1,1756810282742,32113953744,35.04100,1,25,16777215,2025-09-04 01:38:43,1756921123,0,5eafa305,1927953131749634304,说话就说话 吞什么口水
BV1PVWVzsEon,115231321752657,比亚迪海狮06的天神之眼驾驶辅助，该如何使用！,小北的宋pro,2025-09-19 22:04:25,21321,51,1,比亚迪海狮06的天神之眼驾驶辅助，该如何使用！,32492749350,116.02400,1,25,16777215,2026-08-21 23:15:22,1787325322,0,8ebdb0f,2183002044947308800,是切换模式。要挂了，p 档设置完之后行驶状态就可以开了
BV1PVWVzsEon,115231321752657,比亚迪海狮06的天神之眼驾驶辅助，该如何使用！,小北的宋pro,2025-09-19 22:04:25,21321,51,1,比亚迪海狮06的天神之眼驾驶辅助，该如何使用！,32492749350,138.21700,1,25,16777215,2026-01-19 18:02:35,1768816955,0,fa083dc1,2027742608851830784,p 档？
BV1PVWVzsEon,115231321752657,比亚迪海狮06的天神之眼驾驶辅助，该如何使用！,小北的宋pro,2025-09-19 22:04:25,21321,51,1,比亚迪海狮06的天神之眼驾驶辅助，该如何使用！,32492749350,9.31200,1,25,16777215,2026-01-18 07:56:41,1768694201,0,3c431fcd,2026712870922378752,虎祝是啥
BV1PVWVzsEon,115231321752657,比亚迪海狮06的天神之眼驾驶辅助，该如何使用！,小北的宋pro,2025-09-19 22:04:25,21321,51,1,比亚迪海狮06的天神之眼驾驶辅助，该如何使用！,32492749350,3.20700,1,25,16777215,2026-01-07 09:17:11,1767748631,0,e7ba802c,2018780853907438848,关键我的车没有天神之眼，好忧伤！！！
BV1PVWVzsEon,115231321752657,比亚迪海狮06的天神之眼驾驶辅助，该如何使用！,小北的宋pro,2025-09-19 22:04:25,21321,51,1,比亚迪海狮06的天神之眼驾驶辅助，该如何使用！,32492749350,133.08000,1,25,16777215,2025-12-13 11:56:43,1765598203,0,b444ae2b,2000741755888216832,你这是p档？
BV1PVWVzsEon,115231321752657,比亚迪海狮06的天神之眼驾驶辅助，该如何使用！,小北的宋pro,2025-09-19 22:04:25,21321,51,1,比亚迪海狮06的天神之眼驾驶辅助，该如何使用！,32492749350,145.45800,1,25,16777215,2025-12-12 00:06:22,1765469182,0,195164dc,1999659447726941696,有个屁用
BV1PVWVzsEon,115231321752657,比亚迪海狮06的天神之眼驾驶辅助，该如何使用！,小北的宋pro,2025-09-19 22:04:25,21321,51,1,比亚迪海狮06的天神之眼驾驶辅助，该如何使用！,32492749350,23.53400,1,25,16777215,2025-09-21 22:18:29,1758464309,0,973348ca,1940898319736369664,迪爬勒特
BV1PVWVzsEon,115231321752657,比亚迪海狮06的天神之眼驾驶辅助，该如何使用！,小北的宋pro,2025-09-19 22:04:25,21321,51,1,比亚迪海狮06的天神之眼驾驶辅助，该如何使用！,32492749350,112.31400,1,25,16777215,2025-09-20 16:11:22,1758355882,0,707ca2f2,1939988762608108544,你这是p挡吗
BV1gyPWzLEy6,116182069878382,元UP 天神之眼C 天津快速路实测｜新人首测,孙子笑川,2026-03-06 19:50:38,10004,51,1,元UP 天神之眼C 天津快速路实测｜新人首测,36501065001,111.89600,1,25,16777215,2026-09-02 19:47:31,1788349651,0,2b2c870a,2191594737889352704,宝坻人
BV1gyPWzLEy6,116182069878382,元UP 天神之眼C 天津快速路实测｜新人首测,孙子笑川,2026-03-06 19:50:38,10004,51,1,元UP 天神之眼C 天津快速路实测｜新人首测,36501065001,570.33600,1,25,16777215,2026-03-29 21:56:54,1774792614,0,46b0b8bb,2077870066707489792,我觉得开快车的比归宿的好吧，起码不造成拥堵
BV1gyPWzLEy6,116182069878382,元UP 天神之眼C 天津快速路实测｜新人首测,孙子笑川,2026-03-06 19:50:38,10004,51,1,元UP 天神之眼C 天津快速路实测｜新人首测,36501065001,91.53200,1,25,16777215,2026-03-13 18:25:33,1773397533,0,e96801f4,2066167280815573504,他说的就是天津话，然后夹杂着几句普通话，哈哈
BV1gyPWzLEy6,116182069878382,元UP 天神之眼C 天津快速路实测｜新人首测,孙子笑川,2026-03-06 19:50:38,10004,51,1,元UP 天神之眼C 天津快速路实测｜新人首测,36501065001,143.51700,1,25,16777215,2026-03-12 00:20:32,1773246032,0,22a1a4e0,2064896397593120000,如果在上海必须让你进来
BV1gyPWzLEy6,116182069878382,元UP 天神之眼C 天津快速路实测｜新人首测,孙子笑川,2026-03-06 19:50:38,10004,51,1,元UP 天神之眼C 天津快速路实测｜新人首测,36501065001,562.65000,1,25,16777215,2026-03-09 17:33:17,1773048797,0,2831c779,2063241869529261568,可是天津大道全程区间测速呀
BV1gyPWzLEy6,116182069878382,元UP 天神之眼C 天津快速路实测｜新人首测,孙子笑川,2026-03-06 19:50:38,10004,51,1,元UP 天神之眼C 天津快速路实测｜新人首测,36501065001,189.84600,1,25,16777215,2026-03-09 09:01:23,1773018083,0,c4c0b387,2062984220279779328,有钱的话，还是上天神之眼B吧
BV1gyPWzLEy6,116182069878382,元UP 天神之眼C 天津快速路实测｜新人首测,孙子笑川,2026-03-06 19:50:38,10004,51,1,元UP 天神之眼C 天津快速路实测｜新人首测,36501065001,70.62900,1,25,16777215,2026-03-09 00:06:32,1772985992,0,111c5f93,2062715020563367680,天津，有天津普通话这么个说法吗
BV1gyPWzLEy6,116182069878382,元UP 天神之眼C 天津快速路实测｜新人首测,孙子笑川,2026-03-06 19:50:38,10004,51,1,元UP 天神之眼C 天津快速路实测｜新人首测,36501065001,0.65100,1,25,16777215,2026-03-08 23:16:48,1772983008,0,767fa578,2062689989317236992,天皇试驾
BV1gyPWzLEy6,116182069878382,元UP 天神之眼C 天津快速路实测｜新人首测,孙子笑川,2026-03-06 19:50:38,10004,51,1,元UP 天神之眼C 天津快速路实测｜新人首测,36501065001,197.57200,1,25,16777215,2026-03-08 20:20:49,1772972449,0,c77829f8,2062601416639966208,它现在是如果在当前道路可以达到最高限度就不会特意去最左车道
BV1JeJF6UEwC,116746858075177,比亚迪天神之眼C直接跳级上无图端到端准城市领航？智驾发展太快,兔头哥聊智驾,2026-06-14 13:49:40,26741,179,1,比亚迪天神之眼C直接跳级上无图端到端准城市领航？智驾发展太快,39106708402,7.65500,1,25,16777215,2026-06-14 18:14:53,1781432093,0,9b2b0fca,2133566057020191744,同样是大疆方案，宝骏都玩上了你还在吃饼
BV1JeJF6UEwC,116746858075177,比亚迪天神之眼C直接跳级上无图端到端准城市领航？智驾发展太快,兔头哥聊智驾,2026-06-14 13:49:40,26741,179,1,比亚迪天神之眼C直接跳级上无图端到端准城市领航？智驾发展太快,39106708402,162.05100,1,25,16777215,2026-06-14 16:46:09,1781426769,0,921cafb8,2133521394577925120,不是不依赖，是减少依赖
BV1S6JXzeEZX,115259574585856,上班高峰期用智驾真的需要勇气！！！比亚迪天神之眼B实战！,拾贰不摄,2025-09-24 22:16:00,97454,311,1,上班高峰期用智驾真的需要勇气！！！比亚迪天神之眼B实战！,32608948144,208.22100,1,25,16777215,2025-09-26 12:44:19,1758861859,0,921b54a7,1944233208673700608,不清楚？等你需要高速开个十来个小时的时候你就清楚了，等你堵车堵四五个小时的时候你就清楚了
BV1S6JXzeEZX,115259574585856,上班高峰期用智驾真的需要勇气！！！比亚迪天神之眼B实战！,拾贰不摄,2025-09-24 22:16:00,97454,311,1,上班高峰期用智驾真的需要勇气！！！比亚迪天神之眼B实战！,32608948144,61.89200,5,25,16777215,2025-09-25 22:50:32,1758811832,0,d9c388e5,1943813549122696448,46的时速就是很快，如果是我处理的话遇到电车我会减速通过
BV1S6JXzeEZX,115259574585856,上班高峰期用智驾真的需要勇气！！！比亚迪天神之眼B实战！,拾贰不摄,2025-09-24 22:16:00,97454,311,1,上班高峰期用智驾真的需要勇气！！！比亚迪天神之眼B实战！,32608948144,827.28400,1,25,16777215,2025-10-11 09:57:39,1760147859,0,b679e016,1955020957194694656,到底是它太有礼貌，还是咱们本来的驾驶就变得不礼貌了，都减速让行好像可以减少很多危险的事发生
BV1S6JXzeEZX,115259574585856,上班高峰期用智驾真的需要勇气！！！比亚迪天神之眼B实战！,拾贰不摄,2025-09-24 22:16:00,97454,311,1,上班高峰期用智驾真的需要勇气！！！比亚迪天神之眼B实战！,32608948144,758.92600,1,25,16777215,2026-05-25 12:10:50,1779682250,0,8e53a22,2118887309175849472,前提是人家也要很有礼貌
BV1S6JXzeEZX,115259574585856,上班高峰期用智驾真的需要勇气！！！比亚迪天神之眼B实战！,拾贰不摄,2025-09-24 22:16:00,97454,311,1,上班高峰期用智驾真的需要勇气！！！比亚迪天神之眼B实战！,32608948144,32.43000,1,25,16777215,2025-10-01 12:43:45,1759293825,0,e9588aa2,1947856797965014272,这里没让行人在深圳要罚款的
BV1S6JXzeEZX,115259574585856,上班高峰期用智驾真的需要勇气！！！比亚迪天神之眼B实战！,拾贰不摄,2025-09-24 22:16:00,97454,311,1,上班高峰期用智驾真的需要勇气！！！比亚迪天神之眼B实战！,32608948144,405.99200,1,25,16777215,2025-09-26 08:39:26,1758847166,0,342ed8fd,1944109956022710016,减速是对的，电摩不可预测
BV1S6JXzeEZX,115259574585856,上班高峰期用智驾真的需要勇气！！！比亚迪天神之眼B实战！,拾贰不摄,2025-09-24 22:16:00,97454,311,1,上班高峰期用智驾真的需要勇气！！！比亚迪天神之眼B实战！,32608948144,977.26400,1,25,16777215,2025-09-26 01:55:52,1758822952,0,915ce906,1943906832926359552,不是吗，我真的后背发凉！我能感觉后车祝福
BV1S6JXzeEZX,115259574585856,上班高峰期用智驾真的需要勇气！！！比亚迪天神之眼B实战！,拾贰不摄,2025-09-24 22:16:00,97454,311,1,上班高峰期用智驾真的需要勇气！！！比亚迪天神之眼B实战！,32608948144,298.67600,1,25,16777215,2025-09-25 18:58:59,1758797939,0,99e84bc7,1943697012440676352,X想：报我身份证呗
BV1S6JXzeEZX,115259574585856,上班高峰期用智驾真的需要勇气！！！比亚迪天神之眼B实战！,拾贰不摄,2025-09-24 22:16:00,97454,311,1,上班高峰期用智驾真的需要勇气！！！比亚迪天神之眼B实战！,32608948144,760.81800,1,25,16777215,2025-09-25 15:39:40,1758785980,0,55e832eb,1943596692826453248,这路设计的也有问题，怎么这么掉头的
BV1S6JXzeEZX,115259574585856,上班高峰期用智驾真的需要勇气！！！比亚迪天神之眼B实战！,拾贰不摄,2025-09-24 22:16:00,97454,311,1,上班高峰期用智驾真的需要勇气！！！比亚迪天神之眼B实战！,32608948144,955.50800,1,25,16777215,2025-09-25 10:07:06,1758766026,0,c77829f8,1943429307062545408,它这个礼貌对于跟车的不太好，对于其他的，类似于行人，掉头车，转弯车就比较好
BV1S6JXzeEZX,115259574585856,上班高峰期用智驾真的需要勇气！！！比亚迪天神之眼B实战！,拾贰不摄,2025-09-24 22:16:00,97454,311,1,上班高峰期用智驾真的需要勇气！！！比亚迪天神之眼B实战！,32608948144,185.45000,1,25,16777215,2026-06-01 19:58:29,1780315109,0,f075c9b7,2124196109860803840,这种路也能停车吗
BV1S6JXzeEZX,115259574585856,上班高峰期用智驾真的需要勇气！！！比亚迪天神之眼B实战！,拾贰不摄,2025-09-24 22:16:00,97454,311,1,上班高峰期用智驾真的需要勇气！！！比亚迪天神之眼B实战！,32608948144,1939.30600,1,25,16777215,2026-03-22 00:02:17,1774108937,0,2747259d,2072134972600593920,360:
BV1S6JXzeEZX,115259574585856,上班高峰期用智驾真的需要勇气！！！比亚迪天神之眼B实战！,拾贰不摄,2025-09-24 22:16:00,97454,311,1,上班高峰期用智驾真的需要勇气！！！比亚迪天神之眼B实战！,32608948144,812.00700,1,25,16777215,2026-03-01 12:59:29,1772341169,0,6c60e648,2057305857263975168,开智驾的老司机，很容易觉得智驾效率低的
BV1S6JXzeEZX,115259574585856,上班高峰期用智驾真的需要勇气！！！比亚迪天神之眼B实战！,拾贰不摄,2025-09-24 22:16:00,97454,311,1,上班高峰期用智驾真的需要勇气！！！比亚迪天神之眼B实战！,32608948144,1004.33500,1,25,16777215,2026-02-24 01:26:47,1771867607,0,c54f194e,2053333330099195648,到了完善程度智驾反而不堵，堵的原因就是缺乏秩序，有序的话堵很快能疏通
BV1S6JXzeEZX,115259574585856,上班高峰期用智驾真的需要勇气！！！比亚迪天神之眼B实战！,拾贰不摄,2025-09-24 22:16:00,97454,311,1,上班高峰期用智驾真的需要勇气！！！比亚迪天神之眼B实战！,32608948144,2087.15600,1,25,16777215,2026-02-22 15:12:49,1771744369,0,656ab1d9,2052299535237318144,什么动静
BV1S6JXzeEZX,115259574585856,上班高峰期用智驾真的需要勇气！！！比亚迪天神之眼B实战！,拾贰不摄,2025-09-24 22:16:00,97454,311,1,上班高峰期用智驾真的需要勇气！！！比亚迪天神之眼B实战！,32608948144,550.02200,1,25,16777215,2026-02-16 09:05:53,1771203953,0,dc79f781,2047766199219791616,BYD多少智驾车。激进一点事故率要翻好几倍吧。
BV1S6JXzeEZX,115259574585856,上班高峰期用智驾真的需要勇气！！！比亚迪天神之眼B实战！,拾贰不摄,2025-09-24 22:16:00,97454,311,1,上班高峰期用智驾真的需要勇气！！！比亚迪天神之眼B实战！,32608948144,505.64000,1,25,16777215,2026-02-01 12:26:32,1769919992,0,85e387e1,2036995553057328896,武汉也是这样
BV1S6JXzeEZX,115259574585856,上班高峰期用智驾真的需要勇气！！！比亚迪天神之眼B实战！,拾贰不摄,2025-09-24 22:16:00,97454,311,1,上班高峰期用智驾真的需要勇气！！！比亚迪天神之眼B实战！,32608948144,306.55500,1,25,16777215,2026-01-30 18:36:24,1769769384,0,19341e31,2035732162648826624,在深圳撞绿化带可是大罪，绿化带可贵了
BV1S6JXzeEZX,115259574585856,上班高峰期用智驾真的需要勇气！！！比亚迪天神之眼B实战！,拾贰不摄,2025-09-24 22:16:00,97454,311,1,上班高峰期用智驾真的需要勇气！！！比亚迪天神之眼B实战！,32608948144,71.65400,1,25,16777215,2026-01-30 18:29:46,1769768986,0,19341e31,2035728825467521792,三十四分钟那个放过自己，放过车子吧，走路都到了
BV1S6JXzeEZX,115259574585856,上班高峰期用智驾真的需要勇气！！！比亚迪天神之眼B实战！,拾贰不摄,2025-09-24 22:16:00,97454,311,1,上班高峰期用智驾真的需要勇气！！！比亚迪天神之眼B实战！,32608948144,778.47600,1,25,16777215,2026-01-25 12:36:39,1769315799,0,fa8a5db2,2031927211132873984,能设计出这种路的人也不简单
BV1S6JXzeEZX,115259574585856,上班高峰期用智驾真的需要勇气！！！比亚迪天神之眼B实战！,拾贰不摄,2025-09-24 22:16:00,97454,311,1,上班高峰期用智驾真的需要勇气！！！比亚迪天神之眼B实战！,32608948144,217.41100,1,25,16777215,2026-01-16 10:16:47,1768529807,0,1c2a4986,2025333831506439168,这种功能就属于我可以不用但你必须有的东西，电车的默认完美形态就带有智驾
BV1S6JXzeEZX,115259574585856,上班高峰期用智驾真的需要勇气！！！比亚迪天神之眼B实战！,拾贰不摄,2025-09-24 22:16:00,97454,311,1,上班高峰期用智驾真的需要勇气！！！比亚迪天神之眼B实战！,32608948144,982.10400,1,25,16777215,2025-12-09 15:56:21,1765266981,0,a5b430a3,1997963267356205312,哈哈哈
BV1S6JXzeEZX,115259574585856,上班高峰期用智驾真的需要勇气！！！比亚迪天神之眼B实战！,拾贰不摄,2025-09-24 22:16:00,97454,311,1,上班高峰期用智驾真的需要勇气！！！比亚迪天神之眼B实战！,32608948144,853.54800,1,25,16777215,2025-12-08 13:44:43,1765172683,0,d8ec4b59,1997172241267501056,不礼貌出了事故你不找车企么？肯定要考虑这个
BV1S6JXzeEZX,115259574585856,上班高峰期用智驾真的需要勇气！！！比亚迪天神之眼B实战！,拾贰不摄,2025-09-24 22:16:00,97454,311,1,上班高峰期用智驾真的需要勇气！！！比亚迪天神之眼B实战！,32608948144,1282.50600,1,25,16777215,2025-11-09 17:36:00,1762680960,0,9f8c8efe,1976270151124836864,路中间下客的也是6
BV1S6JXzeEZX,115259574585856,上班高峰期用智驾真的需要勇气！！！比亚迪天神之眼B实战！,拾贰不摄,2025-09-24 22:16:00,97454,311,1,上班高峰期用智驾真的需要勇气！！！比亚迪天神之眼B实战！,32608948144,225.92300,1,25,16777215,2025-11-06 16:56:36,1762419396,0,68a181ae,1974075994402946048,智驾的意义是你开几个小时高速你就会犯困
BV1S6JXzeEZX,115259574585856,上班高峰期用智驾真的需要勇气！！！比亚迪天神之眼B实战！,拾贰不摄,2025-09-24 22:16:00,97454,311,1,上班高峰期用智驾真的需要勇气！！！比亚迪天神之眼B实战！,32608948144,188.65100,1,25,16777215,2025-11-04 12:20:08,1762230008,0,4edc28,1972487293869060608,路边停车。。。
BV1S6JXzeEZX,115259574585856,上班高峰期用智驾真的需要勇气！！！比亚迪天神之眼B实战！,拾贰不摄,2025-09-24 22:16:00,97454,311,1,上班高峰期用智驾真的需要勇气！！！比亚迪天神之眼B实战！,32608948144,402.17900,1,25,16777215,2025-10-24 18:01:56,1761300116,0,4776e9b7,1964686787755087360,合理啊，不减速小孩冲出来就很突然出事了。减速还能有抉择空间，停下或再加速都行
BV1S6JXzeEZX,115259574585856,上班高峰期用智驾真的需要勇气！！！比亚迪天神之眼B实战！,拾贰不摄,2025-09-24 22:16:00,97454,311,1,上班高峰期用智驾真的需要勇气！！！比亚迪天神之眼B实战！,32608948144,2091.14400,5,25,15138834,2025-10-08 21:24:34,1759929874,0,f7020bc5,1953192369793454080,什么声音？下雨？
BV1S6JXzeEZX,115259574585856,上班高峰期用智驾真的需要勇气！！！比亚迪天神之眼B实战！,拾贰不摄,2025-09-24 22:16:00,97454,311,1,上班高峰期用智驾真的需要勇气！！！比亚迪天神之眼B实战！,32608948144,36.09800,1,25,16777215,2025-10-02 18:55:45,1759402545,0,6c04fcec,1948768811411603712,行人还没到路边没问题
BV1S6JXzeEZX,115259574585856,上班高峰期用智驾真的需要勇气！！！比亚迪天神之眼B实战！,拾贰不摄,2025-09-24 22:16:00,97454,311,1,上班高峰期用智驾真的需要勇气！！！比亚迪天神之眼B实战！,32608948144,755.63000,1,25,16777215,2025-10-01 12:59:15,1759294755,0,e9588aa2,1947864605032872448,就是能力不够
BV1S6JXzeEZX,115259574585856,上班高峰期用智驾真的需要勇气！！！比亚迪天神之眼B实战！,拾贰不摄,2025-09-24 22:16:00,97454,311,1,上班高峰期用智驾真的需要勇气！！！比亚迪天神之眼B实战！,32608948144,1329.76500,1,25,16777215,2025-09-28 22:28:54,1759069734,0,48242606,1945976989874386688,过于保守 堵死后面的车辆反而遭骂
BV1S6JXzeEZX,115259574585856,上班高峰期用智驾真的需要勇气！！！比亚迪天神之眼B实战！,拾贰不摄,2025-09-24 22:16:00,97454,311,1,上班高峰期用智驾真的需要勇气！！！比亚迪天神之眼B实战！,32608948144,1552.43900,1,25,16777215,2025-09-27 09:18:50,1758935930,0,915ce906,1944854559193074176,右边 公交车道
BV1S6JXzeEZX,115259574585856,上班高峰期用智驾真的需要勇气！！！比亚迪天神之眼B实战！,拾贰不摄,2025-09-24 22:16:00,97454,311,1,上班高峰期用智驾真的需要勇气！！！比亚迪天神之眼B实战！,32608948144,415.00000,1,25,16777215,2025-09-26 22:30:52,1758897052,0,db63f6b4,1944528429366487040,挺好，我也会减速，有些人窜出来是真的不看路
BV1S6JXzeEZX,115259574585856,上班高峰期用智驾真的需要勇气！！！比亚迪天神之眼B实战！,拾贰不摄,2025-09-24 22:16:00,97454,311,1,上班高峰期用智驾真的需要勇气！！！比亚迪天神之眼B实战！,32608948144,694.13800,1,25,16777215,2025-09-26 16:10:51,1758874251,0,d8e04e93,1944337160187101184,系统时延高反应慢
BV1S6JXzeEZX,115259574585856,上班高峰期用智驾真的需要勇气！！！比亚迪天神之眼B实战！,拾贰不摄,2025-09-24 22:16:00,97454,311,1,上班高峰期用智驾真的需要勇气！！！比亚迪天神之眼B实战！,32608948144,972.18000,1,25,16777215,2025-09-25 23:02:03,1758812523,0,46fea218,1943819344719521536,尽说实话
BV1S6JXzeEZX,115259574585856,上班高峰期用智驾真的需要勇气！！！比亚迪天神之眼B实战！,拾贰不摄,2025-09-24 22:16:00,97454,311,1,上班高峰期用智驾真的需要勇气！！！比亚迪天神之眼B实战！,32608948144,754.14400,5,25,16777215,2025-09-25 22:56:12,1758812172,0,d9c388e5,1943816406508842752,安全第一也没问题，就是需要别人也开智驾，才能处理的比较好
BV1S6JXzeEZX,115259574585856,上班高峰期用智驾真的需要勇气！！！比亚迪天神之眼B实战！,拾贰不摄,2025-09-24 22:16:00,97454,311,1,上班高峰期用智驾真的需要勇气！！！比亚迪天神之眼B实战！,32608948144,661.41100,1,25,16777215,2025-09-25 22:43:47,1758811427,0,915ce906,1943810158203351040,是啊。骂惨了 我后背发凉那种 真 的。。。。
BV1S6JXzeEZX,115259574585856,上班高峰期用智驾真的需要勇气！！！比亚迪天神之眼B实战！,拾贰不摄,2025-09-24 22:16:00,97454,311,1,上班高峰期用智驾真的需要勇气！！！比亚迪天神之眼B实战！,32608948144,608.86200,1,25,16777215,2025-09-25 22:43:31,1758811411,0,fe4a313b,1943810017065577216,直接把后面车挤到旁边车道了
BV1S6JXzeEZX,115259574585856,上班高峰期用智驾真的需要勇气！！！比亚迪天神之眼B实战！,拾贰不摄,2025-09-24 22:16:00,97454,311,1,上班高峰期用智驾真的需要勇气！！！比亚迪天神之眼B实战！,32608948144,777.37900,1,25,16777215,2025-09-25 20:09:00,1758802140,0,3fcaa4b0,1943732248797172480,这是路设计有点问题
BV1S6JXzeEZX,115259574585856,上班高峰期用智驾真的需要勇气！！！比亚迪天神之眼B实战！,拾贰不摄,2025-09-24 22:16:00,97454,311,1,上班高峰期用智驾真的需要勇气！！！比亚迪天神之眼B实战！,32608948144,422.63000,1,25,16777215,2025-09-25 20:03:05,1758801785,0,3fcaa4b0,1943729272594374144,斑马线前减速，很好的习惯
BV1S6JXzeEZX,115259574585856,上班高峰期用智驾真的需要勇气！！！比亚迪天神之眼B实战！,拾贰不摄,2025-09-24 22:16:00,97454,311,1,上班高峰期用智驾真的需要勇气！！！比亚迪天神之眼B实战！,32608948144,692.79200,1,25,16777215,2025-09-25 18:42:15,1758796935,0,9c7dc0c3,1943688586327336192,但是左转的车会感谢你啊，哈哈
BV1S6JXzeEZX,115259574585856,上班高峰期用智驾真的需要勇气！！！比亚迪天神之眼B实战！,拾贰不摄,2025-09-24 22:16:00,97454,311,1,上班高峰期用智驾真的需要勇气！！！比亚迪天神之眼B实战！,32608948144,281.99400,1,25,16777215,2025-09-25 18:17:33,1758795453,0,ca4f8563,1943676153420555520,双车道这样停车？管理也太差了
BV1S6JXzeEZX,115259574585856,上班高峰期用智驾真的需要勇气！！！比亚迪天神之眼B实战！,拾贰不摄,2025-09-24 22:16:00,97454,311,1,上班高峰期用智驾真的需要勇气！！！比亚迪天神之眼B实战！,32608948144,52.97900,1,25,16777215,2025-09-25 16:01:31,1758787291,0,fe229ac2,1943607688881871360,46时速感觉镜头好快
BV1S6JXzeEZX,115259574585856,上班高峰期用智驾真的需要勇气！！！比亚迪天神之眼B实战！,拾贰不摄,2025-09-24 22:16:00,97454,311,1,上班高峰期用智驾真的需要勇气！！！比亚迪天神之眼B实战！,32608948144,252.77900,1,25,16777215,2025-09-25 12:36:37,1758774997,0,e69bb02f,1943504553094251008,那是因为这个视角是广角
BV1S6JXzeEZX,115259574585856,上班高峰期用智驾真的需要勇气！！！比亚迪天神之眼B实战！,拾贰不摄,2025-09-24 22:16:00,97454,311,1,上班高峰期用智驾真的需要勇气！！！比亚迪天神之眼B实战！,32608948144,658.59800,1,25,16777215,2025-09-25 11:27:30,1758770850,0,5c593563,1943469770452567040,这........真的会被骂
BV1S6JXzeEZX,115259574585856,上班高峰期用智驾真的需要勇气！！！比亚迪天神之眼B实战！,拾贰不摄,2025-09-24 22:16:00,97454,311,1,上班高峰期用智驾真的需要勇气！！！比亚迪天神之眼B实战！,32608948144,432.90900,1,25,16777215,2025-09-25 09:13:38,1758762818,0,c78720a,1943402393656034560,我觉得没问题，智驾的基本要求是安全，而不是效率
BV1S6JXzeEZX,115259574585856,上班高峰期用智驾真的需要勇气！！！比亚迪天神之眼B实战！,拾贰不摄,2025-09-24 22:16:00,97454,311,1,上班高峰期用智驾真的需要勇气！！！比亚迪天神之眼B实战！,32608948144,1618.56900,1,25,16777215,2026-09-21 17:02:14,1789981334,0,5ea6b71c,2205282283819961600,变道应该可以自己主动拨一下转向灯拨杆，实现提前变道吧？
BV1S6JXzeEZX,115259574585856,上班高峰期用智驾真的需要勇气！！！比亚迪天神之眼B实战！,拾贰不摄,2025-09-24 22:16:00,97454,311,1,上班高峰期用智驾真的需要勇气！！！比亚迪天神之眼B实战！,32608948144,1220.83100,1,25,16777215,2026-09-21 15:02:03,1789974123,0,5ea6b71c,2205221794985291520,并没有~
BV1S6JXzeEZX,115259574585856,上班高峰期用智驾真的需要勇气！！！比亚迪天神之眼B实战！,拾贰不摄,2025-09-24 22:16:00,97454,311,1,上班高峰期用智驾真的需要勇气！！！比亚迪天神之眼B实战！,32608948144,927.83900,1,25,16777215,2026-09-21 14:54:46,1789973686,0,5ea6b71c,2205218129566305024,我看到路两侧停的密密麻麻的电动自行车就头疼……
BV1S6JXzeEZX,115259574585856,上班高峰期用智驾真的需要勇气！！！比亚迪天神之眼B实战！,拾贰不摄,2025-09-24 22:16:00,97454,311,1,上班高峰期用智驾真的需要勇气！！！比亚迪天神之眼B实战！,32608948144,698.28300,1,25,16777215,2026-09-21 14:49:54,1789973394,3,5ea6b71c,2205215683112108288,船夫哥挨打
BV1S6JXzeEZX,115259574585856,上班高峰期用智驾真的需要勇气！！！比亚迪天神之眼B实战！,拾贰不摄,2025-09-24 22:16:00,97454,311,1,上班高峰期用智驾真的需要勇气！！！比亚迪天神之眼B实战！,32608948144,697.67600,1,25,16777215,2026-09-20 22:43:20,1789915400,3,b224874e,2204729194079027200,你自己造成的
BV1S6JXzeEZX,115259574585856,上班高峰期用智驾真的需要勇气！！！比亚迪天神之眼B实战！,拾贰不摄,2025-09-24 22:16:00,97454,311,1,上班高峰期用智驾真的需要勇气！！！比亚迪天神之眼B实战！,32608948144,677.17800,1,25,16777215,2026-09-08 15:51:40,1788853900,0,558fd597,2195824687014467072,哈哈哈   后面在骂孃
BV1S6JXzeEZX,115259574585856,上班高峰期用智驾真的需要勇气！！！比亚迪天神之眼B实战！,拾贰不摄,2025-09-24 22:16:00,97454,311,1,上班高峰期用智驾真的需要勇气！！！比亚迪天神之眼B实战！,32608948144,2178.17600,1,25,16777215,2026-09-06 21:02:23,1788699743,0,926b2fa2,2194531518205198336,还是自行车快
BV1S6JXzeEZX,115259574585856,上班高峰期用智驾真的需要勇气！！！比亚迪天神之眼B实战！,拾贰不摄,2025-09-24 22:16:00,97454,311,1,上班高峰期用智驾真的需要勇气！！！比亚迪天神之眼B实战！,32608948144,1224.48200,1,25,16777215,2026-09-06 20:58:06,1788699486,0,926b2fa2,2194529366258850560,没事，你那个全景视角不带vr眼镜都看不清楚
BV1S6JXzeEZX,115259574585856,上班高峰期用智驾真的需要勇气！！！比亚迪天神之眼B实战！,拾贰不摄,2025-09-24 22:16:00,97454,311,1,上班高峰期用智驾真的需要勇气！！！比亚迪天神之眼B实战！,32608948144,986.12300,1,25,16777215,2026-09-06 20:54:27,1788699267,0,926b2fa2,2194527528834893312,跑跑出租车的直接给你扬了
BV1S6JXzeEZX,115259574585856,上班高峰期用智驾真的需要勇气！！！比亚迪天神之眼B实战！,拾贰不摄,2025-09-24 22:16:00,97454,311,1,上班高峰期用智驾真的需要勇气！！！比亚迪天神之眼B实战！,32608948144,882.80900,1,25,16777215,2026-09-06 20:51:57,1788699117,0,926b2fa2,2194526269830724096,博主也是个猛士，这视频质量高，用后车的崩溃换的
BV1S6JXzeEZX,115259574585856,上班高峰期用智驾真的需要勇气！！！比亚迪天神之眼B实战！,拾贰不摄,2025-09-24 22:16:00,97454,311,1,上班高峰期用智驾真的需要勇气！！！比亚迪天神之眼B实战！,32608948144,670.38700,1,25,16777215,2026-09-06 20:47:03,1788698823,0,926b2fa2,2194523802682396672,求求你干预一下吧
BV1S6JXzeEZX,115259574585856,上班高峰期用智驾真的需要勇气！！！比亚迪天神之眼B实战！,拾贰不摄,2025-09-24 22:16:00,97454,311,1,上班高峰期用智驾真的需要勇气！！！比亚迪天神之眼B实战！,32608948144,652.59300,1,25,16777215,2026-09-06 20:46:40,1788698800,0,926b2fa2,2194523613880024832,这车的视角真高suv啊
BV1S6JXzeEZX,115259574585856,上班高峰期用智驾真的需要勇气！！！比亚迪天神之眼B实战！,拾贰不摄,2025-09-24 22:16:00,97454,311,1,上班高峰期用智驾真的需要勇气！！！比亚迪天神之眼B实战！,32608948144,591.30000,1,25,16777215,2026-09-06 20:45:12,1788698712,0,926b2fa2,2194522876126999808,急不来
BV1S6JXzeEZX,115259574585856,上班高峰期用智驾真的需要勇气！！！比亚迪天神之眼B实战！,拾贰不摄,2025-09-24 22:16:00,97454,311,1,上班高峰期用智驾真的需要勇气！！！比亚迪天神之眼B实战！,32608948144,418.95600,1,25,16777215,2026-09-06 20:42:12,1788698532,0,926b2fa2,2194521365179293184,你们这高峰也不堵啊。就是红绿灯比较多
BV1S6JXzeEZX,115259574585856,上班高峰期用智驾真的需要勇气！！！比亚迪天神之眼B实战！,拾贰不摄,2025-09-24 22:16:00,97454,311,1,上班高峰期用智驾真的需要勇气！！！比亚迪天神之眼B实战！,32608948144,52.78100,1,25,16777215,2026-09-06 20:35:07,1788698107,0,926b2fa2,2194517797378461184,这电驴往左一拐，你不是炸了？
BV1S6JXzeEZX,115259574585856,上班高峰期用智驾真的需要勇气！！！比亚迪天神之眼B实战！,拾贰不摄,2025-09-24 22:16:00,97454,311,1,上班高峰期用智驾真的需要勇气！！！比亚迪天神之眼B实战！,32608948144,698.08600,1,25,16777215,2026-08-25 02:16:24,1787595384,3,ec53e707,2185267486298070016,船夫哥挨打
BV1S6JXzeEZX,115259574585856,上班高峰期用智驾真的需要勇气！！！比亚迪天神之眼B实战！,拾贰不摄,2025-09-24 22:16:00,97454,311,1,上班高峰期用智驾真的需要勇气！！！比亚迪天神之眼B实战！,32608948144,419.12800,1,25,16777215,2026-07-31 14:52:17,1785480737,0,231f6267,2167528541540647424,我也会减速，即便没人的路口如果视野不是很好我也减速通过。
BV1S6JXzeEZX,115259574585856,上班高峰期用智驾真的需要勇气！！！比亚迪天神之眼B实战！,拾贰不摄,2025-09-24 22:16:00,97454,311,1,上班高峰期用智驾真的需要勇气！！！比亚迪天神之眼B实战！,32608948144,696.32800,1,25,16777215,2026-07-30 08:52:59,1785372779,3,e697c0f6,2166622927586717696,你自己造成的
BV1S6JXzeEZX,115259574585856,上班高峰期用智驾真的需要勇气！！！比亚迪天神之眼B实战！,拾贰不摄,2025-09-24 22:16:00,97454,311,1,上班高峰期用智驾真的需要勇气！！！比亚迪天神之眼B实战！,32608948144,974.27100,1,25,16777215,2026-07-29 19:38:15,1785325095,0,c3eddf7c,2166222918215556864,但是让也没问题
BV1S6JXzeEZX,115259574585856,上班高峰期用智驾真的需要勇气！！！比亚迪天神之眼B实战！,拾贰不摄,2025-09-24 22:16:00,97454,311,1,上班高峰期用智驾真的需要勇气！！！比亚迪天神之眼B实战！,32608948144,439.61900,1,25,16777215,2026-07-29 19:05:08,1785323108,0,a84e460,2166206249916915712,8号仓？
BV1S6JXzeEZX,115259574585856,上班高峰期用智驾真的需要勇气！！！比亚迪天神之眼B实战！,拾贰不摄,2025-09-24 22:16:00,97454,311,1,上班高峰期用智驾真的需要勇气！！！比亚迪天神之眼B实战！,32608948144,1048.30200,1,25,16777215,2026-07-25 16:18:06,1784967486,0,c166b404,2163223077419697664,"留个坐标,路口通行过慢,安全情况下过于犹豫"
BV1S6JXzeEZX,115259574585856,上班高峰期用智驾真的需要勇气！！！比亚迪天神之眼B实战！,拾贰不摄,2025-09-24 22:16:00,97454,311,1,上班高峰期用智驾真的需要勇气！！！比亚迪天神之眼B实战！,32608948144,523.86900,1,25,16777215,2026-07-14 14:37:03,1784011023,0,fe7f297,2155199688868478976,因为左边刚才有电驴开过来，所以它不敢加速
BV1S6JXzeEZX,115259574585856,上班高峰期用智驾真的需要勇气！！！比亚迪天神之眼B实战！,拾贰不摄,2025-09-24 22:16:00,97454,311,1,上班高峰期用智驾真的需要勇气！！！比亚迪天神之眼B实战！,32608948144,265.04000,1,25,16777215,2026-07-14 14:32:22,1784010742,0,fe7f297,2155197325739093760,后车赶着去投胎啊一直按喇叭
BV1S6JXzeEZX,115259574585856,上班高峰期用智驾真的需要勇气！！！比亚迪天神之眼B实战！,拾贰不摄,2025-09-24 22:16:00,97454,311,1,上班高峰期用智驾真的需要勇气！！！比亚迪天神之眼B实战！,32608948144,270.49400,1,25,16777215,2026-07-14 09:08:56,1783991336,0,a0a414f2,2155034536445518080,开的敞篷吗这个噪音跟电动车一样
BV1S6JXzeEZX,115259574585856,上班高峰期用智驾真的需要勇气！！！比亚迪天神之眼B实战！,拾贰不摄,2025-09-24 22:16:00,97454,311,1,上班高峰期用智驾真的需要勇气！！！比亚迪天神之眼B实战！,32608948144,956.97400,1,25,16777215,2026-07-14 02:31:35,1783967495,0,d211d51e,2154834548331371264,绿灯让行人是要做什么？？
BV1S6JXzeEZX,115259574585856,上班高峰期用智驾真的需要勇气！！！比亚迪天神之眼B实战！,拾贰不摄,2025-09-24 22:16:00,97454,311,1,上班高峰期用智驾真的需要勇气！！！比亚迪天神之眼B实战！,32608948144,761.92500,1,25,16777215,2026-07-14 02:28:39,1783967319,0,d211d51e,2154833074964386816,安全第一不如呆在家里不要上班了好不好
BV1S6JXzeEZX,115259574585856,上班高峰期用智驾真的需要勇气！！！比亚迪天神之眼B实战！,拾贰不摄,2025-09-24 22:16:00,97454,311,1,上班高峰期用智驾真的需要勇气！！！比亚迪天神之眼B实战！,32608948144,655.49200,1,25,16777215,2026-07-14 02:26:47,1783967207,0,d211d51e,2154832131959171072,令人窒息的操作
BV1S6JXzeEZX,115259574585856,上班高峰期用智驾真的需要勇气！！！比亚迪天神之眼B实战！,拾贰不摄,2025-09-24 22:16:00,97454,311,1,上班高峰期用智驾真的需要勇气！！！比亚迪天神之眼B实战！,32608948144,460.71100,1,25,16777215,2026-07-14 02:22:37,1783966957,0,d211d51e,2154830037046780160,也就一个车身间隔
BV1S6JXzeEZX,115259574585856,上班高峰期用智驾真的需要勇气！！！比亚迪天神之眼B实战！,拾贰不摄,2025-09-24 22:16:00,97454,311,1,上班高峰期用智驾真的需要勇气！！！比亚迪天神之眼B实战！,32608948144,662.53000,1,25,16777215,2026-07-09 17:30:31,1783589431,0,6fe02f4f,2151663120580616960,直行让转弯太幽默
BV1S6JXzeEZX,115259574585856,上班高峰期用智驾真的需要勇气！！！比亚迪天神之眼B实战！,拾贰不摄,2025-09-24 22:16:00,97454,311,1,上班高峰期用智驾真的需要勇气！！！比亚迪天神之眼B实战！,32608948144,1428.77400,1,25,16777215,2026-07-05 14:11:51,1783231911,0,581ac333,2148664025633315072,一眼深圳北西广场
BV1S6JXzeEZX,115259574585856,上班高峰期用智驾真的需要勇气！！！比亚迪天神之眼B实战！,拾贰不摄,2025-09-24 22:16:00,97454,311,1,上班高峰期用智驾真的需要勇气！！！比亚迪天神之眼B实战！,32608948144,696.86100,1,25,16777215,2026-07-03 02:09:57,1783015797,3,fbb3153c,2146851126572950016,船夫哥挨打
BV1S6JXzeEZX,115259574585856,上班高峰期用智驾真的需要勇气！！！比亚迪天神之眼B实战！,拾贰不摄,2025-09-24 22:16:00,97454,311,1,上班高峰期用智驾真的需要勇气！！！比亚迪天神之眼B实战！,32608948144,2408.74900,1,25,16777215,2026-06-24 11:21:00,1782271260,3,d5a625e8,2140605494744862976,2
BV1S6JXzeEZX,115259574585856,上班高峰期用智驾真的需要勇气！！！比亚迪天神之眼B实战！,拾贰不摄,2025-09-24 22:16:00,97454,311,1,上班高峰期用智驾真的需要勇气！！！比亚迪天神之眼B实战！,32608948144,1306.49300,1,25,16777215,2026-06-21 19:27:32,1782041252,0,be92ebd4,2138676053525892864,太有礼貌了
BV1S6JXzeEZX,115259574585856,上班高峰期用智驾真的需要勇气！！！比亚迪天神之眼B实战！,拾贰不摄,2025-09-24 22:16:00,97454,311,1,上班高峰期用智驾真的需要勇气！！！比亚迪天神之眼B实战！,32608948144,2408.00000,1,25,16777215,2026-06-01 21:17:04,1780319824,3,f075c9b7,2124235662935858176,4
BV1S6JXzeEZX,115259574585856,上班高峰期用智驾真的需要勇气！！！比亚迪天神之眼B实战！,拾贰不摄,2025-09-24 22:16:00,97454,311,1,上班高峰期用智驾真的需要勇气！！！比亚迪天神之眼B实战！,32608948144,694.57900,1,25,16777215,2026-06-01 20:11:35,1780315895,3,f075c9b7,2124202708138690304,船夫哥挨打
BV1S6JXzeEZX,115259574585856,上班高峰期用智驾真的需要勇气！！！比亚迪天神之眼B实战！,拾贰不摄,2025-09-24 22:16:00,97454,311,1,上班高峰期用智驾真的需要勇气！！！比亚迪天神之眼B实战！,32608948144,36.16000,1,25,16777215,2026-05-29 12:15:01,1780028101,0,9490dc77,2121788511912150528,太唐了
BV1S6JXzeEZX,115259574585856,上班高峰期用智驾真的需要勇气！！！比亚迪天神之眼B实战！,拾贰不摄,2025-09-24 22:16:00,97454,311,1,上班高峰期用智驾真的需要勇气！！！比亚迪天神之眼B实战！,32608948144,698.37200,1,25,16777215,2026-05-29 01:18:54,1779988734,3,dd280508,2121458278855728640,船夫哥挨打
BV1S6JXzeEZX,115259574585856,上班高峰期用智驾真的需要勇气！！！比亚迪天神之眼B实战！,拾贰不摄,2025-09-24 22:16:00,97454,311,1,上班高峰期用智驾真的需要勇气！！！比亚迪天神之眼B实战！,32608948144,658.58600,1,25,16777215,2026-05-25 12:09:34,1779682174,0,8e53a22,2118886666164133888,哈哈哈
BV1S6JXzeEZX,115259574585856,上班高峰期用智驾真的需要勇气！！！比亚迪天神之眼B实战！,拾贰不摄,2025-09-24 22:16:00,97454,311,1,上班高峰期用智驾真的需要勇气！！！比亚迪天神之眼B实战！,32608948144,618.55100,1,25,16777215,2026-05-25 12:09:12,1779682152,0,8e53a22,2118886480985410304,保守了
BV1S6JXzeEZX,115259574585856,上班高峰期用智驾真的需要勇气！！！比亚迪天神之眼B实战！,拾贰不摄,2025-09-24 22:16:00,97454,311,1,上班高峰期用智驾真的需要勇气！！！比亚迪天神之眼B实战！,32608948144,34.24500,1,25,16777215,2026-05-25 09:07:59,1779671279,0,8e53a22,2118795272380456960,行人还没上斑马线
BV1S6JXzeEZX,115259574585856,上班高峰期用智驾真的需要勇气！！！比亚迪天神之眼B实战！,拾贰不摄,2025-09-24 22:16:00,97454,311,1,上班高峰期用智驾真的需要勇气！！！比亚迪天神之眼B实战！,32608948144,697.07600,1,25,16777215,2026-05-17 21:44:12,1779025452,3,2367d068,2113377681952648960,你自己造成的
BV1S6JXzeEZX,115259574585856,上班高峰期用智驾真的需要勇气！！！比亚迪天神之眼B实战！,拾贰不摄,2025-09-24 22:16:00,97454,311,1,上班高峰期用智驾真的需要勇气！！！比亚迪天神之眼B实战！,32608948144,697.42400,1,25,16777215,2026-05-12 18:22:54,1778581374,3,5d40663,2109652486251312128,船夫哥挨打
BV1S6JXzeEZX,115259574585856,上班高峰期用智驾真的需要勇气！！！比亚迪天神之眼B实战！,拾贰不摄,2025-09-24 22:16:00,97454,311,1,上班高峰期用智驾真的需要勇气！！！比亚迪天神之眼B实战！,32608948144,698.69000,1,25,16777215,2026-05-12 00:44:49,1778517889,3,c86976fc,2109119941855866880,船夫哥挨打
BV1S6JXzeEZX,115259574585856,上班高峰期用智驾真的需要勇气！！！比亚迪天神之眼B实战！,拾贰不摄,2025-09-24 22:16:00,97454,311,1,上班高峰期用智驾真的需要勇气！！！比亚迪天神之眼B实战！,32608948144,1589.91300,1,25,16777215,2026-05-03 09:21:13,1777771273,0,e34a9504,2102856869693068800,堵车的时候用智驾确实蛮舒服的
BV1S6JXzeEZX,115259574585856,上班高峰期用智驾真的需要勇气！！！比亚迪天神之眼B实战！,拾贰不摄,2025-09-24 22:16:00,97454,311,1,上班高峰期用智驾真的需要勇气！！！比亚迪天神之眼B实战！,32608948144,220.53000,1,25,16777215,2026-05-03 09:02:21,1777770141,0,e34a9504,2102847373872708864,目前的智驾，不是说完全不接管，更多的是人机共架，人不用那么累，主要起监督作用
BV1S6JXzeEZX,115259574585856,上班高峰期用智驾真的需要勇气！！！比亚迪天神之眼B实战！,拾贰不摄,2025-09-24 22:16:00,97454,311,1,上班高峰期用智驾真的需要勇气！！！比亚迪天神之眼B实战！,32608948144,695.21100,1,25,16777215,2026-05-02 19:54:23,1777722863,3,bc51ad44,2102450780064905472,船夫哥挨打
BV1S6JXzeEZX,115259574585856,上班高峰期用智驾真的需要勇气！！！比亚迪天神之眼B实战！,拾贰不摄,2025-09-24 22:16:00,97454,311,1,上班高峰期用智驾真的需要勇气！！！比亚迪天神之眼B实战！,32608948144,698.04400,1,25,16777215,2026-05-02 10:15:10,1777688110,3,e6158cbe,2102159248078507264,你自己造成的
BV1S6JXzeEZX,115259574585856,上班高峰期用智驾真的需要勇气！！！比亚迪天神之眼B实战！,拾贰不摄,2025-09-24 22:16:00,97454,311,1,上班高峰期用智驾真的需要勇气！！！比亚迪天神之眼B实战！,32608948144,25.50000,1,25,16777215,2026-04-28 17:18:50,1777367930,0,c588f934,2099473387620655616,别怀疑，高峰期是这个速度
BV1S6JXzeEZX,115259574585856,上班高峰期用智驾真的需要勇气！！！比亚迪天神之眼B实战！,拾贰不摄,2025-09-24 22:16:00,97454,311,1,上班高峰期用智驾真的需要勇气！！！比亚迪天神之眼B实战！,32608948144,696.28800,1,25,16777215,2026-04-27 16:25:46,1777278346,3,1519f82f,2098721895431386624,船夫哥挨打
BV1S6JXzeEZX,115259574585856,上班高峰期用智驾真的需要勇气！！！比亚迪天神之眼B实战！,拾贰不摄,2025-09-24 22:16:00,97454,311,1,上班高峰期用智驾真的需要勇气！！！比亚迪天神之眼B实战！,32608948144,698.60700,1,25,16777215,2026-04-26 17:39:52,1777196392,3,27fc6e00,2098034417322067712,船夫哥挨打
BV1S6JXzeEZX,115259574585856,上班高峰期用智驾真的需要勇气！！！比亚迪天神之眼B实战！,拾贰不摄,2025-09-24 22:16:00,97454,311,1,上班高峰期用智驾真的需要勇气！！！比亚迪天神之眼B实战！,32608948144,763.33200,1,25,16777215,2026-04-12 15:38:06,1775979486,0,376041c8,2087826269663990528,为了流量，堵塞交通
BV1S6JXzeEZX,115259574585856,上班高峰期用智驾真的需要勇气！！！比亚迪天神之眼B实战！,拾贰不摄,2025-09-24 22:16:00,97454,311,1,上班高峰期用智驾真的需要勇气！！！比亚迪天神之眼B实战！,32608948144,390.28700,1,25,16777215,2026-04-10 21:16:33,1775826993,0,913441f7,2086547068549748224,算力算力，比亚迪目前算力不行，软件没问题
BV1S6JXzeEZX,115259574585856,上班高峰期用智驾真的需要勇气！！！比亚迪天神之眼B实战！,拾贰不摄,2025-09-24 22:16:00,97454,311,1,上班高峰期用智驾真的需要勇气！！！比亚迪天神之眼B实战！,32608948144,695.31800,1,25,16777215,2026-04-06 15:29:39,1775460579,3,904dbf69,2083473361563956224,船夫哥挨打
BV1S6JXzeEZX,115259574585856,上班高峰期用智驾真的需要勇气！！！比亚迪天神之眼B实战！,拾贰不摄,2025-09-24 22:16:00,97454,311,1,上班高峰期用智驾真的需要勇气！！！比亚迪天神之眼B实战！,32608948144,696.87100,1,25,16777215,2026-04-03 14:40:44,1775198444,3,b33fcfd0,2081274412497407744,船夫哥挨打
BV1S6JXzeEZX,115259574585856,上班高峰期用智驾真的需要勇气！！！比亚迪天神之眼B实战！,拾贰不摄,2025-09-24 22:16:00,97454,311,1,上班高峰期用智驾真的需要勇气！！！比亚迪天神之眼B实战！,32608948144,697.75800,1,25,16777215,2026-03-27 20:03:26,1774613006,3,d8d98108,2076363407698836224,你自己造成的
BV1S6JXzeEZX,115259574585856,上班高峰期用智驾真的需要勇气！！！比亚迪天神之眼B实战！,拾贰不摄,2025-09-24 22:16:00,97454,311,1,上班高峰期用智驾真的需要勇气！！！比亚迪天神之眼B实战！,32608948144,79.22000,1,25,16777215,2026-03-24 19:44:27,1774352667,0,70f4c9eb,2074179527852605952,我这小城市 15公里 要25分钟
BV1S6JXzeEZX,115259574585856,上班高峰期用智驾真的需要勇气！！！比亚迪天神之眼B实战！,拾贰不摄,2025-09-24 22:16:00,97454,311,1,上班高峰期用智驾真的需要勇气！！！比亚迪天神之眼B实战！,32608948144,698.81500,1,25,16777215,2026-03-22 21:36:42,1774186602,3,82e66987,2072786473639687680,船夫哥挨打
BV1S6JXzeEZX,115259574585856,上班高峰期用智驾真的需要勇气！！！比亚迪天神之眼B实战！,拾贰不摄,2025-09-24 22:16:00,97454,311,1,上班高峰期用智驾真的需要勇气！！！比亚迪天神之眼B实战！,32608948144,697.96500,1,25,16777215,2026-03-13 21:59:23,1773410363,3,a029f9fe,2066274908417501440,船夫哥挨打
BV1S6JXzeEZX,115259574585856,上班高峰期用智驾真的需要勇气！！！比亚迪天神之眼B实战！,拾贰不摄,2025-09-24 22:16:00,97454,311,1,上班高峰期用智驾真的需要勇气！！！比亚迪天神之眼B实战！,32608948144,228.85900,1,25,15138834,2026-03-09 11:20:08,1773026408,0,3d30ea28,2063054053546193152,这智驾是不是要另外收费？
BV1S6JXzeEZX,115259574585856,上班高峰期用智驾真的需要勇气！！！比亚迪天神之眼B实战！,拾贰不摄,2025-09-24 22:16:00,97454,311,1,上班高峰期用智驾真的需要勇气！！！比亚迪天神之眼B实战！,32608948144,209.51400,1,25,16777215,2026-03-06 04:49:48,1772743788,0,d9a84919,2060683268935901696,帮你开车啊，还意义何在
BV1S6JXzeEZX,115259574585856,上班高峰期用智驾真的需要勇气！！！比亚迪天神之眼B实战！,拾贰不摄,2025-09-24 22:16:00,97454,311,1,上班高峰期用智驾真的需要勇气！！！比亚迪天神之眼B实战！,32608948144,526.09500,5,25,15138834,2026-03-03 02:17:58,1772475478,0,cef9d951,2058432518453713664,这个效率，前面空出一大片了
BV1S6JXzeEZX,115259574585856,上班高峰期用智驾真的需要勇气！！！比亚迪天神之眼B实战！,拾贰不摄,2025-09-24 22:16:00,97454,311,1,上班高峰期用智驾真的需要勇气！！！比亚迪天神之眼B实战！,32608948144,903.97900,1,25,16777215,2026-03-02 20:18:30,1772453910,0,6490f507,2058251595850004992,有没有可能是它本身靠右，然后左右两边车量差不多的情况下变道走右边
BV1S6JXzeEZX,115259574585856,上班高峰期用智驾真的需要勇气！！！比亚迪天神之眼B实战！,拾贰不摄,2025-09-24 22:16:00,97454,311,1,上班高峰期用智驾真的需要勇气！！！比亚迪天神之眼B实战！,32608948144,1479.63700,1,25,16777215,2026-03-01 13:11:06,1772341866,0,6c60e648,2057311705583392512,大城市太窒息了
BV1S6JXzeEZX,115259574585856,上班高峰期用智驾真的需要勇气！！！比亚迪天神之眼B实战！,拾贰不摄,2025-09-24 22:16:00,97454,311,1,上班高峰期用智驾真的需要勇气！！！比亚迪天神之眼B实战！,32608948144,694.75500,1,25,16777215,2026-02-28 19:52:45,1772279565,3,96607dec,2056789084944569856,船夫哥挨打
BV1S6JXzeEZX,115259574585856,上班高峰期用智驾真的需要勇气！！！比亚迪天神之眼B实战！,拾贰不摄,2025-09-24 22:16:00,97454,311,1,上班高峰期用智驾真的需要勇气！！！比亚迪天神之眼B实战！,32608948144,820.43500,1,25,16777215,2026-02-28 08:42:03,1772239323,0,760f13af,2056451509491030784,智驾标定还是挺复杂的
BV1S6JXzeEZX,115259574585856,上班高峰期用智驾真的需要勇气！！！比亚迪天神之眼B实战！,拾贰不摄,2025-09-24 22:16:00,97454,311,1,上班高峰期用智驾真的需要勇气！！！比亚迪天神之眼B实战！,32608948144,459.66800,1,25,16777215,2026-02-18 18:31:18,1771410678,0,ecb52e3,2049500334485086464,鱼眼镜头显得远，跟的不算太远
BV1S6JXzeEZX,115259574585856,上班高峰期用智驾真的需要勇气！！！比亚迪天神之眼B实战！,拾贰不摄,2025-09-24 22:16:00,97454,311,1,上班高峰期用智驾真的需要勇气！！！比亚迪天神之眼B实战！,32608948144,208.88200,1,25,16777215,2026-02-05 00:30:36,1770222636,0,f52af462,2039534310062658048,不用的人没必要清楚，，
BV1S6JXzeEZX,115259574585856,上班高峰期用智驾真的需要勇气！！！比亚迪天神之眼B实战！,拾贰不摄,2025-09-24 22:16:00,97454,311,1,上班高峰期用智驾真的需要勇气！！！比亚迪天神之眼B实战！,32608948144,652.48100,1,25,16777215,2026-02-02 18:03:20,1770026600,0,41782db2,2037889846810628352,哈哈，下饭
BV1S6JXzeEZX,115259574585856,上班高峰期用智驾真的需要勇气！！！比亚迪天神之眼B实战！,拾贰不摄,2025-09-24 22:16:00,97454,311,1,上班高峰期用智驾真的需要勇气！！！比亚迪天神之眼B实战！,32608948144,779.30400,1,25,16777215,2026-02-01 12:31:06,1769920266,0,85e387e1,2036997848507638016,只能识别压线
BV1S6JXzeEZX,115259574585856,上班高峰期用智驾真的需要勇气！！！比亚迪天神之眼B实战！,拾贰不摄,2025-09-24 22:16:00,97454,311,1,上班高峰期用智驾真的需要勇气！！！比亚迪天神之眼B实战！,32608948144,433.45200,1,25,16777215,2026-01-30 18:40:14,1769769614,0,19341e31,2035734086282503680,这下看懂了，深德里宇宙中心
BV1S6JXzeEZX,115259574585856,上班高峰期用智驾真的需要勇气！！！比亚迪天神之眼B实战！,拾贰不摄,2025-09-24 22:16:00,97454,311,1,上班高峰期用智驾真的需要勇气！！！比亚迪天神之眼B实战！,32608948144,427.26200,1,25,16777215,2026-01-30 18:39:57,1769769597,0,19341e31,2035733942845539840,没红绿灯的斑马线你碰到东西必全责啊
BV1S6JXzeEZX,115259574585856,上班高峰期用智驾真的需要勇气！！！比亚迪天神之眼B实战！,拾贰不摄,2025-09-24 22:16:00,97454,311,1,上班高峰期用智驾真的需要勇气！！！比亚迪天神之眼B实战！,32608948144,409.05400,1,25,16777215,2026-01-30 18:39:22,1769769562,0,19341e31,2035733657070746880,广东电鸡就这样，比亚迪老巢在广东所以按照广东的路况来没错
BV1S6JXzeEZX,115259574585856,上班高峰期用智驾真的需要勇气！！！比亚迪天神之眼B实战！,拾贰不摄,2025-09-24 22:16:00,97454,311,1,上班高峰期用智驾真的需要勇气！！！比亚迪天神之眼B实战！,32608948144,391.34000,1,25,16777215,2026-01-30 18:38:33,1769769513,0,19341e31,2035733244476920832,让是好的，你换成别的城市根本没必要这样让，但是广州深圳武汉你必须保守，因为这些电鸡混乱臭名昭著
BV1S6JXzeEZX,115259574585856,上班高峰期用智驾真的需要勇气！！！比亚迪天神之眼B实战！,拾贰不摄,2025-09-24 22:16:00,97454,311,1,上班高峰期用智驾真的需要勇气！！！比亚迪天神之眼B实战！,32608948144,354.11200,1,25,16777215,2026-01-30 18:37:18,1769769438,0,19341e31,2035732615096896256,心疼底盘
BV1S6JXzeEZX,115259574585856,上班高峰期用智驾真的需要勇气！！！比亚迪天神之眼B实战！,拾贰不摄,2025-09-24 22:16:00,97454,311,1,上班高峰期用智驾真的需要勇气！！！比亚迪天神之眼B实战！,32608948144,272.63100,1,25,16777215,2026-01-30 18:35:31,1769769331,0,19341e31,2035731718228860928,深德里是这样的，顶级的城市美化设计，烂成一坨的机动车非机动车道路划分
BV1S6JXzeEZX,115259574585856,上班高峰期用智驾真的需要勇气！！！比亚迪天神之眼B实战！,拾贰不摄,2025-09-24 22:16:00,97454,311,1,上班高峰期用智驾真的需要勇气！！！比亚迪天神之眼B实战！,32608948144,231.56200,1,25,16777215,2026-01-30 18:34:09,1769769249,0,19341e31,2035731025161832448,再差的智驾也比新手司机强，再强的智驾也没法比老司机，但是你新老司机都避免不了驾驶疲劳和路怒，智驾是可以缓解的
BV1S6JXzeEZX,115259574585856,上班高峰期用智驾真的需要勇气！！！比亚迪天神之眼B实战！,拾贰不摄,2025-09-24 22:16:00,97454,311,1,上班高峰期用智驾真的需要勇气！！！比亚迪天神之眼B实战！,32608948144,221.41000,1,25,16777215,2026-01-30 18:33:20,1769769200,0,19341e31,2035730615789457920,新能源主打的就是清洁环保科技感，智驾可以不用但是一定要有，不然老老实实油车
BV1S6JXzeEZX,115259574585856,上班高峰期用智驾真的需要勇气！！！比亚迪天神之眼B实战！,拾贰不摄,2025-09-24 22:16:00,97454,311,1,上班高峰期用智驾真的需要勇气！！！比亚迪天神之眼B实战！,32608948144,211.23500,1,25,16777215,2026-01-30 18:32:29,1769769149,0,19341e31,2035730187517599232,不知道什么意义还跑进来看智驾还能坚持三分多钟，何意味？
BV1S6JXzeEZX,115259574585856,上班高峰期用智驾真的需要勇气！！！比亚迪天神之眼B实战！,拾贰不摄,2025-09-24 22:16:00,97454,311,1,上班高峰期用智驾真的需要勇气！！！比亚迪天神之眼B实战！,32608948144,35.74000,1,25,16777215,2026-01-30 18:28:37,1769768917,0,19341e31,2035728243491265536,拉倒吧，深圳没探头照样不让，心情不爽了照样不让
BV1S6JXzeEZX,115259574585856,上班高峰期用智驾真的需要勇气！！！比亚迪天神之眼B实战！,拾贰不摄,2025-09-24 22:16:00,97454,311,1,上班高峰期用智驾真的需要勇气！！！比亚迪天神之眼B实战！,32608948144,375.02400,1,25,16777215,2026-01-21 21:20:46,1769001646,0,a28cfa3,2029291909369401088,在隔壁，特斯拉的刹停就非常的神，这个糖就看不明白
BV1S6JXzeEZX,115259574585856,上班高峰期用智驾真的需要勇气！！！比亚迪天神之眼B实战！,拾贰不摄,2025-09-24 22:16:00,97454,311,1,上班高峰期用智驾真的需要勇气！！！比亚迪天神之眼B实战！,32608948144,20.62400,1,25,16777215,2026-01-20 09:50:29,1768873829,0,369190ca,2028219698684515840,？？
BV1S6JXzeEZX,115259574585856,上班高峰期用智驾真的需要勇气！！！比亚迪天神之眼B实战！,拾贰不摄,2025-09-24 22:16:00,97454,311,1,上班高峰期用智驾真的需要勇气！！！比亚迪天神之眼B实战！,32608948144,2411.00000,1,25,16777215,2026-01-19 14:45:01,1768805101,3,8fbd8e2,2027643168404856320,1
BV1S6JXzeEZX,115259574585856,上班高峰期用智驾真的需要勇气！！！比亚迪天神之眼B实战！,拾贰不摄,2025-09-24 22:16:00,97454,311,1,上班高峰期用智驾真的需要勇气！！！比亚迪天神之眼B实战！,32608948144,263.51900,1,25,16777215,2026-01-13 17:42:00,1768297320,0,4102abc8,2023383591220162048,这个级别  可以了   那方程豹5 的天神之眼+云辇的 那个版本就比较合适了
BV1S6JXzeEZX,115259574585856,上班高峰期用智驾真的需要勇气！！！比亚迪天神之眼B实战！,拾贰不摄,2025-09-24 22:16:00,97454,311,1,上班高峰期用智驾真的需要勇气！！！比亚迪天神之眼B实战！,32608948144,1420.90500,1,25,16777215,2026-01-13 12:29:40,1768278580,0,edac24f,2023226386944724992,刚刚视频里出现了深圳
BV1S6JXzeEZX,115259574585856,上班高峰期用智驾真的需要勇气！！！比亚迪天神之眼B实战！,拾贰不摄,2025-09-24 22:16:00,97454,311,1,上班高峰期用智驾真的需要勇气！！！比亚迪天神之眼B实战！,32608948144,721.51300,1,25,16777215,2026-01-07 12:24:04,1767759844,0,7e377733,2018874915805403136,这样看还是没法和华为比
BV1S6JXzeEZX,115259574585856,上班高峰期用智驾真的需要勇气！！！比亚迪天神之眼B实战！,拾贰不摄,2025-09-24 22:16:00,97454,311,1,上班高峰期用智驾真的需要勇气！！！比亚迪天神之眼B实战！,32608948144,986.51600,1,25,16777215,2026-01-06 00:21:49,1767630109,0,2ecc42c2,2017786617733089280,拉垮
BV1S6JXzeEZX,115259574585856,上班高峰期用智驾真的需要勇气！！！比亚迪天神之眼B实战！,拾贰不摄,2025-09-24 22:16:00,97454,311,1,上班高峰期用智驾真的需要勇气！！！比亚迪天神之眼B实战！,32608948144,2410.00000,1,25,16777215,2026-01-03 18:42:51,1767436971,3,2cd7563f,2016166464910025472,4
BV1S6JXzeEZX,115259574585856,上班高峰期用智驾真的需要勇气！！！比亚迪天神之眼B实战！,拾贰不摄,2025-09-24 22:16:00,97454,311,1,上班高峰期用智驾真的需要勇气！！！比亚迪天神之眼B实战！,32608948144,1579.61400,1,25,16777215,2025-12-24 09:26:28,1766539588,0,7035af80,2008638665479512064,怎么没有非机动车道 ?
BV1S6JXzeEZX,115259574585856,上班高峰期用智驾真的需要勇气！！！比亚迪天神之眼B实战！,拾贰不摄,2025-09-24 22:16:00,97454,311,1,上班高峰期用智驾真的需要勇气！！！比亚迪天神之眼B实战！,32608948144,384.95200,1,25,16777215,2025-12-10 01:06:47,1765300007,0,2feddf24,1998240306545470720,喜欢这种一镜到底的测评
BV1S6JXzeEZX,115259574585856,上班高峰期用智驾真的需要勇气！！！比亚迪天神之眼B实战！,拾贰不摄,2025-09-24 22:16:00,97454,311,1,上班高峰期用智驾真的需要勇气！！！比亚迪天神之眼B实战！,32608948144,76.71900,1,25,16777215,2025-12-10 01:01:19,1765299679,0,2feddf24,1998237555526801920,2公里30分钟建议您步行
BV1S6JXzeEZX,115259574585856,上班高峰期用智驾真的需要勇气！！！比亚迪天神之眼B实战！,拾贰不摄,2025-09-24 22:16:00,97454,311,1,上班高峰期用智驾真的需要勇气！！！比亚迪天神之眼B实战！,32608948144,93.07600,1,25,16777215,2025-11-30 12:00:00,1764475200,0,a39a0045,1991321324173750784,那个……那个
BV1S6JXzeEZX,115259574585856,上班高峰期用智驾真的需要勇气！！！比亚迪天神之眼B实战！,拾贰不摄,2025-09-24 22:16:00,97454,311,1,上班高峰期用智驾真的需要勇气！！！比亚迪天神之眼B实战！,32608948144,130.32000,1,25,16777215,2025-11-29 22:05:13,1764425113,0,89145548,1990901169426006784,唐l前边驾驶屏幕这么别扭
BV1S6JXzeEZX,115259574585856,上班高峰期用智驾真的需要勇气！！！比亚迪天神之眼B实战！,拾贰不摄,2025-09-24 22:16:00,97454,311,1,上班高峰期用智驾真的需要勇气！！！比亚迪天神之眼B实战！,32608948144,850.76900,1,25,16777215,2025-11-24 01:32:49,1763919169,0,c07f61c6,1986657001652100352,安全第一
BV1S6JXzeEZX,115259574585856,上班高峰期用智驾真的需要勇气！！！比亚迪天神之眼B实战！,拾贰不摄,2025-09-24 22:16:00,97454,311,1,上班高峰期用智驾真的需要勇气！！！比亚迪天神之眼B实战！,32608948144,48.37200,1,25,16777215,2025-11-20 18:27:53,1763634473,0,a0684be8,1984268799280465920,我天天智驾，搞得人水平下降很多，不会人工停车了
BV1S6JXzeEZX,115259574585856,上班高峰期用智驾真的需要勇气！！！比亚迪天神之眼B实战！,拾贰不摄,2025-09-24 22:16:00,97454,311,1,上班高峰期用智驾真的需要勇气！！！比亚迪天神之眼B实战！,32608948144,674.38000,1,25,16777215,2025-11-19 12:50:16,1763527816,0,61e080e6,1983374095140055040,让一下会好一点，不然左边会很堵，互相体谅一下吧
BV1S6JXzeEZX,115259574585856,上班高峰期用智驾真的需要勇气！！！比亚迪天神之眼B实战！,拾贰不摄,2025-09-24 22:16:00,97454,311,1,上班高峰期用智驾真的需要勇气！！！比亚迪天神之眼B实战！,32608948144,1126.55000,1,25,16777215,2025-11-18 00:50:04,1763398204,0,9acf310f,1982286828875217664,这是导航该优化的地方，应该提前建议更合理的车道
BV1S6JXzeEZX,115259574585856,上班高峰期用智驾真的需要勇气！！！比亚迪天神之眼B实战！,拾贰不摄,2025-09-24 22:16:00,97454,311,1,上班高峰期用智驾真的需要勇气！！！比亚迪天神之眼B实战！,32608948144,719.49900,1,25,16777215,2025-11-11 12:04:54,1762833894,0,8650eea1,1977553056270919168,直行让什么转弯，策略有问题。
BV1S6JXzeEZX,115259574585856,上班高峰期用智驾真的需要勇气！！！比亚迪天神之眼B实战！,拾贰不摄,2025-09-24 22:16:00,97454,311,1,上班高峰期用智驾真的需要勇气！！！比亚迪天神之眼B实战！,32608948144,2301.86500,1,25,16777215,2025-11-09 17:48:28,1762681708,0,9f8c8efe,1976276428395929088,这路也是够呛
BV1S6JXzeEZX,115259574585856,上班高峰期用智驾真的需要勇气！！！比亚迪天神之眼B实战！,拾贰不摄,2025-09-24 22:16:00,97454,311,1,上班高峰期用智驾真的需要勇气！！！比亚迪天神之眼B实战！,32608948144,1045.73800,1,25,16777215,2025-11-09 09:40:49,1762652449,0,7ea7568d,1976030982280984064,文明的开车反而不对啦
BV1S6JXzeEZX,115259574585856,上班高峰期用智驾真的需要勇气！！！比亚迪天神之眼B实战！,拾贰不摄,2025-09-24 22:16:00,97454,311,1,上班高峰期用智驾真的需要勇气！！！比亚迪天神之眼B实战！,32608948144,70.50200,1,25,16777215,2025-11-06 16:54:22,1762419262,0,68a181ae,1974074871948690944,两公里三十分钟你骑雅迪会被枪毙吗
BV1S6JXzeEZX,115259574585856,上班高峰期用智驾真的需要勇气！！！比亚迪天神之眼B实战！,拾贰不摄,2025-09-24 22:16:00,97454,311,1,上班高峰期用智驾真的需要勇气！！！比亚迪天神之眼B实战！,32608948144,360.59400,1,25,16777215,2025-11-05 22:16:29,1762352189,0,ab8c00fa,1973512214606440192,伤个屁 又没给你干破
BV1S6JXzeEZX,115259574585856,上班高峰期用智驾真的需要勇气！！！比亚迪天神之眼B实战！,拾贰不摄,2025-09-24 22:16:00,97454,311,1,上班高峰期用智驾真的需要勇气！！！比亚迪天神之眼B实战！,32608948144,1552.19100,1,25,16777215,2025-11-04 12:51:43,1762231903,0,4edc28,1972503190012854784,减速带呐
BV1S6JXzeEZX,115259574585856,上班高峰期用智驾真的需要勇气！！！比亚迪天神之眼B实战！,拾贰不摄,2025-09-24 22:16:00,97454,311,1,上班高峰期用智驾真的需要勇气！！！比亚迪天神之眼B实战！,32608948144,262.69100,1,25,16777215,2025-11-04 12:21:31,1762230091,0,4edc28,1972487983915877120,停的真随意啊
BV1S6JXzeEZX,115259574585856,上班高峰期用智驾真的需要勇气！！！比亚迪天神之眼B实战！,拾贰不摄,2025-09-24 22:16:00,97454,311,1,上班高峰期用智驾真的需要勇气！！！比亚迪天神之眼B实战！,32608948144,25.63100,1,25,16777215,2025-11-04 12:17:19,1762229839,0,4edc28,1972485871001933568,夺少？？
BV1S6JXzeEZX,115259574585856,上班高峰期用智驾真的需要勇气！！！比亚迪天神之眼B实战！,拾贰不摄,2025-09-24 22:16:00,97454,311,1,上班高峰期用智驾真的需要勇气！！！比亚迪天神之眼B实战！,32608948144,731.49000,1,25,16777215,2025-10-30 07:52:51,1761781971,0,1364df24,1968728883642237440,这种有掉头路口智架最好规划一下提前走另一条车道吧
BV1S6JXzeEZX,115259574585856,上班高峰期用智驾真的需要勇气！！！比亚迪天神之眼B实战！,拾贰不摄,2025-09-24 22:16:00,97454,311,1,上班高峰期用智驾真的需要勇气！！！比亚迪天神之眼B实战！,32608948144,275.36600,1,25,16777215,2025-10-29 14:58:15,1761721095,0,c32d6a5b,1968218217433032704,这块变道趋势不对啊
BV1S6JXzeEZX,115259574585856,上班高峰期用智驾真的需要勇气！！！比亚迪天神之眼B实战！,拾贰不摄,2025-09-24 22:16:00,97454,311,1,上班高峰期用智驾真的需要勇气！！！比亚迪天神之眼B实战！,32608948144,212.73300,1,25,16777215,2025-10-26 01:17:51,1761412671,0,e463b502,1965630969264993024,智驾可以说划时代
BV1S6JXzeEZX,115259574585856,上班高峰期用智驾真的需要勇气！！！比亚迪天神之眼B实战！,拾贰不摄,2025-09-24 22:16:00,97454,311,1,上班高峰期用智驾真的需要勇气！！！比亚迪天神之眼B实战！,32608948144,822.84600,1,25,16777215,2025-10-24 11:27:49,1761276469,0,f0069298,1964488428431876608,看来是安全优先
BV1S6JXzeEZX,115259574585856,上班高峰期用智驾真的需要勇气！！！比亚迪天神之眼B实战！,拾贰不摄,2025-09-24 22:16:00,97454,311,1,上班高峰期用智驾真的需要勇气！！！比亚迪天神之眼B实战！,32608948144,235.93100,1,25,16777215,2025-10-24 05:16:26,1761254186,0,697ccec6,1964301499215387136,不清楚挺正常的，你的脑子驾驭不了
BV1S6JXzeEZX,115259574585856,上班高峰期用智驾真的需要勇气！！！比亚迪天神之眼B实战！,拾贰不摄,2025-09-24 22:16:00,97454,311,1,上班高峰期用智驾真的需要勇气！！！比亚迪天神之眼B实战！,32608948144,87.05200,1,25,16777215,2025-10-24 05:13:54,1761254034,0,697ccec6,1964300226848276480,两公里34分钟，走路也只要21分钟
BV1S6JXzeEZX,115259574585856,上班高峰期用智驾真的需要勇气！！！比亚迪天神之眼B实战！,拾贰不摄,2025-09-24 22:16:00,97454,311,1,上班高峰期用智驾真的需要勇气！！！比亚迪天神之眼B实战！,32608948144,2364.17900,1,25,16777215,2025-10-21 19:44:44,1761047084,0,29f8c76d,1962564202821020672,我的钛7就这样操作过，就是等空子插进去
BV1S6JXzeEZX,115259574585856,上班高峰期用智驾真的需要勇气！！！比亚迪天神之眼B实战！,拾贰不摄,2025-09-24 22:16:00,97454,311,1,上班高峰期用智驾真的需要勇气！！！比亚迪天神之眼B实战！,32608948144,59.39400,1,25,16777215,2025-10-20 06:38:18,1760913498,0,20075ba6,1961443601930657280,他应该自己先按喇叭
BV1S6JXzeEZX,115259574585856,上班高峰期用智驾真的需要勇气！！！比亚迪天神之眼B实战！,拾贰不摄,2025-09-24 22:16:00,97454,311,1,上班高峰期用智驾真的需要勇气！！！比亚迪天神之眼B实战！,32608948144,1076.17200,1,25,16777215,2025-10-19 20:41:15,1760877675,0,386122cb,1961143102337248000,刚看了小米撞水桶……
BV1S6JXzeEZX,115259574585856,上班高峰期用智驾真的需要勇气！！！比亚迪天神之眼B实战！,拾贰不摄,2025-09-24 22:16:00,97454,311,1,上班高峰期用智驾真的需要勇气！！！比亚迪天神之眼B实战！,32608948144,127.28400,1,25,16777215,2025-10-19 17:35:43,1760866543,0,ff6555a6,1961049712979696384,不能插车载电源充电吗
BV1S6JXzeEZX,115259574585856,上班高峰期用智驾真的需要勇气！！！比亚迪天神之眼B实战！,拾贰不摄,2025-09-24 22:16:00,97454,311,1,上班高峰期用智驾真的需要勇气！！！比亚迪天神之眼B实战！,32608948144,60.69100,1,25,16777215,2025-10-14 14:25:19,1760423119,0,708258cc,1957330007890782976,出车祸的那位你在搞笑吗
BV1S6JXzeEZX,115259574585856,上班高峰期用智驾真的需要勇气！！！比亚迪天神之眼B实战！,拾贰不摄,2025-09-24 22:16:00,97454,311,1,上班高峰期用智驾真的需要勇气！！！比亚迪天神之眼B实战！,32608948144,711.06100,1,25,16777215,2025-10-13 23:45:52,1760370352,0,17f81f6,1956887361397454336,撞了也白车的全责
BV1S6JXzeEZX,115259574585856,上班高峰期用智驾真的需要勇气！！！比亚迪天神之眼B实战！,拾贰不摄,2025-09-24 22:16:00,97454,311,1,上班高峰期用智驾真的需要勇气！！！比亚迪天神之眼B实战！,32608948144,670.83200,1,25,16777215,2025-10-13 09:08:35,1760317715,0,eaa0e73b,1956445812913805824,太搞笑了
BV1S6JXzeEZX,115259574585856,上班高峰期用智驾真的需要勇气！！！比亚迪天神之眼B实战！,拾贰不摄,2025-09-24 22:16:00,97454,311,1,上班高峰期用智驾真的需要勇气！！！比亚迪天神之眼B实战！,32608948144,991.57300,1,25,16777215,2025-10-12 15:00:01,1760252401,0,8f575a0c,1955897917718367488,船夫哥
BV1S6JXzeEZX,115259574585856,上班高峰期用智驾真的需要勇气！！！比亚迪天神之眼B实战！,拾贰不摄,2025-09-24 22:16:00,97454,311,1,上班高峰期用智驾真的需要勇气！！！比亚迪天神之眼B实战！,32608948144,309.33100,1,25,16777215,2025-10-12 14:48:30,1760251710,0,8f575a0c,1955892122867611392,那是没1.2之前了
BV1S6JXzeEZX,115259574585856,上班高峰期用智驾真的需要勇气！！！比亚迪天神之眼B实战！,拾贰不摄,2025-09-24 22:16:00,97454,311,1,上班高峰期用智驾真的需要勇气！！！比亚迪天神之眼B实战！,32608948144,680.88000,1,25,16777215,2025-10-11 23:49:56,1760197796,0,8b65d8ea,1955439861511597056,三轮首功
BV1S6JXzeEZX,115259574585856,上班高峰期用智驾真的需要勇气！！！比亚迪天神之眼B实战！,拾贰不摄,2025-09-24 22:16:00,97454,311,1,上班高峰期用智驾真的需要勇气！！！比亚迪天神之眼B实战！,32608948144,448.33200,1,25,16777215,2025-10-11 23:45:55,1760197555,0,8b65d8ea,1955437841056831232,跟车有点远吧
BV1S6JXzeEZX,115259574585856,上班高峰期用智驾真的需要勇气！！！比亚迪天神之眼B实战！,拾贰不摄,2025-09-24 22:16:00,97454,311,1,上班高峰期用智驾真的需要勇气！！！比亚迪天神之眼B实战！,32608948144,68.09600,1,25,16777215,2025-10-11 23:02:43,1760194963,0,9f5fce56,1955416099571463680,两公里开三十四分钟还是改骑电动车吧。。。
BV1S6JXzeEZX,115259574585856,上班高峰期用智驾真的需要勇气！！！比亚迪天神之眼B实战！,拾贰不摄,2025-09-24 22:16:00,97454,311,1,上班高峰期用智驾真的需要勇气！！！比亚迪天神之眼B实战！,32608948144,559.20900,1,25,16777215,2025-10-11 10:58:34,1760151514,0,3b97cc20,1955051616357502976,前面的，你特么开赛车呢？城市高峰期你要激进？你特么有车吗？
BV1S6JXzeEZX,115259574585856,上班高峰期用智驾真的需要勇气！！！比亚迪天神之眼B实战！,拾贰不摄,2025-09-24 22:16:00,97454,311,1,上班高峰期用智驾真的需要勇气！！！比亚迪天神之眼B实战！,32608948144,36.75700,1,25,16777215,2025-10-09 19:01:05,1760007665,0,d7dda993,1953844926731538176,开幕雷击
BV1S6JXzeEZX,115259574585856,上班高峰期用智驾真的需要勇气！！！比亚迪天神之眼B实战！,拾贰不摄,2025-09-24 22:16:00,97454,311,1,上班高峰期用智驾真的需要勇气！！！比亚迪天神之眼B实战！,32608948144,63.77400,1,25,16777215,2025-10-08 22:50:56,1759935056,0,b7c00061,1953235841254482688,我们这边上班高峰期两公里要三十四分钟
BV1S6JXzeEZX,115259574585856,上班高峰期用智驾真的需要勇气！！！比亚迪天神之眼B实战！,拾贰不摄,2025-09-24 22:16:00,97454,311,1,上班高峰期用智驾真的需要勇气！！！比亚迪天神之眼B实战！,32608948144,2310.60200,5,25,15138834,2025-10-08 21:27:15,1759930035,0,f7020bc5,1953193714319631616,这是导航的问题。
BV1S6JXzeEZX,115259574585856,上班高峰期用智驾真的需要勇气！！！比亚迪天神之眼B实战！,拾贰不摄,2025-09-24 22:16:00,97454,311,1,上班高峰期用智驾真的需要勇气！！！比亚迪天神之眼B实战！,32608948144,297.93700,1,25,16777215,2025-10-08 14:38:42,1759905522,0,165ee2d2,1952988089698368000,你是没见过四线车道给你停成一线车道
BV1S6JXzeEZX,115259574585856,上班高峰期用智驾真的需要勇气！！！比亚迪天神之眼B实战！,拾贰不摄,2025-09-24 22:16:00,97454,311,1,上班高峰期用智驾真的需要勇气！！！比亚迪天神之眼B实战！,32608948144,23.80700,1,25,16777215,2025-10-07 17:00:29,1759827629,0,d526c8a5,1952334677751364864,哈哈哈哈，还是电驴好
BV1S6JXzeEZX,115259574585856,上班高峰期用智驾真的需要勇气！！！比亚迪天神之眼B实战！,拾贰不摄,2025-09-24 22:16:00,97454,311,1,上班高峰期用智驾真的需要勇气！！！比亚迪天神之眼B实战！,32608948144,90.30000,1,25,16777215,2025-10-07 13:50:54,1759816254,0,a522524f,1952239257569626112,有电驴应该减速超过，这太夯了。会出车祸。
BV1S6JXzeEZX,115259574585856,上班高峰期用智驾真的需要勇气！！！比亚迪天神之眼B实战！,拾贰不摄,2025-09-24 22:16:00,97454,311,1,上班高峰期用智驾真的需要勇气！！！比亚迪天神之眼B实战！,32608948144,1917.38100,1,25,16777215,2025-10-06 18:43:33,1759747413,0,fe2c4da8,1951661775250839296,不是说要向左变道嘛，一直没看到变道呢
BV1S6JXzeEZX,115259574585856,上班高峰期用智驾真的需要勇气！！！比亚迪天神之眼B实战！,拾贰不摄,2025-09-24 22:16:00,97454,311,1,上班高峰期用智驾真的需要勇气！！！比亚迪天神之眼B实战！,32608948144,2488.63100,1,25,16777215,2025-10-06 15:47:23,1759736843,0,deb0febd,1951573104518022912,这叫不能用
BV1S6JXzeEZX,115259574585856,上班高峰期用智驾真的需要勇气！！！比亚迪天神之眼B实战！,拾贰不摄,2025-09-24 22:16:00,97454,311,1,上班高峰期用智驾真的需要勇气！！！比亚迪天神之眼B实战！,32608948144,2222.79200,1,25,16777215,2025-10-06 15:44:31,1759736671,0,deb0febd,1951571663833290240,纯堵，这上班能开车
BV1S6JXzeEZX,115259574585856,上班高峰期用智驾真的需要勇气！！！比亚迪天神之眼B实战！,拾贰不摄,2025-09-24 22:16:00,97454,311,1,上班高峰期用智驾真的需要勇气！！！比亚迪天神之眼B实战！,32608948144,2192.06500,1,25,16777215,2025-10-06 15:44:09,1759736649,0,deb0febd,1951571480399995648,自行车都比开车快
BV1S6JXzeEZX,115259574585856,上班高峰期用智驾真的需要勇气！！！比亚迪天神之眼B实战！,拾贰不摄,2025-09-24 22:16:00,97454,311,1,上班高峰期用智驾真的需要勇气！！！比亚迪天神之眼B实战！,32608948144,1764.02100,1,25,16777215,2025-10-06 15:41:17,1759736477,0,deb0febd,1951570031930519040,不会很累吗
BV1S6JXzeEZX,115259574585856,上班高峰期用智驾真的需要勇气！！！比亚迪天神之眼B实战！,拾贰不摄,2025-09-24 22:16:00,97454,311,1,上班高峰期用智驾真的需要勇气！！！比亚迪天神之眼B实战！,32608948144,1721.32100,1,25,16777215,2025-10-06 15:40:48,1759736448,0,deb0febd,1951569790514812672,智障
BV1S6JXzeEZX,115259574585856,上班高峰期用智驾真的需要勇气！！！比亚迪天神之眼B实战！,拾贰不摄,2025-09-24 22:16:00,97454,311,1,上班高峰期用智驾真的需要勇气！！！比亚迪天神之眼B实战！,32608948144,1707.14300,1,25,16777215,2025-10-06 15:40:38,1759736438,0,deb0febd,1951569711200377600,智障
BV1S6JXzeEZX,115259574585856,上班高峰期用智驾真的需要勇气！！！比亚迪天神之眼B实战！,拾贰不摄,2025-09-24 22:16:00,97454,311,1,上班高峰期用智驾真的需要勇气！！！比亚迪天神之眼B实战！,32608948144,1417.03300,1,25,16777215,2025-10-06 15:38:10,1759736290,0,deb0febd,1951568463394912000,哪个城市的路
BV1S6JXzeEZX,115259574585856,上班高峰期用智驾真的需要勇气！！！比亚迪天神之眼B实战！,拾贰不摄,2025-09-24 22:16:00,97454,311,1,上班高峰期用智驾真的需要勇气！！！比亚迪天神之眼B实战！,32608948144,1301.53800,1,25,16777215,2025-10-06 15:36:53,1759736213,0,deb0febd,1951567820223870208,前面也是牛，路口停车下客
BV1S6JXzeEZX,115259574585856,上班高峰期用智驾真的需要勇气！！！比亚迪天神之眼B实战！,拾贰不摄,2025-09-24 22:16:00,97454,311,1,上班高峰期用智驾真的需要勇气！！！比亚迪天神之眼B实战！,32608948144,1128.70200,1,25,16777215,2025-10-06 15:34:57,1759736097,0,deb0febd,1951566850055833600,不用上班了今天是吧
BV1S6JXzeEZX,115259574585856,上班高峰期用智驾真的需要勇气！！！比亚迪天神之眼B实战！,拾贰不摄,2025-09-24 22:16:00,97454,311,1,上班高峰期用智驾真的需要勇气！！！比亚迪天神之眼B实战！,32608948144,1040.96300,1,25,16777215,2025-10-06 15:33:59,1759736039,0,deb0febd,1951566360656047872,贴个人工智障驾驶在车屁股
BV1S6JXzeEZX,115259574585856,上班高峰期用智驾真的需要勇气！！！比亚迪天神之眼B实战！,拾贰不摄,2025-09-24 22:16:00,97454,311,1,上班高峰期用智驾真的需要勇气！！！比亚迪天神之眼B实战！,32608948144,987.65500,1,25,16777215,2025-10-06 15:33:23,1759736003,0,deb0febd,1951566061216259584,不干你干谁
BV1S6JXzeEZX,115259574585856,上班高峰期用智驾真的需要勇气！！！比亚迪天神之眼B实战！,拾贰不摄,2025-09-24 22:16:00,97454,311,1,上班高峰期用智驾真的需要勇气！！！比亚迪天神之眼B实战！,32608948144,528.70300,1,25,16777215,2025-10-06 12:12:55,1759723975,0,a92c6e47,1951465157956183808,电鸡是什么
BV1S6JXzeEZX,115259574585856,上班高峰期用智驾真的需要勇气！！！比亚迪天神之眼B实战！,拾贰不摄,2025-09-24 22:16:00,97454,311,1,上班高峰期用智驾真的需要勇气！！！比亚迪天神之眼B实战！,32608948144,2490.85800,1,25,16777215,2025-10-05 23:14:13,1759677253,0,42c75fa8,1951073225379560192,距离实用好用还差挺远的
BV1S6JXzeEZX,115259574585856,上班高峰期用智驾真的需要勇气！！！比亚迪天神之眼B实战！,拾贰不摄,2025-09-24 22:16:00,97454,311,1,上班高峰期用智驾真的需要勇气！！！比亚迪天神之眼B实战！,32608948144,866.12100,1,25,16777215,2025-10-02 14:04:59,1759385099,0,f1c1ea15,1948622465366304000,看不懂变道逻辑
BV1S6JXzeEZX,115259574585856,上班高峰期用智驾真的需要勇气！！！比亚迪天神之眼B实战！,拾贰不摄,2025-09-24 22:16:00,97454,311,1,上班高峰期用智驾真的需要勇气！！！比亚迪天神之眼B实战！,32608948144,850.57700,1,25,16777215,2025-10-02 14:04:44,1759385084,0,f1c1ea15,1948622335678533888,天神B现在用下来有时候莫名其妙的变道还是有点多的
BV1S6JXzeEZX,115259574585856,上班高峰期用智驾真的需要勇气！！！比亚迪天神之眼B实战！,拾贰不摄,2025-09-24 22:16:00,97454,311,1,上班高峰期用智驾真的需要勇气！！！比亚迪天神之眼B实战！,32608948144,662.35200,1,25,16777215,2025-10-02 14:02:31,1759384951,0,f1c1ea15,1948621220195266816,没啥问题啊，变道撞了自己全责
BV1S6JXzeEZX,115259574585856,上班高峰期用智驾真的需要勇气！！！比亚迪天神之眼B实战！,拾贰不摄,2025-09-24 22:16:00,97454,311,1,上班高峰期用智驾真的需要勇气！！！比亚迪天神之眼B实战！,32608948144,741.01300,1,25,16777215,2025-10-01 15:58:08,1759305488,0,ec02db9e,1947954634711255552,这掉头的把黄实线都磨光了快
BV1S6JXzeEZX,115259574585856,上班高峰期用智驾真的需要勇气！！！比亚迪天神之眼B实战！,拾贰不摄,2025-09-24 22:16:00,97454,311,1,上班高峰期用智驾真的需要勇气！！！比亚迪天神之眼B实战！,32608948144,691.63300,1,25,16777215,2025-10-01 12:57:52,1759294672,0,e9588aa2,1947863907654198016,好别
BV1S6JXzeEZX,115259574585856,上班高峰期用智驾真的需要勇气！！！比亚迪天神之眼B实战！,拾贰不摄,2025-09-24 22:16:00,97454,311,1,上班高峰期用智驾真的需要勇气！！！比亚迪天神之眼B实战！,32608948144,649.74100,1,25,16777215,2025-10-01 12:52:24,1759294344,0,e9588aa2,1947861156626989312,智障了
BV1S6JXzeEZX,115259574585856,上班高峰期用智驾真的需要勇气！！！比亚迪天神之眼B实战！,拾贰不摄,2025-09-24 22:16:00,97454,311,1,上班高峰期用智驾真的需要勇气！！！比亚迪天神之眼B实战！,32608948144,2410.30400,1,25,16777215,2025-10-01 00:49:30,1759250970,3,d0cb7ae1,1947497305083276032,1
BV1S6JXzeEZX,115259574585856,上班高峰期用智驾真的需要勇气！！！比亚迪天神之眼B实战！,拾贰不摄,2025-09-24 22:16:00,97454,311,1,上班高峰期用智驾真的需要勇气！！！比亚迪天神之眼B实战！,32608948144,396.21300,1,25,16777215,2025-09-30 08:32:12,1759192332,0,efaea9dd,1947005414441138688,红绿灯起步跟车还是很快的
BV1S6JXzeEZX,115259574585856,上班高峰期用智驾真的需要勇气！！！比亚迪天神之眼B实战！,拾贰不摄,2025-09-24 22:16:00,97454,311,1,上班高峰期用智驾真的需要勇气！！！比亚迪天神之眼B实战！,32608948144,1690.29200,1,25,16777215,2025-09-28 22:35:11,1759070111,0,48242606,1945980148797695744,懒得吐槽
BV1S6JXzeEZX,115259574585856,上班高峰期用智驾真的需要勇气！！！比亚迪天神之眼B实战！,拾贰不摄,2025-09-24 22:16:00,97454,311,1,上班高峰期用智驾真的需要勇气！！！比亚迪天神之眼B实战！,32608948144,990.69600,1,25,16777215,2025-09-28 22:22:50,1759069370,0,48242606,1945973939315003904,还城市智驾普及只会更堵
BV1S6JXzeEZX,115259574585856,上班高峰期用智驾真的需要勇气！！！比亚迪天神之眼B实战！,拾贰不摄,2025-09-24 22:16:00,97454,311,1,上班高峰期用智驾真的需要勇气！！！比亚迪天神之眼B实战！,32608948144,38.41800,1,25,16777215,2025-09-28 10:45:41,1759027541,0,5bc4754,1945623048732420864,建议跑着去，因为哥们跑步还没上过5分钟
BV1S6JXzeEZX,115259574585856,上班高峰期用智驾真的需要勇气！！！比亚迪天神之眼B实战！,拾贰不摄,2025-09-24 22:16:00,97454,311,1,上班高峰期用智驾真的需要勇气！！！比亚迪天神之眼B实战！,32608948144,685.64200,1,25,16777215,2025-09-27 16:09:42,1758960582,0,93f00c67,1945061354797499904,这种路口赶时间就给一脚油，它就不让了
BV1S6JXzeEZX,115259574585856,上班高峰期用智驾真的需要勇气！！！比亚迪天神之眼B实战！,拾贰不摄,2025-09-24 22:16:00,97454,311,1,上班高峰期用智驾真的需要勇气！！！比亚迪天神之眼B实战！,32608948144,2474.18300,1,25,16777215,2025-09-27 13:35:51,1758951351,0,cba8da8e,1944983925663807488,礼貌性还换个词吧！应该叫垃圾智驾
BV1S6JXzeEZX,115259574585856,上班高峰期用智驾真的需要勇气！！！比亚迪天神之眼B实战！,拾贰不摄,2025-09-24 22:16:00,97454,311,1,上班高峰期用智驾真的需要勇气！！！比亚迪天神之眼B实战！,32608948144,2457.77600,1,25,16777215,2025-09-27 13:34:58,1758951298,0,cba8da8e,1944983480606137600,这还叫也问题不大，，大多了。
BV1S6JXzeEZX,115259574585856,上班高峰期用智驾真的需要勇气！！！比亚迪天神之眼B实战！,拾贰不摄,2025-09-24 22:16:00,97454,311,1,上班高峰期用智驾真的需要勇气！！！比亚迪天神之眼B实战！,32608948144,2455.67300,1,25,16777215,2025-09-27 13:34:34,1758951274,0,cba8da8e,1944983271822268672,睁眼说瞎话
BV1S6JXzeEZX,115259574585856,上班高峰期用智驾真的需要勇气！！！比亚迪天神之眼B实战！,拾贰不摄,2025-09-24 22:16:00,97454,311,1,上班高峰期用智驾真的需要勇气！！！比亚迪天神之眼B实战！,32608948144,2349.51500,1,25,16777215,2025-09-27 13:32:39,1758951159,0,cba8da8e,1944982310580160256,弱鸡智驾合格率99.999％
BV1S6JXzeEZX,115259574585856,上班高峰期用智驾真的需要勇气！！！比亚迪天神之眼B实战！,拾贰不摄,2025-09-24 22:16:00,97454,311,1,上班高峰期用智驾真的需要勇气！！！比亚迪天神之眼B实战！,32608948144,2207.33300,1,25,16777215,2025-09-27 13:29:48,1758950988,0,cba8da8e,1944980876933349376,弱鸡智驾
BV1S6JXzeEZX,115259574585856,上班高峰期用智驾真的需要勇气！！！比亚迪天神之眼B实战！,拾贰不摄,2025-09-24 22:16:00,97454,311,1,上班高峰期用智驾真的需要勇气！！！比亚迪天神之眼B实战！,32608948144,1856.07500,1,25,16777215,2025-09-27 13:23:01,1758950581,0,cba8da8e,1944977464967779840,开的磕磕绊绊的一点都不顺滑
BV1S6JXzeEZX,115259574585856,上班高峰期用智驾真的需要勇气！！！比亚迪天神之眼B实战！,拾贰不摄,2025-09-24 22:16:00,97454,311,1,上班高峰期用智驾真的需要勇气！！！比亚迪天神之眼B实战！,32608948144,1718.83000,1,25,16777215,2025-09-27 13:20:26,1758950426,0,cba8da8e,1944976160287603200,啥子萝莉
BV1S6JXzeEZX,115259574585856,上班高峰期用智驾真的需要勇气！！！比亚迪天神之眼B实战！,拾贰不摄,2025-09-24 22:16:00,97454,311,1,上班高峰期用智驾真的需要勇气！！！比亚迪天神之眼B实战！,32608948144,1601.61900,1,25,16777215,2025-09-27 13:18:21,1758950301,0,cba8da8e,1944975114865765120,这玩意无法防止别人加塞
BV1S6JXzeEZX,115259574585856,上班高峰期用智驾真的需要勇气！！！比亚迪天神之眼B实战！,拾贰不摄,2025-09-24 22:16:00,97454,311,1,上班高峰期用智驾真的需要勇气！！！比亚迪天神之眼B实战！,32608948144,1366.61700,1,25,16777215,2025-09-27 13:14:07,1758950047,0,cba8da8e,1944972979243532032,不如真人
BV1S6JXzeEZX,115259574585856,上班高峰期用智驾真的需要勇气！！！比亚迪天神之眼B实战！,拾贰不摄,2025-09-24 22:16:00,97454,311,1,上班高峰期用智驾真的需要勇气！！！比亚迪天神之眼B实战！,32608948144,1124.19900,1,25,16777215,2025-09-27 13:09:54,1758949794,0,cba8da8e,1944970861262660864,你这测试服啥玩意一塌糊涂，，应该知道他的不足之处提前干预的
BV1S6JXzeEZX,115259574585856,上班高峰期用智驾真的需要勇气！！！比亚迪天神之眼B实战！,拾贰不摄,2025-09-24 22:16:00,97454,311,1,上班高峰期用智驾真的需要勇气！！！比亚迪天神之眼B实战！,32608948144,1081.08600,1,25,16777215,2025-09-27 13:08:22,1758949702,0,cba8da8e,1944970089686731520,要我会在后面滴滴死你。
BV1S6JXzeEZX,115259574585856,上班高峰期用智驾真的需要勇气！！！比亚迪天神之眼B实战！,拾贰不摄,2025-09-24 22:16:00,97454,311,1,上班高峰期用智驾真的需要勇气！！！比亚迪天神之眼B实战！,32608948144,924.87500,1,25,16777215,2025-09-27 13:05:17,1758949517,0,cba8da8e,1944968535017597440,就特么这点处理能力？？上班都要被骂死了，因为开智驾每天早都迟到
BV1S6JXzeEZX,115259574585856,上班高峰期用智驾真的需要勇气！！！比亚迪天神之眼B实战！,拾贰不摄,2025-09-24 22:16:00,97454,311,1,上班高峰期用智驾真的需要勇气！！！比亚迪天神之眼B实战！,32608948144,547.80300,1,25,16777215,2025-09-27 12:57:52,1758949072,0,cba8da8e,1944964801533407232,太慢了，不够激进
BV1S6JXzeEZX,115259574585856,上班高峰期用智驾真的需要勇气！！！比亚迪天神之眼B实战！,拾贰不摄,2025-09-24 22:16:00,97454,311,1,上班高峰期用智驾真的需要勇气！！！比亚迪天神之眼B实战！,32608948144,1238.18100,1,25,16777215,2025-09-27 09:20:51,1758936051,0,476b9735,1944855579231333888,要被直行车主骂死
BV1S6JXzeEZX,115259574585856,上班高峰期用智驾真的需要勇气！！！比亚迪天神之眼B实战！,拾贰不摄,2025-09-24 22:16:00,97454,311,1,上班高峰期用智驾真的需要勇气！！！比亚迪天神之眼B实战！,32608948144,219.79300,1,25,16777215,2025-09-27 08:39:25,1758933565,0,49164cc8,1944834724187240192,电耗20多？
BV1S6JXzeEZX,115259574585856,上班高峰期用智驾真的需要勇气！！！比亚迪天神之眼B实战！,拾贰不摄,2025-09-24 22:16:00,97454,311,1,上班高峰期用智驾真的需要勇气！！！比亚迪天神之眼B实战！,32608948144,52.47200,1,25,16777215,2025-09-27 01:07:11,1758906431,0,eec2849b,1944607107119275776,那还不如小牛电动车开开快
BV1S6JXzeEZX,115259574585856,上班高峰期用智驾真的需要勇气！！！比亚迪天神之眼B实战！,拾贰不摄,2025-09-24 22:16:00,97454,311,1,上班高峰期用智驾真的需要勇气！！！比亚迪天神之眼B实战！,32608948144,25.67600,1,25,16777215,2025-09-27 01:06:44,1758906404,0,eec2849b,1944606882916965632,夺少
BV1S6JXzeEZX,115259574585856,上班高峰期用智驾真的需要勇气！！！比亚迪天神之眼B实战！,拾贰不摄,2025-09-24 22:16:00,97454,311,1,上班高峰期用智驾真的需要勇气！！！比亚迪天神之眼B实战！,32608948144,666.07700,1,25,16777215,2025-09-27 00:13:21,1758903201,0,4b458226,1944580008660569600,这个真用不了
BV1S6JXzeEZX,115259574585856,上班高峰期用智驾真的需要勇气！！！比亚迪天神之眼B实战！,拾贰不摄,2025-09-24 22:16:00,97454,311,1,上班高峰期用智驾真的需要勇气！！！比亚迪天神之眼B实战！,32608948144,666.07700,1,25,16777215,2025-09-27 00:13:08,1758903188,0,4b458226,1944579901118486016,看不下去了
BV1S6JXzeEZX,115259574585856,上班高峰期用智驾真的需要勇气！！！比亚迪天神之眼B实战！,拾贰不摄,2025-09-24 22:16:00,97454,311,1,上班高峰期用智驾真的需要勇气！！！比亚迪天神之眼B实战！,32608948144,448.20300,1,25,16777215,2025-09-26 22:48:35,1758898115,0,29202c78,1944537344191856896,堵死民治
BV1S6JXzeEZX,115259574585856,上班高峰期用智驾真的需要勇气！！！比亚迪天神之眼B实战！,拾贰不摄,2025-09-24 22:16:00,97454,311,1,上班高峰期用智驾真的需要勇气！！！比亚迪天神之眼B实战！,32608948144,882.15900,1,25,16777215,2025-09-26 20:52:46,1758891166,0,e2d5916b,1944479052988138496,在思考人生
BV1S6JXzeEZX,115259574585856,上班高峰期用智驾真的需要勇气！！！比亚迪天神之眼B实战！,拾贰不摄,2025-09-24 22:16:00,97454,311,1,上班高峰期用智驾真的需要勇气！！！比亚迪天神之眼B实战！,32608948144,336.39300,1,25,16777215,2025-09-26 20:52:32,1758891152,0,99b9292d,1944478932905070848,这才叫一镜到底
BV1S6JXzeEZX,115259574585856,上班高峰期用智驾真的需要勇气！！！比亚迪天神之眼B实战！,拾贰不摄,2025-09-24 22:16:00,97454,311,1,上班高峰期用智驾真的需要勇气！！！比亚迪天神之眼B实战！,32608948144,377.29700,1,25,16777215,2025-09-26 20:41:02,1758890462,0,72150c34,1944473148171431936,全是违停啊？妥妥创收
BV1S6JXzeEZX,115259574585856,上班高峰期用智驾真的需要勇气！！！比亚迪天神之眼B实战！,拾贰不摄,2025-09-24 22:16:00,97454,311,1,上班高峰期用智驾真的需要勇气！！！比亚迪天神之眼B实战！,32608948144,344.94000,1,25,16777215,2025-09-26 20:40:30,1758890430,0,72150c34,1944472876699303168,深圳啊？
BV1S6JXzeEZX,115259574585856,上班高峰期用智驾真的需要勇气！！！比亚迪天神之眼B实战！,拾贰不摄,2025-09-24 22:16:00,97454,311,1,上班高峰期用智驾真的需要勇气！！！比亚迪天神之眼B实战！,32608948144,268.00800,1,25,16755202,2025-09-26 20:16:00,1758888960,0,454d5a68,1944460552080696832,你们这城市，行车道能随便停车？
BV1S6JXzeEZX,115259574585856,上班高峰期用智驾真的需要勇气！！！比亚迪天神之眼B实战！,拾贰不摄,2025-09-24 22:16:00,97454,311,1,上班高峰期用智驾真的需要勇气！！！比亚迪天神之眼B实战！,32608948144,824.35200,1,25,16777215,2025-09-26 20:14:31,1758888871,0,186e98bd,1944459799303668480,智驾还是差点意思
BV1S6JXzeEZX,115259574585856,上班高峰期用智驾真的需要勇气！！！比亚迪天神之眼B实战！,拾贰不摄,2025-09-24 22:16:00,97454,311,1,上班高峰期用智驾真的需要勇气！！！比亚迪天神之眼B实战！,32608948144,336.82500,1,25,16777215,2025-09-26 19:51:17,1758887477,0,ec1def3a,1944448108838532608,你真跳过了吗？
BV1S6JXzeEZX,115259574585856,上班高峰期用智驾真的需要勇气！！！比亚迪天神之眼B实战！,拾贰不摄,2025-09-24 22:16:00,97454,311,1,上班高峰期用智驾真的需要勇气！！！比亚迪天神之眼B实战！,32608948144,420.28700,1,25,16777215,2025-09-26 17:49:30,1758880170,0,9c8e4c3b,1944386812458393600,这样挺好的啊会减速
BV1S6JXzeEZX,115259574585856,上班高峰期用智驾真的需要勇气！！！比亚迪天神之眼B实战！,拾贰不摄,2025-09-24 22:16:00,97454,311,1,上班高峰期用智驾真的需要勇气！！！比亚迪天神之眼B实战！,32608948144,52.62000,1,25,16777215,2025-09-26 15:18:01,1758871081,0,dead950f,1944310566076273408,好危险  在我们这小城市 已经出车祸了
BV1S6JXzeEZX,115259574585856,上班高峰期用智驾真的需要勇气！！！比亚迪天神之眼B实战！,拾贰不摄,2025-09-24 22:16:00,97454,311,1,上班高峰期用智驾真的需要勇气！！！比亚迪天神之眼B实战！,32608948144,1545.53100,1,25,16777215,2025-09-26 14:09:21,1758866961,0,ab169cd8,1944276006848258048,为什么是黄线
BV1S6JXzeEZX,115259574585856,上班高峰期用智驾真的需要勇气！！！比亚迪天神之眼B实战！,拾贰不摄,2025-09-24 22:16:00,97454,311,1,上班高峰期用智驾真的需要勇气！！！比亚迪天神之眼B实战！,32608948144,1332.35900,1,25,16777215,2025-09-26 14:06:30,1758866790,0,ab169cd8,1944274570811209984,太恶心一点
BV1S6JXzeEZX,115259574585856,上班高峰期用智驾真的需要勇气！！！比亚迪天神之眼B实战！,拾贰不摄,2025-09-24 22:16:00,97454,311,1,上班高峰期用智驾真的需要勇气！！！比亚迪天神之眼B实战！,32608948144,1240.53800,1,25,16777215,2025-09-26 14:04:58,1758866698,0,ab169cd8,1944273800275218176,把直行给堵了
BV1S6JXzeEZX,115259574585856,上班高峰期用智驾真的需要勇气！！！比亚迪天神之眼B实战！,拾贰不摄,2025-09-24 22:16:00,97454,311,1,上班高峰期用智驾真的需要勇气！！！比亚迪天神之眼B实战！,32608948144,271.94900,1,25,16777215,2025-09-26 13:56:03,1758866163,0,c52a9ce3,1944269310810019072,我不喜欢自驾超过3小时，羡慕高速能自驾的车型，只能说买早了！惨
BV1S6JXzeEZX,115259574585856,上班高峰期用智驾真的需要勇气！！！比亚迪天神之眼B实战！,拾贰不摄,2025-09-24 22:16:00,97454,311,1,上班高峰期用智驾真的需要勇气！！！比亚迪天神之眼B实战！,32608948144,447.05600,1,25,16777215,2025-09-26 13:48:28,1758865708,0,ab169cd8,1944265498615181056,罚款项目那么多，开车真累
BV1S6JXzeEZX,115259574585856,上班高峰期用智驾真的需要勇气！！！比亚迪天神之眼B实战！,拾贰不摄,2025-09-24 22:16:00,97454,311,1,上班高峰期用智驾真的需要勇气！！！比亚迪天神之眼B实战！,32608948144,89.78600,1,25,16777215,2025-09-26 13:41:39,1758865299,0,ab169cd8,1944262067347285504,0.2G
BV1S6JXzeEZX,115259574585856,上班高峰期用智驾真的需要勇气！！！比亚迪天神之眼B实战！,拾贰不摄,2025-09-24 22:16:00,97454,311,1,上班高峰期用智驾真的需要勇气！！！比亚迪天神之眼B实战！,32608948144,2411.00000,1,25,16777215,2025-09-26 13:19:36,1758863976,3,6809bf11,1944250963447719424,1
BV1S6JXzeEZX,115259574585856,上班高峰期用智驾真的需要勇气！！！比亚迪天神之眼B实战！,拾贰不摄,2025-09-24 22:16:00,97454,311,1,上班高峰期用智驾真的需要勇气！！！比亚迪天神之眼B实战！,32608948144,1008.13100,1,25,16777215,2025-09-26 12:22:12,1758860532,0,8d55974e,1944222076370058752,你应该在屁股后面贴个标识“辅助驾驶测试，随时急刹”
BV1S6JXzeEZX,115259574585856,上班高峰期用智驾真的需要勇气！！！比亚迪天神之眼B实战！,拾贰不摄,2025-09-24 22:16:00,97454,311,1,上班高峰期用智驾真的需要勇气！！！比亚迪天神之眼B实战！,32608948144,325.13900,1,25,16777215,2025-09-26 11:39:58,1758857998,0,c6ed066f,1944200816718305024,小米呗
BV1S6JXzeEZX,115259574585856,上班高峰期用智驾真的需要勇气！！！比亚迪天神之眼B实战！,拾贰不摄,2025-09-24 22:16:00,97454,311,1,上班高峰期用智驾真的需要勇气！！！比亚迪天神之眼B实战！,32608948144,299.42700,1,25,16777215,2025-09-26 10:44:09,1758854649,0,a24040ec,1944172726751262464,说智驾没用的，你踏马就当请个不要钱的司机，你不愿要就买你的油车
BV1S6JXzeEZX,115259574585856,上班高峰期用智驾真的需要勇气！！！比亚迪天神之眼B实战！,拾贰不摄,2025-09-24 22:16:00,97454,311,1,上班高峰期用智驾真的需要勇气！！！比亚迪天神之眼B实战！,32608948144,189.15800,1,25,16777215,2025-09-26 10:41:45,1758854505,0,a24040ec,1944171515545366016,这路边停这些车素质也太低了吧
BV1S6JXzeEZX,115259574585856,上班高峰期用智驾真的需要勇气！！！比亚迪天神之眼B实战！,拾贰不摄,2025-09-24 22:16:00,97454,311,1,上班高峰期用智驾真的需要勇气！！！比亚迪天神之眼B实战！,32608948144,203.65600,1,25,16777215,2025-09-26 10:21:04,1758853264,0,456687eb,1944161110912008192,目前不太清楚智驾意义何在
BV1S6JXzeEZX,115259574585856,上班高峰期用智驾真的需要勇气！！！比亚迪天神之眼B实战！,拾贰不摄,2025-09-24 22:16:00,97454,311,1,上班高峰期用智驾真的需要勇气！！！比亚迪天神之眼B实战！,32608948144,95.60700,1,25,16777215,2025-09-26 10:19:16,1758853156,0,456687eb,1944160204355244544,画面问题，实际上四十五时速不快
BV1S6JXzeEZX,115259574585856,上班高峰期用智驾真的需要勇气！！！比亚迪天神之眼B实战！,拾贰不摄,2025-09-24 22:16:00,97454,311,1,上班高峰期用智驾真的需要勇气！！！比亚迪天神之眼B实战！,32608948144,409.28000,1,25,16777215,2025-09-26 04:23:51,1758831831,0,81552d7e,1943981312231278080,礼貌的驾驶风格我喜欢
BV1S6JXzeEZX,115259574585856,上班高峰期用智驾真的需要勇气！！！比亚迪天神之眼B实战！,拾贰不摄,2025-09-24 22:16:00,97454,311,1,上班高峰期用智驾真的需要勇气！！！比亚迪天神之眼B实战！,32608948144,342.05000,1,25,16777215,2025-09-26 04:22:43,1758831763,0,81552d7e,1943980742292358912,红绿灯慢是非常正确的
BV1S6JXzeEZX,115259574585856,上班高峰期用智驾真的需要勇气！！！比亚迪天神之眼B实战！,拾贰不摄,2025-09-24 22:16:00,97454,311,1,上班高峰期用智驾真的需要勇气！！！比亚迪天神之眼B实战！,32608948144,175.13700,1,25,16777215,2025-09-26 04:19:32,1758831572,0,81552d7e,1943979138549862656,慢点是正确的
BV1S6JXzeEZX,115259574585856,上班高峰期用智驾真的需要勇气！！！比亚迪天神之眼B实战！,拾贰不摄,2025-09-24 22:16:00,97454,311,1,上班高峰期用智驾真的需要勇气！！！比亚迪天神之眼B实战！,32608948144,1028.57100,1,25,16777215,2025-09-26 04:11:19,1758831079,0,7e12f285,1943975008276075520,高峰期我只有在堵车的地方开，要不踩得太累了
BV1S6JXzeEZX,115259574585856,上班高峰期用智驾真的需要勇气！！！比亚迪天神之眼B实战！,拾贰不摄,2025-09-24 22:16:00,97454,311,1,上班高峰期用智驾真的需要勇气！！！比亚迪天神之眼B实战！,32608948144,119.47200,1,25,16777215,2025-09-26 01:40:51,1758822051,0,700084d7,1943899275176382208,那个 那个 那个 那个 那个 那个 那个 那个 ~.. 那个  ..
BV1S6JXzeEZX,115259574585856,上班高峰期用智驾真的需要勇气！！！比亚迪天神之眼B实战！,拾贰不摄,2025-09-24 22:16:00,97454,311,1,上班高峰期用智驾真的需要勇气！！！比亚迪天神之眼B实战！,32608948144,1730.93600,1,25,16777215,2025-09-26 01:24:40,1758821080,0,915ce906,1943891132237201408,我认为是需要数据反馈优化算法，跟算力成本关系不大。这没有预判更远的路径行为。
BV1S6JXzeEZX,115259574585856,上班高峰期用智驾真的需要勇气！！！比亚迪天神之眼B实战！,拾贰不摄,2025-09-24 22:16:00,97454,311,1,上班高峰期用智驾真的需要勇气！！！比亚迪天神之眼B实战！,32608948144,1206.04800,1,25,16777215,2025-09-26 00:17:16,1758817036,0,dea30a9e,1943857208555059200,影石：哥们质量还是挺好的
BV1S6JXzeEZX,115259574585856,上班高峰期用智驾真的需要勇气！！！比亚迪天神之眼B实战！,拾贰不摄,2025-09-24 22:16:00,97454,311,1,上班高峰期用智驾真的需要勇气！！！比亚迪天神之眼B实战！,32608948144,986.68700,1,25,16777215,2025-09-26 00:11:39,1758816699,0,a372b02f,1943854375772850688,碰到脾气大的 直接给你追尾。
BV1S6JXzeEZX,115259574585856,上班高峰期用智驾真的需要勇气！！！比亚迪天神之眼B实战！,拾贰不摄,2025-09-24 22:16:00,97454,311,1,上班高峰期用智驾真的需要勇气！！！比亚迪天神之眼B实战！,32608948144,285.84400,1,25,16777215,2025-09-26 00:04:44,1758816284,0,24b691d4,1943850899709520640,"后面这个b车又急喜欢滴,结果红灯明明双直行道还非要排别人后面,无语"
BV1S6JXzeEZX,115259574585856,上班高峰期用智驾真的需要勇气！！！比亚迪天神之眼B实战！,拾贰不摄,2025-09-24 22:16:00,97454,311,1,上班高峰期用智驾真的需要勇气！！！比亚迪天神之眼B实战！,32608948144,846.17600,1,25,16777215,2025-09-25 23:32:32,1758814352,0,c833e2e6,1943834693657161472,礼貌个毛线，还是水平不够
BV1S6JXzeEZX,115259574585856,上班高峰期用智驾真的需要勇气！！！比亚迪天神之眼B实战！,拾贰不摄,2025-09-24 22:16:00,97454,311,1,上班高峰期用智驾真的需要勇气！！！比亚迪天神之眼B实战！,32608948144,20.20000,1,25,16777215,2025-09-25 22:50:35,1758811835,0,a67038f9,1943813580235673344,拍的像开卡车
BV1S6JXzeEZX,115259574585856,上班高峰期用智驾真的需要勇气！！！比亚迪天神之眼B实战！,拾贰不摄,2025-09-24 22:16:00,97454,311,1,上班高峰期用智驾真的需要勇气！！！比亚迪天神之眼B实战！,32608948144,407.92600,1,25,16777215,2025-09-25 22:19:09,1758809949,0,8ec9e481,1943797752123264000,减速也好，总比真有闯的冲出来怼飞好
BV1S6JXzeEZX,115259574585856,上班高峰期用智驾真的需要勇气！！！比亚迪天神之眼B实战！,拾贰不摄,2025-09-24 22:16:00,97454,311,1,上班高峰期用智驾真的需要勇气！！！比亚迪天神之眼B实战！,32608948144,390.46200,1,25,16777215,2025-09-25 21:59:51,1758808791,0,2b60712c,1943788040078118656,没有绿波路段吗
BV1S6JXzeEZX,115259574585856,上班高峰期用智驾真的需要勇气！！！比亚迪天神之眼B实战！,拾贰不摄,2025-09-24 22:16:00,97454,311,1,上班高峰期用智驾真的需要勇气！！！比亚迪天神之眼B实战！,32608948144,1884.46200,1,25,16777215,2025-09-25 21:34:22,1758807262,0,9112e8a,1943775217965576192,打左灯变右道。。。
BV1S6JXzeEZX,115259574585856,上班高峰期用智驾真的需要勇气！！！比亚迪天神之眼B实战！,拾贰不摄,2025-09-24 22:16:00,97454,311,1,上班高峰期用智驾真的需要勇气！！！比亚迪天神之眼B实战！,32608948144,255.43800,1,25,16777215,2025-09-25 21:11:38,1758805898,0,9112e8a,1943763771768561152,旁边那车停的真可恶
BV1S6JXzeEZX,115259574585856,上班高峰期用智驾真的需要勇气！！！比亚迪天神之眼B实战！,拾贰不摄,2025-09-24 22:16:00,97454,311,1,上班高峰期用智驾真的需要勇气！！！比亚迪天神之眼B实战！,32608948144,274.61300,1,25,16777215,2025-09-25 20:00:37,1758801637,0,3fcaa4b0,1943728030451274240,广角有畸变 会比实际要快
BV1S6JXzeEZX,115259574585856,上班高峰期用智驾真的需要勇气！！！比亚迪天神之眼B实战！,拾贰不摄,2025-09-24 22:16:00,97454,311,1,上班高峰期用智驾真的需要勇气！！！比亚迪天神之眼B实战！,32608948144,118.21500,1,25,16777215,2025-09-25 19:36:19,1758800179,0,9ec69e48,1943715795968596736,没错，你卡了
BV1S6JXzeEZX,115259574585856,上班高峰期用智驾真的需要勇气！！！比亚迪天神之眼B实战！,拾贰不摄,2025-09-24 22:16:00,97454,311,1,上班高峰期用智驾真的需要勇气！！！比亚迪天神之眼B实战！,32608948144,21.87500,1,25,16777215,2025-09-25 18:48:25,1758797305,0,edf6b4a0,1943691692671285504,?
BV1S6JXzeEZX,115259574585856,上班高峰期用智驾真的需要勇气！！！比亚迪天神之眼B实战！,拾贰不摄,2025-09-24 22:16:00,97454,311,1,上班高峰期用智驾真的需要勇气！！！比亚迪天神之眼B实战！,32608948144,580.68200,1,25,16777215,2025-09-25 18:41:19,1758796879,0,9c7dc0c3,1943688116993134336,这些电动车是怎么敢往最左边道跑得
BV1S6JXzeEZX,115259574585856,上班高峰期用智驾真的需要勇气！！！比亚迪天神之眼B实战！,拾贰不摄,2025-09-24 22:16:00,97454,311,1,上班高峰期用智驾真的需要勇气！！！比亚迪天神之眼B实战！,32608948144,2339.48800,1,25,16777215,2025-09-25 18:20:44,1758795644,0,ca4f8563,1943677754881159936,这种时候是真绝望
BV1S6JXzeEZX,115259574585856,上班高峰期用智驾真的需要勇气！！！比亚迪天神之眼B实战！,拾贰不摄,2025-09-24 22:16:00,97454,311,1,上班高峰期用智驾真的需要勇气！！！比亚迪天神之眼B实战！,32608948144,233.78000,1,25,16777215,2025-09-25 18:01:14,1758794474,0,b68f9c0f,1943667941988390912,这叫哪门子高峰啊 虚头啊
BV1S6JXzeEZX,115259574585856,上班高峰期用智驾真的需要勇气！！！比亚迪天神之眼B实战！,拾贰不摄,2025-09-24 22:16:00,97454,311,1,上班高峰期用智驾真的需要勇气！！！比亚迪天神之眼B实战！,32608948144,54.11200,1,25,16777215,2025-09-25 14:55:40,1758783340,0,7f2e1f0f,1943574542388079360,都没车还叫高峰期？
BV1S6JXzeEZX,115259574585856,上班高峰期用智驾真的需要勇气！！！比亚迪天神之眼B实战！,拾贰不摄,2025-09-24 22:16:00,97454,311,1,上班高峰期用智驾真的需要勇气！！！比亚迪天神之眼B实战！,32608948144,225.73800,1,25,16777215,2025-09-25 13:17:29,1758777449,0,b6353417,1943525125954214144,这是运动相机自带的
BV1S6JXzeEZX,115259574585856,上班高峰期用智驾真的需要勇气！！！比亚迪天神之眼B实战！,拾贰不摄,2025-09-24 22:16:00,97454,311,1,上班高峰期用智驾真的需要勇气！！！比亚迪天神之眼B实战！,32608948144,663.81400,1,25,16777215,2025-09-25 13:07:47,1758776867,0,2d44398,1943520245855931136,你永远不知道你前面的车到底发生了什么（）
BV1S6JXzeEZX,115259574585856,上班高峰期用智驾真的需要勇气！！！比亚迪天神之眼B实战！,拾贰不摄,2025-09-24 22:16:00,97454,311,1,上班高峰期用智驾真的需要勇气！！！比亚迪天神之眼B实战！,32608948144,409.56300,1,25,16777215,2025-09-25 13:03:17,1758776597,0,2d44398,1943517981787173888,还算好的这个路况，红灯+车流量大才真的要命
BV1S6JXzeEZX,115259574585856,上班高峰期用智驾真的需要勇气！！！比亚迪天神之眼B实战！,拾贰不摄,2025-09-24 22:16:00,97454,311,1,上班高峰期用智驾真的需要勇气！！！比亚迪天神之眼B实战！,32608948144,1723.43000,1,25,16777215,2025-09-25 12:49:19,1758775759,0,b5109415,1943510948677478912,这样算法成本低吧。不需要太高的算力支持
BV1S6JXzeEZX,115259574585856,上班高峰期用智驾真的需要勇气！！！比亚迪天神之眼B实战！,拾贰不摄,2025-09-24 22:16:00,97454,311,1,上班高峰期用智驾真的需要勇气！！！比亚迪天神之眼B实战！,32608948144,687.10800,1,25,16777215,2025-09-25 12:44:12,1758775452,0,e69bb02f,1943508372167588864,看来开这玩意儿得自己脸皮厚才行 不在乎别人怎么想 只在乎自己悠悠闲闲慢慢开 我觉得还行
BV1S6JXzeEZX,115259574585856,上班高峰期用智驾真的需要勇气！！！比亚迪天神之眼B实战！,拾贰不摄,2025-09-24 22:16:00,97454,311,1,上班高峰期用智驾真的需要勇气！！！比亚迪天神之眼B实战！,32608948144,660.20800,1,25,16777215,2025-09-25 12:43:35,1758775415,0,e69bb02f,1943508059599538432,如坐针毡啊
BV1S6JXzeEZX,115259574585856,上班高峰期用智驾真的需要勇气！！！比亚迪天神之眼B实战！,拾贰不摄,2025-09-24 22:16:00,97454,311,1,上班高峰期用智驾真的需要勇气！！！比亚迪天神之眼B实战！,32608948144,210.11000,1,25,16777215,2025-09-25 12:08:48,1758773328,0,5bb30044,1943490558253622528,卧槽右下角还有加速度的数据？太牛了
BV1S6JXzeEZX,115259574585856,上班高峰期用智驾真的需要勇气！！！比亚迪天神之眼B实战！,拾贰不摄,2025-09-24 22:16:00,97454,311,1,上班高峰期用智驾真的需要勇气！！！比亚迪天神之眼B实战！,32608948144,248.80500,1,25,16777215,2025-09-25 12:05:42,1758773142,0,63c08129,1943488994373742336,显示30不到，但看着速度好快啊
BV1S6JXzeEZX,115259574585856,上班高峰期用智驾真的需要勇气！！！比亚迪天神之眼B实战！,拾贰不摄,2025-09-24 22:16:00,97454,311,1,上班高峰期用智驾真的需要勇气！！！比亚迪天神之眼B实战！,32608948144,755.56500,1,25,16777215,2025-09-25 11:18:39,1758770319,0,7536dd51,1943465317049780736,不是，你这还不接管等啥呢
BV1S6JXzeEZX,115259574585856,上班高峰期用智驾真的需要勇气！！！比亚迪天神之眼B实战！,拾贰不摄,2025-09-24 22:16:00,97454,311,1,上班高峰期用智驾真的需要勇气！！！比亚迪天神之眼B实战！,32608948144,404.41000,1,25,16777215,2025-09-25 10:49:32,1758768572,0,7b13fd63,1943450658242075904,只要有斑马线，它都会有一个减速动作
BV1S6JXzeEZX,115259574585856,上班高峰期用智驾真的需要勇气！！！比亚迪天神之眼B实战！,拾贰不摄,2025-09-24 22:16:00,97454,311,1,上班高峰期用智驾真的需要勇气！！！比亚迪天神之眼B实战！,32608948144,343.29900,1,25,16777215,2025-09-25 10:29:51,1758767391,0,8604afdf,1943440754080890368,保守
BV1S6JXzeEZX,115259574585856,上班高峰期用智驾真的需要勇气！！！比亚迪天神之眼B实战！,拾贰不摄,2025-09-24 22:16:00,97454,311,1,上班高峰期用智驾真的需要勇气！！！比亚迪天神之眼B实战！,32608948144,24.77100,1,25,16777215,2025-09-25 10:23:09,1758766989,0,633434d8,1943437383924125952,我每天都在用智驾
BV1S6JXzeEZX,115259574585856,上班高峰期用智驾真的需要勇气！！！比亚迪天神之眼B实战！,拾贰不摄,2025-09-24 22:16:00,97454,311,1,上班高峰期用智驾真的需要勇气！！！比亚迪天神之眼B实战！,32608948144,2512.09900,1,25,16777215,2025-09-25 10:22:14,1758766934,0,c77829f8,1943436916905684480,主要的通行效率的问题
BV1S6JXzeEZX,115259574585856,上班高峰期用智驾真的需要勇气！！！比亚迪天神之眼B实战！,拾贰不摄,2025-09-24 22:16:00,97454,311,1,上班高峰期用智驾真的需要勇气！！！比亚迪天神之眼B实战！,32608948144,1437.18900,1,25,16777215,2025-09-25 10:12:12,1758766332,0,c77829f8,1943431866863104768,跟车一档这么远的吗
BV1S6JXzeEZX,115259574585856,上班高峰期用智驾真的需要勇气！！！比亚迪天神之眼B实战！,拾贰不摄,2025-09-24 22:16:00,97454,311,1,上班高峰期用智驾真的需要勇气！！！比亚迪天神之眼B实战！,32608948144,1.47000,1,25,16777215,2025-09-25 07:50:54,1758757854,0,666fedd5,1943360753394392064,厉害
BV1afV26xEfc,116685554059332,智驾全面兜底！40万的天神之眼5表现行不行？「腾势D9 智驾纽北」,智能车研究所,2026-06-03 18:06:25,37502,452,1,同路线对比，40万的天神之眼5表现行不行？,38826281794,192.19000,1,25,16777215,2026-06-04 00:24:16,1780503856,0,fb1a28f,2125779441191463936,sr界面都要跨实线变道过去了 当然要算
BV1afV26xEfc,116685554059332,智驾全面兜底！40万的天神之眼5表现行不行？「腾势D9 智驾纽北」,智能车研究所,2026-06-03 18:06:25,37502,452,1,同路线对比，40万的天神之眼5表现行不行？,38826281794,200.01200,1,25,16777215,2026-06-03 21:16:27,1780492587,0,95267114,2125684905924536576,这还不能算？已经输出了实线变道的轨迹了   不干预  肯定就变过去了
BV1afV26xEfc,116685554059332,智驾全面兜底！40万的天神之眼5表现行不行？「腾势D9 智驾纽北」,智能车研究所,2026-06-03 18:06:25,37502,452,1,同路线对比，40万的天神之眼5表现行不行？,38826281794,304.76700,1,25,16777215,2026-06-04 10:01:10,1780538470,0,72d9f003,2126069800483630592,是因为前面有电动车吧
BV1afV26xEfc,116685554059332,智驾全面兜底！40万的天神之眼5表现行不行？「腾势D9 智驾纽北」,智能车研究所,2026-06-03 18:06:25,37502,452,1,同路线对比，40万的天神之眼5表现行不行？,38826281794,3.91800,1,25,16777215,2026-06-07 00:25:35,1780763135,0,76b67e2b,2127954424541483264,智驾这水平，搞个一年兜底不是要亏死？
BV1afV26xEfc,116685554059332,智驾全面兜底！40万的天神之眼5表现行不行？「腾势D9 智驾纽北」,智能车研究所,2026-06-03 18:06:25,37502,452,1,同路线对比，40万的天神之眼5表现行不行？,38826281794,1867.12300,1,25,16777215,2026-06-05 12:12:48,1780632768,0,161c760a,2126860830800406784,估计找在你发视频前就处理好了，毕竟您老可是存了半个月才发。。。
BV1afV26xEfc,116685554059332,智驾全面兜底！40万的天神之眼5表现行不行？「腾势D9 智驾纽北」,智能车研究所,2026-06-03 18:06:25,37502,452,1,同路线对比，40万的天神之眼5表现行不行？,38826281794,187.89000,1,25,16777215,2026-06-04 21:43:31,1780580611,0,ed225d00,2126423304578575360,这个我开为了安全，也会压实线避让自行车的
BV1afV26xEfc,116685554059332,智驾全面兜底！40万的天神之眼5表现行不行？「腾势D9 智驾纽北」,智能车研究所,2026-06-03 18:06:25,37502,452,1,同路线对比，40万的天神之眼5表现行不行？,38826281794,748.57200,1,25,16777215,2026-06-04 11:53:45,1780545225,0,14c9123d,2126126466931798272,严的地方压到就扣分的，分地区的
BV1afV26xEfc,116685554059332,智驾全面兜底！40万的天神之眼5表现行不行？「腾势D9 智驾纽北」,智能车研究所,2026-06-03 18:06:25,37502,452,1,同路线对比，40万的天神之眼5表现行不行？,38826281794,917.62900,1,25,16777215,2026-06-04 11:06:36,1780542396,0,9a9a6a1,2126102736691886080,难道不是因为旁边正好有车歪打正着？
BV1afV26xEfc,116685554059332,智驾全面兜底！40万的天神之眼5表现行不行？「腾势D9 智驾纽北」,智能车研究所,2026-06-03 18:06:25,37502,452,1,同路线对比，40万的天神之眼5表现行不行？,38826281794,1471.89800,1,25,16777215,2026-06-04 03:25:23,1780514723,0,9e519e47,2125870599590193152,华为的智驾没有给你兜底，撞了是要你自己买单的，而比亚迪有兜底，为了避免不必要的车祸，肯定要做到更稳的行车方式，而不是无脑的猛冲
BV1afV26xEfc,116685554059332,智驾全面兜底！40万的天神之眼5表现行不行？「腾势D9 智驾纽北」,智能车研究所,2026-06-03 18:06:25,37502,452,1,同路线对比，40万的天神之眼5表现行不行？,38826281794,395.65100,1,25,16777215,2026-06-04 02:35:42,1780511742,0,712a3def,2125845593611364352,这个是开智驾发布会之前拍的吧，发布会之后又更新了一版
BV1afV26xEfc,116685554059332,智驾全面兜底！40万的天神之眼5表现行不行？「腾势D9 智驾纽北」,智能车研究所,2026-06-03 18:06:25,37502,452,1,同路线对比，40万的天神之眼5表现行不行？,38826281794,136.36200,1,25,16777215,2026-06-03 23:47:57,1780501677,0,bdb332f5,2125761154738994432,兜底理解为小号保险就行，保险不保的，兜底也不保，比如违反交规，逆行这种是都不保的
BV1afV26xEfc,116685554059332,智驾全面兜底！40万的天神之眼5表现行不行？「腾势D9 智驾纽北」,智能车研究所,2026-06-03 18:06:25,37502,452,1,同路线对比，40万的天神之眼5表现行不行？,38826281794,1465.78900,1,25,16777215,2026-06-03 23:09:00,1780499340,0,16f2e5b9,2125741554168634624,刚刚更新了最新版天神5 我的结论是 只要你不赶时间 他基本上可以无干预或者干预1-2次到达目的地 但是和华为相比 天神5还是太怂了  很多变道都不够果断
BV1afV26xEfc,116685554059332,智驾全面兜底！40万的天神之眼5表现行不行？「腾势D9 智驾纽北」,智能车研究所,2026-06-03 18:06:25,37502,452,1,同路线对比，40万的天神之眼5表现行不行？,38826281794,738.92500,1,25,16777215,2026-06-03 22:59:29,1780498769,0,16f2e5b9,2125736761564072960,这种可以不干预吧 变到过程中路面变实线了  人开也不会这么严格一定要在实线前完成变到啊
BV1afV26xEfc,116685554059332,智驾全面兜底！40万的天神之眼5表现行不行？「腾势D9 智驾纽北」,智能车研究所,2026-06-03 18:06:25,37502,452,1,同路线对比，40万的天神之眼5表现行不行？,38826281794,146.74300,1,25,16777215,2026-06-03 21:48:49,1780494529,0,ab5c21a3,2125701194185334016,扣分不兜，有闯红灯兜了罚款的
BV1afV26xEfc,116685554059332,智驾全面兜底！40万的天神之眼5表现行不行？「腾势D9 智驾纽北」,智能车研究所,2026-06-03 18:06:25,37502,452,1,同路线对比，40万的天神之眼5表现行不行？,38826281794,199.80600,1,25,16777215,2026-06-03 19:22:07,1780485727,0,b899a8e8,2125627356499491840,别家都算，为啥不算？谁强制它压实线了？
BV1afV26xEfc,116685554059332,智驾全面兜底！40万的天神之眼5表现行不行？「腾势D9 智驾纽北」,智能车研究所,2026-06-03 18:06:25,37502,452,1,同路线对比，40万的天神之眼5表现行不行？,38826281794,135.16300,1,25,16777215,2026-06-03 19:00:03,1780484403,0,6964c823,2125616255888653312,这算偏离导航吗？再怎么也得算个违章干预甚至是安全干预了吧
BV1afV26xEfc,116685554059332,智驾全面兜底！40万的天神之眼5表现行不行？「腾势D9 智驾纽北」,智能车研究所,2026-06-03 18:06:25,37502,452,1,同路线对比，40万的天神之眼5表现行不行？,38826281794,130.49000,1,25,16777215,2026-06-03 18:58:54,1780484334,0,b920eb9c,2125615672360518656,没事，有兜底
BV1afV26xEfc,116685554059332,智驾全面兜底！40万的天神之眼5表现行不行？「腾势D9 智驾纽北」,智能车研究所,2026-06-03 18:06:25,37502,452,1,同路线对比，40万的天神之眼5表现行不行？,38826281794,191.04900,1,25,16777215,2026-06-03 18:18:23,1780481903,0,bc04b881,2125595280199727360,这应该不能算
BV1afV26xEfc,116685554059332,智驾全面兜底！40万的天神之眼5表现行不行？「腾势D9 智驾纽北」,智能车研究所,2026-06-03 18:06:25,37502,452,1,同路线对比，40万的天神之眼5表现行不行？,38826281794,36.00400,1,25,16777215,2026-09-23 11:00:35,1790132435,0,69e7a2c4,2206549814090176768,天b现在真的好弱智
BV1afV26xEfc,116685554059332,智驾全面兜底！40万的天神之眼5表现行不行？「腾势D9 智驾纽北」,智能车研究所,2026-06-03 18:06:25,37502,452,1,同路线对比，40万的天神之眼5表现行不行？,38826281794,478.95200,1,25,16777215,2026-09-23 07:04:52,1790118292,0,f61c61a0,2206431168621715712,小区不行呗 挺好的 小区辅助驾驶还是不放心交给它
BV1afV26xEfc,116685554059332,智驾全面兜底！40万的天神之眼5表现行不行？「腾势D9 智驾纽北」,智能车研究所,2026-06-03 18:06:25,37502,452,1,同路线对比，40万的天神之眼5表现行不行？,38826281794,333.76100,1,25,16777215,2026-09-14 09:18:07,1789348687,0,89f072dc,2199975255613642240,鼓励=轻踩油门
BV1afV26xEfc,116685554059332,智驾全面兜底！40万的天神之眼5表现行不行？「腾势D9 智驾纽北」,智能车研究所,2026-06-03 18:06:25,37502,452,1,同路线对比，40万的天神之眼5表现行不行？,38826281794,261.65900,1,25,16777215,2026-09-14 09:16:55,1789348615,0,89f072dc,2199974650770059008,拍到也会，但是你可以去申诉
BV1afV26xEfc,116685554059332,智驾全面兜底！40万的天神之眼5表现行不行？「腾势D9 智驾纽北」,智能车研究所,2026-06-03 18:06:25,37502,452,1,同路线对比，40万的天神之眼5表现行不行？,38826281794,1916.01800,1,25,16777215,2026-09-06 23:59:49,1788710389,0,1428e71e,2194620824098120704,刚刚前面没这不是主动绕行掉头车道了吗？
BV1afV26xEfc,116685554059332,智驾全面兜底！40万的天神之眼5表现行不行？「腾势D9 智驾纽北」,智能车研究所,2026-06-03 18:06:25,37502,452,1,同路线对比，40万的天神之眼5表现行不行？,38826281794,1072.00800,1,25,16777215,2026-09-06 23:46:42,1788709602,0,1428e71e,2194614225618925824,不是啊，未来提醒借款状况还是会兜底啊。
BV1afV26xEfc,116685554059332,智驾全面兜底！40万的天神之眼5表现行不行？「腾势D9 智驾纽北」,智能车研究所,2026-06-03 18:06:25,37502,452,1,同路线对比，40万的天神之眼5表现行不行？,38826281794,953.47300,1,25,16777215,2026-09-06 23:44:35,1788709475,0,1428e71e,2194613155174081536,现在天神之眼5.1是可以3点掉头加绕行小路的。而且还可以实现识别地面上的公交车道或者是掉头车道。
BV1afV26xEfc,116685554059332,智驾全面兜底！40万的天神之眼5表现行不行？「腾势D9 智驾纽北」,智能车研究所,2026-06-03 18:06:25,37502,452,1,同路线对比，40万的天神之眼5表现行不行？,38826281794,928.17100,1,25,16777215,2026-09-06 23:43:42,1788709422,0,1428e71e,2194612712565745152,这是啥意思啊？弹幕？
BV1afV26xEfc,116685554059332,智驾全面兜底！40万的天神之眼5表现行不行？「腾势D9 智驾纽北」,智能车研究所,2026-06-03 18:06:25,37502,452,1,同路线对比，40万的天神之眼5表现行不行？,38826281794,14.06200,1,25,16777215,2026-08-15 22:10:18,1786803018,0,b3e8db96,2178620640142089984,比亚迪要是智驾技术不自信能兜底吗？你现在见到天神之眼5.0城市领航有几次碰撞？
BV1afV26xEfc,116685554059332,智驾全面兜底！40万的天神之眼5表现行不行？「腾势D9 智驾纽北」,智能车研究所,2026-06-03 18:06:25,37502,452,1,同路线对比，40万的天神之眼5表现行不行？,38826281794,199.35900,1,25,16777215,2026-08-03 14:11:03,1785737463,0,3d70da9a,2169682111240799488,腾势是天神之眼A和天神之眼B和C不一样吧，A是momenta
BV1afV26xEfc,116685554059332,智驾全面兜底！40万的天神之眼5表现行不行？「腾势D9 智驾纽北」,智能车研究所,2026-06-03 18:06:25,37502,452,1,同路线对比，40万的天神之眼5表现行不行？,38826281794,250.06700,1,25,16777215,2026-06-27 20:16:03,1782562563,0,e70c9196,2143049122512121600,扣分也可以申述
BV1afV26xEfc,116685554059332,智驾全面兜底！40万的天神之眼5表现行不行？「腾势D9 智驾纽北」,智能车研究所,2026-06-03 18:06:25,37502,452,1,同路线对比，40万的天神之眼5表现行不行？,38826281794,2034.30600,1,25,16777215,2026-06-27 07:38:57,1782517137,3,dbcac568,2142668058610049280,7-9分
BV1afV26xEfc,116685554059332,智驾全面兜底！40万的天神之眼5表现行不行？「腾势D9 智驾纽北」,智能车研究所,2026-06-03 18:06:25,37502,452,1,同路线对比，40万的天神之眼5表现行不行？,38826281794,2036.37500,1,25,16777215,2026-06-26 17:27:00,1782466020,3,d5dd963b,2142239264115604736,7-9分
BV1afV26xEfc,116685554059332,智驾全面兜底！40万的天神之眼5表现行不行？「腾势D9 智驾纽北」,智能车研究所,2026-06-03 18:06:25,37502,452,1,同路线对比，40万的天神之眼5表现行不行？,38826281794,377.86900,1,25,16777215,2026-06-25 16:25:12,1782375912,0,18a764b4,2141483382352247808,对比其他智驾真有点不行啊
BV1afV26xEfc,116685554059332,智驾全面兜底！40万的天神之眼5表现行不行？「腾势D9 智驾纽北」,智能车研究所,2026-06-03 18:06:25,37502,452,1,同路线对比，40万的天神之眼5表现行不行？,38826281794,484.53700,1,25,16777215,2026-06-25 10:53:48,1782356028,0,d8a5e8c3,2141316580351949568,太慢了
BV1afV26xEfc,116685554059332,智驾全面兜底！40万的天神之眼5表现行不行？「腾势D9 智驾纽北」,智能车研究所,2026-06-03 18:06:25,37502,452,1,同路线对比，40万的天神之眼5表现行不行？,38826281794,2032.33400,1,25,16777215,2026-06-24 21:45:42,1782308742,3,d6219a39,2140919915954423040,4-6分
BV1afV26xEfc,116685554059332,智驾全面兜底！40万的天神之眼5表现行不行？「腾势D9 智驾纽北」,智能车研究所,2026-06-03 18:06:25,37502,452,1,同路线对比，40万的天神之眼5表现行不行？,38826281794,373.23600,1,25,16777215,2026-06-24 00:36:04,1782232564,0,87bb7069,2140280891678344960,作为比亚迪的车主表示，智驾就算了，他的卖点仍然是三电
BV1afV26xEfc,116685554059332,智驾全面兜底！40万的天神之眼5表现行不行？「腾势D9 智驾纽北」,智能车研究所,2026-06-03 18:06:25,37502,452,1,同路线对比，40万的天神之眼5表现行不行？,38826281794,2032.60100,1,25,16777215,2026-06-23 20:17:39,1782217059,3,da613e4f,2140150826034181632,7-9分
BV1afV26xEfc,116685554059332,智驾全面兜底！40万的天神之眼5表现行不行？「腾势D9 智驾纽北」,智能车研究所,2026-06-03 18:06:25,37502,452,1,同路线对比，40万的天神之眼5表现行不行？,38826281794,36.10400,1,25,16777215,2026-06-23 09:36:32,1782178592,0,c0c4b073,2139828142733999872,不愧是理想
BV1afV26xEfc,116685554059332,智驾全面兜底！40万的天神之眼5表现行不行？「腾势D9 智驾纽北」,智能车研究所,2026-06-03 18:06:25,37502,452,1,同路线对比，40万的天神之眼5表现行不行？,38826281794,366.10700,1,25,16777215,2026-06-21 13:30:45,1782019845,0,69e7a2c4,2138496476958541312,xp强太多了
BV1afV26xEfc,116685554059332,智驾全面兜底！40万的天神之眼5表现行不行？「腾势D9 智驾纽北」,智能车研究所,2026-06-03 18:06:25,37502,452,1,同路线对比，40万的天神之眼5表现行不行？,38826281794,2033.40400,1,25,16777215,2026-06-16 11:41:05,1781581265,3,1ed71733,2134817399483121664,7-9分
BV1afV26xEfc,116685554059332,智驾全面兜底！40万的天神之眼5表现行不行？「腾势D9 智驾纽北」,智能车研究所,2026-06-03 18:06:25,37502,452,1,同路线对比，40万的天神之眼5表现行不行？,38826281794,491.16000,1,25,16777215,2026-06-13 23:29:28,1781364568,0,796f1d97,2132999615309213440,压线了把
BV1afV26xEfc,116685554059332,智驾全面兜底！40万的天神之眼5表现行不行？「腾势D9 智驾纽北」,智能车研究所,2026-06-03 18:06:25,37502,452,1,同路线对比，40万的天神之眼5表现行不行？,38826281794,161.88000,1,25,16777215,2026-06-11 19:26:30,1781177190,0,6cba1a8a,2131427773561708544,等出车祸死了，也让byd兜底，反正烂命一条
BV1afV26xEfc,116685554059332,智驾全面兜底！40万的天神之眼5表现行不行？「腾势D9 智驾纽北」,智能车研究所,2026-06-03 18:06:25,37502,452,1,同路线对比，40万的天神之眼5表现行不行？,38826281794,744.23900,1,25,16777215,2026-06-09 02:03:54,1780941834,0,f0506a86,2129453466015017728,你在广州对自己不严格我就让交警发财了喔
BV1afV26xEfc,116685554059332,智驾全面兜底！40万的天神之眼5表现行不行？「腾势D9 智驾纽北」,智能车研究所,2026-06-03 18:06:25,37502,452,1,同路线对比，40万的天神之眼5表现行不行？,38826281794,1253.42700,1,25,16777215,2026-06-08 14:25:02,1780899902,0,3bdf7f6b,2129101711573996800,智驾版图灵测试是吧
BV1afV26xEfc,116685554059332,智驾全面兜底！40万的天神之眼5表现行不行？「腾势D9 智驾纽北」,智能车研究所,2026-06-03 18:06:25,37502,452,1,同路线对比，40万的天神之眼5表现行不行？,38826281794,722.22500,1,25,16777215,2026-06-08 13:08:01,1780895281,0,ca136965,2129062945920357632,这里变呢
BV1afV26xEfc,116685554059332,智驾全面兜底！40万的天神之眼5表现行不行？「腾势D9 智驾纽北」,智能车研究所,2026-06-03 18:06:25,37502,452,1,同路线对比，40万的天神之眼5表现行不行？,38826281794,142.32800,1,25,16777215,2026-06-08 13:05:20,1780895120,0,611d24b8,2129061598173241856,这么拉胯
BV1afV26xEfc,116685554059332,智驾全面兜底！40万的天神之眼5表现行不行？「腾势D9 智驾纽北」,智能车研究所,2026-06-03 18:06:25,37502,452,1,同路线对比，40万的天神之眼5表现行不行？,38826281794,336.36500,1,25,16777215,2026-06-08 13:01:08,1780894868,0,ca136965,2129059483220266240,这雨刮没感应的？
BV1afV26xEfc,116685554059332,智驾全面兜底！40万的天神之眼5表现行不行？「腾势D9 智驾纽北」,智能车研究所,2026-06-03 18:06:25,37502,452,1,同路线对比，40万的天神之眼5表现行不行？,38826281794,263.19500,1,25,16777215,2026-06-08 12:59:48,1780894788,0,ca136965,2129058815872756992,那么多时间去搞
BV1afV26xEfc,116685554059332,智驾全面兜底！40万的天神之眼5表现行不行？「腾势D9 智驾纽北」,智能车研究所,2026-06-03 18:06:25,37502,452,1,同路线对比，40万的天神之眼5表现行不行？,38826281794,196.17900,1,25,16777215,2026-06-08 12:57:32,1780894652,0,ca136965,2129057668126616832,他不是压，他是准备变线
BV1afV26xEfc,116685554059332,智驾全面兜底！40万的天神之眼5表现行不行？「腾势D9 智驾纽北」,智能车研究所,2026-06-03 18:06:25,37502,452,1,同路线对比，40万的天神之眼5表现行不行？,38826281794,144.09900,1,25,16777215,2026-06-08 12:56:28,1780894588,0,ca136965,2129057136020773376,一根筋的兜底让你天天去修车你去？
BV1afV26xEfc,116685554059332,智驾全面兜底！40万的天神之眼5表现行不行？「腾势D9 智驾纽北」,智能车研究所,2026-06-03 18:06:25,37502,452,1,同路线对比，40万的天神之眼5表现行不行？,38826281794,133.05900,1,25,16777215,2026-06-08 12:55:59,1780894559,0,ca136965,2129056888296748288,整天有兜底，没事不是更好？
BV1afV26xEfc,116685554059332,智驾全面兜底！40万的天神之眼5表现行不行？「腾势D9 智驾纽北」,智能车研究所,2026-06-03 18:06:25,37502,452,1,同路线对比，40万的天神之眼5表现行不行？,38826281794,354.19500,1,25,16777215,2026-06-08 12:32:13,1780893133,0,36e63acf,2129044933079318528,byd：使劲吹！   所：哦了
BV1afV26xEfc,116685554059332,智驾全面兜底！40万的天神之眼5表现行不行？「腾势D9 智驾纽北」,智能车研究所,2026-06-03 18:06:25,37502,452,1,同路线对比，40万的天神之眼5表现行不行？,38826281794,319.46500,1,25,16777215,2026-06-08 12:31:19,1780893079,0,36e63acf,2129044475606607616,他在加油们而已
BV1afV26xEfc,116685554059332,智驾全面兜底！40万的天神之眼5表现行不行？「腾势D9 智驾纽北」,智能车研究所,2026-06-03 18:06:25,37502,452,1,同路线对比，40万的天神之眼5表现行不行？,38826281794,214.16400,1,25,16777215,2026-06-08 12:29:26,1780892966,0,36e63acf,2129043528272656384,byd：使劲吹！  所：OK
BV1afV26xEfc,116685554059332,智驾全面兜底！40万的天神之眼5表现行不行？「腾势D9 智驾纽北」,智能车研究所,2026-06-03 18:06:25,37502,452,1,同路线对比，40万的天神之眼5表现行不行？,38826281794,202.55800,1,25,16777215,2026-06-08 12:28:54,1780892934,0,36e63acf,2129043260248436224,就是最终了。大差不差了
BV1afV26xEfc,116685554059332,智驾全面兜底！40万的天神之眼5表现行不行？「腾势D9 智驾纽北」,智能车研究所,2026-06-03 18:06:25,37502,452,1,同路线对比，40万的天神之眼5表现行不行？,38826281794,124.05100,1,25,16777215,2026-06-07 21:56:43,1780840603,0,7859e738,2128604274870723328,兜底前后也是这个智驾版本
BV1afV26xEfc,116685554059332,智驾全面兜底！40万的天神之眼5表现行不行？「腾势D9 智驾纽北」,智能车研究所,2026-06-03 18:06:25,37502,452,1,同路线对比，40万的天神之眼5表现行不行？,38826281794,227.78400,1,25,16777215,2026-06-07 21:31:12,1780839072,0,7fe601a0,2128591437422708736,这里是不是超速了
BV1afV26xEfc,116685554059332,智驾全面兜底！40万的天神之眼5表现行不行？「腾势D9 智驾纽北」,智能车研究所,2026-06-03 18:06:25,37502,452,1,同路线对比，40万的天神之眼5表现行不行？,38826281794,778.24700,1,25,16777215,2026-06-07 14:26:58,1780813618,0,4955cdde,2128377908082457600,法盲就别上来招笑了，你喜欢压线开车代表不了别人
BV1afV26xEfc,116685554059332,智驾全面兜底！40万的天神之眼5表现行不行？「腾势D9 智驾纽北」,智能车研究所,2026-06-03 18:06:25,37502,452,1,同路线对比，40万的天神之眼5表现行不行？,38826281794,482.77100,1,25,16777215,2026-06-07 07:12:34,1780787554,0,1f60df83,2128159266715246080,后面的大众急死了，都贴你屁股了，哈哈哈
BV1afV26xEfc,116685554059332,智驾全面兜底！40万的天神之眼5表现行不行？「腾势D9 智驾纽北」,智能车研究所,2026-06-03 18:06:25,37502,452,1,同路线对比，40万的天神之眼5表现行不行？,38826281794,145.45000,1,25,16777215,2026-06-07 07:07:47,1780787267,0,1f60df83,2128156860074071040,跟车都跟不明白嘛？
BV1afV26xEfc,116685554059332,智驾全面兜底！40万的天神之眼5表现行不行？「腾势D9 智驾纽北」,智能车研究所,2026-06-03 18:06:25,37502,452,1,同路线对比，40万的天神之眼5表现行不行？,38826281794,775.16300,1,25,16777215,2026-06-07 01:00:31,1780765231,0,386d7d94,2127972006392971520,好的智驾这种压实线应该是对的，这种才像人开
BV1afV26xEfc,116685554059332,智驾全面兜底！40万的天神之眼5表现行不行？「腾势D9 智驾纽北」,智能车研究所,2026-06-03 18:06:25,37502,452,1,同路线对比，40万的天神之眼5表现行不行？,38826281794,2034.40600,1,25,16777215,2026-06-07 00:29:12,1780763352,3,aa4064d0,2127956244710160128,7-9分
BV1afV26xEfc,116685554059332,智驾全面兜底！40万的天神之眼5表现行不行？「腾势D9 智驾纽北」,智能车研究所,2026-06-03 18:06:25,37502,452,1,同路线对比，40万的天神之眼5表现行不行？,38826281794,544.46000,1,25,16777215,2026-06-07 00:04:01,1780761841,0,aa4064d0,2127943569884659200,这交通状况真让人头大
BV1afV26xEfc,116685554059332,智驾全面兜底！40万的天神之眼5表现行不行？「腾势D9 智驾纽北」,智能车研究所,2026-06-03 18:06:25,37502,452,1,同路线对比，40万的天神之眼5表现行不行？,38826281794,318.78000,1,25,16777215,2026-06-06 23:59:54,1780761594,0,aa4064d0,2127941503703220992,没学会，怎么鼓励他
BV1afV26xEfc,116685554059332,智驾全面兜底！40万的天神之眼5表现行不行？「腾势D9 智驾纽北」,智能车研究所,2026-06-03 18:06:25,37502,452,1,同路线对比，40万的天神之眼5表现行不行？,38826281794,1606.57900,1,25,16777215,2026-06-06 23:23:37,1780759417,0,3bbf487,2127923235688770304,到学校了
BV1afV26xEfc,116685554059332,智驾全面兜底！40万的天神之眼5表现行不行？「腾势D9 智驾纽北」,智能车研究所,2026-06-03 18:06:25,37502,452,1,同路线对比，40万的天神之眼5表现行不行？,38826281794,1117.20600,1,25,16777215,2026-06-06 21:51:06,1780753866,0,75b572f7,2127876675861096448,意思mpv请个司机然后再让司机用辅助驾驶来开是么（dog）
BV1afV26xEfc,116685554059332,智驾全面兜底！40万的天神之眼5表现行不行？「腾势D9 智驾纽北」,智能车研究所,2026-06-03 18:06:25,37502,452,1,同路线对比，40万的天神之眼5表现行不行？,38826281794,228.72100,1,25,16777215,2026-06-06 20:20:37,1780748437,0,f8d16238,2127831135961960704,无眼睇
BV1afV26xEfc,116685554059332,智驾全面兜底！40万的天神之眼5表现行不行？「腾势D9 智驾纽北」,智能车研究所,2026-06-03 18:06:25,37502,452,1,同路线对比，40万的天神之眼5表现行不行？,38826281794,2033.77600,1,25,16777215,2026-06-06 19:30:17,1780745417,3,e29d8601,2127805798095995136,7-9分
BV1afV26xEfc,116685554059332,智驾全面兜底！40万的天神之眼5表现行不行？「腾势D9 智驾纽北」,智能车研究所,2026-06-03 18:06:25,37502,452,1,同路线对比，40万的天神之眼5表现行不行？,38826281794,747.92600,1,25,16777215,2026-06-06 19:26:14,1780745174,0,158a7fe1,2127803758540425984,所以前面的你吃罚单的时候最好也这么想
BV1afV26xEfc,116685554059332,智驾全面兜底！40万的天神之眼5表现行不行？「腾势D9 智驾纽北」,智能车研究所,2026-06-03 18:06:25,37502,452,1,同路线对比，40万的天神之眼5表现行不行？,38826281794,134.01300,1,25,16777215,2026-06-06 19:12:47,1780744367,0,158a7fe1,2127796994285752320,兜底是好事，但是不要极端化好吗？要是出事你死了再兜底有什么意义？
BV1afV26xEfc,116685554059332,智驾全面兜底！40万的天神之眼5表现行不行？「腾势D9 智驾纽北」,智能车研究所,2026-06-03 18:06:25,37502,452,1,同路线对比，40万的天神之眼5表现行不行？,38826281794,33.63200,1,25,16777215,2026-06-06 15:39:07,1780731547,0,9192cf9a,2127689447792676352,那是岚图梦想家
BV1afV26xEfc,116685554059332,智驾全面兜底！40万的天神之眼5表现行不行？「腾势D9 智驾纽北」,智能车研究所,2026-06-03 18:06:25,37502,452,1,同路线对比，40万的天神之眼5表现行不行？,38826281794,2034.53500,1,25,16777215,2026-06-06 13:59:31,1780725571,3,c4772afb,2127639316875661824,7-9分
BV1afV26xEfc,116685554059332,智驾全面兜底！40万的天神之眼5表现行不行？「腾势D9 智驾纽北」,智能车研究所,2026-06-03 18:06:25,37502,452,1,同路线对比，40万的天神之眼5表现行不行？,38826281794,41.89400,1,25,16777215,2026-06-06 13:49:58,1780724998,0,80436573,2127634513164784128,这个雨刷器打这么高频
BV1afV26xEfc,116685554059332,智驾全面兜底！40万的天神之眼5表现行不行？「腾势D9 智驾纽北」,智能车研究所,2026-06-03 18:06:25,37502,452,1,同路线对比，40万的天神之眼5表现行不行？,38826281794,123.37000,1,25,16777215,2026-06-06 11:30:43,1780716643,0,470407,2127564423861971712,这是厂商给的测试车呀，有保密的
BV1afV26xEfc,116685554059332,智驾全面兜底！40万的天神之眼5表现行不行？「腾势D9 智驾纽北」,智能车研究所,2026-06-03 18:06:25,37502,452,1,同路线对比，40万的天神之眼5表现行不行？,38826281794,255.69100,1,25,16777215,2026-06-06 11:09:16,1780715356,0,67eb9922,2127553630986576640,←出罚单了可以申诉
BV1afV26xEfc,116685554059332,智驾全面兜底！40万的天神之眼5表现行不行？「腾势D9 智驾纽北」,智能车研究所,2026-06-03 18:06:25,37502,452,1,同路线对比，40万的天神之眼5表现行不行？,38826281794,162.96800,1,25,16777215,2026-06-06 11:07:32,1780715252,0,67eb9922,2127552757690341376,广州特产
BV1afV26xEfc,116685554059332,智驾全面兜底！40万的天神之眼5表现行不行？「腾势D9 智驾纽北」,智能车研究所,2026-06-03 18:06:25,37502,452,1,同路线对比，40万的天神之眼5表现行不行？,38826281794,1018.45100,1,25,16777215,2026-06-06 03:10:08,1780686608,0,168a9990,2127312469478349056,迪迪都兜都被吹爆了这几天
BV1afV26xEfc,116685554059332,智驾全面兜底！40万的天神之眼5表现行不行？「腾势D9 智驾纽北」,智能车研究所,2026-06-03 18:06:25,37502,452,1,同路线对比，40万的天神之眼5表现行不行？,38826281794,304.08300,1,25,16777215,2026-06-06 03:02:28,1780686148,0,168a9990,2127308617773704704,最少落后小鹏一年半
BV1afV26xEfc,116685554059332,智驾全面兜底！40万的天神之眼5表现行不行？「腾势D9 智驾纽北」,智能车研究所,2026-06-03 18:06:25,37502,452,1,同路线对比，40万的天神之眼5表现行不行？,38826281794,2034.36200,1,25,16777215,2026-06-06 02:55:30,1780685730,3,9ad52da2,2127305106067360512,7-9分
BV1afV26xEfc,116685554059332,智驾全面兜底！40万的天神之眼5表现行不行？「腾势D9 智驾纽北」,智能车研究所,2026-06-03 18:06:25,37502,452,1,同路线对比，40万的天神之眼5表现行不行？,38826281794,842.60100,1,25,16777215,2026-06-06 01:45:15,1780681515,0,5f103366,2127269749913528064,在等红灯？
BV1afV26xEfc,116685554059332,智驾全面兜底！40万的天神之眼5表现行不行？「腾势D9 智驾纽北」,智能车研究所,2026-06-03 18:06:25,37502,452,1,同路线对比，40万的天神之眼5表现行不行？,38826281794,794.39700,1,25,16777215,2026-06-06 01:26:51,1780680411,0,c75dceac,2127260489242862336,车主们看一看关键的点就行了 那些稍微压线的看个人自己的 关键是安全干预和效率干预 违章干预有的时候看情况
BV1afV26xEfc,116685554059332,智驾全面兜底！40万的天神之眼5表现行不行？「腾势D9 智驾纽北」,智能车研究所,2026-06-03 18:06:25,37502,452,1,同路线对比，40万的天神之眼5表现行不行？,38826281794,2033.14400,1,25,16777215,2026-06-06 00:12:26,1780675946,3,bc1c9324,2127223036498599680,7-9分
BV1afV26xEfc,116685554059332,智驾全面兜底！40万的天神之眼5表现行不行？「腾势D9 智驾纽北」,智能车研究所,2026-06-03 18:06:25,37502,452,1,同路线对比，40万的天神之眼5表现行不行？,38826281794,114.33000,1,25,16777215,2026-06-05 22:58:18,1780671498,0,69e717f9,2127185721881703936,之前没发布要保密啊
BV1afV26xEfc,116685554059332,智驾全面兜底！40万的天神之眼5表现行不行？「腾势D9 智驾纽北」,智能车研究所,2026-06-03 18:06:25,37502,452,1,同路线对比，40万的天神之眼5表现行不行？,38826281794,1062.24800,1,25,16777215,2026-06-05 21:10:38,1780665038,0,541c27bf,2127131529544666368,看到了吗，这就是兜底的技术，这种提醒接管的情况如果不接管撞了就不兜底
BV1afV26xEfc,116685554059332,智驾全面兜底！40万的天神之眼5表现行不行？「腾势D9 智驾纽北」,智能车研究所,2026-06-03 18:06:25,37502,452,1,同路线对比，40万的天神之眼5表现行不行？,38826281794,928.58500,1,25,16777215,2026-06-05 21:08:49,1780664929,0,541c27bf,2127130614657815552,是歪打正着的，sr能看到有变过去的欲望，但是本来智闯纽北就不会特意讲这些歪打正着的内容
BV1afV26xEfc,116685554059332,智驾全面兜底！40万的天神之眼5表现行不行？「腾势D9 智驾纽北」,智能车研究所,2026-06-03 18:06:25,37502,452,1,同路线对比，40万的天神之眼5表现行不行？,38826281794,756.23500,1,25,16777215,2026-06-05 21:06:25,1780664785,0,541c27bf,2127129406505404928,统一标准的，es9也是因为会压到实线被记了唯一一个接管
BV1afV26xEfc,116685554059332,智驾全面兜底！40万的天神之眼5表现行不行？「腾势D9 智驾纽北」,智能车研究所,2026-06-03 18:06:25,37502,452,1,同路线对比，40万的天神之眼5表现行不行？,38826281794,1563.00300,1,25,16777215,2026-06-05 19:36:15,1780659375,0,95a4869d,2127084022734799360,不行啊
BV1afV26xEfc,116685554059332,智驾全面兜底！40万的天神之眼5表现行不行？「腾势D9 智驾纽北」,智能车研究所,2026-06-03 18:06:25,37502,452,1,同路线对比，40万的天神之眼5表现行不行？,38826281794,141.16100,1,25,16777215,2026-06-05 19:30:29,1780659029,0,eec13eb9,2127081119412599040,上来就这样？
BV1afV26xEfc,116685554059332,智驾全面兜底！40万的天神之眼5表现行不行？「腾势D9 智驾纽北」,智能车研究所,2026-06-03 18:06:25,37502,452,1,同路线对比，40万的天神之眼5表现行不行？,38826281794,167.26100,1,25,16777215,2026-06-05 19:02:37,1780657357,0,b23a9e25,2127067095111263744,酸什么弹幕，哈
BV1afV26xEfc,116685554059332,智驾全面兜底！40万的天神之眼5表现行不行？「腾势D9 智驾纽北」,智能车研究所,2026-06-03 18:06:25,37502,452,1,同路线对比，40万的天神之眼5表现行不行？,38826281794,443.75600,1,25,16777215,2026-06-05 17:07:36,1780650456,0,a402ee95,2127009205083952640,40万的麦弗逊mpv 你想要什么操控性？
BV1afV26xEfc,116685554059332,智驾全面兜底！40万的天神之眼5表现行不行？「腾势D9 智驾纽北」,智能车研究所,2026-06-03 18:06:25,37502,452,1,同路线对比，40万的天神之眼5表现行不行？,38826281794,838.13800,1,25,16777215,2026-06-05 12:50:00,1780635000,0,d3ecc3ed,2126879552059553280,死机了？
BV1afV26xEfc,116685554059332,智驾全面兜底！40万的天神之眼5表现行不行？「腾势D9 智驾纽北」,智能车研究所,2026-06-03 18:06:25,37502,452,1,同路线对比，40万的天神之眼5表现行不行？,38826281794,2033.39300,1,25,16777215,2026-06-05 12:15:34,1780632934,3,161c760a,2126862225188048384,7-9分
BV1afV26xEfc,116685554059332,智驾全面兜底！40万的天神之眼5表现行不行？「腾势D9 智驾纽北」,智能车研究所,2026-06-03 18:06:25,37502,452,1,同路线对比，40万的天神之眼5表现行不行？,38826281794,1714.85800,1,25,16777215,2026-06-05 12:14:23,1780632863,0,ac507ae5,2126861628078233344,SR显示：看到无人驾驶的车要上头~
BV1afV26xEfc,116685554059332,智驾全面兜底！40万的天神之眼5表现行不行？「腾势D9 智驾纽北」,智能车研究所,2026-06-03 18:06:25,37502,452,1,同路线对比，40万的天神之眼5表现行不行？,38826281794,118.23000,1,25,16777215,2026-06-05 12:10:15,1780632615,0,150e1212,2126859546831411456,我还以为是兜底之后录的
BV1afV26xEfc,116685554059332,智驾全面兜底！40万的天神之眼5表现行不行？「腾势D9 智驾纽北」,智能车研究所,2026-06-03 18:06:25,37502,452,1,同路线对比，40万的天神之眼5表现行不行？,38826281794,1060.25300,1,25,16777215,2026-06-05 12:02:48,1780632168,0,ac507ae5,2126855799002476544,竟然看到了一台S7
BV1afV26xEfc,116685554059332,智驾全面兜底！40万的天神之眼5表现行不行？「腾势D9 智驾纽北」,智能车研究所,2026-06-03 18:06:25,37502,452,1,同路线对比，40万的天神之眼5表现行不行？,38826281794,400.21300,1,25,16777215,2026-06-05 11:44:41,1780631081,0,161c760a,2126846675082854912,苹果芯片也是ARM，高通芯片也是ARM，华为麒麟也是ARM，为什么会有区别？买公版和买架构自己优化适配是一回事吗？
BV1afV26xEfc,116685554059332,智驾全面兜底！40万的天神之眼5表现行不行？「腾势D9 智驾纽北」,智能车研究所,2026-06-03 18:06:25,37502,452,1,同路线对比，40万的天神之眼5表现行不行？,38826281794,112.78900,1,25,16777215,2026-06-05 11:38:01,1780630681,0,161c760a,2126843320604482304,不是，你5月19号的视频，6月3号现在发，然后取个智驾兜底的标题。。你真是个天才！
BV1afV26xEfc,116685554059332,智驾全面兜底！40万的天神之眼5表现行不行？「腾势D9 智驾纽北」,智能车研究所,2026-06-03 18:06:25,37502,452,1,同路线对比，40万的天神之眼5表现行不行？,38826281794,426.33000,1,25,16777215,2026-06-05 09:30:59,1780623059,0,98a3dcbc,2126779388498035712,没东西夸了是吧
BV1afV26xEfc,116685554059332,智驾全面兜底！40万的天神之眼5表现行不行？「腾势D9 智驾纽北」,智能车研究所,2026-06-03 18:06:25,37502,452,1,同路线对比，40万的天神之眼5表现行不行？,38826281794,141.94000,1,25,16777215,2026-06-05 09:23:47,1780622627,0,98a3dcbc,2126775757967217664,就这水平出来兜底可笑
BV1afV26xEfc,116685554059332,智驾全面兜底！40万的天神之眼5表现行不行？「腾势D9 智驾纽北」,智能车研究所,2026-06-03 18:06:25,37502,452,1,同路线对比，40万的天神之眼5表现行不行？,38826281794,141.34800,1,25,16777215,2026-06-05 09:23:21,1780622601,0,98a3dcbc,2126775541004257536,太呆逼了
BV1afV26xEfc,116685554059332,智驾全面兜底！40万的天神之眼5表现行不行？「腾势D9 智驾纽北」,智能车研究所,2026-06-03 18:06:25,37502,452,1,同路线对比，40万的天神之眼5表现行不行？,38826281794,0.14700,1,25,16777215,2026-06-05 02:20:33,1780597233,0,76b67e2b,2126562739131570944,看最后成绩，拉了坨大的
BV1afV26xEfc,116685554059332,智驾全面兜底！40万的天神之眼5表现行不行？「腾势D9 智驾纽北」,智能车研究所,2026-06-03 18:06:25,37502,452,1,同路线对比，40万的天神之眼5表现行不行？,38826281794,2034.56800,1,25,16777215,2026-06-05 01:30:03,1780594203,3,65e345e3,2126537326590189568,7-9分
BV1afV26xEfc,116685554059332,智驾全面兜底！40万的天神之眼5表现行不行？「腾势D9 智驾纽北」,智能车研究所,2026-06-03 18:06:25,37502,452,1,同路线对比，40万的天神之眼5表现行不行？,38826281794,46.20800,1,25,16777215,2026-06-05 01:10:40,1780593040,0,13bc3e4a,2126527564163470080,好好的车标非要加高饱和度的老登蓝
BV1afV26xEfc,116685554059332,智驾全面兜底！40万的天神之眼5表现行不行？「腾势D9 智驾纽北」,智能车研究所,2026-06-03 18:06:25,37502,452,1,同路线对比，40万的天神之眼5表现行不行？,38826281794,1381.76100,1,25,16777215,2026-06-04 23:20:50,1780586450,0,d3924c0a,2126472290291088640,很久没见过这样的成绩单了
BV1afV26xEfc,116685554059332,智驾全面兜底！40万的天神之眼5表现行不行？「腾势D9 智驾纽北」,智能车研究所,2026-06-03 18:06:25,37502,452,1,同路线对比，40万的天神之眼5表现行不行？,38826281794,238.63300,1,25,16777215,2026-06-04 22:51:54,1780584714,0,4581b5ca,2126457724748215040,byd还用生成数据吗
BV1afV26xEfc,116685554059332,智驾全面兜底！40万的天神之眼5表现行不行？「腾势D9 智驾纽北」,智能车研究所,2026-06-03 18:06:25,37502,452,1,同路线对比，40万的天神之眼5表现行不行？,38826281794,464.27600,1,25,16777215,2026-06-04 22:49:59,1780584599,0,3b930a46,2126456762105356288,这路还要收费吗？
BV1afV26xEfc,116685554059332,智驾全面兜底！40万的天神之眼5表现行不行？「腾势D9 智驾纽北」,智能车研究所,2026-06-03 18:06:25,37502,452,1,同路线对比，40万的天神之眼5表现行不行？,38826281794,369.33900,1,25,16777215,2026-06-04 22:07:39,1780582059,0,f126be02,2126435448808851200,拉
BV1afV26xEfc,116685554059332,智驾全面兜底！40万的天神之眼5表现行不行？「腾势D9 智驾纽北」,智能车研究所,2026-06-03 18:06:25,37502,452,1,同路线对比，40万的天神之眼5表现行不行？,38826281794,602.18300,1,25,16777215,2026-06-04 21:52:30,1780581150,0,ed225d00,2126427827271415040,多把掉头没难度啊，和泊车差不多
BV1afV26xEfc,116685554059332,智驾全面兜底！40万的天神之眼5表现行不行？「腾势D9 智驾纽北」,智能车研究所,2026-06-03 18:06:25,37502,452,1,同路线对比，40万的天神之眼5表现行不行？,38826281794,2035.01400,1,25,16777215,2026-06-04 21:24:23,1780579463,3,2f35e38d,2126413678483022336,1-3分
BV1afV26xEfc,116685554059332,智驾全面兜底！40万的天神之眼5表现行不行？「腾势D9 智驾纽北」,智能车研究所,2026-06-03 18:06:25,37502,452,1,同路线对比，40万的天神之眼5表现行不行？,38826281794,1707.64800,1,25,16777215,2026-06-04 21:05:12,1780578312,0,c1e6d1cc,2126404016509796096,这是哪家的？
BV1afV26xEfc,116685554059332,智驾全面兜底！40万的天神之眼5表现行不行？「腾势D9 智驾纽北」,智能车研究所,2026-06-03 18:06:25,37502,452,1,同路线对比，40万的天神之眼5表现行不行？,38826281794,33.38500,1,25,16777215,2026-06-04 20:10:02,1780575002,0,3fe1b321,2126376253329519360,岚图泰山
BV1afV26xEfc,116685554059332,智驾全面兜底！40万的天神之眼5表现行不行？「腾势D9 智驾纽北」,智能车研究所,2026-06-03 18:06:25,37502,452,1,同路线对比，40万的天神之眼5表现行不行？,38826281794,27.50400,1,25,16777215,2026-06-04 19:39:14,1780573154,0,c15d6922,2126360754856115456,魏牌蓝山、三轮车、电驴、岚图梦想家
BV1afV26xEfc,116685554059332,智驾全面兜底！40万的天神之眼5表现行不行？「腾势D9 智驾纽北」,智能车研究所,2026-06-03 18:06:25,37502,452,1,同路线对比，40万的天神之眼5表现行不行？,38826281794,1365.15600,1,25,16777215,2026-06-04 19:22:47,1780572167,0,3d1e45e5,2126352473731590656,牛屋妹是前面有车压了速度吧，就小鹏和文远通过了~
BV1afV26xEfc,116685554059332,智驾全面兜底！40万的天神之眼5表现行不行？「腾势D9 智驾纽北」,智能车研究所,2026-06-03 18:06:25,37502,452,1,同路线对比，40万的天神之眼5表现行不行？,38826281794,2031.71800,1,25,16777215,2026-06-04 17:59:36,1780567176,3,c862816d,2126310600165706240,7-9分
BV1afV26xEfc,116685554059332,智驾全面兜底！40万的天神之眼5表现行不行？「腾势D9 智驾纽北」,智能车研究所,2026-06-03 18:06:25,37502,452,1,同路线对比，40万的天神之眼5表现行不行？,38826281794,110.86500,1,25,16777215,2026-06-04 17:58:33,1780567113,0,b6a7e8fd,2126310078881004544,5月19号压到现在才来发？？
BV1afV26xEfc,116685554059332,智驾全面兜底！40万的天神之眼5表现行不行？「腾势D9 智驾纽北」,智能车研究所,2026-06-03 18:06:25,37502,452,1,同路线对比，40万的天神之眼5表现行不行？,38826281794,244.70800,1,25,16777215,2026-06-04 17:57:53,1780567073,0,585eded6,2126309743731196672,刚才那种超车电鸡压实线，会扣分吗？人驾时我会选择这种操作的
BV1afV26xEfc,116685554059332,智驾全面兜底！40万的天神之眼5表现行不行？「腾势D9 智驾纽北」,智能车研究所,2026-06-03 18:06:25,37502,452,1,同路线对比，40万的天神之眼5表现行不行？,38826281794,26.51800,1,25,16777215,2026-06-04 17:52:21,1780566741,0,585eded6,2126306956255293696,迎面过来的是什么车？
BV1afV26xEfc,116685554059332,智驾全面兜底！40万的天神之眼5表现行不行？「腾势D9 智驾纽北」,智能车研究所,2026-06-03 18:06:25,37502,452,1,同路线对比，40万的天神之眼5表现行不行？,38826281794,324.23600,1,25,16777215,2026-06-04 17:33:44,1780565624,0,6fba04c5,2126297587563963392,华为粉又破防
BV1afV26xEfc,116685554059332,智驾全面兜底！40万的天神之眼5表现行不行？「腾势D9 智驾纽北」,智能车研究所,2026-06-03 18:06:25,37502,452,1,同路线对比，40万的天神之眼5表现行不行？,38826281794,144.05600,1,25,16777215,2026-06-04 17:30:28,1780565428,0,6fba04c5,2126295942625040896,华为粉的高贵自驾身份被打破心理不平衡
BV1afV26xEfc,116685554059332,智驾全面兜底！40万的天神之眼5表现行不行？「腾势D9 智驾纽北」,智能车研究所,2026-06-03 18:06:25,37502,452,1,同路线对比，40万的天神之眼5表现行不行？,38826281794,452.43800,1,25,16777215,2026-06-04 15:53:01,1780559581,0,bd8968ae,2126246896590444032,还是让国内继续卷吧，因为现在比亚迪太顺了。车厂不卷根本拿不到好车
BV1afV26xEfc,116685554059332,智驾全面兜底！40万的天神之眼5表现行不行？「腾势D9 智驾纽北」,智能车研究所,2026-06-03 18:06:25,37502,452,1,同路线对比，40万的天神之眼5表现行不行？,38826281794,381.69100,1,25,16777215,2026-06-04 15:51:51,1780559511,0,bd8968ae,2126246303003988736,买个几十万的车就这
BV1afV26xEfc,116685554059332,智驾全面兜底！40万的天神之眼5表现行不行？「腾势D9 智驾纽北」,智能车研究所,2026-06-03 18:06:25,37502,452,1,同路线对比，40万的天神之眼5表现行不行？,38826281794,306.98600,1,25,16777215,2026-06-04 15:50:36,1780559436,0,bd8968ae,2126245676014382848,就单靠那每天在实验中心那几十项所谓的实验你就可以了？
BV1afV26xEfc,116685554059332,智驾全面兜底！40万的天神之眼5表现行不行？「腾势D9 智驾纽北」,智能车研究所,2026-06-03 18:06:25,37502,452,1,同路线对比，40万的天神之眼5表现行不行？,38826281794,272.29700,1,25,16777215,2026-06-04 15:50:01,1780559401,0,bd8968ae,2126245384895968256,再怎么训练你不放到所有专车在市面跑怎么来数据训练
BV1afV26xEfc,116685554059332,智驾全面兜底！40万的天神之眼5表现行不行？「腾势D9 智驾纽北」,智能车研究所,2026-06-03 18:06:25,37502,452,1,同路线对比，40万的天神之眼5表现行不行？,38826281794,179.62400,1,25,16777215,2026-06-04 15:48:29,1780559309,0,bd8968ae,2126244607960004096,反正我又不开比亚迪让它扣
BV1afV26xEfc,116685554059332,智驾全面兜底！40万的天神之眼5表现行不行？「腾势D9 智驾纽北」,智能车研究所,2026-06-03 18:06:25,37502,452,1,同路线对比，40万的天神之眼5表现行不行？,38826281794,151.43100,1,25,16777215,2026-06-04 15:48:00,1780559280,0,bd8968ae,2126244371527127296,兜底嘛，反正让比亚迪兜着
BV1afV26xEfc,116685554059332,智驾全面兜底！40万的天神之眼5表现行不行？「腾势D9 智驾纽北」,智能车研究所,2026-06-03 18:06:25,37502,452,1,同路线对比，40万的天神之眼5表现行不行？,38826281794,736.82000,1,25,16777215,2026-06-04 15:03:12,1780556592,0,f684a502,2126221817051237376,这也算？
BV1afV26xEfc,116685554059332,智驾全面兜底！40万的天神之眼5表现行不行？「腾势D9 智驾纽北」,智能车研究所,2026-06-03 18:06:25,37502,452,1,同路线对比，40万的天神之眼5表现行不行？,38826281794,552.38400,1,25,16777215,2026-06-04 14:46:55,1780555615,0,bec19acd,2126213624585360384,车身价60cm，说人话，就是所有的限宽墩都过不了
BV1afV26xEfc,116685554059332,智驾全面兜底！40万的天神之眼5表现行不行？「腾势D9 智驾纽北」,智能车研究所,2026-06-03 18:06:25,37502,452,1,同路线对比，40万的天神之眼5表现行不行？,38826281794,490.25100,1,25,16777215,2026-06-04 14:45:31,1780555531,0,bec19acd,2126212915446319360,刚刚左侧黑车不减速就撞你了，还吹牛逼呢
BV1afV26xEfc,116685554059332,智驾全面兜底！40万的天神之眼5表现行不行？「腾势D9 智驾纽北」,智能车研究所,2026-06-03 18:06:25,37502,452,1,同路线对比，40万的天神之眼5表现行不行？,38826281794,348.42000,1,25,16777215,2026-06-04 14:43:28,1780555408,0,bec19acd,2126211889687283456,这尼玛能降级。。。。。
BV1afV26xEfc,116685554059332,智驾全面兜底！40万的天神之眼5表现行不行？「腾势D9 智驾纽北」,智能车研究所,2026-06-03 18:06:25,37502,452,1,同路线对比，40万的天神之眼5表现行不行？,38826281794,758.64900,1,25,16777215,2026-06-04 13:58:45,1780552725,0,633434d8,2126189384612340480,天神5经常压实线……
BV1afV26xEfc,116685554059332,智驾全面兜底！40万的天神之眼5表现行不行？「腾势D9 智驾纽北」,智能车研究所,2026-06-03 18:06:25,37502,452,1,同路线对比，40万的天神之眼5表现行不行？,38826281794,1538.44400,1,25,16777215,2026-06-04 13:20:15,1780550415,0,28d695a,2126170004747156992,最怕硬冲乱来 傻的
BV1afV26xEfc,116685554059332,智驾全面兜底！40万的天神之眼5表现行不行？「腾势D9 智驾纽北」,智能车研究所,2026-06-03 18:06:25,37502,452,1,同路线对比，40万的天神之眼5表现行不行？,38826281794,1441.24100,1,25,16777215,2026-06-04 13:18:49,1780550329,0,28d695a,2126169285038134016,这个好
BV1afV26xEfc,116685554059332,智驾全面兜底！40万的天神之眼5表现行不行？「腾势D9 智驾纽北」,智能车研究所,2026-06-03 18:06:25,37502,452,1,同路线对比，40万的天神之眼5表现行不行？,38826281794,2032.07500,1,25,16777215,2026-06-04 12:17:25,1780546645,3,121d537d,2126138374099238144,7-9分
BV1afV26xEfc,116685554059332,智驾全面兜底！40万的天神之眼5表现行不行？「腾势D9 智驾纽北」,智能车研究所,2026-06-03 18:06:25,37502,452,1,同路线对比，40万的天神之眼5表现行不行？,38826281794,2033.64000,1,25,16777215,2026-06-04 12:15:44,1780546544,3,832d1626,2126137533225305088,7-9分
BV1afV26xEfc,116685554059332,智驾全面兜底！40万的天神之眼5表现行不行？「腾势D9 智驾纽北」,智能车研究所,2026-06-03 18:06:25,37502,452,1,同路线对比，40万的天神之眼5表现行不行？,38826281794,1720.77600,1,25,16777215,2026-06-04 12:07:23,1780546043,0,850986b7,2126133324275095296,我是疼是车主 刚才绕行不是为了效率 是为了右拐变道 这个版本城区没有任何超车能力 只有绕行能力
BV1afV26xEfc,116685554059332,智驾全面兜底！40万的天神之眼5表现行不行？「腾势D9 智驾纽北」,智能车研究所,2026-06-03 18:06:25,37502,452,1,同路线对比，40万的天神之眼5表现行不行？,38826281794,226.89200,1,25,16777215,2026-06-04 12:06:48,1780546008,0,24924cf6,2126133035849210880,没正式版好用
BV1afV26xEfc,116685554059332,智驾全面兜底！40万的天神之眼5表现行不行？「腾势D9 智驾纽北」,智能车研究所,2026-06-03 18:06:25,37502,452,1,同路线对比，40万的天神之眼5表现行不行？,38826281794,2034.92000,1,25,16777215,2026-06-04 11:07:53,1780542473,3,ca4e260c,2126103378320098304,1-3分
BV1afV26xEfc,116685554059332,智驾全面兜底！40万的天神之眼5表现行不行？「腾势D9 智驾纽北」,智能车研究所,2026-06-03 18:06:25,37502,452,1,同路线对比，40万的天神之眼5表现行不行？,38826281794,848.45400,1,25,16777215,2026-06-04 11:04:53,1780542293,0,9a9a6a1,2126101868672632064,笛子就喜欢搞这种又low又装神弄鬼的花头
BV1afV26xEfc,116685554059332,智驾全面兜底！40万的天神之眼5表现行不行？「腾势D9 智驾纽北」,智能车研究所,2026-06-03 18:06:25,37502,452,1,同路线对比，40万的天神之眼5表现行不行？,38826281794,1646.37400,1,25,16777215,2026-06-04 11:04:43,1780542283,0,26c5cc1,2126101786002908416,方向盘咋老浮动
BV1afV26xEfc,116685554059332,智驾全面兜底！40万的天神之眼5表现行不行？「腾势D9 智驾纽北」,智能车研究所,2026-06-03 18:06:25,37502,452,1,同路线对比，40万的天神之眼5表现行不行？,38826281794,1017.60000,1,25,16777215,2026-06-04 11:02:32,1780542152,0,3bf35f38,2126100686030218752,怎么说这么多好话
BV1afV26xEfc,116685554059332,智驾全面兜底！40万的天神之眼5表现行不行？「腾势D9 智驾纽北」,智能车研究所,2026-06-03 18:06:25,37502,452,1,同路线对比，40万的天神之眼5表现行不行？,38826281794,745.69200,1,25,16777215,2026-06-04 11:02:08,1780542128,0,9a9a6a1,2126100484728188160,前面别洗了，不行就是不行
BV1afV26xEfc,116685554059332,智驾全面兜底！40万的天神之眼5表现行不行？「腾势D9 智驾纽北」,智能车研究所,2026-06-03 18:06:25,37502,452,1,同路线对比，40万的天神之眼5表现行不行？,38826281794,599.70100,1,25,16777215,2026-06-04 10:59:21,1780541961,0,9a9a6a1,2126099086808824320,还不变道变过去啊
BV1afV26xEfc,116685554059332,智驾全面兜底！40万的天神之眼5表现行不行？「腾势D9 智驾纽北」,智能车研究所,2026-06-03 18:06:25,37502,452,1,同路线对比，40万的天神之眼5表现行不行？,38826281794,527.36000,1,25,16777215,2026-06-04 10:57:55,1780541875,0,9a9a6a1,2126098364801037568,还不超吗
BV1afV26xEfc,116685554059332,智驾全面兜底！40万的天神之眼5表现行不行？「腾势D9 智驾纽北」,智能车研究所,2026-06-03 18:06:25,37502,452,1,同路线对比，40万的天神之眼5表现行不行？,38826281794,277.06000,1,25,16777215,2026-06-04 10:53:36,1780541616,0,9a9a6a1,2126096195196767232,这挨得太近了吧
BV1afV26xEfc,116685554059332,智驾全面兜底！40万的天神之眼5表现行不行？「腾势D9 智驾纽北」,智能车研究所,2026-06-03 18:06:25,37502,452,1,同路线对比，40万的天神之眼5表现行不行？,38826281794,55.43200,1,25,16777215,2026-06-04 10:49:39,1780541379,0,9a9a6a1,2126094200536762112,这种装神弄鬼的车企必定不行的
BV1afV26xEfc,116685554059332,智驾全面兜底！40万的天神之眼5表现行不行？「腾势D9 智驾纽北」,智能车研究所,2026-06-03 18:06:25,37502,452,1,同路线对比，40万的天神之眼5表现行不行？,38826281794,2003.20200,1,25,16777215,2026-06-04 10:41:48,1780540908,0,1642d39c,2126090251255918336,总结，小毛病很多，用起来很累
BV1afV26xEfc,116685554059332,智驾全面兜底！40万的天神之眼5表现行不行？「腾势D9 智驾纽北」,智能车研究所,2026-06-03 18:06:25,37502,452,1,同路线对比，40万的天神之眼5表现行不行？,38826281794,1.93700,1,25,16777215,2026-06-04 10:34:03,1780540443,0,ca546af4,2126086349815293696,迪子的营销费用越来越高了
BV1afV26xEfc,116685554059332,智驾全面兜底！40万的天神之眼5表现行不行？「腾势D9 智驾纽北」,智能车研究所,2026-06-03 18:06:25,37502,452,1,同路线对比，40万的天神之眼5表现行不行？,38826281794,1371.37000,1,25,16777215,2026-06-04 10:33:24,1780540404,0,1642d39c,2126086021308645632,没亮点，水平一般，整体第二队水平
BV1afV26xEfc,116685554059332,智驾全面兜底！40万的天神之眼5表现行不行？「腾势D9 智驾纽北」,智能车研究所,2026-06-03 18:06:25,37502,452,1,同路线对比，40万的天神之眼5表现行不行？,38826281794,1729.43300,1,25,16777215,2026-06-04 10:29:13,1780540153,0,7dde0b75,2126083915373848320,表现还不如上期的深蓝
BV1afV26xEfc,116685554059332,智驾全面兜底！40万的天神之眼5表现行不行？「腾势D9 智驾纽北」,智能车研究所,2026-06-03 18:06:25,37502,452,1,同路线对比，40万的天神之眼5表现行不行？,38826281794,1694.40600,1,25,16777215,2026-06-04 10:28:38,1780540118,0,7dde0b75,2126083621546039040,不行啊
BV1afV26xEfc,116685554059332,智驾全面兜底！40万的天神之眼5表现行不行？「腾势D9 智驾纽北」,智能车研究所,2026-06-03 18:06:25,37502,452,1,同路线对比，40万的天神之眼5表现行不行？,38826281794,360.52800,1,25,16777215,2026-06-04 10:21:26,1780539686,0,1642d39c,2126079998304630272,友情提醒，降级不兜底
BV1afV26xEfc,116685554059332,智驾全面兜底！40万的天神之眼5表现行不行？「腾势D9 智驾纽北」,智能车研究所,2026-06-03 18:06:25,37502,452,1,同路线对比，40万的天神之眼5表现行不行？,38826281794,2035.31700,1,25,16777215,2026-06-04 09:25:23,1780536323,3,4ff141d,2126051794470917120,4-6分
BV1afV26xEfc,116685554059332,智驾全面兜底！40万的天神之眼5表现行不行？「腾势D9 智驾纽北」,智能车研究所,2026-06-03 18:06:25,37502,452,1,同路线对比，40万的天神之眼5表现行不行？,38826281794,2032.99600,1,25,16777215,2026-06-04 09:17:53,1780535873,3,cf20bdbc,2126048012844354816,4-6分
BV1afV26xEfc,116685554059332,智驾全面兜底！40万的天神之眼5表现行不行？「腾势D9 智驾纽北」,智能车研究所,2026-06-03 18:06:25,37502,452,1,同路线对比，40万的天神之眼5表现行不行？,38826281794,728.14600,1,25,16777215,2026-06-04 08:58:52,1780534732,0,34e79fd6,2126038441141259520,不明意义的变道
BV1afV26xEfc,116685554059332,智驾全面兜底！40万的天神之眼5表现行不行？「腾势D9 智驾纽北」,智能车研究所,2026-06-03 18:06:25,37502,452,1,同路线对比，40万的天神之眼5表现行不行？,38826281794,121.51800,1,25,16777215,2026-06-04 08:37:25,1780533445,0,a99de6d1,2126027648810857216,跟车都不会？
BV1afV26xEfc,116685554059332,智驾全面兜底！40万的天神之眼5表现行不行？「腾势D9 智驾纽北」,智能车研究所,2026-06-03 18:06:25,37502,452,1,同路线对比，40万的天神之眼5表现行不行？,38826281794,2003.80400,1,25,16777215,2026-06-04 08:22:50,1780532570,0,4b9851b1,2126020308133007872,表现甚至不如8万块的a10
BV1afV26xEfc,116685554059332,智驾全面兜底！40万的天神之眼5表现行不行？「腾势D9 智驾纽北」,智能车研究所,2026-06-03 18:06:25,37502,452,1,同路线对比，40万的天神之眼5表现行不行？,38826281794,357.67900,1,25,16777215,2026-06-04 08:14:54,1780532094,0,8b46267,2126016319274061056,对比之前的测试，这个天神之眼是真的差
BV1afV26xEfc,116685554059332,智驾全面兜底！40万的天神之眼5表现行不行？「腾势D9 智驾纽北」,智能车研究所,2026-06-03 18:06:25,37502,452,1,同路线对比，40万的天神之眼5表现行不行？,38826281794,301.97100,1,25,16777215,2026-06-04 08:13:54,1780532034,0,8b46267,2126015808500383488,这智驾水平是真的差
BV1afV26xEfc,116685554059332,智驾全面兜底！40万的天神之眼5表现行不行？「腾势D9 智驾纽北」,智能车研究所,2026-06-03 18:06:25,37502,452,1,同路线对比，40万的天神之眼5表现行不行？,38826281794,225.07600,1,25,16777215,2026-06-04 08:12:37,1780531957,0,8b46267,2126015163197861632,这看下来天神之眼就是第一梯队的上个版本的水平，压实线走错路等等，至少落后了半年
BV1afV26xEfc,116685554059332,智驾全面兜底！40万的天神之眼5表现行不行？「腾势D9 智驾纽北」,智能车研究所,2026-06-03 18:06:25,37502,452,1,同路线对比，40万的天神之眼5表现行不行？,38826281794,112.59800,1,25,16777215,2026-06-04 08:10:49,1780531849,0,8b46267,2126014260407916544,还是 orinx，没到 Thor， 大概率是为降本，Thor 贵那么多，不愿意用
BV1afV26xEfc,116685554059332,智驾全面兜底！40万的天神之眼5表现行不行？「腾势D9 智驾纽北」,智能车研究所,2026-06-03 18:06:25,37502,452,1,同路线对比，40万的天神之眼5表现行不行？,38826281794,2036.07800,1,25,16777215,2026-06-04 05:52:17,1780523537,3,f4c8b102,2125944537720414208,7-9分
BV1afV26xEfc,116685554059332,智驾全面兜底！40万的天神之眼5表现行不行？「腾势D9 智驾纽北」,智能车研究所,2026-06-03 18:06:25,37502,452,1,同路线对比，40万的天神之眼5表现行不行？,38826281794,224.05700,1,25,16777215,2026-06-04 01:20:19,1780507219,0,832d1626,2125807647340428288,被摄像头拍或者被举报的时候你最好也说没什么问题
BV1afV26xEfc,116685554059332,智驾全面兜底！40万的天神之眼5表现行不行？「腾势D9 智驾纽北」,智能车研究所,2026-06-03 18:06:25,37502,452,1,同路线对比，40万的天神之眼5表现行不行？,38826281794,204.22000,1,25,16777215,2026-06-04 01:00:28,1780506028,0,3ce21896,2125797657112367872,正常不是试驾。比实际要强，像地平线实际就阉割了，没试驾强
BV1afV26xEfc,116685554059332,智驾全面兜底！40万的天神之眼5表现行不行？「腾势D9 智驾纽北」,智能车研究所,2026-06-03 18:06:25,37502,452,1,同路线对比，40万的天神之眼5表现行不行？,38826281794,121.67800,1,25,16777215,2026-06-04 00:12:23,1780503143,0,541c27bf,2125773457060315648,违章byd赔不赔？
BV1afV26xEfc,116685554059332,智驾全面兜底！40万的天神之眼5表现行不行？「腾势D9 智驾纽北」,智能车研究所,2026-06-03 18:06:25,37502,452,1,同路线对比，40万的天神之眼5表现行不行？,38826281794,41.79300,1,25,16777215,2026-06-04 00:08:45,1780502925,0,c8853974,2125771629299809280,这雨刮怎么刮这么快？不是没啥雨吗
BV1afV26xEfc,116685554059332,智驾全面兜底！40万的天神之眼5表现行不行？「腾势D9 智驾纽北」,智能车研究所,2026-06-03 18:06:25,37502,452,1,同路线对比，40万的天神之眼5表现行不行？,38826281794,471.95000,1,25,16777215,2026-06-03 23:54:03,1780502043,0,bdb332f5,2125764225732862720,低情商：现在水平有点低，高情商：提升空间很大
BV1afV26xEfc,116685554059332,智驾全面兜底！40万的天神之眼5表现行不行？「腾势D9 智驾纽北」,智能车研究所,2026-06-03 18:06:25,37502,452,1,同路线对比，40万的天神之眼5表现行不行？,38826281794,430.82100,1,25,16777215,2026-06-03 23:53:11,1780501991,0,bdb332f5,2125763790758511616,没看出lcc有多强，但是看得出这个车的操纵性看起来的确是拉满了
BV1afV26xEfc,116685554059332,智驾全面兜底！40万的天神之眼5表现行不行？「腾势D9 智驾纽北」,智能车研究所,2026-06-03 18:06:25,37502,452,1,同路线对比，40万的天神之眼5表现行不行？,38826281794,402.98500,1,25,16777215,2026-06-03 23:52:36,1780501956,0,cf20bdbc,2125763502517364224,到今年6月这个时间点，很少智驾到这就快满了
BV1afV26xEfc,116685554059332,智驾全面兜底！40万的天神之眼5表现行不行？「腾势D9 智驾纽北」,智能车研究所,2026-06-03 18:06:25,37502,452,1,同路线对比，40万的天神之眼5表现行不行？,38826281794,1363.98600,1,25,16777215,2026-06-03 23:46:21,1780501581,0,fe474539,2125760349809822208,这是在番禺的四大园林余荫山房周边的道路吧
BV1afV26xEfc,116685554059332,智驾全面兜底！40万的天神之眼5表现行不行？「腾势D9 智驾纽北」,智能车研究所,2026-06-03 18:06:25,37502,452,1,同路线对比，40万的天神之眼5表现行不行？,38826281794,318.65400,1,25,16777215,2026-06-03 23:40:28,1780501228,0,6ec97f4a,2125757392271563776,自主思考在哪，不是踩了油门才走吗
BV1afV26xEfc,116685554059332,智驾全面兜底！40万的天神之眼5表现行不行？「腾势D9 智驾纽北」,智能车研究所,2026-06-03 18:06:25,37502,452,1,同路线对比，40万的天神之眼5表现行不行？,38826281794,1832.33300,1,25,16777215,2026-06-03 22:44:31,1780497871,0,b5caa6de,2125729232721443584,已经很久没听到喔哦哇哇的声音了[doge]
BV1afV26xEfc,116685554059332,智驾全面兜底！40万的天神之眼5表现行不行？「腾势D9 智驾纽北」,智能车研究所,2026-06-03 18:06:25,37502,452,1,同路线对比，40万的天神之眼5表现行不行？,38826281794,399.12400,1,25,16777215,2026-06-03 22:31:51,1780497111,0,30eb1582,2125722856456929792,不是MMT吗 怎么有点差距。。。
BV1afV26xEfc,116685554059332,智驾全面兜底！40万的天神之眼5表现行不行？「腾势D9 智驾纽北」,智能车研究所,2026-06-03 18:06:25,37502,452,1,同路线对比，40万的天神之眼5表现行不行？,38826281794,117.79200,1,25,16777215,2026-06-03 22:26:54,1780496814,0,30eb1582,2125720368353984768,开幕雷击
BV1afV26xEfc,116685554059332,智驾全面兜底！40万的天神之眼5表现行不行？「腾势D9 智驾纽北」,智能车研究所,2026-06-03 18:06:25,37502,452,1,同路线对比，40万的天神之眼5表现行不行？,38826281794,122.57700,1,25,16777215,2026-06-03 22:25:49,1780496749,0,30eb1582,2125719817507587072,开幕雷击
BV1afV26xEfc,116685554059332,智驾全面兜底！40万的天神之眼5表现行不行？「腾势D9 智驾纽北」,智能车研究所,2026-06-03 18:06:25,37502,452,1,同路线对比，40万的天神之眼5表现行不行？,38826281794,195.00000,1,25,16777215,2026-06-03 22:17:58,1780496278,0,5dd47539,2125715867152679424,选择效率优先就会有提示，有可能会压实线。
BV1afV26xEfc,116685554059332,智驾全面兜底！40万的天神之眼5表现行不行？「腾势D9 智驾纽北」,智能车研究所,2026-06-03 18:06:25,37502,452,1,同路线对比，40万的天神之眼5表现行不行？,38826281794,393.77300,1,25,16777215,2026-06-03 22:16:11,1780496171,0,b5caa6de,2125714973287259136,这水平兜底鼓励用就是拿路人和财产不当回事，企业为了数据真是尽力
BV1afV26xEfc,116685554059332,智驾全面兜底！40万的天神之眼5表现行不行？「腾势D9 智驾纽北」,智能车研究所,2026-06-03 18:06:25,37502,452,1,同路线对比，40万的天神之眼5表现行不行？,38826281794,1372.33900,1,25,16777215,2026-06-03 22:13:29,1780496009,0,ab5c21a3,2125713614719141120,这个加到安全干预里了
BV1afV26xEfc,116685554059332,智驾全面兜底！40万的天神之眼5表现行不行？「腾势D9 智驾纽北」,智能车研究所,2026-06-03 18:06:25,37502,452,1,同路线对比，40万的天神之眼5表现行不行？,38826281794,221.16100,1,25,16777215,2026-06-03 22:12:51,1780495971,0,32ae745c,2125713292738541568,高架压实线很危险，城区为了效率压实线没什么问题
BV1afV26xEfc,116685554059332,智驾全面兜底！40万的天神之眼5表现行不行？「腾势D9 智驾纽北」,智能车研究所,2026-06-03 18:06:25,37502,452,1,同路线对比，40万的天神之眼5表现行不行？,38826281794,1344.32100,1,25,16777215,2026-06-03 22:12:45,1780495965,0,ab5c21a3,2125713241509749248,预瞄只调节悬架软硬，不控制车速应该
BV1afV26xEfc,116685554059332,智驾全面兜底！40万的天神之眼5表现行不行？「腾势D9 智驾纽北」,智能车研究所,2026-06-03 18:06:25,37502,452,1,同路线对比，40万的天神之眼5表现行不行？,38826281794,139.92400,1,25,16777215,2026-06-03 22:10:41,1780495841,0,32ae745c,2125712205634021632,希望你坐牢的时候能让byd给你兜底
BV1afV26xEfc,116685554059332,智驾全面兜底！40万的天神之眼5表现行不行？「腾势D9 智驾纽北」,智能车研究所,2026-06-03 18:06:25,37502,452,1,同路线对比，40万的天神之眼5表现行不行？,38826281794,373.39800,1,25,16777215,2026-06-03 21:57:48,1780495068,0,6e4177cd,2125705719176304896,拉
BV1afV26xEfc,116685554059332,智驾全面兜底！40万的天神之眼5表现行不行？「腾势D9 智驾纽北」,智能车研究所,2026-06-03 18:06:25,37502,452,1,同路线对比，40万的天神之眼5表现行不行？,38826281794,128.09900,1,25,16777215,2026-06-03 21:53:40,1780494820,0,6e4177cd,2125703635873692672,招笑
BV1afV26xEfc,116685554059332,智驾全面兜底！40万的天神之眼5表现行不行？「腾势D9 智驾纽北」,智能车研究所,2026-06-03 18:06:25,37502,452,1,同路线对比，40万的天神之眼5表现行不行？,38826281794,194.16500,1,25,16777215,2026-06-03 21:50:08,1780494608,0,ab5c21a3,2125701857145453824,你这地方不压实线绕行只能跟电动车后面
BV1afV26xEfc,116685554059332,智驾全面兜底！40万的天神之眼5表现行不行？「腾势D9 智驾纽北」,智能车研究所,2026-06-03 18:06:25,37502,452,1,同路线对比，40万的天神之眼5表现行不行？,38826281794,1255.03800,1,25,16777215,2026-06-03 21:44:51,1780494291,0,59f42d02,2125699198643885312,就是好多的路边小石墩之类的，SR没显示出来，就像限高龙门架，通过的时候都没显示，不知道是不是没检测到，用辅助就有点慌
BV1afV26xEfc,116685554059332,智驾全面兜底！40万的天神之眼5表现行不行？「腾势D9 智驾纽北」,智能车研究所,2026-06-03 18:06:25,37502,452,1,同路线对比，40万的天神之眼5表现行不行？,38826281794,1362.15300,1,25,16777215,2026-06-03 21:40:44,1780494044,0,b5feb526,2125697126918210816,蔚来新牛屋妹过了
BV1afV26xEfc,116685554059332,智驾全面兜底！40万的天神之眼5表现行不行？「腾势D9 智驾纽北」,智能车研究所,2026-06-03 18:06:25,37502,452,1,同路线对比，40万的天神之眼5表现行不行？,38826281794,1755.38500,1,25,16777215,2026-06-03 21:30:14,1780493414,0,bd0f4244,2125691842992744448,在这里为啥选60限速的不变道啊
BV1afV26xEfc,116685554059332,智驾全面兜底！40万的天神之眼5表现行不行？「腾势D9 智驾纽北」,智能车研究所,2026-06-03 18:06:25,37502,452,1,同路线对比，40万的天神之眼5表现行不行？,38826281794,1874.51600,1,25,16777215,2026-06-03 21:25:33,1780493133,0,c4fe919f,2125689488763223040,还是Momenta呢……
BV1afV26xEfc,116685554059332,智驾全面兜底！40万的天神之眼5表现行不行？「腾势D9 智驾纽北」,智能车研究所,2026-06-03 18:06:25,37502,452,1,同路线对比，40万的天神之眼5表现行不行？,38826281794,134.42600,1,25,16777215,2026-06-03 21:08:38,1780492118,0,59f42d02,2125680976054067200,天B，旧128，新192
BV1afV26xEfc,116685554059332,智驾全面兜底！40万的天神之眼5表现行不行？「腾势D9 智驾纽北」,智能车研究所,2026-06-03 18:06:25,37502,452,1,同路线对比，40万的天神之眼5表现行不行？,38826281794,651.64600,1,25,16777215,2026-06-03 21:05:07,1780491907,0,c4fe919f,2125679202048080128,说白了就不够精准
BV1afV26xEfc,116685554059332,智驾全面兜底！40万的天神之眼5表现行不行？「腾势D9 智驾纽北」,智能车研究所,2026-06-03 18:06:25,37502,452,1,同路线对比，40万的天神之眼5表现行不行？,38826281794,131.73100,1,25,16777215,2026-06-03 21:03:53,1780491833,0,1a05fbd1,2125678580754728960,超千线
BV1afV26xEfc,116685554059332,智驾全面兜底！40万的天神之眼5表现行不行？「腾势D9 智驾纽北」,智能车研究所,2026-06-03 18:06:25,37502,452,1,同路线对比，40万的天神之眼5表现行不行？,38826281794,311.65600,1,25,16777215,2026-06-03 20:59:22,1780491562,0,911bdf79,2125676305613279232,这里不错 感觉有自主思考
BV1afV26xEfc,116685554059332,智驾全面兜底！40万的天神之眼5表现行不行？「腾势D9 智驾纽北」,智能车研究所,2026-06-03 18:06:25,37502,452,1,同路线对比，40万的天神之眼5表现行不行？,38826281794,355.36900,1,25,16777215,2026-06-03 20:58:56,1780491536,0,c4fe919f,2125676086552936960,解释过多有些牵强了
BV1afV26xEfc,116685554059332,智驾全面兜底！40万的天神之眼5表现行不行？「腾势D9 智驾纽北」,智能车研究所,2026-06-03 18:06:25,37502,452,1,同路线对比，40万的天神之眼5表现行不行？,38826281794,134.24900,1,25,16777215,2026-06-03 20:50:24,1780491024,0,c4fe919f,2125671792180841728,一大推协议还要卖智驾险……兜了什么底
BV1afV26xEfc,116685554059332,智驾全面兜底！40万的天神之眼5表现行不行？「腾势D9 智驾纽北」,智能车研究所,2026-06-03 18:06:25,37502,452,1,同路线对比，40万的天神之眼5表现行不行？,38826281794,411.11500,5,25,16646914,2026-06-03 20:46:10,1780490770,0,4376a235,2125669660703383808,自动驾驶还得特斯拉和小鹏
BV1afV26xEfc,116685554059332,智驾全面兜底！40万的天神之眼5表现行不行？「腾势D9 智驾纽北」,智能车研究所,2026-06-03 18:06:25,37502,452,1,同路线对比，40万的天神之眼5表现行不行？,38826281794,388.39600,5,25,16646914,2026-06-03 20:45:47,1780490747,0,4376a235,2125669470147750656,这个怎么兜底
BV1afV26xEfc,116685554059332,智驾全面兜底！40万的天神之眼5表现行不行？「腾势D9 智驾纽北」,智能车研究所,2026-06-03 18:06:25,37502,452,1,同路线对比，40万的天神之眼5表现行不行？,38826281794,194.55800,1,25,16777215,2026-06-03 20:06:56,1780488416,0,ea98394f,2125649915044006144,九折。。。。
BV1afV26xEfc,116685554059332,智驾全面兜底！40万的天神之眼5表现行不行？「腾势D9 智驾纽北」,智能车研究所,2026-06-03 18:06:25,37502,452,1,同路线对比，40万的天神之眼5表现行不行？,38826281794,137.71000,1,25,16777215,2026-06-03 19:41:58,1780486918,0,d37da8,2125637347424419072,额~扣分兜底吗
BV1afV26xEfc,116685554059332,智驾全面兜底！40万的天神之眼5表现行不行？「腾势D9 智驾纽北」,智能车研究所,2026-06-03 18:06:25,37502,452,1,同路线对比，40万的天神之眼5表现行不行？,38826281794,124.87100,1,25,16777215,2026-06-03 19:39:51,1780486791,0,635f852b,2125636289335760640,就这兜底？？？？？？？？？？？？？？？
BV1afV26xEfc,116685554059332,智驾全面兜底！40万的天神之眼5表现行不行？「腾势D9 智驾纽北」,智能车研究所,2026-06-03 18:06:25,37502,452,1,同路线对比，40万的天神之眼5表现行不行？,38826281794,1333.35800,1,25,16777215,2026-06-03 19:10:35,1780485035,0,70a294dd,2125621558755558400,预瞄呢？
BV1afV26xEfc,116685554059332,智驾全面兜底！40万的天神之眼5表现行不行？「腾势D9 智驾纽北」,智能车研究所,2026-06-03 18:06:25,37502,452,1,同路线对比，40万的天神之眼5表现行不行？,38826281794,1367.04800,1,25,16777215,2026-06-03 19:04:45,1780484685,0,690e1a02,2125618620628717056,效率干预数字没有增加呢
BV1afV26xEfc,116685554059332,智驾全面兜底！40万的天神之眼5表现行不行？「腾势D9 智驾纽北」,智能车研究所,2026-06-03 18:06:25,37502,452,1,同路线对比，40万的天神之眼5表现行不行？,38826281794,299.86000,1,25,16777215,2026-06-03 19:01:43,1780484503,0,b920eb9c,2125617093499550976,运气不好？
BV1afV26xEfc,116685554059332,智驾全面兜底！40万的天神之眼5表现行不行？「腾势D9 智驾纽北」,智能车研究所,2026-06-03 18:06:25,37502,452,1,同路线对比，40万的天神之眼5表现行不行？,38826281794,20.11700,1,25,16777215,2026-06-03 18:57:03,1780484223,0,b920eb9c,2125614746417308672,弹幕还不多啊
BV1afV26xEfc,116685554059332,智驾全面兜底！40万的天神之眼5表现行不行？「腾势D9 智驾纽北」,智能车研究所,2026-06-03 18:06:25,37502,452,1,同路线对比，40万的天神之眼5表现行不行？,38826281794,380.63500,1,25,16777215,2026-06-03 18:41:27,1780483287,0,d7feb6de,2125606891182439424,拉完了
BV1afV26xEfc,116685554059332,智驾全面兜底！40万的天神之眼5表现行不行？「腾势D9 智驾纽北」,智能车研究所,2026-06-03 18:06:25,37502,452,1,同路线对比，40万的天神之眼5表现行不行？,38826281794,125.29500,1,25,16777215,2026-06-03 18:29:25,1780482565,0,a22d555d,2125600837660724224,拉了
BV18kQoBrEWN,116278270363812,[比亚迪].[首屈一指丨天神之眼5.0_轻松到位].[2026-03-23-15-01-09],录播专家,2026-03-23 19:52:12,2841,28,1,[比亚迪].[首屈一指丨天神之眼5.0_轻松到位].[2026-03-23-15-01-09],36913482936,1363.45200,1,25,16777215,2026-04-19 12:35:39,1776573339,0,f2026040,2092807873993982208,你觉得这是普通的？
BV18kQoBrEWN,116278270363812,[比亚迪].[首屈一指丨天神之眼5.0_轻松到位].[2026-03-23-15-01-09],录播专家,2026-03-23 19:52:12,2841,28,1,[比亚迪].[首屈一指丨天神之眼5.0_轻松到位].[2026-03-23-15-01-09],36913482936,2448.84100,1,25,16777215,2026-03-30 11:11:17,1774840277,0,b0ddf2d9,2078269895992354048,虽然我也支持迪子，但这工程师这台词背的表情太尬了吧
BV18kQoBrEWN,116278270363812,[比亚迪].[首屈一指丨天神之眼5.0_轻松到位].[2026-03-23-15-01-09],录播专家,2026-03-23 19:52:12,2841,28,1,[比亚迪].[首屈一指丨天神之眼5.0_轻松到位].[2026-03-23-15-01-09],36913482936,2268.23600,1,25,16777215,2026-03-30 11:06:55,1774840015,0,b0ddf2d9,2078267698940698368,他刚才说的是所有搭载了易三方功能的车型具备这能力
BV18kQoBrEWN,116278270363812,[比亚迪].[首屈一指丨天神之眼5.0_轻松到位].[2026-03-23-15-01-09],录播专家,2026-03-23 19:52:12,2841,28,1,[比亚迪].[首屈一指丨天神之眼5.0_轻松到位].[2026-03-23-15-01-09],36913482936,2049.20700,1,25,16777215,2026-03-30 11:01:58,1774839718,0,b0ddf2d9,2078265204957128192,如果能语音直接调出来再次确认操作，这是不是既更快捷又能保证安全误唤醒。
BV18kQoBrEWN,116278270363812,[比亚迪].[首屈一指丨天神之眼5.0_轻松到位].[2026-03-23-15-01-09],录播专家,2026-03-23 19:52:12,2841,28,1,[比亚迪].[首屈一指丨天神之眼5.0_轻松到位].[2026-03-23-15-01-09],36913482936,1770.33500,1,25,16777215,2026-03-30 10:55:03,1774839303,0,b0ddf2d9,2078261719675144192,这个工程师口语表达能力比前面那个小哥明显差了不少，是因为镜头前紧张吗？
BV18kQoBrEWN,116278270363812,[比亚迪].[首屈一指丨天神之眼5.0_轻松到位].[2026-03-23-15-01-09],录播专家,2026-03-23 19:52:12,2841,28,1,[比亚迪].[首屈一指丨天神之眼5.0_轻松到位].[2026-03-23-15-01-09],36913482936,1355.72900,1,25,16777215,2026-03-30 10:46:50,1774838810,0,b0ddf2d9,2078257585181910016,真的一个普通工程师都有这水平，厉害了
BV18kQoBrEWN,116278270363812,[比亚迪].[首屈一指丨天神之眼5.0_轻松到位].[2026-03-23-15-01-09],录播专家,2026-03-23 19:52:12,2841,28,1,[比亚迪].[首屈一指丨天神之眼5.0_轻松到位].[2026-03-23-15-01-09],36913482936,327.23000,1,25,16777215,2026-03-27 12:19:49,1774585189,0,f77ce3d,2076130058242294016,这么慢。。。
BV18kQoBrEWN,116278270363812,[比亚迪].[首屈一指丨天神之眼5.0_轻松到位].[2026-03-23-15-01-09],录播专家,2026-03-23 19:52:12,2841,28,1,[比亚迪].[首屈一指丨天神之眼5.0_轻松到位].[2026-03-23-15-01-09],36913482936,2524.38500,1,25,16777215,2026-03-27 09:28:50,1774574930,0,5dc94ff9,2076044000669867008,啥007，霹雳游侠啊
BV18kQoBrEWN,116278270363812,[比亚迪].[首屈一指丨天神之眼5.0_轻松到位].[2026-03-23-15-01-09],录播专家,2026-03-23 19:52:12,2841,28,1,[比亚迪].[首屈一指丨天神之眼5.0_轻松到位].[2026-03-23-15-01-09],36913482936,2260.71200,1,25,16777215,2026-03-27 09:23:28,1774574608,0,5dc94ff9,2076041299697454336,z9gt有两款没有带易三方。。。
BV18kQoBrEWN,116278270363812,[比亚迪].[首屈一指丨天神之眼5.0_轻松到位].[2026-03-23-15-01-09],录播专家,2026-03-23 19:52:12,2841,28,1,[比亚迪].[首屈一指丨天神之眼5.0_轻松到位].[2026-03-23-15-01-09],36913482936,1214.73200,1,25,16777215,2026-03-27 09:06:02,1774573562,0,5dc94ff9,2076032524978854400,小伙子很年轻啊
BV18kQoBrEWN,116278270363812,[比亚迪].[首屈一指丨天神之眼5.0_轻松到位].[2026-03-23-15-01-09],录播专家,2026-03-23 19:52:12,2841,28,1,[比亚迪].[首屈一指丨天神之眼5.0_轻松到位].[2026-03-23-15-01-09],36913482936,1184.23500,1,25,16777215,2026-03-26 13:17:41,1774502261,0,8f0e7624,2075434411608083968,那要是司机当时一慌他自己胡乱打方向盘呢？
BV18kQoBrEWN,116278270363812,[比亚迪].[首屈一指丨天神之眼5.0_轻松到位].[2026-03-23-15-01-09],录播专家,2026-03-23 19:52:12,2841,28,1,[比亚迪].[首屈一指丨天神之眼5.0_轻松到位].[2026-03-23-15-01-09],36913482936,1349.19500,1,25,16777215,2026-03-25 23:32:57,1774452777,0,b9fbeb24,2075019308430083328,说得太好了
BV18kQoBrEWN,116278270363812,[比亚迪].[首屈一指丨天神之眼5.0_轻松到位].[2026-03-23-15-01-09],录播专家,2026-03-23 19:52:12,2841,28,1,[比亚迪].[首屈一指丨天神之眼5.0_轻松到位].[2026-03-23-15-01-09],36913482936,5250.44800,1,25,16740868,2026-03-25 12:23:49,1774412629,0,48e0170a,2074682521731879680,阶级化给抹掉，但是会成为别人的眼中钉
BV18kQoBrEWN,116278270363812,[比亚迪].[首屈一指丨天神之眼5.0_轻松到位].[2026-03-23-15-01-09],录播专家,2026-03-23 19:52:12,2841,28,1,[比亚迪].[首屈一指丨天神之眼5.0_轻松到位].[2026-03-23-15-01-09],36913482936,1361.40300,1,25,16740868,2026-03-25 11:39:11,1774409951,0,48e0170a,2074660053785061632,小哥工程师真年轻呀
BV1xbVW6mEQQ,116653073371073,迪迪都兜！方程豹钛7天神之眼5.0 沉浸式辅助驾驶实测,小倨试车,2026-05-29 00:25:41,26025,90,1,体验智驾平权的快乐 深度评测方程豹钛7天神之眼B,38681774134,132.82700,1,25,16777215,2026-06-01 20:39:23,1780317563,0,c4159dbb,2124216702040085248,不对吧，踩刹车不会退出智驾吗？
BV1xbVW6mEQQ,116653073371073,迪迪都兜！方程豹钛7天神之眼5.0 沉浸式辅助驾驶实测,小倨试车,2026-05-29 00:25:41,26025,90,1,体验智驾平权的快乐 深度评测方程豹钛7天神之眼B,38681774134,8.07500,1,25,16777215,2026-09-20 01:54:43,1789840483,3,9cadf8a7,2204100741982055424,5
BV1xbVW6mEQQ,116653073371073,迪迪都兜！方程豹钛7天神之眼5.0 沉浸式辅助驾驶实测,小倨试车,2026-05-29 00:25:41,26025,90,1,体验智驾平权的快乐 深度评测方程豹钛7天神之眼B,38681774134,666.00000,1,25,16777215,2026-09-18 16:02:33,1789718553,3,a776b782,2203077916207022592,5
BV1xbVW6mEQQ,116653073371073,迪迪都兜！方程豹钛7天神之眼5.0 沉浸式辅助驾驶实测,小倨试车,2026-05-29 00:25:41,26025,90,1,体验智驾平权的快乐 深度评测方程豹钛7天神之眼B,38681774134,9.00000,1,25,16777215,2026-09-18 15:51:35,1789717895,3,a776b782,2203072395471116032,5
BV1xbVW6mEQQ,116653073371073,迪迪都兜！方程豹钛7天神之眼5.0 沉浸式辅助驾驶实测,小倨试车,2026-05-29 00:25:41,26025,90,1,体验智驾平权的快乐 深度评测方程豹钛7天神之眼B,38681774134,11.23000,1,25,16777215,2026-09-15 00:53:27,1789404807,3,ced89,2200446030586570240,5
BV1xbVW6mEQQ,116653073371073,迪迪都兜！方程豹钛7天神之眼5.0 沉浸式辅助驾驶实测,小倨试车,2026-05-29 00:25:41,26025,90,1,体验智驾平权的快乐 深度评测方程豹钛7天神之眼B,38681774134,391.38300,1,25,16777215,2026-09-10 11:31:46,1789011106,3,76e75fea,2197143421532483072,5
BV1xbVW6mEQQ,116653073371073,迪迪都兜！方程豹钛7天神之眼5.0 沉浸式辅助驾驶实测,小倨试车,2026-05-29 00:25:41,26025,90,1,体验智驾平权的快乐 深度评测方程豹钛7天神之眼B,38681774134,165.20800,1,25,16777215,2026-09-08 00:23:25,1788798205,0,46f7a3af,2195357476537961216,让就让了呗，能活着就行
BV1xbVW6mEQQ,116653073371073,迪迪都兜！方程豹钛7天神之眼5.0 沉浸式辅助驾驶实测,小倨试车,2026-05-29 00:25:41,26025,90,1,体验智驾平权的快乐 深度评测方程豹钛7天神之眼B,38681774134,183.89700,1,25,16777215,2026-09-02 05:16:39,1788297399,3,da84f21b,2191156417242046720,5
BV1xbVW6mEQQ,116653073371073,迪迪都兜！方程豹钛7天神之眼5.0 沉浸式辅助驾驶实测,小倨试车,2026-05-29 00:25:41,26025,90,1,体验智驾平权的快乐 深度评测方程豹钛7天神之眼B,38681774134,11.13000,1,25,16777215,2026-09-02 05:13:59,1788297239,3,da84f21b,2191155072304504320,5
BV1xbVW6mEQQ,116653073371073,迪迪都兜！方程豹钛7天神之眼5.0 沉浸式辅助驾驶实测,小倨试车,2026-05-29 00:25:41,26025,90,1,体验智驾平权的快乐 深度评测方程豹钛7天神之眼B,38681774134,391.94500,1,25,16777215,2026-08-23 16:51:37,1787475097,3,4f370d19,2184258449574289152,5
BV1xbVW6mEQQ,116653073371073,迪迪都兜！方程豹钛7天神之眼5.0 沉浸式辅助驾驶实测,小倨试车,2026-05-29 00:25:41,26025,90,1,体验智驾平权的快乐 深度评测方程豹钛7天神之眼B,38681774134,9.29500,1,25,16777215,2026-08-23 15:57:06,1787471826,3,4a9ffb5b,2184231004363890688,5
BV1xbVW6mEQQ,116653073371073,迪迪都兜！方程豹钛7天神之眼5.0 沉浸式辅助驾驶实测,小倨试车,2026-05-29 00:25:41,26025,90,1,体验智驾平权的快乐 深度评测方程豹钛7天神之眼B,38681774134,227.12800,1,25,16777215,2026-08-13 18:55:54,1786618554,0,df0a1f14,2177073240433167616,好du
BV1xbVW6mEQQ,116653073371073,迪迪都兜！方程豹钛7天神之眼5.0 沉浸式辅助驾驶实测,小倨试车,2026-05-29 00:25:41,26025,90,1,体验智驾平权的快乐 深度评测方程豹钛7天神之眼B,38681774134,144.60300,1,25,16777215,2026-08-13 18:54:30,1786618470,0,df0a1f14,2177072534380820224,现在是完全智驾在自己开吗
BV1xbVW6mEQQ,116653073371073,迪迪都兜！方程豹钛7天神之眼5.0 沉浸式辅助驾驶实测,小倨试车,2026-05-29 00:25:41,26025,90,1,体验智驾平权的快乐 深度评测方程豹钛7天神之眼B,38681774134,666.95400,1,25,16777215,2026-08-04 21:05:19,1785848719,3,257d637f,2170615395059383040,5
BV1xbVW6mEQQ,116653073371073,迪迪都兜！方程豹钛7天神之眼5.0 沉浸式辅助驾驶实测,小倨试车,2026-05-29 00:25:41,26025,90,1,体验智驾平权的快乐 深度评测方程豹钛7天神之眼B,38681774134,10.11000,1,25,16777215,2026-08-04 18:49:20,1785840560,3,3a5dbeec,2170546951987384576,5
BV1xbVW6mEQQ,116653073371073,迪迪都兜！方程豹钛7天神之眼5.0 沉浸式辅助驾驶实测,小倨试车,2026-05-29 00:25:41,26025,90,1,体验智驾平权的快乐 深度评测方程豹钛7天神之眼B,38681774134,220.09300,1,25,16777215,2026-08-04 11:38:33,1785814713,0,bd393313,2170330131611623680,高快都兜，含快速路
BV1xbVW6mEQQ,116653073371073,迪迪都兜！方程豹钛7天神之眼5.0 沉浸式辅助驾驶实测,小倨试车,2026-05-29 00:25:41,26025,90,1,体验智驾平权的快乐 深度评测方程豹钛7天神之眼B,38681774134,181.89600,1,25,16777215,2026-08-01 07:23:52,1785540232,3,23e4cdf5,2168027619617379328,5
BV1xbVW6mEQQ,116653073371073,迪迪都兜！方程豹钛7天神之眼5.0 沉浸式辅助驾驶实测,小倨试车,2026-05-29 00:25:41,26025,90,1,体验智驾平权的快乐 深度评测方程豹钛7天神之眼B,38681774134,129.48700,1,25,16777215,2026-07-30 15:03:46,1785395026,0,f86bb9f3,2166809542850219776,不满意，为啥要让
BV1xbVW6mEQQ,116653073371073,迪迪都兜！方程豹钛7天神之眼5.0 沉浸式辅助驾驶实测,小倨试车,2026-05-29 00:25:41,26025,90,1,体验智驾平权的快乐 深度评测方程豹钛7天神之眼B,38681774134,9.69700,1,25,16777215,2026-07-28 19:55:11,1785239711,3,1f3a9c41,2165506667230477568,5
BV1xbVW6mEQQ,116653073371073,迪迪都兜！方程豹钛7天神之眼5.0 沉浸式辅助驾驶实测,小倨试车,2026-05-29 00:25:41,26025,90,1,体验智驾平权的快乐 深度评测方程豹钛7天神之眼B,38681774134,11.00000,1,25,16777215,2026-07-25 10:09:41,1784945381,3,d6227722,2163037653766212352,5
BV1xbVW6mEQQ,116653073371073,迪迪都兜！方程豹钛7天神之眼5.0 沉浸式辅助驾驶实测,小倨试车,2026-05-29 00:25:41,26025,90,1,体验智驾平权的快乐 深度评测方程豹钛7天神之眼B,38681774134,11.00000,1,25,16777215,2026-07-24 21:32:02,1784899922,3,9602c78,2162656311362660352,5
BV1xbVW6mEQQ,116653073371073,迪迪都兜！方程豹钛7天神之眼5.0 沉浸式辅助驾驶实测,小倨试车,2026-05-29 00:25:41,26025,90,1,体验智驾平权的快乐 深度评测方程豹钛7天神之眼B,38681774134,9.41900,1,25,16777215,2026-07-24 00:08:54,1784822934,3,31ac24d9,2162010490333826048,5
BV1xbVW6mEQQ,116653073371073,迪迪都兜！方程豹钛7天神之眼5.0 沉浸式辅助驾驶实测,小倨试车,2026-05-29 00:25:41,26025,90,1,体验智驾平权的快乐 深度评测方程豹钛7天神之眼B,38681774134,392.83000,1,25,16777215,2026-07-17 21:55:28,1784296528,3,a7b77293,2157594674309723904,4
BV1xbVW6mEQQ,116653073371073,迪迪都兜！方程豹钛7天神之眼5.0 沉浸式辅助驾驶实测,小倨试车,2026-05-29 00:25:41,26025,90,1,体验智驾平权的快乐 深度评测方程豹钛7天神之眼B,38681774134,7.74100,1,25,16777215,2026-07-12 18:29:54,1783852194,3,75e1035c,2153867330453851392,5
BV1xbVW6mEQQ,116653073371073,迪迪都兜！方程豹钛7天神之眼5.0 沉浸式辅助驾驶实测,小倨试车,2026-05-29 00:25:41,26025,90,1,体验智驾平权的快乐 深度评测方程豹钛7天神之眼B,38681774134,511.43300,1,25,16777215,2026-07-09 09:48:02,1783561682,0,a98b5387,2151430343042623744,命重要还是累重要？在这说什么呢
BV1xbVW6mEQQ,116653073371073,迪迪都兜！方程豹钛7天神之眼5.0 沉浸式辅助驾驶实测,小倨试车,2026-05-29 00:25:41,26025,90,1,体验智驾平权的快乐 深度评测方程豹钛7天神之眼B,38681774134,7.55800,1,25,16777215,2026-07-09 08:03:01,1783555381,3,c7ab104f,2151377486255114496,5
BV1xbVW6mEQQ,116653073371073,迪迪都兜！方程豹钛7天神之眼5.0 沉浸式辅助驾驶实测,小倨试车,2026-05-29 00:25:41,26025,90,1,体验智驾平权的快乐 深度评测方程豹钛7天神之眼B,38681774134,8.94500,1,25,16777215,2026-07-08 22:51:34,1783522294,3,47ef0715,2151099930880588800,5
BV1xbVW6mEQQ,116653073371073,迪迪都兜！方程豹钛7天神之眼5.0 沉浸式辅助驾驶实测,小倨试车,2026-05-29 00:25:41,26025,90,1,体验智驾平权的快乐 深度评测方程豹钛7天神之眼B,38681774134,11.00000,1,25,16777215,2026-07-08 19:22:21,1783509741,3,66011cf1,2150994628047228416,5
BV1xbVW6mEQQ,116653073371073,迪迪都兜！方程豹钛7天神之眼5.0 沉浸式辅助驾驶实测,小倨试车,2026-05-29 00:25:41,26025,90,1,体验智驾平权的快乐 深度评测方程豹钛7天神之眼B,38681774134,8.51200,1,25,16777215,2026-06-30 14:44:37,1782801877,3,c74f262c,2145056639156627456,5
BV1xbVW6mEQQ,116653073371073,迪迪都兜！方程豹钛7天神之眼5.0 沉浸式辅助驾驶实测,小倨试车,2026-05-29 00:25:41,26025,90,1,体验智驾平权的快乐 深度评测方程豹钛7天神之眼B,38681774134,7.87000,1,25,16777215,2026-06-25 22:52:54,1782399174,3,41950ac2,2141678518529359872,5
BV1xbVW6mEQQ,116653073371073,迪迪都兜！方程豹钛7天神之眼5.0 沉浸式辅助驾驶实测,小倨试车,2026-05-29 00:25:41,26025,90,1,体验智驾平权的快乐 深度评测方程豹钛7天神之眼B,38681774134,9.54200,1,25,16777215,2026-06-25 15:43:55,1782373435,3,727d53df,2141462604013847552,5
BV1xbVW6mEQQ,116653073371073,迪迪都兜！方程豹钛7天神之眼5.0 沉浸式辅助驾驶实测,小倨试车,2026-05-29 00:25:41,26025,90,1,体验智驾平权的快乐 深度评测方程豹钛7天神之眼B,38681774134,107.78900,1,25,16777215,2026-06-23 15:53:49,1782201229,0,4a5e5fc4,2140018036802468864,特斯拉才是遥遥领先天下第一，那么兜底了吗
BV1xbVW6mEQQ,116653073371073,迪迪都兜！方程豹钛7天神之眼5.0 沉浸式辅助驾驶实测,小倨试车,2026-05-29 00:25:41,26025,90,1,体验智驾平权的快乐 深度评测方程豹钛7天神之眼B,38681774134,10.75500,1,25,16777215,2026-06-22 22:42:20,1782139340,3,74f8d120,2139498869199846400,5
BV1xbVW6mEQQ,116653073371073,迪迪都兜！方程豹钛7天神之眼5.0 沉浸式辅助驾驶实测,小倨试车,2026-05-29 00:25:41,26025,90,1,体验智驾平权的快乐 深度评测方程豹钛7天神之眼B,38681774134,392.00000,1,25,16777215,2026-06-22 11:02:53,1782097373,3,40131c3f,2139146829848383488,5
BV1xbVW6mEQQ,116653073371073,迪迪都兜！方程豹钛7天神之眼5.0 沉浸式辅助驾驶实测,小倨试车,2026-05-29 00:25:41,26025,90,1,体验智驾平权的快乐 深度评测方程豹钛7天神之眼B,38681774134,391.32700,1,25,16777215,2026-06-21 15:09:47,1782025787,3,29116c55,2138546322872018432,5
BV1xbVW6mEQQ,116653073371073,迪迪都兜！方程豹钛7天神之眼5.0 沉浸式辅助驾驶实测,小倨试车,2026-05-29 00:25:41,26025,90,1,体验智驾平权的快乐 深度评测方程豹钛7天神之眼B,38681774134,181.20400,1,25,16777215,2026-06-21 15:06:59,1782025619,3,29116c55,2138544912923585536,5
BV1xbVW6mEQQ,116653073371073,迪迪都兜！方程豹钛7天神之眼5.0 沉浸式辅助驾驶实测,小倨试车,2026-05-29 00:25:41,26025,90,1,体验智驾平权的快乐 深度评测方程豹钛7天神之眼B,38681774134,165.64600,1,25,16777215,2026-06-20 21:53:40,1781963620,0,94b3ea38,2138024822389975552,懂了，以后看到新能源车开的贼慢，不停让车插进来，就是在智驾
BV1xbVW6mEQQ,116653073371073,迪迪都兜！方程豹钛7天神之眼5.0 沉浸式辅助驾驶实测,小倨试车,2026-05-29 00:25:41,26025,90,1,体验智驾平权的快乐 深度评测方程豹钛7天神之眼B,38681774134,280.54000,1,25,16777215,2026-06-20 07:16:16,1781910976,0,91dc1682,2137583213617401088,这么墨迹
BV1xbVW6mEQQ,116653073371073,迪迪都兜！方程豹钛7天神之眼5.0 沉浸式辅助驾驶实测,小倨试车,2026-05-29 00:25:41,26025,90,1,体验智驾平权的快乐 深度评测方程豹钛7天神之眼B,38681774134,9.00000,1,25,16777215,2026-06-15 21:37:08,1781530628,3,a57d2aa4,2134392625187303168,5
BV1xbVW6mEQQ,116653073371073,迪迪都兜！方程豹钛7天神之眼5.0 沉浸式辅助驾驶实测,小倨试车,2026-05-29 00:25:41,26025,90,1,体验智驾平权的快乐 深度评测方程豹钛7天神之眼B,38681774134,8.57800,1,25,16777215,2026-06-15 12:54:05,1781499245,3,6f96bd0e,2134129363170510080,5
BV1xbVW6mEQQ,116653073371073,迪迪都兜！方程豹钛7天神之眼5.0 沉浸式辅助驾驶实测,小倨试车,2026-05-29 00:25:41,26025,90,1,体验智驾平权的快乐 深度评测方程豹钛7天神之眼B,38681774134,117.08700,1,25,16777215,2026-06-14 09:34:04,1781400844,0,e8835458,2133303914346110464,华为不造车，它兜不了一点
BV1xbVW6mEQQ,116653073371073,迪迪都兜！方程豹钛7天神之眼5.0 沉浸式辅助驾驶实测,小倨试车,2026-05-29 00:25:41,26025,90,1,体验智驾平权的快乐 深度评测方程豹钛7天神之眼B,38681774134,666.58600,1,25,16777215,2026-06-14 05:52:01,1781387521,3,f958307e,2133192154833509376,5
BV1xbVW6mEQQ,116653073371073,迪迪都兜！方程豹钛7天神之眼5.0 沉浸式辅助驾驶实测,小倨试车,2026-05-29 00:25:41,26025,90,1,体验智驾平权的快乐 深度评测方程豹钛7天神之眼B,38681774134,184.28700,1,25,16777215,2026-06-14 05:43:59,1781387039,3,f958307e,2133188109804931072,5
BV1xbVW6mEQQ,116653073371073,迪迪都兜！方程豹钛7天神之眼5.0 沉浸式辅助驾驶实测,小倨试车,2026-05-29 00:25:41,26025,90,1,体验智驾平权的快乐 深度评测方程豹钛7天神之眼B,38681774134,180.83100,1,25,16777215,2026-06-13 23:13:40,1781363620,3,8a80ca73,2132991656726066176,5
BV1xbVW6mEQQ,116653073371073,迪迪都兜！方程豹钛7天神之眼5.0 沉浸式辅助驾驶实测,小倨试车,2026-05-29 00:25:41,26025,90,1,体验智驾平权的快乐 深度评测方程豹钛7天神之眼B,38681774134,9.32100,1,25,16777215,2026-06-13 23:10:24,1781363424,3,8a80ca73,2132990017684017664,5
BV1xbVW6mEQQ,116653073371073,迪迪都兜！方程豹钛7天神之眼5.0 沉浸式辅助驾驶实测,小倨试车,2026-05-29 00:25:41,26025,90,1,体验智驾平权的快乐 深度评测方程豹钛7天神之眼B,38681774134,392.54200,1,25,16777215,2026-06-12 21:29:19,1781270959,3,ff8454a2,2132214364533450240,5
BV1xbVW6mEQQ,116653073371073,迪迪都兜！方程豹钛7天神之眼5.0 沉浸式辅助驾驶实测,小倨试车,2026-05-29 00:25:41,26025,90,1,体验智驾平权的快乐 深度评测方程豹钛7天神之眼B,38681774134,8.21500,1,25,16777215,2026-06-11 17:57:22,1781171842,3,9f5ec3fc,2131382913776750592,5
BV1xbVW6mEQQ,116653073371073,迪迪都兜！方程豹钛7天神之眼5.0 沉浸式辅助驾驶实测,小倨试车,2026-05-29 00:25:41,26025,90,1,体验智驾平权的快乐 深度评测方程豹钛7天神之眼B,38681774134,7.74900,1,25,16777215,2026-06-06 21:27:53,1780752473,3,5ec27fab,2127864985270278656,5
BV1xbVW6mEQQ,116653073371073,迪迪都兜！方程豹钛7天神之眼5.0 沉浸式辅助驾驶实测,小倨试车,2026-05-29 00:25:41,26025,90,1,体验智驾平权的快乐 深度评测方程豹钛7天神之眼B,38681774134,9.64300,1,25,16777215,2026-06-05 01:15:42,1780593342,3,8df988c7,2126530100265709568,5
BV1xbVW6mEQQ,116653073371073,迪迪都兜！方程豹钛7天神之眼5.0 沉浸式辅助驾驶实测,小倨试车,2026-05-29 00:25:41,26025,90,1,体验智驾平权的快乐 深度评测方程豹钛7天神之眼B,38681774134,183.09700,1,25,16777215,2026-06-04 16:27:56,1780561676,3,14fd9b9e,2126264463190697216,5
BV1xbVW6mEQQ,116653073371073,迪迪都兜！方程豹钛7天神之眼5.0 沉浸式辅助驾驶实测,小倨试车,2026-05-29 00:25:41,26025,90,1,体验智驾平权的快乐 深度评测方程豹钛7天神之眼B,38681774134,181.06000,1,25,16777215,2026-06-04 15:56:59,1780559819,3,d82707b5,2126248888011642880,5
BV1xbVW6mEQQ,116653073371073,迪迪都兜！方程豹钛7天神之眼5.0 沉浸式辅助驾驶实测,小倨试车,2026-05-29 00:25:41,26025,90,1,体验智驾平权的快乐 深度评测方程豹钛7天神之眼B,38681774134,9.50900,1,25,16777215,2026-06-04 15:53:57,1780559637,3,d82707b5,2126247362753370880,5
BV1xbVW6mEQQ,116653073371073,迪迪都兜！方程豹钛7天神之眼5.0 沉浸式辅助驾驶实测,小倨试车,2026-05-29 00:25:41,26025,90,1,体验智驾平权的快乐 深度评测方程豹钛7天神之眼B,38681774134,10.02300,1,25,16777215,2026-06-02 17:36:17,1780392977,3,eb1ca939,2124849316723412224,5
BV1xbVW6mEQQ,116653073371073,迪迪都兜！方程豹钛7天神之眼5.0 沉浸式辅助驾驶实测,小倨试车,2026-05-29 00:25:41,26025,90,1,体验智驾平权的快乐 深度评测方程豹钛7天神之眼B,38681774134,392.78100,1,25,16777215,2026-06-02 16:10:58,1780387858,3,35a79724,2124806376076587776,3
BV1xbVW6mEQQ,116653073371073,迪迪都兜！方程豹钛7天神之眼5.0 沉浸式辅助驾驶实测,小倨试车,2026-05-29 00:25:41,26025,90,1,体验智驾平权的快乐 深度评测方程豹钛7天神之眼B,38681774134,47.14500,1,25,16777215,2026-06-02 14:58:57,1780383537,0,9bf5d238,2124770126309314304,你管他什么。只要不花你的钱就行。
BV1xbVW6mEQQ,116653073371073,迪迪都兜！方程豹钛7天神之眼5.0 沉浸式辅助驾驶实测,小倨试车,2026-05-29 00:25:41,26025,90,1,体验智驾平权的快乐 深度评测方程豹钛7天神之眼B,38681774134,11.21000,1,25,16777215,2026-06-02 14:11:56,1780380716,3,2c185db8,2124746464411429376,5
BV1xbVW6mEQQ,116653073371073,迪迪都兜！方程豹钛7天神之眼5.0 沉浸式辅助驾驶实测,小倨试车,2026-05-29 00:25:41,26025,90,1,体验智驾平权的快乐 深度评测方程豹钛7天神之眼B,38681774134,7.72400,1,25,16777215,2026-06-02 13:57:39,1780379859,3,809509ed,2124739278083960576,5
BV1xbVW6mEQQ,116653073371073,迪迪都兜！方程豹钛7天神之眼5.0 沉浸式辅助驾驶实测,小倨试车,2026-05-29 00:25:41,26025,90,1,体验智驾平权的快乐 深度评测方程豹钛7天神之眼B,38681774134,172.34600,1,25,16777215,2026-06-02 13:31:32,1780378292,0,3f6acb45,2124726133202670848,保守和害怕事故不是刚好合拍吗，你不能一边要求他激进，有一边要求他安全
BV1xbVW6mEQQ,116653073371073,迪迪都兜！方程豹钛7天神之眼5.0 沉浸式辅助驾驶实测,小倨试车,2026-05-29 00:25:41,26025,90,1,体验智驾平权的快乐 深度评测方程豹钛7天神之眼B,38681774134,10.66700,1,25,16777215,2026-06-02 13:15:28,1780377328,3,260005c2,2124718046769035008,5
BV1xbVW6mEQQ,116653073371073,迪迪都兜！方程豹钛7天神之眼5.0 沉浸式辅助驾驶实测,小倨试车,2026-05-29 00:25:41,26025,90,1,体验智驾平权的快乐 深度评测方程豹钛7天神之眼B,38681774134,392.74600,1,25,16777215,2026-06-02 12:21:57,1780374117,3,31d65138,2124691107106760448,4
BV1xbVW6mEQQ,116653073371073,迪迪都兜！方程豹钛7天神之眼5.0 沉浸式辅助驾驶实测,小倨试车,2026-05-29 00:25:41,26025,90,1,体验智驾平权的快乐 深度评测方程豹钛7天神之眼B,38681774134,6.00700,1,25,16777215,2026-06-02 11:54:47,1780372487,0,a50cf580,2124677430882176000,底底迪迪都兜，底迪迪都兜～
BV1xbVW6mEQQ,116653073371073,迪迪都兜！方程豹钛7天神之眼5.0 沉浸式辅助驾驶实测,小倨试车,2026-05-29 00:25:41,26025,90,1,体验智驾平权的快乐 深度评测方程豹钛7天神之眼B,38681774134,86.16100,1,25,16777215,2026-06-02 09:26:30,1780363590,0,ad4b904d,2124602802134284800,它智驾简直没谁了！
BV1xbVW6mEQQ,116653073371073,迪迪都兜！方程豹钛7天神之眼5.0 沉浸式辅助驾驶实测,小倨试车,2026-05-29 00:25:41,26025,90,1,体验智驾平权的快乐 深度评测方程豹钛7天神之眼B,38681774134,10.55600,1,25,16777215,2026-06-02 06:20:00,1780352400,3,95fba9c,2124508929005606656,5
BV1xbVW6mEQQ,116653073371073,迪迪都兜！方程豹钛7天神之眼5.0 沉浸式辅助驾驶实测,小倨试车,2026-05-29 00:25:41,26025,90,1,体验智驾平权的快乐 深度评测方程豹钛7天神之眼B,38681774134,165.77100,1,25,16777215,2026-06-02 01:16:15,1780334175,0,a90e97d0,2124356052077184768,兜底的代价必然是更保守
BV1xbVW6mEQQ,116653073371073,迪迪都兜！方程豹钛7天神之眼5.0 沉浸式辅助驾驶实测,小倨试车,2026-05-29 00:25:41,26025,90,1,体验智驾平权的快乐 深度评测方程豹钛7天神之眼B,38681774134,9.37200,1,25,16777215,2026-06-01 23:40:50,1780328450,3,8ceb47a,2124308021885958400,5
BV1xbVW6mEQQ,116653073371073,迪迪都兜！方程豹钛7天神之眼5.0 沉浸式辅助驾驶实测,小倨试车,2026-05-29 00:25:41,26025,90,1,体验智驾平权的快乐 深度评测方程豹钛7天神之眼B,38681774134,9.22100,1,25,16777215,2026-06-01 23:15:54,1780326954,3,7d61abb3,2124295473761532416,5
BV1xbVW6mEQQ,116653073371073,迪迪都兜！方程豹钛7天神之眼5.0 沉浸式辅助驾驶实测,小倨试车,2026-05-29 00:25:41,26025,90,1,体验智驾平权的快乐 深度评测方程豹钛7天神之眼B,38681774134,10.04200,1,25,16777215,2026-06-01 20:50:35,1780318235,3,2e518d81,2124222338773084672,5
BV1xbVW6mEQQ,116653073371073,迪迪都兜！方程豹钛7天神之眼5.0 沉浸式辅助驾驶实测,小倨试车,2026-05-29 00:25:41,26025,90,1,体验智驾平权的快乐 深度评测方程豹钛7天神之眼B,38681774134,10.09400,1,25,16777215,2026-06-01 20:35:00,1780317300,3,5919b7cc,2124214492186759168,5
BV1xbVW6mEQQ,116653073371073,迪迪都兜！方程豹钛7天神之眼5.0 沉浸式辅助驾驶实测,小倨试车,2026-05-29 00:25:41,26025,90,1,体验智驾平权的快乐 深度评测方程豹钛7天神之眼B,38681774134,6.83800,1,25,16777215,2026-06-01 20:07:50,1780315670,3,42dfdaee,2124200821951682304,5
BV1xbVW6mEQQ,116653073371073,迪迪都兜！方程豹钛7天神之眼5.0 沉浸式辅助驾驶实测,小倨试车,2026-05-29 00:25:41,26025,90,1,体验智驾平权的快乐 深度评测方程豹钛7天神之眼B,38681774134,410.40700,1,25,16777215,2026-06-01 19:59:04,1780315144,0,eb191d13,2124196406767654144,别急用的人一多迭代就快的很
BV1xbVW6mEQQ,116653073371073,迪迪都兜！方程豹钛7天神之眼5.0 沉浸式辅助驾驶实测,小倨试车,2026-05-29 00:25:41,26025,90,1,体验智驾平权的快乐 深度评测方程豹钛7天神之眼B,38681774134,198.43000,1,25,16777215,2026-06-01 19:55:14,1780314914,0,eb191d13,2124194477807044096,快速路属于城市路怎么不兜只是高速不兜
BV1xbVW6mEQQ,116653073371073,迪迪都兜！方程豹钛7天神之眼5.0 沉浸式辅助驾驶实测,小倨试车,2026-05-29 00:25:41,26025,90,1,体验智驾平权的快乐 深度评测方程豹钛7天神之眼B,38681774134,139.09500,1,25,16777215,2026-06-01 19:53:45,1780314825,0,eb191d13,2124193726573849600,两个摄像头拼一起了
BV1xbVW6mEQQ,116653073371073,迪迪都兜！方程豹钛7天神之眼5.0 沉浸式辅助驾驶实测,小倨试车,2026-05-29 00:25:41,26025,90,1,体验智驾平权的快乐 深度评测方程豹钛7天神之眼B,38681774134,110.92000,1,25,16777215,2026-06-01 19:53:08,1780314788,0,eb191d13,2124193424214802688,兜个毛智能泊车到现在一个兜底都没有
BV1xbVW6mEQQ,116653073371073,迪迪都兜！方程豹钛7天神之眼5.0 沉浸式辅助驾驶实测,小倨试车,2026-05-29 00:25:41,26025,90,1,体验智驾平权的快乐 深度评测方程豹钛7天神之眼B,38681774134,392.10700,1,25,16777215,2026-06-01 17:10:05,1780305005,3,8083c5af,2124111354192588800,5
BV1xbVW6mEQQ,116653073371073,迪迪都兜！方程豹钛7天神之眼5.0 沉浸式辅助驾驶实测,小倨试车,2026-05-29 00:25:41,26025,90,1,体验智驾平权的快乐 深度评测方程豹钛7天神之眼B,38681774134,666.15100,1,25,16777215,2026-06-01 15:30:44,1780299044,3,4e68250a,2124061351663009024,5
BV1xbVW6mEQQ,116653073371073,迪迪都兜！方程豹钛7天神之眼5.0 沉浸式辅助驾驶实测,小倨试车,2026-05-29 00:25:41,26025,90,1,体验智驾平权的快乐 深度评测方程豹钛7天神之眼B,38681774134,40.91100,1,25,16777215,2026-05-31 19:00:10,1780225210,0,c7a0684b,2123441982750717952,比亚迪买了公司经营责任险
BV1xbVW6mEQQ,116653073371073,迪迪都兜！方程豹钛7天神之眼5.0 沉浸式辅助驾驶实测,小倨试车,2026-05-29 00:25:41,26025,90,1,体验智驾平权的快乐 深度评测方程豹钛7天神之眼B,38681774134,129.38300,1,25,16777215,2026-05-31 13:56:30,1780206990,0,ef92898a,2123289149175140096,"這個視覺很有趣, 怎樣拍的?"
BV1xbVW6mEQQ,116653073371073,迪迪都兜！方程豹钛7天神之眼5.0 沉浸式辅助驾驶实测,小倨试车,2026-05-29 00:25:41,26025,90,1,体验智驾平权的快乐 深度评测方程豹钛7天神之眼B,38681774134,139.08000,1,25,16777215,2026-05-30 23:37:26,1780155446,0,624580a,2122856766018078720,车距太大，容易被加塞啊
BV1xbVW6mEQQ,116653073371073,迪迪都兜！方程豹钛7天神之眼5.0 沉浸式辅助驾驶实测,小倨试车,2026-05-29 00:25:41,26025,90,1,体验智驾平权的快乐 深度评测方程豹钛7天神之眼B,38681774134,9.00000,1,25,16777215,2026-05-30 23:25:54,1780154754,3,413e8aa,2122850956327750400,5
BV1xbVW6mEQQ,116653073371073,迪迪都兜！方程豹钛7天神之眼5.0 沉浸式辅助驾驶实测,小倨试车,2026-05-29 00:25:41,26025,90,1,体验智驾平权的快乐 深度评测方程豹钛7天神之眼B,38681774134,496.99100,1,25,16777215,2026-05-30 21:59:44,1780149584,0,a8ee54c6,2122807592324780288,比大部分女司机厉害，但和老司机比差远了
BV1xbVW6mEQQ,116653073371073,迪迪都兜！方程豹钛7天神之眼5.0 沉浸式辅助驾驶实测,小倨试车,2026-05-29 00:25:41,26025,90,1,体验智驾平权的快乐 深度评测方程豹钛7天神之眼B,38681774134,9.40300,1,25,16777215,2026-05-30 18:40:37,1780137637,3,15e6033c,2122707366461251328,5
BV1xbVW6mEQQ,116653073371073,迪迪都兜！方程豹钛7天神之眼5.0 沉浸式辅助驾驶实测,小倨试车,2026-05-29 00:25:41,26025,90,1,体验智驾平权的快乐 深度评测方程豹钛7天神之眼B,38681774134,11.00000,1,25,16777215,2026-05-30 13:53:05,1780120385,3,422d9b88,2122562653234123008,5
BV1xbVW6mEQQ,116653073371073,迪迪都兜！方程豹钛7天神之眼5.0 沉浸式辅助驾驶实测,小倨试车,2026-05-29 00:25:41,26025,90,1,体验智驾平权的快乐 深度评测方程豹钛7天神之眼B,38681774134,503.95600,1,25,16777215,2026-05-30 12:33:36,1780115616,0,4749a997,2122522643374150400,一直悬着手臂不累吗
BV1xbVW6mEQQ,116653073371073,迪迪都兜！方程豹钛7天神之眼5.0 沉浸式辅助驾驶实测,小倨试车,2026-05-29 00:25:41,26025,90,1,体验智驾平权的快乐 深度评测方程豹钛7天神之眼B,38681774134,183.23200,1,25,16777215,2026-05-30 11:18:56,1780111136,3,647a24a5,2122485062905033728,5
BV1xbVW6mEQQ,116653073371073,迪迪都兜！方程豹钛7天神之眼5.0 沉浸式辅助驾驶实测,小倨试车,2026-05-29 00:25:41,26025,90,1,体验智驾平权的快乐 深度评测方程豹钛7天神之眼B,38681774134,152.83900,1,25,16777215,2026-05-30 08:42:00,1780101720,0,dfd82481,2122406072710575104,哈哈 这个视角我以为机盖要起飞了，沐尘拉力赛
BV1xbVW6mEQQ,116653073371073,迪迪都兜！方程豹钛7天神之眼5.0 沉浸式辅助驾驶实测,小倨试车,2026-05-29 00:25:41,26025,90,1,体验智驾平权的快乐 深度评测方程豹钛7天神之眼B,38681774134,10.90000,1,25,16777215,2026-05-30 08:17:31,1780100251,3,9ac8b998,2122393753233756672,5
BV1xbVW6mEQQ,116653073371073,迪迪都兜！方程豹钛7天神之眼5.0 沉浸式辅助驾驶实测,小倨试车,2026-05-29 00:25:41,26025,90,1,体验智驾平权的快乐 深度评测方程豹钛7天神之眼B,38681774134,10.00000,1,25,16777215,2026-05-30 02:28:22,1780079302,3,cdc45d51,2122218023329953792,5
BV1xbVW6mEQQ,116653073371073,迪迪都兜！方程豹钛7天神之眼5.0 沉浸式辅助驾驶实测,小倨试车,2026-05-29 00:25:41,26025,90,1,体验智驾平权的快乐 深度评测方程豹钛7天神之眼B,38681774134,455.27100,1,25,16777215,2026-05-30 02:14:03,1780078443,0,a4ee7632,2122210813229716224,右转道左转，我也遇到过，不敢用了，怕违章罚款
BV1xbVW6mEQQ,116653073371073,迪迪都兜！方程豹钛7天神之眼5.0 沉浸式辅助驾驶实测,小倨试车,2026-05-29 00:25:41,26025,90,1,体验智驾平权的快乐 深度评测方程豹钛7天神之眼B,38681774134,239.29100,1,25,16777215,2026-05-29 22:03:34,1780063414,0,8d0131b1,2122084745336154880,你这个不也是社会车辆吗？
BV1xbVW6mEQQ,116653073371073,迪迪都兜！方程豹钛7天神之眼5.0 沉浸式辅助驾驶实测,小倨试车,2026-05-29 00:25:41,26025,90,1,体验智驾平权的快乐 深度评测方程豹钛7天神之眼B,38681774134,177.68800,5,25,16777215,2026-05-29 19:53:08,1780055588,0,738378d1,2122019090326471936,高快不兜是因为现阶段比亚迪的高快领航使用率已经超过90%，没必要再去兜底了，兜底就是为了让用户敢用城市领航
BV1xbVW6mEQQ,116653073371073,迪迪都兜！方程豹钛7天神之眼5.0 沉浸式辅助驾驶实测,小倨试车,2026-05-29 00:25:41,26025,90,1,体验智驾平权的快乐 深度评测方程豹钛7天神之眼B,38681774134,101.93800,1,25,16777215,2026-05-29 19:35:16,1780054516,0,3be9897,2122010098871633408,我只想知道，遥遥领先的华为能兜不
BV1xbVW6mEQQ,116653073371073,迪迪都兜！方程豹钛7天神之眼5.0 沉浸式辅助驾驶实测,小倨试车,2026-05-29 00:25:41,26025,90,1,体验智驾平权的快乐 深度评测方程豹钛7天神之眼B,38681774134,10.00000,1,25,16777215,2026-05-29 19:29:44,1780054184,3,7335b60f,2122007318508873216,5
BV1xbVW6mEQQ,116653073371073,迪迪都兜！方程豹钛7天神之眼5.0 沉浸式辅助驾驶实测,小倨试车,2026-05-29 00:25:41,26025,90,1,体验智驾平权的快乐 深度评测方程豹钛7天神之眼B,38681774134,667.09300,1,25,16777215,2026-05-29 19:19:29,1780053569,3,2bf8f128,2122002153995611904,5
BV1xbVW6mEQQ,116653073371073,迪迪都兜！方程豹钛7天神之眼5.0 沉浸式辅助驾驶实测,小倨试车,2026-05-29 00:25:41,26025,90,1,体验智驾平权的快乐 深度评测方程豹钛7天神之眼B,38681774134,10.43700,1,25,16777215,2026-05-29 19:19:14,1780053554,3,73ef7367,2122002028007201280,5
BV1xbVW6mEQQ,116653073371073,迪迪都兜！方程豹钛7天神之眼5.0 沉浸式辅助驾驶实测,小倨试车,2026-05-29 00:25:41,26025,90,1,体验智驾平权的快乐 深度评测方程豹钛7天神之眼B,38681774134,9.00000,1,25,16777215,2026-05-29 18:57:51,1780052271,3,280d7f24,2121991264584026112,5
BV1xbVW6mEQQ,116653073371073,迪迪都兜！方程豹钛7天神之眼5.0 沉浸式辅助驾驶实测,小倨试车,2026-05-29 00:25:41,26025,90,1,体验智驾平权的快乐 深度评测方程豹钛7天神之眼B,38681774134,668.00000,1,25,16777215,2026-05-29 18:19:46,1780049986,3,a5326941,2121972101606205440,5
BV1xbVW6mEQQ,116653073371073,迪迪都兜！方程豹钛7天神之眼5.0 沉浸式辅助驾驶实测,小倨试车,2026-05-29 00:25:41,26025,90,1,体验智驾平权的快乐 深度评测方程豹钛7天神之眼B,38681774134,175.57800,1,25,16777215,2026-05-29 18:12:14,1780049534,0,8ee8b16d,2121968312740815104,高架路不兜
BV1xbVW6mEQQ,116653073371073,迪迪都兜！方程豹钛7天神之眼5.0 沉浸式辅助驾驶实测,小倨试车,2026-05-29 00:25:41,26025,90,1,体验智驾平权的快乐 深度评测方程豹钛7天神之眼B,38681774134,44.00700,1,25,16777215,2026-05-29 18:10:03,1780049403,0,8ee8b16d,2121967208959230464,弟弟豆豆
BV1xbVW6mEQQ,116653073371073,迪迪都兜！方程豹钛7天神之眼5.0 沉浸式辅助驾驶实测,小倨试车,2026-05-29 00:25:41,26025,90,1,体验智驾平权的快乐 深度评测方程豹钛7天神之眼B,38681774134,10.00000,1,25,16777215,2026-05-29 18:09:29,1780049369,3,8ee8b16d,2121966926371652096,5
BV1xbVW6mEQQ,116653073371073,迪迪都兜！方程豹钛7天神之眼5.0 沉浸式辅助驾驶实测,小倨试车,2026-05-29 00:25:41,26025,90,1,体验智驾平权的快乐 深度评测方程豹钛7天神之眼B,38681774134,668.00000,1,25,16777215,2026-05-29 17:56:17,1780048577,3,924950a2,2121960281419817984,5
BV1xbVW6mEQQ,116653073371073,迪迪都兜！方程豹钛7天神之眼5.0 沉浸式辅助驾驶实测,小倨试车,2026-05-29 00:25:41,26025,90,1,体验智驾平权的快乐 深度评测方程豹钛7天神之眼B,38681774134,8.33100,1,25,16777215,2026-05-29 17:01:23,1780045283,3,4a4ced75,2121932652482456064,5
BV1xbVW6mEQQ,116653073371073,迪迪都兜！方程豹钛7天神之眼5.0 沉浸式辅助驾驶实测,小倨试车,2026-05-29 00:25:41,26025,90,1,体验智驾平权的快乐 深度评测方程豹钛7天神之眼B,38681774134,668.90000,1,25,16777215,2026-05-29 16:44:58,1780044298,3,b6d48ec0,2121924385718867712,5
BV1xbVW6mEQQ,116653073371073,迪迪都兜！方程豹钛7天神之眼5.0 沉浸式辅助驾驶实测,小倨试车,2026-05-29 00:25:41,26025,90,1,体验智驾平权的快乐 深度评测方程豹钛7天神之眼B,38681774134,485.95500,1,25,16777215,2026-05-29 16:37:54,1780043874,0,2056f5a,2121920827456083712,只能说能用，但是离丝滑和完善还早
BV1xbVW6mEQQ,116653073371073,迪迪都兜！方程豹钛7天神之眼5.0 沉浸式辅助驾驶实测,小倨试车,2026-05-29 00:25:41,26025,90,1,体验智驾平权的快乐 深度评测方程豹钛7天神之眼B,38681774134,11.00000,1,25,16777215,2026-05-29 16:36:40,1780043800,3,f221a467,2121920207101636096,5
BV1xbVW6mEQQ,116653073371073,迪迪都兜！方程豹钛7天神之眼5.0 沉浸式辅助驾驶实测,小倨试车,2026-05-29 00:25:41,26025,90,1,体验智驾平权的快乐 深度评测方程豹钛7天神之眼B,38681774134,10.00000,1,25,16777215,2026-05-29 16:12:49,1780042369,3,2c690c11,2121908200671616512,5
BV1xbVW6mEQQ,116653073371073,迪迪都兜！方程豹钛7天神之眼5.0 沉浸式辅助驾驶实测,小倨试车,2026-05-29 00:25:41,26025,90,1,体验智驾平权的快乐 深度评测方程豹钛7天神之眼B,38681774134,10.00000,1,25,16777215,2026-05-29 15:16:34,1780038994,3,f1cd5b46,2121879893708241408,5
BV1xbVW6mEQQ,116653073371073,迪迪都兜！方程豹钛7天神之眼5.0 沉浸式辅助驾驶实测,小倨试车,2026-05-29 00:25:41,26025,90,1,体验智驾平权的快乐 深度评测方程豹钛7天神之眼B,38681774134,119.99900,1,25,16777215,2026-05-29 14:59:18,1780037958,0,6f6b8025,2121871203655676672,这里就不太行了吧，这种情况我都是给一脚油门，人可以让，加塞不能让
BV1xbVW6mEQQ,116653073371073,迪迪都兜！方程豹钛7天神之眼5.0 沉浸式辅助驾驶实测,小倨试车,2026-05-29 00:25:41,26025,90,1,体验智驾平权的快乐 深度评测方程豹钛7天神之眼B,38681774134,11.00000,1,25,16777215,2026-05-29 14:30:07,1780036207,3,cefeae94,2121856516964331520,5
BV1xbVW6mEQQ,116653073371073,迪迪都兜！方程豹钛7天神之眼5.0 沉浸式辅助驾驶实测,小倨试车,2026-05-29 00:25:41,26025,90,1,体验智驾平权的快乐 深度评测方程豹钛7天神之眼B,38681774134,115.03700,1,25,16777215,2026-05-29 14:11:41,1780035101,0,8604afdf,2121847237368742144,钛7敞篷版视角
BV1xbVW6mEQQ,116653073371073,迪迪都兜！方程豹钛7天神之眼5.0 沉浸式辅助驾驶实测,小倨试车,2026-05-29 00:25:41,26025,90,1,体验智驾平权的快乐 深度评测方程豹钛7天神之眼B,38681774134,96.67500,5,25,16777215,2026-05-29 12:51:50,1780030310,0,e32e5a86,2121807043874295552,敞篷车
BV1xbVW6mEQQ,116653073371073,迪迪都兜！方程豹钛7天神之眼5.0 沉浸式辅助驾驶实测,小倨试车,2026-05-29 00:25:41,26025,90,1,体验智驾平权的快乐 深度评测方程豹钛7天神之眼B,38681774134,664.75800,1,25,16777215,2026-05-29 12:44:50,1780029890,3,1be13384,2121803526832441856,5
BV1xbVW6mEQQ,116653073371073,迪迪都兜！方程豹钛7天神之眼5.0 沉浸式辅助驾驶实测,小倨试车,2026-05-29 00:25:41,26025,90,1,体验智驾平权的快乐 深度评测方程豹钛7天神之眼B,38681774134,86.08000,1,25,16777215,2026-05-29 12:41:14,1780029674,0,85fc1218,2121801707662166016,好特别的视角
BV1xbVW6mEQQ,116653073371073,迪迪都兜！方程豹钛7天神之眼5.0 沉浸式辅助驾驶实测,小倨试车,2026-05-29 00:25:41,26025,90,1,体验智驾平权的快乐 深度评测方程豹钛7天神之眼B,38681774134,391.69900,1,25,16777215,2026-05-29 12:40:06,1780029606,3,1be13384,2121801136213485312,4
BV1xbVW6mEQQ,116653073371073,迪迪都兜！方程豹钛7天神之眼5.0 沉浸式辅助驾驶实测,小倨试车,2026-05-29 00:25:41,26025,90,1,体验智驾平权的快乐 深度评测方程豹钛7天神之眼B,38681774134,341.71400,1,25,16777215,2026-05-29 12:15:51,1780028151,0,fba83091,2121788937289922048,溜了
BV1xbVW6mEQQ,116653073371073,迪迪都兜！方程豹钛7天神之眼5.0 沉浸式辅助驾驶实测,小倨试车,2026-05-29 00:25:41,26025,90,1,体验智驾平权的快乐 深度评测方程豹钛7天神之眼B,38681774134,109.32000,1,25,16777215,2026-05-29 12:10:18,1780027818,0,b855c93e,2121786144839447552,好颠啊
BV1xbVW6mEQQ,116653073371073,迪迪都兜！方程豹钛7天神之眼5.0 沉浸式辅助驾驶实测,小倨试车,2026-05-29 00:25:41,26025,90,1,体验智驾平权的快乐 深度评测方程豹钛7天神之眼B,38681774134,666.69800,1,25,16777215,2026-05-29 11:37:36,1780025856,3,9bdee821,2121769683563876096,4
BV1xbVW6mEQQ,116653073371073,迪迪都兜！方程豹钛7天神之眼5.0 沉浸式辅助驾驶实测,小倨试车,2026-05-29 00:25:41,26025,90,1,体验智驾平权的快乐 深度评测方程豹钛7天神之眼B,38681774134,403.30600,1,25,16777215,2026-05-29 11:33:12,1780025592,0,9bdee821,2121767472050097408,还需要迭代
BV1xbVW6mEQQ,116653073371073,迪迪都兜！方程豹钛7天神之眼5.0 沉浸式辅助驾驶实测,小倨试车,2026-05-29 00:25:41,26025,90,1,体验智驾平权的快乐 深度评测方程豹钛7天神之眼B,38681774134,391.84700,1,25,16777215,2026-05-29 11:32:55,1780025575,3,9bdee821,2121767327598173696,4
BV1xbVW6mEQQ,116653073371073,迪迪都兜！方程豹钛7天神之眼5.0 沉浸式辅助驾驶实测,小倨试车,2026-05-29 00:25:41,26025,90,1,体验智驾平权的快乐 深度评测方程豹钛7天神之眼B,38681774134,6.65400,1,25,16777215,2026-05-29 09:18:24,1780017504,3,e7c6347e,2121699622228686080,5
BV1xbVW6mEQQ,116653073371073,迪迪都兜！方程豹钛7天神之眼5.0 沉浸式辅助驾驶实测,小倨试车,2026-05-29 00:25:41,26025,90,1,体验智驾平权的快乐 深度评测方程豹钛7天神之眼B,38681774134,9.58700,1,25,16777215,2026-05-29 09:11:41,1780017101,3,2edc7252,2121696241258765056,5
BV1xbVW6mEQQ,116653073371073,迪迪都兜！方程豹钛7天神之眼5.0 沉浸式辅助驾驶实测,小倨试车,2026-05-29 00:25:41,26025,90,1,体验智驾平权的快乐 深度评测方程豹钛7天神之眼B,38681774134,8.26800,1,25,16777215,2026-05-29 09:03:55,1780016635,3,1d5a315d,2121692329827135232,5
BV1xbVW6mEQQ,116653073371073,迪迪都兜！方程豹钛7天神之眼5.0 沉浸式辅助驾驶实测,小倨试车,2026-05-29 00:25:41,26025,90,1,体验智驾平权的快乐 深度评测方程豹钛7天神之眼B,38681774134,290.12000,1,25,16777215,2026-05-29 08:42:27,1780015347,0,82f79abb,2121681525803665408,这里确实不错
BV1xbVW6mEQQ,116653073371073,迪迪都兜！方程豹钛7天神之眼5.0 沉浸式辅助驾驶实测,小倨试车,2026-05-29 00:25:41,26025,90,1,体验智驾平权的快乐 深度评测方程豹钛7天神之眼B,38681774134,8.90800,1,25,16777215,2026-05-29 00:48:46,1779986926,3,49989dfa,2121443112663638272,5
BV1rwwyz2ETE,116256007003403,华为ADS4.1 PK 天神之眼5.0，问题画面集锦，8:16怎么来的,耗子发威,2026-03-19 21:11:58,57126,628,1,华为ADS4.1 PK 天神之眼5.0，问题画面集锦，8:16怎么来的,36818389554,385.45000,1,25,16777215,2026-03-20 19:37:07,1774006627,0,461f7810,2071276732682138624,这个比较危险了，还容易找骂，对侧向感知太弱了
BV1rwwyz2ETE,116256007003403,华为ADS4.1 PK 天神之眼5.0，问题画面集锦，8:16怎么来的,耗子发威,2026-03-19 21:11:58,57126,628,1,华为ADS4.1 PK 天神之眼5.0，问题画面集锦，8:16怎么来的,36818389554,381.88500,1,25,16777215,2026-03-19 23:22:51,1773933771,0,ce45e580,2070665572341211648,这个有点危险，掉头还抢道
BV1rwwyz2ETE,116256007003403,华为ADS4.1 PK 天神之眼5.0，问题画面集锦，8:16怎么来的,耗子发威,2026-03-19 21:11:58,57126,628,1,华为ADS4.1 PK 天神之眼5.0，问题画面集锦，8:16怎么来的,36818389554,15.15600,1,25,16777215,2026-05-25 14:23:47,1779690227,0,8a928d6f,2118954219490562048,唐左前有拐弯车辆影响到决策了
BV1rwwyz2ETE,116256007003403,华为ADS4.1 PK 天神之眼5.0，问题画面集锦，8:16怎么来的,耗子发威,2026-03-19 21:11:58,57126,628,1,华为ADS4.1 PK 天神之眼5.0，问题画面集锦，8:16怎么来的,36818389554,423.48900,1,25,16777215,2026-05-25 05:22:43,1779657763,0,57d1373e,2118681894748660480,感觉都算安全问题了，别个正常直行 直接横过去了
BV1rwwyz2ETE,116256007003403,华为ADS4.1 PK 天神之眼5.0，问题画面集锦，8:16怎么来的,耗子发威,2026-03-19 21:11:58,57126,628,1,华为ADS4.1 PK 天神之眼5.0，问题画面集锦，8:16怎么来的,36818389554,11.88700,1,25,16777215,2026-05-10 20:24:34,1778415874,0,e09c0cea,2108264173506090240,线性减速可以
BV1rwwyz2ETE,116256007003403,华为ADS4.1 PK 天神之眼5.0，问题画面集锦，8:16怎么来的,耗子发威,2026-03-19 21:11:58,57126,628,1,华为ADS4.1 PK 天神之眼5.0，问题画面集锦，8:16怎么来的,36818389554,494.32900,1,25,16777215,2026-05-10 01:32:21,1778347941,0,1e38ed81,2107694314897037312,唐这段太吃亏了。S9过的时候没这么多车。
BV1rwwyz2ETE,116256007003403,华为ADS4.1 PK 天神之眼5.0，问题画面集锦，8:16怎么来的,耗子发威,2026-03-19 21:11:58,57126,628,1,华为ADS4.1 PK 天神之眼5.0，问题画面集锦，8:16怎么来的,36818389554,213.89000,1,25,16777215,2026-05-10 01:26:21,1778347581,0,1e38ed81,2107691295803484160,S9这又不算？
BV1rwwyz2ETE,116256007003403,华为ADS4.1 PK 天神之眼5.0，问题画面集锦，8:16怎么来的,耗子发威,2026-03-19 21:11:58,57126,628,1,华为ADS4.1 PK 天神之眼5.0，问题画面集锦，8:16怎么来的,36818389554,382.34200,1,25,16777215,2026-04-05 22:01:22,1775397682,0,2f6a89a9,2082945745325634560,必须记！记控速问题哈哈，刀子嘴豆腐心哟
BV1rwwyz2ETE,116256007003403,华为ADS4.1 PK 天神之眼5.0，问题画面集锦，8:16怎么来的,耗子发威,2026-03-19 21:11:58,57126,628,1,华为ADS4.1 PK 天神之眼5.0，问题画面集锦，8:16怎么来的,36818389554,150.86800,1,25,16777215,2026-03-23 18:27:56,1774261676,0,773be567,2073416235416741632,唐这里本身导航也要绕一圈，但突然不去了
BV1rwwyz2ETE,116256007003403,华为ADS4.1 PK 天神之眼5.0，问题画面集锦，8:16怎么来的,耗子发威,2026-03-19 21:11:58,57126,628,1,华为ADS4.1 PK 天神之眼5.0，问题画面集锦，8:16怎么来的,36818389554,425.52000,1,25,16777215,2026-03-22 23:33:56,1774193636,0,260bd5de,2072845475408603648,因为它前面等的时候，你催它。所以它学你激进
BV1rwwyz2ETE,116256007003403,华为ADS4.1 PK 天神之眼5.0，问题画面集锦，8:16怎么来的,耗子发威,2026-03-19 21:11:58,57126,628,1,华为ADS4.1 PK 天神之眼5.0，问题画面集锦，8:16怎么来的,36818389554,33.22500,1,25,16777215,2026-03-22 00:21:16,1774110076,0,6ad2ff14,2072144524305983488,s9宽两米还多一点吧
BV1rwwyz2ETE,116256007003403,华为ADS4.1 PK 天神之眼5.0，问题画面集锦，8:16怎么来的,耗子发威,2026-03-19 21:11:58,57126,628,1,华为ADS4.1 PK 天神之眼5.0，问题画面集锦，8:16怎么来的,36818389554,87.87600,1,25,16777215,2026-03-20 08:52:10,1773967930,0,8ab6936d,2070952112913458688,感觉是因为前面刚刚停了辆白色的车，不知道判断成什么了
BV1rwwyz2ETE,116256007003403,华为ADS4.1 PK 天神之眼5.0，问题画面集锦，8:16怎么来的,耗子发威,2026-03-19 21:11:58,57126,628,1,华为ADS4.1 PK 天神之眼5.0，问题画面集锦，8:16怎么来的,36818389554,373.39700,1,25,16777215,2026-03-20 00:22:00,1773937320,0,543fcd9a,2070695342831713280,这个属于安全接管吧 掉头都不让直行的
BV1rwwyz2ETE,116256007003403,华为ADS4.1 PK 天神之眼5.0，问题画面集锦，8:16怎么来的,耗子发威,2026-03-19 21:11:58,57126,628,1,华为ADS4.1 PK 天神之眼5.0，问题画面集锦，8:16怎么来的,36818389554,77.72800,1,25,16777215,2026-03-20 00:14:43,1773936883,0,93a77b00,2070691679459654656,我的钛7这种情况会超级慢
BV1rwwyz2ETE,116256007003403,华为ADS4.1 PK 天神之眼5.0，问题画面集锦，8:16怎么来的,耗子发威,2026-03-19 21:11:58,57126,628,1,华为ADS4.1 PK 天神之眼5.0，问题画面集锦，8:16怎么来的,36818389554,101.45300,1,25,16777215,2026-03-19 23:16:33,1773933393,0,ce45e580,2070662396548289536,小艺有点懵圈了，走哪里没想出来，哈嘿嘿嘿
BV1rwwyz2ETE,116256007003403,华为ADS4.1 PK 天神之眼5.0，问题画面集锦，8:16怎么来的,耗子发威,2026-03-19 21:11:58,57126,628,1,华为ADS4.1 PK 天神之眼5.0，问题画面集锦，8:16怎么来的,36818389554,18.25500,1,25,16777215,2026-03-19 22:39:13,1773931153,0,ae296e0c,2070643606696005120,开局就是一个强烈对比
BV1rwwyz2ETE,116256007003403,华为ADS4.1 PK 天神之眼5.0，问题画面集锦，8:16怎么来的,耗子发威,2026-03-19 21:11:58,57126,628,1,华为ADS4.1 PK 天神之眼5.0，问题画面集锦，8:16怎么来的,36818389554,74.08000,1,25,16777215,2026-03-19 22:01:52,1773928912,0,e2a1195d,2070624810920524544,前面的，问题是这里他没处理好
BV1rwwyz2ETE,116256007003403,华为ADS4.1 PK 天神之眼5.0，问题画面集锦，8:16怎么来的,耗子发威,2026-03-19 21:11:58,57126,628,1,华为ADS4.1 PK 天神之眼5.0，问题画面集锦，8:16怎么来的,36818389554,115.74900,1,25,16777215,2026-03-19 21:53:40,1773928420,0,394853cf,2070620682785789184,一个95分，一个70分，反正都及格
BV1rwwyz2ETE,116256007003403,华为ADS4.1 PK 天神之眼5.0，问题画面集锦，8:16怎么来的,耗子发威,2026-03-19 21:11:58,57126,628,1,华为ADS4.1 PK 天神之眼5.0，问题画面集锦，8:16怎么来的,36818389554,665.96000,1,25,16777215,2026-09-14 23:30:21,1789399821,0,4cf08fc9,2200404202537783552,虎头岩
BV1rwwyz2ETE,116256007003403,华为ADS4.1 PK 天神之眼5.0，问题画面集锦，8:16怎么来的,耗子发威,2026-03-19 21:11:58,57126,628,1,华为ADS4.1 PK 天神之眼5.0，问题画面集锦，8:16怎么来的,36818389554,460.02000,1,25,16777215,2026-09-14 23:26:49,1789399609,0,4cf08fc9,2200402422944923648,这个有点太极限了
BV1rwwyz2ETE,116256007003403,华为ADS4.1 PK 天神之眼5.0，问题画面集锦，8:16怎么来的,耗子发威,2026-03-19 21:11:58,57126,628,1,华为ADS4.1 PK 天神之眼5.0，问题画面集锦，8:16怎么来的,36818389554,699.76300,1,25,16777215,2026-08-30 13:57:52,1788069472,0,a2bf6b7a,2189244421483866112,安全第一，你们认为智驾要不管死活，硬来？这测试毫无意义。
BV1rwwyz2ETE,116256007003403,华为ADS4.1 PK 天神之眼5.0，问题画面集锦，8:16怎么来的,耗子发威,2026-03-19 21:11:58,57126,628,1,华为ADS4.1 PK 天神之眼5.0，问题画面集锦，8:16怎么来的,36818389554,389.44800,1,25,16777215,2026-08-30 13:52:04,1788069124,0,a2bf6b7a,2189241502978002944,这是危险驾驶！上面的，拿着剧本唱戏啊
BV1rwwyz2ETE,116256007003403,华为ADS4.1 PK 天神之眼5.0，问题画面集锦，8:16怎么来的,耗子发威,2026-03-19 21:11:58,57126,628,1,华为ADS4.1 PK 天神之眼5.0，问题画面集锦，8:16怎么来的,36818389554,320.72400,1,25,16777215,2026-08-30 13:50:27,1788069027,0,a2bf6b7a,2189240692831213312,这俩是黑哨吗
BV1rwwyz2ETE,116256007003403,华为ADS4.1 PK 天神之眼5.0，问题画面集锦，8:16怎么来的,耗子发威,2026-03-19 21:11:58,57126,628,1,华为ADS4.1 PK 天神之眼5.0，问题画面集锦，8:16怎么来的,36818389554,345.81300,1,25,16777215,2026-08-26 13:46:46,1787723206,0,8d48ace8,2186339734815964416,跟特斯拉的FSD没法比呀
BV1rwwyz2ETE,116256007003403,华为ADS4.1 PK 天神之眼5.0，问题画面集锦，8:16怎么来的,耗子发威,2026-03-19 21:11:58,57126,628,1,华为ADS4.1 PK 天神之眼5.0，问题画面集锦，8:16怎么来的,36818389554,204.56100,1,25,16777215,2026-08-09 02:05:45,1786212345,0,773be567,2173665716090825472,到目的地接管
BV1rwwyz2ETE,116256007003403,华为ADS4.1 PK 天神之眼5.0，问题画面集锦，8:16怎么来的,耗子发威,2026-03-19 21:11:58,57126,628,1,华为ADS4.1 PK 天神之眼5.0，问题画面集锦，8:16怎么来的,36818389554,324.57500,1,25,16777215,2026-07-26 23:06:31,1785078391,0,2b9f3afd,2164153416552115456,上面的这么难记吗？
BV1rwwyz2ETE,116256007003403,华为ADS4.1 PK 天神之眼5.0，问题画面集锦，8:16怎么来的,耗子发威,2026-03-19 21:11:58,57126,628,1,华为ADS4.1 PK 天神之眼5.0，问题画面集锦，8:16怎么来的,36818389554,344.07800,1,25,16777215,2026-07-13 13:11:11,1783919471,0,86458b5b,2154431692655100416,他以为对向车道在排队，不想进去堵住车道
BV1rwwyz2ETE,116256007003403,华为ADS4.1 PK 天神之眼5.0，问题画面集锦，8:16怎么来的,耗子发威,2026-03-19 21:11:58,57126,628,1,华为ADS4.1 PK 天神之眼5.0，问题画面集锦，8:16怎么来的,36818389554,436.93400,1,25,16777215,2026-07-08 22:37:41,1783521461,0,e115aaf,2151092940989878784,人家硬撞你你没一点办法
BV1rwwyz2ETE,116256007003403,华为ADS4.1 PK 天神之眼5.0，问题画面集锦，8:16怎么来的,耗子发威,2026-03-19 21:11:58,57126,628,1,华为ADS4.1 PK 天神之眼5.0，问题画面集锦，8:16怎么来的,36818389554,311.18300,1,25,16777215,2026-07-08 22:35:10,1783521310,0,e115aaf,2151091672665907200,搁下面早记了
BV1rwwyz2ETE,116256007003403,华为ADS4.1 PK 天神之眼5.0，问题画面集锦，8:16怎么来的,耗子发威,2026-03-19 21:11:58,57126,628,1,华为ADS4.1 PK 天神之眼5.0，问题画面集锦，8:16怎么来的,36818389554,618.10000,5,25,16777215,2026-07-05 16:51:29,1783241489,0,9b4359f4,2148744366301948672,重庆……智驾地狱
BV1rwwyz2ETE,116256007003403,华为ADS4.1 PK 天神之眼5.0，问题画面集锦，8:16怎么来的,耗子发威,2026-03-19 21:11:58,57126,628,1,华为ADS4.1 PK 天神之眼5.0，问题画面集锦，8:16怎么来的,36818389554,296.12000,1,25,16777215,2026-07-05 16:45:54,1783241154,0,9b4359f4,2148741561084301568,这俩智驾要是合二为一……
BV1rwwyz2ETE,116256007003403,华为ADS4.1 PK 天神之眼5.0，问题画面集锦，8:16怎么来的,耗子发威,2026-03-19 21:11:58,57126,628,1,华为ADS4.1 PK 天神之眼5.0，问题画面集锦，8:16怎么来的,36818389554,212.03000,1,25,16777215,2026-06-27 16:17:54,1782548274,0,538e0bac,2142929262398199552,人家到了
BV1rwwyz2ETE,116256007003403,华为ADS4.1 PK 天神之眼5.0，问题画面集锦，8:16怎么来的,耗子发威,2026-03-19 21:11:58,57126,628,1,华为ADS4.1 PK 天神之眼5.0，问题画面集锦，8:16怎么来的,36818389554,261.10900,1,25,16777215,2026-06-11 16:34:31,1781166871,0,d5ad4026,2131341207204053760,开车的礼让行人也不是这么礼让的。。。
BV1rwwyz2ETE,116256007003403,华为ADS4.1 PK 天神之眼5.0，问题画面集锦，8:16怎么来的,耗子发威,2026-03-19 21:11:58,57126,628,1,华为ADS4.1 PK 天神之眼5.0，问题画面集锦，8:16怎么来的,36818389554,252.10100,1,25,16777215,2026-06-10 23:55:28,1781106928,0,8a4be89c,2130838373412293888,让你减速观察没让你挺着趴窝
BV1rwwyz2ETE,116256007003403,华为ADS4.1 PK 天神之眼5.0，问题画面集锦，8:16怎么来的,耗子发威,2026-03-19 21:11:58,57126,628,1,华为ADS4.1 PK 天神之眼5.0，问题画面集锦，8:16怎么来的,36818389554,310.73700,1,25,16777215,2026-06-09 17:14:33,1780996473,0,d7c86279,2129911808197814528,20W和30W的比是怕输吗
BV1rwwyz2ETE,116256007003403,华为ADS4.1 PK 天神之眼5.0，问题画面集锦，8:16怎么来的,耗子发威,2026-03-19 21:11:58,57126,628,1,华为ADS4.1 PK 天神之眼5.0，问题画面集锦，8:16怎么来的,36818389554,33.63100,1,25,16777215,2026-06-09 02:43:31,1780944211,0,d036fe7f,2129473400945587456,下面视频卡了？
BV1rwwyz2ETE,116256007003403,华为ADS4.1 PK 天神之眼5.0，问题画面集锦，8:16怎么来的,耗子发威,2026-03-19 21:11:58,57126,628,1,华为ADS4.1 PK 天神之眼5.0，问题画面集锦，8:16怎么来的,36818389554,659.13700,1,25,16777215,2026-06-08 15:37:05,1780904225,0,72fdb0f6,2129137978143228672,想多了，我觉得这智驾开的比人好，我开我能慢死这种窄破路
BV1rwwyz2ETE,116256007003403,华为ADS4.1 PK 天神之眼5.0，问题画面集锦，8:16怎么来的,耗子发威,2026-03-19 21:11:58,57126,628,1,华为ADS4.1 PK 天神之眼5.0，问题画面集锦，8:16怎么来的,36818389554,620.90200,1,25,16777215,2026-06-08 14:54:56,1780901696,0,5a4ac802,2129116758731570176,这路换新手司机能急哭了
BV1rwwyz2ETE,116256007003403,华为ADS4.1 PK 天神之眼5.0，问题画面集锦，8:16怎么来的,耗子发威,2026-03-19 21:11:58,57126,628,1,华为ADS4.1 PK 天神之眼5.0，问题画面集锦，8:16怎么来的,36818389554,37.30900,1,25,16777215,2026-06-08 01:30:41,1780853441,0,b1b5a711,2128711972173494784,很遵守法规
BV1rwwyz2ETE,116256007003403,华为ADS4.1 PK 天神之眼5.0，问题画面集锦，8:16怎么来的,耗子发威,2026-03-19 21:11:58,57126,628,1,华为ADS4.1 PK 天神之眼5.0，问题画面集锦，8:16怎么来的,36818389554,646.36900,1,25,16777215,2026-06-03 02:45:56,1780425956,0,c11c12b8,2125125965138177024,总结 进步空间还很大。还是自己开
BV1rwwyz2ETE,116256007003403,华为ADS4.1 PK 天神之眼5.0，问题画面集锦，8:16怎么来的,耗子发威,2026-03-19 21:11:58,57126,628,1,华为ADS4.1 PK 天神之眼5.0，问题画面集锦，8:16怎么来的,36818389554,23.08700,1,25,16777215,2026-06-02 22:35:00,1780410900,0,17ab1b6f,2124999666390652416,下面的在干嘛
BV1rwwyz2ETE,116256007003403,华为ADS4.1 PK 天神之眼5.0，问题画面集锦，8:16怎么来的,耗子发威,2026-03-19 21:11:58,57126,628,1,华为ADS4.1 PK 天神之眼5.0，问题画面集锦，8:16怎么来的,36818389554,371.24300,1,25,16777215,2026-06-02 17:25:00,1780392300,0,8a928d6f,2124843635605973504,掉头车辆别直行车辆，这叫能耐是吗？
BV1rwwyz2ETE,116256007003403,华为ADS4.1 PK 天神之眼5.0，问题画面集锦，8:16怎么来的,耗子发威,2026-03-19 21:11:58,57126,628,1,华为ADS4.1 PK 天神之眼5.0，问题画面集锦，8:16怎么来的,36818389554,340.73900,1,25,16777215,2026-05-30 18:37:43,1780137463,0,4650fd65,2122705913931747584,这没计?
BV1rwwyz2ETE,116256007003403,华为ADS4.1 PK 天神之眼5.0，问题画面集锦，8:16怎么来的,耗子发威,2026-03-19 21:11:58,57126,628,1,华为ADS4.1 PK 天神之眼5.0，问题画面集锦，8:16怎么来的,36818389554,101.42200,1,25,16777215,2026-05-30 08:26:31,1780100791,0,201d2a40,2122398283938070528,下放唐的视频是慢速播放的
BV1rwwyz2ETE,116256007003403,华为ADS4.1 PK 天神之眼5.0，问题画面集锦，8:16怎么来的,耗子发威,2026-03-19 21:11:58,57126,628,1,华为ADS4.1 PK 天神之眼5.0，问题画面集锦，8:16怎么来的,36818389554,220.58700,1,25,16777215,2026-05-29 23:10:55,1780067455,0,4a26005b,2122118639665796352,你觉得你发的视频公平客观吗？
BV1rwwyz2ETE,116256007003403,华为ADS4.1 PK 天神之眼5.0，问题画面集锦，8:16怎么来的,耗子发威,2026-03-19 21:11:58,57126,628,1,华为ADS4.1 PK 天神之眼5.0，问题画面集锦，8:16怎么来的,36818389554,573.63800,1,25,16777215,2026-05-29 22:47:09,1780066029,0,c3015980,2122106676269841152,你们能找到这些地方，也确实是车企的严父了。。。
BV1rwwyz2ETE,116256007003403,华为ADS4.1 PK 天神之眼5.0，问题画面集锦，8:16怎么来的,耗子发威,2026-03-19 21:11:58,57126,628,1,华为ADS4.1 PK 天神之眼5.0，问题画面集锦，8:16怎么来的,36818389554,37.14000,1,25,16777215,2026-05-29 20:43:34,1780058614,0,1dad13fa,2122044474791501568,什么叫效率接管，这不是卡死了吗
BV1rwwyz2ETE,116256007003403,华为ADS4.1 PK 天神之眼5.0，问题画面集锦，8:16怎么来的,耗子发威,2026-03-19 21:11:58,57126,628,1,华为ADS4.1 PK 天神之眼5.0，问题画面集锦，8:16怎么来的,36818389554,348.21700,1,25,16777215,2026-05-25 07:59:19,1779667159,0,2cba5ef6,2118760713287043072,实线违规了吧
BV1rwwyz2ETE,116256007003403,华为ADS4.1 PK 天神之眼5.0，问题画面集锦，8:16怎么来的,耗子发威,2026-03-19 21:11:58,57126,628,1,华为ADS4.1 PK 天神之眼5.0，问题画面集锦，8:16怎么来的,36818389554,475.63700,1,25,16777215,2026-05-21 15:45:44,1779349544,0,30af9437,2116096366186173952,比亚迪和小米一样碰到复杂路况就停住了
BV1rwwyz2ETE,116256007003403,华为ADS4.1 PK 天神之眼5.0，问题画面集锦，8:16怎么来的,耗子发威,2026-03-19 21:11:58,57126,628,1,华为ADS4.1 PK 天神之眼5.0，问题画面集锦，8:16怎么来的,36818389554,26.59600,1,25,16777215,2026-05-21 15:37:48,1779349068,0,30af9437,2116092374668179712,天神瞎眼
BV1rwwyz2ETE,116256007003403,华为ADS4.1 PK 天神之眼5.0，问题画面集锦，8:16怎么来的,耗子发威,2026-03-19 21:11:58,57126,628,1,华为ADS4.1 PK 天神之眼5.0，问题画面集锦，8:16怎么来的,36818389554,23.64000,1,25,16777215,2026-05-15 09:18:04,1778807884,0,5977c261,2111552594227815936,BYD5000人研发智驾方案长时间没个结果后面买了魔门塔的方案来用就知道是一帮什么人才了  硬件理工没毛病确实强  软件技术确实拉没得洗
BV1rwwyz2ETE,116256007003403,华为ADS4.1 PK 天神之眼5.0，问题画面集锦，8:16怎么来的,耗子发威,2026-03-19 21:11:58,57126,628,1,华为ADS4.1 PK 天神之眼5.0，问题画面集锦，8:16怎么来的,36818389554,109.01300,1,25,16777215,2026-05-10 20:26:44,1778416004,0,e09c0cea,2108265265518454784,搁那扫地图呢
BV1rwwyz2ETE,116256007003403,华为ADS4.1 PK 天神之眼5.0，问题画面集锦，8:16怎么来的,耗子发威,2026-03-19 21:11:58,57126,628,1,华为ADS4.1 PK 天神之眼5.0，问题画面集锦，8:16怎么来的,36818389554,568.83500,1,25,16777215,2026-05-10 15:59:21,1778399961,0,d797353a,2108130686216773632,这里你也记吗？
BV1rwwyz2ETE,116256007003403,华为ADS4.1 PK 天神之眼5.0，问题画面集锦，8:16怎么来的,耗子发威,2026-03-19 21:11:58,57126,628,1,华为ADS4.1 PK 天神之眼5.0，问题画面集锦，8:16怎么来的,36818389554,586.14600,1,25,16777215,2026-05-10 01:34:58,1778348098,0,1e38ed81,2107695631329641216,唐只要慢点马上计数，S9至少4次没记录了
BV1rwwyz2ETE,116256007003403,华为ADS4.1 PK 天神之眼5.0，问题画面集锦，8:16怎么来的,耗子发威,2026-03-19 21:11:58,57126,628,1,华为ADS4.1 PK 天神之眼5.0，问题画面集锦，8:16怎么来的,36818389554,375.20700,1,25,16777215,2026-05-10 01:30:00,1778347800,0,1e38ed81,2107693127112027648,这个S9危险驾驶，要算安全接管
BV1rwwyz2ETE,116256007003403,华为ADS4.1 PK 天神之眼5.0，问题画面集锦，8:16怎么来的,耗子发威,2026-03-19 21:11:58,57126,628,1,华为ADS4.1 PK 天神之眼5.0，问题画面集锦，8:16怎么来的,36818389554,280.96700,1,25,16777215,2026-05-10 01:27:46,1778347666,0,1e38ed81,2107692002241729280,这个S9又不算，真偏心啊
BV1rwwyz2ETE,116256007003403,华为ADS4.1 PK 天神之眼5.0，问题画面集锦，8:16怎么来的,耗子发威,2026-03-19 21:11:58,57126,628,1,华为ADS4.1 PK 天神之眼5.0，问题画面集锦，8:16怎么来的,36818389554,137.32800,1,25,16777215,2026-05-10 01:24:53,1778347493,0,1e38ed81,2107690552262400512,多转一圈不算偏航一次吗？
BV1rwwyz2ETE,116256007003403,华为ADS4.1 PK 天神之眼5.0，问题画面集锦，8:16怎么来的,耗子发威,2026-03-19 21:11:58,57126,628,1,华为ADS4.1 PK 天神之眼5.0，问题画面集锦，8:16怎么来的,36818389554,237.81900,1,25,16777215,2026-05-08 10:47:06,1778208426,0,df78736a,2106523978620409856,纯黑啊
BV1rwwyz2ETE,116256007003403,华为ADS4.1 PK 天神之眼5.0，问题画面集锦，8:16怎么来的,耗子发威,2026-03-19 21:11:58,57126,628,1,华为ADS4.1 PK 天神之眼5.0，问题画面集锦，8:16怎么来的,36818389554,636.70800,1,25,16777215,2026-05-06 02:00:56,1778004056,0,98a3dcbc,2104809594165037312,卧龙凤雏
BV1rwwyz2ETE,116256007003403,华为ADS4.1 PK 天神之眼5.0，问题画面集锦，8:16怎么来的,耗子发威,2026-03-19 21:11:58,57126,628,1,华为ADS4.1 PK 天神之眼5.0，问题画面集锦，8:16怎么来的,36818389554,426.19400,1,25,16777215,2026-05-06 01:57:20,1778003840,0,98a3dcbc,2104807782905137408,安全接管变成控速问题6666 太客观了
BV1rwwyz2ETE,116256007003403,华为ADS4.1 PK 天神之眼5.0，问题画面集锦，8:16怎么来的,耗子发威,2026-03-19 21:11:58,57126,628,1,华为ADS4.1 PK 天神之眼5.0，问题画面集锦，8:16怎么来的,36818389554,392.17900,1,25,16777215,2026-05-05 14:03:58,1777961038,0,cd93e49d,2104448732220553472,是因为设置效率优先吗？
BV1rwwyz2ETE,116256007003403,华为ADS4.1 PK 天神之眼5.0，问题画面集锦，8:16怎么来的,耗子发威,2026-03-19 21:11:58,57126,628,1,华为ADS4.1 PK 天神之眼5.0，问题画面集锦，8:16怎么来的,36818389554,570.79200,5,25,15138834,2026-05-03 22:21:21,1777818081,0,31914986,2103249525116044544,哈，大哥在等后面的老奶奶
BV1rwwyz2ETE,116256007003403,华为ADS4.1 PK 天神之眼5.0，问题画面集锦，8:16怎么来的,耗子发威,2026-03-19 21:11:58,57126,628,1,华为ADS4.1 PK 天神之眼5.0，问题画面集锦，8:16怎么来的,36818389554,406.84500,1,25,16777215,2026-05-03 12:13:07,1777781587,0,6cd77e95,2102943386113038080,赌对方不敢撞哈哈
BV1rwwyz2ETE,116256007003403,华为ADS4.1 PK 天神之眼5.0，问题画面集锦，8:16怎么来的,耗子发威,2026-03-19 21:11:58,57126,628,1,华为ADS4.1 PK 天神之眼5.0，问题画面集锦，8:16怎么来的,36818389554,130.84100,1,25,16777215,2026-05-03 00:38:57,1777739937,0,284008ab,2102594001529282048,ADS完全吊打天神之眼
BV1rwwyz2ETE,116256007003403,华为ADS4.1 PK 天神之眼5.0，问题画面集锦，8:16怎么来的,耗子发威,2026-03-19 21:11:58,57126,628,1,华为ADS4.1 PK 天神之眼5.0，问题画面集锦，8:16怎么来的,36818389554,415.13400,1,25,16777215,2026-05-02 22:53:22,1777733602,0,ab18afe8,2102540859555462144,你们要脸吗
BV1rwwyz2ETE,116256007003403,华为ADS4.1 PK 天神之眼5.0，问题画面集锦，8:16怎么来的,耗子发威,2026-03-19 21:11:58,57126,628,1,华为ADS4.1 PK 天神之眼5.0，问题画面集锦，8:16怎么来的,36818389554,410.21400,1,25,16777215,2026-05-02 22:53:05,1777733585,0,ab18afe8,2102540722158515200,“标准统一”
BV1rwwyz2ETE,116256007003403,华为ADS4.1 PK 天神之眼5.0，问题画面集锦，8:16怎么来的,耗子发威,2026-03-19 21:11:58,57126,628,1,华为ADS4.1 PK 天神之眼5.0，问题画面集锦，8:16怎么来的,36818389554,369.55700,1,25,16777215,2026-05-02 22:51:28,1777733488,0,ab18afe8,2102539904923538176,这特么叫控速问题？这叫危险驾驶
BV1rwwyz2ETE,116256007003403,华为ADS4.1 PK 天神之眼5.0，问题画面集锦，8:16怎么来的,耗子发威,2026-03-19 21:11:58,57126,628,1,华为ADS4.1 PK 天神之眼5.0，问题画面集锦，8:16怎么来的,36818389554,146.23700,1,25,16777215,2026-04-30 23:38:22,1777563502,0,446697d1,2101113959767390720,没多转
BV1rwwyz2ETE,116256007003403,华为ADS4.1 PK 天神之眼5.0，问题画面集锦，8:16怎么来的,耗子发威,2026-03-19 21:11:58,57126,628,1,华为ADS4.1 PK 天神之眼5.0，问题画面集锦，8:16怎么来的,36818389554,104.06000,1,25,16777215,2026-04-30 23:37:34,1777563454,0,446697d1,2101113557105581056,这个不记吗
BV1rwwyz2ETE,116256007003403,华为ADS4.1 PK 天神之眼5.0，问题画面集锦，8:16怎么来的,耗子发威,2026-03-19 21:11:58,57126,628,1,华为ADS4.1 PK 天神之眼5.0，问题画面集锦，8:16怎么来的,36818389554,237.42800,1,25,16777215,2026-04-30 18:07:49,1777543669,0,43ecd85b,2100947588630713856,一群水货测评
BV1rwwyz2ETE,116256007003403,华为ADS4.1 PK 天神之眼5.0，问题画面集锦，8:16怎么来的,耗子发威,2026-03-19 21:11:58,57126,628,1,华为ADS4.1 PK 天神之眼5.0，问题画面集锦，8:16怎么来的,36818389554,23.64700,1,25,16777215,2026-04-27 00:29:10,1777220950,0,db6fa07a,2098240424077854208,认为可以超的交规学习一下
BV1rwwyz2ETE,116256007003403,华为ADS4.1 PK 天神之眼5.0，问题画面集锦，8:16怎么来的,耗子发威,2026-03-19 21:11:58,57126,628,1,华为ADS4.1 PK 天神之眼5.0，问题画面集锦，8:16怎么来的,36818389554,13.86600,1,25,16777215,2026-04-27 00:28:30,1777220910,0,db6fa07a,2098240089347292928,前车压人行横道，后车超车？你认真的？
BV1rwwyz2ETE,116256007003403,华为ADS4.1 PK 天神之眼5.0，问题画面集锦，8:16怎么来的,耗子发威,2026-03-19 21:11:58,57126,628,1,华为ADS4.1 PK 天神之眼5.0，问题画面集锦，8:16怎么来的,36818389554,52.17900,1,25,16777215,2026-04-27 00:22:29,1777220549,0,db6fa07a,2098237058559710208,路口超车，3分两百块
BV1rwwyz2ETE,116256007003403,华为ADS4.1 PK 天神之眼5.0，问题画面集锦，8:16怎么来的,耗子发威,2026-03-19 21:11:58,57126,628,1,华为ADS4.1 PK 天神之眼5.0，问题画面集锦，8:16怎么来的,36818389554,27.09400,1,25,16777215,2026-04-27 00:20:57,1777220457,0,db6fa07a,2098236286505801728,这里不超是因为交通规则，十字路口不得借道超车
BV1rwwyz2ETE,116256007003403,华为ADS4.1 PK 天神之眼5.0，问题画面集锦，8:16怎么来的,耗子发威,2026-03-19 21:11:58,57126,628,1,华为ADS4.1 PK 天神之眼5.0，问题画面集锦，8:16怎么来的,36818389554,119.80000,1,25,16777215,2026-04-20 20:41:11,1776688871,0,e6c684f4,2093777027886133760,和ads比了个 8/16 ，这天神之眼b进步挺大的了
BV1rwwyz2ETE,116256007003403,华为ADS4.1 PK 天神之眼5.0，问题画面集锦，8:16怎么来的,耗子发威,2026-03-19 21:11:58,57126,628,1,华为ADS4.1 PK 天神之眼5.0，问题画面集锦，8:16怎么来的,36818389554,233.07300,1,25,16777215,2026-04-14 22:24:55,1776176695,0,e651ad3d,2089480578423469824,有人直行，车辆右转肯定让啊
BV1rwwyz2ETE,116256007003403,华为ADS4.1 PK 天神之眼5.0，问题画面集锦，8:16怎么来的,耗子发威,2026-03-19 21:11:58,57126,628,1,华为ADS4.1 PK 天神之眼5.0，问题画面集锦，8:16怎么来的,36818389554,631.82000,1,25,16777215,2026-04-14 09:38:16,1776130696,0,ddacc958,2089094716372781312,前面弹幕跟个乐子似的，这种极限场景你能开多快？路况好的时候呢？不更轻松吗？
BV1rwwyz2ETE,116256007003403,华为ADS4.1 PK 天神之眼5.0，问题画面集锦，8:16怎么来的,耗子发威,2026-03-19 21:11:58,57126,628,1,华为ADS4.1 PK 天神之眼5.0，问题画面集锦，8:16怎么来的,36818389554,396.45400,1,25,16777215,2026-04-14 08:17:15,1776125835,0,7d367ae1,2089053938451798784,安全问题了，这个属于，理想完全可以撞过去
BV1rwwyz2ETE,116256007003403,华为ADS4.1 PK 天神之眼5.0，问题画面集锦，8:16怎么来的,耗子发威,2026-03-19 21:11:58,57126,628,1,华为ADS4.1 PK 天神之眼5.0，问题画面集锦，8:16怎么来的,36818389554,311.46500,1,25,16777215,2026-04-14 08:15:28,1776125728,0,7d367ae1,2089053035837325312,ads傻了
BV1rwwyz2ETE,116256007003403,华为ADS4.1 PK 天神之眼5.0，问题画面集锦，8:16怎么来的,耗子发威,2026-03-19 21:11:58,57126,628,1,华为ADS4.1 PK 天神之眼5.0，问题画面集锦，8:16怎么来的,36818389554,607.57800,1,25,16777215,2026-04-11 17:11:16,1775898676,0,a9f04777,2087148387937531648,看来都还是自己开吧
BV1rwwyz2ETE,116256007003403,华为ADS4.1 PK 天神之眼5.0，问题画面集锦，8:16怎么来的,耗子发威,2026-03-19 21:11:58,57126,628,1,华为ADS4.1 PK 天神之眼5.0，问题画面集锦，8:16怎么来的,36818389554,587.93200,1,25,16777215,2026-04-08 14:30:00,1775629800,0,840ce043,2084892890911910144,这不是我家附近吗
BV1rwwyz2ETE,116256007003403,华为ADS4.1 PK 天神之眼5.0，问题画面集锦，8:16怎么来的,耗子发威,2026-03-19 21:11:58,57126,628,1,华为ADS4.1 PK 天神之眼5.0，问题画面集锦，8:16怎么来的,36818389554,253.80500,1,25,16777215,2026-04-06 12:21:53,1775449313,0,e5843cd,2083378856680861440,天神之眼b是过于保守，一定是先让行人，我去市中心绝不会用，上高架，直筒道我会用
BV1rwwyz2ETE,116256007003403,华为ADS4.1 PK 天神之眼5.0，问题画面集锦，8:16怎么来的,耗子发威,2026-03-19 21:11:58,57126,628,1,华为ADS4.1 PK 天神之眼5.0，问题画面集锦，8:16怎么来的,36818389554,456.62900,1,25,16777215,2026-04-05 22:03:57,1775397837,0,2f6a89a9,2082947043697648384,刚不是要撞了？是要亲嘴？
BV1rwwyz2ETE,116256007003403,华为ADS4.1 PK 天神之眼5.0，问题画面集锦，8:16怎么来的,耗子发威,2026-03-19 21:11:58,57126,628,1,华为ADS4.1 PK 天神之眼5.0，问题画面集锦，8:16怎么来的,36818389554,412.41400,1,25,16777215,2026-04-05 22:02:59,1775397779,0,2f6a89a9,2082946561092700160,还高标准严要求？
BV1rwwyz2ETE,116256007003403,华为ADS4.1 PK 天神之眼5.0，问题画面集锦，8:16怎么来的,耗子发威,2026-03-19 21:11:58,57126,628,1,华为ADS4.1 PK 天神之眼5.0，问题画面集锦，8:16怎么来的,36818389554,400.33200,1,25,16777215,2026-04-05 22:02:19,1775397739,0,2f6a89a9,2082946224172316672,记两个不如记一个安全问题
BV1rwwyz2ETE,116256007003403,华为ADS4.1 PK 天神之眼5.0，问题画面集锦，8:16怎么来的,耗子发威,2026-03-19 21:11:58,57126,628,1,华为ADS4.1 PK 天神之眼5.0，问题画面集锦，8:16怎么来的,36818389554,376.02900,1,25,16777215,2026-04-05 22:00:05,1775397605,0,2f6a89a9,2082945096550463488,这还不是安全问题？
BV1rwwyz2ETE,116256007003403,华为ADS4.1 PK 天神之眼5.0，问题画面集锦，8:16怎么来的,耗子发威,2026-03-19 21:11:58,57126,628,1,华为ADS4.1 PK 天神之眼5.0，问题画面集锦，8:16怎么来的,36818389554,344.57700,1,25,16777215,2026-04-05 21:59:20,1775397560,0,2f6a89a9,2082944721051373568,各种解释？生怕扣分多了
BV1rwwyz2ETE,116256007003403,华为ADS4.1 PK 天神之眼5.0，问题画面集锦，8:16怎么来的,耗子发威,2026-03-19 21:11:58,57126,628,1,华为ADS4.1 PK 天神之眼5.0，问题画面集锦，8:16怎么来的,36818389554,320.90700,1,25,16777215,2026-04-05 21:58:41,1775397521,0,2f6a89a9,2082944396990878720,这不是双标？
BV1rwwyz2ETE,116256007003403,华为ADS4.1 PK 天神之眼5.0，问题画面集锦，8:16怎么来的,耗子发威,2026-03-19 21:11:58,57126,628,1,华为ADS4.1 PK 天神之眼5.0，问题画面集锦，8:16怎么来的,36818389554,42.54400,1,25,16777215,2026-03-31 13:12:45,1774933965,0,fff54e4,2079055806892621568,这哪里是效率接管，这是直接卡死
BV1rwwyz2ETE,116256007003403,华为ADS4.1 PK 天神之眼5.0，问题画面集锦，8:16怎么来的,耗子发威,2026-03-19 21:11:58,57126,628,1,华为ADS4.1 PK 天神之眼5.0，问题画面集锦，8:16怎么来的,36818389554,127.56900,1,25,16777215,2026-03-30 19:49:21,1774871361,0,f213bc52,2078530646309188096,这怎么看的来着，一起看看的人迷糊啊
BV1rwwyz2ETE,116256007003403,华为ADS4.1 PK 天神之眼5.0，问题画面集锦，8:16怎么来的,耗子发威,2026-03-19 21:11:58,57126,628,1,华为ADS4.1 PK 天神之眼5.0，问题画面集锦，8:16怎么来的,36818389554,618.52600,1,25,16777215,2026-03-29 19:20:43,1774783243,0,71743b38,2077791460996558080,上面那个人好烦
BV1rwwyz2ETE,116256007003403,华为ADS4.1 PK 天神之眼5.0，问题画面集锦，8:16怎么来的,耗子发威,2026-03-19 21:11:58,57126,628,1,华为ADS4.1 PK 天神之眼5.0，问题画面集锦，8:16怎么来的,36818389554,111.50600,1,25,16777215,2026-03-28 23:20:41,1774711241,0,f866d856,2077187465307414528,比亚迪，为什么跟央视新闻那个差距这么大？
BV1rwwyz2ETE,116256007003403,华为ADS4.1 PK 天神之眼5.0，问题画面集锦，8:16怎么来的,耗子发威,2026-03-19 21:11:58,57126,628,1,华为ADS4.1 PK 天神之眼5.0，问题画面集锦，8:16怎么来的,36818389554,379.00500,1,25,16777215,2026-03-28 16:25:52,1774686352,0,1c77ec25,2076978675865911552,上面的这个掉头有点危险的，出了事就是视频车全责
BV1rwwyz2ETE,116256007003403,华为ADS4.1 PK 天神之眼5.0，问题画面集锦，8:16怎么来的,耗子发威,2026-03-19 21:11:58,57126,628,1,华为ADS4.1 PK 天神之眼5.0，问题画面集锦，8:16怎么来的,36818389554,133.42900,1,25,16777215,2026-03-27 23:12:15,1774624335,0,2f77ab4e,2076458441836843776,没有冗余备份的都不能称为智驾
BV1rwwyz2ETE,116256007003403,华为ADS4.1 PK 天神之眼5.0，问题画面集锦，8:16怎么来的,耗子发威,2026-03-19 21:11:58,57126,628,1,华为ADS4.1 PK 天神之眼5.0，问题画面集锦，8:16怎么来的,36818389554,363.89300,5,25,15138834,2026-03-26 17:00:59,1774515659,0,eadf580c,2075546798420358912,这不我家外面么……
BV1rwwyz2ETE,116256007003403,华为ADS4.1 PK 天神之眼5.0，问题画面集锦，8:16怎么来的,耗子发威,2026-03-19 21:11:58,57126,628,1,华为ADS4.1 PK 天神之眼5.0，问题画面集锦，8:16怎么来的,36818389554,237.06900,1,25,16777215,2026-03-25 16:40:57,1774428057,0,f77ce3d,2074811938072482304,前面说礼让行人的在ADS2.0的时候为啥不这么宽容？？
BV1rwwyz2ETE,116256007003403,华为ADS4.1 PK 天神之眼5.0，问题画面集锦，8:16怎么来的,耗子发威,2026-03-19 21:11:58,57126,628,1,华为ADS4.1 PK 天神之眼5.0，问题画面集锦，8:16怎么来的,36818389554,53.10900,1,25,16777215,2026-03-25 16:36:48,1774427808,0,f77ce3d,2074809849686575872,为啥下面的唐速度这么慢
BV1rwwyz2ETE,116256007003403,华为ADS4.1 PK 天神之眼5.0，问题画面集锦，8:16怎么来的,耗子发威,2026-03-19 21:11:58,57126,628,1,华为ADS4.1 PK 天神之眼5.0，问题画面集锦，8:16怎么来的,36818389554,661.97600,1,25,16777215,2026-03-25 16:00:31,1774425631,0,88334df8,2074791590446635776,还是平原城市舒服，道路四通八达，重庆这道路自己开都一头汗
BV1rwwyz2ETE,116256007003403,华为ADS4.1 PK 天神之眼5.0，问题画面集锦，8:16怎么来的,耗子发威,2026-03-19 21:11:58,57126,628,1,华为ADS4.1 PK 天神之眼5.0，问题画面集锦，8:16怎么来的,36818389554,226.57100,1,25,16777215,2026-03-24 22:15:03,1774361703,0,a793be92,2074255320687480064,礼让行人啊，不晓得？
BV1rwwyz2ETE,116256007003403,华为ADS4.1 PK 天神之眼5.0，问题画面集锦，8:16怎么来的,耗子发威,2026-03-19 21:11:58,57126,628,1,华为ADS4.1 PK 天神之眼5.0，问题画面集锦，8:16怎么来的,36818389554,235.34700,1,25,16777215,2026-03-24 21:23:43,1774358623,0,2b976869,2074229490074650624,礼让行人也不是在这里礼让啊
BV1rwwyz2ETE,116256007003403,华为ADS4.1 PK 天神之眼5.0，问题画面集锦，8:16怎么来的,耗子发威,2026-03-19 21:11:58,57126,628,1,华为ADS4.1 PK 天神之眼5.0，问题画面集锦，8:16怎么来的,36818389554,99.99100,1,25,16777215,2026-03-24 19:51:11,1774353071,0,33983468,2074182915390402304,秦王绕柱
BV1rwwyz2ETE,116256007003403,华为ADS4.1 PK 天神之眼5.0，问题画面集锦，8:16怎么来的,耗子发威,2026-03-19 21:11:58,57126,628,1,华为ADS4.1 PK 天神之眼5.0，问题画面集锦，8:16怎么来的,36818389554,98.15100,1,25,16777215,2026-03-24 19:51:04,1774353064,0,33983468,2074182855663249408,哈哈
BV1rwwyz2ETE,116256007003403,华为ADS4.1 PK 天神之眼5.0，问题画面集锦，8:16怎么来的,耗子发威,2026-03-19 21:11:58,57126,628,1,华为ADS4.1 PK 天神之眼5.0，问题画面集锦，8:16怎么来的,36818389554,614.95400,1,25,16777215,2026-03-24 12:46:18,1774327578,0,deb867a5,2073969060672158208,这路也太极限了，我自己开360估计也要很慢很慢
BV1rwwyz2ETE,116256007003403,华为ADS4.1 PK 天神之眼5.0，问题画面集锦，8:16怎么来的,耗子发威,2026-03-19 21:11:58,57126,628,1,华为ADS4.1 PK 天神之眼5.0，问题画面集锦，8:16怎么来的,36818389554,427.01800,1,25,16777215,2026-03-24 09:06:22,1774314382,0,f15e4055,2073858368636402432,呵呵特斯拉你不骂呵呵我看你是踩了油门吧
BV1rwwyz2ETE,116256007003403,华为ADS4.1 PK 天神之眼5.0，问题画面集锦，8:16怎么来的,耗子发威,2026-03-19 21:11:58,57126,628,1,华为ADS4.1 PK 天神之眼5.0，问题画面集锦，8:16怎么来的,36818389554,118.66600,1,25,16777215,2026-03-23 18:26:44,1774261604,0,773be567,2073415635647869696,途径点在环岛对面，所以才绕一圈
BV1rwwyz2ETE,116256007003403,华为ADS4.1 PK 天神之眼5.0，问题画面集锦，8:16怎么来的,耗子发威,2026-03-19 21:11:58,57126,628,1,华为ADS4.1 PK 天神之眼5.0，问题画面集锦，8:16怎么来的,36818389554,68.56000,1,25,16777215,2026-03-23 16:05:31,1774253131,0,45bf5bdb,2073344557319296000,秒杀了
BV1rwwyz2ETE,116256007003403,华为ADS4.1 PK 天神之眼5.0，问题画面集锦，8:16怎么来的,耗子发威,2026-03-19 21:11:58,57126,628,1,华为ADS4.1 PK 天神之眼5.0，问题画面集锦，8:16怎么来的,36818389554,242.85800,1,25,16777215,2026-03-23 13:03:54,1774242234,0,666ee4a7,2073253148948251392,这种门口和人行横道就是要减速啊，不减速理论上是违规的
BV1rwwyz2ETE,116256007003403,华为ADS4.1 PK 天神之眼5.0，问题画面集锦，8:16怎么来的,耗子发威,2026-03-19 21:11:58,57126,628,1,华为ADS4.1 PK 天神之眼5.0，问题画面集锦，8:16怎么来的,36818389554,384.33800,1,25,16777215,2026-03-23 02:40:24,1774204824,0,343ba22b,2072939327558122752,这是空速问题？这都不是一般安全接管了，哪有掉头不让直行还入侵直行车道的，屁股歪到姥姥家了吧
BV1rwwyz2ETE,116256007003403,华为ADS4.1 PK 天神之眼5.0，问题画面集锦，8:16怎么来的,耗子发威,2026-03-19 21:11:58,57126,628,1,华为ADS4.1 PK 天神之眼5.0，问题画面集锦，8:16怎么来的,36818389554,197.60800,1,25,16777215,2026-03-23 00:53:59,1774198439,0,96892ac1,2072885762487292160,这上边为什么要接管
BV1rwwyz2ETE,116256007003403,华为ADS4.1 PK 天神之眼5.0，问题画面集锦，8:16怎么来的,耗子发威,2026-03-19 21:11:58,57126,628,1,华为ADS4.1 PK 天神之眼5.0，问题画面集锦，8:16怎么来的,36818389554,633.94300,1,25,16777215,2026-03-22 23:45:32,1774194332,0,85646582,2072851313821816064,这路况，一般新手司机都得懵，别说智驾了
BV1rwwyz2ETE,116256007003403,华为ADS4.1 PK 天神之眼5.0，问题画面集锦，8:16怎么来的,耗子发威,2026-03-19 21:11:58,57126,628,1,华为ADS4.1 PK 天神之眼5.0，问题画面集锦，8:16怎么来的,36818389554,570.92000,1,25,16777215,2026-03-22 23:36:43,1774193803,0,260bd5de,2072846874511067136,前车要停右边的车位，你堵着他，他停不了
BV1rwwyz2ETE,116256007003403,华为ADS4.1 PK 天神之眼5.0，问题画面集锦，8:16怎么来的,耗子发威,2026-03-19 21:11:58,57126,628,1,华为ADS4.1 PK 天神之眼5.0，问题画面集锦，8:16怎么来的,36818389554,220.92000,1,25,16777215,2026-03-22 22:35:31,1774190131,0,cbdbc928,2072816076600993792,因为礼让行人，天B这个一直很保守的，装机量太大了不让行人很恐怖
BV1rwwyz2ETE,116256007003403,华为ADS4.1 PK 天神之眼5.0，问题画面集锦，8:16怎么来的,耗子发威,2026-03-19 21:11:58,57126,628,1,华为ADS4.1 PK 天神之眼5.0，问题画面集锦，8:16怎么来的,36818389554,52.72000,1,25,16777215,2026-03-22 21:03:21,1774184601,0,a3fed27a,2072769683488413184,套圈了
BV1rwwyz2ETE,116256007003403,华为ADS4.1 PK 天神之眼5.0，问题画面集锦，8:16怎么来的,耗子发威,2026-03-19 21:11:58,57126,628,1,华为ADS4.1 PK 天神之眼5.0，问题画面集锦，8:16怎么来的,36818389554,25.64700,1,25,16777215,2026-03-22 13:01:43,1774155703,0,5faf78a2,2072527271675491072,别吵，在思考
BV1rwwyz2ETE,116256007003403,华为ADS4.1 PK 天神之眼5.0，问题画面集锦，8:16怎么来的,耗子发威,2026-03-19 21:11:58,57126,628,1,华为ADS4.1 PK 天神之眼5.0，问题画面集锦，8:16怎么来的,36818389554,380.32400,1,25,16777215,2026-03-22 03:43:16,1774122196,0,24e9b427,2072246197238250752,ads疯了，这种辅助驾驶是人干用的？
BV1rwwyz2ETE,116256007003403,华为ADS4.1 PK 天神之眼5.0，问题画面集锦，8:16怎么来的,耗子发威,2026-03-19 21:11:58,57126,628,1,华为ADS4.1 PK 天神之眼5.0，问题画面集锦，8:16怎么来的,36818389554,486.48800,1,25,16777215,2026-03-22 02:07:39,1774116459,0,595331c6,2072198072297416704,开s9这个咋咋呼呼的干什么，听着真烦
BV1rwwyz2ETE,116256007003403,华为ADS4.1 PK 天神之眼5.0，问题画面集锦，8:16怎么来的,耗子发威,2026-03-19 21:11:58,57126,628,1,华为ADS4.1 PK 天神之眼5.0，问题画面集锦，8:16怎么来的,36818389554,100.56600,1,25,16777215,2026-03-22 01:15:56,1774113356,0,1e61f3cf,2072172037983902976,迷路了
BV1rwwyz2ETE,116256007003403,华为ADS4.1 PK 天神之眼5.0，问题画面集锦，8:16怎么来的,耗子发威,2026-03-19 21:11:58,57126,628,1,华为ADS4.1 PK 天神之眼5.0，问题画面集锦，8:16怎么来的,36818389554,0.79400,1,25,16777215,2026-03-21 16:01:10,1774080070,0,4779a220,2071892816363774208,父债子还
BV1rwwyz2ETE,116256007003403,华为ADS4.1 PK 天神之眼5.0，问题画面集锦，8:16怎么来的,耗子发威,2026-03-19 21:11:58,57126,628,1,华为ADS4.1 PK 天神之眼5.0，问题画面集锦，8:16怎么来的,36818389554,18.11100,1,25,16777215,2026-03-21 08:09:56,1774051796,0,f38b55ab,2071655638605403904,这就过不去了？
BV1rwwyz2ETE,116256007003403,华为ADS4.1 PK 天神之眼5.0，问题画面集锦，8:16怎么来的,耗子发威,2026-03-19 21:11:58,57126,628,1,华为ADS4.1 PK 天神之眼5.0，问题画面集锦，8:16怎么来的,36818389554,372.25700,1,25,16777215,2026-03-21 03:02:29,1774033349,0,9b3bf481,2071500894063242496,这里控速问题怕是有点不公平吧，这都还只是控速
BV1rwwyz2ETE,116256007003403,华为ADS4.1 PK 天神之眼5.0，问题画面集锦，8:16怎么来的,耗子发威,2026-03-19 21:11:58,57126,628,1,华为ADS4.1 PK 天神之眼5.0，问题画面集锦，8:16怎么来的,36818389554,99.74100,1,25,16777215,2026-03-21 00:51:53,1774025513,0,3d2937ae,2071435154161429760,真的只是一圈吗
BV1rwwyz2ETE,116256007003403,华为ADS4.1 PK 天神之眼5.0，问题画面集锦，8:16怎么来的,耗子发威,2026-03-19 21:11:58,57126,628,1,华为ADS4.1 PK 天神之眼5.0，问题画面集锦，8:16怎么来的,36818389554,37.86000,1,25,16777215,2026-03-20 21:15:33,1774012533,0,904e49cd,2071326276177805312,简单的绕行都做不到，什么天神呢
BV1rwwyz2ETE,116256007003403,华为ADS4.1 PK 天神之眼5.0，问题画面集锦，8:16怎么来的,耗子发威,2026-03-19 21:11:58,57126,628,1,华为ADS4.1 PK 天神之眼5.0，问题画面集锦，8:16怎么来的,36818389554,511.82100,1,25,16777215,2026-03-20 19:42:26,1774006946,0,461f7810,2071279405812624896,看到前面车刹车了
BV1rwwyz2ETE,116256007003403,华为ADS4.1 PK 天神之眼5.0，问题画面集锦，8:16怎么来的,耗子发威,2026-03-19 21:11:58,57126,628,1,华为ADS4.1 PK 天神之眼5.0，问题画面集锦，8:16怎么来的,36818389554,52.28200,1,25,16777215,2026-03-20 18:44:19,1774003459,0,c14242bb,2071250154031875328,华为确实不错，这一点要比比亚迪好。
BV1rwwyz2ETE,116256007003403,华为ADS4.1 PK 天神之眼5.0，问题画面集锦，8:16怎么来的,耗子发威,2026-03-19 21:11:58,57126,628,1,华为ADS4.1 PK 天神之眼5.0，问题画面集锦，8:16怎么来的,36818389554,98.37500,1,25,16777215,2026-03-20 18:06:57,1774001217,0,1128dfda,2071231348979069440,哈哈哈哈
BV1rwwyz2ETE,116256007003403,华为ADS4.1 PK 天神之眼5.0，问题画面集锦，8:16怎么来的,耗子发威,2026-03-19 21:11:58,57126,628,1,华为ADS4.1 PK 天神之眼5.0，问题画面集锦，8:16怎么来的,36818389554,126.67300,1,25,16777215,2026-03-20 17:14:43,1773998083,0,65b73654,2071205062185369600,C还不够格和小艺叫板
BV1rwwyz2ETE,116256007003403,华为ADS4.1 PK 天神之眼5.0，问题画面集锦，8:16怎么来的,耗子发威,2026-03-19 21:11:58,57126,628,1,华为ADS4.1 PK 天神之眼5.0，问题画面集锦，8:16怎么来的,36818389554,222.09500,1,25,16777215,2026-03-20 16:45:43,1773996343,0,8075afc8,2071190460696854784,人行道有人
BV1rwwyz2ETE,116256007003403,华为ADS4.1 PK 天神之眼5.0，问题画面集锦，8:16怎么来的,耗子发威,2026-03-19 21:11:58,57126,628,1,华为ADS4.1 PK 天神之眼5.0，问题画面集锦，8:16怎么来的,36818389554,92.45100,1,25,16777215,2026-03-20 16:42:35,1773996155,0,8075afc8,2071188881164165632,继续bb
BV1rwwyz2ETE,116256007003403,华为ADS4.1 PK 天神之眼5.0，问题画面集锦，8:16怎么来的,耗子发威,2026-03-19 21:11:58,57126,628,1,华为ADS4.1 PK 天神之眼5.0，问题画面集锦，8:16怎么来的,36818389554,113.88000,1,25,16777215,2026-03-20 16:29:49,1773995389,0,980c10de,2071182455809219328,小艺拟人，哈哈哈
BV1rwwyz2ETE,116256007003403,华为ADS4.1 PK 天神之眼5.0，问题画面集锦，8:16怎么来的,耗子发威,2026-03-19 21:11:58,57126,628,1,华为ADS4.1 PK 天神之眼5.0，问题画面集锦，8:16怎么来的,36818389554,241.41600,1,25,16777215,2026-03-20 15:50:08,1773993008,0,498cac28,2071162488036666368,"行人在哪嘛,礼让行人..."
BV1rwwyz2ETE,116256007003403,华为ADS4.1 PK 天神之眼5.0，问题画面集锦，8:16怎么来的,耗子发威,2026-03-19 21:11:58,57126,628,1,华为ADS4.1 PK 天神之眼5.0，问题画面集锦，8:16怎么来的,36818389554,58.10800,1,25,16777215,2026-03-20 13:46:14,1773985574,0,afea1792,2071100124792949760,毛效率接管，直接不动了
BV1rwwyz2ETE,116256007003403,华为ADS4.1 PK 天神之眼5.0，问题画面集锦，8:16怎么来的,耗子发威,2026-03-19 21:11:58,57126,628,1,华为ADS4.1 PK 天神之眼5.0，问题画面集锦，8:16怎么来的,36818389554,103.07400,1,25,16777215,2026-03-20 13:33:02,1773984782,0,add6101f,2071093478641409024,为啥不拿C出来比呀，我想看，
BV1rwwyz2ETE,116256007003403,华为ADS4.1 PK 天神之眼5.0，问题画面集锦，8:16怎么来的,耗子发威,2026-03-19 21:11:58,57126,628,1,华为ADS4.1 PK 天神之眼5.0，问题画面集锦，8:16怎么来的,36818389554,32.73300,1,25,16777215,2026-03-20 11:59:56,1773979196,0,7d337d3b,2071046624281172480,非静止画面
BV1rwwyz2ETE,116256007003403,华为ADS4.1 PK 天神之眼5.0，问题画面集锦，8:16怎么来的,耗子发威,2026-03-19 21:11:58,57126,628,1,华为ADS4.1 PK 天神之眼5.0，问题画面集锦，8:16怎么来的,36818389554,32.47500,1,25,16777215,2026-03-20 10:33:53,1773974033,0,1cb20ff5,2071003312991299072,视频卡一半是怎么回事？
BV1rwwyz2ETE,116256007003403,华为ADS4.1 PK 天神之眼5.0，问题画面集锦，8:16怎么来的,耗子发威,2026-03-19 21:11:58,57126,628,1,华为ADS4.1 PK 天神之眼5.0，问题画面集锦，8:16怎么来的,36818389554,560.84800,1,25,16777215,2026-03-20 09:19:05,1773969545,0,3ed5cf7f,2070965666126664192,这是路？还以为停车场
BV1rwwyz2ETE,116256007003403,华为ADS4.1 PK 天神之眼5.0，问题画面集锦，8:16怎么来的,耗子发威,2026-03-19 21:11:58,57126,628,1,华为ADS4.1 PK 天神之眼5.0，问题画面集锦，8:16怎么来的,36818389554,223.92200,1,25,16777215,2026-03-20 02:31:01,1773945061,0,85a7394f,2070760277267886336,礼让行人啊，为什么不走
BV1rwwyz2ETE,116256007003403,华为ADS4.1 PK 天神之眼5.0，问题画面集锦，8:16怎么来的,耗子发威,2026-03-19 21:11:58,57126,628,1,华为ADS4.1 PK 天神之眼5.0，问题画面集锦，8:16怎么来的,36818389554,234.54100,1,25,16777215,2026-03-20 00:48:22,1773938902,0,c3c86e16,2070708614657762304,说行人那个是来搞笑的吗？这么远的行人，你让个蛋啊，别在那无脑洗
BV1rwwyz2ETE,116256007003403,华为ADS4.1 PK 天神之眼5.0，问题画面集锦，8:16怎么来的,耗子发威,2026-03-19 21:11:58,57126,628,1,华为ADS4.1 PK 天神之眼5.0，问题画面集锦，8:16怎么来的,36818389554,83.76300,1,25,16777215,2026-03-20 00:45:44,1773938744,0,d5d22510,2070707282656444160,比亚迪的智驾还得练
BV1rwwyz2ETE,116256007003403,华为ADS4.1 PK 天神之眼5.0，问题画面集锦，8:16怎么来的,耗子发威,2026-03-19 21:11:58,57126,628,1,华为ADS4.1 PK 天神之眼5.0，问题画面集锦，8:16怎么来的,36818389554,21.96700,1,25,16777215,2026-03-19 23:59:50,1773935990,0,3f2dc05b,2070684185554817536,下面不被后车骂死
BV1rwwyz2ETE,116256007003403,华为ADS4.1 PK 天神之眼5.0，问题画面集锦，8:16怎么来的,耗子发威,2026-03-19 21:11:58,57126,628,1,华为ADS4.1 PK 天神之眼5.0，问题画面集锦，8:16怎么来的,36818389554,666.92600,1,25,16777215,2026-03-19 23:28:43,1773934123,0,ce45e580,2070668521918284032,天神前面还没像小艺那样，有车挡住，怎么就不会走了
BV1rwwyz2ETE,116256007003403,华为ADS4.1 PK 天神之眼5.0，问题画面集锦，8:16怎么来的,耗子发威,2026-03-19 21:11:58,57126,628,1,华为ADS4.1 PK 天神之眼5.0，问题画面集锦，8:16怎么来的,36818389554,231.99200,1,25,16777215,2026-03-19 23:26:46,1773934006,0,5cdba5da,2070667539226448384,这么明显有行人
BV1rwwyz2ETE,116256007003403,华为ADS4.1 PK 天神之眼5.0，问题画面集锦，8:16怎么来的,耗子发威,2026-03-19 21:11:58,57126,628,1,华为ADS4.1 PK 天神之眼5.0，问题画面集锦，8:16怎么来的,36818389554,522.88200,1,25,16777215,2026-03-19 23:25:29,1773933929,0,ce45e580,2070666891810370304,转弯突然急刹很容易出事故
BV1rwwyz2ETE,116256007003403,华为ADS4.1 PK 天神之眼5.0，问题画面集锦，8:16怎么来的,耗子发威,2026-03-19 21:11:58,57126,628,1,华为ADS4.1 PK 天神之眼5.0，问题画面集锦，8:16怎么来的,36818389554,341.98500,1,25,16777215,2026-03-19 23:22:00,1773933720,0,ce45e580,2070665138247214848,小艺又有点呆住了
BV1rwwyz2ETE,116256007003403,华为ADS4.1 PK 天神之眼5.0，问题画面集锦，8:16怎么来的,耗子发威,2026-03-19 21:11:58,57126,628,1,华为ADS4.1 PK 天神之眼5.0，问题画面集锦，8:16怎么来的,36818389554,267.16600,1,25,16777215,2026-03-19 23:20:47,1773933647,0,ce45e580,2070664531382072832,重庆路况真是复杂
BV1rwwyz2ETE,116256007003403,华为ADS4.1 PK 天神之眼5.0，问题画面集锦，8:16怎么来的,耗子发威,2026-03-19 21:11:58,57126,628,1,华为ADS4.1 PK 天神之眼5.0，问题画面集锦，8:16怎么来的,36818389554,152.47700,1,25,16777215,2026-03-19 23:17:27,1773933447,0,ce45e580,2070662849356760832,天神之眼走错路了
BV1rwwyz2ETE,116256007003403,华为ADS4.1 PK 天神之眼5.0，问题画面集锦，8:16怎么来的,耗子发威,2026-03-19 21:11:58,57126,628,1,华为ADS4.1 PK 天神之眼5.0，问题画面集锦，8:16怎么来的,36818389554,371.67600,1,25,16777215,2026-03-19 22:33:51,1773930831,0,36ef2e03,2070640904439799808,都安全接管了，搞笑。
BV1rwwyz2ETE,116256007003403,华为ADS4.1 PK 天神之眼5.0，问题画面集锦，8:16怎么来的,耗子发威,2026-03-19 21:11:58,57126,628,1,华为ADS4.1 PK 天神之眼5.0，问题画面集锦，8:16怎么来的,36818389554,99.80100,1,25,16777215,2026-03-19 22:28:40,1773930520,0,36ef2e03,2070638295557515264,这几个懂的都懂
BV1rwwyz2ETE,116256007003403,华为ADS4.1 PK 天神之眼5.0，问题画面集锦，8:16怎么来的,耗子发威,2026-03-19 21:11:58,57126,628,1,华为ADS4.1 PK 天神之眼5.0，问题画面集锦，8:16怎么来的,36818389554,136.56900,1,25,16777215,2026-03-19 21:54:44,1773928484,0,394853cf,2070621220008873728,这效率还比不上我一年前的ADS
BV1rwwyz2ETE,116256007003403,华为ADS4.1 PK 天神之眼5.0，问题画面集锦，8:16怎么来的,耗子发威,2026-03-19 21:11:58,57126,628,1,华为ADS4.1 PK 天神之眼5.0，问题画面集锦，8:16怎么来的,36818389554,34.94800,1,25,16777215,2026-03-19 21:51:52,1773928312,0,394853cf,2070619773619802880,一个大学生和一个中学生
BV1rwwyz2ETE,116256007003403,华为ADS4.1 PK 天神之眼5.0，问题画面集锦，8:16怎么来的,耗子发威,2026-03-19 21:11:58,57126,628,1,华为ADS4.1 PK 天神之眼5.0，问题画面集锦，8:16怎么来的,36818389554,25.84600,1,25,16777215,2026-03-19 21:32:31,1773927151,0,96ad35c6,2070610038817057024,后面没车吗，有车早骂娘了吧
BV1rwwyz2ETE,116256007003403,华为ADS4.1 PK 天神之眼5.0，问题画面集锦，8:16怎么来的,耗子发威,2026-03-19 21:11:58,57126,628,1,华为ADS4.1 PK 天神之眼5.0，问题画面集锦，8:16怎么来的,36818389554,62.34800,1,25,16777215,2026-03-19 21:17:47,1773926267,0,cedc2cad,2070602620879450624,"天神之眼B,现在都能处理得非常好。我的车就是天天有这种情况，都处理的非常好。"
BV1huVS64EjX,116668827179696,天神之眼5.0到底行不行？把腾势D9扔进广州早高峰,爽爽侃车,2026-05-31 19:00:21,1361,6,1,天神之眼5.0到底行不行？把腾势D9扔进广州早高峰,38744558706,185.508,1,25,16777215,2026-05-31 19:26:30,1780226790,0,b4072ea0,2123455237279966208,需要改善的点，斑马线应提前减速
BV1huVS64EjX,116668827179696,天神之眼5.0到底行不行？把腾势D9扔进广州早高峰,爽爽侃车,2026-05-31 19:00:21,1361,6,1,天神之眼5.0到底行不行？把腾势D9扔进广州早高峰,38744558706,112.310,1,25,16777215,2026-05-31 22:25:02,1780237502,0,67acd720,2123545095461626368,怎么切场景了
