video_bvid,video_aid,video_title,video_author,video_pubdate,video_play,video_review_count,part_page,part_title,cid,time_seconds,mode,font_size,color,send_time,send_timestamp,danmaku_pool,user_hash,row_id,text
BV1tVZcYKEvd,114243059846093,萝卜快跑无人网约车体验：方便还是鸡肋？,aaaaaQIEEEEE,2025-03-29 09:20:42,187154,975,1,VID_20250327_183807,29122628681,306.995,1,25,16777215,2025-03-30 09:59:17,1743299957,0,924d3923,1813690513514199296,应该是刚才开门触发了重新打开空调
BV1tVZcYKEvd,114243059846093,萝卜快跑无人网约车体验：方便还是鸡肋？,aaaaaQIEEEEE,2025-03-29 09:20:42,187154,975,1,VID_20250327_183807,29122628681,131.900,1,25,16777215,2025-03-30 12:48:27,1743310107,0,c0ece54e,1813775659857263360,胆子大
BV1tVZcYKEvd,114243059846093,萝卜快跑无人网约车体验：方便还是鸡肋？,aaaaaQIEEEEE,2025-03-29 09:20:42,187154,975,1,VID_20250327_183807,29122628681,36.456,1,25,16777215,2025-03-30 13:15:27,1743311727,0,acacaef0,1813789247078437632,没车牌？
BV1tVZcYKEvd,114243059846093,萝卜快跑无人网约车体验：方便还是鸡肋？,aaaaaQIEEEEE,2025-03-29 09:20:42,187154,975,1,VID_20250327_183807,29122628681,96.077,1,25,16777215,2025-03-30 15:20:26,1743319226,0,bbaf9a88,1813852149357523712,哈哈哈哈哈哈
BV1tVZcYKEvd,114243059846093,萝卜快跑无人网约车体验：方便还是鸡肋？,aaaaaQIEEEEE,2025-03-29 09:20:42,187154,975,1,VID_20250327_183807,29122628681,146.539,1,25,16777215,2025-03-30 20:46:01,1743338761,0,3f32239f,1814016026116091648,话说4个人打车他怎么搞
BV1tVZcYKEvd,114243059846093,萝卜快跑无人网约车体验：方便还是鸡肋？,aaaaaQIEEEEE,2025-03-29 09:20:42,187154,975,1,VID_20250327_183807,29122628681,70.401,1,25,16777215,2025-03-30 21:00:18,1743339618,0,167be66a,1814023210640133632,好牛逼的感觉
BV1tVZcYKEvd,114243059846093,萝卜快跑无人网约车体验：方便还是鸡肋？,aaaaaQIEEEEE,2025-03-29 09:20:42,187154,975,1,VID_20250327_183807,29122628681,296.291,1,25,16777215,2025-03-30 23:17:10,1743347830,0,181920e3,1814092099382636288,哈哈哈哈哈
BV1tVZcYKEvd,114243059846093,萝卜快跑无人网约车体验：方便还是鸡肋？,aaaaaQIEEEEE,2025-03-29 09:20:42,187154,975,1,VID_20250327_183807,29122628681,329.691,1,25,16777215,2025-03-31 17:01:31,1743411691,0,b245f1b7,1814627809269367808,游乐园付费项目
BV1tVZcYKEvd,114243059846093,萝卜快跑无人网约车体验：方便还是鸡肋？,aaaaaQIEEEEE,2025-03-29 09:20:42,187154,975,1,VID_20250327_183807,29122628681,97.307,1,25,16777215,2025-03-31 19:40:12,1743421212,0,a10b07fa,1814707671820449792,哈哈好玩
BV1tVZcYKEvd,114243059846093,萝卜快跑无人网约车体验：方便还是鸡肋？,aaaaaQIEEEEE,2025-03-29 09:20:42,187154,975,1,VID_20250327_183807,29122628681,101.624,1,25,16777215,2025-03-31 19:45:12,1743421512,0,f3b4f828,1814710187119127040,捧哏
BV1tVZcYKEvd,114243059846093,萝卜快跑无人网约车体验：方便还是鸡肋？,aaaaaQIEEEEE,2025-03-29 09:20:42,187154,975,1,VID_20250327_183807,29122628681,135.316,1,25,16777215,2025-03-31 20:15:38,1743423338,0,e5b8d8c3,1814725506521270784,后台是有人的
BV1tVZcYKEvd,114243059846093,萝卜快跑无人网约车体验：方便还是鸡肋？,aaaaaQIEEEEE,2025-03-29 09:20:42,187154,975,1,VID_20250327_183807,29122628681,252.266,1,25,16777215,2025-03-31 21:53:40,1743429220,0,d5eda5ea,1814774846325391360,呆着驾驶员 在里面待机呢
BV1tVZcYKEvd,114243059846093,萝卜快跑无人网约车体验：方便还是鸡肋？,aaaaaQIEEEEE,2025-03-29 09:20:42,187154,975,1,VID_20250327_183807,29122628681,206.699,1,25,16777215,2025-04-01 01:43:32,1743443012,0,3235339f,1814890547316878848,从中间封上 看不见就不慌了 哈哈
BV1tVZcYKEvd,114243059846093,萝卜快跑无人网约车体验：方便还是鸡肋？,aaaaaQIEEEEE,2025-03-29 09:20:42,187154,975,1,VID_20250327_183807,29122628681,323.261,1,25,16777215,2025-04-01 03:31:42,1743449502,0,8e8215d1,1814944985154454272,哈哈哈哈哈哈
BV1tVZcYKEvd,114243059846093,萝卜快跑无人网约车体验：方便还是鸡肋？,aaaaaQIEEEEE,2025-03-29 09:20:42,187154,975,1,VID_20250327_183807,29122628681,37.993,1,25,16777215,2025-04-01 08:28:04,1743467284,0,2137775d,1815094153731125248,车牌都没有
BV1tVZcYKEvd,114243059846093,萝卜快跑无人网约车体验：方便还是鸡肋？,aaaaaQIEEEEE,2025-03-29 09:20:42,187154,975,1,VID_20250327_183807,29122628681,249.133,1,25,16777215,2025-04-01 08:31:40,1743467500,0,2137775d,1815095964613564160,人
BV1tVZcYKEvd,114243059846093,萝卜快跑无人网约车体验：方便还是鸡肋？,aaaaaQIEEEEE,2025-03-29 09:20:42,187154,975,1,VID_20250327_183807,29122628681,307.187,1,25,16777215,2025-04-01 11:14:34,1743477274,0,df5b508e,1815177953131790848,哥们，你还是让他放歌听吧
BV1tVZcYKEvd,114243059846093,萝卜快跑无人网约车体验：方便还是鸡肋？,aaaaaQIEEEEE,2025-03-29 09:20:42,187154,975,1,VID_20250327_183807,29122628681,157.200,1,25,16777215,2025-04-01 11:54:36,1743479676,0,1275ea6c,1815198104841522944,4个人打两辆
BV1tVZcYKEvd,114243059846093,萝卜快跑无人网约车体验：方便还是鸡肋？,aaaaaQIEEEEE,2025-03-29 09:20:42,187154,975,1,VID_20250327_183807,29122628681,233.040,1,25,16777215,2025-04-01 11:57:44,1743479864,0,49baff15,1815199679987218688,把电量放光
BV1tVZcYKEvd,114243059846093,萝卜快跑无人网约车体验：方便还是鸡肋？,aaaaaQIEEEEE,2025-03-29 09:20:42,187154,975,1,VID_20250327_183807,29122628681,305.318,1,25,14811775,2025-04-01 13:18:35,1743484715,0,f16b3cf1,1815240376009841920,萝卜:我也无语了，你为什么要手痒
BV1tVZcYKEvd,114243059846093,萝卜快跑无人网约车体验：方便还是鸡肋？,aaaaaQIEEEEE,2025-03-29 09:20:42,187154,975,1,VID_20250327_183807,29122628681,91.028,1,25,16777215,2025-04-01 14:04:47,1743487487,0,7ee0a363,1815263632217631744,点首歌
BV1tVZcYKEvd,114243059846093,萝卜快跑无人网约车体验：方便还是鸡肋？,aaaaaQIEEEEE,2025-03-29 09:20:42,187154,975,1,VID_20250327_183807,29122628681,228.735,1,25,16777215,2025-04-01 15:04:33,1743491073,0,d7dfb772,1815293713623203584,夏天也能打开吗
BV1tVZcYKEvd,114243059846093,萝卜快跑无人网约车体验：方便还是鸡肋？,aaaaaQIEEEEE,2025-03-29 09:20:42,187154,975,1,VID_20250327_183807,29122628681,359.315,1,25,16777215,2025-04-01 15:07:10,1743491230,0,d7dfb772,1815295029007152640,它明明是听懂了
BV1tVZcYKEvd,114243059846093,萝卜快跑无人网约车体验：方便还是鸡肋？,aaaaaQIEEEEE,2025-03-29 09:20:42,187154,975,1,VID_20250327_183807,29122628681,130.725,1,25,16777215,2025-04-01 15:21:13,1743492073,0,47b8c3c2,1815302094941691648,能不大嘛，前面两个座椅都调到最前了
BV1tVZcYKEvd,114243059846093,萝卜快跑无人网约车体验：方便还是鸡肋？,aaaaaQIEEEEE,2025-03-29 09:20:42,187154,975,1,VID_20250327_183807,29122628681,281.852,1,25,16777215,2025-04-01 18:41:19,1743504079,0,378e3636,1815402808930065920,哈哈哈
BV1tVZcYKEvd,114243059846093,萝卜快跑无人网约车体验：方便还是鸡肋？,aaaaaQIEEEEE,2025-03-29 09:20:42,187154,975,1,VID_20250327_183807,29122628681,245.927,1,25,16777215,2025-04-01 19:44:03,1743507843,0,15adfb79,1815434389144880384,打开座椅弹射
BV1tVZcYKEvd,114243059846093,萝卜快跑无人网约车体验：方便还是鸡肋？,aaaaaQIEEEEE,2025-03-29 09:20:42,187154,975,1,VID_20250327_183807,29122628681,6.054,1,25,16777215,2025-04-01 22:04:26,1743516266,0,7187a8ba,1815505045291533312,有一个人前来买瓜
BV1tVZcYKEvd,114243059846093,萝卜快跑无人网约车体验：方便还是鸡肋？,aaaaaQIEEEEE,2025-03-29 09:20:42,187154,975,1,VID_20250327_183807,29122628681,105.668,1,25,16777215,2025-04-01 23:27:44,1743521264,0,d3e53acd,1815546967913694464,不能，只能坐后排，在武汉做过一次，挺好玩儿
BV1tVZcYKEvd,114243059846093,萝卜快跑无人网约车体验：方便还是鸡肋？,aaaaaQIEEEEE,2025-03-29 09:20:42,187154,975,1,VID_20250327_183807,29122628681,70.219,1,25,16707842,2025-04-02 04:34:26,1743539666,0,18d80bd3,1815701341763954176,方向盘都给包起来
BV1tVZcYKEvd,114243059846093,萝卜快跑无人网约车体验：方便还是鸡肋？,aaaaaQIEEEEE,2025-03-29 09:20:42,187154,975,1,VID_20250327_183807,29122628681,100.079,1,25,16707842,2025-04-02 04:35:05,1743539705,0,18d80bd3,1815701663852941056,我感觉萝卜快跑减配了
BV1tVZcYKEvd,114243059846093,萝卜快跑无人网约车体验：方便还是鸡肋？,aaaaaQIEEEEE,2025-03-29 09:20:42,187154,975,1,VID_20250327_183807,29122628681,122.979,1,25,16707842,2025-04-02 04:35:35,1743539735,0,18d80bd3,1815701913808224512,很多屏幕都给取消了
BV1tVZcYKEvd,114243059846093,萝卜快跑无人网约车体验：方便还是鸡肋？,aaaaaQIEEEEE,2025-03-29 09:20:42,187154,975,1,VID_20250327_183807,29122628681,54.207,1,25,16777215,2025-04-02 22:27:59,1743604079,0,50e59dca,1816241676826601728,前面面包车纯尬黑，很多商务车都是这样的，mpv或者7座商务
BV1tVZcYKEvd,114243059846093,萝卜快跑无人网约车体验：方便还是鸡肋？,aaaaaQIEEEEE,2025-03-29 09:20:42,187154,975,1,VID_20250327_183807,29122628681,80.407,1,25,16777215,2025-04-02 22:30:10,1743604210,0,50e59dca,1816242775373820416,意义在于出事了，方便工作人员开走，能开的情况，有些时候不一定是车祸，有可能是智驾宕机了，而且是车就得遵循设计规范
BV1tVZcYKEvd,114243059846093,萝卜快跑无人网约车体验：方便还是鸡肋？,aaaaaQIEEEEE,2025-03-29 09:20:42,187154,975,1,VID_20250327_183807,29122628681,303.967,1,25,16777215,2025-04-02 22:36:22,1743604582,0,50e59dca,1816245893410821888,他就听到了开字
BV1tVZcYKEvd,114243059846093,萝卜快跑无人网约车体验：方便还是鸡肋？,aaaaaQIEEEEE,2025-03-29 09:20:42,187154,975,1,VID_20250327_183807,29122628681,37.936,1,25,16777215,2025-04-03 07:49:02,1743637742,0,13298a9e,1816524058201045760,更安全
BV1tVZcYKEvd,114243059846093,萝卜快跑无人网约车体验：方便还是鸡肋？,aaaaaQIEEEEE,2025-03-29 09:20:42,187154,975,1,VID_20250327_183807,29122628681,323.631,1,25,16777215,2025-04-03 17:54:04,1743674044,0,512930be,1816828584359469312,它不需要情绪价值，不需要说谢谢
BV1tVZcYKEvd,114243059846093,萝卜快跑无人网约车体验：方便还是鸡肋？,aaaaaQIEEEEE,2025-03-29 09:20:42,187154,975,1,VID_20250327_183807,29122628681,297.169,5,25,41194,2025-04-03 19:21:55,1743679315,0,e803082d,1816872800913850368,笑死我了233333(„ಡωಡ„)
BV1tVZcYKEvd,114243059846093,萝卜快跑无人网约车体验：方便还是鸡肋？,aaaaaQIEEEEE,2025-03-29 09:20:42,187154,975,1,VID_20250327_183807,29122628681,285.262,1,25,16777215,2025-04-03 19:22:41,1743679361,0,3f89e02,1816873181840600576,笑死了
BV1tVZcYKEvd,114243059846093,萝卜快跑无人网约车体验：方便还是鸡肋？,aaaaaQIEEEEE,2025-03-29 09:20:42,187154,975,1,VID_20250327_183807,29122628681,35.919,1,25,16777215,2025-04-03 23:57:29,1743695849,0,a6202b3f,1817011498778804224,纸质实验车牌
BV1tVZcYKEvd,114243059846093,萝卜快跑无人网约车体验：方便还是鸡肋？,aaaaaQIEEEEE,2025-03-29 09:20:42,187154,975,1,VID_20250327_183807,29122628681,120.387,1,25,16777215,2025-04-04 10:50:44,1743735044,0,516264ba,1817340284355927296,扒下来没绷住
BV1tVZcYKEvd,114243059846093,萝卜快跑无人网约车体验：方便还是鸡肋？,aaaaaQIEEEEE,2025-03-29 09:20:42,187154,975,1,VID_20250327_183807,29122628681,36.794,1,25,16777215,2025-04-05 02:20:21,1743790821,0,bb9e0831,1817808176516023808,后台遥控
BV1tVZcYKEvd,114243059846093,萝卜快跑无人网约车体验：方便还是鸡肋？,aaaaaQIEEEEE,2025-03-29 09:20:42,187154,975,1,VID_20250327_183807,29122628681,120.129,5,25,15138834,2025-04-05 14:43:42,1743835422,0,960a30af,1818182321116309248,撕了没绷住
BV1tVZcYKEvd,114243059846093,萝卜快跑无人网约车体验：方便还是鸡肋？,aaaaaQIEEEEE,2025-03-29 09:20:42,187154,975,1,VID_20250327_183807,29122628681,291.240,1,25,16777215,2025-04-05 15:43:04,1743838984,0,43b50073,1818212200197309952,难绷
BV1tVZcYKEvd,114243059846093,萝卜快跑无人网约车体验：方便还是鸡肋？,aaaaaQIEEEEE,2025-03-29 09:20:42,187154,975,1,VID_20250327_183807,29122628681,77.576,1,25,16777215,2025-04-06 09:34:14,1743903254,0,6ee2a2a0,1818751332333695488,你有多大见识就有多大意义
BV1tVZcYKEvd,114243059846093,萝卜快跑无人网约车体验：方便还是鸡肋？,aaaaaQIEEEEE,2025-03-29 09:20:42,187154,975,1,VID_20250327_183807,29122628681,283.492,1,25,16777215,2025-04-06 15:42:25,1743925345,0,dd5a0b09,1818936651373337344,哈哈哈哈哈
BV1tVZcYKEvd,114243059846093,萝卜快跑无人网约车体验：方便还是鸡肋？,aaaaaQIEEEEE,2025-03-29 09:20:42,187154,975,1,VID_20250327_183807,29122628681,306.084,1,25,16777215,2025-04-06 23:35:13,1743953713,0,ee81809f,1819174615487558912,车也无语了
BV1tVZcYKEvd,114243059846093,萝卜快跑无人网约车体验：方便还是鸡肋？,aaaaaQIEEEEE,2025-03-29 09:20:42,187154,975,1,VID_20250327_183807,29122628681,148.336,1,25,16777215,2025-04-07 12:44:36,1744001076,0,73065718,1819571925262485760,后台用键盘开车的吧
BV1tVZcYKEvd,114243059846093,萝卜快跑无人网约车体验：方便还是鸡肋？,aaaaaQIEEEEE,2025-03-29 09:20:42,187154,975,1,VID_20250327_183807,29122628681,59.387,1,25,16707842,2025-04-07 19:33:37,1744025617,0,d3a5d945,1819777792398116352,体验感瞬间上来了
BV1tVZcYKEvd,114243059846093,萝卜快跑无人网约车体验：方便还是鸡肋？,aaaaaQIEEEEE,2025-03-29 09:20:42,187154,975,1,VID_20250327_183807,29122628681,28.939,1,25,16777215,2025-04-08 00:41:49,1744044109,0,5b242356,1819932911945306368,车窗有临牌
BV1tVZcYKEvd,114243059846093,萝卜快跑无人网约车体验：方便还是鸡肋？,aaaaaQIEEEEE,2025-03-29 09:20:42,187154,975,1,VID_20250327_183807,29122628681,26.216,1,25,16777215,2025-04-08 14:41:04,1744094464,0,120ff012,1820355321509094912,勺萝卜
BV1tVZcYKEvd,114243059846093,萝卜快跑无人网约车体验：方便还是鸡肋？,aaaaaQIEEEEE,2025-03-29 09:20:42,187154,975,1,VID_20250327_183807,29122628681,118.203,1,25,16777215,2025-04-13 19:53:34,1744545214,0,bb932994,1824136485818436608,小手不是很老实
BV1tVZcYKEvd,114243059846093,萝卜快跑无人网约车体验：方便还是鸡肋？,aaaaaQIEEEEE,2025-03-29 09:20:42,187154,975,1,VID_20250327_183807,29122628681,332.126,1,25,16777215,2025-04-13 21:33:40,1744551220,0,c1ce85c7,1824186867537989888,出来了?
BV1tVZcYKEvd,114243059846093,萝卜快跑无人网约车体验：方便还是鸡肋？,aaaaaQIEEEEE,2025-03-29 09:20:42,187154,975,1,VID_20250327_183807,29122628681,326.589,1,25,16777215,2025-04-14 18:11:14,1744625474,0,2def9fb,1824809752988434176,挺好的，就是我们这小地方没这玩意，如果有以后上一班直接坐这个，夏天，空调一开往里面一躺，直接睡到公司，我自己有一辆代步汽车，还是手动挡，不爱开，早高峰堵车堵的难受死了
BV1tVZcYKEvd,114243059846093,萝卜快跑无人网约车体验：方便还是鸡肋？,aaaaaQIEEEEE,2025-03-29 09:20:42,187154,975,1,VID_20250327_183807,29122628681,352.846,1,25,16777215,2025-04-14 23:34:14,1744644854,0,394825c5,1824972328824649216,萝卜：6
BV1tVZcYKEvd,114243059846093,萝卜快跑无人网约车体验：方便还是鸡肋？,aaaaaQIEEEEE,2025-03-29 09:20:42,187154,975,1,VID_20250327_183807,29122628681,285.327,1,25,16777215,2025-04-15 11:18:26,1744687106,0,d8e2810a,1825326758300911872,小手不是很老实
BV1tVZcYKEvd,114243059846093,萝卜快跑无人网约车体验：方便还是鸡肋？,aaaaaQIEEEEE,2025-03-29 09:20:42,187154,975,1,VID_20250327_183807,29122628681,15.987,1,25,16777215,2025-04-16 00:43:04,1744735384,0,255f3c20,1825731746655346432,你这萝卜保熟吗
BV1tVZcYKEvd,114243059846093,萝卜快跑无人网约车体验：方便还是鸡肋？,aaaaaQIEEEEE,2025-03-29 09:20:42,187154,975,1,VID_20250327_183807,29122628681,289.263,1,25,16777215,2025-04-17 10:12:03,1744855923,0,f18b7baa,1826742899246343168,这个没强制锁，应该是怕出事故故障吧
BV1tVZcYKEvd,114243059846093,萝卜快跑无人网约车体验：方便还是鸡肋？,aaaaaQIEEEEE,2025-03-29 09:20:42,187154,975,1,VID_20250327_183807,29122628681,158.667,1,25,16777215,2025-04-17 19:57:55,1744891075,0,66377651,1827037778689662464,后面会出6-7座的，能坐4-5人
BV1tVZcYKEvd,114243059846093,萝卜快跑无人网约车体验：方便还是鸡肋？,aaaaaQIEEEEE,2025-03-29 09:20:42,187154,975,1,VID_20250327_183807,29122628681,80.435,1,25,16777215,2025-04-17 23:40:47,1744904447,0,b3a0d6b8,1827149947221949184,有方向盘是为了方便工作人员调度车辆吧
BV1tVZcYKEvd,114243059846093,萝卜快跑无人网约车体验：方便还是鸡肋？,aaaaaQIEEEEE,2025-03-29 09:20:42,187154,975,1,VID_20250327_183807,29122628681,59.522,1,25,16777215,2025-04-18 00:52:04,1744908724,0,664796a8,1827185827118663680,侧滑门挺舒服的，空间小不怕开门杀
BV1tVZcYKEvd,114243059846093,萝卜快跑无人网约车体验：方便还是鸡肋？,aaaaaQIEEEEE,2025-03-29 09:20:42,187154,975,1,VID_20250327_183807,29122628681,51.406,1,25,16777215,2025-04-18 12:54:18,1744952058,0,e94165c9,1827549341750602496,我后台遥控的 有没有可能是一个遥控大汽车
BV1tVZcYKEvd,114243059846093,萝卜快跑无人网约车体验：方便还是鸡肋？,aaaaaQIEEEEE,2025-03-29 09:20:42,187154,975,1,VID_20250327_183807,29122628681,128.907,1,25,16777215,2025-04-19 13:23:44,1745040224,0,73564cbb,1828288927191626752,要不把椅子拆下来搬回家吧。
BV1tVZcYKEvd,114243059846093,萝卜快跑无人网约车体验：方便还是鸡肋？,aaaaaQIEEEEE,2025-03-29 09:20:42,187154,975,1,VID_20250327_183807,29122628681,136.905,1,25,16777215,2025-04-19 15:49:32,1745048972,0,68e17c00,1828362310692430080,挺好的
BV1tVZcYKEvd,114243059846093,萝卜快跑无人网约车体验：方便还是鸡肋？,aaaaaQIEEEEE,2025-03-29 09:20:42,187154,975,1,VID_20250327_183807,29122628681,269.027,1,25,16777215,2025-04-19 22:09:41,1745071781,0,ede890a8,1828553649036144128,萝卜:话密了奥
BV1tVZcYKEvd,114243059846093,萝卜快跑无人网约车体验：方便还是鸡肋？,aaaaaQIEEEEE,2025-03-29 09:20:42,187154,975,1,VID_20250327_183807,29122628681,352.616,1,25,16777215,2025-04-20 16:02:22,1745136142,0,e72b42d6,1829093550248489984,你笔试真多
BV1tVZcYKEvd,114243059846093,萝卜快跑无人网约车体验：方便还是鸡肋？,aaaaaQIEEEEE,2025-03-29 09:20:42,187154,975,1,VID_20250327_183807,29122628681,149.347,1,25,15138834,2025-04-20 21:34:50,1745156090,0,8da08fd8,1829260888046574848,希望萝卜以后都能用伦敦出租车改自动驾驶 再直接把方向盘去掉
BV1tVZcYKEvd,114243059846093,萝卜快跑无人网约车体验：方便还是鸡肋？,aaaaaQIEEEEE,2025-03-29 09:20:42,187154,975,1,VID_20250327_183807,29122628681,109.091,1,25,16777215,2025-04-20 23:23:34,1745162614,0,dd3b6d98,1829315615425490688,能点歌吗？
BV1tVZcYKEvd,114243059846093,萝卜快跑无人网约车体验：方便还是鸡肋？,aaaaaQIEEEEE,2025-03-29 09:20:42,187154,975,1,VID_20250327_183807,29122628681,246.167,1,25,16777215,2025-04-20 23:27:09,1745162829,0,dd3b6d98,1829317415629135360,里面的遥控驾驶员
BV1tVZcYKEvd,114243059846093,萝卜快跑无人网约车体验：方便还是鸡肋？,aaaaaQIEEEEE,2025-03-29 09:20:42,187154,975,1,VID_20250327_183807,29122628681,123.152,1,25,16777215,2025-04-21 10:45:08,1745203508,0,38dfcdd,1829658652173401344,手欠
BV1tVZcYKEvd,114243059846093,萝卜快跑无人网约车体验：方便还是鸡肋？,aaaaaQIEEEEE,2025-03-29 09:20:42,187154,975,1,VID_20250327_183807,29122628681,129.144,1,25,16777215,2025-04-22 23:24:18,1745335458,0,90c945ab,1830765530399784192,这车的轴距跟GL8那种中大型MPV比估计够不上 最多算中型或者紧凑型MPV
BV1tVZcYKEvd,114243059846093,萝卜快跑无人网约车体验：方便还是鸡肋？,aaaaaQIEEEEE,2025-03-29 09:20:42,187154,975,1,VID_20250327_183807,29122628681,331.506,1,25,16777215,2025-04-23 21:34:20,1745415260,0,8182b387,1831434957047027712,啥时候换上deepseek
BV1tVZcYKEvd,114243059846093,萝卜快跑无人网约车体验：方便还是鸡肋？,aaaaaQIEEEEE,2025-03-29 09:20:42,187154,975,1,VID_20250327_183807,29122628681,255.788,1,25,15138834,2025-04-24 18:04:40,1745489080,0,da222d3e,1832054206077645056,开启弹射
BV1tVZcYKEvd,114243059846093,萝卜快跑无人网约车体验：方便还是鸡肋？,aaaaaQIEEEEE,2025-03-29 09:20:42,187154,975,1,VID_20250327_183807,29122628681,229.366,1,25,16777215,2025-04-25 09:05:34,1745543134,0,f2858535,1832507646210089216,哈哈哈
BV1tVZcYKEvd,114243059846093,萝卜快跑无人网约车体验：方便还是鸡肋？,aaaaaQIEEEEE,2025-03-29 09:20:42,187154,975,1,VID_20250327_183807,29122628681,284.209,1,25,16777215,2025-04-25 10:58:15,1745549895,0,8bbcd517,1832564358141142272,？！！这行驶中能开门？
BV1tVZcYKEvd,114243059846093,萝卜快跑无人网约车体验：方便还是鸡肋？,aaaaaQIEEEEE,2025-03-29 09:20:42,187154,975,1,VID_20250327_183807,29122628681,248.067,1,25,16777215,2025-04-30 14:45:24,1745995524,0,f8948750,1836302567215299072,应急物资
BV1tVZcYKEvd,114243059846093,萝卜快跑无人网约车体验：方便还是鸡肋？,aaaaaQIEEEEE,2025-03-29 09:20:42,187154,975,1,VID_20250327_183807,29122628681,79.094,1,25,16777215,2025-05-03 01:24:52,1746206692,0,5074df41,1838073971908704512,意义是有问题可以人工来开走
BV1tVZcYKEvd,114243059846093,萝卜快跑无人网约车体验：方便还是鸡肋？,aaaaaQIEEEEE,2025-03-29 09:20:42,187154,975,1,VID_20250327_183807,29122628681,236.579,1,25,16777215,2025-05-08 22:24:42,1746714282,0,d4356c65,1842331949520791808,网易云要会员吗？
BV1tVZcYKEvd,114243059846093,萝卜快跑无人网约车体验：方便还是鸡肋？,aaaaaQIEEEEE,2025-03-29 09:20:42,187154,975,1,VID_20250327_183807,29122628681,279.178,1,25,16777215,2025-05-10 19:04:06,1746875046,0,c6c9953d,1843680530219487232,车门停了。
BV1tVZcYKEvd,114243059846093,萝卜快跑无人网约车体验：方便还是鸡肋？,aaaaaQIEEEEE,2025-03-29 09:20:42,187154,975,1,VID_20250327_183807,29122628681,104.355,1,25,16777215,2025-05-13 00:01:59,1747065719,0,d8bdd67f,1845280011046213632,启动飞行模式！
BV1tVZcYKEvd,114243059846093,萝卜快跑无人网约车体验：方便还是鸡肋？,aaaaaQIEEEEE,2025-03-29 09:20:42,187154,975,1,VID_20250327_183807,29122628681,301.286,1,25,16777215,2025-05-13 11:00:00,1747105200,0,ab169cd8,1845611207156141312,。。。
BV1tVZcYKEvd,114243059846093,萝卜快跑无人网约车体验：方便还是鸡肋？,aaaaaQIEEEEE,2025-03-29 09:20:42,187154,975,1,VID_20250327_183807,29122628681,295.063,1,25,16777215,2025-05-15 19:19:43,1747307983,0,eb0eee14,1847312271148667392,强制锁怕真出事故开不了门
BV1tVZcYKEvd,114243059846093,萝卜快跑无人网约车体验：方便还是鸡肋？,aaaaaQIEEEEE,2025-03-29 09:20:42,187154,975,1,VID_20250327_183807,29122628681,356.195,1,25,16777215,2025-05-20 09:28:33,1747704513,0,e495c6df,1850638603219815680,？？？
BV1tVZcYKEvd,114243059846093,萝卜快跑无人网约车体验：方便还是鸡肋？,aaaaaQIEEEEE,2025-03-29 09:20:42,187154,975,1,VID_20250327_183807,29122628681,41.547,1,25,16777215,2025-05-20 17:13:05,1747732385,0,c6c9953d,1850872414821999104,他手机尾号1949。
BV1tVZcYKEvd,114243059846093,萝卜快跑无人网约车体验：方便还是鸡肋？,aaaaaQIEEEEE,2025-03-29 09:20:42,187154,975,1,VID_20250327_183807,29122628681,353.263,1,25,16777215,2025-05-27 21:15:43,1748351743,0,f9c26bd0,1856067962512404480,Speak  English
BV1tVZcYKEvd,114243059846093,萝卜快跑无人网约车体验：方便还是鸡肋？,aaaaaQIEEEEE,2025-03-29 09:20:42,187154,975,1,VID_20250327_183807,29122628681,331.710,1,25,16777215,2025-06-04 19:28:10,1749036490,0,2d8008c0,1861812035524848896,银如叫
BV1tVZcYKEvd,114243059846093,萝卜快跑无人网约车体验：方便还是鸡肋？,aaaaaQIEEEEE,2025-03-29 09:20:42,187154,975,1,VID_20250327_183807,29122628681,167.100,1,25,16777215,2025-06-09 18:03:37,1749463417,0,d93e1d02,1865393360811380992,哈哈哈哈哈
BV1tVZcYKEvd,114243059846093,萝卜快跑无人网约车体验：方便还是鸡肋？,aaaaaQIEEEEE,2025-03-29 09:20:42,187154,975,1,VID_20250327_183807,29122628681,283.179,1,25,16777215,2025-06-09 18:06:06,1749463566,0,d93e1d02,1865394613155118080,哈哈哈
BV1tVZcYKEvd,114243059846093,萝卜快跑无人网约车体验：方便还是鸡肋？,aaaaaQIEEEEE,2025-03-29 09:20:42,187154,975,1,VID_20250327_183807,29122628681,283.086,1,25,16777215,2025-06-12 15:47:53,1749714473,0,8ca8693f,1867499370040248576,哈哈哈
BV1tVZcYKEvd,114243059846093,萝卜快跑无人网约车体验：方便还是鸡肋？,aaaaaQIEEEEE,2025-03-29 09:20:42,187154,975,1,VID_20250327_183807,29122628681,45.864,1,25,16777215,2025-06-17 19:51:51,1750161111,0,b8ee62d4,1871246047196603904,细节1949
BV1tVZcYKEvd,114243059846093,萝卜快跑无人网约车体验：方便还是鸡肋？,aaaaaQIEEEEE,2025-03-29 09:20:42,187154,975,1,VID_20250327_183807,29122628681,81.339,1,25,16777215,2025-06-20 17:20:08,1750411208,0,dddcbb61,1873344012724218624,法律规定的目前还不能取消方向盘
BV1tVZcYKEvd,114243059846093,萝卜快跑无人网约车体验：方便还是鸡肋？,aaaaaQIEEEEE,2025-03-29 09:20:42,187154,975,1,VID_20250327_183807,29122628681,81.166,1,25,16777215,2025-06-22 19:12:07,1750590727,0,f99a65d0,1874849927042295296,有方向盘，问题时可以转人工
BV1tVZcYKEvd,114243059846093,萝卜快跑无人网约车体验：方便还是鸡肋？,aaaaaQIEEEEE,2025-03-29 09:20:42,187154,975,1,VID_20250327_183807,29122628681,248.811,1,25,16777215,2025-06-24 10:28:42,1750732122,0,acd7e2fc,1876036029723677440,里面是驾驶员
BV1tVZcYKEvd,114243059846093,萝卜快跑无人网约车体验：方便还是鸡肋？,aaaaaQIEEEEE,2025-03-29 09:20:42,187154,975,1,VID_20250327_183807,29122628681,208.827,1,25,16777215,2025-06-27 01:10:04,1750957804,0,d05bcbb8,1877929189719105280,高级啊
BV1tVZcYKEvd,114243059846093,萝卜快跑无人网约车体验：方便还是鸡肋？,aaaaaQIEEEEE,2025-03-29 09:20:42,187154,975,1,VID_20250327_183807,29122628681,340.623,1,25,16777215,2025-06-27 10:26:01,1750991161,0,8a079697,1878209004321490176,放首歌
BV1tVZcYKEvd,114243059846093,萝卜快跑无人网约车体验：方便还是鸡肋？,aaaaaQIEEEEE,2025-03-29 09:20:42,187154,975,1,VID_20250327_183807,29122628681,198.905,1,25,16777215,2025-06-28 15:30:53,1751095853,0,d3443101,1879087229084298240,有的兄弟，有的。
BV1tVZcYKEvd,114243059846093,萝卜快跑无人网约车体验：方便还是鸡肋？,aaaaaQIEEEEE,2025-03-29 09:20:42,187154,975,1,VID_20250327_183807,29122628681,255.774,1,25,16777215,2025-06-29 16:19:05,1751185145,0,ad1e2daa,1879836260215251968,你最好别知道，箱子里是急救包
BV1tVZcYKEvd,114243059846093,萝卜快跑无人网约车体验：方便还是鸡肋？,aaaaaQIEEEEE,2025-03-29 09:20:42,187154,975,1,VID_20250327_183807,29122628681,317.161,1,25,16777215,2025-06-29 16:20:41,1751185241,0,ad1e2daa,1879837066041688320,打开座椅萝卜模式
BV1tVZcYKEvd,114243059846093,萝卜快跑无人网约车体验：方便还是鸡肋？,aaaaaQIEEEEE,2025-03-29 09:20:42,187154,975,1,VID_20250327_183807,29122628681,217.505,1,25,16777215,2025-07-01 13:23:12,1751347392,0,f47a08aa,1881197291982458368,太人机了
BV1tVZcYKEvd,114243059846093,萝卜快跑无人网约车体验：方便还是鸡肋？,aaaaaQIEEEEE,2025-03-29 09:20:42,187154,975,1,VID_20250327_183807,29122628681,181.692,1,25,16777215,2025-07-02 20:10:34,1751458234,0,f9c26bd0,1882127102791753984,Q
BV1tVZcYKEvd,114243059846093,萝卜快跑无人网约车体验：方便还是鸡肋？,aaaaaQIEEEEE,2025-03-29 09:20:42,187154,975,1,VID_20250327_183807,29122628681,14.067,1,25,16777215,2025-07-03 20:12:15,1751544735,0,9701f03b,1882852720931918336,我在广州见过一次 很呆这个车 哈哈哈挺可爱的
BV1tVZcYKEvd,114243059846093,萝卜快跑无人网约车体验：方便还是鸡肋？,aaaaaQIEEEEE,2025-03-29 09:20:42,187154,975,1,VID_20250327_183807,29122628681,300.569,1,25,16777215,2025-07-03 20:28:27,1751545707,0,9701f03b,1882860880488942336,哈哈哈哈哈哈哈哈哈哈哈哈哈哈哈哈哈哈好呆
BV1tVZcYKEvd,114243059846093,萝卜快跑无人网约车体验：方便还是鸡肋？,aaaaaQIEEEEE,2025-03-29 09:20:42,187154,975,1,VID_20250327_183807,29122628681,182.398,5,25,16707842,2025-07-05 07:55:07,1751673307,0,7c83c055,1883931259865227008,有人开都会被抢很难想象没人的时候
BV1tVZcYKEvd,114243059846093,萝卜快跑无人网约车体验：方便还是鸡肋？,aaaaaQIEEEEE,2025-03-29 09:20:42,187154,975,1,VID_20250327_183807,29122628681,48.094,1,25,16777215,2025-07-06 20:02:08,1751803328,0,f11a6910,1885021960560664320,德拉曼：你好
BV1tVZcYKEvd,114243059846093,萝卜快跑无人网约车体验：方便还是鸡肋？,aaaaaQIEEEEE,2025-03-29 09:20:42,187154,975,1,VID_20250327_183807,29122628681,274.853,5,25,16777215,2025-07-10 15:39:18,1752133158,0,f9c26bd0,1887788771220029184,不能开门
BV1tVZcYKEvd,114243059846093,萝卜快跑无人网约车体验：方便还是鸡肋？,aaaaaQIEEEEE,2025-03-29 09:20:42,187154,975,1,VID_20250327_183807,29122628681,56.970,1,25,16777215,2025-07-20 19:31:29,1753011089,0,ca8796ac,1895153390313341184,可以坐前排的。
BV1tVZcYKEvd,114243059846093,萝卜快跑无人网约车体验：方便还是鸡肋？,aaaaaQIEEEEE,2025-03-29 09:20:42,187154,975,1,VID_20250327_183807,29122628681,170.758,1,25,16777215,2025-07-24 20:14:04,1753359244,0,f5c3e50f,1898073924806854656,有需求就会有市场
BV1tVZcYKEvd,114243059846093,萝卜快跑无人网约车体验：方便还是鸡肋？,aaaaaQIEEEEE,2025-03-29 09:20:42,187154,975,1,VID_20250327_183807,29122628681,76.444,1,25,16777215,2025-07-26 20:07:59,1753531679,0,30ee7dc3,1899520419686287360,第六代，方向盘这样是防止有人搞破坏
BV1tVZcYKEvd,114243059846093,萝卜快跑无人网约车体验：方便还是鸡肋？,aaaaaQIEEEEE,2025-03-29 09:20:42,187154,975,1,VID_20250327_183807,29122628681,68.207,1,25,16777215,2025-08-06 19:37:36,1754480256,0,d91a6c76,1907477654810950400,不用连接的吗
BV1tVZcYKEvd,114243059846093,萝卜快跑无人网约车体验：方便还是鸡肋？,aaaaaQIEEEEE,2025-03-29 09:20:42,187154,975,1,VID_20250327_183807,29122628681,281.913,1,25,16777215,2025-08-12 00:53:35,1754931215,0,b445f1dd,1911260578530352640,哈哈哈哈哈
BV1tVZcYKEvd,114243059846093,萝卜快跑无人网约车体验：方便还是鸡肋？,aaaaaQIEEEEE,2025-03-29 09:20:42,187154,975,1,VID_20250327_183807,29122628681,98.961,1,25,16777215,2025-08-17 17:35:53,1755423353,0,eaf10796,1915388926688856064,害怕
BV1tVZcYKEvd,114243059846093,萝卜快跑无人网约车体验：方便还是鸡肋？,aaaaaQIEEEEE,2025-03-29 09:20:42,187154,975,1,VID_20250327_183807,29122628681,21.415,1,25,16777215,2025-08-18 21:11:02,1755522662,0,b3d0b47b,1916221995885479424,华夏学院附近吧
BV1tVZcYKEvd,114243059846093,萝卜快跑无人网约车体验：方便还是鸡肋？,aaaaaQIEEEEE,2025-03-29 09:20:42,187154,975,1,VID_20250327_183807,29122628681,28.936,1,25,16777215,2025-08-26 18:00:25,1756202425,0,37f17ea0,1921924261368008448,违法停车的话，扣谁的分？？？
BV1tVZcYKEvd,114243059846093,萝卜快跑无人网约车体验：方便还是鸡肋？,aaaaaQIEEEEE,2025-03-29 09:20:42,187154,975,1,VID_20250327_183807,29122628681,42.910,1,25,16777215,2025-08-27 10:51:06,1756263066,0,57aecb83,1922432952303277312,为什么不停人旁边，而是路口转弯处，扣分
BV1tVZcYKEvd,114243059846093,萝卜快跑无人网约车体验：方便还是鸡肋？,aaaaaQIEEEEE,2025-03-29 09:20:42,187154,975,1,VID_20250327_183807,29122628681,51.577,1,25,16777215,2025-09-11 16:56:04,1757580964,0,10923b8,1933488280104979456,不能做主驾驶吗
BV1tVZcYKEvd,114243059846093,萝卜快跑无人网约车体验：方便还是鸡肋？,aaaaaQIEEEEE,2025-03-29 09:20:42,187154,975,1,VID_20250327_183807,29122628681,134.946,1,25,16777215,2025-10-05 19:26:06,1759663566,0,44486920,1950958415761920512,前面相当于不坐人。空间自然很大……
BV1tVZcYKEvd,114243059846093,萝卜快跑无人网约车体验：方便还是鸡肋？,aaaaaQIEEEEE,2025-03-29 09:20:42,187154,975,1,VID_20250327_183807,29122628681,294.001,1,25,16777215,2025-10-13 19:47:50,1760356070,0,8737921f,1956767559525765888,这个不能强制锁，小米成都
BV1tVZcYKEvd,114243059846093,萝卜快跑无人网约车体验：方便还是鸡肋？,aaaaaQIEEEEE,2025-03-29 09:20:42,187154,975,1,VID_20250327_183807,29122628681,17.383,1,25,16777215,2025-10-26 21:42:51,1761486171,0,1dd08c8,1966247532329802240,佛山经常看到
BV1tVZcYKEvd,114243059846093,萝卜快跑无人网约车体验：方便还是鸡肋？,aaaaaQIEEEEE,2025-03-29 09:20:42,187154,975,1,VID_20250327_183807,29122628681,188.034,1,25,16777215,2025-11-29 22:24:23,1764426263,0,12727806,1990910810939412736,这后视镜还有必要吗？
BV1tVZcYKEvd,114243059846093,萝卜快跑无人网约车体验：方便还是鸡肋？,aaaaaQIEEEEE,2025-03-29 09:20:42,187154,975,1,VID_20250327_183807,29122628681,54.416,1,25,16777215,2025-12-14 15:34:43,1765697683,0,dddcbb61,2001576257968105216,感觉很舒服
BV1tVZcYKEvd,114243059846093,萝卜快跑无人网约车体验：方便还是鸡肋？,aaaaaQIEEEEE,2025-03-29 09:20:42,187154,975,1,VID_20250327_183807,29122628681,28.840,1,25,16777215,2025-12-31 00:34:16,1767112456,0,9c49b9de,2013444234056599040,不错
BV1tVZcYKEvd,114243059846093,萝卜快跑无人网约车体验：方便还是鸡肋？,aaaaaQIEEEEE,2025-03-29 09:20:42,187154,975,1,VID_20250327_183807,29122628681,13.132,1,25,16777215,2026-01-06 16:51:15,1767689475,0,ffee7a5f,2018284617782227200,有一个人前来买萝卜
BV1tVZcYKEvd,114243059846093,萝卜快跑无人网约车体验：方便还是鸡肋？,aaaaaQIEEEEE,2025-03-29 09:20:42,187154,975,1,VID_20250327_183807,29122628681,282.139,1,25,16777215,2026-01-13 12:21:52,1768278112,0,47e01bc1,2023222465924842752,没绷住
BV1tVZcYKEvd,114243059846093,萝卜快跑无人网约车体验：方便还是鸡肋？,aaaaaQIEEEEE,2025-03-29 09:20:42,187154,975,1,VID_20250327_183807,29122628681,226.451,1,25,16777215,2026-01-29 10:03:31,1769652211,0,59b4a7a,2034749244426229760,不要打扰萝卜开车
BV1tVZcYKEvd,114243059846093,萝卜快跑无人网约车体验：方便还是鸡肋？,aaaaaQIEEEEE,2025-03-29 09:20:42,187154,975,1,VID_20250327_183807,29122628681,74.358,1,25,16777215,2026-02-02 09:53:04,1769997184,0,859c4bde,2037643087459009280,我去，有点慌
BV1tVZcYKEvd,114243059846093,萝卜快跑无人网约车体验：方便还是鸡肋？,aaaaaQIEEEEE,2025-03-29 09:20:42,187154,975,1,VID_20250327_183807,29122628681,76.685,1,25,16777215,2026-02-08 09:03:24,1770512604,0,d8d385bd,2041966744776124672,无人驾驶为什么要保留方向盘?
BV1tVZcYKEvd,114243059846093,萝卜快跑无人网约车体验：方便还是鸡肋？,aaaaaQIEEEEE,2025-03-29 09:20:42,187154,975,1,VID_20250327_183807,29122628681,296.123,1,25,16777215,2026-02-22 10:59:59,1771729199,0,a287eff1,2052172283291901440,压抑
BV1tVZcYKEvd,114243059846093,萝卜快跑无人网约车体验：方便还是鸡肋？,aaaaaQIEEEEE,2025-03-29 09:20:42,187154,975,1,VID_20250327_183807,29122628681,43.832,1,25,16777215,2026-02-23 19:33:31,1771846411,0,fabd9fec,2053155522127543040,你这手机尾号太离谱了吧
BV1tVZcYKEvd,114243059846093,萝卜快跑无人网约车体验：方便还是鸡肋？,aaaaaQIEEEEE,2025-03-29 09:20:42,187154,975,1,VID_20250327_183807,29122628681,164.238,1,25,16777215,2026-02-24 12:49:36,1771908576,0,483b3a5f,2053677003483468288,试试能不能钻出去
BV1tVZcYKEvd,114243059846093,萝卜快跑无人网约车体验：方便还是鸡肋？,aaaaaQIEEEEE,2025-03-29 09:20:42,187154,975,1,VID_20250327_183807,29122628681,354.237,1,25,16777215,2026-03-05 13:35:28,1772688928,0,8ab8909b,2060223069246870528,对，应该提供音乐
BV1tVZcYKEvd,114243059846093,萝卜快跑无人网约车体验：方便还是鸡肋？,aaaaaQIEEEEE,2025-03-29 09:20:42,187154,975,1,VID_20250327_183807,29122628681,11.295,1,25,16776960,2026-03-12 19:58:34,1773316714,0,87be5c98,2065489323994312192,有一辆车前来拉一个瓜
BV1tVZcYKEvd,114243059846093,萝卜快跑无人网约车体验：方便还是鸡肋？,aaaaaQIEEEEE,2025-03-29 09:20:42,187154,975,1,VID_20250327_183807,29122628681,358.887,1,25,16777215,2026-03-28 09:22:13,1774660933,0,bbf56149,2076765443708055552,？？？
BV1tVZcYKEvd,114243059846093,萝卜快跑无人网约车体验：方便还是鸡肋？,aaaaaQIEEEEE,2025-03-29 09:20:42,187154,975,1,VID_20250327_183807,29122628681,208.864,1,25,16777215,2026-03-28 22:50:33,1774709433,0,6eb2f50f,2077172293729699840,他能识别你坐哪，我朋友右后叫他，我左后说话他不应
BV1tVZcYKEvd,114243059846093,萝卜快跑无人网约车体验：方便还是鸡肋？,aaaaaQIEEEEE,2025-03-29 09:20:42,187154,975,1,VID_20250327_183807,29122628681,64.357,1,25,16777215,2026-04-04 15:50:39,1775289039,0,478484fd,2082034378053804800,安全嗎?
BV1tVZcYKEvd,114243059846093,萝卜快跑无人网约车体验：方便还是鸡肋？,aaaaaQIEEEEE,2025-03-29 09:20:42,187154,975,1,VID_20250327_183807,29122628681,21.748,1,25,16777215,2026-04-23 00:01:10,1776873670,0,1228b6f8,2095327232243087104,哥们，这瓜多少钱一斤？
BV1tVZcYKEvd,114243059846093,萝卜快跑无人网约车体验：方便还是鸡肋？,aaaaaQIEEEEE,2025-03-29 09:20:42,187154,975,1,VID_20250327_183807,29122628681,107.646,5,25,16707842,2026-04-25 12:55:14,1777092914,0,d5ee4094,2097166386169604864,2077还是来到现实了
BV1tVZcYKEvd,114243059846093,萝卜快跑无人网约车体验：方便还是鸡肋？,aaaaaQIEEEEE,2025-03-29 09:20:42,187154,975,1,VID_20250327_183807,29122628681,67.957,1,25,16777215,2026-04-27 19:51:38,1777290698,0,57c28fcc,2098825518253572608,做过萝卜快跑很慢
BV1tVZcYKEvd,114243059846093,萝卜快跑无人网约车体验：方便还是鸡肋？,aaaaaQIEEEEE,2025-03-29 09:20:42,187154,975,1,VID_20250327_183807,29122628681,125.464,1,25,16777215,2026-05-15 13:57:56,1778824676,0,5fa6d616,2111693458007406080,好奇宝宝
BV1tVZcYKEvd,114243059846093,萝卜快跑无人网约车体验：方便还是鸡肋？,aaaaaQIEEEEE,2025-03-29 09:20:42,187154,975,1,VID_20250327_183807,29122628681,197.222,1,25,16777215,2026-05-24 09:54:07,1779587647,0,8d9f6f02,2118093718548195584,监控啊
BV1tVZcYKEvd,114243059846093,萝卜快跑无人网约车体验：方便还是鸡肋？,aaaaaQIEEEEE,2025-03-29 09:20:42,187154,975,1,VID_20250327_183807,29122628681,72.761,5,25,16777215,2026-06-25 12:00:53,1782360053,0,f3bf23e9,2141350344582728960,方便安全没有司机毕节有隐私空间而且开得稳就是慢而且还在开发
BV1tVZcYKEvd,114243059846093,萝卜快跑无人网约车体验：方便还是鸡肋？,aaaaaQIEEEEE,2025-03-29 09:20:42,187154,975,1,VID_20250327_183807,29122628681,152.290,5,25,16777215,2026-06-25 12:02:24,1782360144,0,f3bf23e9,2141351112627167744,最大的优点便宜
BV1tVZcYKEvd,114243059846093,萝卜快跑无人网约车体验：方便还是鸡肋？,aaaaaQIEEEEE,2025-03-29 09:20:42,187154,975,1,VID_20250327_183807,29122628681,307.800,1,25,16777215,2026-07-07 01:17:25,1783358245,0,358bbb54,2149723786391136256,此时有位后台人员绷不住了
BV1tVZcYKEvd,114243059846093,萝卜快跑无人网约车体验：方便还是鸡肋？,aaaaaQIEEEEE,2025-03-29 09:20:42,187154,975,1,VID_20250327_183807,29122628681,57.109,1,25,16777215,2026-07-14 12:16:05,1784002565,0,849a9224,2155128739322467584,耐心等会关
BV1tVZcYKEvd,114243059846093,萝卜快跑无人网约车体验：方便还是鸡肋？,aaaaaQIEEEEE,2025-03-29 09:20:42,187154,975,1,VID_20250327_183807,29122628681,257.674,1,25,16777215,2026-07-20 17:12:08,1784538728,0,89b28fad,2159626394815057408,人
BV1tVZcYKEvd,114243059846093,萝卜快跑无人网约车体验：方便还是鸡肋？,aaaaaQIEEEEE,2025-03-29 09:20:42,187154,975,1,VID_20250327_183807,29122628681,350.178,1,25,16777215,2026-07-20 17:13:40,1784538820,0,89b28fad,2159627170585411840,？
BV1tVZcYKEvd,114243059846093,萝卜快跑无人网约车体验：方便还是鸡肋？,aaaaaQIEEEEE,2025-03-29 09:20:42,187154,975,1,VID_20250327_183807,29122628681,264.613,1,25,16777215,2026-08-18 15:49:02,1787039342,0,683ad778,2180603064472444928,三角架是直接贴在后窗玻璃上的
BV1tVZcYKEvd,114243059846093,萝卜快跑无人网约车体验：方便还是鸡肋？,aaaaaQIEEEEE,2025-03-29 09:20:42,187154,975,1,VID_20250327_183807,29122628681,77.304,1,25,16777215,2026-08-20 22:12:02,1787235122,0,ffee7a5f,2182245388865208576,方便安全没有司机毕节有隐私空间而且开得稳就是慢而且还在开发
BV1tVZcYKEvd,114243059846093,萝卜快跑无人网约车体验：方便还是鸡肋？,aaaaaQIEEEEE,2025-03-29 09:20:42,187154,975,1,VID_20250327_183807,29122628681,296.974,1,25,15138834,2026-09-07 20:55:25,1788785725,0,a5d0ad83,2195252789880831744,感觉到你吓热了
BV1tVZcYKEvd,114243059846093,萝卜快跑无人网约车体验：方便还是鸡肋？,aaaaaQIEEEEE,2025-03-29 09:20:42,187154,975,1,VID_20250327_183807,29122628681,35.234,5,25,15772458,2026-09-14 12:20:50,1789359650,0,d6a41f51,2200067220569928960,萝卜
BV1tVZcYKEvd,114243059846093,萝卜快跑无人网约车体验：方便还是鸡肋？,aaaaaQIEEEEE,2025-03-29 09:20:42,187154,975,1,VID_20250327_183807,29122628681,90.576,1,25,16777215,2026-09-21 12:30:37,1789965037,0,d6430c13,2205145574683755520,浪费很多空间
BV1tVZcYKEvd,114243059846093,萝卜快跑无人网约车体验：方便还是鸡肋？,aaaaaQIEEEEE,2025-03-29 09:20:42,187154,975,1,VID_20250327_183807,29122628681,388.605,1,25,16777215,2025-03-30 12:53:35,1743310415,0,c0ece54e,1813778239756870912,肯定会有摄像头，前面上方也是
BV1tVZcYKEvd,114243059846093,萝卜快跑无人网约车体验：方便还是鸡肋？,aaaaaQIEEEEE,2025-03-29 09:20:42,187154,975,1,VID_20250327_183807,29122628681,361.467,1,25,16777215,2025-03-30 18:27:28,1743330448,0,9077b061,1813946290334714624,外国人打普通网约车也要会中文啊
BV1tVZcYKEvd,114243059846093,萝卜快跑无人网约车体验：方便还是鸡肋？,aaaaaQIEEEEE,2025-03-29 09:20:42,187154,975,1,VID_20250327_183807,29122628681,383.332,1,25,16777215,2025-03-30 21:04:59,1743339899,0,843f5a1b,1814025574297954560,红外补光灯吧
BV1tVZcYKEvd,114243059846093,萝卜快跑无人网约车体验：方便还是鸡肋？,aaaaaQIEEEEE,2025-03-29 09:20:42,187154,975,1,VID_20250327_183807,29122628681,381.951,1,25,16777215,2025-03-30 21:05:52,1743339952,0,167be66a,1814026015169663744,消毒
BV1tVZcYKEvd,114243059846093,萝卜快跑无人网约车体验：方便还是鸡肋？,aaaaaQIEEEEE,2025-03-29 09:20:42,187154,975,1,VID_20250327_183807,29122628681,449.629,1,25,16777215,2025-03-30 22:09:49,1743343789,0,97ff63e1,1814058198752143616,你好萝卜，弹射后座椅（
BV1tVZcYKEvd,114243059846093,萝卜快跑无人网约车体验：方便还是鸡肋？,aaaaaQIEEEEE,2025-03-29 09:20:42,187154,975,1,VID_20250327_183807,29122628681,484.928,1,25,16777215,2025-03-30 22:29:11,1743344951,0,f2eca806,1814067953344327168,你别下去啊
BV1tVZcYKEvd,114243059846093,萝卜快跑无人网约车体验：方便还是鸡肋？,aaaaaQIEEEEE,2025-03-29 09:20:42,187154,975,1,VID_20250327_183807,29122628681,381.515,5,25,16777215,2025-03-30 23:18:49,1743347929,0,181920e3,1814092931591149056,浴霸哈哈哈哈哈
BV1tVZcYKEvd,114243059846093,萝卜快跑无人网约车体验：方便还是鸡肋？,aaaaaQIEEEEE,2025-03-29 09:20:42,187154,975,1,VID_20250327_183807,29122628681,373.488,1,25,16777215,2025-03-30 23:52:45,1743349965,0,3f47e601,1814110009748566784,要让外国人适应中文
BV1tVZcYKEvd,114243059846093,萝卜快跑无人网约车体验：方便还是鸡肋？,aaaaaQIEEEEE,2025-03-29 09:20:42,187154,975,1,VID_20250327_183807,29122628681,381.488,1,25,16777215,2025-03-31 10:12:46,1743387166,0,8c951fd2,1814422071796175616,红外
BV1tVZcYKEvd,114243059846093,萝卜快跑无人网约车体验：方便还是鸡肋？,aaaaaQIEEEEE,2025-03-29 09:20:42,187154,975,1,VID_20250327_183807,29122628681,402.450,1,25,16777215,2025-03-31 12:49:03,1743396543,0,dc739d73,1814500738064625408,你话是真密哈哈哈
BV1tVZcYKEvd,114243059846093,萝卜快跑无人网约车体验：方便还是鸡肋？,aaaaaQIEEEEE,2025-03-29 09:20:42,187154,975,1,VID_20250327_183807,29122628681,390.765,5,25,16777215,2025-04-01 00:03:03,1743436983,0,6510bbff,1814839968741906688,哈哈哈
BV1tVZcYKEvd,114243059846093,萝卜快跑无人网约车体验：方便还是鸡肋？,aaaaaQIEEEEE,2025-03-29 09:20:42,187154,975,1,VID_20250327_183807,29122628681,377.421,1,25,16777215,2025-04-01 00:25:32,1743438332,0,e4615958,1814851283807976192,你担心的范围多少有点宽了。
BV1tVZcYKEvd,114243059846093,萝卜快跑无人网约车体验：方便还是鸡肋？,aaaaaQIEEEEE,2025-03-29 09:20:42,187154,975,1,VID_20250327_183807,29122628681,381.774,1,25,16777215,2025-04-01 00:25:50,1743438350,0,a0d1cdc1,1814851436757170176,摄像头 监控乘客的
BV1tVZcYKEvd,114243059846093,萝卜快跑无人网约车体验：方便还是鸡肋？,aaaaaQIEEEEE,2025-03-29 09:20:42,187154,975,1,VID_20250327_183807,29122628681,504.312,1,25,16777215,2025-04-01 00:29:17,1743438557,0,a0d1cdc1,1814853173408634112,不下车就带着你去接下一单
BV1tVZcYKEvd,114243059846093,萝卜快跑无人网约车体验：方便还是鸡肋？,aaaaaQIEEEEE,2025-03-29 09:20:42,187154,975,1,VID_20250327_183807,29122628681,544.270,1,25,16777215,2025-04-01 00:30:39,1743438639,0,a0d1cdc1,1814853862851637760,人家在等单
BV1tVZcYKEvd,114243059846093,萝卜快跑无人网约车体验：方便还是鸡肋？,aaaaaQIEEEEE,2025-03-29 09:20:42,187154,975,1,VID_20250327_183807,29122628681,448.957,1,25,16777215,2025-04-01 01:20:09,1743441609,0,6ba722a,1814878774534776064,萝卜，给我放一首 炸雷！
BV1tVZcYKEvd,114243059846093,萝卜快跑无人网约车体验：方便还是鸡肋？,aaaaaQIEEEEE,2025-03-29 09:20:42,187154,975,1,VID_20250327_183807,29122628681,403.047,1,25,16777215,2025-04-01 03:33:12,1743449592,0,8e8215d1,1814945743451024384,手好贱哈哈哈哈哈哈哈哈
BV1tVZcYKEvd,114243059846093,萝卜快跑无人网约车体验：方便还是鸡肋？,aaaaaQIEEEEE,2025-03-29 09:20:42,187154,975,1,VID_20250327_183807,29122628681,419.333,1,25,16777215,2025-04-01 08:35:00,1743467700,0,2137775d,1815097643534745600,监控
BV1tVZcYKEvd,114243059846093,萝卜快跑无人网约车体验：方便还是鸡肋？,aaaaaQIEEEEE,2025-03-29 09:20:42,187154,975,1,VID_20250327_183807,29122628681,532.156,1,25,14811775,2025-04-01 13:24:34,1743485074,0,f16b3cf1,1815243389483134720,你比车呆
BV1tVZcYKEvd,114243059846093,萝卜快跑无人网约车体验：方便还是鸡肋？,aaaaaQIEEEEE,2025-03-29 09:20:42,187154,975,1,VID_20250327_183807,29122628681,532.255,1,25,16777215,2025-04-01 15:11:08,1743491468,0,d7dfb772,1815297023675852288,人家自己会关
BV1tVZcYKEvd,114243059846093,萝卜快跑无人网约车体验：方便还是鸡肋？,aaaaaQIEEEEE,2025-03-29 09:20:42,187154,975,1,VID_20250327_183807,29122628681,464.978,1,25,16777215,2025-04-01 19:14:43,1743506083,0,5f1bb050,1815419621067864832,你好萝卜，弹射乘客
BV1tVZcYKEvd,114243059846093,萝卜快跑无人网约车体验：方便还是鸡肋？,aaaaaQIEEEEE,2025-03-29 09:20:42,187154,975,1,VID_20250327_183807,29122628681,472.054,1,25,16777215,2025-04-01 21:21:07,1743513667,0,253645ff,1815483238887137792,再往前开点
BV1tVZcYKEvd,114243059846093,萝卜快跑无人网约车体验：方便还是鸡肋？,aaaaaQIEEEEE,2025-03-29 09:20:42,187154,975,1,VID_20250327_183807,29122628681,538.636,1,25,16777215,2025-04-01 21:37:32,1743514652,0,cb3bcd3b,1815491504123218944,等你走怕你有东西落下
BV1tVZcYKEvd,114243059846093,萝卜快跑无人网约车体验：方便还是鸡肋？,aaaaaQIEEEEE,2025-03-29 09:20:42,187154,975,1,VID_20250327_183807,29122628681,404.449,1,25,16777215,2025-04-02 14:09:59,1743574199,0,1f2ad2a0,1815991019884258816,萝卜：请勿手痒
BV1tVZcYKEvd,114243059846093,萝卜快跑无人网约车体验：方便还是鸡肋？,aaaaaQIEEEEE,2025-03-29 09:20:42,187154,975,1,VID_20250327_183807,29122628681,467.326,1,25,16777215,2025-04-02 22:40:02,1743604802,0,50e59dca,1816247734408366848,云之家？
BV1tVZcYKEvd,114243059846093,萝卜快跑无人网约车体验：方便还是鸡肋？,aaaaaQIEEEEE,2025-03-29 09:20:42,187154,975,1,VID_20250327_183807,29122628681,476.707,1,25,16777215,2025-04-03 16:39:48,1743669588,0,14061c0b,1816791206508865792,高级
BV1tVZcYKEvd,114243059846093,萝卜快跑无人网约车体验：方便还是鸡肋？,aaaaaQIEEEEE,2025-03-29 09:20:42,187154,975,1,VID_20250327_183807,29122628681,369.421,1,25,16777215,2025-04-03 18:36:09,1743676569,0,f507d086,1816849764764422912,识别英文对机器来说应该不是什么大问题
BV1tVZcYKEvd,114243059846093,萝卜快跑无人网约车体验：方便还是鸡肋？,aaaaaQIEEEEE,2025-03-29 09:20:42,187154,975,1,VID_20250327_183807,29122628681,460.623,1,25,16777215,2025-04-05 00:27:32,1743784052,0,c530308b,1817751393634248192,如果一直不下车会怎么样？
BV1tVZcYKEvd,114243059846093,萝卜快跑无人网约车体验：方便还是鸡肋？,aaaaaQIEEEEE,2025-03-29 09:20:42,187154,975,1,VID_20250327_183807,29122628681,497.901,1,25,16777215,2025-04-05 22:36:27,1743863787,0,85af9793,1818420258655574784,额…
BV1tVZcYKEvd,114243059846093,萝卜快跑无人网约车体验：方便还是鸡肋？,aaaaaQIEEEEE,2025-03-29 09:20:42,187154,975,1,VID_20250327_183807,29122628681,499.116,5,25,16707842,2025-04-06 00:27:09,1743870429,0,778c1bc0,1818475982550651136,萝卜快跑:我是无人车，我有的是时间（狗头）
BV1tVZcYKEvd,114243059846093,萝卜快跑无人网约车体验：方便还是鸡肋？,aaaaaQIEEEEE,2025-03-29 09:20:42,187154,975,1,VID_20250327_183807,29122628681,410.557,1,25,16777215,2025-04-06 16:44:51,1743929091,0,fe5de8ca,1818968071718196480,战术性哼歌，瞎编的旋律
BV1tVZcYKEvd,114243059846093,萝卜快跑无人网约车体验：方便还是鸡肋？,aaaaaQIEEEEE,2025-03-29 09:20:42,187154,975,1,VID_20250327_183807,29122628681,397.232,1,25,16777215,2025-04-07 18:24:31,1744021471,0,fb7289ac,1819743008531568384,你好，请别发出怪声
BV1tVZcYKEvd,114243059846093,萝卜快跑无人网约车体验：方便还是鸡肋？,aaaaaQIEEEEE,2025-03-29 09:20:42,187154,975,1,VID_20250327_183807,29122628681,541.787,1,25,38979,2025-04-07 19:42:05,1744026125,0,d3a5d945,1819782050531158784,人与机器的爱情邂逅
BV1tVZcYKEvd,114243059846093,萝卜快跑无人网约车体验：方便还是鸡肋？,aaaaaQIEEEEE,2025-03-29 09:20:42,187154,975,1,VID_20250327_183807,29122628681,544.872,1,25,16777215,2025-04-08 10:33:29,1744079609,0,3b5b1b1b,1820230705859565568,萝卜：等下我接个单
BV1tVZcYKEvd,114243059846093,萝卜快跑无人网约车体验：方便还是鸡肋？,aaaaaQIEEEEE,2025-03-29 09:20:42,187154,975,1,VID_20250327_183807,29122628681,527.480,1,25,16777215,2025-04-11 21:20:06,1744377606,0,ceeaccc9,1822730487606108160,到站前提示语是下车后请关闭车门，而且人没关时车自己也是会关的，让人关只是为了高效确定车里没有遗落尽快关闭车可以走
BV1tVZcYKEvd,114243059846093,萝卜快跑无人网约车体验：方便还是鸡肋？,aaaaaQIEEEEE,2025-03-29 09:20:42,187154,975,1,VID_20250327_183807,29122628681,403.936,1,25,16777215,2025-04-12 21:59:47,1744466387,0,d6d54894,1823475236637626880,摄像头应该要标识出来
BV1tVZcYKEvd,114243059846093,萝卜快跑无人网约车体验：方便还是鸡肋？,aaaaaQIEEEEE,2025-03-29 09:20:42,187154,975,1,VID_20250327_183807,29122628681,497.596,1,25,16777215,2025-04-15 09:20:03,1744680003,0,6a771b66,1825267180628616704,见人
BV1tVZcYKEvd,114243059846093,萝卜快跑无人网约车体验：方便还是鸡肋？,aaaaaQIEEEEE,2025-03-29 09:20:42,187154,975,1,VID_20250327_183807,29122628681,459.371,1,25,16777215,2025-04-18 13:56:03,1744955763,0,3669a094,1827580418287952384,你好萝卜，给我来个弹射起步
BV1tVZcYKEvd,114243059846093,萝卜快跑无人网约车体验：方便还是鸡肋？,aaaaaQIEEEEE,2025-03-29 09:20:42,187154,975,1,VID_20250327_183807,29122628681,377.724,1,25,16777215,2025-04-20 21:20:27,1745155227,0,ba1b6d15,1829253649231286016,英文对现在这些大模型应该没有任何难度，估计就是懒得加插件
BV1tVZcYKEvd,114243059846093,萝卜快跑无人网约车体验：方便还是鸡肋？,aaaaaQIEEEEE,2025-03-29 09:20:42,187154,975,1,VID_20250327_183807,29122628681,544.028,1,25,16777215,2025-04-21 15:18:07,1745219887,0,155a494e,1829796053898260992,你挡着怎么走
BV1tVZcYKEvd,114243059846093,萝卜快跑无人网约车体验：方便还是鸡肋？,aaaaaQIEEEEE,2025-03-29 09:20:42,187154,975,1,VID_20250327_183807,29122628681,406.756,1,25,16777215,2025-04-24 10:26:54,1745461614,0,4ef5811,1831823804184318720,安全员：我在听
BV1tVZcYKEvd,114243059846093,萝卜快跑无人网约车体验：方便还是鸡肋？,aaaaaQIEEEEE,2025-03-29 09:20:42,187154,975,1,VID_20250327_183807,29122628681,535.936,1,25,16777215,2025-04-24 10:29:24,1745461764,0,4ef5811,1831825065369476608,萝卜：我在考验人类
BV1tVZcYKEvd,114243059846093,萝卜快跑无人网约车体验：方便还是鸡肋？,aaaaaQIEEEEE,2025-03-29 09:20:42,187154,975,1,VID_20250327_183807,29122628681,505.786,1,25,15138834,2025-04-24 18:08:50,1745489330,0,da222d3e,1832056301358950912,弹射，速度
BV1tVZcYKEvd,114243059846093,萝卜快跑无人网约车体验：方便还是鸡肋？,aaaaaQIEEEEE,2025-03-29 09:20:42,187154,975,1,VID_20250327_183807,29122628681,391.843,1,25,16777215,2025-05-09 22:25:47,1746800747,0,a3679ea,1843057268305377792,红外线是这样的
BV1tVZcYKEvd,114243059846093,萝卜快跑无人网约车体验：方便还是鸡肋？,aaaaaQIEEEEE,2025-03-29 09:20:42,187154,975,1,VID_20250327_183807,29122628681,495.804,1,25,16777215,2025-05-13 11:02:59,1747105379,0,ab169cd8,1845612702224018944,不下会怎么样？
BV1tVZcYKEvd,114243059846093,萝卜快跑无人网约车体验：方便还是鸡肋？,aaaaaQIEEEEE,2025-03-29 09:20:42,187154,975,1,VID_20250327_183807,29122628681,518.736,1,25,16777215,2025-05-19 06:24:46,1747607086,0,80a383b9,1849821329219018752,這位是QA吧
BV1tVZcYKEvd,114243059846093,萝卜快跑无人网约车体验：方便还是鸡肋？,aaaaaQIEEEEE,2025-03-29 09:20:42,187154,975,1,VID_20250327_183807,29122628681,388.485,1,25,16777215,2025-06-24 10:31:04,1750732264,0,acd7e2fc,1876037219471617536,哈哈哈哈
BV1tVZcYKEvd,114243059846093,萝卜快跑无人网约车体验：方便还是鸡肋？,aaaaaQIEEEEE,2025-03-29 09:20:42,187154,975,1,VID_20250327_183807,29122628681,368.387,1,25,16777215,2025-06-27 01:13:24,1750958004,0,d05bcbb8,1877930863598527232,你好萝卜，让我飞起来
BV1tVZcYKEvd,114243059846093,萝卜快跑无人网约车体验：方便还是鸡肋？,aaaaaQIEEEEE,2025-03-29 09:20:42,187154,975,1,VID_20250327_183807,29122628681,414.347,1,25,16777215,2025-06-27 01:14:13,1750958053,0,d05bcbb8,1877931280395051520,拉一下看看
BV1tVZcYKEvd,114243059846093,萝卜快跑无人网约车体验：方便还是鸡肋？,aaaaaQIEEEEE,2025-03-29 09:20:42,187154,975,1,VID_20250327_183807,29122628681,367.245,1,25,16777215,2025-07-01 13:26:08,1751347568,0,f47a08aa,1881198769551972608,文言一心不是会英文吗？哈哈
BV1tVZcYKEvd,114243059846093,萝卜快跑无人网约车体验：方便还是鸡肋？,aaaaaQIEEEEE,2025-03-29 09:20:42,187154,975,1,VID_20250327_183807,29122628681,369.704,1,25,16777215,2025-07-12 20:33:07,1752323587,0,8b91b15d,1889386206945377024,就是坐个车而已，没必要这么多功能
BV1tVZcYKEvd,114243059846093,萝卜快跑无人网约车体验：方便还是鸡肋？,aaaaaQIEEEEE,2025-03-29 09:20:42,187154,975,1,VID_20250327_183807,29122628681,403.991,1,25,16777215,2025-07-13 22:11:37,1752415897,0,a82c0fe0,1890160558822088704,是的
BV1tVZcYKEvd,114243059846093,萝卜快跑无人网约车体验：方便还是鸡肋？,aaaaaQIEEEEE,2025-03-29 09:20:42,187154,975,1,VID_20250327_183807,29122628681,404.174,5,25,41194,2025-07-17 13:15:06,1752729306,0,98c43155,1892789624813264384,你后知后觉的样子真好看
BV1tVZcYKEvd,114243059846093,萝卜快跑无人网约车体验：方便还是鸡肋？,aaaaaQIEEEEE,2025-03-29 09:20:42,187154,975,1,VID_20250327_183807,29122628681,400.104,1,25,16777215,2025-07-25 02:24:43,1753381483,0,3749c958,1898260486332926208,后台的监控人员看了尴尬癌犯了
BV1tVZcYKEvd,114243059846093,萝卜快跑无人网约车体验：方便还是鸡肋？,aaaaaQIEEEEE,2025-03-29 09:20:42,187154,975,1,VID_20250327_183807,29122628681,523.192,1,25,16777215,2025-07-25 08:30:47,1753403447,0,b84fd4c2,1898444729415848704,这位更是聪明
BV1tVZcYKEvd,114243059846093,萝卜快跑无人网约车体验：方便还是鸡肋？,aaaaaQIEEEEE,2025-03-29 09:20:42,187154,975,1,VID_20250327_183807,29122628681,497.612,1,25,16777215,2025-08-02 19:50:57,1754135457,0,c93330a7,1904585272478527488,开启弹射模式，886您呢
BV1tVZcYKEvd,114243059846093,萝卜快跑无人网约车体验：方便还是鸡肋？,aaaaaQIEEEEE,2025-03-29 09:20:42,187154,975,1,VID_20250327_183807,29122628681,415.486,1,25,16777215,2025-09-06 00:26:51,1757089611,0,8bbdfc15,1929366511500158464,应该是检测人上没上车的。
BV1tVZcYKEvd,114243059846093,萝卜快跑无人网约车体验：方便还是鸡肋？,aaaaaQIEEEEE,2025-03-29 09:20:42,187154,975,1,VID_20250327_183807,29122628681,422.779,1,25,16777215,2025-11-19 21:23:00,1763558580,0,a3549c08,1983632160950967552,既然有紧急开门方法，那为什么不把门锁住，不理解。
BV1tVZcYKEvd,114243059846093,萝卜快跑无人网约车体验：方便还是鸡肋？,aaaaaQIEEEEE,2025-03-29 09:20:42,187154,975,1,VID_20250327_183807,29122628681,433.037,1,25,16777215,2025-12-01 00:10:24,1764519024,0,ebe2e074,1991688947050705664,你都说了有紧急开锁方法那锁不锁门还有什么区别
BV1tVZcYKEvd,114243059846093,萝卜快跑无人网约车体验：方便还是鸡肋？,aaaaaQIEEEEE,2025-03-29 09:20:42,187154,975,1,VID_20250327_183807,29122628681,388.818,1,25,16777215,2026-03-01 11:31:50,1772335910,0,5f667d3d,2057261738739143680,红外灯?
BV1tVZcYKEvd,114243059846093,萝卜快跑无人网约车体验：方便还是鸡肋？,aaaaaQIEEEEE,2025-03-29 09:20:42,187154,975,1,VID_20250327_183807,29122628681,363.672,1,25,16777215,2026-03-06 05:10:23,1772745023,0,e834860c,2060693625243484416,难绷
BV1tVZcYKEvd,114243059846093,萝卜快跑无人网约车体验：方便还是鸡肋？,aaaaaQIEEEEE,2025-03-29 09:20:42,187154,975,1,VID_20250327_183807,29122628681,542.237,1,25,16777215,2026-03-16 11:00:38,1773630038,0,5ef973b3,2068117669756597504,你呆我前面我怎么走啊
BV1tVZcYKEvd,114243059846093,萝卜快跑无人网约车体验：方便还是鸡肋？,aaaaaQIEEEEE,2025-03-29 09:20:42,187154,975,1,VID_20250327_183807,29122628681,388.648,1,25,16777215,2026-03-28 09:22:54,1774660974,0,bbf56149,2076765789679076352,有人观看的
BV1tVZcYKEvd,114243059846093,萝卜快跑无人网约车体验：方便还是鸡肋？,aaaaaQIEEEEE,2025-03-29 09:20:42,187154,975,1,VID_20250327_183807,29122628681,535.576,1,25,16777215,2026-04-01 10:44:16,1775011456,0,50116b97,2079705845201154816,东莞可以
BV1tVZcYKEvd,114243059846093,萝卜快跑无人网约车体验：方便还是鸡肋？,aaaaaQIEEEEE,2025-03-29 09:20:42,187154,975,1,VID_20250327_183807,29122628681,363.555,1,25,16777215,2026-06-18 17:35:47,1781775347,0,59b4a7a,2136445479742187776,外国人也给我说中文
BV1tVZcYKEvd,114243059846093,萝卜快跑无人网约车体验：方便还是鸡肋？,aaaaaQIEEEEE,2025-03-29 09:20:42,187154,975,1,VID_20250327_183807,29122628681,402.341,1,25,16777215,2026-07-20 17:14:32,1784538872,0,89b28fad,2159627608621439744,传感器
BV1tVZcYKEvd,114243059846093,萝卜快跑无人网约车体验：方便还是鸡肋？,aaaaaQIEEEEE,2025-03-29 09:20:42,187154,975,1,VID_20250327_183807,29122628681,487.871,1,25,16777215,2026-09-17 18:52:16,1789642336,0,2975e29f,2202438560219749376,还带赶的
BV1AY4y1A7gM,644272459,百度独家获批！萝卜快跑在重庆、武汉开启车内无安全员的商业化运营服务,阿波罗智能驾驶,2022-08-08 18:50:42,22587,192,1,百度独家获批！萝卜快跑在重庆、武汉开启车内无安全员的商业化运营服务,797394577,71.401,1,25,16777215,2022-08-08 22:39:08,1659969548,0,2296617f,1114664379367889408,？
BV1AY4y1A7gM,644272459,百度独家获批！萝卜快跑在重庆、武汉开启车内无安全员的商业化运营服务,阿波罗智能驾驶,2022-08-08 18:50:42,22587,192,1,百度独家获批！萝卜快跑在重庆、武汉开启车内无安全员的商业化运营服务,797394577,57.713,1,25,16777215,2022-08-10 01:23:15,1660065795,0,ac2dc3d3,1115471757780829696,谷歌：你在说什么？
BV1AY4y1A7gM,644272459,百度独家获批！萝卜快跑在重庆、武汉开启车内无安全员的商业化运营服务,阿波罗智能驾驶,2022-08-08 18:50:42,22587,192,1,百度独家获批！萝卜快跑在重庆、武汉开启车内无安全员的商业化运营服务,797394577,79.719,1,25,16777215,2022-08-10 18:50:47,1660128647,0,422da8b8,1115999000525643776,宇宙最强无人驾驶
BV1AY4y1A7gM,644272459,百度独家获批！萝卜快跑在重庆、武汉开启车内无安全员的商业化运营服务,阿波罗智能驾驶,2022-08-08 18:50:42,22587,192,1,百度独家获批！萝卜快跑在重庆、武汉开启车内无安全员的商业化运营服务,797394577,65.219,1,25,16777215,2022-08-11 20:31:16,1660221076,0,2fe5bfad,1116774343582774528,刚刚是武汉
BV1AY4y1A7gM,644272459,百度独家获批！萝卜快跑在重庆、武汉开启车内无安全员的商业化运营服务,阿波罗智能驾驶,2022-08-08 18:50:42,22587,192,1,百度独家获批！萝卜快跑在重庆、武汉开启车内无安全员的商业化运营服务,797394577,82.919,1,25,16777215,2022-08-11 22:12:11,1660227131,0,27a228a5,1116825142929151744,好尬
BV1AY4y1A7gM,644272459,百度独家获批！萝卜快跑在重庆、武汉开启车内无安全员的商业化运营服务,阿波罗智能驾驶,2022-08-08 18:50:42,22587,192,1,百度独家获批！萝卜快跑在重庆、武汉开启车内无安全员的商业化运营服务,797394577,15.810,1,25,16777215,2022-08-16 16:31:38,1660638698,0,6e0f58c9,1120277614809082880,看看
BV1AY4y1A7gM,644272459,百度独家获批！萝卜快跑在重庆、武汉开启车内无安全员的商业化运营服务,阿波罗智能驾驶,2022-08-08 18:50:42,22587,192,1,百度独家获批！萝卜快跑在重庆、武汉开启车内无安全员的商业化运营服务,797394577,54.459,1,25,16777215,2022-08-28 10:23:25,1661653405,0,f9f841df,1128789594905752320,旧车顶一个激光雷达，还敢全无人，盲区多大，堪忧
BV1AY4y1A7gM,644272459,百度独家获批！萝卜快跑在重庆、武汉开启车内无安全员的商业化运营服务,阿波罗智能驾驶,2022-08-08 18:50:42,22587,192,1,百度独家获批！萝卜快跑在重庆、武汉开启车内无安全员的商业化运营服务,797394577,57.407,1,25,16777215,2022-10-03 01:23:57,1664731437,0,329ea748,1154609993354573312,用武汉话做这种视频真的没有违和感
BV1c3EQ6aEEh,116724175211973,武汉的萝卜快跑停了吗,bili_79394427969,2026-06-10 13:40:17,55244,226,1,武汉的萝卜快跑停了吗,39004016125,32.418,1,25,16777215,2026-06-14 15:19:29,1781421569,0,ac0b897b,2133477769152361984,不要啊！
BV1c3EQ6aEEh,116724175211973,武汉的萝卜快跑停了吗,bili_79394427969,2026-06-10 13:40:17,55244,226,1,武汉的萝卜快跑停了吗,39004016125,15.369,1,25,16777215,2026-06-18 07:54:49,1781740489,0,2ac47129,2136153066767361024,确实很久没看到了
BV1c3EQ6aEEh,116724175211973,武汉的萝卜快跑停了吗,bili_79394427969,2026-06-10 13:40:17,55244,226,1,武汉的萝卜快跑停了吗,39004016125,42.671,1,25,16777215,2026-06-18 14:43:15,1781764995,0,3d8bce85,2136358638053562624,嘴瓢了，确认真人配音
BV1c3EQ6aEEh,116724175211973,武汉的萝卜快跑停了吗,bili_79394427969,2026-06-10 13:40:17,55244,226,1,武汉的萝卜快跑停了吗,39004016125,40.551,1,25,16777215,2026-06-20 14:47:00,1781938020,0,f9498c34,2137810078840329216,这个字读zhuan
BV1c3EQ6aEEh,116724175211973,武汉的萝卜快跑停了吗,bili_79394427969,2026-06-10 13:40:17,55244,226,1,武汉的萝卜快跑停了吗,39004016125,10.778,1,25,16777215,2026-06-28 23:23:30,1782660210,0,1f131969,2143868247802912000,少了
BV1c3EQ6aEEh,116724175211973,武汉的萝卜快跑停了吗,bili_79394427969,2026-06-10 13:40:17,55244,226,1,武汉的萝卜快跑停了吗,39004016125,3.333,1,25,16777215,2026-06-30 09:43:42,1782783822,0,78c13351,2144905174895511808,上次服务器故障，堵了半个武昌
BV1c3EQ6aEEh,116724175211973,武汉的萝卜快跑停了吗,bili_79394427969,2026-06-10 13:40:17,55244,226,1,武汉的萝卜快跑停了吗,39004016125,25.904,1,25,16777215,2026-07-02 19:18:04,1782991084,0,5f0f3b,2146643821218722304,几月份
BV1c3EQ6aEEh,116724175211973,武汉的萝卜快跑停了吗,bili_79394427969,2026-06-10 13:40:17,55244,226,1,武汉的萝卜快跑停了吗,39004016125,38.310,1,25,16777215,2026-09-19 06:12:23,1789769543,0,3236402c,2203505655867404544,顿口还行
BV1MaeY6FEeY,117300757798833,萝卜快跑这是怕乘客急眼了自己开呀,捕娱嗑学,2026-09-20 09:28:57,604859,110,1,studio_video_1789867542781.mp4,42042328651,27.267,1,25,16777215,2026-09-24 23:00:11,1790262011,0,8d96225a,2207636772417802752,我觉得可以考虑一下，让这个代替一下夜间行车。一是人流量少2是解放人工。
BV14aGkzyEzp,114418432087673,"萝卜快跑：Hello, World！",百度,2025-04-29 08:37:52,5397,10,1,"萝卜快跑：Hello, World！",29676077795,7.852,1,25,16777215,2025-04-29 08:39:52,1745887192,0,c7533b77,1835393815159158272,太棒了
BV14aGkzyEzp,114418432087673,"萝卜快跑：Hello, World！",百度,2025-04-29 08:37:52,5397,10,1,"萝卜快跑：Hello, World！",29676077795,32.485,1,25,16777215,2025-04-30 03:07:43,1745953663,0,57aecb83,1835951414640640256,为什么没有你们和其他智驾的横评
BV14aGkzyEzp,114418432087673,"萝卜快跑：Hello, World！",百度,2025-04-29 08:37:52,5397,10,1,"萝卜快跑：Hello, World！",29676077795,88.707,1,25,16777215,2025-04-30 17:27:23,1746005243,0,9803894a,1836384093261759488,走向国际
BV14aGkzyEzp,114418432087673,"萝卜快跑：Hello, World！",百度,2025-04-29 08:37:52,5397,10,1,"萝卜快跑：Hello, World！",29676077795,62.021,1,25,16777215,2025-07-06 13:04:56,1751778296,0,19bfef98,1884811972504406528,牛逼
BV1o6K46HEVx,116956120291172,特斯拉Model Y无人出租车到底和萝卜快跑有啥不同？,科氪看车,2026-07-21 13:30:00,25260,65,1,特斯拉Model Y无人出租车到底和萝卜快跑有啥不同？,40151813007,20.885,1,25,15138834,2026-07-28 11:14:11,1785208451,0,210ba0f3,2165244437926977024,还可以多坐一个人
BV1o6K46HEVx,116956120291172,特斯拉Model Y无人出租车到底和萝卜快跑有啥不同？,科氪看车,2026-07-21 13:30:00,25260,65,1,特斯拉Model Y无人出租车到底和萝卜快跑有啥不同？,40151813007,2.529,5,25,41194,2026-07-30 20:48:43,1785415723,0,d1e3f7c1,2166983161786739456,人类之光，文明之光，科技之光
BV1o6K46HEVx,116956120291172,特斯拉Model Y无人出租车到底和萝卜快跑有啥不同？,科氪看车,2026-07-21 13:30:00,25260,65,1,特斯拉Model Y无人出租车到底和萝卜快跑有啥不同？,40151813007,36.845,1,25,16777215,2026-07-31 22:00:19,1785506419,0,6a5093db,2167743974885496576,优兔币是啥。。。第一次见最后一个be还重读的
BV1o6K46HEVx,116956120291172,特斯拉Model Y无人出租车到底和萝卜快跑有啥不同？,科氪看车,2026-07-21 13:30:00,25260,65,1,特斯拉Model Y无人出租车到底和萝卜快跑有啥不同？,40151813007,11.911,5,25,16707842,2026-08-02 05:22:25,1785619345,0,34bbf09a,2168691269046840832,萝卜快跑需要有后台看着，随时准备接管
BV1o6K46HEVx,116956120291172,特斯拉Model Y无人出租车到底和萝卜快跑有啥不同？,科氪看车,2026-07-21 13:30:00,25260,65,1,特斯拉Model Y无人出租车到底和萝卜快跑有啥不同？,40151813007,21.873,1,25,16777215,2026-08-03 01:02:01,1785690121,0,e92c73d5,2169284984103046656,没有挡板不怕五星大佬吗
BV1o6K46HEVx,116956120291172,特斯拉Model Y无人出租车到底和萝卜快跑有啥不同？,科氪看车,2026-07-21 13:30:00,25260,65,1,特斯拉Model Y无人出租车到底和萝卜快跑有啥不同？,40151813007,22.992,5,25,15138834,2026-08-03 01:34:10,1785692050,0,381fa1f,2169301160602452480,科技
BV1o6K46HEVx,116956120291172,特斯拉Model Y无人出租车到底和萝卜快跑有啥不同？,科氪看车,2026-07-21 13:30:00,25260,65,1,特斯拉Model Y无人出租车到底和萝卜快跑有啥不同？,40151813007,97.842,1,25,16777215,2026-08-07 08:38:27,1786063107,0,ecd6e3f5,2172413818721392896,好便宜才4左右
BV1o6K46HEVx,116956120291172,特斯拉Model Y无人出租车到底和萝卜快跑有啥不同？,科氪看车,2026-07-21 13:30:00,25260,65,1,特斯拉Model Y无人出租车到底和萝卜快跑有啥不同？,40151813007,64.138,1,25,16777215,2026-09-06 23:29:26,1788708566,0,19ac0a64,2194605533234142976,这我受不了，
BV1No9jBoEav,116328836892607,萝卜快跑集体瘫痪，百度为何选择沉默？,甄妙拆营销,2026-04-01 17:56:36,51750,162,1,萝卜快跑集体瘫痪，百度为何选择沉默？,37148493365,35.699,1,25,16777215,2026-04-01 18:57:32,1775041052,0,ea98c18f,2079954119761754368,追尾那个没有受伤？
BV1No9jBoEav,116328836892607,萝卜快跑集体瘫痪，百度为何选择沉默？,甄妙拆营销,2026-04-01 17:56:36,51750,162,1,萝卜快跑集体瘫痪，百度为何选择沉默？,37148493365,208.531,1,25,16777215,2026-04-01 19:00:47,1775041247,0,ea98c18f,2079955750624677120,正常操作 参考华为
BV1No9jBoEav,116328836892607,萝卜快跑集体瘫痪，百度为何选择沉默？,甄妙拆营销,2026-04-01 17:56:36,51750,162,1,萝卜快跑集体瘫痪，百度为何选择沉默？,37148493365,77.045,1,25,16777215,2026-04-02 01:36:13,1775064973,0,b7a9cddc,2080154776347428096,网络问题所以公关发不出来了
BV1No9jBoEav,116328836892607,萝卜快跑集体瘫痪，百度为何选择沉默？,甄妙拆营销,2026-04-01 17:56:36,51750,162,1,萝卜快跑集体瘫痪，百度为何选择沉默？,37148493365,340.237,5,25,14811775,2026-04-02 02:58:26,1775069906,0,863ea602,2080196165236305920,笑了，我骑单车有时候还是需要的，所以会看着
BV1No9jBoEav,116328836892607,萝卜快跑集体瘫痪，百度为何选择沉默？,甄妙拆营销,2026-04-01 17:56:36,51750,162,1,萝卜快跑集体瘫痪，百度为何选择沉默？,37148493365,205.808,1,25,16777215,2026-04-02 08:07:03,1775088423,0,4a8ec950,2080351492569066496,这话怎么有点熟
BV1No9jBoEav,116328836892607,萝卜快跑集体瘫痪，百度为何选择沉默？,甄妙拆营销,2026-04-01 17:56:36,51750,162,1,萝卜快跑集体瘫痪，百度为何选择沉默？,37148493365,6.837,1,25,16777215,2026-04-02 13:19:59,1775107199,0,11f4a7cd,2080508994061041152,110先
BV1No9jBoEav,116328836892607,萝卜快跑集体瘫痪，百度为何选择沉默？,甄妙拆营销,2026-04-01 17:56:36,51750,162,1,萝卜快跑集体瘫痪，百度为何选择沉默？,37148493365,23.575,1,25,16777215,2026-04-03 01:50:38,1775152238,0,ac9e6275,2080886808325322240,还好是停下来了，不是乱撞
BV1No9jBoEav,116328836892607,萝卜快跑集体瘫痪，百度为何选择沉默？,甄妙拆营销,2026-04-01 17:56:36,51750,162,1,萝卜快跑集体瘫痪，百度为何选择沉默？,37148493365,46.141,1,25,16777215,2026-05-03 22:00:53,1777816853,0,7e53d37a,2103239222143802368,人家断网了嘛
BV1No9jBoEav,116328836892607,萝卜快跑集体瘫痪，百度为何选择沉默？,甄妙拆营销,2026-04-01 17:56:36,51750,162,1,萝卜快跑集体瘫痪，百度为何选择沉默？,37148493365,81.135,1,25,16777215,2026-05-03 22:26:45,1777818405,0,7e53d37a,2103252239619205632,网络 哈哈哈哈
BV1No9jBoEav,116328836892607,萝卜快跑集体瘫痪，百度为何选择沉默？,甄妙拆营销,2026-04-01 17:56:36,51750,162,1,萝卜快跑集体瘫痪，百度为何选择沉默？,37148493365,102.920,1,25,16777215,2026-05-12 06:49:27,1778539767,0,b51cd3c,2109303461119478016,冷处理
BV1No9jBoEav,116328836892607,萝卜快跑集体瘫痪，百度为何选择沉默？,甄妙拆营销,2026-04-01 17:56:36,51750,162,1,萝卜快跑集体瘫痪，百度为何选择沉默？,37148493365,2.777,1,25,16777215,2026-05-23 11:06:03,1779505563,0,be6f71ea,2117405147310569984,《三环线密室》
BV1No9jBoEav,116328836892607,萝卜快跑集体瘫痪，百度为何选择沉默？,甄妙拆营销,2026-04-01 17:56:36,51750,162,1,萝卜快跑集体瘫痪，百度为何选择沉默？,37148493365,188.322,1,25,16777215,2026-05-25 15:28:20,1779694100,0,6319515b,2118986713266342912,难崩
BV1No9jBoEav,116328836892607,萝卜快跑集体瘫痪，百度为何选择沉默？,甄妙拆营销,2026-04-01 17:56:36,51750,162,1,萝卜快跑集体瘫痪，百度为何选择沉默？,37148493365,274.190,1,25,16777215,2026-05-30 10:22:46,1780107766,0,c56bee77,2122456789949372416,被黑客攻击了？上百台那么离谱
BV1No9jBoEav,116328836892607,萝卜快跑集体瘫痪，百度为何选择沉默？,甄妙拆营销,2026-04-01 17:56:36,51750,162,1,萝卜快跑集体瘫痪，百度为何选择沉默？,37148493365,160.039,1,25,16777215,2026-06-05 01:36:19,1780594579,0,3fd60518,2126540477871650048,网络：我背锅都背上瘾了
BV1No9jBoEav,116328836892607,萝卜快跑集体瘫痪，百度为何选择沉默？,甄妙拆营销,2026-04-01 17:56:36,51750,162,1,萝卜快跑集体瘫痪，百度为何选择沉默？,37148493365,345.473,1,25,16777215,2026-06-23 09:53:52,1782179632,0,26330516,2139836864763674880,神预言啊，耿同学即将要大杀四方了，确实注意力基本都被吸走了
BV1Mf421z78Q,1206003167,来武汉必体验的萝卜快跑，发现百度智驾技术比华为还厉害，你们觉得呢？,账号已注销,2024-07-09 11:45:50,1014538,8028,1,来武汉必体验的萝卜快跑，发现百度智驾技术比华为还厉害，你们觉得呢？,1609560783,124.092,1,25,16777215,2024-07-09 11:50:08,1720497008,0,8ac47cb9,1622405515105964544,司机失业在即
BV1Mf421z78Q,1206003167,来武汉必体验的萝卜快跑，发现百度智驾技术比华为还厉害，你们觉得呢？,账号已注销,2024-07-09 11:45:50,1014538,8028,1,来武汉必体验的萝卜快跑，发现百度智驾技术比华为还厉害，你们觉得呢？,1609560783,0.819,1,25,16777215,2024-07-09 12:27:25,1720499245,0,930b3ca9,1622424275841946112,高精地图的和无图的能比吗？一个只能在特定线路跑一个全国都能开
BV1Mf421z78Q,1206003167,来武汉必体验的萝卜快跑，发现百度智驾技术比华为还厉害，你们觉得呢？,账号已注销,2024-07-09 11:45:50,1014538,8028,1,来武汉必体验的萝卜快跑，发现百度智驾技术比华为还厉害，你们觉得呢？,1609560783,11.150,1,25,16777215,2024-07-09 23:31:04,1720539064,0,4839c6a3,1622758302192603648,马上就全国推广
BV1Mf421z78Q,1206003167,来武汉必体验的萝卜快跑，发现百度智驾技术比华为还厉害，你们觉得呢？,账号已注销,2024-07-09 11:45:50,1014538,8028,1,来武汉必体验的萝卜快跑，发现百度智驾技术比华为还厉害，你们觉得呢？,1609560783,137.819,1,25,16777215,2024-07-10 00:20:45,1720542045,0,c0269453,1622783310646390272,前排座位都不需要了，也不需要方向盘
BV1Mf421z78Q,1206003167,来武汉必体验的萝卜快跑，发现百度智驾技术比华为还厉害，你们觉得呢？,账号已注销,2024-07-09 11:45:50,1014538,8028,1,来武汉必体验的萝卜快跑，发现百度智驾技术比华为还厉害，你们觉得呢？,1609560783,150.082,1,25,16777215,2024-07-10 00:24:28,1720542268,0,283eda38,1622785184141432064,我觉得这个讲话的人也很有意思
BV1Mf421z78Q,1206003167,来武汉必体验的萝卜快跑，发现百度智驾技术比华为还厉害，你们觉得呢？,账号已注销,2024-07-09 11:45:50,1014538,8028,1,来武汉必体验的萝卜快跑，发现百度智驾技术比华为还厉害，你们觉得呢？,1609560783,103.899,1,25,16777215,2024-07-10 07:54:55,1720569295,0,98cb8629,1623011898645622272,科技越来越好
BV1Mf421z78Q,1206003167,来武汉必体验的萝卜快跑，发现百度智驾技术比华为还厉害，你们觉得呢？,账号已注销,2024-07-09 11:45:50,1014538,8028,1,来武汉必体验的萝卜快跑，发现百度智驾技术比华为还厉害，你们觉得呢？,1609560783,54.846,1,25,16777215,2024-07-10 07:59:18,1720569558,0,83b7fadc,1623014107232115456,赛博朋克
BV1Mf421z78Q,1206003167,来武汉必体验的萝卜快跑，发现百度智驾技术比华为还厉害，你们觉得呢？,账号已注销,2024-07-09 11:45:50,1014538,8028,1,来武汉必体验的萝卜快跑，发现百度智驾技术比华为还厉害，你们觉得呢？,1609560783,13.179,1,25,16777215,2024-07-10 08:24:10,1720571050,0,bd27da16,1623026625669245184,快进到机器人种地吧
BV1Mf421z78Q,1206003167,来武汉必体验的萝卜快跑，发现百度智驾技术比华为还厉害，你们觉得呢？,账号已注销,2024-07-09 11:45:50,1014538,8028,1,来武汉必体验的萝卜快跑，发现百度智驾技术比华为还厉害，你们觉得呢？,1609560783,151.919,1,25,16777215,2024-07-10 10:25:01,1720578301,0,a5f21926,1623087445291820800,车里没烟味吧
BV1Mf421z78Q,1206003167,来武汉必体验的萝卜快跑，发现百度智驾技术比华为还厉害，你们觉得呢？,账号已注销,2024-07-09 11:45:50,1014538,8028,1,来武汉必体验的萝卜快跑，发现百度智驾技术比华为还厉害，你们觉得呢？,1609560783,3.241,1,25,16777215,2024-07-10 11:01:13,1720580473,0,9acf0bd0,1623105667663741696,勺萝卜
BV1Mf421z78Q,1206003167,来武汉必体验的萝卜快跑，发现百度智驾技术比华为还厉害，你们觉得呢？,账号已注销,2024-07-09 11:45:50,1014538,8028,1,来武汉必体验的萝卜快跑，发现百度智驾技术比华为还厉害，你们觉得呢？,1609560783,204.424,1,25,16777215,2024-07-10 12:08:44,1720584524,0,563af645,1623139649805404416,完蛋了，不仅司机，交警也下岗了
BV1Mf421z78Q,1206003167,来武汉必体验的萝卜快跑，发现百度智驾技术比华为还厉害，你们觉得呢？,账号已注销,2024-07-09 11:45:50,1014538,8028,1,来武汉必体验的萝卜快跑，发现百度智驾技术比华为还厉害，你们觉得呢？,1609560783,96.019,1,25,16777215,2024-07-10 12:16:21,1720584981,0,ddc6778a,1623143487442663936,对面小米表示高级
BV1Mf421z78Q,1206003167,来武汉必体验的萝卜快跑，发现百度智驾技术比华为还厉害，你们觉得呢？,账号已注销,2024-07-09 11:45:50,1014538,8028,1,来武汉必体验的萝卜快跑，发现百度智驾技术比华为还厉害，你们觉得呢？,1609560783,167.427,5,25,16777215,2024-07-10 12:24:42,1720585482,0,f5c4a202,1623147682048796672,挺乖
BV1Mf421z78Q,1206003167,来武汉必体验的萝卜快跑，发现百度智驾技术比华为还厉害，你们觉得呢？,账号已注销,2024-07-09 11:45:50,1014538,8028,1,来武汉必体验的萝卜快跑，发现百度智驾技术比华为还厉害，你们觉得呢？,1609560783,177.375,5,25,16777215,2024-07-10 12:25:05,1720585505,0,f5c4a202,1623147880447779328,交警都蚌埠住了
BV1Mf421z78Q,1206003167,来武汉必体验的萝卜快跑，发现百度智驾技术比华为还厉害，你们觉得呢？,账号已注销,2024-07-09 11:45:50,1014538,8028,1,来武汉必体验的萝卜快跑，发现百度智驾技术比华为还厉害，你们觉得呢？,1609560783,20.623,5,25,16777215,2024-07-10 12:27:15,1720585635,0,f5c4a202,1623148972199977472,买个车自己跑滴滴（doge）
BV1Mf421z78Q,1206003167,来武汉必体验的萝卜快跑，发现百度智驾技术比华为还厉害，你们觉得呢？,账号已注销,2024-07-09 11:45:50,1014538,8028,1,来武汉必体验的萝卜快跑，发现百度智驾技术比华为还厉害，你们觉得呢？,1609560783,100.279,1,25,16777215,2024-07-10 12:30:22,1720585822,0,66d2eebf,1623150542321020416,其实是开车的穿了隐形衣
BV1Mf421z78Q,1206003167,来武汉必体验的萝卜快跑，发现百度智驾技术比华为还厉害，你们觉得呢？,账号已注销,2024-07-09 11:45:50,1014538,8028,1,来武汉必体验的萝卜快跑，发现百度智驾技术比华为还厉害，你们觉得呢？,1609560783,49.587,1,25,16777215,2024-07-10 12:37:00,1720586220,0,eead41fe,1623153873907058944,德拉曼专车为您服务
BV1Mf421z78Q,1206003167,来武汉必体验的萝卜快跑，发现百度智驾技术比华为还厉害，你们觉得呢？,账号已注销,2024-07-09 11:45:50,1014538,8028,1,来武汉必体验的萝卜快跑，发现百度智驾技术比华为还厉害，你们觉得呢？,1609560783,20.648,1,25,16777215,2024-07-10 12:39:16,1720586356,0,99b47849,1623155015747469568,卅避
BV1Mf421z78Q,1206003167,来武汉必体验的萝卜快跑，发现百度智驾技术比华为还厉害，你们觉得呢？,账号已注销,2024-07-09 11:45:50,1014538,8028,1,来武汉必体验的萝卜快跑，发现百度智驾技术比华为还厉害，你们觉得呢？,1609560783,128.658,1,25,16777215,2024-07-10 12:44:24,1720586664,0,3473e427,1623157602894533120,小女孩的笑声是多少个网约车司机的心酸
BV1Mf421z78Q,1206003167,来武汉必体验的萝卜快跑，发现百度智驾技术比华为还厉害，你们觉得呢？,账号已注销,2024-07-09 11:45:50,1014538,8028,1,来武汉必体验的萝卜快跑，发现百度智驾技术比华为还厉害，你们觉得呢？,1609560783,164.964,1,25,16777215,2024-07-10 13:12:07,1720588327,0,e1e19253,1623171550289143296,酒驾呢
BV1Mf421z78Q,1206003167,来武汉必体验的萝卜快跑，发现百度智驾技术比华为还厉害，你们觉得呢？,账号已注销,2024-07-09 11:45:50,1014538,8028,1,来武汉必体验的萝卜快跑，发现百度智驾技术比华为还厉害，你们觉得呢？,1609560783,208.621,1,25,16777215,2024-07-10 13:13:02,1720588382,0,8b760e10,1623172016595359232,这自动避让还挺6
BV1Mf421z78Q,1206003167,来武汉必体验的萝卜快跑，发现百度智驾技术比华为还厉害，你们觉得呢？,账号已注销,2024-07-09 11:45:50,1014538,8028,1,来武汉必体验的萝卜快跑，发现百度智驾技术比华为还厉害，你们觉得呢？,1609560783,179.110,5,25,15138834,2024-07-10 13:29:54,1720589394,0,909ee1f7,1623180501898523648,交警都绷不住了
BV1Mf421z78Q,1206003167,来武汉必体验的萝卜快跑，发现百度智驾技术比华为还厉害，你们觉得呢？,账号已注销,2024-07-09 11:45:50,1014538,8028,1,来武汉必体验的萝卜快跑，发现百度智驾技术比华为还厉害，你们觉得呢？,1609560783,134.368,1,25,16777215,2024-07-10 13:51:17,1720590677,0,4739dbe4,1623191262142543616,最后必压实线啊，扣谁的驾照分？这个很好奇啊
BV1Mf421z78Q,1206003167,来武汉必体验的萝卜快跑，发现百度智驾技术比华为还厉害，你们觉得呢？,账号已注销,2024-07-09 11:45:50,1014538,8028,1,来武汉必体验的萝卜快跑，发现百度智驾技术比华为还厉害，你们觉得呢？,1609560783,93.779,1,25,16777215,2024-07-10 13:54:10,1720590850,0,820f58da,1623192720392974592,如果前面车启动慢，会不会按喇叭催一下
BV1Mf421z78Q,1206003167,来武汉必体验的萝卜快跑，发现百度智驾技术比华为还厉害，你们觉得呢？,账号已注销,2024-07-09 11:45:50,1014538,8028,1,来武汉必体验的萝卜快跑，发现百度智驾技术比华为还厉害，你们觉得呢？,1609560783,223.000,1,25,16777215,2024-07-10 14:07:12,1720591632,0,1a9c788,1623199273087126784,这都可以！！
BV1Mf421z78Q,1206003167,来武汉必体验的萝卜快跑，发现百度智驾技术比华为还厉害，你们觉得呢？,账号已注销,2024-07-09 11:45:50,1014538,8028,1,来武汉必体验的萝卜快跑，发现百度智驾技术比华为还厉害，你们觉得呢？,1609560783,138.758,1,25,16777215,2024-07-10 14:38:04,1720593484,0,5576eb9f,1623214810072544512,请问没网约车之前这些人都没工作吗
BV1Mf421z78Q,1206003167,来武汉必体验的萝卜快跑，发现百度智驾技术比华为还厉害，你们觉得呢？,账号已注销,2024-07-09 11:45:50,1014538,8028,1,来武汉必体验的萝卜快跑，发现百度智驾技术比华为还厉害，你们觉得呢？,1609560783,58.579,1,25,16777215,2024-07-10 14:39:02,1720593542,0,6a6c9265,1623215295839623936,赶紧普及啊，太方便了
BV1Mf421z78Q,1206003167,来武汉必体验的萝卜快跑，发现百度智驾技术比华为还厉害，你们觉得呢？,账号已注销,2024-07-09 11:45:50,1014538,8028,1,来武汉必体验的萝卜快跑，发现百度智驾技术比华为还厉害，你们觉得呢？,1609560783,150.739,1,25,16707842,2024-07-10 14:53:01,1720594381,0,eabe9817,1623222333068370944,可以的
BV1Mf421z78Q,1206003167,来武汉必体验的萝卜快跑，发现百度智驾技术比华为还厉害，你们觉得呢？,账号已注销,2024-07-09 11:45:50,1014538,8028,1,来武汉必体验的萝卜快跑，发现百度智驾技术比华为还厉害，你们觉得呢？,1609560783,38.865,5,25,41194,2024-07-10 15:06:36,1720595196,0,bdf8acdd,1623229174775094528,不会失业的，现在无人驾驶安全性还有待提高，突发问题多不稳定
BV1Mf421z78Q,1206003167,来武汉必体验的萝卜快跑，发现百度智驾技术比华为还厉害，你们觉得呢？,账号已注销,2024-07-09 11:45:50,1014538,8028,1,来武汉必体验的萝卜快跑，发现百度智驾技术比华为还厉害，你们觉得呢？,1609560783,8.937,1,25,16777215,2024-07-10 15:07:46,1720595266,0,233aba6a,1623229759016365056,苕萝卜
BV1Mf421z78Q,1206003167,来武汉必体验的萝卜快跑，发现百度智驾技术比华为还厉害，你们觉得呢？,账号已注销,2024-07-09 11:45:50,1014538,8028,1,来武汉必体验的萝卜快跑，发现百度智驾技术比华为还厉害，你们觉得呢？,1609560783,168.914,1,25,16777215,2024-07-10 15:10:56,1720595456,0,dd547f58,1623231352206205440,我到站了不下怎么办
BV1Mf421z78Q,1206003167,来武汉必体验的萝卜快跑，发现百度智驾技术比华为还厉害，你们觉得呢？,账号已注销,2024-07-09 11:45:50,1014538,8028,1,来武汉必体验的萝卜快跑，发现百度智驾技术比华为还厉害，你们觉得呢？,1609560783,224.220,1,25,16777215,2024-07-10 15:13:00,1720595580,0,9361a239,1623232397476638208,自动驾驶开的公里数越多越聪明，深度学习
BV1Mf421z78Q,1206003167,来武汉必体验的萝卜快跑，发现百度智驾技术比华为还厉害，你们觉得呢？,账号已注销,2024-07-09 11:45:50,1014538,8028,1,来武汉必体验的萝卜快跑，发现百度智驾技术比华为还厉害，你们觉得呢？,1609560783,73.162,5,25,16707842,2024-07-10 15:20:36,1720596036,0,1ab6f275,1623236220484315648,前车变道不打转向怎么办
BV1Mf421z78Q,1206003167,来武汉必体验的萝卜快跑，发现百度智驾技术比华为还厉害，你们觉得呢？,账号已注销,2024-07-09 11:45:50,1014538,8028,1,来武汉必体验的萝卜快跑，发现百度智驾技术比华为还厉害，你们觉得呢？,1609560783,96.479,1,25,16777215,2024-07-10 15:35:38,1720596938,0,ae96b99d,1623243788183244032,小米
BV1Mf421z78Q,1206003167,来武汉必体验的萝卜快跑，发现百度智驾技术比华为还厉害，你们觉得呢？,账号已注销,2024-07-09 11:45:50,1014538,8028,1,来武汉必体验的萝卜快跑，发现百度智驾技术比华为还厉害，你们觉得呢？,1609560783,217.326,1,25,16777215,2024-07-10 15:37:34,1720597054,0,ae96b99d,1623244762888847616,这个牛逼了
BV1Mf421z78Q,1206003167,来武汉必体验的萝卜快跑，发现百度智驾技术比华为还厉害，你们觉得呢？,账号已注销,2024-07-09 11:45:50,1014538,8028,1,来武汉必体验的萝卜快跑，发现百度智驾技术比华为还厉害，你们觉得呢？,1609560783,41.863,5,25,15138834,2024-07-10 15:40:21,1720597221,0,bc9df9ae,1623246156840777984,大国重器！！！
BV1Mf421z78Q,1206003167,来武汉必体验的萝卜快跑，发现百度智驾技术比华为还厉害，你们觉得呢？,账号已注销,2024-07-09 11:45:50,1014538,8028,1,来武汉必体验的萝卜快跑，发现百度智驾技术比华为还厉害，你们觉得呢？,1609560783,54.059,5,25,15138834,2024-07-10 15:41:25,1720597285,0,895fa3f0,1623246700321972224,瑶瑶领先
BV1Mf421z78Q,1206003167,来武汉必体验的萝卜快跑，发现百度智驾技术比华为还厉害，你们觉得呢？,账号已注销,2024-07-09 11:45:50,1014538,8028,1,来武汉必体验的萝卜快跑，发现百度智驾技术比华为还厉害，你们觉得呢？,1609560783,98.407,1,25,16777215,2024-07-10 15:50:16,1720597816,0,ef8f7810,1623251148901485824,《米》
BV1Mf421z78Q,1206003167,来武汉必体验的萝卜快跑，发现百度智驾技术比华为还厉害，你们觉得呢？,账号已注销,2024-07-09 11:45:50,1014538,8028,1,来武汉必体验的萝卜快跑，发现百度智驾技术比华为还厉害，你们觉得呢？,1609560783,122.483,1,25,16777215,2024-07-10 15:56:58,1720598218,0,11bc2bef,1623254522808119808,以后喝酒就不要代驾
BV1Mf421z78Q,1206003167,来武汉必体验的萝卜快跑，发现百度智驾技术比华为还厉害，你们觉得呢？,账号已注销,2024-07-09 11:45:50,1014538,8028,1,来武汉必体验的萝卜快跑，发现百度智驾技术比华为还厉害，你们觉得呢？,1609560783,193.437,5,25,16777215,2024-07-10 16:00:06,1720598406,0,9486e1c2,1623256101703436032,车：我从不吊交警
BV1Mf421z78Q,1206003167,来武汉必体验的萝卜快跑，发现百度智驾技术比华为还厉害，你们觉得呢？,账号已注销,2024-07-09 11:45:50,1014538,8028,1,来武汉必体验的萝卜快跑，发现百度智驾技术比华为还厉害，你们觉得呢？,1609560783,177.259,1,25,16777215,2024-07-10 16:03:09,1720598589,0,63b0bd14,1623257634083732736,挺好的
BV1Mf421z78Q,1206003167,来武汉必体验的萝卜快跑，发现百度智驾技术比华为还厉害，你们觉得呢？,账号已注销,2024-07-09 11:45:50,1014538,8028,1,来武汉必体验的萝卜快跑，发现百度智驾技术比华为还厉害，你们觉得呢？,1609560783,158.790,1,25,16777215,2024-07-10 16:07:41,1720598861,0,ced1d0b3,1623259916733417472,可以买一辆给我打工吗？
BV1Mf421z78Q,1206003167,来武汉必体验的萝卜快跑，发现百度智驾技术比华为还厉害，你们觉得呢？,账号已注销,2024-07-09 11:45:50,1014538,8028,1,来武汉必体验的萝卜快跑，发现百度智驾技术比华为还厉害，你们觉得呢？,1609560783,134.396,1,25,16777215,2024-07-10 16:20:03,1720599603,0,e12007db,1623266143311962368,这才几年啊天翻地覆了
BV1Mf421z78Q,1206003167,来武汉必体验的萝卜快跑，发现百度智驾技术比华为还厉害，你们觉得呢？,账号已注销,2024-07-09 11:45:50,1014538,8028,1,来武汉必体验的萝卜快跑，发现百度智驾技术比华为还厉害，你们觉得呢？,1609560783,39.339,1,25,16777215,2024-07-10 16:21:19,1720599679,0,7522c8fb,1623266775301126656,来了来了 开了开了 哦好了好了
BV1Mf421z78Q,1206003167,来武汉必体验的萝卜快跑，发现百度智驾技术比华为还厉害，你们觉得呢？,账号已注销,2024-07-09 11:45:50,1014538,8028,1,来武汉必体验的萝卜快跑，发现百度智驾技术比华为还厉害，你们觉得呢？,1609560783,34.359,1,25,15138834,2024-07-10 16:24:26,1720599866,0,4ba896b,1623268348710343424,极狐？
BV1Mf421z78Q,1206003167,来武汉必体验的萝卜快跑，发现百度智驾技术比华为还厉害，你们觉得呢？,账号已注销,2024-07-09 11:45:50,1014538,8028,1,来武汉必体验的萝卜快跑，发现百度智驾技术比华为还厉害，你们觉得呢？,1609560783,109.900,1,25,16777215,2024-07-10 16:25:09,1720599909,0,93d17e85,1623268712641895936,就怕干扰就玩完了
BV1Mf421z78Q,1206003167,来武汉必体验的萝卜快跑，发现百度智驾技术比华为还厉害，你们觉得呢？,账号已注销,2024-07-09 11:45:50,1014538,8028,1,来武汉必体验的萝卜快跑，发现百度智驾技术比华为还厉害，你们觉得呢？,1609560783,183.879,5,25,15138834,2024-07-10 16:27:48,1720600068,0,67692bf2,1623270040105487872,不可选中
BV1Mf421z78Q,1206003167,来武汉必体验的萝卜快跑，发现百度智驾技术比华为还厉害，你们觉得呢？,账号已注销,2024-07-09 11:45:50,1014538,8028,1,来武汉必体验的萝卜快跑，发现百度智驾技术比华为还厉害，你们觉得呢？,1609560783,103.532,1,25,16777215,2024-07-10 16:39:28,1720600768,0,6407c342,1623275917508043520,方向盘是不是多余了
BV1Mf421z78Q,1206003167,来武汉必体验的萝卜快跑，发现百度智驾技术比华为还厉害，你们觉得呢？,账号已注销,2024-07-09 11:45:50,1014538,8028,1,来武汉必体验的萝卜快跑，发现百度智驾技术比华为还厉害，你们觉得呢？,1609560783,165.899,1,25,16777215,2024-07-10 16:52:50,1720601570,0,dccf1241,1623282640742317824,重点不是车，车应该是地图的一部分。
BV1Mf421z78Q,1206003167,来武汉必体验的萝卜快跑，发现百度智驾技术比华为还厉害，你们觉得呢？,账号已注销,2024-07-09 11:45:50,1014538,8028,1,来武汉必体验的萝卜快跑，发现百度智驾技术比华为还厉害，你们觉得呢？,1609560783,154.578,1,25,16777215,2024-07-10 16:55:48,1720601748,0,1cc508d7,1623284133260353024,德古拉为您服务
BV1Mf421z78Q,1206003167,来武汉必体验的萝卜快跑，发现百度智驾技术比华为还厉害，你们觉得呢？,账号已注销,2024-07-09 11:45:50,1014538,8028,1,来武汉必体验的萝卜快跑，发现百度智驾技术比华为还厉害，你们觉得呢？,1609560783,225.035,1,25,16777215,2024-07-10 16:58:53,1720601933,0,873cb706,1623285686427808768,交警可以查电动车
BV1Mf421z78Q,1206003167,来武汉必体验的萝卜快跑，发现百度智驾技术比华为还厉害，你们觉得呢？,账号已注销,2024-07-09 11:45:50,1014538,8028,1,来武汉必体验的萝卜快跑，发现百度智驾技术比华为还厉害，你们觉得呢？,1609560783,152.159,5,25,16707842,2024-07-10 17:08:12,1720602492,0,a3f7aa9a,1623290372673264384,师傅，给我唱个歌我听听
BV1Mf421z78Q,1206003167,来武汉必体验的萝卜快跑，发现百度智驾技术比华为还厉害，你们觉得呢？,账号已注销,2024-07-09 11:45:50,1014538,8028,1,来武汉必体验的萝卜快跑，发现百度智驾技术比华为还厉害，你们觉得呢？,1609560783,193.680,1,25,16777215,2024-07-10 17:12:21,1720602741,0,e102409c,1623292465698454784,虚空索敌
BV1Mf421z78Q,1206003167,来武汉必体验的萝卜快跑，发现百度智驾技术比华为还厉害，你们觉得呢？,账号已注销,2024-07-09 11:45:50,1014538,8028,1,来武汉必体验的萝卜快跑，发现百度智驾技术比华为还厉害，你们觉得呢？,1609560783,59.299,1,25,16777215,2024-07-10 17:54:08,1720605248,0,bb5232b6,1623313499151437568,都无人驾驶了，那个方向盘多余了
BV1Mf421z78Q,1206003167,来武汉必体验的萝卜快跑，发现百度智驾技术比华为还厉害，你们觉得呢？,账号已注销,2024-07-09 11:45:50,1014538,8028,1,来武汉必体验的萝卜快跑，发现百度智驾技术比华为还厉害，你们觉得呢？,1609560783,23.832,5,25,38979,2024-07-10 18:02:28,1720605748,0,362fb0a4,1623317689017810176,挺方便的
BV1Mf421z78Q,1206003167,来武汉必体验的萝卜快跑，发现百度智驾技术比华为还厉害，你们觉得呢？,账号已注销,2024-07-09 11:45:50,1014538,8028,1,来武汉必体验的萝卜快跑，发现百度智驾技术比华为还厉害，你们觉得呢？,1609560783,215.740,5,25,15138834,2024-07-10 18:10:13,1720606213,0,d102133d,1623321593403384320,nb
BV1Mf421z78Q,1206003167,来武汉必体验的萝卜快跑，发现百度智驾技术比华为还厉害，你们觉得呢？,账号已注销,2024-07-09 11:45:50,1014538,8028,1,来武汉必体验的萝卜快跑，发现百度智驾技术比华为还厉害，你们觉得呢？,1609560783,189.859,1,25,16777215,2024-07-10 18:15:03,1720606503,0,7761c471,1623324026804318720,无法选中目标
BV1Mf421z78Q,1206003167,来武汉必体验的萝卜快跑，发现百度智驾技术比华为还厉害，你们觉得呢？,账号已注销,2024-07-09 11:45:50,1014538,8028,1,来武汉必体验的萝卜快跑，发现百度智驾技术比华为还厉害，你们觉得呢？,1609560783,76.143,1,25,16777215,2024-07-10 18:15:58,1720606558,0,d870774c,1623324482254931968,Apple car play！
BV1Mf421z78Q,1206003167,来武汉必体验的萝卜快跑，发现百度智驾技术比华为还厉害，你们觉得呢？,账号已注销,2024-07-09 11:45:50,1014538,8028,1,来武汉必体验的萝卜快跑，发现百度智驾技术比华为还厉害，你们觉得呢？,1609560783,181.962,1,25,16777215,2024-07-10 18:19:01,1720606741,0,bb5232b6,1623326019635341312,交警…我要下岗了
BV1Mf421z78Q,1206003167,来武汉必体验的萝卜快跑，发现百度智驾技术比华为还厉害，你们觉得呢？,账号已注销,2024-07-09 11:45:50,1014538,8028,1,来武汉必体验的萝卜快跑，发现百度智驾技术比华为还厉害，你们觉得呢？,1609560783,39.059,5,25,16777215,2024-07-10 18:23:16,1720606996,0,3e90f356,1623328156817925120,不能把命交给机器的那个，车自己就是机器
BV1Mf421z78Q,1206003167,来武汉必体验的萝卜快跑，发现百度智驾技术比华为还厉害，你们觉得呢？,账号已注销,2024-07-09 11:45:50,1014538,8028,1,来武汉必体验的萝卜快跑，发现百度智驾技术比华为还厉害，你们觉得呢？,1609560783,71.712,5,25,38979,2024-07-10 18:28:26,1720607306,0,427e43d1,1623330761371629056,有飞行模式么
BV1Mf421z78Q,1206003167,来武汉必体验的萝卜快跑，发现百度智驾技术比华为还厉害，你们觉得呢？,账号已注销,2024-07-09 11:45:50,1014538,8028,1,来武汉必体验的萝卜快跑，发现百度智驾技术比华为还厉害，你们觉得呢？,1609560783,86.632,5,25,15138834,2024-07-10 18:33:22,1720607602,0,910ae437,1623333245968397568,前面是我的车……
BV1Mf421z78Q,1206003167,来武汉必体验的萝卜快跑，发现百度智驾技术比华为还厉害，你们觉得呢？,账号已注销,2024-07-09 11:45:50,1014538,8028,1,来武汉必体验的萝卜快跑，发现百度智驾技术比华为还厉害，你们觉得呢？,1609560783,189.626,1,25,16777215,2024-07-10 18:38:16,1720607896,0,a568b0b6,1623335704719283456,萝卜：还好我没有+乙醇汽油，不然说不清楚了
BV1Mf421z78Q,1206003167,来武汉必体验的萝卜快跑，发现百度智驾技术比华为还厉害，你们觉得呢？,账号已注销,2024-07-09 11:45:50,1014538,8028,1,来武汉必体验的萝卜快跑，发现百度智驾技术比华为还厉害，你们觉得呢？,1609560783,47.059,5,25,41194,2024-07-10 18:39:08,1720607948,0,120fb3eb,1623336146346207744,其实生产无人驾驶汽车会创造更多的产业链
BV1Mf421z78Q,1206003167,来武汉必体验的萝卜快跑，发现百度智驾技术比华为还厉害，你们觉得呢？,账号已注销,2024-07-09 11:45:50,1014538,8028,1,来武汉必体验的萝卜快跑，发现百度智驾技术比华为还厉害，你们觉得呢？,1609560783,93.459,1,25,16777215,2024-07-10 18:40:11,1720608011,0,95027aae,1623336677202615808,mi
BV1Mf421z78Q,1206003167,来武汉必体验的萝卜快跑，发现百度智驾技术比华为还厉害，你们觉得呢？,账号已注销,2024-07-09 11:45:50,1014538,8028,1,来武汉必体验的萝卜快跑，发现百度智驾技术比华为还厉害，你们觉得呢？,1609560783,66.942,5,25,16777215,2024-07-10 18:42:19,1720608139,0,a15f0867,1623337745265141504,居然在武汉能推行 那真是厉害 武汉那个交通。
BV1Mf421z78Q,1206003167,来武汉必体验的萝卜快跑，发现百度智驾技术比华为还厉害，你们觉得呢？,账号已注销,2024-07-09 11:45:50,1014538,8028,1,来武汉必体验的萝卜快跑，发现百度智驾技术比华为还厉害，你们觉得呢？,1609560783,32.655,1,25,16777215,2024-07-10 18:44:40,1720608280,0,b5ed493,1623338933335296768,哪吒汽车吗？
BV1Mf421z78Q,1206003167,来武汉必体验的萝卜快跑，发现百度智驾技术比华为还厉害，你们觉得呢？,账号已注销,2024-07-09 11:45:50,1014538,8028,1,来武汉必体验的萝卜快跑，发现百度智驾技术比华为还厉害，你们觉得呢？,1609560783,16.027,1,25,16777215,2024-07-10 18:49:16,1720608556,0,7e8c3ef0,1623341240823241216,苕萝卜
BV1Mf421z78Q,1206003167,来武汉必体验的萝卜快跑，发现百度智驾技术比华为还厉害，你们觉得呢？,账号已注销,2024-07-09 11:45:50,1014538,8028,1,来武汉必体验的萝卜快跑，发现百度智驾技术比华为还厉害，你们觉得呢？,1609560783,218.019,1,25,15138834,2024-07-10 18:57:58,1720609078,0,d504894c,1623345624684594944,我都说了，一共花了300多亿搞了人工智能，而且他算是先搞的，华为可能还是没有他做的完善
BV1Mf421z78Q,1206003167,来武汉必体验的萝卜快跑，发现百度智驾技术比华为还厉害，你们觉得呢？,账号已注销,2024-07-09 11:45:50,1014538,8028,1,来武汉必体验的萝卜快跑，发现百度智驾技术比华为还厉害，你们觉得呢？,1609560783,176.443,1,25,16777215,2024-07-10 19:02:36,1720609356,0,d4277a7f,1623347958755946752,蚌埠住了
BV1Mf421z78Q,1206003167,来武汉必体验的萝卜快跑，发现百度智驾技术比华为还厉害，你们觉得呢？,账号已注销,2024-07-09 11:45:50,1014538,8028,1,来武汉必体验的萝卜快跑，发现百度智驾技术比华为还厉害，你们觉得呢？,1609560783,66.059,5,25,15138834,2024-07-10 19:02:44,1720609364,0,6349edef,1623348019154268160,人工智能毁灭人类，日后很多滴滴司机失业了，再来几个无人送外卖投入。
BV1Mf421z78Q,1206003167,来武汉必体验的萝卜快跑，发现百度智驾技术比华为还厉害，你们觉得呢？,账号已注销,2024-07-09 11:45:50,1014538,8028,1,来武汉必体验的萝卜快跑，发现百度智驾技术比华为还厉害，你们觉得呢？,1609560783,188.419,1,25,16777215,2024-07-10 19:07:53,1720609673,0,a8939288,1623350617240229120,闯卡
BV1Mf421z78Q,1206003167,来武汉必体验的萝卜快跑，发现百度智驾技术比华为还厉害，你们觉得呢？,账号已注销,2024-07-09 11:45:50,1014538,8028,1,来武汉必体验的萝卜快跑，发现百度智驾技术比华为还厉害，你们觉得呢？,1609560783,207.359,1,25,16777215,2024-07-10 19:19:45,1720610385,0,47f33320,1623356587773252096,ai是会学习的用得越久越聪明
BV1Mf421z78Q,1206003167,来武汉必体验的萝卜快跑，发现百度智驾技术比华为还厉害，你们觉得呢？,账号已注销,2024-07-09 11:45:50,1014538,8028,1,来武汉必体验的萝卜快跑，发现百度智驾技术比华为还厉害，你们觉得呢？,1609560783,5.197,1,25,16777215,2024-07-10 19:26:30,1720610790,0,d4347356,1623359985796873216,苕萝卜
BV1Mf421z78Q,1206003167,来武汉必体验的萝卜快跑，发现百度智驾技术比华为还厉害，你们觉得呢？,账号已注销,2024-07-09 11:45:50,1014538,8028,1,来武汉必体验的萝卜快跑，发现百度智驾技术比华为还厉害，你们觉得呢？,1609560783,216.627,1,25,16777215,2024-07-10 19:28:35,1720610915,0,c14a8b9e,1623361033869538560,卧槽？！这么智能？！
BV1Mf421z78Q,1206003167,来武汉必体验的萝卜快跑，发现百度智驾技术比华为还厉害，你们觉得呢？,账号已注销,2024-07-09 11:45:50,1014538,8028,1,来武汉必体验的萝卜快跑，发现百度智驾技术比华为还厉害，你们觉得呢？,1609560783,117.255,1,25,16777215,2024-07-10 19:37:17,1720611437,0,b6398516,1623365412681050880,你说这科技再进步一点，那些学驾照的意义在哪里？
BV1Mf421z78Q,1206003167,来武汉必体验的萝卜快跑，发现百度智驾技术比华为还厉害，你们觉得呢？,账号已注销,2024-07-09 11:45:50,1014538,8028,1,来武汉必体验的萝卜快跑，发现百度智驾技术比华为还厉害，你们觉得呢？,1609560783,158.259,1,25,16777215,2024-07-10 19:43:38,1720611818,0,8a7d59c0,1623368606131892992,这以后不是满屏广告了
BV1Mf421z78Q,1206003167,来武汉必体验的萝卜快跑，发现百度智驾技术比华为还厉害，你们觉得呢？,账号已注销,2024-07-09 11:45:50,1014538,8028,1,来武汉必体验的萝卜快跑，发现百度智驾技术比华为还厉害，你们觉得呢？,1609560783,171.379,1,25,16777215,2024-07-10 19:54:33,1720612473,0,7c70b6f8,1623374101165103104,德拉曼
BV1Mf421z78Q,1206003167,来武汉必体验的萝卜快跑，发现百度智驾技术比华为还厉害，你们觉得呢？,账号已注销,2024-07-09 11:45:50,1014538,8028,1,来武汉必体验的萝卜快跑，发现百度智驾技术比华为还厉害，你们觉得呢？,1609560783,125.059,5,25,16707842,2024-07-10 20:12:20,1720613540,0,8f170b8,1623383057396886784,我还学驾照吗
BV1Mf421z78Q,1206003167,来武汉必体验的萝卜快跑，发现百度智驾技术比华为还厉害，你们觉得呢？,账号已注销,2024-07-09 11:45:50,1014538,8028,1,来武汉必体验的萝卜快跑，发现百度智驾技术比华为还厉害，你们觉得呢？,1609560783,58.019,1,25,16777215,2024-07-10 20:21:38,1720614098,0,9fd9c3ae,1623387735715053312,这车后续要上牌吗
BV1Mf421z78Q,1206003167,来武汉必体验的萝卜快跑，发现百度智驾技术比华为还厉害，你们觉得呢？,账号已注销,2024-07-09 11:45:50,1014538,8028,1,来武汉必体验的萝卜快跑，发现百度智驾技术比华为还厉害，你们觉得呢？,1609560783,32.499,1,25,16777215,2024-07-10 20:23:29,1720614209,0,681c7f45,1623388666280271616,人永远是人的障碍。只因为大道秩序是默认脊柱竞争的…
BV1Mf421z78Q,1206003167,来武汉必体验的萝卜快跑，发现百度智驾技术比华为还厉害，你们觉得呢？,账号已注销,2024-07-09 11:45:50,1014538,8028,1,来武汉必体验的萝卜快跑，发现百度智驾技术比华为还厉害，你们觉得呢？,1609560783,176.047,1,25,16777215,2024-07-10 20:27:47,1720614467,0,875f8c4,1623390833468414464,这方向盘真有意思
BV1Mf421z78Q,1206003167,来武汉必体验的萝卜快跑，发现百度智驾技术比华为还厉害，你们觉得呢？,账号已注销,2024-07-09 11:45:50,1014538,8028,1,来武汉必体验的萝卜快跑，发现百度智驾技术比华为还厉害，你们觉得呢？,1609560783,167.819,1,25,16777215,2024-07-10 20:39:28,1720615168,0,959f9de9,1623396709495359744,车出问题了怎么办
BV1Mf421z78Q,1206003167,来武汉必体验的萝卜快跑，发现百度智驾技术比华为还厉害，你们觉得呢？,账号已注销,2024-07-09 11:45:50,1014538,8028,1,来武汉必体验的萝卜快跑，发现百度智驾技术比华为还厉害，你们觉得呢？,1609560783,50.567,5,25,41194,2024-07-10 20:40:49,1720615249,0,6da41ac7,1623397391363721984,是真敢坐
BV1Mf421z78Q,1206003167,来武汉必体验的萝卜快跑，发现百度智驾技术比华为还厉害，你们觉得呢？,账号已注销,2024-07-09 11:45:50,1014538,8028,1,来武汉必体验的萝卜快跑，发现百度智驾技术比华为还厉害，你们觉得呢？,1609560783,34.246,1,25,16777215,2024-07-10 20:52:16,1720615936,0,19af1dd4,1623403149320622592,我勒个德拉曼
BV1Mf421z78Q,1206003167,来武汉必体验的萝卜快跑，发现百度智驾技术比华为还厉害，你们觉得呢？,账号已注销,2024-07-09 11:45:50,1014538,8028,1,来武汉必体验的萝卜快跑，发现百度智驾技术比华为还厉害，你们觉得呢？,1609560783,202.379,1,25,16777215,2024-07-10 20:52:20,1720615940,0,b65ddfae,1623403183286109952,这种路况，自动驾驶会开吗？
BV1Mf421z78Q,1206003167,来武汉必体验的萝卜快跑，发现百度智驾技术比华为还厉害，你们觉得呢？,账号已注销,2024-07-09 11:45:50,1014538,8028,1,来武汉必体验的萝卜快跑，发现百度智驾技术比华为还厉害，你们觉得呢？,1609560783,156.699,1,25,16777215,2024-07-10 20:53:46,1720616026,0,1968dea6,1623403905201363456,居然是网易云
BV1Mf421z78Q,1206003167,来武汉必体验的萝卜快跑，发现百度智驾技术比华为还厉害，你们觉得呢？,账号已注销,2024-07-09 11:45:50,1014538,8028,1,来武汉必体验的萝卜快跑，发现百度智驾技术比华为还厉害，你们觉得呢？,1609560783,74.602,1,25,16777215,2024-07-10 20:56:45,1720616205,0,7083f263,1623405405780767488,让拒载成为历史
BV1Mf421z78Q,1206003167,来武汉必体验的萝卜快跑，发现百度智驾技术比华为还厉害，你们觉得呢？,账号已注销,2024-07-09 11:45:50,1014538,8028,1,来武汉必体验的萝卜快跑，发现百度智驾技术比华为还厉害，你们觉得呢？,1609560783,214.371,1,25,16777215,2024-07-10 20:58:18,1720616298,0,1c5e69cf,1623406188160965120,这可以啊
BV1Mf421z78Q,1206003167,来武汉必体验的萝卜快跑，发现百度智驾技术比华为还厉害，你们觉得呢？,账号已注销,2024-07-09 11:45:50,1014538,8028,1,来武汉必体验的萝卜快跑，发现百度智驾技术比华为还厉害，你们觉得呢？,1609560783,44.038,5,25,15138834,2024-07-10 21:09:47,1720616987,0,6953c0ea,1623411968650216960,就想知道出了交通事故算谁的？
BV1Mf421z78Q,1206003167,来武汉必体验的萝卜快跑，发现百度智驾技术比华为还厉害，你们觉得呢？,账号已注销,2024-07-09 11:45:50,1014538,8028,1,来武汉必体验的萝卜快跑，发现百度智驾技术比华为还厉害，你们觉得呢？,1609560783,132.115,1,25,16777215,2024-07-10 21:36:03,1720618563,0,6d4b4d94,1623425192669778176,真好哇啥时候卡车来一款我搬家就不用跟司机掰扯了
BV1Mf421z78Q,1206003167,来武汉必体验的萝卜快跑，发现百度智驾技术比华为还厉害，你们觉得呢？,账号已注销,2024-07-09 11:45:50,1014538,8028,1,来武汉必体验的萝卜快跑，发现百度智驾技术比华为还厉害，你们觉得呢？,1609560783,44.421,1,25,16777215,2024-07-10 21:44:58,1720619098,0,376aca6e,1623429677488454400,德拉曼智能战斗出租车
BV1Mf421z78Q,1206003167,来武汉必体验的萝卜快跑，发现百度智驾技术比华为还厉害，你们觉得呢？,账号已注销,2024-07-09 11:45:50,1014538,8028,1,来武汉必体验的萝卜快跑，发现百度智驾技术比华为还厉害，你们觉得呢？,1609560783,39.460,1,25,16777215,2024-07-10 21:45:32,1720619132,0,e11edcf2,1623429962323383808,利国利民，速度推广全国，加油，好项目
BV1Mf421z78Q,1206003167,来武汉必体验的萝卜快跑，发现百度智驾技术比华为还厉害，你们觉得呢？,账号已注销,2024-07-09 11:45:50,1014538,8028,1,来武汉必体验的萝卜快跑，发现百度智驾技术比华为还厉害，你们觉得呢？,1609560783,1.625,1,25,16777215,2024-07-10 21:56:07,1720619767,0,45f1a316,1623435286832903168,利维亚的杰洛特
BV1Mf421z78Q,1206003167,来武汉必体验的萝卜快跑，发现百度智驾技术比华为还厉害，你们觉得呢？,账号已注销,2024-07-09 11:45:50,1014538,8028,1,来武汉必体验的萝卜快跑，发现百度智驾技术比华为还厉害，你们觉得呢？,1609560783,182.843,1,25,16777215,2024-07-10 21:56:47,1720619807,0,8b0dbe2d,1623435622083502336,方向盘吹口气
BV1Mf421z78Q,1206003167,来武汉必体验的萝卜快跑，发现百度智驾技术比华为还厉害，你们觉得呢？,账号已注销,2024-07-09 11:45:50,1014538,8028,1,来武汉必体验的萝卜快跑，发现百度智驾技术比华为还厉害，你们觉得呢？,1609560783,184.699,1,25,16777215,2024-07-10 21:58:13,1720619893,0,5c931169,1623436346968594176,萝卜吹一下
BV1Mf421z78Q,1206003167,来武汉必体验的萝卜快跑，发现百度智驾技术比华为还厉害，你们觉得呢？,账号已注销,2024-07-09 11:45:50,1014538,8028,1,来武汉必体验的萝卜快跑，发现百度智驾技术比华为还厉害，你们觉得呢？,1609560783,133.399,1,25,16777215,2024-07-10 22:01:40,1720620100,0,63c10220,1623438082034645760,武汉交通这么畅通吗？
BV1Mf421z78Q,1206003167,来武汉必体验的萝卜快跑，发现百度智驾技术比华为还厉害，你们觉得呢？,账号已注销,2024-07-09 11:45:50,1014538,8028,1,来武汉必体验的萝卜快跑，发现百度智驾技术比华为还厉害，你们觉得呢？,1609560783,194.379,1,25,16777215,2024-07-10 22:08:40,1720620520,0,b328b6c,1623441603253748992,这种都是交通局备案的，一般不会查
BV1Mf421z78Q,1206003167,来武汉必体验的萝卜快跑，发现百度智驾技术比华为还厉害，你们觉得呢？,账号已注销,2024-07-09 11:45:50,1014538,8028,1,来武汉必体验的萝卜快跑，发现百度智驾技术比华为还厉害，你们觉得呢？,1609560783,62.654,1,25,16777215,2024-07-10 22:18:01,1720621081,0,dc13f8a4,1623446313188258816,在司机不愿去的地方投放还是比较好的，还有夜间
BV1Mf421z78Q,1206003167,来武汉必体验的萝卜快跑，发现百度智驾技术比华为还厉害，你们觉得呢？,账号已注销,2024-07-09 11:45:50,1014538,8028,1,来武汉必体验的萝卜快跑，发现百度智驾技术比华为还厉害，你们觉得呢？,1609560783,158.419,1,25,16777215,2024-07-10 22:27:23,1720621643,0,92ac2c9c,1623451026697052416,我觉得蛮好的，但是开车目前还是更相信我自己
BV1Mf421z78Q,1206003167,来武汉必体验的萝卜快跑，发现百度智驾技术比华为还厉害，你们觉得呢？,账号已注销,2024-07-09 11:45:50,1014538,8028,1,来武汉必体验的萝卜快跑，发现百度智驾技术比华为还厉害，你们觉得呢？,1609560783,25.379,1,25,16777215,2024-07-10 22:32:16,1720621936,0,f0babba5,1623453483191523584,要开空调去打专车
BV1Mf421z78Q,1206003167,来武汉必体验的萝卜快跑，发现百度智驾技术比华为还厉害，你们觉得呢？,账号已注销,2024-07-09 11:45:50,1014538,8028,1,来武汉必体验的萝卜快跑，发现百度智驾技术比华为还厉害，你们觉得呢？,1609560783,21.979,1,25,16777215,2024-07-10 22:38:11,1720622291,0,9454fdc9,1623456464838638848,丸辣！
BV1Mf421z78Q,1206003167,来武汉必体验的萝卜快跑，发现百度智驾技术比华为还厉害，你们觉得呢？,账号已注销,2024-07-09 11:45:50,1014538,8028,1,来武汉必体验的萝卜快跑，发现百度智驾技术比华为还厉害，你们觉得呢？,1609560783,40.999,5,25,16777215,2024-07-10 22:52:54,1720623174,0,d01e1962,1623463870360552960,隐形人司机
BV1Mf421z78Q,1206003167,来武汉必体验的萝卜快跑，发现百度智驾技术比华为还厉害，你们觉得呢？,账号已注销,2024-07-09 11:45:50,1014538,8028,1,来武汉必体验的萝卜快跑，发现百度智驾技术比华为还厉害，你们觉得呢？,1609560783,85.913,5,25,16777215,2024-07-10 23:00:18,1720623618,0,dd8e157d,1623467594793549312,前面的，会有一些云驾驶
BV1Mf421z78Q,1206003167,来武汉必体验的萝卜快跑，发现百度智驾技术比华为还厉害，你们觉得呢？,账号已注销,2024-07-09 11:45:50,1014538,8028,1,来武汉必体验的萝卜快跑，发现百度智驾技术比华为还厉害，你们觉得呢？,1609560783,83.059,1,25,16777215,2024-07-10 23:06:37,1720623997,0,94adf2bb,1623470771055727360,什么时候出无人上班啊
BV1Mf421z78Q,1206003167,来武汉必体验的萝卜快跑，发现百度智驾技术比华为还厉害，你们觉得呢？,账号已注销,2024-07-09 11:45:50,1014538,8028,1,来武汉必体验的萝卜快跑，发现百度智驾技术比华为还厉害，你们觉得呢？,1609560783,50.963,5,25,15138834,2024-07-10 23:12:48,1720624368,0,713ce0d9,1623473886836440320,无人驾驶一旦出了问题涉及一堆伦理问题谁承担
BV1Mf421z78Q,1206003167,来武汉必体验的萝卜快跑，发现百度智驾技术比华为还厉害，你们觉得呢？,账号已注销,2024-07-09 11:45:50,1014538,8028,1,来武汉必体验的萝卜快跑，发现百度智驾技术比华为还厉害，你们觉得呢？,1609560783,173.655,1,25,16777215,2024-07-10 23:26:05,1720625165,0,de3f55a0,1623480573882558976,哈哈哈，嬉皮笑脸
BV1Mf421z78Q,1206003167,来武汉必体验的萝卜快跑，发现百度智驾技术比华为还厉害，你们觉得呢？,账号已注销,2024-07-09 11:45:50,1014538,8028,1,来武汉必体验的萝卜快跑，发现百度智驾技术比华为还厉害，你们觉得呢？,1609560783,170.100,1,25,16777215,2024-07-10 23:59:53,1720627193,0,8ba0ace3,1623497583991335168,哈哈哈难绷
BV1Mf421z78Q,1206003167,来武汉必体验的萝卜快跑，发现百度智驾技术比华为还厉害，你们觉得呢？,账号已注销,2024-07-09 11:45:50,1014538,8028,1,来武汉必体验的萝卜快跑，发现百度智驾技术比华为还厉害，你们觉得呢？,1609560783,70.315,1,25,16777215,2024-07-11 00:51:35,1720630295,0,4efa6e93,1623523606426665216,滴滴咋办啊
BV1Mf421z78Q,1206003167,来武汉必体验的萝卜快跑，发现百度智驾技术比华为还厉害，你们觉得呢？,账号已注销,2024-07-09 11:45:50,1014538,8028,1,来武汉必体验的萝卜快跑，发现百度智驾技术比华为还厉害，你们觉得呢？,1609560783,107.090,1,25,16777215,2024-07-11 01:15:40,1720631740,0,b559281c,1623535727713378816,其实司机在后备箱
BV1Mf421z78Q,1206003167,来武汉必体验的萝卜快跑，发现百度智驾技术比华为还厉害，你们觉得呢？,账号已注销,2024-07-09 11:45:50,1014538,8028,1,来武汉必体验的萝卜快跑，发现百度智驾技术比华为还厉害，你们觉得呢？,1609560783,117.259,1,25,16777215,2024-07-11 01:16:49,1720631809,0,c56ceb63,1623536308255654400,普及之后代驾也要失业
BV1Mf421z78Q,1206003167,来武汉必体验的萝卜快跑，发现百度智驾技术比华为还厉害，你们觉得呢？,账号已注销,2024-07-09 11:45:50,1014538,8028,1,来武汉必体验的萝卜快跑，发现百度智驾技术比华为还厉害，你们觉得呢？,1609560783,31.459,1,25,16777215,2024-07-11 01:32:23,1720632743,0,5a029ea9,1623544139952327168,极狐不是华为的吗
BV1Mf421z78Q,1206003167,来武汉必体验的萝卜快跑，发现百度智驾技术比华为还厉害，你们觉得呢？,账号已注销,2024-07-09 11:45:50,1014538,8028,1,来武汉必体验的萝卜快跑，发现百度智驾技术比华为还厉害，你们觉得呢？,1609560783,102.579,1,25,16777215,2024-07-11 07:34:43,1720654483,0,1a6e3586,1623726510772973568,光学隐形人
BV1Mf421z78Q,1206003167,来武汉必体验的萝卜快跑，发现百度智驾技术比华为还厉害，你们觉得呢？,账号已注销,2024-07-09 11:45:50,1014538,8028,1,来武汉必体验的萝卜快跑，发现百度智驾技术比华为还厉害，你们觉得呢？,1609560783,65.738,5,25,16777215,2024-07-11 07:45:02,1720655102,0,b2e84f16,1623731702994420992,方向盘不多余，保留人可以操控
BV1Mf421z78Q,1206003167,来武汉必体验的萝卜快跑，发现百度智驾技术比华为还厉害，你们觉得呢？,账号已注销,2024-07-09 11:45:50,1014538,8028,1,来武汉必体验的萝卜快跑，发现百度智驾技术比华为还厉害，你们觉得呢？,1609560783,195.359,1,25,16777215,2024-07-11 08:16:26,1720656986,0,7ca675d8,1623747502585109760,重庆开不了，来了都的短路
BV1Mf421z78Q,1206003167,来武汉必体验的萝卜快跑，发现百度智驾技术比华为还厉害，你们觉得呢？,账号已注销,2024-07-09 11:45:50,1014538,8028,1,来武汉必体验的萝卜快跑，发现百度智驾技术比华为还厉害，你们觉得呢？,1609560783,22.270,5,25,15138834,2024-07-11 08:19:42,1720657182,0,e593c4df,1623749151483233536,武汉出租车司机蕾姆了
BV1Mf421z78Q,1206003167,来武汉必体验的萝卜快跑，发现百度智驾技术比华为还厉害，你们觉得呢？,账号已注销,2024-07-09 11:45:50,1014538,8028,1,来武汉必体验的萝卜快跑，发现百度智驾技术比华为还厉害，你们觉得呢？,1609560783,2.746,1,25,16777215,2024-07-11 08:20:02,1720657202,0,939c1bf8,1623749314440775168,《太原之恋》
BV1Mf421z78Q,1206003167,来武汉必体验的萝卜快跑，发现百度智驾技术比华为还厉害，你们觉得呢？,账号已注销,2024-07-09 11:45:50,1014538,8028,1,来武汉必体验的萝卜快跑，发现百度智驾技术比华为还厉害，你们觉得呢？,1609560783,209.790,1,25,16777215,2024-07-11 08:28:22,1720657702,0,cc42abb1,1623753511194258944,希望全国推广，以后不用考驾照了
BV1Mf421z78Q,1206003167,来武汉必体验的萝卜快跑，发现百度智驾技术比华为还厉害，你们觉得呢？,账号已注销,2024-07-09 11:45:50,1014538,8028,1,来武汉必体验的萝卜快跑，发现百度智驾技术比华为还厉害，你们觉得呢？,1609560783,94.819,1,25,16777215,2024-07-11 08:37:59,1720658279,0,b026e4dc,1623758352452428544,车盖里面藏了一个实习生
BV1Mf421z78Q,1206003167,来武汉必体验的萝卜快跑，发现百度智驾技术比华为还厉害，你们觉得呢？,账号已注销,2024-07-09 11:45:50,1014538,8028,1,来武汉必体验的萝卜快跑，发现百度智驾技术比华为还厉害，你们觉得呢？,1609560783,142.354,1,25,16777215,2024-07-11 09:13:56,1720660436,0,b176a85a,1623776443139896064,驾照考的也不一定要出租啊
BV1Mf421z78Q,1206003167,来武汉必体验的萝卜快跑，发现百度智驾技术比华为还厉害，你们觉得呢？,账号已注销,2024-07-09 11:45:50,1014538,8028,1,来武汉必体验的萝卜快跑，发现百度智驾技术比华为还厉害，你们觉得呢？,1609560783,208.983,1,25,16777215,2024-07-11 10:18:43,1720664323,0,16eea7ad,1623809050456612608,能绕桩比很多都强
BV1Mf421z78Q,1206003167,来武汉必体验的萝卜快跑，发现百度智驾技术比华为还厉害，你们觉得呢？,账号已注销,2024-07-09 11:45:50,1014538,8028,1,来武汉必体验的萝卜快跑，发现百度智驾技术比华为还厉害，你们觉得呢？,1609560783,167.819,1,25,16777215,2024-07-11 11:43:17,1720669397,0,58998600,1623851620335337472,早期人类放生汽车珍贵影像
BV1Mf421z78Q,1206003167,来武汉必体验的萝卜快跑，发现百度智驾技术比华为还厉害，你们觉得呢？,账号已注销,2024-07-09 11:45:50,1014538,8028,1,来武汉必体验的萝卜快跑，发现百度智驾技术比华为还厉害，你们觉得呢？,1609560783,0.563,5,25,16777215,2024-07-11 13:12:56,1720674776,0,532793e9,1623896742279793152,支持 以后没有司机宰客了
BV1Mf421z78Q,1206003167,来武汉必体验的萝卜快跑，发现百度智驾技术比华为还厉害，你们觉得呢？,账号已注销,2024-07-09 11:45:50,1014538,8028,1,来武汉必体验的萝卜快跑，发现百度智驾技术比华为还厉害，你们觉得呢？,1609560783,86.889,1,25,16777215,2024-07-11 13:24:05,1720675445,0,1bb45ced,1623902353948420352,战狼应声倒地
BV1Mf421z78Q,1206003167,来武汉必体验的萝卜快跑，发现百度智驾技术比华为还厉害，你们觉得呢？,账号已注销,2024-07-09 11:45:50,1014538,8028,1,来武汉必体验的萝卜快跑，发现百度智驾技术比华为还厉害，你们觉得呢？,1609560783,112.444,5,25,15138834,2024-07-11 13:49:27,1720676967,0,e3523704,1623915114178644992,碰到查酒驾的会怎么样
BV1Mf421z78Q,1206003167,来武汉必体验的萝卜快跑，发现百度智驾技术比华为还厉害，你们觉得呢？,账号已注销,2024-07-09 11:45:50,1014538,8028,1,来武汉必体验的萝卜快跑，发现百度智驾技术比华为还厉害，你们觉得呢？,1609560783,223.716,1,25,16777215,2024-07-11 13:58:35,1720677515,0,381f8ee7,1623919717058512128,降维打击
BV1Mf421z78Q,1206003167,来武汉必体验的萝卜快跑，发现百度智驾技术比华为还厉害，你们觉得呢？,账号已注销,2024-07-09 11:45:50,1014538,8028,1,来武汉必体验的萝卜快跑，发现百度智驾技术比华为还厉害，你们觉得呢？,1609560783,13.979,1,25,16777215,2024-07-11 15:06:48,1720681608,0,b2272c1f,1623954051446536960,固定路线其实就是无人公交车，抢不了出租车司机的单相反以后它会淘汰掉公交车司机
BV1Mf421z78Q,1206003167,来武汉必体验的萝卜快跑，发现百度智驾技术比华为还厉害，你们觉得呢？,账号已注销,2024-07-09 11:45:50,1014538,8028,1,来武汉必体验的萝卜快跑，发现百度智驾技术比华为还厉害，你们觉得呢？,1609560783,194.860,1,25,16777215,2024-07-11 16:26:11,1720686371,0,2accd0af,1623994001923554816,放心逃犯，通缉犯没法坐这种车。是要实名认证的，摄像头拍到你的脸，天网系统就能认出来。直接把你拉到警局。
BV1Mf421z78Q,1206003167,来武汉必体验的萝卜快跑，发现百度智驾技术比华为还厉害，你们觉得呢？,账号已注销,2024-07-09 11:45:50,1014538,8028,1,来武汉必体验的萝卜快跑，发现百度智驾技术比华为还厉害，你们觉得呢？,1609560783,180.018,5,25,16707842,2024-07-11 17:55:01,1720691701,0,11d684df,1624038717146956032,无法选中
BV1Mf421z78Q,1206003167,来武汉必体验的萝卜快跑，发现百度智驾技术比华为还厉害，你们觉得呢？,账号已注销,2024-07-09 11:45:50,1014538,8028,1,来武汉必体验的萝卜快跑，发现百度智驾技术比华为还厉害，你们觉得呢？,1609560783,15.023,1,25,16777215,2024-07-11 18:43:32,1720694612,0,4319c15a,1624063134849303296,支持无人驾驶
BV1Mf421z78Q,1206003167,来武汉必体验的萝卜快跑，发现百度智驾技术比华为还厉害，你们觉得呢？,账号已注销,2024-07-09 11:45:50,1014538,8028,1,来武汉必体验的萝卜快跑，发现百度智驾技术比华为还厉害，你们觉得呢？,1609560783,170.480,1,25,16776960,2024-07-11 19:09:52,1720696192,0,fc377ce9,1624076392859870976,声控好评
BV1Mf421z78Q,1206003167,来武汉必体验的萝卜快跑，发现百度智驾技术比华为还厉害，你们觉得呢？,账号已注销,2024-07-09 11:45:50,1014538,8028,1,来武汉必体验的萝卜快跑，发现百度智驾技术比华为还厉害，你们觉得呢？,1609560783,81.874,5,25,38979,2024-07-11 19:26:07,1720697167,0,b0fbeeb2,1624084565973133312,移动路障
BV1Mf421z78Q,1206003167,来武汉必体验的萝卜快跑，发现百度智驾技术比华为还厉害，你们觉得呢？,账号已注销,2024-07-09 11:45:50,1014538,8028,1,来武汉必体验的萝卜快跑，发现百度智驾技术比华为还厉害，你们觉得呢？,1609560783,33.803,1,25,16777215,2024-07-11 19:58:29,1720699109,0,e9ff9532,1624100862286670848,为什么不开空调  司机：我要抽烟
BV1Mf421z78Q,1206003167,来武汉必体验的萝卜快跑，发现百度智驾技术比华为还厉害，你们觉得呢？,账号已注销,2024-07-09 11:45:50,1014538,8028,1,来武汉必体验的萝卜快跑，发现百度智驾技术比华为还厉害，你们觉得呢？,1609560783,197.976,1,25,16777215,2024-07-11 20:10:50,1720699850,0,fe58e5d8,1624107075359986176,卧槽，牛逼，这种都没碰
BV1Mf421z78Q,1206003167,来武汉必体验的萝卜快跑，发现百度智驾技术比华为还厉害，你们觉得呢？,账号已注销,2024-07-09 11:45:50,1014538,8028,1,来武汉必体验的萝卜快跑，发现百度智驾技术比华为还厉害，你们觉得呢？,1609560783,25.739,1,25,16777215,2024-07-11 20:19:31,1720700371,0,b6d6417c,1624111444448849920,赛博朋克
BV1Mf421z78Q,1206003167,来武汉必体验的萝卜快跑，发现百度智驾技术比华为还厉害，你们觉得呢？,账号已注销,2024-07-09 11:45:50,1014538,8028,1,来武汉必体验的萝卜快跑，发现百度智驾技术比华为还厉害，你们觉得呢？,1609560783,189.359,1,25,16777215,2024-07-11 22:04:35,1720706675,0,6375c011,1624164328154573312,格温不受影响
BV1Mf421z78Q,1206003167,来武汉必体验的萝卜快跑，发现百度智驾技术比华为还厉害，你们觉得呢？,账号已注销,2024-07-09 11:45:50,1014538,8028,1,来武汉必体验的萝卜快跑，发现百度智驾技术比华为还厉害，你们觉得呢？,1609560783,140.139,1,25,16777215,2024-07-11 22:06:06,1720706766,0,24a3c325,1624165087357232640,高新大道
BV1Mf421z78Q,1206003167,来武汉必体验的萝卜快跑，发现百度智驾技术比华为还厉害，你们觉得呢？,账号已注销,2024-07-09 11:45:50,1014538,8028,1,来武汉必体验的萝卜快跑，发现百度智驾技术比华为还厉害，你们觉得呢？,1609560783,21.994,5,25,16777215,2024-07-11 22:45:07,1720709107,0,959c7cd,1624184730759085056,这下不得不支持了
BV1Mf421z78Q,1206003167,来武汉必体验的萝卜快跑，发现百度智驾技术比华为还厉害，你们觉得呢？,账号已注销,2024-07-09 11:45:50,1014538,8028,1,来武汉必体验的萝卜快跑，发现百度智驾技术比华为还厉害，你们觉得呢？,1609560783,72.539,1,25,16777215,2024-07-11 22:56:21,1720709781,0,14d078e1,1624190382860709632,自动化了，人怎么办
BV1Mf421z78Q,1206003167,来武汉必体验的萝卜快跑，发现百度智驾技术比华为还厉害，你们觉得呢？,账号已注销,2024-07-09 11:45:50,1014538,8028,1,来武汉必体验的萝卜快跑，发现百度智驾技术比华为还厉害，你们觉得呢？,1609560783,123.699,1,25,16777215,2024-07-11 23:26:53,1720711613,0,146c159,1624205750849166080,系统故障工程师开回来
BV1Mf421z78Q,1206003167,来武汉必体验的萝卜快跑，发现百度智驾技术比华为还厉害，你们觉得呢？,账号已注销,2024-07-09 11:45:50,1014538,8028,1,来武汉必体验的萝卜快跑，发现百度智驾技术比华为还厉害，你们觉得呢？,1609560783,229.439,1,25,16777215,2024-07-12 00:46:32,1720716392,0,f55a0c2e,1624245837322546688,拉到吧还是等待技术完善以后再坐吧，现在任何科技初期都是实验，我可不想成验品
BV1Mf421z78Q,1206003167,来武汉必体验的萝卜快跑，发现百度智驾技术比华为还厉害，你们觉得呢？,账号已注销,2024-07-09 11:45:50,1014538,8028,1,来武汉必体验的萝卜快跑，发现百度智驾技术比华为还厉害，你们觉得呢？,1609560783,49.517,1,25,16777215,2024-07-12 03:34:19,1720726459,0,78660b9,1624330287704108032,卡面来打
BV1Mf421z78Q,1206003167,来武汉必体验的萝卜快跑，发现百度智驾技术比华为还厉害，你们觉得呢？,账号已注销,2024-07-09 11:45:50,1014538,8028,1,来武汉必体验的萝卜快跑，发现百度智驾技术比华为还厉害，你们觉得呢？,1609560783,90.940,1,25,16777215,2024-07-12 08:18:35,1720743515,0,f919cdc7,1624473362686632192,这是在武汉，没有打灯的必要，想拐弯直接拐就行了
BV1Mf421z78Q,1206003167,来武汉必体验的萝卜快跑，发现百度智驾技术比华为还厉害，你们觉得呢？,账号已注销,2024-07-09 11:45:50,1014538,8028,1,来武汉必体验的萝卜快跑，发现百度智驾技术比华为还厉害，你们觉得呢？,1609560783,74.266,1,25,16777215,2024-07-12 09:17:23,1720747043,0,ede40865,1624502959356411648,芍萝卜
BV1Mf421z78Q,1206003167,来武汉必体验的萝卜快跑，发现百度智驾技术比华为还厉害，你们觉得呢？,账号已注销,2024-07-09 11:45:50,1014538,8028,1,来武汉必体验的萝卜快跑，发现百度智驾技术比华为还厉害，你们觉得呢？,1609560783,145.305,5,25,16646914,2024-07-12 11:08:31,1720753711,0,1ac342bf,1624558889620201728,盲猜需要VIP
BV1Mf421z78Q,1206003167,来武汉必体验的萝卜快跑，发现百度智驾技术比华为还厉害，你们觉得呢？,账号已注销,2024-07-09 11:45:50,1014538,8028,1,来武汉必体验的萝卜快跑，发现百度智驾技术比华为还厉害，你们觉得呢？,1609560783,184.943,1,25,16777215,2024-07-12 11:33:49,1720755229,0,456dd02c,1624571627746617600,交警：这下我还怎么做生意啊？
BV1Mf421z78Q,1206003167,来武汉必体验的萝卜快跑，发现百度智驾技术比华为还厉害，你们觉得呢？,账号已注销,2024-07-09 11:45:50,1014538,8028,1,来武汉必体验的萝卜快跑，发现百度智驾技术比华为还厉害，你们觉得呢？,1609560783,68.619,1,25,16777215,2024-07-12 12:47:11,1720759631,0,56f5bbd8,1624608553316938240,20万，早上接你去上班，然后去跑出租，下班来接你还给你300块
BV1Mf421z78Q,1206003167,来武汉必体验的萝卜快跑，发现百度智驾技术比华为还厉害，你们觉得呢？,账号已注销,2024-07-09 11:45:50,1014538,8028,1,来武汉必体验的萝卜快跑，发现百度智驾技术比华为还厉害，你们觉得呢？,1609560783,42.539,1,25,16777215,2024-07-12 13:30:42,1720762242,0,acae2c8d,1624630453514690304,赛博朋克
BV1Mf421z78Q,1206003167,来武汉必体验的萝卜快跑，发现百度智驾技术比华为还厉害，你们觉得呢？,账号已注销,2024-07-09 11:45:50,1014538,8028,1,来武汉必体验的萝卜快跑，发现百度智驾技术比华为还厉害，你们觉得呢？,1609560783,186.727,1,25,16777215,2024-07-12 15:35:33,1720769733,0,99d3b9c,1624693291604085248,交警都蚌埠住了
BV1Mf421z78Q,1206003167,来武汉必体验的萝卜快跑，发现百度智驾技术比华为还厉害，你们觉得呢？,账号已注销,2024-07-09 11:45:50,1014538,8028,1,来武汉必体验的萝卜快跑，发现百度智驾技术比华为还厉害，你们觉得呢？,1609560783,175.411,1,25,16776960,2024-07-12 16:49:30,1720774170,0,ed4ee51,1624730513887577344,乙醇汽油，肯定有酒精啊
BV1Mf421z78Q,1206003167,来武汉必体验的萝卜快跑，发现百度智驾技术比华为还厉害，你们觉得呢？,账号已注销,2024-07-09 11:45:50,1014538,8028,1,来武汉必体验的萝卜快跑，发现百度智驾技术比华为还厉害，你们觉得呢？,1609560783,12.936,1,25,16776960,2024-07-12 16:50:52,1720774252,0,ed4ee51,1624731201250235136,这是个触摸屏？
BV1Mf421z78Q,1206003167,来武汉必体验的萝卜快跑，发现百度智驾技术比华为还厉害，你们觉得呢？,账号已注销,2024-07-09 11:45:50,1014538,8028,1,来武汉必体验的萝卜快跑，发现百度智驾技术比华为还厉害，你们觉得呢？,1609560783,103.652,1,25,16777215,2024-07-12 23:09:20,1720796960,0,1b8318f3,1624921690004063744,其实车头里蹲着个司机
BV1Mf421z78Q,1206003167,来武汉必体验的萝卜快跑，发现百度智驾技术比华为还厉害，你们觉得呢？,账号已注销,2024-07-09 11:45:50,1014538,8028,1,来武汉必体验的萝卜快跑，发现百度智驾技术比华为还厉害，你们觉得呢？,1609560783,181.475,1,25,16777215,2024-07-13 02:38:48,1720809528,0,e0267eb3,1625027118046042880,开窗吹气
BV1Mf421z78Q,1206003167,来武汉必体验的萝卜快跑，发现百度智驾技术比华为还厉害，你们觉得呢？,账号已注销,2024-07-09 11:45:50,1014538,8028,1,来武汉必体验的萝卜快跑，发现百度智驾技术比华为还厉害，你们觉得呢？,1609560783,150.201,1,25,16777215,2024-07-13 02:50:56,1720810256,0,8a033ebb,1625033226470916352,制造业才是最需要AI的，服务业只会让基层人失业更多
BV1Mf421z78Q,1206003167,来武汉必体验的萝卜快跑，发现百度智驾技术比华为还厉害，你们觉得呢？,账号已注销,2024-07-09 11:45:50,1014538,8028,1,来武汉必体验的萝卜快跑，发现百度智驾技术比华为还厉害，你们觉得呢？,1609560783,8.539,1,25,16777215,2024-07-13 09:07:03,1720832823,0,55fd6980,1625222532531958784,典中典!
BV1Mf421z78Q,1206003167,来武汉必体验的萝卜快跑，发现百度智驾技术比华为还厉害，你们觉得呢？,账号已注销,2024-07-09 11:45:50,1014538,8028,1,来武汉必体验的萝卜快跑，发现百度智驾技术比华为还厉害，你们觉得呢？,1609560783,31.098,5,25,15138834,2024-07-13 10:45:06,1720838706,0,e78157fe,1625271883006259456,这玩意紧急情况真的能？
BV1Mf421z78Q,1206003167,来武汉必体验的萝卜快跑，发现百度智驾技术比华为还厉害，你们觉得呢？,账号已注销,2024-07-09 11:45:50,1014538,8028,1,来武汉必体验的萝卜快跑，发现百度智驾技术比华为还厉害，你们觉得呢？,1609560783,70.716,1,25,16777215,2024-07-13 12:23:25,1720844605,0,fd71e6e9,1625321370055422976,无人货车已经在跑了，试跑，b站有
BV1Mf421z78Q,1206003167,来武汉必体验的萝卜快跑，发现百度智驾技术比华为还厉害，你们觉得呢？,账号已注销,2024-07-09 11:45:50,1014538,8028,1,来武汉必体验的萝卜快跑，发现百度智驾技术比华为还厉害，你们觉得呢？,1609560783,138.653,1,25,16777215,2024-07-13 12:25:15,1720844715,0,db52c859,1625322292265713920,我是不敢做的，也不会带小孩坐，我不会把家人和自己的命交给不成熟的电脑技术，
BV1Mf421z78Q,1206003167,来武汉必体验的萝卜快跑，发现百度智驾技术比华为还厉害，你们觉得呢？,账号已注销,2024-07-09 11:45:50,1014538,8028,1,来武汉必体验的萝卜快跑，发现百度智驾技术比华为还厉害，你们觉得呢？,1609560783,161.259,1,25,16777215,2024-07-13 13:35:00,1720848900,0,8b566a0d,1625357393330338560,目前真正投入运营的只有武汉，有1000辆这种
BV1Mf421z78Q,1206003167,来武汉必体验的萝卜快跑，发现百度智驾技术比华为还厉害，你们觉得呢？,账号已注销,2024-07-09 11:45:50,1014538,8028,1,来武汉必体验的萝卜快跑，发现百度智驾技术比华为还厉害，你们觉得呢？,1609560783,50.259,5,25,15138834,2024-07-13 14:45:56,1720853156,0,93790066,1625393095841651712,前面的，但是车这个机器受人控制
BV1Mf421z78Q,1206003167,来武汉必体验的萝卜快跑，发现百度智驾技术比华为还厉害，你们觉得呢？,账号已注销,2024-07-09 11:45:50,1014538,8028,1,来武汉必体验的萝卜快跑，发现百度智驾技术比华为还厉害，你们觉得呢？,1609560783,182.979,1,25,16777215,2024-07-13 19:26:38,1720869998,0,a7813eb2,1625534375275995136,交警还在兜逗它hhh
BV1Mf421z78Q,1206003167,来武汉必体验的萝卜快跑，发现百度智驾技术比华为还厉害，你们觉得呢？,账号已注销,2024-07-09 11:45:50,1014538,8028,1,来武汉必体验的萝卜快跑，发现百度智驾技术比华为还厉害，你们觉得呢？,1609560783,20.433,1,25,16777215,2024-07-13 19:54:26,1720871666,0,be10723e,1625548372943797504,不是有反垄断法吗，美团垄断被罚三十亿
BV1Mf421z78Q,1206003167,来武汉必体验的萝卜快跑，发现百度智驾技术比华为还厉害，你们觉得呢？,账号已注销,2024-07-09 11:45:50,1014538,8028,1,来武汉必体验的萝卜快跑，发现百度智驾技术比华为还厉害，你们觉得呢？,1609560783,97.642,1,25,16777215,2024-07-13 22:17:06,1720880226,0,ae0348ab,1625620174143314432,跟的这么近
BV1Mf421z78Q,1206003167,来武汉必体验的萝卜快跑，发现百度智驾技术比华为还厉害，你们觉得呢？,账号已注销,2024-07-09 11:45:50,1014538,8028,1,来武汉必体验的萝卜快跑，发现百度智驾技术比华为还厉害，你们觉得呢？,1609560783,1.739,4,25,14811775,2024-07-14 01:22:49,1720891369,0,3469bfa,1625713650289591040,无人驾驶不靠谱
BV1Mf421z78Q,1206003167,来武汉必体验的萝卜快跑，发现百度智驾技术比华为还厉害，你们觉得呢？,账号已注销,2024-07-09 11:45:50,1014538,8028,1,来武汉必体验的萝卜快跑，发现百度智驾技术比华为还厉害，你们觉得呢？,1609560783,43.865,1,25,16777215,2024-07-14 12:17:05,1720930625,0,79fd1fee,1626042953376223488,赛博朋克
BV1Mf421z78Q,1206003167,来武汉必体验的萝卜快跑，发现百度智驾技术比华为还厉害，你们觉得呢？,账号已注销,2024-07-09 11:45:50,1014538,8028,1,来武汉必体验的萝卜快跑，发现百度智驾技术比华为还厉害，你们觉得呢？,1609560783,48.739,1,25,16777215,2024-07-14 15:49:33,1720943373,0,d0c7976c,1626149897591865088,无人驾驶不仅便宜，不会坑人，而且完全符合交通规则
BV1Mf421z78Q,1206003167,来武汉必体验的萝卜快跑，发现百度智驾技术比华为还厉害，你们觉得呢？,账号已注销,2024-07-09 11:45:50,1014538,8028,1,来武汉必体验的萝卜快跑，发现百度智驾技术比华为还厉害，你们觉得呢？,1609560783,141.120,1,25,16777215,2024-07-14 19:30:20,1720956620,0,96766ed,1626261021499237632,如果当初为了留下黄包车，那现在就不会有自行车，小汽车，高铁，火车等等
BV1Mf421z78Q,1206003167,来武汉必体验的萝卜快跑，发现百度智驾技术比华为还厉害，你们觉得呢？,账号已注销,2024-07-09 11:45:50,1014538,8028,1,来武汉必体验的萝卜快跑，发现百度智驾技术比华为还厉害，你们觉得呢？,1609560783,72.593,1,25,16777215,2024-07-14 20:45:02,1720961102,0,e2ee1d6d,1626298616756901376,司机：我以为投放出来是填补我拒载的客人的
BV1Mf421z78Q,1206003167,来武汉必体验的萝卜快跑，发现百度智驾技术比华为还厉害，你们觉得呢？,账号已注销,2024-07-09 11:45:50,1014538,8028,1,来武汉必体验的萝卜快跑，发现百度智驾技术比华为还厉害，你们觉得呢？,1609560783,114.557,1,25,16777215,2024-07-14 21:09:10,1720962550,0,d9c8b47f,1626310764417855232,以后就没方向盘了
BV1Mf421z78Q,1206003167,来武汉必体验的萝卜快跑，发现百度智驾技术比华为还厉害，你们觉得呢？,账号已注销,2024-07-09 11:45:50,1014538,8028,1,来武汉必体验的萝卜快跑，发现百度智驾技术比华为还厉害，你们觉得呢？,1609560783,48.999,1,25,15138834,2024-07-15 16:00:19,1721030419,0,b3cf7957,1626880086307382528,德拉曼启动战斗模式
BV1Mf421z78Q,1206003167,来武汉必体验的萝卜快跑，发现百度智驾技术比华为还厉害，你们觉得呢？,账号已注销,2024-07-09 11:45:50,1014538,8028,1,来武汉必体验的萝卜快跑，发现百度智驾技术比华为还厉害，你们觉得呢？,1609560783,29.228,1,25,16777215,2024-07-15 18:23:38,1721039018,0,1b124666,1626952220551828992,曼德拉系统为您服务
BV1Mf421z78Q,1206003167,来武汉必体验的萝卜快跑，发现百度智驾技术比华为还厉害，你们觉得呢？,账号已注销,2024-07-09 11:45:50,1014538,8028,1,来武汉必体验的萝卜快跑，发现百度智驾技术比华为还厉害，你们觉得呢？,1609560783,116.059,1,25,16777215,2024-07-15 19:58:57,1721044737,0,4ebe13d,1627000193725881088,其实后台有位司机在AR驾驶
BV1Mf421z78Q,1206003167,来武汉必体验的萝卜快跑，发现百度智驾技术比华为还厉害，你们觉得呢？,账号已注销,2024-07-09 11:45:50,1014538,8028,1,来武汉必体验的萝卜快跑，发现百度智驾技术比华为还厉害，你们觉得呢？,1609560783,122.109,1,25,16777215,2024-07-15 23:03:17,1721055797,0,b4f23d17,1627092972149469952,真快啊
BV1Mf421z78Q,1206003167,来武汉必体验的萝卜快跑，发现百度智驾技术比华为还厉害，你们觉得呢？,账号已注销,2024-07-09 11:45:50,1014538,8028,1,来武汉必体验的萝卜快跑，发现百度智驾技术比华为还厉害，你们觉得呢？,1609560783,187.669,1,25,16777215,2024-07-16 01:18:12,1721063892,0,1d02e5fe,1627160876807382272,交警没绷住
BV1Mf421z78Q,1206003167,来武汉必体验的萝卜快跑，发现百度智驾技术比华为还厉害，你们觉得呢？,账号已注销,2024-07-09 11:45:50,1014538,8028,1,来武汉必体验的萝卜快跑，发现百度智驾技术比华为还厉害，你们觉得呢？,1609560783,182.768,5,25,15138834,2024-07-16 07:02:28,1721084548,0,1e2fef4b,1627334157044646144,交警绷不住了
BV1Mf421z78Q,1206003167,来武汉必体验的萝卜快跑，发现百度智驾技术比华为还厉害，你们觉得呢？,账号已注销,2024-07-09 11:45:50,1014538,8028,1,来武汉必体验的萝卜快跑，发现百度智驾技术比华为还厉害，你们觉得呢？,1609560783,59.438,1,25,16777215,2024-07-16 11:06:15,1721099175,0,5328f582,1627456856534586880,还会超车，时代变了
BV1Mf421z78Q,1206003167,来武汉必体验的萝卜快跑，发现百度智驾技术比华为还厉害，你们觉得呢？,账号已注销,2024-07-09 11:45:50,1014538,8028,1,来武汉必体验的萝卜快跑，发现百度智驾技术比华为还厉害，你们觉得呢？,1609560783,14.901,1,25,16777215,2024-07-16 16:50:07,1721119807,0,68f48116,1627629928591936000,勺萝卜
BV1Mf421z78Q,1206003167,来武汉必体验的萝卜快跑，发现百度智驾技术比华为还厉害，你们觉得呢？,账号已注销,2024-07-09 11:45:50,1014538,8028,1,来武汉必体验的萝卜快跑，发现百度智驾技术比华为还厉害，你们觉得呢？,1609560783,17.002,5,25,15138834,2024-07-16 22:59:40,1721141980,0,30c6c80f,1627815926823111680,比华为厉害可太搞笑了
BV1Mf421z78Q,1206003167,来武汉必体验的萝卜快跑，发现百度智驾技术比华为还厉害，你们觉得呢？,账号已注销,2024-07-09 11:45:50,1014538,8028,1,来武汉必体验的萝卜快跑，发现百度智驾技术比华为还厉害，你们觉得呢？,1609560783,221.561,5,25,15138834,2024-07-17 15:45:19,1721202319,0,335f8273,1628322092191889664,智能哦
BV1Mf421z78Q,1206003167,来武汉必体验的萝卜快跑，发现百度智驾技术比华为还厉害，你们觉得呢？,账号已注销,2024-07-09 11:45:50,1014538,8028,1,来武汉必体验的萝卜快跑，发现百度智驾技术比华为还厉害，你们觉得呢？,1609560783,116.531,1,25,16777215,2024-07-18 17:27:03,1721294823,0,90e60c33,1629098067582263296,？这话认真的？
BV1Mf421z78Q,1206003167,来武汉必体验的萝卜快跑，发现百度智驾技术比华为还厉害，你们觉得呢？,账号已注销,2024-07-09 11:45:50,1014538,8028,1,来武汉必体验的萝卜快跑，发现百度智驾技术比华为还厉害，你们觉得呢？,1609560783,75.500,1,25,16777215,2024-07-18 23:08:40,1721315320,0,3cf76b5c,1629270015054287104,这种车遇到突发事件怎么做？就比如逆行狗，鬼探头之类
BV1Mf421z78Q,1206003167,来武汉必体验的萝卜快跑，发现百度智驾技术比华为还厉害，你们觉得呢？,账号已注销,2024-07-09 11:45:50,1014538,8028,1,来武汉必体验的萝卜快跑，发现百度智驾技术比华为还厉害，你们觉得呢？,1609560783,115.687,1,25,16777215,2024-07-19 21:57:08,1721397428,0,a8edae8f,1629958784028124160,霹雳游侠，照进现实
BV1Mf421z78Q,1206003167,来武汉必体验的萝卜快跑，发现百度智驾技术比华为还厉害，你们觉得呢？,账号已注销,2024-07-09 11:45:50,1014538,8028,1,来武汉必体验的萝卜快跑，发现百度智驾技术比华为还厉害，你们觉得呢？,1609560783,88.742,5,25,16777215,2024-07-20 23:02:22,1721487742,0,17ed9549,1630716389188943104,小米！
BV1Mf421z78Q,1206003167,来武汉必体验的萝卜快跑，发现百度智驾技术比华为还厉害，你们觉得呢？,账号已注销,2024-07-09 11:45:50,1014538,8028,1,来武汉必体验的萝卜快跑，发现百度智驾技术比华为还厉害，你们觉得呢？,1609560783,188.470,5,25,16707842,2024-07-21 11:18:57,1721531937,0,e6ff44aa,1631087128257681920,无 法 选 中
BV1Mf421z78Q,1206003167,来武汉必体验的萝卜快跑，发现百度智驾技术比华为还厉害，你们觉得呢？,账号已注销,2024-07-09 11:45:50,1014538,8028,1,来武汉必体验的萝卜快跑，发现百度智驾技术比华为还厉害，你们觉得呢？,1609560783,180.891,1,25,16777215,2024-07-21 21:27:29,1721568449,0,89a5d36,1631393408574756608,隐形人
BV1Mf421z78Q,1206003167,来武汉必体验的萝卜快跑，发现百度智驾技术比华为还厉害，你们觉得呢？,账号已注销,2024-07-09 11:45:50,1014538,8028,1,来武汉必体验的萝卜快跑，发现百度智驾技术比华为还厉害，你们觉得呢？,1609560783,17.877,1,25,16777215,2024-07-22 22:15:18,1721657718,0,9c68852c,1632142250274641920,停这么远
BV1Mf421z78Q,1206003167,来武汉必体验的萝卜快跑，发现百度智驾技术比华为还厉害，你们觉得呢？,账号已注销,2024-07-09 11:45:50,1014538,8028,1,来武汉必体验的萝卜快跑，发现百度智驾技术比华为还厉害，你们觉得呢？,1609560783,130.549,5,25,16707842,2024-07-24 09:24:14,1721784254,0,68e741e4,1633203717610563328,笑
BV1Mf421z78Q,1206003167,来武汉必体验的萝卜快跑，发现百度智驾技术比华为还厉害，你们觉得呢？,账号已注销,2024-07-09 11:45:50,1014538,8028,1,来武汉必体验的萝卜快跑，发现百度智驾技术比华为还厉害，你们觉得呢？,1609560783,25.519,5,25,15138834,2024-07-24 21:59:57,1721829597,0,b9dab5f0,1633584077363904768,不是河南口音
BV1Mf421z78Q,1206003167,来武汉必体验的萝卜快跑，发现百度智驾技术比华为还厉害，你们觉得呢？,账号已注销,2024-07-09 11:45:50,1014538,8028,1,来武汉必体验的萝卜快跑，发现百度智驾技术比华为还厉害，你们觉得呢？,1609560783,45.520,5,25,16777215,2024-08-26 16:32:12,1724661132,0,1fee03fe,1657336715507300352,下下集预告他堵住了路口。
BV1xRQfB3Ehf,116279042117610,智驾谁更快？萝卜快跑对比小鹏P7,汽车生活家,2026-03-23 23:05:20,10148,47,1,智驾谁更快？萝卜快跑对比小鹏 P7,36919117665,78.526,1,25,16777215,2026-03-24 12:30:34,1774326634,0,4bd46d39,2073961140224183040,萝卜后台有安全员的吧
BV1xRQfB3Ehf,116279042117610,智驾谁更快？萝卜快跑对比小鹏P7,汽车生活家,2026-03-23 23:05:20,10148,47,1,智驾谁更快？萝卜快跑对比小鹏 P7,36919117665,320.081,1,25,16777215,2026-03-28 15:12:31,1774681951,0,96d73895,2076941756746084864,小鹏默认的好像是高德
BV1xRQfB3Ehf,116279042117610,智驾谁更快？萝卜快跑对比小鹏P7,汽车生活家,2026-03-23 23:05:20,10148,47,1,智驾谁更快？萝卜快跑对比小鹏 P7,36919117665,207.654,1,25,16777215,2026-04-01 23:30:13,1775057413,0,955f40e4,2080091364393398784,感觉这个变量没控制好，参考性大大降低。。。。。
BV1xRQfB3Ehf,116279042117610,智驾谁更快？萝卜快跑对比小鹏P7,汽车生活家,2026-03-23 23:05:20,10148,47,1,智驾谁更快？萝卜快跑对比小鹏 P7,36919117665,142.078,1,25,16777215,2026-04-07 10:38:41,1775529521,0,388f98e8,2084051692206820352,太直了路线，展示不出小鹏的能力
BV1xRQfB3Ehf,116279042117610,智驾谁更快？萝卜快跑对比小鹏P7,汽车生活家,2026-03-23 23:05:20,10148,47,1,智驾谁更快？萝卜快跑对比小鹏 P7,36919117665,533.537,1,25,16777215,2026-06-03 13:51:44,1780465904,0,aff11a03,2125461071564552960,赢了有钱拿？
BV1xRQfB3Ehf,116279042117610,智驾谁更快？萝卜快跑对比小鹏P7,汽车生活家,2026-03-23 23:05:20,10148,47,1,智驾谁更快？萝卜快跑对比小鹏 P7,36919117665,545.414,1,25,16777215,2026-07-25 19:10:07,1784977807,0,4f89c5e9,2163309662182212352,道路太直了
BV1xRQfB3Ehf,116279042117610,智驾谁更快？萝卜快跑对比小鹏P7,汽车生活家,2026-03-23 23:05:20,10148,47,1,智驾谁更快？萝卜快跑对比小鹏 P7,36919117665,797.518,1,25,16777215,2026-03-24 07:19:58,1774307998,0,bcaf7420,2073804809555394304,太激进，有人被吓到了，ota了估计
BV1xRQfB3Ehf,116279042117610,智驾谁更快？萝卜快跑对比小鹏P7,汽车生活家,2026-03-23 23:05:20,10148,47,1,智驾谁更快？萝卜快跑对比小鹏 P7,36919117665,813.453,1,25,16777215,2026-03-24 21:01:00,1774357260,0,3340d071,2074218053230762496,可以设置啊，保守，普通，激进
BV1xRQfB3Ehf,116279042117610,智驾谁更快？萝卜快跑对比小鹏P7,汽车生活家,2026-03-23 23:05:20,10148,47,1,智驾谁更快？萝卜快跑对比小鹏 P7,36919117665,1095.366,1,25,16777215,2026-03-24 00:56:05,1774284965,0,1ac796e2,2073611603026686720,我去
BV1xRQfB3Ehf,116279042117610,智驾谁更快？萝卜快跑对比小鹏P7,汽车生活家,2026-03-23 23:05:20,10148,47,1,智驾谁更快？萝卜快跑对比小鹏 P7,36919117665,1093.230,1,25,16777215,2026-03-26 00:21:09,1774455669,0,2d204e70,2075043564592713216,哥们反应挺快，差点翻车
BV1xRQfB3Ehf,116279042117610,智驾谁更快？萝卜快跑对比小鹏P7,汽车生活家,2026-03-23 23:05:20,10148,47,1,智驾谁更快？萝卜快跑对比小鹏 P7,36919117665,1145.183,1,25,16777215,2026-05-30 13:32:20,1780119140,0,e7daa0d0,2122552201951227136,这路难度太低了，路上连汽车都没几辆
BV1d7XCB5Ebe,116324172829962,这苕萝卜真是不敢坐了,REmilia抱头蹲防,2026-03-31 22:10:43,33752,83,1,1774965870187,37129093281,123.263,5,25,15138834,2026-04-04 01:37:20,1775237840,0,ee2b535d,2081604896733739008,《五分钟》
BV1d7XCB5Ebe,116324172829962,这苕萝卜真是不敢坐了,REmilia抱头蹲防,2026-03-31 22:10:43,33752,83,1,1774965870187,37129093281,58.715,5,25,16777215,2026-04-17 21:43:07,1776433387,0,d0138c53,2091633864891235840,《下车等待》
BV1d7XCB5Ebe,116324172829962,这苕萝卜真是不敢坐了,REmilia抱头蹲防,2026-03-31 22:10:43,33752,83,1,1774965870187,37129093281,43.414,1,25,16777215,2026-04-19 09:51:23,1776563483,0,93822d52,2092725195797997568,镜头一抬显示停在左侧车道的无力感
BV1d7XCB5Ebe,116324172829962,这苕萝卜真是不敢坐了,REmilia抱头蹲防,2026-03-31 22:10:43,33752,83,1,1774965870187,37129093281,36.791,5,25,16777215,2026-04-19 13:07:25,1776575245,0,8d79f554,2092823859182199552,多少有点恐怖了
BV1d7XCB5Ebe,116324172829962,这苕萝卜真是不敢坐了,REmilia抱头蹲防,2026-03-31 22:10:43,33752,83,1,1774965870187,37129093281,18.801,1,25,16777215,2026-05-03 12:40:51,1777783251,0,57887fcc,2102957348464651008,上课了
BV1d7XCB5Ebe,116324172829962,这苕萝卜真是不敢坐了,REmilia抱头蹲防,2026-03-31 22:10:43,33752,83,1,1774965870187,37129093281,78.364,1,25,16777215,2026-05-08 06:52:37,1778194357,0,2768a01c,2106405954873902336,6 听音乐的
BV1d7XCB5Ebe,116324172829962,这苕萝卜真是不敢坐了,REmilia抱头蹲防,2026-03-31 22:10:43,33752,83,1,1774965870187,37129093281,61.419,5,25,15138834,2026-06-02 10:56:27,1780368987,0,e8371a58,2124648070880137984,在高架上下车等待吗？有点意思
BV1d7XCB5Ebe,116324172829962,这苕萝卜真是不敢坐了,REmilia抱头蹲防,2026-03-31 22:10:43,33752,83,1,1774965870187,37129093281,103.930,1,25,16777215,2026-06-06 16:41:10,1780735270,0,d159988b,2127720682212841728,居然是武汉王家湾摩尔城，吃瓜吃到家门口了
BV1d7XCB5Ebe,116324172829962,这苕萝卜真是不敢坐了,REmilia抱头蹲防,2026-03-31 22:10:43,33752,83,1,1774965870187,37129093281,91.484,1,25,16777215,2026-06-22 18:05:37,1782122737,0,a84d215e,2139359599064087808,听歌时间到
BV1d7XCB5Ebe,116324172829962,这苕萝卜真是不敢坐了,REmilia抱头蹲防,2026-03-31 22:10:43,33752,83,1,1774965870187,37129093281,54.847,1,25,16777215,2026-08-02 11:56:12,1785642972,0,e7205b7c,2168889463450282240,能不能爬到驾驶位手动开车(如果有驾照)
BV1d7XCB5Ebe,116324172829962,这苕萝卜真是不敢坐了,REmilia抱头蹲防,2026-03-31 22:10:43,33752,83,1,1774965870187,37129093281,150.051,5,25,16740868,2026-08-25 23:32:24,1787671944,0,23b6c28,2185909721692040448,空悲切
BV1d7XCB5Ebe,116324172829962,这苕萝卜真是不敢坐了,REmilia抱头蹲防,2026-03-31 22:10:43,33752,83,1,1774965870187,37129093281,62.117,1,25,16777215,2026-09-05 11:46:40,1788580000,0,ffee7a5f,2193527046218248192,《高架桥上下车》小心被撞了
BV1R5NreGEhM,113985395363859,【vlog】上线三年之后服务体验如何？体验武汉萝卜快跑【某哲vlog.22】,哲_哲-zhe,2025-02-16 08:00:00,1447,5,1,【vlog】上线三年之后服务体验如何？体验武汉萝卜快跑【某哲vlog.22】,28336589025,50.589,1,25,16777215,2025-02-22 22:42:35,1740235355,3,f16858fd,1787982769406903808,会的
BV1R5NreGEhM,113985395363859,【vlog】上线三年之后服务体验如何？体验武汉萝卜快跑【某哲vlog.22】,哲_哲-zhe,2025-02-16 08:00:00,1447,5,1,【vlog】上线三年之后服务体验如何？体验武汉萝卜快跑【某哲vlog.22】,28336589025,52.725,1,25,16777215,2025-02-24 23:54:33,1740412473,3,c7ce449d,1789468545420462848,不会
BV1R5NreGEhM,113985395363859,【vlog】上线三年之后服务体验如何？体验武汉萝卜快跑【某哲vlog.22】,哲_哲-zhe,2025-02-16 08:00:00,1447,5,1,【vlog】上线三年之后服务体验如何？体验武汉萝卜快跑【某哲vlog.22】,28336589025,52.107,1,25,16777215,2025-03-01 22:45:54,1740840354,3,8d0a0382,1793057868891684608,会的
BV17KYszwEm8,115049070923846,【亦庄robotaxi试坐】文远知行-小马智行-萝卜快跑   第一视角乘坐,MAVERICK7766,2025-08-18 17:58:41,8755,13,1,文远知行,31778803348,1303.710,1,25,16777215,2026-06-30 16:02:49,1782806569,0,6e13d811,2145095998547771392,难怪广汽不和华子合作，感觉文远可以啊
BV17KYszwEm8,115049070923846,【亦庄robotaxi试坐】文远知行-小马智行-萝卜快跑   第一视角乘坐,MAVERICK7766,2025-08-18 17:58:41,8755,13,2,小马智行,31778803197,359.722,1,25,16777215,2026-03-16 16:59:17,1773651557,0,5ef973b3,2068298189387879168,文远文远，张文远
BV17KYszwEm8,115049070923846,【亦庄robotaxi试坐】文远知行-小马智行-萝卜快跑   第一视角乘坐,MAVERICK7766,2025-08-18 17:58:41,8755,13,2,小马智行,31778803197,360.292,1,25,16777215,2025-11-24 11:08:46,1763953726,0,58291b88,1986946887442035200,哈哈哈
BV17KYszwEm8,115049070923846,【亦庄robotaxi试坐】文远知行-小马智行-萝卜快跑   第一视角乘坐,MAVERICK7766,2025-08-18 17:58:41,8755,13,3,萝卜快跑,31779520712,274.85500,1,25,16777215,2025-10-26 14:07:25,1761458845,0,22751f3c,1966018310160461568,长夜月
BV1BS9LBkE3Y,116327159169217,快速上突然熄火！武汉萝卜快跑集体罢工，车内SOS直接瘫痪#萝卜快跑#自动驾驶#无人驾驶出租车#百度,最热科技,2026-04-01 10:50:10,3352,5,1,快速上突然熄火！武汉萝卜快跑集体罢工，车内SOS直接瘫痪#萝卜快跑#自动驾驶#无人驾驶出租车#百度,37139384954,41.11000,1,25,16777215,2026-04-06 19:18:58,1775474338,0,b69c87ca,2083588783140018688,《更安全》
BV1BBUYBjE9R,115615268471962,吐槽傻逼百度AI（死逼百度AI都不理解我的意思）,Proxima3,2025-11-26 17:33:04,1524,19,1,Record_2025-11-25-19-37-27,34278739017,94.94000,1,25,16777215,2026-08-15 17:54:34,1786787674,0,bca9f6d0,2178491920744333824,我有同感
BV1BBUYBjE9R,115615268471962,吐槽傻逼百度AI（死逼百度AI都不理解我的意思）,Proxima3,2025-11-26 17:33:04,1524,19,1,Record_2025-11-25-19-37-27,34278739017,11.88700,1,25,16777215,2025-12-01 18:18:16,1764584296,0,84b5e9bf,1992236489630767104,bro以为，自己是选评大师，每天都吐槽别人
BV18PPyzAEK7,116175828685250,败给高德，卖身广告：百度地图从巅峰到衰落,王鲤鱼OnDrive,2026-03-05 17:24:33,1557102,1839,1,败给高德，卖身广告：百度地图从巅峰到衰落,36472358174,180.34700,1,25,16777215,2026-03-05 20:12:39,1772712759,0,5c14e331,2060422975790005504,可是现在有团购和酒店啊
BV18PPyzAEK7,116175828685250,败给高德，卖身广告：百度地图从巅峰到衰落,王鲤鱼OnDrive,2026-03-05 17:24:33,1557102,1839,1,败给高德，卖身广告：百度地图从巅峰到衰落,36472358174,121.24600,5,25,16777215,2026-03-07 22:15:26,1772892926,0,d921b45c,2061934331815071232,这还需要调研才能知道？
BV18PPyzAEK7,116175828685250,败给高德，卖身广告：百度地图从巅峰到衰落,王鲤鱼OnDrive,2026-03-05 17:24:33,1557102,1839,1,败给高德，卖身广告：百度地图从巅峰到衰落,36472358174,253.24000,1,25,16777215,2026-03-08 18:55:27,1772967327,0,ef801d40,2062558446062041344,企业文化  看搜索引擎就知道
BV18PPyzAEK7,116175828685250,败给高德，卖身广告：百度地图从巅峰到衰落,王鲤鱼OnDrive,2026-03-05 17:24:33,1557102,1839,1,败给高德，卖身广告：百度地图从巅峰到衰落,36472358174,72.25600,1,25,16777215,2026-03-06 05:46:01,1772747161,0,1f95aba5,2060711562267967232,无一例外的全都寄了
BV18PPyzAEK7,116175828685250,败给高德，卖身广告：百度地图从巅峰到衰落,王鲤鱼OnDrive,2026-03-05 17:24:33,1557102,1839,1,败给高德，卖身广告：百度地图从巅峰到衰落,36472358174,125.25600,5,25,16777215,2026-03-11 00:34:45,1773160485,0,2d4dab1b,2064178779391186176,那不然打开地图干嘛？
BV18PPyzAEK7,116175828685250,败给高德，卖身广告：百度地图从巅峰到衰落,王鲤鱼OnDrive,2026-03-05 17:24:33,1557102,1839,1,败给高德，卖身广告：百度地图从巅峰到衰落,36472358174,189.76100,1,25,16777215,2026-03-06 00:20:15,1772727615,0,c6fd07d0,2060547603409968896,现在又加回来了，笑死我了
BV18PPyzAEK7,116175828685250,败给高德，卖身广告：百度地图从巅峰到衰落,王鲤鱼OnDrive,2026-03-05 17:24:33,1557102,1839,1,败给高德，卖身广告：百度地图从巅峰到衰落,36472358174,183.09900,1,25,16777215,2026-03-05 19:44:35,1772711075,0,b9e9744b,2060408850741817856,你看现在呢？
BV18PPyzAEK7,116175828685250,败给高德，卖身广告：百度地图从巅峰到衰落,王鲤鱼OnDrive,2026-03-05 17:24:33,1557102,1839,1,败给高德，卖身广告：百度地图从巅峰到衰落,36472358174,2.39100,1,25,16777215,2026-03-11 09:05:18,1773191118,0,60e43a26,2064435747033497600,奉劝大家三个地图轮流用，千万别只用一家地图，一家独大的后果大家是知道的
BV18PPyzAEK7,116175828685250,败给高德，卖身广告：百度地图从巅峰到衰落,王鲤鱼OnDrive,2026-03-05 17:24:33,1557102,1839,1,败给高德，卖身广告：百度地图从巅峰到衰落,36472358174,73.65900,1,25,16777215,2026-03-09 01:52:59,1772992379,0,860d885a,2062768603350191872,经典，起个大早，赶个晚集。
BV18PPyzAEK7,116175828685250,败给高德，卖身广告：百度地图从巅峰到衰落,王鲤鱼OnDrive,2026-03-05 17:24:33,1557102,1839,1,败给高德，卖身广告：百度地图从巅峰到衰落,36472358174,184.23000,1,25,16777215,2026-03-07 21:47:57,1772891277,0,37043986,2061920497297557504,现在高德啥都有了
BV18PPyzAEK7,116175828685250,败给高德，卖身广告：百度地图从巅峰到衰落,王鲤鱼OnDrive,2026-03-05 17:24:33,1557102,1839,1,败给高德，卖身广告：百度地图从巅峰到衰落,36472358174,64.52700,1,25,16777215,2026-03-06 18:26:04,1772792764,0,99db1558,2061094106003791872,什么是行业冥灯啊（手动狗头）
BV18PPyzAEK7,116175828685250,败给高德，卖身广告：百度地图从巅峰到衰落,王鲤鱼OnDrive,2026-03-05 17:24:33,1557102,1839,1,败给高德，卖身广告：百度地图从巅峰到衰落,36472358174,210.14000,1,25,16777215,2026-03-12 21:19:59,1773321599,0,6df58435,2065530297437073152,至少高德在导航的时候不会弹与导航无关的东西
BV18PPyzAEK7,116175828685250,败给高德，卖身广告：百度地图从巅峰到衰落,王鲤鱼OnDrive,2026-03-05 17:24:33,1557102,1839,1,败给高德，卖身广告：百度地图从巅峰到衰落,36472358174,177.47900,1,25,16777215,2026-03-10 11:00:35,1773111635,0,66637f2,2063768989792327680,高德也是各种推荐。。。
BV18PPyzAEK7,116175828685250,败给高德，卖身广告：百度地图从巅峰到衰落,王鲤鱼OnDrive,2026-03-05 17:24:33,1557102,1839,1,败给高德，卖身广告：百度地图从巅峰到衰落,36472358174,50.07900,1,25,16777215,2026-03-07 14:35:25,1772865325,0,ee4c25ae,2061702793986972416,地图并不难盈利，只需要接入本地服务，就是一个小号美团，光是一个推荐附近的餐厅，就能带来很大的广告收入。
BV18PPyzAEK7,116175828685250,败给高德，卖身广告：百度地图从巅峰到衰落,王鲤鱼OnDrive,2026-03-05 17:24:33,1557102,1839,1,败给高德，卖身广告：百度地图从巅峰到衰落,36472358174,181.02300,1,25,16777215,2026-03-09 23:14:41,1773069281,0,eec0a641,2063413698194388480,现在不也加回来了
BV18PPyzAEK7,116175828685250,败给高德，卖身广告：百度地图从巅峰到衰落,王鲤鱼OnDrive,2026-03-05 17:24:33,1557102,1839,1,败给高德，卖身广告：百度地图从巅峰到衰落,36472358174,181.13500,1,25,16777215,2026-03-07 14:46:47,1772866007,0,527fd9a2,2061708517013859328,现在倒是都有了
BV18PPyzAEK7,116175828685250,败给高德，卖身广告：百度地图从巅峰到衰落,王鲤鱼OnDrive,2026-03-05 17:24:33,1557102,1839,1,败给高德，卖身广告：百度地图从巅峰到衰落,36472358174,29.69100,1,25,16777215,2026-03-06 17:27:08,1772789228,0,8f1bf98a,2061064450387214336,高德也有，但是不会在路上搞，是导航结束的时候来一句
BV18PPyzAEK7,116175828685250,败给高德，卖身广告：百度地图从巅峰到衰落,王鲤鱼OnDrive,2026-03-05 17:24:33,1557102,1839,1,败给高德，卖身广告：百度地图从巅峰到衰落,36472358174,77.64500,1,25,16777215,2026-03-06 08:13:50,1772756030,0,c10aefff,2060785962015531264,起个大早，赶个晚集
BV18PPyzAEK7,116175828685250,败给高德，卖身广告：百度地图从巅峰到衰落,王鲤鱼OnDrive,2026-03-05 17:24:33,1557102,1839,1,败给高德，卖身广告：百度地图从巅峰到衰落,36472358174,70.61900,1,25,16777215,2026-03-14 09:29:31,1773451771,0,a22c8a79,2066622262949863424,每个风口都能踩中，却又失败。
BV18PPyzAEK7,116175828685250,败给高德，卖身广告：百度地图从巅峰到衰落,王鲤鱼OnDrive,2026-03-05 17:24:33,1557102,1839,1,败给高德，卖身广告：百度地图从巅峰到衰落,36472358174,71.74000,1,25,16777215,2026-03-12 21:40:07,1773322807,0,69327de3,2065540435245935616,都是起了个大早，却赶了个晚集的案例
BV18PPyzAEK7,116175828685250,败给高德，卖身广告：百度地图从巅峰到衰落,王鲤鱼OnDrive,2026-03-05 17:24:33,1557102,1839,1,败给高德，卖身广告：百度地图从巅峰到衰落,36472358174,18.15000,5,25,16777215,2026-03-11 10:03:24,1773194604,0,4b3c0930,2064464988042772224,高德也是，不过高德是语音广告
BV18PPyzAEK7,116175828685250,败给高德，卖身广告：百度地图从巅峰到衰落,王鲤鱼OnDrive,2026-03-05 17:24:33,1557102,1839,1,败给高德，卖身广告：百度地图从巅峰到衰落,36472358174,172.08900,1,25,16777215,2026-03-07 19:58:58,1772884738,0,40c69a61,2061865643065848320,导航软件一定要能导航！
BV18PPyzAEK7,116175828685250,败给高德，卖身广告：百度地图从巅峰到衰落,王鲤鱼OnDrive,2026-03-05 17:24:33,1557102,1839,1,败给高德，卖身广告：百度地图从巅峰到衰落,36472358174,36.92000,1,25,16777215,2026-03-07 07:08:17,1772838497,0,52731757,2061477744705587200,还是用缺德地图吧，虽然以前风评不是很好
BV18PPyzAEK7,116175828685250,败给高德，卖身广告：百度地图从巅峰到衰落,王鲤鱼OnDrive,2026-03-05 17:24:33,1557102,1839,1,败给高德，卖身广告：百度地图从巅峰到衰落,36472358174,210.05800,1,25,16777215,2026-03-06 08:49:19,1772758159,0,6bec62df,2060803825983706112,高德加了又怎样？打车还便宜几块
BV18PPyzAEK7,116175828685250,败给高德，卖身广告：百度地图从巅峰到衰落,王鲤鱼OnDrive,2026-03-05 17:24:33,1557102,1839,1,败给高德，卖身广告：百度地图从巅峰到衰落,36472358174,242.35500,1,25,16777215,2026-03-06 07:09:16,1772752156,0,8f54d445,2060753465160276224,这个说不定高德以后也会加，高德现在都有广告了，每次打开高德想找路线结果弹个开屏广告真的烦
BV18PPyzAEK7,116175828685250,败给高德，卖身广告：百度地图从巅峰到衰落,王鲤鱼OnDrive,2026-03-05 17:24:33,1557102,1839,1,败给高德，卖身广告：百度地图从巅峰到衰落,36472358174,215.52900,1,25,16777215,2026-03-06 06:22:09,1772749329,0,b0d95c60,2060729752201454592,你可以塞东西，但我开始导航时别跳出来
BV18PPyzAEK7,116175828685250,败给高德，卖身广告：百度地图从巅峰到衰落,王鲤鱼OnDrive,2026-03-05 17:24:33,1557102,1839,1,败给高德，卖身广告：百度地图从巅峰到衰落,36472358174,197.32800,1,25,16777215,2026-03-06 00:11:19,1772727079,0,509afea2,2060543106252346624,不是不能在地图里塞东西，但是塞的东西起码要跟出行有关系
BV18PPyzAEK7,116175828685250,败给高德，卖身广告：百度地图从巅峰到衰落,王鲤鱼OnDrive,2026-03-05 17:24:33,1557102,1839,1,败给高德，卖身广告：百度地图从巅峰到衰落,36472358174,137.63100,1,25,15772458,2026-03-05 22:16:52,1772720212,0,dc3394f8,2060485499835276544,自从谷歌跑路之后 它就从来没有考虑过用户体验了
BV18PPyzAEK7,116175828685250,败给高德，卖身广告：百度地图从巅峰到衰落,王鲤鱼OnDrive,2026-03-05 17:24:33,1557102,1839,1,败给高德，卖身广告：百度地图从巅峰到衰落,36472358174,241.75400,1,25,16777215,2026-03-05 21:20:00,1772716800,0,845cafd,2060456879993973504,这个路面广告确实离谱
BV18PPyzAEK7,116175828685250,败给高德，卖身广告：百度地图从巅峰到衰落,王鲤鱼OnDrive,2026-03-05 17:24:33,1557102,1839,1,败给高德，卖身广告：百度地图从巅峰到衰落,36472358174,296.43600,1,25,16777215,2026-03-05 20:25:00,1772713500,0,5558f046,2060429193862508032,人家企业也需要赚钱，至少不能亏，不然用爱发电？
BV18PPyzAEK7,116175828685250,败给高德，卖身广告：百度地图从巅峰到衰落,王鲤鱼OnDrive,2026-03-05 17:24:33,1557102,1839,1,败给高德，卖身广告：百度地图从巅峰到衰落,36472358174,38.24600,1,25,16777215,2026-03-15 23:40:09,1773589209,0,1cb7532e,2067775174828302848,因为他的本地业务都死透了，引来流量也没用
BV18PPyzAEK7,116175828685250,败给高德，卖身广告：百度地图从巅峰到衰落,王鲤鱼OnDrive,2026-03-05 17:24:33,1557102,1839,1,败给高德，卖身广告：百度地图从巅峰到衰落,36472358174,288.46000,5,25,15138834,2026-03-14 19:36:22,1773488182,0,f565149e,2066927697569592064,说白了就是垄断
BV18PPyzAEK7,116175828685250,败给高德，卖身广告：百度地图从巅峰到衰落,王鲤鱼OnDrive,2026-03-05 17:24:33,1557102,1839,1,败给高德，卖身广告：百度地图从巅峰到衰落,36472358174,123.90800,5,25,15138835,2026-03-11 12:13:23,1773202403,0,124a3a14,2064530413841926400,高德扫街帮
BV18PPyzAEK7,116175828685250,败给高德，卖身广告：百度地图从巅峰到衰落,王鲤鱼OnDrive,2026-03-05 17:24:33,1557102,1839,1,败给高德，卖身广告：百度地图从巅峰到衰落,36472358174,184.60000,1,25,16777215,2026-03-10 12:48:12,1773118092,0,161b0c23,2063823156586224128,现在都加回来了
BV18PPyzAEK7,116175828685250,败给高德，卖身广告：百度地图从巅峰到衰落,王鲤鱼OnDrive,2026-03-05 17:24:33,1557102,1839,1,败给高德，卖身广告：百度地图从巅峰到衰落,36472358174,275.48300,1,25,16777215,2026-03-07 22:27:44,1772893664,0,215a6cf6,2061940517062946304,我一年跑三四万公里，导航都是高德，还没碰到过导航途中加广告的情况
BV18PPyzAEK7,116175828685250,败给高德，卖身广告：百度地图从巅峰到衰落,王鲤鱼OnDrive,2026-03-05 17:24:33,1557102,1839,1,败给高德，卖身广告：百度地图从巅峰到衰落,36472358174,292.88200,1,25,16777215,2026-03-06 18:43:20,1772793800,0,8895ccc5,2061102801509314560,赚钱是应该的  但不要吃相太难看干扰到用户开车！
BV18PPyzAEK7,116175828685250,败给高德，卖身广告：百度地图从巅峰到衰落,王鲤鱼OnDrive,2026-03-05 17:24:33,1557102,1839,1,败给高德，卖身广告：百度地图从巅峰到衰落,36472358174,201.50200,1,25,16777215,2026-03-06 18:28:56,1772792936,0,cf97f42e,2061095554481554944,现在也不咋干扰，而且有时候还真能用到
BV18PPyzAEK7,116175828685250,败给高德，卖身广告：百度地图从巅峰到衰落,王鲤鱼OnDrive,2026-03-05 17:24:33,1557102,1839,1,败给高德，卖身广告：百度地图从巅峰到衰落,36472358174,130.17300,1,25,16777215,2026-03-06 13:10:49,1772773849,0,f0d343a2,2060935438067470592,确实只是为了找路
BV18PPyzAEK7,116175828685250,败给高德，卖身广告：百度地图从巅峰到衰落,王鲤鱼OnDrive,2026-03-05 17:24:33,1557102,1839,1,败给高德，卖身广告：百度地图从巅峰到衰落,36472358174,257.78500,1,25,16777215,2026-03-06 11:54:22,1772769262,0,487928dc,2060896962718453504,高德现在最不能忍的是开屏有摇一摇广告
BV18PPyzAEK7,116175828685250,败给高德，卖身广告：百度地图从巅峰到衰落,王鲤鱼OnDrive,2026-03-05 17:24:33,1557102,1839,1,败给高德，卖身广告：百度地图从巅峰到衰落,36472358174,290.58700,1,25,16777215,2026-03-06 10:13:19,1772763199,0,f206eecc,2060846096255056640,跟直播一样，直播的尽头就是带货呀
BV18PPyzAEK7,116175828685250,败给高德，卖身广告：百度地图从巅峰到衰落,王鲤鱼OnDrive,2026-03-05 17:24:33,1557102,1839,1,败给高德，卖身广告：百度地图从巅峰到衰落,36472358174,201.36400,1,25,16777215,2026-03-06 07:27:05,1772753225,0,b1a74978,2060762432380595712,可是现在加回来，他影响你的使用了吗？
BV18PPyzAEK7,116175828685250,败给高德，卖身广告：百度地图从巅峰到衰落,王鲤鱼OnDrive,2026-03-05 17:24:33,1557102,1839,1,败给高德，卖身广告：百度地图从巅峰到衰落,36472358174,59.12200,1,25,16777215,2026-03-06 01:00:57,1772730057,0,203ff55d,2060568085001996032,擅长把好牌打烂。我觉得可能内部官僚化导致
BV18PPyzAEK7,116175828685250,败给高德，卖身广告：百度地图从巅峰到衰落,王鲤鱼OnDrive,2026-03-05 17:24:33,1557102,1839,1,败给高德，卖身广告：百度地图从巅峰到衰落,36472358174,248.24100,1,25,16777215,2026-03-26 15:30:05,1774510205,0,e1853d90,2075501050357828352,高德也是亏损的，只是他卖身阿里了，也是靠to b盈利
BV18PPyzAEK7,116175828685250,败给高德，卖身广告：百度地图从巅峰到衰落,王鲤鱼OnDrive,2026-03-05 17:24:33,1557102,1839,1,败给高德，卖身广告：百度地图从巅峰到衰落,36472358174,147.96600,1,25,16777215,2026-03-14 08:32:04,1773448324,0,9c29ac9d,2066593342543970048,我一直用高德导航，现在找吃的、玩的、酒店也都用高德。
BV18PPyzAEK7,116175828685250,败给高德，卖身广告：百度地图从巅峰到衰落,王鲤鱼OnDrive,2026-03-05 17:24:33,1557102,1839,1,败给高德，卖身广告：百度地图从巅峰到衰落,36472358174,4.61200,1,25,16777215,2026-03-12 12:39:58,1773290398,0,6b67dbe7,2065268565695010048,衰落？哪衰落了？
BV18PPyzAEK7,116175828685250,败给高德，卖身广告：百度地图从巅峰到衰落,王鲤鱼OnDrive,2026-03-05 17:24:33,1557102,1839,1,败给高德，卖身广告：百度地图从巅峰到衰落,36472358174,241.88500,1,25,16777215,2026-03-10 09:10:58,1773105058,0,1605779c,2063713822799510272,这个太牛了，谁想出来的
BV18PPyzAEK7,116175828685250,败给高德，卖身广告：百度地图从巅峰到衰落,王鲤鱼OnDrive,2026-03-05 17:24:33,1557102,1839,1,败给高德，卖身广告：百度地图从巅峰到衰落,36472358174,189.82100,1,25,16777215,2026-03-08 23:43:33,1772984613,0,254865a8,2062703456137410816,现在做大了 全给加回来了
BV18PPyzAEK7,116175828685250,败给高德，卖身广告：百度地图从巅峰到衰落,王鲤鱼OnDrive,2026-03-05 17:24:33,1557102,1839,1,败给高德，卖身广告：百度地图从巅峰到衰落,36472358174,127.63300,1,25,16777215,2026-03-08 21:25:27,1772976327,0,220597f9,2062633950001549568,错，是九成
BV18PPyzAEK7,116175828685250,败给高德，卖身广告：百度地图从巅峰到衰落,王鲤鱼OnDrive,2026-03-05 17:24:33,1557102,1839,1,败给高德，卖身广告：百度地图从巅峰到衰落,36472358174,53.04100,1,25,16777215,2026-03-08 13:39:07,1772948347,0,47bd9176,2062399232061230848,那会儿还有个凯立德
BV18PPyzAEK7,116175828685250,败给高德，卖身广告：百度地图从巅峰到衰落,王鲤鱼OnDrive,2026-03-05 17:24:33,1557102,1839,1,败给高德，卖身广告：百度地图从巅峰到衰落,36472358174,43.25700,1,25,16777215,2026-03-08 09:38:11,1772933891,0,c2f26787,2062277966628754176,地图变现能力一般
BV18PPyzAEK7,116175828685250,败给高德，卖身广告：百度地图从巅峰到衰落,王鲤鱼OnDrive,2026-03-05 17:24:33,1557102,1839,1,败给高德，卖身广告：百度地图从巅峰到衰落,36472358174,198.22500,5,25,16777215,2026-03-08 01:36:15,1772904975,0,74f0242e,2062035401757081600,高德现在不定时会在导航结束以后大喊广告
BV18PPyzAEK7,116175828685250,败给高德，卖身广告：百度地图从巅峰到衰落,王鲤鱼OnDrive,2026-03-05 17:24:33,1557102,1839,1,败给高德，卖身广告：百度地图从巅峰到衰落,36472358174,153.41100,1,25,16777215,2026-03-07 23:32:29,1772897549,0,e7a0a4a1,2061973107635758080,按这么说还是靶向的推荐算法不合理，哪有早高峰推荐看电影的？
BV18PPyzAEK7,116175828685250,败给高德，卖身广告：百度地图从巅峰到衰落,王鲤鱼OnDrive,2026-03-05 17:24:33,1557102,1839,1,败给高德，卖身广告：百度地图从巅峰到衰落,36472358174,258.79200,1,25,16777215,2026-03-07 17:37:40,1772876260,0,324f1bef,2061794520974801408,没错，也开始另一次的轮回
BV18PPyzAEK7,116175828685250,败给高德，卖身广告：百度地图从巅峰到衰落,王鲤鱼OnDrive,2026-03-05 17:24:33,1557102,1839,1,败给高德，卖身广告：百度地图从巅峰到衰落,36472358174,188.28900,1,25,16777215,2026-03-07 14:37:51,1772865471,0,ee4c25ae,2061704021559029248,那么高德扫街榜又是什么鬼呢？
BV18PPyzAEK7,116175828685250,败给高德，卖身广告：百度地图从巅峰到衰落,王鲤鱼OnDrive,2026-03-05 17:24:33,1557102,1839,1,败给高德，卖身广告：百度地图从巅峰到衰落,36472358174,19.32600,1,25,16777215,2026-03-07 09:54:58,1772848498,0,b0717306,2061561640449057792,高德:感谢同行衬托
BV18PPyzAEK7,116175828685250,败给高德，卖身广告：百度地图从巅峰到衰落,王鲤鱼OnDrive,2026-03-05 17:24:33,1557102,1839,1,败给高德，卖身广告：百度地图从巅峰到衰落,36472358174,142.87300,1,25,16777215,2026-03-07 08:13:33,1772842413,0,3cf94782,2061510598872819968,地图首要任务就是找地址和导航，其他次要的使用量也低很多
BV18PPyzAEK7,116175828685250,败给高德，卖身广告：百度地图从巅峰到衰落,王鲤鱼OnDrive,2026-03-05 17:24:33,1557102,1839,1,败给高德，卖身广告：百度地图从巅峰到衰落,36472358174,299.45500,1,25,16777215,2026-03-06 23:30:43,1772811043,0,318796d1,2061247443424903680,你又不付费，服务器的钱哪里来？
BV18PPyzAEK7,116175828685250,败给高德，卖身广告：百度地图从巅峰到衰落,王鲤鱼OnDrive,2026-03-05 17:24:33,1557102,1839,1,败给高德，卖身广告：百度地图从巅峰到衰落,36472358174,182.74600,5,25,16777215,2026-03-06 21:15:33,1772802933,0,28bc6e50,2061179413433227264,上高速的高德地图动不动就是累了困了喝东鹏特饮
BV18PPyzAEK7,116175828685250,败给高德，卖身广告：百度地图从巅峰到衰落,王鲤鱼OnDrive,2026-03-05 17:24:33,1557102,1839,1,败给高德，卖身广告：百度地图从巅峰到衰落,36472358174,21.67500,1,25,16777215,2026-03-06 18:24:48,1772792688,0,ee84920a,2061093468512070912,我一直用缺德地图，准是真的准
BV18PPyzAEK7,116175828685250,败给高德，卖身广告：百度地图从巅峰到衰落,王鲤鱼OnDrive,2026-03-05 17:24:33,1557102,1839,1,败给高德，卖身广告：百度地图从巅峰到衰落,36472358174,18.54700,1,25,16777215,2026-03-06 07:40:02,1772754002,0,8f80ce60,2060768952787460352,成也广告败也广告
BV18PPyzAEK7,116175828685250,败给高德，卖身广告：百度地图从巅峰到衰落,王鲤鱼OnDrive,2026-03-05 17:24:33,1557102,1839,1,败给高德，卖身广告：百度地图从巅峰到衰落,36472358174,106.20800,1,25,16777215,2026-03-06 07:25:05,1772753105,0,7e1ade7b,2060761428457072384,这里用的是高德的logo
BV18PPyzAEK7,116175828685250,败给高德，卖身广告：百度地图从巅峰到衰落,王鲤鱼OnDrive,2026-03-05 17:24:33,1557102,1839,1,败给高德，卖身广告：百度地图从巅峰到衰落,36472358174,33.71100,1,25,16777215,2026-03-06 03:25:40,1772738740,0,6c9ef9bd,2060640926044452864,因为地图就是纯赔钱的，我用这么多年高德也没直接给过它钱
BV18PPyzAEK7,116175828685250,败给高德，卖身广告：百度地图从巅峰到衰落,王鲤鱼OnDrive,2026-03-05 17:24:33,1557102,1839,1,败给高德，卖身广告：百度地图从巅峰到衰落,36472358174,292.02800,5,25,15138834,2026-03-06 02:39:08,1772735948,0,b976ea73,2060617503499238144,前方弹幕刷怪
BV18PPyzAEK7,116175828685250,败给高德，卖身广告：百度地图从巅峰到衰落,王鲤鱼OnDrive,2026-03-05 17:24:33,1557102,1839,1,败给高德，卖身广告：百度地图从巅峰到衰落,36472358174,189.82400,1,25,16777215,2026-03-05 23:03:28,1772723008,0,c03ffe4d,2060508952932464128,高德其他功能算是不怎么打扰的了
BV18PPyzAEK7,116175828685250,败给高德，卖身广告：百度地图从巅峰到衰落,王鲤鱼OnDrive,2026-03-05 17:24:33,1557102,1839,1,败给高德，卖身广告：百度地图从巅峰到衰落,36472358174,303.28000,1,25,16777215,2026-03-05 22:36:35,1772721395,0,9ecddbac,2060495423608833024,高德需要盈利 这无可厚非 导航体验没落下就好
BV18PPyzAEK7,116175828685250,败给高德，卖身广告：百度地图从巅峰到衰落,王鲤鱼OnDrive,2026-03-05 17:24:33,1557102,1839,1,败给高德，卖身广告：百度地图从巅峰到衰落,36472358174,24.28000,1,25,16777215,2026-03-05 22:05:33,1772719533,0,c3eeb60e,2060479801496103424,不用，用高德
BV18PPyzAEK7,116175828685250,败给高德，卖身广告：百度地图从巅峰到衰落,王鲤鱼OnDrive,2026-03-05 17:24:33,1557102,1839,1,败给高德，卖身广告：百度地图从巅峰到衰落,36472358174,288.29300,1,25,16777215,2026-03-05 21:22:12,1772716932,0,845cafd,2060457981787182080,只能等各家智驾旗下的地图了，希望更好用更纯粹
BV18PPyzAEK7,116175828685250,败给高德，卖身广告：百度地图从巅峰到衰落,王鲤鱼OnDrive,2026-03-05 17:24:33,1557102,1839,1,败给高德，卖身广告：百度地图从巅峰到衰落,36472358174,237.25900,1,25,16777215,2026-06-03 15:12:09,1780470729,0,b4e11ca3,2125501546992320256,这还好 说实话我都没注意过路上有字
BV18PPyzAEK7,116175828685250,败给高德，卖身广告：百度地图从巅峰到衰落,王鲤鱼OnDrive,2026-03-05 17:24:33,1557102,1839,1,败给高德，卖身广告：百度地图从巅峰到衰落,36472358174,300.25800,1,25,16777215,2026-05-25 12:45:24,1779684324,0,166f700f,2118904703383058688,难呀，你的意思是他们就该亏本给你做地图吗，都不赚钱了
BV18PPyzAEK7,116175828685250,败给高德，卖身广告：百度地图从巅峰到衰落,王鲤鱼OnDrive,2026-03-05 17:24:33,1557102,1839,1,败给高德，卖身广告：百度地图从巅峰到衰落,36472358174,196.27000,1,25,16777215,2026-05-17 10:09:49,1778983789,0,5cfe0a5e,2113028190456551424,高德现在也上团购了
BV18PPyzAEK7,116175828685250,败给高德，卖身广告：百度地图从巅峰到衰落,王鲤鱼OnDrive,2026-03-05 17:24:33,1557102,1839,1,败给高德，卖身广告：百度地图从巅峰到衰落,36472358174,91.95800,1,25,15138834,2026-04-10 16:27:11,1775809631,0,f0f98ff0,2086401427508982528,忽略了用户使用地图的第一性原理，是导航，而不是购物检索。
BV18PPyzAEK7,116175828685250,败给高德，卖身广告：百度地图从巅峰到衰落,王鲤鱼OnDrive,2026-03-05 17:24:33,1557102,1839,1,败给高德，卖身广告：百度地图从巅峰到衰落,36472358174,226.06300,1,25,16777215,2026-04-01 07:12:43,1774998763,0,e331805a,2079599368398815232,分析的不完全正确，根本是高德打通了政企，成为官方合作
BV18PPyzAEK7,116175828685250,败给高德，卖身广告：百度地图从巅峰到衰落,王鲤鱼OnDrive,2026-03-05 17:24:33,1557102,1839,1,败给高德，卖身广告：百度地图从巅峰到衰落,36472358174,189.06100,1,25,16777215,2026-03-24 22:34:01,1774362841,0,7b47aa81,2074264870370948864,没事，都加回来了
BV18PPyzAEK7,116175828685250,败给高德，卖身广告：百度地图从巅峰到衰落,王鲤鱼OnDrive,2026-03-05 17:24:33,1557102,1839,1,败给高德，卖身广告：百度地图从巅峰到衰落,36472358174,286.34500,1,25,16777215,2026-03-24 14:21:09,1774333269,0,5d1af373,2074016806028317440,我只能说如果谷歌地图在国内这两个直接完
BV18PPyzAEK7,116175828685250,败给高德，卖身广告：百度地图从巅峰到衰落,王鲤鱼OnDrive,2026-03-05 17:24:33,1557102,1839,1,败给高德，卖身广告：百度地图从巅峰到衰落,36472358174,90.90200,1,25,16777215,2026-03-20 10:14:58,1773972898,0,89fb8c11,2070993787249121024,笑死，地图app只会导航的时候打开，导完就关
BV18PPyzAEK7,116175828685250,败给高德，卖身广告：百度地图从巅峰到衰落,王鲤鱼OnDrive,2026-03-05 17:24:33,1557102,1839,1,败给高德，卖身广告：百度地图从巅峰到衰落,36472358174,50.42400,1,25,16777215,2026-03-16 21:24:34,1773667474,0,a4125d77,2068431709669795840,衰亡了？我一直在用啊。没感觉什么衰亡不衰亡的。
BV18PPyzAEK7,116175828685250,败给高德，卖身广告：百度地图从巅峰到衰落,王鲤鱼OnDrive,2026-03-05 17:24:33,1557102,1839,1,败给高德，卖身广告：百度地图从巅峰到衰落,36472358174,198.91900,1,25,16777215,2026-03-14 05:17:10,1773436630,0,a88f0bf3,2066495248812929280,高德也没好到哪里去 越来越卡 一堆没用的功能
BV18PPyzAEK7,116175828685250,败给高德，卖身广告：百度地图从巅峰到衰落,王鲤鱼OnDrive,2026-03-05 17:24:33,1557102,1839,1,败给高德，卖身广告：百度地图从巅峰到衰落,36472358174,197.01200,1,25,16777215,2026-03-12 08:31:06,1773275466,0,47ebcc30,2065143309190118656,自从高德上了AI之后也差不多了，不坐的路线疯狂推荐
BV18PPyzAEK7,116175828685250,败给高德，卖身广告：百度地图从巅峰到衰落,王鲤鱼OnDrive,2026-03-05 17:24:33,1557102,1839,1,败给高德，卖身广告：百度地图从巅峰到衰落,36472358174,183.31000,1,25,16777215,2026-03-11 23:59:37,1773244777,0,dcdf586a,2064885867406888960,现在高的太臃肿了
BV18PPyzAEK7,116175828685250,败给高德，卖身广告：百度地图从巅峰到衰落,王鲤鱼OnDrive,2026-03-05 17:24:33,1557102,1839,1,败给高德，卖身广告：百度地图从巅峰到衰落,36472358174,281.14500,1,25,16777215,2026-03-11 02:49:48,1773168588,0,b425b9b3,2064246748658541312,华为的花瓣地图好用
BV18PPyzAEK7,116175828685250,败给高德，卖身广告：百度地图从巅峰到衰落,王鲤鱼OnDrive,2026-03-05 17:24:33,1557102,1839,1,败给高德，卖身广告：百度地图从巅峰到衰落,36472358174,124.35700,1,25,16777215,2026-03-10 21:56:28,1773150988,0,a4f3fb07,2064099110113943296,才6成？
BV18PPyzAEK7,116175828685250,败给高德，卖身广告：百度地图从巅峰到衰落,王鲤鱼OnDrive,2026-03-05 17:24:33,1557102,1839,1,败给高德，卖身广告：百度地图从巅峰到衰落,36472358174,212.06800,1,25,16777215,2026-03-10 11:01:34,1773111694,0,66637f2,2063769487765158912,我国哪个大厂APP不能借钱。。。
BV18PPyzAEK7,116175828685250,败给高德，卖身广告：百度地图从巅峰到衰落,王鲤鱼OnDrive,2026-03-05 17:24:33,1557102,1839,1,败给高德，卖身广告：百度地图从巅峰到衰落,36472358174,197.22400,1,25,16777215,2026-03-08 01:07:22,1772903242,0,e4c47c2b,2062020865532812288,现在都有了，但是不会打扰正常的导航服务
BV18PPyzAEK7,116175828685250,败给高德，卖身广告：百度地图从巅峰到衰落,王鲤鱼OnDrive,2026-03-05 17:24:33,1557102,1839,1,败给高德，卖身广告：百度地图从巅峰到衰落,36472358174,47.42100,1,25,16777215,2026-03-07 20:41:45,1772887305,0,38b85b12,2061887172856567040,所有地图都不可能实现盈利
BV18PPyzAEK7,116175828685250,败给高德，卖身广告：百度地图从巅峰到衰落,王鲤鱼OnDrive,2026-03-05 17:24:33,1557102,1839,1,败给高德，卖身广告：百度地图从巅峰到衰落,36472358174,187.78400,5,25,15138834,2026-03-07 20:06:09,1772885169,0,f1d31af4,2061869263060545024,11年高德地图用户表示从来都没有广告打扰
BV18PPyzAEK7,116175828685250,败给高德，卖身广告：百度地图从巅峰到衰落,王鲤鱼OnDrive,2026-03-05 17:24:33,1557102,1839,1,败给高德，卖身广告：百度地图从巅峰到衰落,36472358174,293.05900,1,25,16777215,2026-03-07 16:44:03,1772873043,0,7b979922,2061767535795637760,我在德国开车，对比了谷歌和苹果自带的地图。导航说实话，苹果更好。谷歌会延迟播报。导致好几次错过出口
BV18PPyzAEK7,116175828685250,败给高德，卖身广告：百度地图从巅峰到衰落,王鲤鱼OnDrive,2026-03-05 17:24:33,1557102,1839,1,败给高德，卖身广告：百度地图从巅峰到衰落,36472358174,141.70700,1,25,16777215,2026-03-07 05:34:38,1772832878,0,494cdb8b,2061430611297657856,我现在打开地图也是想找下附近的一些店
BV18PPyzAEK7,116175828685250,败给高德，卖身广告：百度地图从巅峰到衰落,王鲤鱼OnDrive,2026-03-05 17:24:33,1557102,1839,1,败给高德，卖身广告：百度地图从巅峰到衰落,36472358174,14.94300,1,25,16777215,2026-03-06 16:51:31,1772787091,0,982c6e3a,2061046521901829376,这个广告感觉还行吧
BV18PPyzAEK7,116175828685250,败给高德，卖身广告：百度地图从巅峰到衰落,王鲤鱼OnDrive,2026-03-05 17:24:33,1557102,1839,1,败给高德，卖身广告：百度地图从巅峰到衰落,36472358174,202.35100,1,25,16777215,2026-03-06 12:16:16,1772770576,0,d08adb83,2060907979268054528,你甚至能在高德地图里借钱
BV18PPyzAEK7,116175828685250,败给高德，卖身广告：百度地图从巅峰到衰落,王鲤鱼OnDrive,2026-03-05 17:24:33,1557102,1839,1,败给高德，卖身广告：百度地图从巅峰到衰落,36472358174,136.10200,1,25,16777215,2026-03-06 09:12:48,1772759568,0,b9f7df13,2060815641396634880,高德的打车功能就是锦上添花
BV18PPyzAEK7,116175828685250,败给高德，卖身广告：百度地图从巅峰到衰落,王鲤鱼OnDrive,2026-03-05 17:24:33,1557102,1839,1,败给高德，卖身广告：百度地图从巅峰到衰落,36472358174,214.24600,1,25,16777215,2026-03-06 09:07:03,1772759223,0,e48260b4,2060812744759952640,没有影响地图功能就行
BV18PPyzAEK7,116175828685250,败给高德，卖身广告：百度地图从巅峰到衰落,王鲤鱼OnDrive,2026-03-05 17:24:33,1557102,1839,1,败给高德，卖身广告：百度地图从巅峰到衰落,36472358174,205.02000,1,25,16777215,2026-03-06 00:55:59,1772729759,0,414e665e,2060565581656436480,但现在高德也学坏了
BV18PPyzAEK7,116175828685250,败给高德，卖身广告：百度地图从巅峰到衰落,王鲤鱼OnDrive,2026-03-05 17:24:33,1557102,1839,1,败给高德，卖身广告：百度地图从巅峰到衰落,36472358174,162.14400,1,25,16707842,2026-03-06 00:50:05,1772729405,0,bfb013b,2060562613725232896,可以提醒，但不要老是弹窗出来了，嗯，做一个内置语音不行吗
BV18PPyzAEK7,116175828685250,败给高德，卖身广告：百度地图从巅峰到衰落,王鲤鱼OnDrive,2026-03-05 17:24:33,1557102,1839,1,败给高德，卖身广告：百度地图从巅峰到衰落,36472358174,94.13600,1,25,16777215,2026-03-06 00:18:52,1772727532,0,c6fd07d0,2060546903607212544,高德是被阿里拿下了，它自己不需要考虑这些东西，直接用阿里的东西接入就行了
BV18PPyzAEK7,116175828685250,败给高德，卖身广告：百度地图从巅峰到衰落,王鲤鱼OnDrive,2026-03-05 17:24:33,1557102,1839,1,败给高德，卖身广告：百度地图从巅峰到衰落,36472358174,297.36500,1,25,16777215,2026-03-06 00:13:13,1772727193,0,69e926b6,2060544059013585152,企业也要赚钱维护软件更新地图，不想看广告每月收你30R你看有人愿意吗
BV18PPyzAEK7,116175828685250,败给高德，卖身广告：百度地图从巅峰到衰落,王鲤鱼OnDrive,2026-03-05 17:24:33,1557102,1839,1,败给高德，卖身广告：百度地图从巅峰到衰落,36472358174,44.04800,1,25,16777215,2026-03-05 23:21:40,1772724100,0,80f16e11,2060518111371179008,地图很难盈利啦
BV18PPyzAEK7,116175828685250,败给高德，卖身广告：百度地图从巅峰到衰落,王鲤鱼OnDrive,2026-03-05 17:24:33,1557102,1839,1,败给高德，卖身广告：百度地图从巅峰到衰落,36472358174,212.05100,1,25,16777215,2026-03-05 22:57:40,1772722660,0,75cdbc71,2060506034661238784,高德确实准
BV18PPyzAEK7,116175828685250,败给高德，卖身广告：百度地图从巅峰到衰落,王鲤鱼OnDrive,2026-03-05 17:24:33,1557102,1839,1,败给高德，卖身广告：百度地图从巅峰到衰落,36472358174,26.84900,1,25,16777215,2026-03-05 22:28:34,1772720914,0,9ecddbac,2060491387270462208,高德好用
BV18PPyzAEK7,116175828685250,败给高德，卖身广告：百度地图从巅峰到衰落,王鲤鱼OnDrive,2026-03-05 17:24:33,1557102,1839,1,败给高德，卖身广告：百度地图从巅峰到衰落,36472358174,264.89100,1,25,16646914,2026-06-23 12:44:36,1782189876,0,576c327d,2139922798310175744,没事，只要国家不让垄断，就一直会有新的高德出现。
BV18PPyzAEK7,116175828685250,败给高德，卖身广告：百度地图从巅峰到衰落,王鲤鱼OnDrive,2026-03-05 17:24:33,1557102,1839,1,败给高德，卖身广告：百度地图从巅峰到衰落,36472358174,4.07500,1,25,16777215,2026-06-04 08:46:14,1780533974,0,4e8abd08,2126032082869326336,比高德好用
BV18PPyzAEK7,116175828685250,败给高德，卖身广告：百度地图从巅峰到衰落,王鲤鱼OnDrive,2026-03-05 17:24:33,1557102,1839,1,败给高德，卖身广告：百度地图从巅峰到衰落,36472358174,202.21500,1,25,16777215,2026-06-03 18:37:30,1780483050,0,afdb4c6,2125604900297305344,不影响核心功能还行
BV18PPyzAEK7,116175828685250,败给高德，卖身广告：百度地图从巅峰到衰落,王鲤鱼OnDrive,2026-03-05 17:24:33,1557102,1839,1,败给高德，卖身广告：百度地图从巅峰到衰落,36472358174,279.84400,1,25,16777215,2026-05-30 10:38:41,1780108721,0,bb1463e9,2122464808770314240,并非试探
BV18PPyzAEK7,116175828685250,败给高德，卖身广告：百度地图从巅峰到衰落,王鲤鱼OnDrive,2026-03-05 17:24:33,1557102,1839,1,败给高德，卖身广告：百度地图从巅峰到衰落,36472358174,210.73300,5,25,16777215,2026-05-30 10:37:17,1780108637,0,bb1463e9,2122464096476712192,《克制和专注》
BV18PPyzAEK7,116175828685250,败给高德，卖身广告：百度地图从巅峰到衰落,王鲤鱼OnDrive,2026-03-05 17:24:33,1557102,1839,1,败给高德，卖身广告：百度地图从巅峰到衰落,36472358174,94.34100,1,25,15138834,2026-05-24 23:58:35,1779638315,0,b44d0468,2118518757386687232,度小满负责借钱
BV18PPyzAEK7,116175828685250,败给高德，卖身广告：百度地图从巅峰到衰落,王鲤鱼OnDrive,2026-03-05 17:24:33,1557102,1839,1,败给高德，卖身广告：百度地图从巅峰到衰落,36472358174,72.40300,1,25,16777215,2026-05-22 13:04:15,1779426255,0,bd4843e0,2116739862790738944,怎么都没听过……
BV18PPyzAEK7,116175828685250,败给高德，卖身广告：百度地图从巅峰到衰落,王鲤鱼OnDrive,2026-03-05 17:24:33,1557102,1839,1,败给高德，卖身广告：百度地图从巅峰到衰落,36472358174,263.99500,1,25,16777215,2026-05-09 10:23:52,1778293432,0,cf4e2184,2107237054005615872,功能太复杂了
BV18PPyzAEK7,116175828685250,败给高德，卖身广告：百度地图从巅峰到衰落,王鲤鱼OnDrive,2026-03-05 17:24:33,1557102,1839,1,败给高德，卖身广告：百度地图从巅峰到衰落,36472358174,173.61900,1,25,16777215,2026-05-04 22:17:42,1777904262,0,835fe7ff,2103972459505617152,高德的营收模式就是滴滴
BV18PPyzAEK7,116175828685250,败给高德，卖身广告：百度地图从巅峰到衰落,王鲤鱼OnDrive,2026-03-05 17:24:33,1557102,1839,1,败给高德，卖身广告：百度地图从巅峰到衰落,36472358174,254.17200,1,25,16777215,2026-04-28 16:57:14,1777366634,0,6f33de99,2099462513963048448,我曾经更喜欢腾讯地图
BV18PPyzAEK7,116175828685250,败给高德，卖身广告：百度地图从巅峰到衰落,王鲤鱼OnDrive,2026-03-05 17:24:33,1557102,1839,1,败给高德，卖身广告：百度地图从巅峰到衰落,36472358174,32.53100,1,25,16777215,2026-04-23 03:51:33,1776887493,0,8e034935,2095443189640324608,一直用高德
BV18PPyzAEK7,116175828685250,败给高德，卖身广告：百度地图从巅峰到衰落,王鲤鱼OnDrive,2026-03-05 17:24:33,1557102,1839,1,败给高德，卖身广告：百度地图从巅峰到衰落,36472358174,143.95300,1,25,16777215,2026-04-20 20:14:00,1776687240,0,79b070d8,2093763343575498240,理论没毛病，就是软件没做好
BV18PPyzAEK7,116175828685250,败给高德，卖身广告：百度地图从巅峰到衰落,王鲤鱼OnDrive,2026-03-05 17:24:33,1557102,1839,1,败给高德，卖身广告：百度地图从巅峰到衰落,36472358174,16.07500,1,25,16707842,2026-03-30 23:58:50,1774886330,0,5dee284c,2078656215617170176,很可惜，我没用过 我一直用谷歌地图
BV18PPyzAEK7,116175828685250,败给高德，卖身广告：百度地图从巅峰到衰落,王鲤鱼OnDrive,2026-03-05 17:24:33,1557102,1839,1,败给高德，卖身广告：百度地图从巅峰到衰落,36472358174,298.98700,1,25,15138834,2026-03-30 10:02:42,1774836162,0,386ca057,2078235376920876800,不可能的，干净的地图没有收益，做不下去
BV18PPyzAEK7,116175828685250,败给高德，卖身广告：百度地图从巅峰到衰落,王鲤鱼OnDrive,2026-03-05 17:24:33,1557102,1839,1,败给高德，卖身广告：百度地图从巅峰到衰落,36472358174,29.36800,5,25,15138834,2026-03-28 17:02:45,1774688565,0,6c244ea8,2076997237909141248,国民在哪
BV18PPyzAEK7,116175828685250,败给高德，卖身广告：百度地图从巅峰到衰落,王鲤鱼OnDrive,2026-03-05 17:24:33,1557102,1839,1,败给高德，卖身广告：百度地图从巅峰到衰落,36472358174,112.94900,1,25,16777215,2026-03-27 23:54:05,1774626845,0,5d73e467,2076479492553705728,就跟贴吧一样
BV18PPyzAEK7,116175828685250,败给高德，卖身广告：百度地图从巅峰到衰落,王鲤鱼OnDrive,2026-03-05 17:24:33,1557102,1839,1,败给高德，卖身广告：百度地图从巅峰到衰落,36472358174,126.68600,1,25,16777215,2026-03-27 17:39:58,1774604398,0,edcb4bfd,2076291194912787968,这不就是高德现在的样子吗，咋没人嫌弃了
BV18PPyzAEK7,116175828685250,败给高德，卖身广告：百度地图从巅峰到衰落,王鲤鱼OnDrive,2026-03-05 17:24:33,1557102,1839,1,败给高德，卖身广告：百度地图从巅峰到衰落,36472358174,130.76700,1,25,16777215,2026-03-19 12:11:35,1773893495,0,9ffbcd8d,2070327711020936960,导航软件要能导航
BV18PPyzAEK7,116175828685250,败给高德，卖身广告：百度地图从巅峰到衰落,王鲤鱼OnDrive,2026-03-05 17:24:33,1557102,1839,1,败给高德，卖身广告：百度地图从巅峰到衰落,36472358174,23.95300,1,25,16777215,2026-03-17 03:11:37,1773688297,0,b654585b,2068606381753913088,我都用高德
BV18PPyzAEK7,116175828685250,败给高德，卖身广告：百度地图从巅峰到衰落,王鲤鱼OnDrive,2026-03-05 17:24:33,1557102,1839,1,败给高德，卖身广告：百度地图从巅峰到衰落,36472358174,291.14600,5,25,15138834,2026-03-17 02:14:46,1773684886,0,b3ae4b87,2068577771542069504,毕竟之所以要集用户就是为了挣钱啊
BV18PPyzAEK7,116175828685250,败给高德，卖身广告：百度地图从巅峰到衰落,王鲤鱼OnDrive,2026-03-05 17:24:33,1557102,1839,1,败给高德，卖身广告：百度地图从巅峰到衰落,36472358174,190.47700,1,25,16777215,2026-03-15 23:11:26,1773587486,0,74d2b162,2067760718463668992,什么攻坚战？
BV18PPyzAEK7,116175828685250,败给高德，卖身广告：百度地图从巅峰到衰落,王鲤鱼OnDrive,2026-03-05 17:24:33,1557102,1839,1,败给高德，卖身广告：百度地图从巅峰到衰落,36472358174,298.72800,1,25,16777215,2026-03-15 11:53:17,1773546797,0,6407f7b3,2067419392874602240,谷歌地图
BV18PPyzAEK7,116175828685250,败给高德，卖身广告：百度地图从巅峰到衰落,王鲤鱼OnDrive,2026-03-05 17:24:33,1557102,1839,1,败给高德，卖身广告：百度地图从巅峰到衰落,36472358174,188.69300,1,25,16777215,2026-03-15 09:45:58,1773539158,0,69696ae8,2067355319562306816,现在又回去了
BV18PPyzAEK7,116175828685250,败给高德，卖身广告：百度地图从巅峰到衰落,王鲤鱼OnDrive,2026-03-05 17:24:33,1557102,1839,1,败给高德，卖身广告：百度地图从巅峰到衰落,36472358174,264.02000,1,25,16777215,2026-03-14 09:32:54,1773451974,0,a22c8a79,2066623961022355712,屠龙勇士终成恶龙。
BV18PPyzAEK7,116175828685250,败给高德，卖身广告：百度地图从巅峰到衰落,王鲤鱼OnDrive,2026-03-05 17:24:33,1557102,1839,1,败给高德，卖身广告：百度地图从巅峰到衰落,36472358174,196.10000,1,25,16777215,2026-03-14 09:31:41,1773451901,0,a22c8a79,2066623355012382208,现在又做大了，又全部加回来了。
BV18PPyzAEK7,116175828685250,败给高德，卖身广告：百度地图从巅峰到衰落,王鲤鱼OnDrive,2026-03-05 17:24:33,1557102,1839,1,败给高德，卖身广告：百度地图从巅峰到衰落,36472358174,181.81900,1,25,16777215,2026-03-14 09:14:10,1773450850,0,a1d123a6,2066614535733442560,扫街榜？？？
BV18PPyzAEK7,116175828685250,败给高德，卖身广告：百度地图从巅峰到衰落,王鲤鱼OnDrive,2026-03-05 17:24:33,1557102,1839,1,败给高德，卖身广告：百度地图从巅峰到衰落,36472358174,33.89200,1,25,16777215,2026-03-11 23:42:47,1773243767,0,69c8da7,2064877393554342656,这大嘴特效真烦人
BV18PPyzAEK7,116175828685250,败给高德，卖身广告：百度地图从巅峰到衰落,王鲤鱼OnDrive,2026-03-05 17:24:33,1557102,1839,1,败给高德，卖身广告：百度地图从巅峰到衰落,36472358174,180.34500,1,25,16777215,2026-03-11 23:36:39,1773243399,0,c19cd235,2064874306169261312,现在的高德啥都有了
BV18PPyzAEK7,116175828685250,败给高德，卖身广告：百度地图从巅峰到衰落,王鲤鱼OnDrive,2026-03-05 17:24:33,1557102,1839,1,败给高德，卖身广告：百度地图从巅峰到衰落,36472358174,7.14700,5,25,15138834,2026-03-11 23:03:02,1773241382,0,c6d0909b,2064857388930135040,《混入其中。》
BV18PPyzAEK7,116175828685250,败给高德，卖身广告：百度地图从巅峰到衰落,王鲤鱼OnDrive,2026-03-05 17:24:33,1557102,1839,1,败给高德，卖身广告：百度地图从巅峰到衰落,36472358174,38.95900,1,25,16777215,2026-03-11 20:54:56,1773233696,0,fd305021,2064792914718330368,只用高德
BV18PPyzAEK7,116175828685250,败给高德，卖身广告：百度地图从巅峰到衰落,王鲤鱼OnDrive,2026-03-05 17:24:33,1557102,1839,1,败给高德，卖身广告：百度地图从巅峰到衰落,36472358174,301.53900,5,25,16777215,2026-03-11 14:26:49,1773210409,0,87f6b0fb,2064597571242060800,视频深度不够啊，讲讲他们钱都烧在哪里了呀
BV18PPyzAEK7,116175828685250,败给高德，卖身广告：百度地图从巅峰到衰落,王鲤鱼OnDrive,2026-03-05 17:24:33,1557102,1839,1,败给高德，卖身广告：百度地图从巅峰到衰落,36472358174,72.13900,1,25,16777215,2026-03-11 14:22:21,1773210141,0,87f6b0fb,2064595323422021376,好有年代感的app产品
BV18PPyzAEK7,116175828685250,败给高德，卖身广告：百度地图从巅峰到衰落,王鲤鱼OnDrive,2026-03-05 17:24:33,1557102,1839,1,败给高德，卖身广告：百度地图从巅峰到衰落,36472358174,300.77600,1,25,16777215,2026-03-11 09:09:46,1773191386,0,e9bae4f2,2064437996262126592,去用苹果的地图吧，那是真干净
BV18PPyzAEK7,116175828685250,败给高德，卖身广告：百度地图从巅峰到衰落,王鲤鱼OnDrive,2026-03-05 17:24:33,1557102,1839,1,败给高德，卖身广告：百度地图从巅峰到衰落,36472358174,60.44100,1,25,16777215,2026-03-11 09:01:09,1773190869,0,60e43a26,2064433658798409728,但还是会用，因为不能让高德一家独大，那就麻烦了
BV18PPyzAEK7,116175828685250,败给高德，卖身广告：百度地图从巅峰到衰落,王鲤鱼OnDrive,2026-03-05 17:24:33,1557102,1839,1,败给高德，卖身广告：百度地图从巅峰到衰落,36472358174,233.27700,5,25,16777215,2026-03-11 00:36:42,1773160602,0,2d4dab1b,2064179756773232128,高德也有播报广告
BV18PPyzAEK7,116175828685250,败给高德，卖身广告：百度地图从巅峰到衰落,王鲤鱼OnDrive,2026-03-05 17:24:33,1557102,1839,1,败给高德，卖身广告：百度地图从巅峰到衰落,36472358174,94.61400,1,25,16777215,2026-03-10 14:10:27,1773123027,0,395dc03,2063864559173376256,地图作为入口不太适合啊，谁天天打开地图软件啊
BV18PPyzAEK7,116175828685250,败给高德，卖身广告：百度地图从巅峰到衰落,王鲤鱼OnDrive,2026-03-05 17:24:33,1557102,1839,1,败给高德，卖身广告：百度地图从巅峰到衰落,36472358174,75.43300,1,25,16777215,2026-03-10 12:46:29,1773117989,0,161b0c23,2063822296745542400,行业冥灯 哈哈 干啥啥不行
BV18PPyzAEK7,116175828685250,败给高德，卖身广告：百度地图从巅峰到衰落,王鲤鱼OnDrive,2026-03-05 17:24:33,1557102,1839,1,败给高德，卖身广告：百度地图从巅峰到衰落,36472358174,193.94200,1,25,16777215,2026-03-10 12:32:23,1773117143,0,28c1b51e,2063815198322249984,现在还不是一样的
BV18PPyzAEK7,116175828685250,败给高德，卖身广告：百度地图从巅峰到衰落,王鲤鱼OnDrive,2026-03-05 17:24:33,1557102,1839,1,败给高德，卖身广告：百度地图从巅峰到衰落,36472358174,190.51800,1,25,16777215,2026-03-10 08:56:02,1773104162,0,b38a0861,2063706309450843648,你这百分比不对吧，那剩下的千分之九用户去哪了
BV18PPyzAEK7,116175828685250,败给高德，卖身广告：百度地图从巅峰到衰落,王鲤鱼OnDrive,2026-03-05 17:24:33,1557102,1839,1,败给高德，卖身广告：百度地图从巅峰到衰落,36472358174,200.73500,1,25,16777215,2026-03-09 12:14:32,1773029672,0,9346aca5,2063081438290688256,高德现在的广告也不是，忘了初心了已经
BV18PPyzAEK7,116175828685250,败给高德，卖身广告：百度地图从巅峰到衰落,王鲤鱼OnDrive,2026-03-05 17:24:33,1557102,1839,1,败给高德，卖身广告：百度地图从巅峰到衰落,36472358174,27.83300,1,25,16777215,2026-03-09 01:20:28,1772990428,0,61f85879,2062752236572496384,13年凯立德没搞手机APP，而且凯立德就叫导航不叫地图
BV18PPyzAEK7,116175828685250,败给高德，卖身广告：百度地图从巅峰到衰落,王鲤鱼OnDrive,2026-03-05 17:24:33,1557102,1839,1,败给高德，卖身广告：百度地图从巅峰到衰落,36472358174,24.34000,1,25,16777215,2026-03-09 00:01:18,1772985678,0,3aa13c2f,2062712389022826496,只用高德，多年前塞班时代是谷歌
BV18PPyzAEK7,116175828685250,败给高德，卖身广告：百度地图从巅峰到衰落,王鲤鱼OnDrive,2026-03-05 17:24:33,1557102,1839,1,败给高德，卖身广告：百度地图从巅峰到衰落,36472358174,128.96100,1,25,16777215,2026-03-08 18:07:23,1772964443,0,e2223f8e,2062534257318115840,还有打车
BV18PPyzAEK7,116175828685250,败给高德，卖身广告：百度地图从巅峰到衰落,王鲤鱼OnDrive,2026-03-05 17:24:33,1557102,1839,1,败给高德，卖身广告：百度地图从巅峰到衰落,36472358174,185.62000,1,25,16777215,2026-03-08 16:54:33,1772960073,0,b227f89b,2062497600040756736,砍掉在哪
BV18PPyzAEK7,116175828685250,败给高德，卖身广告：百度地图从巅峰到衰落,王鲤鱼OnDrive,2026-03-05 17:24:33,1557102,1839,1,败给高德，卖身广告：百度地图从巅峰到衰落,36472358174,19.93600,1,25,16777215,2026-03-08 16:47:31,1772959651,0,3a7e489f,2062494060282947328,企业文化这块一直没变
BV18PPyzAEK7,116175828685250,败给高德，卖身广告：百度地图从巅峰到衰落,王鲤鱼OnDrive,2026-03-05 17:24:33,1557102,1839,1,败给高德，卖身广告：百度地图从巅峰到衰落,36472358174,271.11500,1,25,16777215,2026-03-08 14:36:22,1772951782,0,b8d53ca4,2062428046627278336,怎么又是东鹏特饮。。
BV18PPyzAEK7,116175828685250,败给高德，卖身广告：百度地图从巅峰到衰落,王鲤鱼OnDrive,2026-03-05 17:24:33,1557102,1839,1,败给高德，卖身广告：百度地图从巅峰到衰落,36472358174,296.90800,1,25,16777215,2026-03-08 09:09:29,1772932169,0,37588128,2062263524852043008,要么付费用纯净的地图，要么就免费用这种有广告的地图
BV18PPyzAEK7,116175828685250,败给高德，卖身广告：百度地图从巅峰到衰落,王鲤鱼OnDrive,2026-03-05 17:24:33,1557102,1839,1,败给高德，卖身广告：百度地图从巅峰到衰落,36472358174,152.42900,1,25,16777215,2026-03-08 03:45:43,1772912743,0,1d2d2485,2062100570521127936,越想赚钱越赚不到钱
BV18PPyzAEK7,116175828685250,败给高德，卖身广告：百度地图从巅峰到衰落,王鲤鱼OnDrive,2026-03-05 17:24:33,1557102,1839,1,败给高德，卖身广告：百度地图从巅峰到衰落,36472358174,145.80400,1,25,16777215,2026-03-07 23:45:50,1772898350,0,a03081c2,2061979831221902336,现在高德也一样了，启动卡半天
BV18PPyzAEK7,116175828685250,败给高德，卖身广告：百度地图从巅峰到衰落,王鲤鱼OnDrive,2026-03-05 17:24:33,1557102,1839,1,败给高德，卖身广告：百度地图从巅峰到衰落,36472358174,303.66800,1,25,16777215,2026-03-07 17:27:10,1772875630,0,4052bd91,2061789238642890496,华为的花瓣地图很好用
BV18PPyzAEK7,116175828685250,败给高德，卖身广告：百度地图从巅峰到衰落,王鲤鱼OnDrive,2026-03-05 17:24:33,1557102,1839,1,败给高德，卖身广告：百度地图从巅峰到衰落,36472358174,185.24800,1,25,16777215,2026-03-07 15:43:42,1772869422,0,23dc6e79,2061737159890963968,现在不是出了扫街榜，不过要温柔很多
BV18PPyzAEK7,116175828685250,败给高德，卖身广告：百度地图从巅峰到衰落,王鲤鱼OnDrive,2026-03-05 17:24:33,1557102,1839,1,败给高德，卖身广告：百度地图从巅峰到衰落,36472358174,191.52900,1,25,16777215,2026-03-07 15:31:21,1772868681,0,33813bec,2061730948672208896,现在呢？？
BV18PPyzAEK7,116175828685250,败给高德，卖身广告：百度地图从巅峰到衰落,王鲤鱼OnDrive,2026-03-05 17:24:33,1557102,1839,1,败给高德，卖身广告：百度地图从巅峰到衰落,36472358174,231.19100,1,25,16777215,2026-03-07 09:04:09,1772845449,0,9fff5ca3,2061536061159144704,高德也差不多了
BV18PPyzAEK7,116175828685250,败给高德，卖身广告：百度地图从巅峰到衰落,王鲤鱼OnDrive,2026-03-05 17:24:33,1557102,1839,1,败给高德，卖身广告：百度地图从巅峰到衰落,36472358174,303.84500,5,25,16777215,2026-03-07 08:22:44,1772842964,0,3154bcca,2061515218706131200,花瓣地图，短时间内都会很纯粹
BV18PPyzAEK7,116175828685250,败给高德，卖身广告：百度地图从巅峰到衰落,王鲤鱼OnDrive,2026-03-05 17:24:33,1557102,1839,1,败给高德，卖身广告：百度地图从巅峰到衰落,36472358174,293.99700,1,25,16777215,2026-03-06 22:36:24,1772807784,0,758b2b1b,2061220104918232832,还是苹果地图好用
BV18PPyzAEK7,116175828685250,败给高德，卖身广告：百度地图从巅峰到衰落,王鲤鱼OnDrive,2026-03-05 17:24:33,1557102,1839,1,败给高德，卖身广告：百度地图从巅峰到衰落,36472358174,25.46600,1,25,16707842,2026-03-06 22:08:26,1772806106,0,a7bd1532,2061206029286562560,你猜高德有没有，一样有，导航结束自动播报广告
BV18PPyzAEK7,116175828685250,败给高德，卖身广告：百度地图从巅峰到衰落,王鲤鱼OnDrive,2026-03-05 17:24:33,1557102,1839,1,败给高德，卖身广告：百度地图从巅峰到衰落,36472358174,97.43300,1,25,16777215,2026-03-06 20:45:18,1772801118,0,403fcda8,2061164189845801728,太臃肿了，不喜欢用
BV18PPyzAEK7,116175828685250,败给高德，卖身广告：百度地图从巅峰到衰落,王鲤鱼OnDrive,2026-03-05 17:24:33,1557102,1839,1,败给高德，卖身广告：百度地图从巅峰到衰落,36472358174,32.66700,1,25,15772458,2026-03-06 19:10:06,1772795406,0,245b2c21,2061116268538613248,缺德地图更好用
BV18PPyzAEK7,116175828685250,败给高德，卖身广告：百度地图从巅峰到衰落,王鲤鱼OnDrive,2026-03-05 17:24:33,1557102,1839,1,败给高德，卖身广告：百度地图从巅峰到衰落,36472358174,28.06500,1,25,16777215,2026-03-06 19:06:13,1772795173,0,799f2dbe,2061114315058398464,没用过
BV18PPyzAEK7,116175828685250,败给高德，卖身广告：百度地图从巅峰到衰落,王鲤鱼OnDrive,2026-03-05 17:24:33,1557102,1839,1,败给高德，卖身广告：百度地图从巅峰到衰落,36472358174,271.65000,1,25,15138834,2026-03-06 16:45:54,1772786754,0,6e413b00,2061043692315288064,在用ios自带地图
BV18PPyzAEK7,116175828685250,败给高德，卖身广告：百度地图从巅峰到衰落,王鲤鱼OnDrive,2026-03-05 17:24:33,1557102,1839,1,败给高德，卖身广告：百度地图从巅峰到衰落,36472358174,185.60300,1,25,16777215,2026-03-06 15:01:13,1772780473,0,1ebb476a,2060991007336058880,现在打车赚翻
BV18PPyzAEK7,116175828685250,败给高德，卖身广告：百度地图从巅峰到衰落,王鲤鱼OnDrive,2026-03-05 17:24:33,1557102,1839,1,败给高德，卖身广告：百度地图从巅峰到衰落,36472358174,194.88700,1,25,16777215,2026-03-06 14:21:24,1772778084,0,d2fe8909,2060970964006804992,那些功能不至于干扰核心体验
BV18PPyzAEK7,116175828685250,败给高德，卖身广告：百度地图从巅峰到衰落,王鲤鱼OnDrive,2026-03-05 17:24:33,1557102,1839,1,败给高德，卖身广告：百度地图从巅峰到衰落,36472358174,162.73300,1,25,16777215,2026-03-06 11:54:50,1772769290,0,e885a8e7,2060897193413498112,坐朋友车两次在高速公路给导下来，因为我不用
BV18PPyzAEK7,116175828685250,败给高德，卖身广告：百度地图从巅峰到衰落,王鲤鱼OnDrive,2026-03-05 17:24:33,1557102,1839,1,败给高德，卖身广告：百度地图从巅峰到衰落,36472358174,277.24400,1,25,16777215,2026-03-06 10:24:16,1772763856,0,d7e5a8f4,2060851615372154624,谷歌地图没有广告
BV18PPyzAEK7,116175828685250,败给高德，卖身广告：百度地图从巅峰到衰落,王鲤鱼OnDrive,2026-03-05 17:24:33,1557102,1839,1,败给高德，卖身广告：百度地图从巅峰到衰落,36472358174,265.84800,1,25,16777215,2026-03-06 09:14:48,1772759688,0,6595e31c,2060816645479233792,越来越臃肿，就没有个纯净版吗
BV18PPyzAEK7,116175828685250,败给高德，卖身广告：百度地图从巅峰到衰落,王鲤鱼OnDrive,2026-03-05 17:24:33,1557102,1839,1,败给高德，卖身广告：百度地图从巅峰到衰落,36472358174,26.83800,5,25,15138834,2026-03-06 08:59:43,1772758783,0,d2888e7,2060809052783100928,？
BV18PPyzAEK7,116175828685250,败给高德，卖身广告：百度地图从巅峰到衰落,王鲤鱼OnDrive,2026-03-05 17:24:33,1557102,1839,1,败给高德，卖身广告：百度地图从巅峰到衰落,36472358174,269.44800,1,25,16777215,2026-03-06 08:32:16,1772757136,0,e53c4629,2060795239882427392,什么样的花园里面开什么样的花
BV18PPyzAEK7,116175828685250,败给高德，卖身广告：百度地图从巅峰到衰落,王鲤鱼OnDrive,2026-03-05 17:24:33,1557102,1839,1,败给高德，卖身广告：百度地图从巅峰到衰落,36472358174,298.28500,1,25,16777215,2026-03-06 08:01:00,1772755260,0,4b159cf2,2060779507140736768,各家的智能地图以后一定也加广告！问题不是地图的问题，是广告问题。如果规范广告的植入不会让人反感才是关键
BV18PPyzAEK7,116175828685250,败给高德，卖身广告：百度地图从巅峰到衰落,王鲤鱼OnDrive,2026-03-05 17:24:33,1557102,1839,1,败给高德，卖身广告：百度地图从巅峰到衰落,36472358174,258.65300,1,25,16777215,2026-03-06 07:17:07,1772752627,0,9aeca752,2060757419248271360,都难用，要是有哪家导航能做到同级水平又没有各种打扰，绝对不用这两家
BV18PPyzAEK7,116175828685250,败给高德，卖身广告：百度地图从巅峰到衰落,王鲤鱼OnDrive,2026-03-05 17:24:33,1557102,1839,1,败给高德，卖身广告：百度地图从巅峰到衰落,36472358174,88.65100,1,25,16777215,2026-03-06 06:53:03,1772751183,0,b80dd299,2060745303254237696,bd挣钱没底线，就是流氓
BV18PPyzAEK7,116175828685250,败给高德，卖身广告：百度地图从巅峰到衰落,王鲤鱼OnDrive,2026-03-05 17:24:33,1557102,1839,1,败给高德，卖身广告：百度地图从巅峰到衰落,36472358174,215.13300,1,25,16646914,2026-03-06 03:01:14,1772737274,0,63a34035,2060628622288420864,高德重新定义“克制”
BV18PPyzAEK7,116175828685250,败给高德，卖身广告：百度地图从巅峰到衰落,王鲤鱼OnDrive,2026-03-05 17:24:33,1557102,1839,1,败给高德，卖身广告：百度地图从巅峰到衰落,36472358174,263.96500,1,25,16777215,2026-03-06 00:32:05,1772728325,0,cd6514ac,2060553554615249408,对的
BV18PPyzAEK7,116175828685250,败给高德，卖身广告：百度地图从巅峰到衰落,王鲤鱼OnDrive,2026-03-05 17:24:33,1557102,1839,1,败给高德，卖身广告：百度地图从巅峰到衰落,36472358174,8.89900,1,25,16777215,2026-03-06 00:28:42,1772728122,0,75e09267,2060551852164290304,高德也有广告
BV18PPyzAEK7,116175828685250,败给高德，卖身广告：百度地图从巅峰到衰落,王鲤鱼OnDrive,2026-03-05 17:24:33,1557102,1839,1,败给高德，卖身广告：百度地图从巅峰到衰落,36472358174,222.18000,1,25,16777215,2026-03-05 22:19:32,1772720372,0,3da9294b,2060486841156514816,地图的收益主要在toB
BV18PPyzAEK7,116175828685250,败给高德，卖身广告：百度地图从巅峰到衰落,王鲤鱼OnDrive,2026-03-05 17:24:33,1557102,1839,1,败给高德，卖身广告：百度地图从巅峰到衰落,36472358174,72.51200,1,25,16777215,2026-03-05 22:01:47,1772719307,0,eb0437aa,2060477906970439936,没一个成的
BV18PPyzAEK7,116175828685250,败给高德，卖身广告：百度地图从巅峰到衰落,王鲤鱼OnDrive,2026-03-05 17:24:33,1557102,1839,1,败给高德，卖身广告：百度地图从巅峰到衰落,36472358174,213.38100,1,25,16777215,2026-03-05 20:42:53,1772714573,0,37ce078a,2060438197120835328,克制在哪
BV18PPyzAEK7,116175828685250,败给高德，卖身广告：百度地图从巅峰到衰落,王鲤鱼OnDrive,2026-03-05 17:24:33,1557102,1839,1,败给高德，卖身广告：百度地图从巅峰到衰落,36472358174,146.06600,1,25,16777215,2026-03-05 20:28:59,1772713739,0,dc2ff18f,2060431203723137280,搜索的时候高德更慢
BV18PPyzAEK7,116175828685250,败给高德，卖身广告：百度地图从巅峰到衰落,王鲤鱼OnDrive,2026-03-05 17:24:33,1557102,1839,1,败给高德，卖身广告：百度地图从巅峰到衰落,36472358174,25.91900,1,25,16777215,2026-03-05 20:13:49,1772712829,0,a35e5e02,2060423562220750848,咋没看到老虎凯立德这些
BV18PPyzAEK7,116175828685250,败给高德，卖身广告：百度地图从巅峰到衰落,王鲤鱼OnDrive,2026-03-05 17:24:33,1557102,1839,1,败给高德，卖身广告：百度地图从巅峰到衰落,36472358174,291.30900,1,25,16777215,2026-09-28 12:28:02,1790569682,0,aaf69698,2210217706228611840,导航地图我感觉这种是属于基建类的应该有北斗导航 官方直接下场制作一款
BV18PPyzAEK7,116175828685250,败给高德，卖身广告：百度地图从巅峰到衰落,王鲤鱼OnDrive,2026-03-05 17:24:33,1557102,1839,1,败给高德，卖身广告：百度地图从巅峰到衰落,36472358174,23.30100,1,25,16777215,2026-09-28 12:22:03,1790569323,0,aaf69698,2210214691832828672,跟他语音交互 有一搭没一搭 让他退出 死活不退
BV18PPyzAEK7,116175828685250,败给高德，卖身广告：百度地图从巅峰到衰落,王鲤鱼OnDrive,2026-03-05 17:24:33,1557102,1839,1,败给高德，卖身广告：百度地图从巅峰到衰落,36472358174,164.28100,1,25,16777215,2026-09-22 17:52:17,1790070737,0,e69f6eef,2206032254735121408,什么都做什么都做不好
BV18PPyzAEK7,116175828685250,败给高德，卖身广告：百度地图从巅峰到衰落,王鲤鱼OnDrive,2026-03-05 17:24:33,1557102,1839,1,败给高德，卖身广告：百度地图从巅峰到衰落,36472358174,260.47000,1,25,16777215,2026-09-22 07:10:49,1790032249,0,f8fb5d2a,2205709394854061824,这种APP国家要介入，要投入
BV18PPyzAEK7,116175828685250,败给高德，卖身广告：百度地图从巅峰到衰落,王鲤鱼OnDrive,2026-03-05 17:24:33,1557102,1839,1,败给高德，卖身广告：百度地图从巅峰到衰落,36472358174,193.72700,1,25,16777215,2026-09-21 11:46:25,1789962385,0,35194e83,2205123327146742784,弹幕太假了吧，现在除非你去搜索，高德不会主动给你任何推荐
BV18PPyzAEK7,116175828685250,败给高德，卖身广告：百度地图从巅峰到衰落,王鲤鱼OnDrive,2026-03-05 17:24:33,1557102,1839,1,败给高德，卖身广告：百度地图从巅峰到衰落,36472358174,292.81100,1,25,38979,2026-09-13 19:49:14,1789300154,0,3eff62a,2199568132015405824,一些边角料吹谷歌地图，笑死了
BV18PPyzAEK7,116175828685250,败给高德，卖身广告：百度地图从巅峰到衰落,王鲤鱼OnDrive,2026-03-05 17:24:33,1557102,1839,1,败给高德，卖身广告：百度地图从巅峰到衰落,36472358174,89.14100,1,25,16777215,2026-09-03 18:48:31,1788432511,0,af8be755,2192289816011086336,真实活该！
BV18PPyzAEK7,116175828685250,败给高德，卖身广告：百度地图从巅峰到衰落,王鲤鱼OnDrive,2026-03-05 17:24:33,1557102,1839,1,败给高德，卖身广告：百度地图从巅峰到衰落,36472358174,179.96300,1,25,16777215,2026-09-03 13:32:53,1788413573,0,917b559a,2192130956075986176,现在呢哈哈哈哈
BV18PPyzAEK7,116175828685250,败给高德，卖身广告：百度地图从巅峰到衰落,王鲤鱼OnDrive,2026-03-05 17:24:33,1557102,1839,1,败给高德，卖身广告：百度地图从巅峰到衰落,36472358174,268.83200,1,25,16777215,2026-09-02 09:24:09,1788312249,0,41aec171,2191280988381413888,盈利是企业最终目的，不可能一直补贴
BV18PPyzAEK7,116175828685250,败给高德，卖身广告：百度地图从巅峰到衰落,王鲤鱼OnDrive,2026-03-05 17:24:33,1557102,1839,1,败给高德，卖身广告：百度地图从巅峰到衰落,36472358174,192.44900,1,25,16777215,2026-09-02 09:22:09,1788312129,0,41aec171,2191279975909931776,没有那么高尚，就是为了先解决市场占有率
BV18PPyzAEK7,116175828685250,败给高德，卖身广告：百度地图从巅峰到衰落,王鲤鱼OnDrive,2026-03-05 17:24:33,1557102,1839,1,败给高德，卖身广告：百度地图从巅峰到衰落,36472358174,212.93200,1,25,16777215,2026-09-01 07:08:18,1788217698,0,b53bdfe6,2190487834673359616,o(≧▽≦)o
BV18PPyzAEK7,116175828685250,败给高德，卖身广告：百度地图从巅峰到衰落,王鲤鱼OnDrive,2026-03-05 17:24:33,1557102,1839,1,败给高德，卖身广告：百度地图从巅峰到衰落,36472358174,183.99100,1,25,16777215,2026-08-29 12:08:18,1787976498,0,b60de94a,2188464503472027392,现在不他妈也是全家桶
BV18PPyzAEK7,116175828685250,败给高德，卖身广告：百度地图从巅峰到衰落,王鲤鱼OnDrive,2026-03-05 17:24:33,1557102,1839,1,败给高德，卖身广告：百度地图从巅峰到衰落,36472358174,78.42800,1,25,16777215,2026-08-25 12:46:34,1787633194,0,93d35bd8,2185584655548741376,怀念糯米，被收购之前很好用
BV18PPyzAEK7,116175828685250,败给高德，卖身广告：百度地图从巅峰到衰落,王鲤鱼OnDrive,2026-03-05 17:24:33,1557102,1839,1,败给高德，卖身广告：百度地图从巅峰到衰落,36472358174,299.63000,1,25,16777215,2026-08-18 00:32:03,1786984323,0,c40bc615,2180141536028468992,不难嘛？
BV18PPyzAEK7,116175828685250,败给高德，卖身广告：百度地图从巅峰到衰落,王鲤鱼OnDrive,2026-03-05 17:24:33,1557102,1839,1,败给高德，卖身广告：百度地图从巅峰到衰落,36472358174,288.67100,1,25,16777215,2026-08-17 12:40:22,1786941622,0,805fbd5e,2179783332223887872,导航、订酒店、门票都是高德，你功能可以多，但不能打扰我
BV18PPyzAEK7,116175828685250,败给高德，卖身广告：百度地图从巅峰到衰落,王鲤鱼OnDrive,2026-03-05 17:24:33,1557102,1839,1,败给高德，卖身广告：百度地图从巅峰到衰落,36472358174,12.40500,1,25,16777215,2026-08-01 19:44:56,1785584696,0,98c5bb27,2168400610943866880,？
BV18PPyzAEK7,116175828685250,败给高德，卖身广告：百度地图从巅峰到衰落,王鲤鱼OnDrive,2026-03-05 17:24:33,1557102,1839,1,败给高德，卖身广告：百度地图从巅峰到衰落,36472358174,204.48200,1,25,16777215,2026-08-01 17:42:00,1785577320,0,3a5c7970,2168338735203557888,一丘之貉
BV18PPyzAEK7,116175828685250,败给高德，卖身广告：百度地图从巅峰到衰落,王鲤鱼OnDrive,2026-03-05 17:24:33,1557102,1839,1,败给高德，卖身广告：百度地图从巅峰到衰落,36472358174,110.60300,1,25,16777215,2026-08-01 11:51:15,1785556275,0,cac16098,2168162196554192640,搞乱七八糟的时候就已卸载
BV18PPyzAEK7,116175828685250,败给高德，卖身广告：百度地图从巅峰到衰落,王鲤鱼OnDrive,2026-03-05 17:24:33,1557102,1839,1,败给高德，卖身广告：百度地图从巅峰到衰落,36472358174,82.18200,1,25,16777215,2026-07-31 17:42:37,1785490957,0,c5e3bf76,2167614276536390656,一个没成
BV18PPyzAEK7,116175828685250,败给高德，卖身广告：百度地图从巅峰到衰落,王鲤鱼OnDrive,2026-03-05 17:24:33,1557102,1839,1,败给高德，卖身广告：百度地图从巅峰到衰落,36472358174,186.13900,1,25,16777215,2026-07-27 09:39:44,1785116384,0,4d4ea604,2164472125137316864,现在呢
BV18PPyzAEK7,116175828685250,败给高德，卖身广告：百度地图从巅峰到衰落,王鲤鱼OnDrive,2026-03-05 17:24:33,1557102,1839,1,败给高德，卖身广告：百度地图从巅峰到衰落,36472358174,127.53900,1,25,16777215,2026-07-27 09:38:40,1785116320,0,4d4ea604,2164471587083445248,高德在走同样的路
BV18PPyzAEK7,116175828685250,败给高德，卖身广告：百度地图从巅峰到衰落,王鲤鱼OnDrive,2026-03-05 17:24:33,1557102,1839,1,败给高德，卖身广告：百度地图从巅峰到衰落,36472358174,102.72000,1,25,16777215,2026-07-23 06:11:16,1784758276,0,e7dbfd1e,2161468099860785920,李彦宏就是个只想拿钱不想服务的败家玩意儿
BV18PPyzAEK7,116175828685250,败给高德，卖身广告：百度地图从巅峰到衰落,王鲤鱼OnDrive,2026-03-05 17:24:33,1557102,1839,1,败给高德，卖身广告：百度地图从巅峰到衰落,36472358174,20.52300,1,25,16777215,2026-07-21 19:37:26,1784633846,0,fb401026,2160424304436077824,有人发现了牛皮癣最后那个字读xuan吗
BV18PPyzAEK7,116175828685250,败给高德，卖身广告：百度地图从巅峰到衰落,王鲤鱼OnDrive,2026-03-05 17:24:33,1557102,1839,1,败给高德，卖身广告：百度地图从巅峰到衰落,36472358174,212.45400,5,25,10546688,2026-07-13 20:11:31,1783944691,0,a5665df8,2154643255697287168,"缺德导航，有永结无间的土御门胡桃,桃桃儿的语音导航"
BV18PPyzAEK7,116175828685250,败给高德，卖身广告：百度地图从巅峰到衰落,王鲤鱼OnDrive,2026-03-05 17:24:33,1557102,1839,1,败给高德，卖身广告：百度地图从巅峰到衰落,36472358174,92.46200,1,25,16777215,2026-07-13 19:46:49,1783943209,0,299dccdf,2154630824225102592,现在高德实现了他的梦想，能打车能订酒店团购美食，就差外卖了
BV18PPyzAEK7,116175828685250,败给高德，卖身广告：百度地图从巅峰到衰落,王鲤鱼OnDrive,2026-03-05 17:24:33,1557102,1839,1,败给高德，卖身广告：百度地图从巅峰到衰落,36472358174,44.75300,1,25,16777215,2026-06-30 14:45:58,1782801958,0,e39e2326,2145057314297291008,只用高德
BV18PPyzAEK7,116175828685250,败给高德，卖身广告：百度地图从巅峰到衰落,王鲤鱼OnDrive,2026-03-05 17:24:33,1557102,1839,1,败给高德，卖身广告：百度地图从巅峰到衰落,36472358174,57.83200,1,25,16777215,2026-06-27 17:03:41,1782551021,0,c6b6d123,2142952303236475648,有一次给我导到死胡同里去了
BV18PPyzAEK7,116175828685250,败给高德，卖身广告：百度地图从巅峰到衰落,王鲤鱼OnDrive,2026-03-05 17:24:33,1557102,1839,1,败给高德，卖身广告：百度地图从巅峰到衰落,36472358174,304.55900,1,25,16777215,2026-06-26 17:19:45,1782465585,0,549ce492,2142235613369028864,这就是把谷歌赶出去的后果
BV18PPyzAEK7,116175828685250,败给高德，卖身广告：百度地图从巅峰到衰落,王鲤鱼OnDrive,2026-03-05 17:24:33,1557102,1839,1,败给高德，卖身广告：百度地图从巅峰到衰落,36472358174,55.74400,1,25,16777215,2026-06-24 22:04:24,1782309864,0,63395fa7,2140929334347856128,我一直都用高德谢谢。07年我就开车了
BV18PPyzAEK7,116175828685250,败给高德，卖身广告：百度地图从巅峰到衰落,王鲤鱼OnDrive,2026-03-05 17:24:33,1557102,1839,1,败给高德，卖身广告：百度地图从巅峰到衰落,36472358174,3.11100,1,25,16777215,2026-06-24 18:22:49,1782296569,0,1035c7c7,2140817802016938752,倒闭了吧，这种垃圾
BV18PPyzAEK7,116175828685250,败给高德，卖身广告：百度地图从巅峰到衰落,王鲤鱼OnDrive,2026-03-05 17:24:33,1557102,1839,1,败给高德，卖身广告：百度地图从巅峰到衰落,36472358174,74.44000,1,25,16777215,2026-06-24 12:58:55,1782277135,0,afa48d50,2140654779973085440,结果干啥啥不行
BV18PPyzAEK7,116175828685250,败给高德，卖身广告：百度地图从巅峰到衰落,王鲤鱼OnDrive,2026-03-05 17:24:33,1557102,1839,1,败给高德，卖身广告：百度地图从巅峰到衰落,36472358174,293.50000,1,25,16646914,2026-06-23 12:47:12,1782190032,0,576c327d,2139924105607824384,跟人一样，由生到死需要一个过程
BV18PPyzAEK7,116175828685250,败给高德，卖身广告：百度地图从巅峰到衰落,王鲤鱼OnDrive,2026-03-05 17:24:33,1557102,1839,1,败给高德，卖身广告：百度地图从巅峰到衰落,36472358174,231.26800,1,25,16777215,2026-06-19 19:13:41,1781867621,0,5faab489,2137219528219292672,高德打车，找周边酒店也挺好。
BV18PPyzAEK7,116175828685250,败给高德，卖身广告：百度地图从巅峰到衰落,王鲤鱼OnDrive,2026-03-05 17:24:33,1557102,1839,1,败给高德，卖身广告：百度地图从巅峰到衰落,36472358174,310.47800,1,25,16777215,2026-06-18 21:31:16,1781789476,0,3ec5fa82,2136564002578042624,不用
BV18PPyzAEK7,116175828685250,败给高德，卖身广告：百度地图从巅峰到衰落,王鲤鱼OnDrive,2026-03-05 17:24:33,1557102,1839,1,败给高德，卖身广告：百度地图从巅峰到衰落,36472358174,189.31300,1,25,16777215,2026-06-18 20:16:29,1781784989,0,1f9787c2,2136526360503133696,现在也有了
BV18PPyzAEK7,116175828685250,败给高德，卖身广告：百度地图从巅峰到衰落,王鲤鱼OnDrive,2026-03-05 17:24:33,1557102,1839,1,败给高德，卖身广告：百度地图从巅峰到衰落,36472358174,193.43300,1,25,16777215,2026-06-17 17:44:43,1781689483,0,fa0d65b3,2135725200514903808,呵呵
BV18PPyzAEK7,116175828685250,败给高德，卖身广告：百度地图从巅峰到衰落,王鲤鱼OnDrive,2026-03-05 17:24:33,1557102,1839,1,败给高德，卖身广告：百度地图从巅峰到衰落,36472358174,13.01900,1,25,16777215,2026-06-17 16:21:40,1781684500,0,a7bd1532,2135683393890204160,高德一样播报广告
BV18PPyzAEK7,116175828685250,败给高德，卖身广告：百度地图从巅峰到衰落,王鲤鱼OnDrive,2026-03-05 17:24:33,1557102,1839,1,败给高德，卖身广告：百度地图从巅峰到衰落,36472358174,14.92100,5,25,16777215,2026-06-17 02:58:18,1781636298,0,760672ae,2135279050107808512,红牛这招太狠了
BV18PPyzAEK7,116175828685250,败给高德，卖身广告：百度地图从巅峰到衰落,王鲤鱼OnDrive,2026-03-05 17:24:33,1557102,1839,1,败给高德，卖身广告：百度地图从巅峰到衰落,36472358174,186.80400,1,25,16777215,2026-06-16 15:51:22,1781596282,0,896d49ed,2134943373650904320,啪啪啪
BV18PPyzAEK7,116175828685250,败给高德，卖身广告：百度地图从巅峰到衰落,王鲤鱼OnDrive,2026-03-05 17:24:33,1557102,1839,1,败给高德，卖身广告：百度地图从巅峰到衰落,36472358174,254.03600,1,25,16777215,2026-06-16 12:30:54,1781584254,0,3181c531,2134842470658692352,如果有一个纯净又精准的导航，我愿意付费使用
BV18PPyzAEK7,116175828685250,败给高德，卖身广告：百度地图从巅峰到衰落,王鲤鱼OnDrive,2026-03-05 17:24:33,1557102,1839,1,败给高德，卖身广告：百度地图从巅峰到衰落,36472358174,252.74300,1,25,16777215,2026-06-16 12:30:37,1781584237,0,3181c531,2134842334075333888,面多加水，水多加面，结果就死了
BV18PPyzAEK7,116175828685250,败给高德，卖身广告：百度地图从巅峰到衰落,王鲤鱼OnDrive,2026-03-05 17:24:33,1557102,1839,1,败给高德，卖身广告：百度地图从巅峰到衰落,36472358174,46.12700,1,25,16777215,2026-06-15 12:05:22,1781496322,0,8a94c4ae,2134104847103472128,度是一家披着科技外衣的广告公司
BV18PPyzAEK7,116175828685250,败给高德，卖身广告：百度地图从巅峰到衰落,王鲤鱼OnDrive,2026-03-05 17:24:33,1557102,1839,1,败给高德，卖身广告：百度地图从巅峰到衰落,36472358174,206.32300,1,25,16777215,2026-06-15 11:22:34,1781493754,0,c4cf16ae,2134083300703814912,这下看懂了
BV18PPyzAEK7,116175828685250,败给高德，卖身广告：百度地图从巅峰到衰落,王鲤鱼OnDrive,2026-03-05 17:24:33,1557102,1839,1,败给高德，卖身广告：百度地图从巅峰到衰落,36472358174,130.36900,1,25,16777215,2026-06-15 10:27:20,1781490440,0,66330059,2134055506183697920,？地图不就是指路用的加那么多广告何意味
BV18PPyzAEK7,116175828685250,败给高德，卖身广告：百度地图从巅峰到衰落,王鲤鱼OnDrive,2026-03-05 17:24:33,1557102,1839,1,败给高德，卖身广告：百度地图从巅峰到衰落,36472358174,100.48300,1,25,16777215,2026-06-12 20:13:56,1781266436,0,6f6a4dc6,2132176425200714752,卡的一笔
BV18PPyzAEK7,116175828685250,败给高德，卖身广告：百度地图从巅峰到衰落,王鲤鱼OnDrive,2026-03-05 17:24:33,1557102,1839,1,败给高德，卖身广告：百度地图从巅峰到衰落,36472358174,204.26200,1,25,16777215,2026-06-12 08:39:31,1781224771,0,fdfd2ab,2131826909561439488,不知道你们试过没，高德后台导航时，重进app第一是弹广告。有遇过吗
BV18PPyzAEK7,116175828685250,败给高德，卖身广告：百度地图从巅峰到衰落,王鲤鱼OnDrive,2026-03-05 17:24:33,1557102,1839,1,败给高德，卖身广告：百度地图从巅峰到衰落,36472358174,193.13100,1,25,16777215,2026-06-12 04:42:42,1781210562,0,8c769a9a,2131707716324948992,高德里面全是广告啊。
BV18PPyzAEK7,116175828685250,败给高德，卖身广告：百度地图从巅峰到衰落,王鲤鱼OnDrive,2026-03-05 17:24:33,1557102,1839,1,败给高德，卖身广告：百度地图从巅峰到衰落,36472358174,154.80000,1,25,16777215,2026-06-09 14:48:51,1780987731,0,a06f53ca,2129838476689056256,这俩软件一个味儿高德也那样
BV18PPyzAEK7,116175828685250,败给高德，卖身广告：百度地图从巅峰到衰落,王鲤鱼OnDrive,2026-03-05 17:24:33,1557102,1839,1,败给高德，卖身广告：百度地图从巅峰到衰落,36472358174,304.99200,1,25,16777215,2026-06-08 20:06:45,1780920405,0,2cc465f5,2129273700452471552,天下没有免费的午餐
BV18PPyzAEK7,116175828685250,败给高德，卖身广告：百度地图从巅峰到衰落,王鲤鱼OnDrive,2026-03-05 17:24:33,1557102,1839,1,败给高德，卖身广告：百度地图从巅峰到衰落,36472358174,266.22900,1,25,16777215,2026-06-06 11:06:17,1780715177,0,7e321ab2,2127552128947344384,但是说实话，偶尔用一次加油订酒店这些薅到券了还是很实惠的，真比别的平台便宜。
BV18PPyzAEK7,116175828685250,败给高德，卖身广告：百度地图从巅峰到衰落,王鲤鱼OnDrive,2026-03-05 17:24:33,1557102,1839,1,败给高德，卖身广告：百度地图从巅峰到衰落,36472358174,113.30300,1,25,16777215,2026-06-05 13:26:23,1780637183,0,cde6da82,2126897862075057408,他那个想法是对的，但实现的方法太难看了
BV18PPyzAEK7,116175828685250,败给高德，卖身广告：百度地图从巅峰到衰落,王鲤鱼OnDrive,2026-03-05 17:24:33,1557102,1839,1,败给高德，卖身广告：百度地图从巅峰到衰落,36472358174,90.97500,1,25,16777215,2026-06-05 13:25:22,1780637122,0,cde6da82,2126897356611205376,当年他做梦都想做支付
BV18PPyzAEK7,116175828685250,败给高德，卖身广告：百度地图从巅峰到衰落,王鲤鱼OnDrive,2026-03-05 17:24:33,1557102,1839,1,败给高德，卖身广告：百度地图从巅峰到衰落,36472358174,19.77100,1,25,16777215,2026-06-04 12:20:44,1780546844,0,124303a3,2126140050764115712,？？？
BV18PPyzAEK7,116175828685250,败给高德，卖身广告：百度地图从巅峰到衰落,王鲤鱼OnDrive,2026-03-05 17:24:33,1557102,1839,1,败给高德，卖身广告：百度地图从巅峰到衰落,36472358174,37.69600,1,25,16777215,2026-06-03 18:34:31,1780482871,0,afdb4c6,2125603401730920448,结束的时候还行，好歹要盈利，正导航的时候来广告，恶心还危险
BV18PPyzAEK7,116175828685250,败给高德，卖身广告：百度地图从巅峰到衰落,王鲤鱼OnDrive,2026-03-05 17:24:33,1557102,1839,1,败给高德，卖身广告：百度地图从巅峰到衰落,36472358174,13.28000,1,25,16777215,2026-06-03 18:33:25,1780482805,0,afdb4c6,2125602848770705920,？？？？会出事的，厉害了我的度
BV18PPyzAEK7,116175828685250,败给高德，卖身广告：百度地图从巅峰到衰落,王鲤鱼OnDrive,2026-03-05 17:24:33,1557102,1839,1,败给高德，卖身广告：百度地图从巅峰到衰落,36472358174,300.78100,1,25,16777215,2026-06-03 15:16:08,1780470968,0,b4e11ca3,2125503551559129600,一分钱不花 还这么多要求 我同意地图加广告 别影响开车就行 否则倒闭了都没得用
BV18PPyzAEK7,116175828685250,败给高德，卖身广告：百度地图从巅峰到衰落,王鲤鱼OnDrive,2026-03-05 17:24:33,1557102,1839,1,败给高德，卖身广告：百度地图从巅峰到衰落,36472358174,277.79100,1,25,16777215,2026-06-03 15:13:08,1780470788,0,b4e11ca3,2125502044646398976,开始割韭菜了
BV18PPyzAEK7,116175828685250,败给高德，卖身广告：百度地图从巅峰到衰落,王鲤鱼OnDrive,2026-03-05 17:24:33,1557102,1839,1,败给高德，卖身广告：百度地图从巅峰到衰落,36472358174,214.87600,1,25,16777215,2026-06-03 15:11:24,1780470684,0,b4e11ca3,2125501173615383040,杀猪盘 先养再割
BV18PPyzAEK7,116175828685250,败给高德，卖身广告：百度地图从巅峰到衰落,王鲤鱼OnDrive,2026-03-05 17:24:33,1557102,1839,1,败给高德，卖身广告：百度地图从巅峰到衰落,36472358174,182.17300,1,25,16777215,2026-06-03 15:10:38,1780470638,0,b4e11ca3,2125500786439251712,现在呢？
BV18PPyzAEK7,116175828685250,败给高德，卖身广告：百度地图从巅峰到衰落,王鲤鱼OnDrive,2026-03-05 17:24:33,1557102,1839,1,败给高德，卖身广告：百度地图从巅峰到衰落,36472358174,128.80400,1,25,16777215,2026-06-03 15:09:21,1780470561,0,b4e11ca3,2125500142705589760,还有联通和移动的app 弄一堆破烂 完全没人用
BV18PPyzAEK7,116175828685250,败给高德，卖身广告：百度地图从巅峰到衰落,王鲤鱼OnDrive,2026-03-05 17:24:33,1557102,1839,1,败给高德，卖身广告：百度地图从巅峰到衰落,36472358174,29.96500,1,25,16777215,2026-06-03 10:15:43,1780452943,0,1c061f1c,2125352346070091264,语音广告其实还行不会每句话都重复广告
BV18PPyzAEK7,116175828685250,败给高德，卖身广告：百度地图从巅峰到衰落,王鲤鱼OnDrive,2026-03-05 17:24:33,1557102,1839,1,败给高德，卖身广告：百度地图从巅峰到衰落,36472358174,130.84100,1,25,16777215,2026-06-02 18:56:44,1780397804,0,12310d58,2124889806739351552,我倒是会拿高德打车就是了。不过也算是找路的关联项
BV18PPyzAEK7,116175828685250,败给高德，卖身广告：百度地图从巅峰到衰落,王鲤鱼OnDrive,2026-03-05 17:24:33,1557102,1839,1,败给高德，卖身广告：百度地图从巅峰到衰落,36472358174,214.06000,1,25,16777215,2026-05-31 11:17:41,1780197461,0,231876,2123209209457105664,有各种入口，但是不会霸屏
BV18PPyzAEK7,116175828685250,败给高德，卖身广告：百度地图从巅峰到衰落,王鲤鱼OnDrive,2026-03-05 17:24:33,1557102,1839,1,败给高德，卖身广告：百度地图从巅峰到衰落,36472358174,18.73200,1,25,16777215,2026-05-31 11:14:05,1780197245,0,231876,2123207400940157184,广告地图
BV18PPyzAEK7,116175828685250,败给高德，卖身广告：百度地图从巅峰到衰落,王鲤鱼OnDrive,2026-03-05 17:24:33,1557102,1839,1,败给高德，卖身广告：百度地图从巅峰到衰落,36472358174,306.97800,1,25,16777215,2026-05-30 23:33:41,1780155221,0,9c84566b,2122854878497521664,用
BV18PPyzAEK7,116175828685250,败给高德，卖身广告：百度地图从巅峰到衰落,王鲤鱼OnDrive,2026-03-05 17:24:33,1557102,1839,1,败给高德，卖身广告：百度地图从巅峰到衰落,36472358174,186.20900,1,25,16777215,2026-05-30 16:22:30,1780129350,0,d5871952,2122637851040125696,剩下的是千分之9百9十9
BV18PPyzAEK7,116175828685250,败给高德，卖身广告：百度地图从巅峰到衰落,王鲤鱼OnDrive,2026-03-05 17:24:33,1557102,1839,1,败给高德，卖身广告：百度地图从巅峰到衰落,36472358174,182.25400,1,25,16777215,2026-05-26 20:51:18,1779799878,0,83a5de21,2119874043862662144,说瞎话呢，一堆广告
BV18PPyzAEK7,116175828685250,败给高德，卖身广告：百度地图从巅峰到衰落,王鲤鱼OnDrive,2026-03-05 17:24:33,1557102,1839,1,败给高德，卖身广告：百度地图从巅峰到衰落,36472358174,123.05300,1,25,16777215,2026-05-25 11:49:14,1779680954,0,9e128cc1,2118876432590753536,用户在看地图的时候至少一半的注意力在看路上
BV18PPyzAEK7,116175828685250,败给高德，卖身广告：百度地图从巅峰到衰落,王鲤鱼OnDrive,2026-03-05 17:24:33,1557102,1839,1,败给高德，卖身广告：百度地图从巅峰到衰落,36472358174,218.88200,1,25,16777215,2026-05-24 16:13:20,1779610400,0,3b727b99,2118284589243209728,高德有广告吗？经常用也没发觉，反正很好用 没有被打扰过
BV18PPyzAEK7,116175828685250,败给高德，卖身广告：百度地图从巅峰到衰落,王鲤鱼OnDrive,2026-03-05 17:24:33,1557102,1839,1,败给高德，卖身广告：百度地图从巅峰到衰落,36472358174,241.64500,1,25,16777215,2026-05-24 12:42:02,1779597722,0,5e00a806,2118178233874320896,人才
BV18PPyzAEK7,116175828685250,败给高德，卖身广告：百度地图从巅峰到衰落,王鲤鱼OnDrive,2026-03-05 17:24:33,1557102,1839,1,败给高德，卖身广告：百度地图从巅峰到衰落,36472358174,297.42500,1,25,16777215,2026-05-23 17:03:53,1779527033,0,898db79e,2117585253609982720,打车功能是必要的
BV18PPyzAEK7,116175828685250,败给高德，卖身广告：百度地图从巅峰到衰落,王鲤鱼OnDrive,2026-03-05 17:24:33,1557102,1839,1,败给高德，卖身广告：百度地图从巅峰到衰落,36472358174,270.11800,1,25,16777215,2026-05-23 17:02:48,1779526968,0,898db79e,2117584704013570816,有用就行
BV18PPyzAEK7,116175828685250,败给高德，卖身广告：百度地图从巅峰到衰落,王鲤鱼OnDrive,2026-03-05 17:24:33,1557102,1839,1,败给高德，卖身广告：百度地图从巅峰到衰落,36472358174,136.18600,1,25,16777215,2026-05-23 17:00:12,1779526812,0,898db79e,2117583398108574208,高德打车订酒店很有用
BV18PPyzAEK7,116175828685250,败给高德，卖身广告：百度地图从巅峰到衰落,王鲤鱼OnDrive,2026-03-05 17:24:33,1557102,1839,1,败给高德，卖身广告：百度地图从巅峰到衰落,36472358174,107.72200,1,25,16777215,2026-05-23 15:17:51,1779520671,0,561a9780,2117531884514513664,入口搞错了再多的钱都白费
BV18PPyzAEK7,116175828685250,败给高德，卖身广告：百度地图从巅峰到衰落,王鲤鱼OnDrive,2026-03-05 17:24:33,1557102,1839,1,败给高德，卖身广告：百度地图从巅峰到衰落,36472358174,187.05200,1,25,16777215,2026-05-23 12:40:18,1779511218,0,30d2cd1d,2117452584284779520,是吗？
BV18PPyzAEK7,116175828685250,败给高德，卖身广告：百度地图从巅峰到衰落,王鲤鱼OnDrive,2026-03-05 17:24:33,1557102,1839,1,败给高德，卖身广告：百度地图从巅峰到衰落,36472358174,183.69900,1,25,16777215,2026-05-22 23:25:23,1779463523,0,4526b86,2117052489986545664,现在高德也推了
BV18PPyzAEK7,116175828685250,败给高德，卖身广告：百度地图从巅峰到衰落,王鲤鱼OnDrive,2026-03-05 17:24:33,1557102,1839,1,败给高德，卖身广告：百度地图从巅峰到衰落,36472358174,133.83300,1,25,16777215,2026-05-22 22:30:12,1779460212,0,532fe730,2117024714181766400,高德基本的导航做得好
BV18PPyzAEK7,116175828685250,败给高德，卖身广告：百度地图从巅峰到衰落,王鲤鱼OnDrive,2026-03-05 17:24:33,1557102,1839,1,败给高德，卖身广告：百度地图从巅峰到衰落,36472358174,30.43100,1,25,16777215,2026-05-22 13:20:22,1779427222,0,9596351a,2116747975757123072,学学人家谷歌地图吧，国内的地图软件使用体验太差了
BV18PPyzAEK7,116175828685250,败给高德，卖身广告：百度地图从巅峰到衰落,王鲤鱼OnDrive,2026-03-05 17:24:33,1557102,1839,1,败给高德，卖身广告：百度地图从巅峰到衰落,36472358174,185.68300,1,25,16777215,2026-05-22 13:14:32,1779426872,0,d7cc1bb8,2116745039853723136,现在又回来了
BV18PPyzAEK7,116175828685250,败给高德，卖身广告：百度地图从巅峰到衰落,王鲤鱼OnDrive,2026-03-05 17:24:33,1557102,1839,1,败给高德，卖身广告：百度地图从巅峰到衰落,36472358174,273.78100,1,25,16777215,2026-05-22 13:07:57,1779426477,0,bd4843e0,2116741724407270144,现在好多东西都变味了，就比如说京东里面甚至还有短视频……
BV18PPyzAEK7,116175828685250,败给高德，卖身广告：百度地图从巅峰到衰落,王鲤鱼OnDrive,2026-03-05 17:24:33,1557102,1839,1,败给高德，卖身广告：百度地图从巅峰到衰落,36472358174,74.04700,1,25,16777215,2026-05-22 07:14:33,1779405273,0,59db36b0,2116563856616331520,就是不搞科技
BV18PPyzAEK7,116175828685250,败给高德，卖身广告：百度地图从巅峰到衰落,王鲤鱼OnDrive,2026-03-05 17:24:33,1557102,1839,1,败给高德，卖身广告：百度地图从巅峰到衰落,36472358174,309.35300,1,25,16777215,2026-05-21 22:51:08,1779375068,0,f7c1a9d3,2116310479676265216,用
BV18PPyzAEK7,116175828685250,败给高德，卖身广告：百度地图从巅峰到衰落,王鲤鱼OnDrive,2026-03-05 17:24:33,1557102,1839,1,败给高德，卖身广告：百度地图从巅峰到衰落,36472358174,44.92900,1,25,16777215,2026-05-19 22:08:43,1779199723,0,e7fba1e,2114839575440150528,高德就是牛皮癣
BV18PPyzAEK7,116175828685250,败给高德，卖身广告：百度地图从巅峰到衰落,王鲤鱼OnDrive,2026-03-05 17:24:33,1557102,1839,1,败给高德，卖身广告：百度地图从巅峰到衰落,36472358174,263.90000,1,25,16777215,2026-05-19 07:39:26,1779147566,0,675b1899,2114402051785299712,老版本还行
BV18PPyzAEK7,116175828685250,败给高德，卖身广告：百度地图从巅峰到衰落,王鲤鱼OnDrive,2026-03-05 17:24:33,1557102,1839,1,败给高德，卖身广告：百度地图从巅峰到衰落,36472358174,183.38500,1,25,16777215,2026-05-19 07:36:01,1779147361,0,781709c5,2114400335057066752,哪里不做了，现在是真香
BV18PPyzAEK7,116175828685250,败给高德，卖身广告：百度地图从巅峰到衰落,王鲤鱼OnDrive,2026-03-05 17:24:33,1557102,1839,1,败给高德，卖身广告：百度地图从巅峰到衰落,36472358174,128.85800,1,25,16777215,2026-05-18 09:14:11,1779066851,0,c866acc6,2113724966271772160,这还要调研吗？我闲的没事开地图看啊？
BV18PPyzAEK7,116175828685250,败给高德，卖身广告：百度地图从巅峰到衰落,王鲤鱼OnDrive,2026-03-05 17:24:33,1557102,1839,1,败给高德，卖身广告：百度地图从巅峰到衰落,36472358174,299.62500,1,25,16777215,2026-05-16 23:32:08,1778945528,0,6b632eb4,2112707231929321472,国产软件有干净的吗
BV18PPyzAEK7,116175828685250,败给高德，卖身广告：百度地图从巅峰到衰落,王鲤鱼OnDrive,2026-03-05 17:24:33,1557102,1839,1,败给高德，卖身广告：百度地图从巅峰到衰落,36472358174,55.41300,1,25,16777215,2026-05-16 08:23:57,1778891037,0,277b7ef7,2112250134925813504,一直在用
BV18PPyzAEK7,116175828685250,败给高德，卖身广告：百度地图从巅峰到衰落,王鲤鱼OnDrive,2026-03-05 17:24:33,1557102,1839,1,败给高德，卖身广告：百度地图从巅峰到衰落,36472358174,53.24400,1,25,16777215,2026-05-14 11:59:39,1778731179,0,55c4f6b1,2110909143040472832,这背景音乐对嘛
BV18PPyzAEK7,116175828685250,败给高德，卖身广告：百度地图从巅峰到衰落,王鲤鱼OnDrive,2026-03-05 17:24:33,1557102,1839,1,败给高德，卖身广告：百度地图从巅峰到衰落,36472358174,297.16000,1,25,16777215,2026-05-13 13:46:58,1778651218,0,46ab69e9,2110238379852897280,说谷歌地图的，你这是跪久了忘了人类是可以直立的吧。你去美国体验一下谷歌地图。
BV18PPyzAEK7,116175828685250,败给高德，卖身广告：百度地图从巅峰到衰落,王鲤鱼OnDrive,2026-03-05 17:24:33,1557102,1839,1,败给高德，卖身广告：百度地图从巅峰到衰落,36472358174,72.32100,1,25,16777215,2026-05-12 23:13:09,1778598789,0,e3556ce5,2109798575520906496,啥都想干，啥都做不好
BV18PPyzAEK7,116175828685250,败给高德，卖身广告：百度地图从巅峰到衰落,王鲤鱼OnDrive,2026-03-05 17:24:33,1557102,1839,1,败给高德，卖身广告：百度地图从巅峰到衰落,36472358174,166.67500,1,25,16777215,2026-05-12 13:14:25,1778562865,0,3d8d14fc,2109497223745346304,高德貌似专业一些。
BV18PPyzAEK7,116175828685250,败给高德，卖身广告：百度地图从巅峰到衰落,王鲤鱼OnDrive,2026-03-05 17:24:33,1557102,1839,1,败给高德，卖身广告：百度地图从巅峰到衰落,36472358174,96.99700,1,25,16777215,2026-05-12 13:13:15,1778562795,0,3d8d14fc,2109496639185417728,收皮啦~
BV18PPyzAEK7,116175828685250,败给高德，卖身广告：百度地图从巅峰到衰落,王鲤鱼OnDrive,2026-03-05 17:24:33,1557102,1839,1,败给高德，卖身广告：百度地图从巅峰到衰落,36472358174,81.60700,1,25,16777215,2026-05-12 13:13:00,1778562780,0,3d8d14fc,2109496509690344960,还是高德专业。
BV18PPyzAEK7,116175828685250,败给高德，卖身广告：百度地图从巅峰到衰落,王鲤鱼OnDrive,2026-03-05 17:24:33,1557102,1839,1,败给高德，卖身广告：百度地图从巅峰到衰落,36472358174,304.67100,1,25,16777215,2026-05-12 08:16:01,1778544961,0,6e0b5cd3,2109347038906204672,没有利益，谁给你做这东西？
BV18PPyzAEK7,116175828685250,败给高德，卖身广告：百度地图从巅峰到衰落,王鲤鱼OnDrive,2026-03-05 17:24:33,1557102,1839,1,败给高德，卖身广告：百度地图从巅峰到衰落,36472358174,193.92500,1,25,16777215,2026-05-11 21:11:43,1778505103,0,d9de5bb7,2109012685114453248,高德活成了对手的样子
BV18PPyzAEK7,116175828685250,败给高德，卖身广告：百度地图从巅峰到衰落,王鲤鱼OnDrive,2026-03-05 17:24:33,1557102,1839,1,败给高德，卖身广告：百度地图从巅峰到衰落,36472358174,185.28200,1,25,16777215,2026-05-10 12:04:44,1778385884,0,186a20ac,2108012598531359232,高德一样有酒店，打车，这些啊。感觉用的挺方便的啊
BV18PPyzAEK7,116175828685250,败给高德，卖身广告：百度地图从巅峰到衰落,王鲤鱼OnDrive,2026-03-05 17:24:33,1557102,1839,1,败给高德，卖身广告：百度地图从巅峰到衰落,36472358174,108.84500,1,25,16777215,2026-05-10 11:59:40,1778385580,0,186a20ac,2108010047656222464,高德不也有这些
BV18PPyzAEK7,116175828685250,败给高德，卖身广告：百度地图从巅峰到衰落,王鲤鱼OnDrive,2026-03-05 17:24:33,1557102,1839,1,败给高德，卖身广告：百度地图从巅峰到衰落,36472358174,298.74500,1,25,16777215,2026-05-09 18:15:48,1778321748,0,27067410,2107474592775183104,还谷歌呢，谷歌贼难用。
BV18PPyzAEK7,116175828685250,败给高德，卖身广告：百度地图从巅峰到衰落,王鲤鱼OnDrive,2026-03-05 17:24:33,1557102,1839,1,败给高德，卖身广告：百度地图从巅峰到衰落,36472358174,58.53000,1,25,16777215,2026-05-08 22:39:21,1778251161,0,6e346768,2106882461723614208,地图接入本地服务 拼车订房卖菜，加油都要抽佣金 ，很赚的
BV18PPyzAEK7,116175828685250,败给高德，卖身广告：百度地图从巅峰到衰落,王鲤鱼OnDrive,2026-03-05 17:24:33,1557102,1839,1,败给高德，卖身广告：百度地图从巅峰到衰落,36472358174,224.42600,1,25,16777215,2026-05-03 03:08:56,1777748936,0,b1433d60,2102669496753484544,其实是搞得找的合作商多，只要和地图有关的基本都是默认安有高德（比如车机的地图）
BV18PPyzAEK7,116175828685250,败给高德，卖身广告：百度地图从巅峰到衰落,王鲤鱼OnDrive,2026-03-05 17:24:33,1557102,1839,1,败给高德，卖身广告：百度地图从巅峰到衰落,36472358174,126.10700,1,25,16777215,2026-04-29 09:25:43,1777425943,0,dc547e0a,2099960030828292608,不然呢？
BV18PPyzAEK7,116175828685250,败给高德，卖身广告：百度地图从巅峰到衰落,王鲤鱼OnDrive,2026-03-05 17:24:33,1557102,1839,1,败给高德，卖身广告：百度地图从巅峰到衰落,36472358174,77.71700,1,25,16777215,2026-04-29 09:24:50,1777425890,0,dc547e0a,2099959588119700736,行业冥灯
BV18PPyzAEK7,116175828685250,败给高德，卖身广告：百度地图从巅峰到衰落,王鲤鱼OnDrive,2026-03-05 17:24:33,1557102,1839,1,败给高德，卖身广告：百度地图从巅峰到衰落,36472358174,73.92200,1,25,16777215,2026-04-28 20:15:21,1777378521,0,1b4be14a,2099562229397011712,全挂了
BV18PPyzAEK7,116175828685250,败给高德，卖身广告：百度地图从巅峰到衰落,王鲤鱼OnDrive,2026-03-05 17:24:33,1557102,1839,1,败给高德，卖身广告：百度地图从巅峰到衰落,36472358174,50.01900,1,25,16777215,2026-04-27 13:32:05,1777267925,0,3f41addd,2098634480792516096,从来没王了，到处是坑
BV18PPyzAEK7,116175828685250,败给高德，卖身广告：百度地图从巅峰到衰落,王鲤鱼OnDrive,2026-03-05 17:24:33,1557102,1839,1,败给高德，卖身广告：百度地图从巅峰到衰落,36472358174,33.41900,1,25,16777215,2026-04-27 13:31:34,1777267894,0,3f41addd,2098634223320873984,李彦宏确实是个0
BV18PPyzAEK7,116175828685250,败给高德，卖身广告：百度地图从巅峰到衰落,王鲤鱼OnDrive,2026-03-05 17:24:33,1557102,1839,1,败给高德，卖身广告：百度地图从巅峰到衰落,36472358174,33.26000,1,25,16777215,2026-04-22 12:58:20,1776833900,0,b1111c5,2094993617462125312,魏则西：别忘了我
BV18PPyzAEK7,116175828685250,败给高德，卖身广告：百度地图从巅峰到衰落,王鲤鱼OnDrive,2026-03-05 17:24:33,1557102,1839,1,败给高德，卖身广告：百度地图从巅峰到衰落,36472358174,35.50600,1,25,16777215,2026-04-20 20:11:43,1776687103,0,79b070d8,2093762195342521088,一直用腾讯地图
BV18PPyzAEK7,116175828685250,败给高德，卖身广告：百度地图从巅峰到衰落,王鲤鱼OnDrive,2026-03-05 17:24:33,1557102,1839,1,败给高德，卖身广告：百度地图从巅峰到衰落,36472358174,154.85800,1,25,16777215,2026-04-19 15:45:36,1776584736,0,d4efcfdb,2092903472365582336,归根结底李彦宏的问题
BV18PPyzAEK7,116175828685250,败给高德，卖身广告：百度地图从巅峰到衰落,王鲤鱼OnDrive,2026-03-05 17:24:33,1557102,1839,1,败给高德，卖身广告：百度地图从巅峰到衰落,36472358174,263.67300,1,25,16777215,2026-04-19 13:37:26,1776577046,0,aaf53b22,2092838971175798016,平台很坑的
BV18PPyzAEK7,116175828685250,败给高德，卖身广告：百度地图从巅峰到衰落,王鲤鱼OnDrive,2026-03-05 17:24:33,1557102,1839,1,败给高德，卖身广告：百度地图从巅峰到衰落,36472358174,16.15800,1,25,16777215,2026-04-18 14:07:17,1776492437,0,c2a2cd15,2092129213578286336,一条人命而已
BV18PPyzAEK7,116175828685250,败给高德，卖身广告：百度地图从巅峰到衰落,王鲤鱼OnDrive,2026-03-05 17:24:33,1557102,1839,1,败给高德，卖身广告：百度地图从巅峰到衰落,36472358174,69.12400,1,25,16777215,2026-04-17 07:30:52,1776382252,0,6f7ae825,2091204919125371136,经典乱买铺开业务
BV18PPyzAEK7,116175828685250,败给高德，卖身广告：百度地图从巅峰到衰落,王鲤鱼OnDrive,2026-03-05 17:24:33,1557102,1839,1,败给高德，卖身广告：百度地图从巅峰到衰落,36472358174,293.18300,1,25,16777215,2026-04-13 00:58:28,1776013108,0,d3eb19ba,2088108313455067136,我用高德看公交，导航，加油看目的地买票挺好。而且不会觉得他打搅我，因为你不点那些功能就不会出来
BV18PPyzAEK7,116175828685250,败给高德，卖身广告：百度地图从巅峰到衰落,王鲤鱼OnDrive,2026-03-05 17:24:33,1557102,1839,1,败给高德，卖身广告：百度地图从巅峰到衰落,36472358174,190.77500,1,25,16777215,2026-04-12 21:09:26,1775999366,0,f86c708a,2087993037103330048,谁？！
BV18PPyzAEK7,116175828685250,败给高德，卖身广告：百度地图从巅峰到衰落,王鲤鱼OnDrive,2026-03-05 17:24:33,1557102,1839,1,败给高德，卖身广告：百度地图从巅峰到衰落,36472358174,164.61700,1,25,16777215,2026-04-09 17:12:23,1775725943,0,ae7c06f0,2085699399224683520,这就给高德地图迎来好时机
BV18PPyzAEK7,116175828685250,败给高德，卖身广告：百度地图从巅峰到衰落,王鲤鱼OnDrive,2026-03-05 17:24:33,1557102,1839,1,败给高德，卖身广告：百度地图从巅峰到衰落,36472358174,31.12500,1,25,16777215,2026-04-09 01:02:59,1775667779,0,52e6123f,2085211481771010304,用谷歌商店安装高德，惊喜
BV18PPyzAEK7,116175828685250,败给高德，卖身广告：百度地图从巅峰到衰落,王鲤鱼OnDrive,2026-03-05 17:24:33,1557102,1839,1,败给高德，卖身广告：百度地图从巅峰到衰落,36472358174,287.38000,1,25,16777215,2026-04-04 12:01:59,1775275319,0,201119ca,2081919287643208448,那以后华为地图就有希望了
BV18PPyzAEK7,116175828685250,败给高德，卖身广告：百度地图从巅峰到衰落,王鲤鱼OnDrive,2026-03-05 17:24:33,1557102,1839,1,败给高德，卖身广告：百度地图从巅峰到衰落,36472358174,301.65600,1,25,16777215,2026-04-02 18:48:45,1775126925,0,4ee130f1,2080674474000972032,苹果地图
BV18PPyzAEK7,116175828685250,败给高德，卖身广告：百度地图从巅峰到衰落,王鲤鱼OnDrive,2026-03-05 17:24:33,1557102,1839,1,败给高德，卖身广告：百度地图从巅峰到衰落,36472358174,22.75600,1,25,16777215,2026-04-01 18:49:15,1775040555,0,434cda7a,2079949949147837440,太离谱了
BV18PPyzAEK7,116175828685250,败给高德，卖身广告：百度地图从巅峰到衰落,王鲤鱼OnDrive,2026-03-05 17:24:33,1557102,1839,1,败给高德，卖身广告：百度地图从巅峰到衰落,36472358174,31.54100,1,25,16777215,2026-03-31 11:06:51,1774926411,0,359e11f0,2078992438542257152,高德有吗？怎么我从来没遇到过啊
BV18PPyzAEK7,116175828685250,败给高德，卖身广告：百度地图从巅峰到衰落,王鲤鱼OnDrive,2026-03-05 17:24:33,1557102,1839,1,败给高德，卖身广告：百度地图从巅峰到衰落,36472358174,129.57600,1,25,16777215,2026-03-31 08:51:46,1774918306,0,ef77b1fb,2078924448404778496,剩下的4成是打车
BV18PPyzAEK7,116175828685250,败给高德，卖身广告：百度地图从巅峰到衰落,王鲤鱼OnDrive,2026-03-05 17:24:33,1557102,1839,1,败给高德，卖身广告：百度地图从巅峰到衰落,36472358174,30.13900,1,25,16777215,2026-03-30 22:59:26,1774882766,0,4f5becf8,2078626314407671296,不忘初心
BV18PPyzAEK7,116175828685250,败给高德，卖身广告：百度地图从巅峰到衰落,王鲤鱼OnDrive,2026-03-05 17:24:33,1557102,1839,1,败给高德，卖身广告：百度地图从巅峰到衰落,36472358174,13.98400,1,25,16777215,2026-03-30 20:53:03,1774875183,0,e75df005,2078562702821488640,卧槽？ 这样玩？
BV18PPyzAEK7,116175828685250,败给高德，卖身广告：百度地图从巅峰到衰落,王鲤鱼OnDrive,2026-03-05 17:24:33,1557102,1839,1,败给高德，卖身广告：百度地图从巅峰到衰落,36472358174,195.04600,1,25,16777215,2026-03-30 13:31:52,1774848712,0,93549309,2078340653036946688,笑死，路线推荐算法及其不准
BV18PPyzAEK7,116175828685250,败给高德，卖身广告：百度地图从巅峰到衰落,王鲤鱼OnDrive,2026-03-05 17:24:33,1557102,1839,1,败给高德，卖身广告：百度地图从巅峰到衰落,36472358174,75.90000,1,25,16777215,2026-03-30 11:16:54,1774840614,0,d38ae83e,2078272720168408832,搞一个死一个，只能说好死
BV18PPyzAEK7,116175828685250,败给高德，卖身广告：百度地图从巅峰到衰落,王鲤鱼OnDrive,2026-03-05 17:24:33,1557102,1839,1,败给高德，卖身广告：百度地图从巅峰到衰落,36472358174,293.62900,1,25,16777215,2026-03-30 10:33:21,1774838001,0,8bc7150d,2078250797539787776,谷歌无敌
BV18PPyzAEK7,116175828685250,败给高德，卖身广告：百度地图从巅峰到衰落,王鲤鱼OnDrive,2026-03-05 17:24:33,1557102,1839,1,败给高德，卖身广告：百度地图从巅峰到衰落,36472358174,185.57300,1,25,16777215,2026-03-29 18:24:30,1774779870,0,104afaef,2077763160769352448,现在高德啥都有了
BV18PPyzAEK7,116175828685250,败给高德，卖身广告：百度地图从巅峰到衰落,王鲤鱼OnDrive,2026-03-05 17:24:33,1557102,1839,1,败给高德，卖身广告：百度地图从巅峰到衰落,36472358174,302.11200,1,25,16777215,2026-03-29 16:02:24,1774771344,0,1f022196,2077691641309320704,企业要挣钱
BV18PPyzAEK7,116175828685250,败给高德，卖身广告：百度地图从巅峰到衰落,王鲤鱼OnDrive,2026-03-05 17:24:33,1557102,1839,1,败给高德，卖身广告：百度地图从巅峰到衰落,36472358174,81.82400,1,25,16777215,2026-03-29 15:58:30,1774771110,0,1f022196,2077689678408549376,一个没成
BV18PPyzAEK7,116175828685250,败给高德，卖身广告：百度地图从巅峰到衰落,王鲤鱼OnDrive,2026-03-05 17:24:33,1557102,1839,1,败给高德，卖身广告：百度地图从巅峰到衰落,36472358174,198.98800,1,25,16777215,2026-03-28 23:56:31,1774713391,0,8437c0ca,2077205495084816640,现在的高德体验也开始变差了
BV18PPyzAEK7,116175828685250,败给高德，卖身广告：百度地图从巅峰到衰落,王鲤鱼OnDrive,2026-03-05 17:24:33,1557102,1839,1,败给高德，卖身广告：百度地图从巅峰到衰落,36472358174,181.71200,1,25,16777215,2026-03-27 23:55:19,1774626919,0,5d73e467,2076480116321968640,呵呵
BV18PPyzAEK7,116175828685250,败给高德，卖身广告：百度地图从巅峰到衰落,王鲤鱼OnDrive,2026-03-05 17:24:33,1557102,1839,1,败给高德，卖身广告：百度地图从巅峰到衰落,36472358174,217.07900,1,25,16777215,2026-03-27 23:04:26,1774623866,0,8afaf8bd,2076454504123675648,平时就用高德的探路看红绿灯，基本每天都用
BV18PPyzAEK7,116175828685250,败给高德，卖身广告：百度地图从巅峰到衰落,王鲤鱼OnDrive,2026-03-05 17:24:33,1557102,1839,1,败给高德，卖身广告：百度地图从巅峰到衰落,36472358174,0.00000,1,25,16777215,2026-03-27 18:41:54,1774608114,0,e2575e07,2076322367701077504,哦豁
BV18PPyzAEK7,116175828685250,败给高德，卖身广告：百度地图从巅峰到衰落,王鲤鱼OnDrive,2026-03-05 17:24:33,1557102,1839,1,败给高德，卖身广告：百度地图从巅峰到衰落,36472358174,265.06800,1,25,16777215,2026-03-27 14:23:42,1774592622,0,276b98c2,2076192412006974464,还真是
BV18PPyzAEK7,116175828685250,败给高德，卖身广告：百度地图从巅峰到衰落,王鲤鱼OnDrive,2026-03-05 17:24:33,1557102,1839,1,败给高德，卖身广告：百度地图从巅峰到衰落,36472358174,20.22800,1,25,16777215,2026-03-27 12:22:29,1774585349,0,4742d172,2076131403431211520,不往后翻几页你都找不到你搜的官网
BV18PPyzAEK7,116175828685250,败给高德，卖身广告：百度地图从巅峰到衰落,王鲤鱼OnDrive,2026-03-05 17:24:33,1557102,1839,1,败给高德，卖身广告：百度地图从巅峰到衰落,36472358174,288.82300,1,25,16777215,2026-03-26 23:39:42,1774539582,0,657c2a56,2075747480448111360,我觉得吃住行不冲突
BV18PPyzAEK7,116175828685250,败给高德，卖身广告：百度地图从巅峰到衰落,王鲤鱼OnDrive,2026-03-05 17:24:33,1557102,1839,1,败给高德，卖身广告：百度地图从巅峰到衰落,36472358174,13.96300,1,25,16777215,2026-03-26 18:05:42,1774519542,0,d0fbbc2d,2075579377374249984,6
BV18PPyzAEK7,116175828685250,败给高德，卖身广告：百度地图从巅峰到衰落,王鲤鱼OnDrive,2026-03-05 17:24:33,1557102,1839,1,败给高德，卖身广告：百度地图从巅峰到衰落,36472358174,185.27100,1,25,16777215,2026-03-26 13:18:57,1774502337,0,c9b73d0c,2075435044755429376,后来加回来了
BV18PPyzAEK7,116175828685250,败给高德，卖身广告：百度地图从巅峰到衰落,王鲤鱼OnDrive,2026-03-05 17:24:33,1557102,1839,1,败给高德，卖身广告：百度地图从巅峰到衰落,36472358174,122.36700,1,25,16777215,2026-03-26 13:07:51,1774501671,0,da6f3799,2075429457111664128,这还需要调研才能知道？啊
BV18PPyzAEK7,116175828685250,败给高德，卖身广告：百度地图从巅峰到衰落,王鲤鱼OnDrive,2026-03-05 17:24:33,1557102,1839,1,败给高德，卖身广告：百度地图从巅峰到衰落,36472358174,51.15100,1,25,16777215,2026-03-26 05:57:44,1774475864,0,4e2d0d51,2075212976315223808,导航之王？ 狗屁     高德永远霸主不服来辩
BV18PPyzAEK7,116175828685250,败给高德，卖身广告：百度地图从巅峰到衰落,王鲤鱼OnDrive,2026-03-05 17:24:33,1557102,1839,1,败给高德，卖身广告：百度地图从巅峰到衰落,36472358174,133.09400,1,25,41194,2026-03-26 02:46:26,1774464386,0,43c00a0f,2075116695428762368,心比天高，命比纸薄
BV18PPyzAEK7,116175828685250,败给高德，卖身广告：百度地图从巅峰到衰落,王鲤鱼OnDrive,2026-03-05 17:24:33,1557102,1839,1,败给高德，卖身广告：百度地图从巅峰到衰落,36472358174,180.37300,1,25,16777215,2026-03-24 22:33:46,1774362826,0,7b47aa81,2074264747905820416,现在不是了
BV18PPyzAEK7,116175828685250,败给高德，卖身广告：百度地图从巅峰到衰落,王鲤鱼OnDrive,2026-03-05 17:24:33,1557102,1839,1,败给高德，卖身广告：百度地图从巅峰到衰落,36472358174,27.90600,1,25,16777215,2026-03-24 22:31:04,1774362664,0,7b47aa81,2074263385872862464,从来没用过
BV18PPyzAEK7,116175828685250,败给高德，卖身广告：百度地图从巅峰到衰落,王鲤鱼OnDrive,2026-03-05 17:24:33,1557102,1839,1,败给高德，卖身广告：百度地图从巅峰到衰落,36472358174,46.26500,1,25,16777215,2026-03-24 20:22:22,1774354942,0,d3a66e8a,2074198610039398400,一直用腾讯地图
BV18PPyzAEK7,116175828685250,败给高德，卖身广告：百度地图从巅峰到衰落,王鲤鱼OnDrive,2026-03-05 17:24:33,1557102,1839,1,败给高德，卖身广告：百度地图从巅峰到衰落,36472358174,304.36600,1,25,16777215,2026-03-24 19:54:06,1774353246,0,669d6d06,2074184379504373248,功能多其实挺好的，打车点奶茶买门票我都用高德
BV18PPyzAEK7,116175828685250,败给高德，卖身广告：百度地图从巅峰到衰落,王鲤鱼OnDrive,2026-03-05 17:24:33,1557102,1839,1,败给高德，卖身广告：百度地图从巅峰到衰落,36472358174,185.34300,1,25,8700107,2026-03-23 16:35:17,1774254917,0,d3f44af1,2073359541277978112,使用千问可以在高德上订酒店打车
BV18PPyzAEK7,116175828685250,败给高德，卖身广告：百度地图从巅峰到衰落,王鲤鱼OnDrive,2026-03-05 17:24:33,1557102,1839,1,败给高德，卖身广告：百度地图从巅峰到衰落,36472358174,54.72700,1,25,8700107,2026-03-23 16:32:57,1774254777,0,d3f44af1,2073358361906775296,那时的凯立德是什么？
BV18PPyzAEK7,116175828685250,败给高德，卖身广告：百度地图从巅峰到衰落,王鲤鱼OnDrive,2026-03-05 17:24:33,1557102,1839,1,败给高德，卖身广告：百度地图从巅峰到衰落,36472358174,41.30400,1,25,16777215,2026-03-22 17:44:23,1774172663,0,2e5cfbfc,2072669537475960064,本来就是流氓
BV18PPyzAEK7,116175828685250,败给高德，卖身广告：百度地图从巅峰到衰落,王鲤鱼OnDrive,2026-03-05 17:24:33,1557102,1839,1,败给高德，卖身广告：百度地图从巅峰到衰落,36472358174,152.91200,1,25,16777215,2026-03-22 11:42:10,1774150930,0,296345c0,2072487228436981760,？
BV18PPyzAEK7,116175828685250,败给高德，卖身广告：百度地图从巅峰到衰落,王鲤鱼OnDrive,2026-03-05 17:24:33,1557102,1839,1,败给高德，卖身广告：百度地图从巅峰到衰落,36472358174,18.26200,1,25,16777215,2026-03-22 00:03:29,1774109009,0,59e27494,2072135574567465984,你就说看到之后还困不困吧
BV18PPyzAEK7,116175828685250,败给高德，卖身广告：百度地图从巅峰到衰落,王鲤鱼OnDrive,2026-03-05 17:24:33,1557102,1839,1,败给高德，卖身广告：百度地图从巅峰到衰落,36472358174,311.14000,1,25,16777215,2026-03-21 21:37:26,1774100246,0,820103d3,2072062064339477248,前面的 谷歌地图好用个锤子
BV18PPyzAEK7,116175828685250,败给高德，卖身广告：百度地图从巅峰到衰落,王鲤鱼OnDrive,2026-03-05 17:24:33,1557102,1839,1,败给高德，卖身广告：百度地图从巅峰到衰落,36472358174,303.63000,1,25,16777215,2026-03-21 13:35:45,1774071345,0,7f91a391,2071819627008966144,都是相互的，他们要是赚不到钱，凭什么免费给你做地图？
BV18PPyzAEK7,116175828685250,败给高德，卖身广告：百度地图从巅峰到衰落,王鲤鱼OnDrive,2026-03-05 17:24:33,1557102,1839,1,败给高德，卖身广告：百度地图从巅峰到衰落,36472358174,71.62600,1,25,16777215,2026-03-21 12:21:24,1774066884,0,e4fb4a79,2071782206904988928,投资啥，啥失败
BV18PPyzAEK7,116175828685250,败给高德，卖身广告：百度地图从巅峰到衰落,王鲤鱼OnDrive,2026-03-05 17:24:33,1557102,1839,1,败给高德，卖身广告：百度地图从巅峰到衰落,36472358174,185.44500,1,25,16777215,2026-03-21 11:18:54,1774063134,0,c01d1418,2071750746772773120,现在也有啊
BV18PPyzAEK7,116175828685250,败给高德，卖身广告：百度地图从巅峰到衰落,王鲤鱼OnDrive,2026-03-05 17:24:33,1557102,1839,1,败给高德，卖身广告：百度地图从巅峰到衰落,36472358174,306.04300,1,25,16777215,2026-03-20 22:57:41,1774018661,0,4628f003,2071377677071626496,你不是入场券。你只是用户，不爱用别用。
BV18PPyzAEK7,116175828685250,败给高德，卖身广告：百度地图从巅峰到衰落,王鲤鱼OnDrive,2026-03-05 17:24:33,1557102,1839,1,败给高德，卖身广告：百度地图从巅峰到衰落,36472358174,297.31800,1,25,16777215,2026-03-20 22:57:07,1774018627,0,4628f003,2071377390634092800,凭什么啊。你需要就花钱去买啊。订阅费159一个月，你要不要。又想好，又想巧
BV18PPyzAEK7,116175828685250,败给高德，卖身广告：百度地图从巅峰到衰落,王鲤鱼OnDrive,2026-03-05 17:24:33,1557102,1839,1,败给高德，卖身广告：百度地图从巅峰到衰落,36472358174,264.79600,1,25,16777215,2026-03-20 22:55:48,1774018548,0,4628f003,2071376727640461824,宇宙的尽头是带货
BV18PPyzAEK7,116175828685250,败给高德，卖身广告：百度地图从巅峰到衰落,王鲤鱼OnDrive,2026-03-05 17:24:33,1557102,1839,1,败给高德，卖身广告：百度地图从巅峰到衰落,36472358174,128.83500,1,25,16777215,2026-03-20 15:34:57,1773992097,0,4be21eec,2071154841057145856,现在高德也这样
BV18PPyzAEK7,116175828685250,败给高德，卖身广告：百度地图从巅峰到衰落,王鲤鱼OnDrive,2026-03-05 17:24:33,1557102,1839,1,败给高德，卖身广告：百度地图从巅峰到衰落,36472358174,9.06600,1,25,16777215,2026-03-20 15:29:37,1773991777,0,2b36c55a,2071152159596414208,还得是高德，其它算了
BV18PPyzAEK7,116175828685250,败给高德，卖身广告：百度地图从巅峰到衰落,王鲤鱼OnDrive,2026-03-05 17:24:33,1557102,1839,1,败给高德，卖身广告：百度地图从巅峰到衰落,36472358174,132.77900,1,25,16777215,2026-03-20 14:02:06,1773986526,0,18205093,2071108109766290176,打车基本都是滴滴和滴答，用地图基本就是要导航的时候才打开
BV18PPyzAEK7,116175828685250,败给高德，卖身广告：百度地图从巅峰到衰落,王鲤鱼OnDrive,2026-03-05 17:24:33,1557102,1839,1,败给高德，卖身广告：百度地图从巅峰到衰落,36472358174,182.79500,1,25,16777215,2026-03-20 12:55:34,1773982534,0,8f3d693b,2071074625487854336,？？？
BV18PPyzAEK7,116175828685250,败给高德，卖身广告：百度地图从巅峰到衰落,王鲤鱼OnDrive,2026-03-05 17:24:33,1557102,1839,1,败给高德，卖身广告：百度地图从巅峰到衰落,36472358174,68.23500,1,25,16777215,2026-03-20 12:48:46,1773982126,0,258c567c,2071071202658877696,凯立德和高德
BV18PPyzAEK7,116175828685250,败给高德，卖身广告：百度地图从巅峰到衰落,王鲤鱼OnDrive,2026-03-05 17:24:33,1557102,1839,1,败给高德，卖身广告：百度地图从巅峰到衰落,36472358174,128.71300,1,25,16777215,2026-03-20 10:59:29,1773975569,0,1cd52389,2071016198044136192,长途出行导航到地方后要吃要住，要找景点，这就是一整个生态
BV18PPyzAEK7,116175828685250,败给高德，卖身广告：百度地图从巅峰到衰落,王鲤鱼OnDrive,2026-03-05 17:24:33,1557102,1839,1,败给高德，卖身广告：百度地图从巅峰到衰落,36472358174,95.39200,1,25,16777215,2026-03-20 10:58:10,1773975490,0,1cd52389,2071015537634593280,体系整合还是和高德差太多
BV18PPyzAEK7,116175828685250,败给高德，卖身广告：百度地图从巅峰到衰落,王鲤鱼OnDrive,2026-03-05 17:24:33,1557102,1839,1,败给高德，卖身广告：百度地图从巅峰到衰落,36472358174,304.12500,1,25,16777215,2026-03-20 10:19:35,1773973175,0,13c7fad2,2070996115741982976,那要不你自己做个软件，自己雇团队确认地形
BV18PPyzAEK7,116175828685250,败给高德，卖身广告：百度地图从巅峰到衰落,王鲤鱼OnDrive,2026-03-05 17:24:33,1557102,1839,1,败给高德，卖身广告：百度地图从巅峰到衰落,36472358174,213.98000,1,25,16777215,2026-03-20 09:15:06,1773969306,0,11ae7b0e,2070963659420635392,早知道外卖快递网约车接入的都是高德
BV18PPyzAEK7,116175828685250,败给高德，卖身广告：百度地图从巅峰到衰落,王鲤鱼OnDrive,2026-03-05 17:24:33,1557102,1839,1,败给高德，卖身广告：百度地图从巅峰到衰落,36472358174,51.42000,1,25,16777215,2026-03-19 23:35:05,1773934505,0,5d543c7f,2070671729864960512,凯立德才是导航之王吧！
BV18PPyzAEK7,116175828685250,败给高德，卖身广告：百度地图从巅峰到衰落,王鲤鱼OnDrive,2026-03-05 17:24:33,1557102,1839,1,败给高德，卖身广告：百度地图从巅峰到衰落,36472358174,74.96400,1,25,16777215,2026-03-19 21:32:44,1773927164,0,be9fdf21,2070610147709262336,还有贷款业务
BV18PPyzAEK7,116175828685250,败给高德，卖身广告：百度地图从巅峰到衰落,王鲤鱼OnDrive,2026-03-05 17:24:33,1557102,1839,1,败给高德，卖身广告：百度地图从巅峰到衰落,36472358174,305.23900,1,25,16707842,2026-03-19 19:26:18,1773919578,0,99b923ac,2070546510604887040,也许付费地图又要回来了
BV18PPyzAEK7,116175828685250,败给高德，卖身广告：百度地图从巅峰到衰落,王鲤鱼OnDrive,2026-03-05 17:24:33,1557102,1839,1,败给高德，卖身广告：百度地图从巅峰到衰落,36472358174,174.79000,1,25,16777215,2026-03-19 19:17:21,1773919041,0,de8da40e,2070542006752450560,坏了
BV18PPyzAEK7,116175828685250,败给高德，卖身广告：百度地图从巅峰到衰落,王鲤鱼OnDrive,2026-03-05 17:24:33,1557102,1839,1,败给高德，卖身广告：百度地图从巅峰到衰落,36472358174,71.50900,1,25,16777215,2026-03-19 16:39:12,1773909552,0,8ee8afe2,2070462408518560000,干啥啥不行
BV18PPyzAEK7,116175828685250,败给高德，卖身广告：百度地图从巅峰到衰落,王鲤鱼OnDrive,2026-03-05 17:24:33,1557102,1839,1,败给高德，卖身广告：百度地图从巅峰到衰落,36472358174,197.36000,1,25,16777215,2026-03-19 11:38:26,1773891506,0,8da9b8e1,2070311023939805184,这是 2026 年的视频？高德难道不是全家桶吗
BV18PPyzAEK7,116175828685250,败给高德，卖身广告：百度地图从巅峰到衰落,王鲤鱼OnDrive,2026-03-05 17:24:33,1557102,1839,1,败给高德，卖身广告：百度地图从巅峰到衰落,36472358174,135.85500,1,25,16777215,2026-03-19 07:52:51,1773877971,0,25821ff9,2070197482058802432,导航找路、打车这两项好好搞，怎么会亏钱！
BV18PPyzAEK7,116175828685250,败给高德，卖身广告：百度地图从巅峰到衰落,王鲤鱼OnDrive,2026-03-05 17:24:33,1557102,1839,1,败给高德，卖身广告：百度地图从巅峰到衰落,36472358174,85.45800,1,25,16777215,2026-03-19 00:29:08,1773851348,0,4f16cdd0,2069974159957993216,卖房地图
BV18PPyzAEK7,116175828685250,败给高德，卖身广告：百度地图从巅峰到衰落,王鲤鱼OnDrive,2026-03-05 17:24:33,1557102,1839,1,败给高德，卖身广告：百度地图从巅峰到衰落,36472358174,47.54000,1,25,16777215,2026-03-18 21:14:18,1773839658,0,d34cb176,2069876094051471616,拉黑了事
BV18PPyzAEK7,116175828685250,败给高德，卖身广告：百度地图从巅峰到衰落,王鲤鱼OnDrive,2026-03-05 17:24:33,1557102,1839,1,败给高德，卖身广告：百度地图从巅峰到衰落,36472358174,101.88500,1,25,16777215,2026-03-18 11:22:14,1773804134,0,f3dd285e,2069578099062467584,吃相难看 没有企业责任和社会责任担当 唯利是图的公司
BV18PPyzAEK7,116175828685250,败给高德，卖身广告：百度地图从巅峰到衰落,王鲤鱼OnDrive,2026-03-05 17:24:33,1557102,1839,1,败给高德，卖身广告：百度地图从巅峰到衰落,36472358174,270.18100,1,25,16777215,2026-03-18 09:59:26,1773799166,0,6f19dce7,2069536420171007232,缺德地图
BV18PPyzAEK7,116175828685250,败给高德，卖身广告：百度地图从巅峰到衰落,王鲤鱼OnDrive,2026-03-05 17:24:33,1557102,1839,1,败给高德，卖身广告：百度地图从巅峰到衰落,36472358174,133.34200,1,25,16777215,2026-03-17 21:01:55,1773752515,0,3cb1d4e6,2069145082691015936,打车方便，在定位边上找吃的，跟酒店方便
BV18PPyzAEK7,116175828685250,败给高德，卖身广告：百度地图从巅峰到衰落,王鲤鱼OnDrive,2026-03-05 17:24:33,1557102,1839,1,败给高德，卖身广告：百度地图从巅峰到衰落,36472358174,40.16900,1,25,16777215,2026-03-17 20:51:55,1773751915,0,dc53d9fe,2069140054903365376,你真的是一个很low的博主。
BV18PPyzAEK7,116175828685250,败给高德，卖身广告：百度地图从巅峰到衰落,王鲤鱼OnDrive,2026-03-05 17:24:33,1557102,1839,1,败给高德，卖身广告：百度地图从巅峰到衰落,36472358174,28.92400,1,25,16777215,2026-03-17 20:51:29,1773751889,0,dc53d9fe,2069139836908597504,那现在是多少的份额呢？
BV18PPyzAEK7,116175828685250,败给高德，卖身广告：百度地图从巅峰到衰落,王鲤鱼OnDrive,2026-03-05 17:24:33,1557102,1839,1,败给高德，卖身广告：百度地图从巅峰到衰落,36472358174,181.45100,1,25,16777215,2026-03-17 10:49:03,1773715743,0,a32900f0,2068836617627764736,？？？
BV18PPyzAEK7,116175828685250,败给高德，卖身广告：百度地图从巅峰到衰落,王鲤鱼OnDrive,2026-03-05 17:24:33,1557102,1839,1,败给高德，卖身广告：百度地图从巅峰到衰落,36472358174,185.89900,1,25,16777215,2026-03-16 22:53:48,1773672828,0,a39027ad,2068476619660144640,高德不太一样，高德是你主动去搜他才有的
BV18PPyzAEK7,116175828685250,败给高德，卖身广告：百度地图从巅峰到衰落,王鲤鱼OnDrive,2026-03-05 17:24:33,1557102,1839,1,败给高德，卖身广告：百度地图从巅峰到衰落,36472358174,84.74800,1,25,16777215,2026-03-16 15:30:10,1773646210,0,add6e9dd,2068253330634818560,丸辣
BV18PPyzAEK7,116175828685250,败给高德，卖身广告：百度地图从巅峰到衰落,王鲤鱼OnDrive,2026-03-05 17:24:33,1557102,1839,1,败给高德，卖身广告：百度地图从巅峰到衰落,36472358174,112.75900,5,25,16777215,2026-03-16 03:17:56,1773602276,0,222f8f8a,2067884787066084608,样样通但无一精
BV18PPyzAEK7,116175828685250,败给高德，卖身广告：百度地图从巅峰到衰落,王鲤鱼OnDrive,2026-03-05 17:24:33,1557102,1839,1,败给高德，卖身广告：百度地图从巅峰到衰落,36472358174,35.43100,1,25,16777215,2026-03-16 01:09:18,1773594558,0,a302fe97,2067820044033232896,你信他财报？
BV18PPyzAEK7,116175828685250,败给高德，卖身广告：百度地图从巅峰到衰落,王鲤鱼OnDrive,2026-03-05 17:24:33,1557102,1839,1,败给高德，卖身广告：百度地图从巅峰到衰落,36472358174,154.64000,1,25,16777215,2026-03-16 00:35:35,1773592535,0,11c59d71,2067803077813782528,难道高德没有？
BV18PPyzAEK7,116175828685250,败给高德，卖身广告：百度地图从巅峰到衰落,王鲤鱼OnDrive,2026-03-05 17:24:33,1557102,1839,1,败给高德，卖身广告：百度地图从巅峰到衰落,36472358174,198.17000,1,25,16777215,2026-03-16 00:30:33,1773592233,0,5b9c38e,2067800539127021312,现在走加上了
BV18PPyzAEK7,116175828685250,败给高德，卖身广告：百度地图从巅峰到衰落,王鲤鱼OnDrive,2026-03-05 17:24:33,1557102,1839,1,败给高德，卖身广告：百度地图从巅峰到衰落,36472358174,178.85000,1,25,16777215,2026-03-15 23:43:34,1773589414,0,1cb7532e,2067776895851999488,俞永福的UC，被阿里玩死
BV18PPyzAEK7,116175828685250,败给高德，卖身广告：百度地图从巅峰到衰落,王鲤鱼OnDrive,2026-03-05 17:24:33,1557102,1839,1,败给高德，卖身广告：百度地图从巅峰到衰落,36472358174,94.23800,1,25,16777215,2026-03-15 23:41:32,1773589292,0,1cb7532e,2067775867190627072,最后就剩了个度小满
BV18PPyzAEK7,116175828685250,败给高德，卖身广告：百度地图从巅峰到衰落,王鲤鱼OnDrive,2026-03-05 17:24:33,1557102,1839,1,败给高德，卖身广告：百度地图从巅峰到衰落,36472358174,59.76100,1,25,16777215,2026-03-15 23:40:51,1773589251,0,1cb7532e,2067775525589721856,Java时代，老虎地图，凯立德
BV18PPyzAEK7,116175828685250,败给高德，卖身广告：百度地图从巅峰到衰落,王鲤鱼OnDrive,2026-03-05 17:24:33,1557102,1839,1,败给高德，卖身广告：百度地图从巅峰到衰落,36472358174,57.91400,5,25,15138834,2026-03-15 20:20:16,1773577216,0,ca15e231,2067674571259554560,完全照抄谷歌
BV18PPyzAEK7,116175828685250,败给高德，卖身广告：百度地图从巅峰到衰落,王鲤鱼OnDrive,2026-03-05 17:24:33,1557102,1839,1,败给高德，卖身广告：百度地图从巅峰到衰落,36472358174,37.26800,1,25,16777215,2026-03-15 18:59:22,1773572362,0,456a5c44,2067633848359563008,华为地图前来吃瓜
BV18PPyzAEK7,116175828685250,败给高德，卖身广告：百度地图从巅峰到衰落,王鲤鱼OnDrive,2026-03-05 17:24:33,1557102,1839,1,败给高德，卖身广告：百度地图从巅峰到衰落,36472358174,44.98700,1,25,16777215,2026-03-15 15:31:45,1773559905,0,2d6f1278,2067529358650000896,有没有可能。只是公司不挣。。。。
BV18PPyzAEK7,116175828685250,败给高德，卖身广告：百度地图从巅峰到衰落,王鲤鱼OnDrive,2026-03-05 17:24:33,1557102,1839,1,败给高德，卖身广告：百度地图从巅峰到衰落,36472358174,36.21100,1,25,16777215,2026-03-15 13:00:38,1773550838,0,b0e5fdca,2067453297169979136,李彦宏就是个出生
BV18PPyzAEK7,116175828685250,败给高德，卖身广告：百度地图从巅峰到衰落,王鲤鱼OnDrive,2026-03-05 17:24:33,1557102,1839,1,败给高德，卖身广告：百度地图从巅峰到衰落,36472358174,290.53300,1,25,16777215,2026-03-15 12:45:12,1773549912,0,dba09980,2067445529428248832,养肥了再杀
BV18PPyzAEK7,116175828685250,败给高德，卖身广告：百度地图从巅峰到衰落,王鲤鱼OnDrive,2026-03-05 17:24:33,1557102,1839,1,败给高德，卖身广告：百度地图从巅峰到衰落,36472358174,190.76700,1,25,16777215,2026-03-15 12:41:56,1773549716,0,dba09980,2067443885881979392,高德：先养熟，再杀熟
BV18PPyzAEK7,116175828685250,败给高德，卖身广告：百度地图从巅峰到衰落,王鲤鱼OnDrive,2026-03-05 17:24:33,1557102,1839,1,败给高德，卖身广告：百度地图从巅峰到衰落,36472358174,155.80000,1,25,16777215,2026-03-15 12:40:46,1773549646,0,dba09980,2067443297664298752,高德：谁不是呢
BV18PPyzAEK7,116175828685250,败给高德，卖身广告：百度地图从巅峰到衰落,王鲤鱼OnDrive,2026-03-05 17:24:33,1557102,1839,1,败给高德，卖身广告：百度地图从巅峰到衰落,36472358174,265.69500,1,25,16777215,2026-03-15 09:57:15,1773539835,0,d1920d9d,2067360993759131392,苹果自带的搞的就很好，精简高效
BV18PPyzAEK7,116175828685250,败给高德，卖身广告：百度地图从巅峰到衰落,王鲤鱼OnDrive,2026-03-05 17:24:33,1557102,1839,1,败给高德，卖身广告：百度地图从巅峰到衰落,36472358174,282.04300,1,25,16777215,2026-03-15 08:51:58,1773535918,0,cdeafea4,2067328136059892224,别试探了 你们互联网的人早就脱离群众了
BV18PPyzAEK7,116175828685250,败给高德，卖身广告：百度地图从巅峰到衰落,王鲤鱼OnDrive,2026-03-05 17:24:33,1557102,1839,1,败给高德，卖身广告：百度地图从巅峰到衰落,36472358174,14.32300,1,25,16777215,2026-03-15 06:47:17,1773528437,0,af44b415,2067265380606977280,明明是高德的新闻。
BV18PPyzAEK7,116175828685250,败给高德，卖身广告：百度地图从巅峰到衰落,王鲤鱼OnDrive,2026-03-05 17:24:33,1557102,1839,1,败给高德，卖身广告：百度地图从巅峰到衰落,36472358174,306.15000,1,25,16777215,2026-03-14 23:45:12,1773503112,0,48201df4,2067052938127377920,苹果地图连地名都一大堆错误的
BV18PPyzAEK7,116175828685250,败给高德，卖身广告：百度地图从巅峰到衰落,王鲤鱼OnDrive,2026-03-05 17:24:33,1557102,1839,1,败给高德，卖身广告：百度地图从巅峰到衰落,36472358174,91.55100,1,25,16777215,2026-03-14 23:29:55,1773502195,0,cd6723f2,2067045246277542400,思路确实
BV18PPyzAEK7,116175828685250,败给高德，卖身广告：百度地图从巅峰到衰落,王鲤鱼OnDrive,2026-03-05 17:24:33,1557102,1839,1,败给高德，卖身广告：百度地图从巅峰到衰落,36472358174,143.34100,1,25,16777215,2026-03-14 09:32:32,1773451952,0,24fd96e,2066623781690368512,上梁不正下梁歪
BV18PPyzAEK7,116175828685250,败给高德，卖身广告：百度地图从巅峰到衰落,王鲤鱼OnDrive,2026-03-05 17:24:33,1557102,1839,1,败给高德，卖身广告：百度地图从巅峰到衰落,36472358174,71.13700,1,25,16777215,2026-03-14 09:31:13,1773451873,0,24fd96e,2066623120466456576,可太有眼光了
BV18PPyzAEK7,116175828685250,败给高德，卖身广告：百度地图从巅峰到衰落,王鲤鱼OnDrive,2026-03-05 17:24:33,1557102,1839,1,败给高德，卖身广告：百度地图从巅峰到衰落,36472358174,288.09900,1,25,16777215,2026-03-14 09:16:36,1773450996,0,a1d123a6,2066615757626471168,你说的成本在那放着没钱哈也不是
BV18PPyzAEK7,116175828685250,败给高德，卖身广告：百度地图从巅峰到衰落,王鲤鱼OnDrive,2026-03-05 17:24:33,1557102,1839,1,败给高德，卖身广告：百度地图从巅峰到衰落,36472358174,307.47000,1,25,16777215,2026-03-13 23:19:52,1773415192,0,e35e129c,2066315411477711360,在啊
BV18PPyzAEK7,116175828685250,败给高德，卖身广告：百度地图从巅峰到衰落,王鲤鱼OnDrive,2026-03-05 17:24:33,1557102,1839,1,败给高德，卖身广告：百度地图从巅峰到衰落,36472358174,57.04000,1,25,16777215,2026-03-13 20:14:10,1773404050,0,b1396cdd,2066221949331285760,只用过城际通和高德
BV18PPyzAEK7,116175828685250,败给高德，卖身广告：百度地图从巅峰到衰落,王鲤鱼OnDrive,2026-03-05 17:24:33,1557102,1839,1,败给高德，卖身广告：百度地图从巅峰到衰落,36472358174,193.43800,1,25,16777215,2026-03-13 19:16:09,1773400569,0,3e55f324,2066192747421254400,高德后发，当然一开始要良心一点，你看现在呢？
BV18PPyzAEK7,116175828685250,败给高德，卖身广告：百度地图从巅峰到衰落,王鲤鱼OnDrive,2026-03-05 17:24:33,1557102,1839,1,败给高德，卖身广告：百度地图从巅峰到衰落,36472358174,295.19200,1,25,15138834,2026-03-13 16:01:20,1773388880,0,c0d94adf,2066094692050948864,华为就算了  你想要干净的地图  企业怎么赚钱？做慈善？除非付费使用 那更没人用
BV18PPyzAEK7,116175828685250,败给高德，卖身广告：百度地图从巅峰到衰落,王鲤鱼OnDrive,2026-03-05 17:24:33,1557102,1839,1,败给高德，卖身广告：百度地图从巅峰到衰落,36472358174,191.12700,1,25,16777215,2026-03-13 13:13:19,1773378799,0,50696545,2066010127349846016,你可拉倒吧，现在呢打车，酒店不都有了吗？
BV18PPyzAEK7,116175828685250,败给高德，卖身广告：百度地图从巅峰到衰落,王鲤鱼OnDrive,2026-03-05 17:24:33,1557102,1839,1,败给高德，卖身广告：百度地图从巅峰到衰落,36472358174,32.52000,1,25,16777215,2026-03-13 02:41:49,1773340909,0,cfc436c2,2065692285769306112,不用付费，就别叭叭了
BV18PPyzAEK7,116175828685250,败给高德，卖身广告：百度地图从巅峰到衰落,王鲤鱼OnDrive,2026-03-05 17:24:33,1557102,1839,1,败给高德，卖身广告：百度地图从巅峰到衰落,36472358174,73.46000,1,25,16777215,2026-03-12 21:17:19,1773321439,0,6df58435,2065528959521089536,啥都想做，啥都做不成
BV18PPyzAEK7,116175828685250,败给高德，卖身广告：百度地图从巅峰到衰落,王鲤鱼OnDrive,2026-03-05 17:24:33,1557102,1839,1,败给高德，卖身广告：百度地图从巅峰到衰落,36472358174,293.64200,1,25,16777215,2026-03-12 19:36:30,1773315390,0,6f004931,2065478213609626368,上面的KPI考核下来，只能慢慢这样整了。这也不是下面小喽啰能决定的
BV18PPyzAEK7,116175828685250,败给高德，卖身广告：百度地图从巅峰到衰落,王鲤鱼OnDrive,2026-03-05 17:24:33,1557102,1839,1,败给高德，卖身广告：百度地图从巅峰到衰落,36472358174,71.05100,1,25,16777215,2026-03-12 19:11:23,1773313883,0,3b224011,2065465571172642560,全部失败
BV18PPyzAEK7,116175828685250,败给高德，卖身广告：百度地图从巅峰到衰落,王鲤鱼OnDrive,2026-03-05 17:24:33,1557102,1839,1,败给高德，卖身广告：百度地图从巅峰到衰落,36472358174,271.70700,1,25,16777215,2026-03-12 18:50:49,1773312649,0,26db6f22,2065455222012347392,华为自带的地图是真干净
BV18PPyzAEK7,116175828685250,败给高德，卖身广告：百度地图从巅峰到衰落,王鲤鱼OnDrive,2026-03-05 17:24:33,1557102,1839,1,败给高德，卖身广告：百度地图从巅峰到衰落,36472358174,210.39500,5,25,9033215,2026-03-12 17:00:30,1773306030,0,7a1b0646,2065399693110071040,克制了个击败
BV18PPyzAEK7,116175828685250,败给高德，卖身广告：百度地图从巅峰到衰落,王鲤鱼OnDrive,2026-03-05 17:24:33,1557102,1839,1,败给高德，卖身广告：百度地图从巅峰到衰落,36472358174,268.94600,1,25,16777215,2026-03-12 14:53:06,1773298386,0,791fca7c,2065335570481316352,现在这2个软件都差不多了
BV18PPyzAEK7,116175828685250,败给高德，卖身广告：百度地图从巅峰到衰落,王鲤鱼OnDrive,2026-03-05 17:24:33,1557102,1839,1,败给高德，卖身广告：百度地图从巅峰到衰落,36472358174,84.04700,1,25,16777215,2026-03-12 14:16:49,1773296209,0,91af9148,2065317309253951488,这不成大份了吗
BV18PPyzAEK7,116175828685250,败给高德，卖身广告：百度地图从巅峰到衰落,王鲤鱼OnDrive,2026-03-05 17:24:33,1557102,1839,1,败给高德，卖身广告：百度地图从巅峰到衰落,36472358174,74.18600,1,25,16777215,2026-03-12 10:36:13,1773282973,0,d349d479,2065206280893000448,做一个黄一个 哈哈哈
BV18PPyzAEK7,116175828685250,败给高德，卖身广告：百度地图从巅峰到衰落,王鲤鱼OnDrive,2026-03-05 17:24:33,1557102,1839,1,败给高德，卖身广告：百度地图从巅峰到衰落,36472358174,282.68300,1,25,16777215,2026-03-12 09:11:00,1773277860,0,e1ed661,2065163386526311168,对比 google map 国内的这些地图 App 真的都是大份
BV18PPyzAEK7,116175828685250,败给高德，卖身广告：百度地图从巅峰到衰落,王鲤鱼OnDrive,2026-03-05 17:24:33,1557102,1839,1,败给高德，卖身广告：百度地图从巅峰到衰落,36472358174,300.91200,1,25,16777215,2026-03-12 08:36:37,1773275797,0,4e63f325,2065146082061109248,肯定难呀 你不付费成为客户 你就只能成为商品
BV18PPyzAEK7,116175828685250,败给高德，卖身广告：百度地图从巅峰到衰落,王鲤鱼OnDrive,2026-03-05 17:24:33,1557102,1839,1,败给高德，卖身广告：百度地图从巅峰到衰落,36472358174,36.75000,1,25,16777215,2026-03-12 01:15:46,1773249346,0,cf806f42,2064924194537997824,矿泉水呢
BV18PPyzAEK7,116175828685250,败给高德，卖身广告：百度地图从巅峰到衰落,王鲤鱼OnDrive,2026-03-05 17:24:33,1557102,1839,1,败给高德，卖身广告：百度地图从巅峰到衰落,36472358174,37.88800,5,25,16777215,2026-03-12 01:01:59,1773248519,0,190a536d,2064917256513274880,矿泉水洗头洗少了，再来几次他就知道错了
BV18PPyzAEK7,116175828685250,败给高德，卖身广告：百度地图从巅峰到衰落,王鲤鱼OnDrive,2026-03-05 17:24:33,1557102,1839,1,败给高德，卖身广告：百度地图从巅峰到衰落,36472358174,191.68400,1,25,16777215,2026-03-11 22:56:13,1773240973,0,3c01bc31,2064853958937268480,现在，真香，哈哈哈
BV18PPyzAEK7,116175828685250,败给高德，卖身广告：百度地图从巅峰到衰落,王鲤鱼OnDrive,2026-03-05 17:24:33,1557102,1839,1,败给高德，卖身广告：百度地图从巅峰到衰落,36472358174,14.42000,1,25,16777215,2026-03-11 22:52:17,1773240737,0,3c01bc31,2064851979469175040,6
BV18PPyzAEK7,116175828685250,败给高德，卖身广告：百度地图从巅峰到衰落,王鲤鱼OnDrive,2026-03-05 17:24:33,1557102,1839,1,败给高德，卖身广告：百度地图从巅峰到衰落,36472358174,41.23200,1,25,16777215,2026-03-11 22:50:27,1773240627,0,b432a091,2064851057729253632,UP的妆容有点儿不太协调
BV18PPyzAEK7,116175828685250,败给高德，卖身广告：百度地图从巅峰到衰落,王鲤鱼OnDrive,2026-03-05 17:24:33,1557102,1839,1,败给高德，卖身广告：百度地图从巅峰到衰落,36472358174,42.92900,1,25,16777215,2026-03-11 20:52:04,1773233524,0,8d5b7cb5,2064791474838926848,李彦宏还没退
BV18PPyzAEK7,116175828685250,败给高德，卖身广告：百度地图从巅峰到衰落,王鲤鱼OnDrive,2026-03-05 17:24:33,1557102,1839,1,败给高德，卖身广告：百度地图从巅峰到衰落,36472358174,72.06500,1,25,16777215,2026-03-11 19:55:41,1773230141,0,97191dca,2064763096957961472,做啥啥崩
BV18PPyzAEK7,116175828685250,败给高德，卖身广告：百度地图从巅峰到衰落,王鲤鱼OnDrive,2026-03-05 17:24:33,1557102,1839,1,败给高德，卖身广告：百度地图从巅峰到衰落,36472358174,296.74000,1,25,16777215,2026-03-11 18:44:13,1773225853,0,83876b1a,2064727123394386688,花瓣地图
BV18PPyzAEK7,116175828685250,败给高德，卖身广告：百度地图从巅峰到衰落,王鲤鱼OnDrive,2026-03-05 17:24:33,1557102,1839,1,败给高德，卖身广告：百度地图从巅峰到衰落,36472358174,191.43000,1,25,16777215,2026-03-11 11:27:14,1773199634,0,fadad590,2064507180492884992,现在都有啊
BV18PPyzAEK7,116175828685250,败给高德，卖身广告：百度地图从巅峰到衰落,王鲤鱼OnDrive,2026-03-05 17:24:33,1557102,1839,1,败给高德，卖身广告：百度地图从巅峰到衰落,36472358174,29.35600,1,25,16777215,2026-03-11 09:32:21,1773192741,0,c6919188,2064449358044361728,我还在用呢
BV18PPyzAEK7,116175828685250,败给高德，卖身广告：百度地图从巅峰到衰落,王鲤鱼OnDrive,2026-03-05 17:24:33,1557102,1839,1,败给高德，卖身广告：百度地图从巅峰到衰落,36472358174,63.94700,1,25,15138834,2026-03-11 08:07:52,1773187672,0,31cba8f5,2064406837784642560,我都怕缺德地图倒闭了偶尔在给它消费消费 doge
BV18PPyzAEK7,116175828685250,败给高德，卖身广告：百度地图从巅峰到衰落,王鲤鱼OnDrive,2026-03-05 17:24:33,1557102,1839,1,败给高德，卖身广告：百度地图从巅峰到衰落,36472358174,121.20500,1,25,16777215,2026-03-11 07:51:12,1773186672,0,8ca3476a,2064398446290639616,过于功利，忽略了用户原本最单纯的需求
BV18PPyzAEK7,116175828685250,败给高德，卖身广告：百度地图从巅峰到衰落,王鲤鱼OnDrive,2026-03-05 17:24:33,1557102,1839,1,败给高德，卖身广告：百度地图从巅峰到衰落,36472358174,289.62700,1,25,16777215,2026-03-11 07:34:39,1773185679,0,2825f37,2064390122266593792,我用花瓣地图。
BV18PPyzAEK7,116175828685250,败给高德，卖身广告：百度地图从巅峰到衰落,王鲤鱼OnDrive,2026-03-05 17:24:33,1557102,1839,1,败给高德，卖身广告：百度地图从巅峰到衰落,36472358174,10.12700,1,25,16777215,2026-03-11 07:33:07,1773185587,0,940b302a,2064389346714910720,？
BV18PPyzAEK7,116175828685250,败给高德，卖身广告：百度地图从巅峰到衰落,王鲤鱼OnDrive,2026-03-05 17:24:33,1557102,1839,1,败给高德，卖身广告：百度地图从巅峰到衰落,36472358174,282.16300,1,25,16777215,2026-03-11 00:35:36,1773160536,0,628227db,2064179208753867520,所以我只用苹果手机自带的地图，到国外就用谷歌地图
BV18PPyzAEK7,116175828685250,败给高德，卖身广告：百度地图从巅峰到衰落,王鲤鱼OnDrive,2026-03-05 17:24:33,1557102,1839,1,败给高德，卖身广告：百度地图从巅峰到衰落,36472358174,126.03200,1,25,16777215,2026-03-11 00:16:39,1773159399,0,fb6742c4,2064169667702438656,找厕所
BV18PPyzAEK7,116175828685250,败给高德，卖身广告：百度地图从巅峰到衰落,王鲤鱼OnDrive,2026-03-05 17:24:33,1557102,1839,1,败给高德，卖身广告：百度地图从巅峰到衰落,36472358174,0.51200,1,25,16777215,2026-03-11 00:16:23,1773159383,0,d513993b,2064169535674192896,高德吗？别逗我笑好吗
BV18PPyzAEK7,116175828685250,败给高德，卖身广告：百度地图从巅峰到衰落,王鲤鱼OnDrive,2026-03-05 17:24:33,1557102,1839,1,败给高德，卖身广告：百度地图从巅峰到衰落,36472358174,38.61000,1,25,16777215,2026-03-11 00:15:03,1773159303,0,39aab655,2064168858494935040,这算什么okr？盈利多少没有量化，打回去重写
BV18PPyzAEK7,116175828685250,败给高德，卖身广告：百度地图从巅峰到衰落,王鲤鱼OnDrive,2026-03-05 17:24:33,1557102,1839,1,败给高德，卖身广告：百度地图从巅峰到衰落,36472358174,199.57500,1,25,16777215,2026-03-10 21:22:40,1773148960,0,f1df7141,2064082096842157568,都一球样
BV18PPyzAEK7,116175828685250,败给高德，卖身广告：百度地图从巅峰到衰落,王鲤鱼OnDrive,2026-03-05 17:24:33,1557102,1839,1,败给高德，卖身广告：百度地图从巅峰到衰落,36472358174,26.88500,1,25,16777215,2026-03-10 20:53:43,1773147223,0,395620b6,2064067527625102848,基佬当家能不落魄吗？
BV18PPyzAEK7,116175828685250,败给高德，卖身广告：百度地图从巅峰到衰落,王鲤鱼OnDrive,2026-03-05 17:24:33,1557102,1839,1,败给高德，卖身广告：百度地图从巅峰到衰落,36472358174,293.30100,1,25,16777215,2026-03-10 14:47:43,1773125263,0,55222675,2063883310572233728,只能等国家出法规规范了
BV18PPyzAEK7,116175828685250,败给高德，卖身广告：百度地图从巅峰到衰落,王鲤鱼OnDrive,2026-03-05 17:24:33,1557102,1839,1,败给高德，卖身广告：百度地图从巅峰到衰落,36472358174,276.68200,1,25,16777215,2026-03-10 11:26:23,1773113183,0,f25b56eb,2063781975164655360,我常用高德订酒店方便
BV18PPyzAEK7,116175828685250,败给高德，卖身广告：百度地图从巅峰到衰落,王鲤鱼OnDrive,2026-03-05 17:24:33,1557102,1839,1,败给高德，卖身广告：百度地图从巅峰到衰落,36472358174,292.55200,1,25,16777215,2026-03-10 08:46:24,1773103584,0,8099aade,2063701455054980864,高德扫街榜好用
BV18PPyzAEK7,116175828685250,败给高德，卖身广告：百度地图从巅峰到衰落,王鲤鱼OnDrive,2026-03-05 17:24:33,1557102,1839,1,败给高德，卖身广告：百度地图从巅峰到衰落,36472358174,34.28900,1,25,16777215,2026-03-09 20:59:19,1773061159,0,d3472ffa,2063345570139186432,啊？李彦宏也发福了
BV18PPyzAEK7,116175828685250,败给高德，卖身广告：百度地图从巅峰到衰落,王鲤鱼OnDrive,2026-03-05 17:24:33,1557102,1839,1,败给高德，卖身广告：百度地图从巅峰到衰落,36472358174,141.72800,1,25,16777215,2026-03-09 19:59:50,1773057590,0,dd5d7d89,2063315634485616640,一打开着急看地图直接跳到别的应用里去
BV18PPyzAEK7,116175828685250,败给高德，卖身广告：百度地图从巅峰到衰落,王鲤鱼OnDrive,2026-03-05 17:24:33,1557102,1839,1,败给高德，卖身广告：百度地图从巅峰到衰落,36472358174,259.53600,1,25,16777215,2026-03-09 12:50:06,1773031806,0,4f549774,2063099341442948608,路径依赖
BV18PPyzAEK7,116175828685250,败给高德，卖身广告：百度地图从巅峰到衰落,王鲤鱼OnDrive,2026-03-05 17:24:33,1557102,1839,1,败给高德，卖身广告：百度地图从巅峰到衰落,36472358174,185.96500,1,25,16777215,2026-03-09 11:39:50,1773027590,0,8f7cad1f,2063063976422208512,但是导航顺便定酒店确实方便，我每次都在高德上订酒店的
BV18PPyzAEK7,116175828685250,败给高德，卖身广告：百度地图从巅峰到衰落,王鲤鱼OnDrive,2026-03-05 17:24:33,1557102,1839,1,败给高德，卖身广告：百度地图从巅峰到衰落,36472358174,134.59900,1,25,16777215,2026-03-09 11:38:22,1773027502,0,8f7cad1f,2063063233157918208,我就用高德导航、打车、订酒店一条龙服务的
BV18PPyzAEK7,116175828685250,败给高德，卖身广告：百度地图从巅峰到衰落,王鲤鱼OnDrive,2026-03-05 17:24:33,1557102,1839,1,败给高德，卖身广告：百度地图从巅峰到衰落,36472358174,268.24600,1,25,16777215,2026-03-09 03:19:18,1772997558,0,4949718a,2062812042792096768,差点以为这个视频是软广
BV18PPyzAEK7,116175828685250,败给高德，卖身广告：百度地图从巅峰到衰落,王鲤鱼OnDrive,2026-03-05 17:24:33,1557102,1839,1,败给高德，卖身广告：百度地图从巅峰到衰落,36472358174,202.24700,1,25,16777215,2026-03-09 02:35:18,1772994918,0,1ba64cc9,2062789897504833536,高德终点也不准
BV18PPyzAEK7,116175828685250,败给高德，卖身广告：百度地图从巅峰到衰落,王鲤鱼OnDrive,2026-03-05 17:24:33,1557102,1839,1,败给高德，卖身广告：百度地图从巅峰到衰落,36472358174,10.27900,1,25,16777215,2026-03-08 23:58:49,1772985529,0,2bc07893,2062711142711320320,经常给我自动弹美团
BV18PPyzAEK7,116175828685250,败给高德，卖身广告：百度地图从巅峰到衰落,王鲤鱼OnDrive,2026-03-05 17:24:33,1557102,1839,1,败给高德，卖身广告：百度地图从巅峰到衰落,36472358174,10.40700,1,25,16777215,2026-03-08 18:49:14,1772966954,0,822bc00e,2062555320441612032,收了高德多少钱
BV18PPyzAEK7,116175828685250,败给高德，卖身广告：百度地图从巅峰到衰落,王鲤鱼OnDrive,2026-03-05 17:24:33,1557102,1839,1,败给高德，卖身广告：百度地图从巅峰到衰落,36472358174,189.24200,1,25,16777215,2026-03-08 18:13:01,1772964781,0,d4a645aa,2062537095813461760,会数学吗？
BV18PPyzAEK7,116175828685250,败给高德，卖身广告：百度地图从巅峰到衰落,王鲤鱼OnDrive,2026-03-05 17:24:33,1557102,1839,1,败给高德，卖身广告：百度地图从巅峰到衰落,36472358174,195.58700,1,25,16777215,2026-03-08 16:27:42,1772958462,0,565e349c,2062484081362522112,高德扫街榜也是最近出来的。而且还是抓住了用户痛点。就比如美团和大众点评的评价虚假的情况下。高德扫街榜就有用处了
BV18PPyzAEK7,116175828685250,败给高德，卖身广告：百度地图从巅峰到衰落,王鲤鱼OnDrive,2026-03-05 17:24:33,1557102,1839,1,败给高德，卖身广告：百度地图从巅峰到衰落,36472358174,193.83200,1,25,16777215,2026-03-08 16:08:07,1772957287,0,44359397,2062474227936142848,现在是缺德地图了
BV18PPyzAEK7,116175828685250,败给高德，卖身广告：百度地图从巅峰到衰落,王鲤鱼OnDrive,2026-03-05 17:24:33,1557102,1839,1,败给高德，卖身广告：百度地图从巅峰到衰落,36472358174,219.82400,1,25,16777215,2026-03-08 14:10:39,1772950239,0,5dbadcf5,2062415108701020416,现在呢？可能是 200%的恶心和130%的恶心的区别吧
BV18PPyzAEK7,116175828685250,败给高德，卖身广告：百度地图从巅峰到衰落,王鲤鱼OnDrive,2026-03-05 17:24:33,1557102,1839,1,败给高德，卖身广告：百度地图从巅峰到衰落,36472358174,269.94500,1,25,16777215,2026-03-08 12:38:00,1772944680,0,8c9fdd04,2062368472134170624,我倒是挺需要高德上订酒店的服务的，我经常用。
BV18PPyzAEK7,116175828685250,败给高德，卖身广告：百度地图从巅峰到衰落,王鲤鱼OnDrive,2026-03-05 17:24:33,1557102,1839,1,败给高德，卖身广告：百度地图从巅峰到衰落,36472358174,309.52600,1,25,16777215,2026-03-08 10:40:40,1772937640,0,7b96866a,2062309414866170112,当然是苹果地图了，干净清爽没广告
BV18PPyzAEK7,116175828685250,败给高德，卖身广告：百度地图从巅峰到衰落,王鲤鱼OnDrive,2026-03-05 17:24:33,1557102,1839,1,败给高德，卖身广告：百度地图从巅峰到衰落,36472358174,31.38000,1,25,16777215,2026-03-08 10:21:47,1772936507,0,8fb29a92,2062299911512411904,高德地图有次之路要我从人家的家里穿过去  我醉了 绕路远3公里
BV18PPyzAEK7,116175828685250,败给高德，卖身广告：百度地图从巅峰到衰落,王鲤鱼OnDrive,2026-03-05 17:24:33,1557102,1839,1,败给高德，卖身广告：百度地图从巅峰到衰落,36472358174,221.14400,1,25,16777215,2026-03-08 07:57:49,1772927869,0,d65320ab,2062227453216241408,高德的付费语音皮肤包还不错
BV18PPyzAEK7,116175828685250,败给高德，卖身广告：百度地图从巅峰到衰落,王鲤鱼OnDrive,2026-03-05 17:24:33,1557102,1839,1,败给高德，卖身广告：百度地图从巅峰到衰落,36472358174,178.83600,1,25,16777215,2026-03-08 02:02:59,1772906579,0,fc11b474,2062048861941560320,现在也a李好多年了…………
BV18PPyzAEK7,116175828685250,败给高德，卖身广告：百度地图从巅峰到衰落,王鲤鱼OnDrive,2026-03-05 17:24:33,1557102,1839,1,败给高德，卖身广告：百度地图从巅峰到衰落,36472358174,24.75600,1,25,16777215,2026-03-08 01:58:41,1772906321,0,fc11b474,2062046693284812544,从未使用过
BV18PPyzAEK7,116175828685250,败给高德，卖身广告：百度地图从巅峰到衰落,王鲤鱼OnDrive,2026-03-05 17:24:33,1557102,1839,1,败给高德，卖身广告：百度地图从巅峰到衰落,36472358174,175.39900,5,25,16777215,2026-03-08 01:37:11,1772905031,0,74f0242e,2062035872257576704,《高德扫街榜》
BV18PPyzAEK7,116175828685250,败给高德，卖身广告：百度地图从巅峰到衰落,王鲤鱼OnDrive,2026-03-05 17:24:33,1557102,1839,1,败给高德，卖身广告：百度地图从巅峰到衰落,36472358174,31.18400,1,25,16777215,2026-03-08 00:24:25,1772900665,0,10eaf691,2061999245220772608,最先免费的
BV18PPyzAEK7,116175828685250,败给高德，卖身广告：百度地图从巅峰到衰落,王鲤鱼OnDrive,2026-03-05 17:24:33,1557102,1839,1,败给高德，卖身广告：百度地图从巅峰到衰落,36472358174,47.99400,1,25,16777215,2026-03-08 00:22:00,1772900520,0,c13304a3,2061998035751439872,王打毛，一直都垃圾
BV18PPyzAEK7,116175828685250,败给高德，卖身广告：百度地图从巅峰到衰落,王鲤鱼OnDrive,2026-03-05 17:24:33,1557102,1839,1,败给高德，卖身广告：百度地图从巅峰到衰落,36472358174,37.40200,1,25,16777215,2026-03-08 00:21:35,1772900495,0,c13304a3,2061997823813052672,但凡谷歌在都不会用这些
BV18PPyzAEK7,116175828685250,败给高德，卖身广告：百度地图从巅峰到衰落,王鲤鱼OnDrive,2026-03-05 17:24:33,1557102,1839,1,败给高德，卖身广告：百度地图从巅峰到衰落,36472358174,294.16300,1,25,16777215,2026-03-07 22:41:21,1772894481,0,7f7775fa,2061947373181784064,收回国有吧，就没啥问题了
BV18PPyzAEK7,116175828685250,败给高德，卖身广告：百度地图从巅峰到衰落,王鲤鱼OnDrive,2026-03-05 17:24:33,1557102,1839,1,败给高德，卖身广告：百度地图从巅峰到衰落,36472358174,186.60500,1,25,16777215,2026-03-07 22:25:29,1772893529,0,215a6cf6,2061939385901020416,现在有了，用起来也方便了，经常用高德打车，找吃的。而且不强推，还是挺好的
BV18PPyzAEK7,116175828685250,败给高德，卖身广告：百度地图从巅峰到衰落,王鲤鱼OnDrive,2026-03-05 17:24:33,1557102,1839,1,败给高德，卖身广告：百度地图从巅峰到衰落,36472358174,299.23000,1,25,16777215,2026-03-07 21:56:32,1772891792,0,7ff8f27b,2061924813219536128,搞笑了，免費用還要求多多？你以為你是誰？
BV18PPyzAEK7,116175828685250,败给高德，卖身广告：百度地图从巅峰到衰落,王鲤鱼OnDrive,2026-03-05 17:24:33,1557102,1839,1,败给高德，卖身广告：百度地图从巅峰到衰落,36472358174,8.84000,1,25,16777215,2026-03-07 18:17:13,1772878633,0,2cc3027c,2061814432384311040,啥玩意儿？
BV18PPyzAEK7,116175828685250,败给高德，卖身广告：百度地图从巅峰到衰落,王鲤鱼OnDrive,2026-03-05 17:24:33,1557102,1839,1,败给高德，卖身广告：百度地图从巅峰到衰落,36472358174,265.45600,1,25,16777215,2026-03-07 16:58:30,1772873910,0,1c866bd7,2061774814171706880,阿里的贼心从来就没死过
BV18PPyzAEK7,116175828685250,败给高德，卖身广告：百度地图从巅峰到衰落,王鲤鱼OnDrive,2026-03-05 17:24:33,1557102,1839,1,败给高德，卖身广告：百度地图从巅峰到衰落,36472358174,75.74900,1,25,16777215,2026-03-07 16:19:40,1772871580,0,eed0eca9,2061755269092137984,果然这些上市公司都以为自己能统治一切，反正挥霍的不是自己的钱
BV18PPyzAEK7,116175828685250,败给高德，卖身广告：百度地图从巅峰到衰落,王鲤鱼OnDrive,2026-03-05 17:24:33,1557102,1839,1,败给高德，卖身广告：百度地图从巅峰到衰落,36472358174,3.67500,1,25,16777215,2026-03-07 16:02:29,1772870549,0,a9324cf5,2061746619959059456,已经死了
BV18PPyzAEK7,116175828685250,败给高德，卖身广告：百度地图从巅峰到衰落,王鲤鱼OnDrive,2026-03-05 17:24:33,1557102,1839,1,败给高德，卖身广告：百度地图从巅峰到衰落,36472358174,304.61600,1,25,16777215,2026-03-07 15:20:25,1772868025,0,42d1c6d1,2061725447162906624,app付费啊，真有人付吗？
BV18PPyzAEK7,116175828685250,败给高德，卖身广告：百度地图从巅峰到衰落,王鲤鱼OnDrive,2026-03-05 17:24:33,1557102,1839,1,败给高德，卖身广告：百度地图从巅峰到衰落,36472358174,192.74000,1,25,16777215,2026-03-07 15:20:21,1772868021,0,7119542d,2061725414380492800,高德的确有的不准
BV18PPyzAEK7,116175828685250,败给高德，卖身广告：百度地图从巅峰到衰落,王鲤鱼OnDrive,2026-03-05 17:24:33,1557102,1839,1,败给高德，卖身广告：百度地图从巅峰到衰落,36472358174,282.06100,1,25,16777215,2026-03-07 14:40:20,1772865620,0,e597f7a,2061705269633204992,花瓣地图非常干净
BV18PPyzAEK7,116175828685250,败给高德，卖身广告：百度地图从巅峰到衰落,王鲤鱼OnDrive,2026-03-05 17:24:33,1557102,1839,1,败给高德，卖身广告：百度地图从巅峰到衰落,36472358174,115.41000,1,25,16707842,2026-03-07 14:34:10,1772865250,0,4b0351cc,2061702164741143040,缺德企业，根坏了
BV18PPyzAEK7,116175828685250,败给高德，卖身广告：百度地图从巅峰到衰落,王鲤鱼OnDrive,2026-03-05 17:24:33,1557102,1839,1,败给高德，卖身广告：百度地图从巅峰到衰落,36472358174,14.68400,1,25,16777215,2026-03-07 14:21:19,1772864479,0,2afc929e,2061695697745162752,？？？？？
BV18PPyzAEK7,116175828685250,败给高德，卖身广告：百度地图从巅峰到衰落,王鲤鱼OnDrive,2026-03-05 17:24:33,1557102,1839,1,败给高德，卖身广告：百度地图从巅峰到衰落,36472358174,299.46200,1,25,16777215,2026-03-07 13:54:49,1772862889,0,51d157c5,2061682359111399680,把白嫖说得这么高级
BV18PPyzAEK7,116175828685250,败给高德，卖身广告：百度地图从巅峰到衰落,王鲤鱼OnDrive,2026-03-05 17:24:33,1557102,1839,1,败给高德，卖身广告：百度地图从巅峰到衰落,36472358174,28.02100,1,25,16777215,2026-03-07 13:33:22,1772861602,0,b7c13816,2061671563644386048,有的选还是要谷歌
BV18PPyzAEK7,116175828685250,败给高德，卖身广告：百度地图从巅峰到衰落,王鲤鱼OnDrive,2026-03-05 17:24:33,1557102,1839,1,败给高德，卖身广告：百度地图从巅峰到衰落,36472358174,138.44200,1,25,16777215,2026-03-07 13:20:44,1772860844,0,10e9d9d1,2061665210238112000,以外卖为入口不比地图强多了
BV18PPyzAEK7,116175828685250,败给高德，卖身广告：百度地图从巅峰到衰落,王鲤鱼OnDrive,2026-03-05 17:24:33,1557102,1839,1,败给高德，卖身广告：百度地图从巅峰到衰落,36472358174,186.01100,1,25,16707842,2026-03-07 13:09:25,1772860165,0,2a4a2aa2,2061659512335108864,千分之一和99%加一起也不是全部用户呀…那0.9%呢
BV18PPyzAEK7,116175828685250,败给高德，卖身广告：百度地图从巅峰到衰落,王鲤鱼OnDrive,2026-03-05 17:24:33,1557102,1839,1,败给高德，卖身广告：百度地图从巅峰到衰落,36472358174,305.15800,1,25,16777215,2026-03-07 11:44:05,1772855045,0,b2de1974,2061616557116987904,？
BV18PPyzAEK7,116175828685250,败给高德，卖身广告：百度地图从巅峰到衰落,王鲤鱼OnDrive,2026-03-05 17:24:33,1557102,1839,1,败给高德，卖身广告：百度地图从巅峰到衰落,36472358174,301.08500,1,25,16777215,2026-03-07 11:32:43,1772854363,0,96ac1286,2061610842990533120,白嫖？谁在家开发个，投入大量人力物力
BV18PPyzAEK7,116175828685250,败给高德，卖身广告：百度地图从巅峰到衰落,王鲤鱼OnDrive,2026-03-05 17:24:33,1557102,1839,1,败给高德，卖身广告：百度地图从巅峰到衰落,36472358174,38.68700,1,25,16777215,2026-03-07 09:33:55,1772847235,0,2fb24630,2061551048984111104,这公司还没倒闭啊
BV18PPyzAEK7,116175828685250,败给高德，卖身广告：百度地图从巅峰到衰落,王鲤鱼OnDrive,2026-03-05 17:24:33,1557102,1839,1,败给高德，卖身广告：百度地图从巅峰到衰落,36472358174,300.26000,1,25,15138834,2026-03-07 08:28:53,1772843333,0,f419fc7d,2061518313783425792,诶呦，弹幕猴又给资本家说话喽
BV18PPyzAEK7,116175828685250,败给高德，卖身广告：百度地图从巅峰到衰落,王鲤鱼OnDrive,2026-03-05 17:24:33,1557102,1839,1,败给高德，卖身广告：百度地图从巅峰到衰落,36472358174,310.34800,1,25,16777215,2026-03-07 08:00:51,1772841651,0,8a3ba351,2061504206661154560,华为花瓣地图，挺好用
BV18PPyzAEK7,116175828685250,败给高德，卖身广告：百度地图从巅峰到衰落,王鲤鱼OnDrive,2026-03-05 17:24:33,1557102,1839,1,败给高德，卖身广告：百度地图从巅峰到衰落,36472358174,28.93900,1,25,16777215,2026-03-07 07:51:57,1772841117,0,8a78cee1,2061499720760903680,现在都用缺德导航
BV18PPyzAEK7,116175828685250,败给高德，卖身广告：百度地图从巅峰到衰落,王鲤鱼OnDrive,2026-03-05 17:24:33,1557102,1839,1,败给高德，卖身广告：百度地图从巅峰到衰落,36472358174,73.14900,1,25,16777215,2026-03-07 06:54:36,1772837676,0,dfcea88c,2061470858119495680,做啥啥不行
BV18PPyzAEK7,116175828685250,败给高德，卖身广告：百度地图从巅峰到衰落,王鲤鱼OnDrive,2026-03-05 17:24:33,1557102,1839,1,败给高德，卖身广告：百度地图从巅峰到衰落,36472358174,136.34400,1,25,16777215,2026-03-06 23:28:38,1772810918,0,318796d1,2061246396375607552,也不是，我旅游的时候高德还是会看下附近吃的，只是频率很低
BV18PPyzAEK7,116175828685250,败给高德，卖身广告：百度地图从巅峰到衰落,王鲤鱼OnDrive,2026-03-05 17:24:33,1557102,1839,1,败给高德，卖身广告：百度地图从巅峰到衰落,36472358174,46.54500,1,25,16777215,2026-03-06 23:27:13,1772810833,0,318796d1,2061245687303445248,高德买过一个语音包，8.8元
BV18PPyzAEK7,116175828685250,败给高德，卖身广告：百度地图从巅峰到衰落,王鲤鱼OnDrive,2026-03-05 17:24:33,1557102,1839,1,败给高德，卖身广告：百度地图从巅峰到衰落,36472358174,13.28000,1,25,41194,2026-03-06 23:04:25,1772809465,0,e984b371,2061234206973206528,开车看手机这一块
BV18PPyzAEK7,116175828685250,败给高德，卖身广告：百度地图从巅峰到衰落,王鲤鱼OnDrive,2026-03-05 17:24:33,1557102,1839,1,败给高德，卖身广告：百度地图从巅峰到衰落,36472358174,294.86900,1,25,16777215,2026-03-06 22:55:02,1772808902,0,ae129d17,2061229484153461504,谷歌不行
BV18PPyzAEK7,116175828685250,败给高德，卖身广告：百度地图从巅峰到衰落,王鲤鱼OnDrive,2026-03-05 17:24:33,1557102,1839,1,败给高德，卖身广告：百度地图从巅峰到衰落,36472358174,304.27800,1,25,16777215,2026-03-06 22:34:20,1772807660,0,a1c3ef66,2061219068849360896,要钱啊，白嫖上瘾吗
BV18PPyzAEK7,116175828685250,败给高德，卖身广告：百度地图从巅峰到衰落,王鲤鱼OnDrive,2026-03-05 17:24:33,1557102,1839,1,败给高德，卖身广告：百度地图从巅峰到衰落,36472358174,290.47900,1,25,16777215,2026-03-06 22:11:15,1772806275,0,f7785b87,2061207446005532672,谷歌地图？？？
BV18PPyzAEK7,116175828685250,败给高德，卖身广告：百度地图从巅峰到衰落,王鲤鱼OnDrive,2026-03-05 17:24:33,1557102,1839,1,败给高德，卖身广告：百度地图从巅峰到衰落,36472358174,13.97000,1,25,16777215,2026-03-06 22:09:41,1772806181,0,2e193e4b,2061206656796852736,怎么还有两条高德地图的
BV18PPyzAEK7,116175828685250,败给高德，卖身广告：百度地图从巅峰到衰落,王鲤鱼OnDrive,2026-03-05 17:24:33,1557102,1839,1,败给高德，卖身广告：百度地图从巅峰到衰落,36472358174,95.72100,1,25,16777215,2026-03-06 21:59:27,1772805567,0,c903271c,2061201511635811072,What’s your problem (
BV18PPyzAEK7,116175828685250,败给高德，卖身广告：百度地图从巅峰到衰落,王鲤鱼OnDrive,2026-03-05 17:24:33,1557102,1839,1,败给高德，卖身广告：百度地图从巅峰到衰落,36472358174,2.47400,1,25,16777215,2026-03-06 21:01:45,1772802105,0,f8dc3164,2061172466952948224,1
BV18PPyzAEK7,116175828685250,败给高德，卖身广告：百度地图从巅峰到衰落,王鲤鱼OnDrive,2026-03-05 17:24:33,1557102,1839,1,败给高德，卖身广告：百度地图从巅峰到衰落,36472358174,196.63300,1,25,16777215,2026-03-06 20:47:37,1772801257,0,403fcda8,2061165357229825024,那是为了市场才砍的，现在有了市场不得美美恰米
BV18PPyzAEK7,116175828685250,败给高德，卖身广告：百度地图从巅峰到衰落,王鲤鱼OnDrive,2026-03-05 17:24:33,1557102,1839,1,败给高德，卖身广告：百度地图从巅峰到衰落,36472358174,18.88000,1,25,16777215,2026-03-06 19:19:59,1772795999,0,2615b3c4,2061121244014914560,行你妈
BV18PPyzAEK7,116175828685250,败给高德，卖身广告：百度地图从巅峰到衰落,王鲤鱼OnDrive,2026-03-05 17:24:33,1557102,1839,1,败给高德，卖身广告：百度地图从巅峰到衰落,36472358174,45.79100,1,25,16777215,2026-03-06 18:25:58,1772792758,0,cf97f42e,2061094058801381888,不如高德一根，之前在杭州给我导到单行线上去了
BV18PPyzAEK7,116175828685250,败给高德，卖身广告：百度地图从巅峰到衰落,王鲤鱼OnDrive,2026-03-05 17:24:33,1557102,1839,1,败给高德，卖身广告：百度地图从巅峰到衰落,36472358174,308.73000,1,25,16777215,2026-03-06 15:25:18,1772781918,0,f0eb2e63,2061003124487397376,其实我觉得加点广告无所谓，但是只是一只是不要在导航的时候加广告还行，加点开屏广告也行，毕竟免费导航软件，嗯也要赚钱
BV18PPyzAEK7,116175828685250,败给高德，卖身广告：百度地图从巅峰到衰落,王鲤鱼OnDrive,2026-03-05 17:24:33,1557102,1839,1,败给高德，卖身广告：百度地图从巅峰到衰落,36472358174,218.27400,1,25,16777215,2026-03-06 14:50:00,1772779800,0,5c684af2,2060985361265890048,都不是什么好米
BV18PPyzAEK7,116175828685250,败给高德，卖身广告：百度地图从巅峰到衰落,王鲤鱼OnDrive,2026-03-05 17:24:33,1557102,1839,1,败给高德，卖身广告：百度地图从巅峰到衰落,36472358174,10.38800,1,25,16777215,2026-03-06 14:27:49,1772778469,0,7d710ceb,2060974193805956864,？
BV18PPyzAEK7,116175828685250,败给高德，卖身广告：百度地图从巅峰到衰落,王鲤鱼OnDrive,2026-03-05 17:24:33,1557102,1839,1,败给高德，卖身广告：百度地图从巅峰到衰落,36472358174,95.59400,1,25,16777215,2026-03-06 14:24:59,1772778299,0,9ef9705f,2060972772423350528,没有这个能力
BV18PPyzAEK7,116175828685250,败给高德，卖身广告：百度地图从巅峰到衰落,王鲤鱼OnDrive,2026-03-05 17:24:33,1557102,1839,1,败给高德，卖身广告：百度地图从巅峰到衰落,36472358174,11.14000,1,25,16777215,2026-03-06 14:18:05,1772777885,0,9ef9705f,2060969298281202432,高德也恶心，但确实没这么恶心特姆恶心到家
BV18PPyzAEK7,116175828685250,败给高德，卖身广告：百度地图从巅峰到衰落,王鲤鱼OnDrive,2026-03-05 17:24:33,1557102,1839,1,败给高德，卖身广告：百度地图从巅峰到衰落,36472358174,307.13700,1,25,16777215,2026-03-06 13:32:53,1772775173,0,cd25ec11,2060946546379683584,用
BV18PPyzAEK7,116175828685250,败给高德，卖身广告：百度地图从巅峰到衰落,王鲤鱼OnDrive,2026-03-05 17:24:33,1557102,1839,1,败给高德，卖身广告：百度地图从巅峰到衰落,36472358174,71.08500,1,25,16777215,2026-03-06 12:58:25,1772773105,0,337a7e5c,2060929198646384384,啥都干不成
BV18PPyzAEK7,116175828685250,败给高德，卖身广告：百度地图从巅峰到衰落,王鲤鱼OnDrive,2026-03-05 17:24:33,1557102,1839,1,败给高德，卖身广告：百度地图从巅峰到衰落,36472358174,234.38000,1,25,41194,2026-03-06 12:46:04,1772772364,0,8f283052,2060922983124112640,这些高德里面也有
BV18PPyzAEK7,116175828685250,败给高德，卖身广告：百度地图从巅峰到衰落,王鲤鱼OnDrive,2026-03-05 17:24:33,1557102,1839,1,败给高德，卖身广告：百度地图从巅峰到衰落,36472358174,18.62000,1,25,41194,2026-03-06 12:42:21,1772772141,0,8f283052,2060921112791446528,冷知识：缺德地图也有这个缺德的功能
BV18PPyzAEK7,116175828685250,败给高德，卖身广告：百度地图从巅峰到衰落,王鲤鱼OnDrive,2026-03-05 17:24:33,1557102,1839,1,败给高德，卖身广告：百度地图从巅峰到衰落,36472358174,33.24400,1,25,16777215,2026-03-06 12:19:33,1772770773,0,d8f1bd13,2060909633375574272,bd的各种女经理懂得都懂
BV18PPyzAEK7,116175828685250,败给高德，卖身广告：百度地图从巅峰到衰落,王鲤鱼OnDrive,2026-03-05 17:24:33,1557102,1839,1,败给高德，卖身广告：百度地图从巅峰到衰落,36472358174,23.92500,1,25,16777215,2026-03-06 12:09:44,1772770184,0,df7978f7,2060904695639875072,我还在用呢
BV18PPyzAEK7,116175828685250,败给高德，卖身广告：百度地图从巅峰到衰落,王鲤鱼OnDrive,2026-03-05 17:24:33,1557102,1839,1,败给高德，卖身广告：百度地图从巅峰到衰落,36472358174,125.14000,1,25,16777215,2026-03-06 11:38:24,1772768304,0,5d4a7031,2060888925291693056,错
BV18PPyzAEK7,116175828685250,败给高德，卖身广告：百度地图从巅峰到衰落,王鲤鱼OnDrive,2026-03-05 17:24:33,1557102,1839,1,败给高德，卖身广告：百度地图从巅峰到衰落,36472358174,34.24100,1,25,16777215,2026-03-06 09:28:50,1772760530,0,9787b5e4,2060823713352063744,这都tm13年前的数据了
BV18PPyzAEK7,116175828685250,败给高德，卖身广告：百度地图从巅峰到衰落,王鲤鱼OnDrive,2026-03-05 17:24:33,1557102,1839,1,败给高德，卖身广告：百度地图从巅峰到衰落,36472358174,97.27400,1,25,16777215,2026-03-06 09:19:52,1772759992,0,916fa923,2060819198829093376,流氓企业，只能一时好，不能永远好
BV18PPyzAEK7,116175828685250,败给高德，卖身广告：百度地图从巅峰到衰落,王鲤鱼OnDrive,2026-03-05 17:24:33,1557102,1839,1,败给高德，卖身广告：百度地图从巅峰到衰落,36472358174,51.74100,1,25,16777215,2026-03-06 08:56:59,1772758619,0,f0d76820,2060807677906728192,what's your problem
BV18PPyzAEK7,116175828685250,败给高德，卖身广告：百度地图从巅峰到衰落,王鲤鱼OnDrive,2026-03-05 17:24:33,1557102,1839,1,败给高德，卖身广告：百度地图从巅峰到衰落,36472358174,37.09500,1,25,16777215,2026-03-06 08:56:29,1772758589,0,f0d76820,2060807428697675008,what's your problem
BV18PPyzAEK7,116175828685250,败给高德，卖身广告：百度地图从巅峰到衰落,王鲤鱼OnDrive,2026-03-05 17:24:33,1557102,1839,1,败给高德，卖身广告：百度地图从巅峰到衰落,36472358174,187.38200,1,25,16777215,2026-03-06 07:27:03,1772753223,0,7e1ade7b,2060762415150460672,看什么看，现在垄断了
BV18PPyzAEK7,116175828685250,败给高德，卖身广告：百度地图从巅峰到衰落,王鲤鱼OnDrive,2026-03-05 17:24:33,1557102,1839,1,败给高德，卖身广告：百度地图从巅峰到衰落,36472358174,251.68600,1,25,16777215,2026-03-06 07:18:10,1772752690,0,f0928006,2060757948317776896,等剩一家了必然会这么干的，反正咋恶心你你也没别家可用
BV18PPyzAEK7,116175828685250,败给高德，卖身广告：百度地图从巅峰到衰落,王鲤鱼OnDrive,2026-03-05 17:24:33,1557102,1839,1,败给高德，卖身广告：百度地图从巅峰到衰落,36472358174,188.99500,1,25,16777215,2026-03-06 07:16:15,1772752575,0,f0928006,2060756982914949888,说的好听，现在不还是那吊样
BV18PPyzAEK7,116175828685250,败给高德，卖身广告：百度地图从巅峰到衰落,王鲤鱼OnDrive,2026-03-05 17:24:33,1557102,1839,1,败给高德，卖身广告：百度地图从巅峰到衰落,36472358174,189.04600,1,25,16777215,2026-03-06 07:15:06,1772752506,0,9aeca752,2060756403840641280,用户起来了就开始卖了
BV18PPyzAEK7,116175828685250,败给高德，卖身广告：百度地图从巅峰到衰落,王鲤鱼OnDrive,2026-03-05 17:24:33,1557102,1839,1,败给高德，卖身广告：百度地图从巅峰到衰落,36472358174,33.05500,1,25,16777215,2026-03-06 07:13:33,1772752413,0,b22d9989,2060755618734098176,搞这些人面特效干什么，审丑时代吗
BV18PPyzAEK7,116175828685250,败给高德，卖身广告：百度地图从巅峰到衰落,王鲤鱼OnDrive,2026-03-05 17:24:33,1557102,1839,1,败给高德，卖身广告：百度地图从巅峰到衰落,36472358174,36.23300,1,25,16777215,2026-03-06 07:12:18,1772752338,0,9aeca752,2060754995401956608,高德也没盈利
BV18PPyzAEK7,116175828685250,败给高德，卖身广告：百度地图从巅峰到衰落,王鲤鱼OnDrive,2026-03-05 17:24:33,1557102,1839,1,败给高德，卖身广告：百度地图从巅峰到衰落,36472358174,89.22100,1,25,16777215,2026-03-06 07:04:23,1772751863,0,9517d912,2060751007113502976,一个科技公司不想着提升科技，老想赚快钱热钱，早点倒闭吧
BV18PPyzAEK7,116175828685250,败给高德，卖身广告：百度地图从巅峰到衰落,王鲤鱼OnDrive,2026-03-05 17:24:33,1557102,1839,1,败给高德，卖身广告：百度地图从巅峰到衰落,36472358174,267.56000,1,25,16707842,2026-03-06 01:07:20,1772730440,0,abe65813,2060571300078087936,还得靠国外优质产品的竞争，没有国外的东西！中国产品自己会越卷越烂！
BV18PPyzAEK7,116175828685250,败给高德，卖身广告：百度地图从巅峰到衰落,王鲤鱼OnDrive,2026-03-05 17:24:33,1557102,1839,1,败给高德，卖身广告：百度地图从巅峰到衰落,36472358174,246.60600,1,25,16777215,2026-03-06 01:04:15,1772730255,0,203ff55d,2060569746491347712,自己作死呗
BV18PPyzAEK7,116175828685250,败给高德，卖身广告：百度地图从巅峰到衰落,王鲤鱼OnDrive,2026-03-05 17:24:33,1557102,1839,1,败给高德，卖身广告：百度地图从巅峰到衰落,36472358174,13.25700,1,25,16777215,2026-03-06 00:46:12,1772729172,0,bbcaa619,2060560659565143808,高德广告不会这么恶心
BV18PPyzAEK7,116175828685250,败给高德，卖身广告：百度地图从巅峰到衰落,王鲤鱼OnDrive,2026-03-05 17:24:33,1557102,1839,1,败给高德，卖身广告：百度地图从巅峰到衰落,36472358174,299.00600,1,25,16777215,2026-03-06 00:22:28,1772727748,0,5591e893,2060548716015869696,说个小秘密，滴滴司机端地图
BV18PPyzAEK7,116175828685250,败给高德，卖身广告：百度地图从巅峰到衰落,王鲤鱼OnDrive,2026-03-05 17:24:33,1557102,1839,1,败给高德，卖身广告：百度地图从巅峰到衰落,36472358174,296.95900,1,25,16777215,2026-03-06 00:02:07,1772726527,0,c3b3484b,2060538472091252224,花钱用导航的可以这么说，免费用还这么多要求，白嫖就不要抱怨了！！！！
BV18PPyzAEK7,116175828685250,败给高德，卖身广告：百度地图从巅峰到衰落,王鲤鱼OnDrive,2026-03-05 17:24:33,1557102,1839,1,败给高德，卖身广告：百度地图从巅峰到衰落,36472358174,301.48000,1,25,16777215,2026-03-05 23:43:19,1772725399,0,1b32718d,2060529014355417088,谷歌地图又不给用
BV18PPyzAEK7,116175828685250,败给高德，卖身广告：百度地图从巅峰到衰落,王鲤鱼OnDrive,2026-03-05 17:24:33,1557102,1839,1,败给高德，卖身广告：百度地图从巅峰到衰落,36472358174,27.44400,1,25,16777215,2026-03-05 23:42:58,1772725378,0,83dbc940,2060528834234870272,好似
BV18PPyzAEK7,116175828685250,败给高德，卖身广告：百度地图从巅峰到衰落,王鲤鱼OnDrive,2026-03-05 17:24:33,1557102,1839,1,败给高德，卖身广告：百度地图从巅峰到衰落,36472358174,188.34900,1,25,16777215,2026-03-05 23:34:17,1772724857,0,2deeb504,2060524464148083968,现在呢？
BV18PPyzAEK7,116175828685250,败给高德，卖身广告：百度地图从巅峰到衰落,王鲤鱼OnDrive,2026-03-05 17:24:33,1557102,1839,1,败给高德，卖身广告：百度地图从巅峰到衰落,36472358174,285.44000,5,25,16777215,2026-03-05 23:32:36,1772724756,0,1c6cd91d,2060523617938117888,猪养肥了不杀，留着过年呀！
BV18PPyzAEK7,116175828685250,败给高德，卖身广告：百度地图从巅峰到衰落,王鲤鱼OnDrive,2026-03-05 17:24:33,1557102,1839,1,败给高德，卖身广告：百度地图从巅峰到衰落,36472358174,36.87100,1,25,16777215,2026-03-05 23:30:07,1772724607,0,2deeb504,2060522368145131264,格局不行
BV18PPyzAEK7,116175828685250,败给高德，卖身广告：百度地图从巅峰到衰落,王鲤鱼OnDrive,2026-03-05 17:24:33,1557102,1839,1,败给高德，卖身广告：百度地图从巅峰到衰落,36472358174,191.19900,1,25,16777215,2026-03-05 23:05:20,1772723120,0,723bf778,2060509897187266304,可是但是……
BV18PPyzAEK7,116175828685250,败给高德，卖身广告：百度地图从巅峰到衰落,王鲤鱼OnDrive,2026-03-05 17:24:33,1557102,1839,1,败给高德，卖身广告：百度地图从巅峰到衰落,36472358174,20.40400,1,25,16777215,2026-03-05 22:49:17,1772722157,0,a3063b37,2060501815929743616,我已经被迫卸载
BV18PPyzAEK7,116175828685250,败给高德，卖身广告：百度地图从巅峰到衰落,王鲤鱼OnDrive,2026-03-05 17:24:33,1557102,1839,1,败给高德，卖身广告：百度地图从巅峰到衰落,36472358174,311.66600,1,25,16777215,2026-03-05 22:47:00,1772722020,0,66abcc75,2060500664509435392,高德可以做所有需要的功能，只要不影响首屏和导航
BV18PPyzAEK7,116175828685250,败给高德，卖身广告：百度地图从巅峰到衰落,王鲤鱼OnDrive,2026-03-05 17:24:33,1557102,1839,1,败给高德，卖身广告：百度地图从巅峰到衰落,36472358174,266.85200,1,25,16777215,2026-03-05 22:34:43,1772721283,0,9ecddbac,2060494480569641216,高德还好吧 至少导航很不错，其他功能可有可无
BV18PPyzAEK7,116175828685250,败给高德，卖身广告：百度地图从巅峰到衰落,王鲤鱼OnDrive,2026-03-05 17:24:33,1557102,1839,1,败给高德，卖身广告：百度地图从巅峰到衰落,36472358174,187.53700,1,25,16777215,2026-03-05 22:05:12,1772719512,0,551d8262,2060479628992848128,先养好韭菜再收割
BV18PPyzAEK7,116175828685250,败给高德，卖身广告：百度地图从巅峰到衰落,王鲤鱼OnDrive,2026-03-05 17:24:33,1557102,1839,1,败给高德，卖身广告：百度地图从巅峰到衰落,36472358174,267.43300,1,25,16777215,2026-03-05 22:03:34,1772719414,0,e1fd04b5,2060478808292651008,导航结束还会来一段广告
BV18PPyzAEK7,116175828685250,败给高德，卖身广告：百度地图从巅峰到衰落,王鲤鱼OnDrive,2026-03-05 17:24:33,1557102,1839,1,败给高德，卖身广告：百度地图从巅峰到衰落,36472358174,266.00800,1,25,16777215,2026-03-05 22:03:17,1772719397,0,e1fd04b5,2060478664016933888,对对对
BV18PPyzAEK7,116175828685250,败给高德，卖身广告：百度地图从巅峰到衰落,王鲤鱼OnDrive,2026-03-05 17:24:33,1557102,1839,1,败给高德，卖身广告：百度地图从巅峰到衰落,36472358174,299.45500,1,25,16777215,2026-03-05 21:42:05,1772718125,0,636776bd,2060467995662276352,买断制的凯立德已经死了
BV18PPyzAEK7,116175828685250,败给高德，卖身广告：百度地图从巅峰到衰落,王鲤鱼OnDrive,2026-03-05 17:24:33,1557102,1839,1,败给高德，卖身广告：百度地图从巅峰到衰落,36472358174,70.40800,1,25,16777215,2026-03-05 21:38:16,1772717896,0,1d7252b,2060466071491902720,还有放贷
BV18PPyzAEK7,116175828685250,败给高德，卖身广告：百度地图从巅峰到衰落,王鲤鱼OnDrive,2026-03-05 17:24:33,1557102,1839,1,败给高德，卖身广告：百度地图从巅峰到衰落,36472358174,39.89700,1,25,16777215,2026-03-05 21:37:14,1772717834,0,a519227e,2060465552329680640,努力放贷去了，哪有功夫管地图
BV18PPyzAEK7,116175828685250,败给高德，卖身广告：百度地图从巅峰到衰落,王鲤鱼OnDrive,2026-03-05 17:24:33,1557102,1839,1,败给高德，卖身广告：百度地图从巅峰到衰落,36472358174,299.97400,1,25,16777215,2026-03-05 21:15:00,1772716500,0,8997fead,2060454364317169408,iPhone 自带的地图就很好用
BV18PPyzAEK7,116175828685250,败给高德，卖身广告：百度地图从巅峰到衰落,王鲤鱼OnDrive,2026-03-05 17:24:33,1557102,1839,1,败给高德，卖身广告：百度地图从巅峰到衰落,36472358174,183.89400,1,25,16777215,2026-03-05 20:41:23,1772714483,0,54226e83,2060437445098814720,砍在哪，到处都是。
BV18PPyzAEK7,116175828685250,败给高德，卖身广告：百度地图从巅峰到衰落,王鲤鱼OnDrive,2026-03-05 17:24:33,1557102,1839,1,败给高德，卖身广告：百度地图从巅峰到衰落,36472358174,303.29300,1,25,16777215,2026-03-05 20:15:08,1772712908,0,f337a70a,2060424225340346624,这眼睛好怪，整个脸白的，俩眼眶昏黄暗沉，熊猫一样
BV18PPyzAEK7,116175828685250,败给高德，卖身广告：百度地图从巅峰到衰落,王鲤鱼OnDrive,2026-03-05 17:24:33,1557102,1839,1,败给高德，卖身广告：百度地图从巅峰到衰落,36472358174,84.77100,1,25,16777215,2026-03-05 20:10:53,1772712653,0,5c14e331,2060422087931378432,高德也是啊
BV18PPyzAEK7,116175828685250,败给高德，卖身广告：百度地图从巅峰到衰落,王鲤鱼OnDrive,2026-03-05 17:24:33,1557102,1839,1,败给高德，卖身广告：百度地图从巅峰到衰落,36472358174,184.61000,1,25,16777215,2026-03-05 19:32:33,1772710353,0,646d4eb1,2060402792211885568,扯淡了现在
BV18PPyzAEK7,116175828685250,败给高德，卖身广告：百度地图从巅峰到衰落,王鲤鱼OnDrive,2026-03-05 17:24:33,1557102,1839,1,败给高德，卖身广告：百度地图从巅峰到衰落,36472358174,28.80000,1,25,16777215,2026-03-05 18:37:49,1772707069,0,6a2dbd2a,2060375249383366144,这市场份额是怎么算出来的
BV1jTbnzgEbd,115030011942549,今天坐萝卜快跑，出了交通事故，生死未卜,罗永浩125,2025-08-15 08:48:18,6470,7,1,studio_video_1755218791263.mp4,31702320954,25.95100,1,25,16777215,2026-04-07 19:56:45,1775563005,0,fb6ef233,2084332576986414592,“遇难”？
BV1jTbnzgEbd,115030011942549,今天坐萝卜快跑，出了交通事故，生死未卜,罗永浩125,2025-08-15 08:48:18,6470,7,1,studio_video_1755218791263.mp4,31702320954,99.92800,1,25,16777215,2025-11-23 14:13:20,1763878400,0,299057ab,1986315006165415936,因为他就是个吊，剑宗
BV1jTbnzgEbd,115030011942549,今天坐萝卜快跑，出了交通事故，生死未卜,罗永浩125,2025-08-15 08:48:18,6470,7,1,studio_video_1755218791263.mp4,31702320954,95.61900,1,25,16777215,2025-11-21 19:31:13,1763724673,0,dad33e7a,1985025452418997248,你那个脚为啥踩人靠背？
BV1jTbnzgEbd,115030011942549,今天坐萝卜快跑，出了交通事故，生死未卜,罗永浩125,2025-08-15 08:48:18,6470,7,1,studio_video_1755218791263.mp4,31702320954,103.84700,1,25,16777215,2025-08-21 13:02:41,1755752561,0,aa14d26,1918150528937164800,懂了
BV1VgNm6zEXN,116912734340268,香港百度「蘿蔔快跑」無人車試坐直擊　操作員全程扶軚盤　過迴旋處順,huwolie,2026-07-13 20:49:24,1820,8,1,香港百度「蘿蔔快跑」無人車試坐直擊　操作員全程扶軚盤　過迴旋處順,39915815960,12.29200,1,25,16777215,2026-07-14 12:16:34,1784002594,0,121afbbe,2155128975428110592,萝莉声好甜
BV1VgNm6zEXN,116912734340268,香港百度「蘿蔔快跑」無人車試坐直擊　操作員全程扶軚盤　過迴旋處順,huwolie,2026-07-13 20:49:24,1820,8,1,香港百度「蘿蔔快跑」無人車試坐直擊　操作員全程扶軚盤　過迴旋處順,39915815960,28.76300,1,25,16777215,2026-07-14 10:05:46,1783994746,0,ec0e816,2155063142823332864,为什么还要浪费一个驾驶员？
BV1VgNm6zEXN,116912734340268,香港百度「蘿蔔快跑」無人車試坐直擊　操作員全程扶軚盤　過迴旋處順,huwolie,2026-07-13 20:49:24,1820,8,1,香港百度「蘿蔔快跑」無人車試坐直擊　操作員全程扶軚盤　過迴旋處順,39915815960,31.69100,1,25,16777215,2026-07-13 21:44:12,1783950252,0,ea84337f,2154689899000220672,日日都见住
BV1dpTKzjE2i,114634002533526,智驾圈的黄埔军校？百度智驾为啥起了大早，赶了晚集,赛雷话车,2025-06-06 10:18:32,1373432,2163,1,智驾圈的黄埔军校？百度智驾为啥起了大早，赶了晚集,30344021798,20.54400,1,25,16777215,2025-06-06 10:27:51,1749176871,0,a2d2afa8,1862989639405817856,这是人类发言吗？
BV1dpTKzjE2i,114634002533526,智驾圈的黄埔军校？百度智驾为啥起了大早，赶了晚集,赛雷话车,2025-06-06 10:18:32,1373432,2163,1,智驾圈的黄埔军校？百度智驾为啥起了大早，赶了晚集,30344021798,319.50100,5,25,16777215,2025-06-06 17:43:55,1749203035,0,ed9bbaee,1863209120204269056,找度小满啊
BV1dpTKzjE2i,114634002533526,智驾圈的黄埔军校？百度智驾为啥起了大早，赶了晚集,赛雷话车,2025-06-06 10:18:32,1373432,2163,1,智驾圈的黄埔军校？百度智驾为啥起了大早，赶了晚集,30344021798,4.48800,5,25,16777215,2025-06-06 14:13:50,1749190430,0,2c757cd2,1863103383897437696,腾讯学着点（doge）
BV1dpTKzjE2i,114634002533526,智驾圈的黄埔军校？百度智驾为啥起了大早，赶了晚集,赛雷话车,2025-06-06 10:18:32,1373432,2163,1,智驾圈的黄埔军校？百度智驾为啥起了大早，赶了晚集,30344021798,118.66000,1,25,16777215,2025-06-06 17:23:37,1749201817,0,e98e2b8,1863198903433324544,黄埔军校的意思是给别人培养人才
BV1dpTKzjE2i,114634002533526,智驾圈的黄埔军校？百度智驾为啥起了大早，赶了晚集,赛雷话车,2025-06-06 10:18:32,1373432,2163,1,智驾圈的黄埔军校？百度智驾为啥起了大早，赶了晚集,30344021798,115.74200,1,25,16777215,2025-06-06 15:50:08,1749196208,0,5ad50701,1863151848954376704,学生打校长，学弟打学长的那个黄埔？
BV1dpTKzjE2i,114634002533526,智驾圈的黄埔军校？百度智驾为啥起了大早，赶了晚集,赛雷话车,2025-06-06 10:18:32,1373432,2163,1,智驾圈的黄埔军校？百度智驾为啥起了大早，赶了晚集,30344021798,390.11000,1,25,16777215,2025-06-06 13:51:54,1749189114,0,24b83cae,1863092346040715008,赢了看当下，输了看长远
BV1dpTKzjE2i,114634002533526,智驾圈的黄埔军校？百度智驾为啥起了大早，赶了晚集,赛雷话车,2025-06-06 10:18:32,1373432,2163,1,智驾圈的黄埔军校？百度智驾为啥起了大早，赶了晚集,30344021798,234.60400,1,25,16777215,2025-06-06 10:59:49,1749178789,0,ac0d595f,1863005727724613120,武汉满大街苕萝卜  甚至学会了加塞
BV1dpTKzjE2i,114634002533526,智驾圈的黄埔军校？百度智驾为啥起了大早，赶了晚集,赛雷话车,2025-06-06 10:18:32,1373432,2163,1,智驾圈的黄埔军校？百度智驾为啥起了大早，赶了晚集,30344021798,97.21900,1,25,16777215,2025-06-06 17:57:41,1749203861,0,aa3a81d3,1863216050905492480,勺萝卜
BV1dpTKzjE2i,114634002533526,智驾圈的黄埔军校？百度智驾为啥起了大早，赶了晚集,赛雷话车,2025-06-06 10:18:32,1373432,2163,1,智驾圈的黄埔军校？百度智驾为啥起了大早，赶了晚集,30344021798,161.61800,1,25,16777215,2025-06-06 10:22:10,1749176530,0,62c51d45,1862986776642475776,散是满天星
BV1dpTKzjE2i,114634002533526,智驾圈的黄埔军校？百度智驾为啥起了大早，赶了晚集,赛雷话车,2025-06-06 10:18:32,1373432,2163,1,智驾圈的黄埔军校？百度智驾为啥起了大早，赶了晚集,30344021798,324.13900,1,25,16777215,2025-06-06 12:38:48,1749184728,0,54f4dabe,1863055552029334528,领克接手了售后保养，但是零件比较难找
BV1dpTKzjE2i,114634002533526,智驾圈的黄埔军校？百度智驾为啥起了大早，赶了晚集,赛雷话车,2025-06-06 10:18:32,1373432,2163,1,智驾圈的黄埔军校？百度智驾为啥起了大早，赶了晚集,30344021798,69.79300,5,25,16777215,2025-06-08 16:41:01,1749372061,0,e0280666,1864627016113225984,Apollo还撤回了开源数据集
BV1dpTKzjE2i,114634002533526,智驾圈的黄埔军校？百度智驾为啥起了大早，赶了晚集,赛雷话车,2025-06-06 10:18:32,1373432,2163,1,智驾圈的黄埔军校？百度智驾为啥起了大早，赶了晚集,30344021798,36.93900,1,25,16777215,2025-06-06 16:07:43,1749197263,0,e3556ce5,1863160699732834048,谁还记得魏则西
BV1dpTKzjE2i,114634002533526,智驾圈的黄埔军校？百度智驾为啥起了大早，赶了晚集,赛雷话车,2025-06-06 10:18:32,1373432,2163,1,智驾圈的黄埔军校？百度智驾为啥起了大早，赶了晚集,30344021798,343.94900,1,25,16777215,2025-06-06 10:42:51,1749177771,0,cf5f4cbe,1862997188071305472,如果你想体验一下，那可以，但如果赶时间或者想省钱，那还是算了
BV1dpTKzjE2i,114634002533526,智驾圈的黄埔军校？百度智驾为啥起了大早，赶了晚集,赛雷话车,2025-06-06 10:18:32,1373432,2163,1,智驾圈的黄埔军校？百度智驾为啥起了大早，赶了晚集,30344021798,77.18500,1,25,16777215,2025-06-07 10:19:09,1749262749,0,11d22212,1863710036040780800,自驾想紧急切换手动的时候得看三十秒广告才行
BV1dpTKzjE2i,114634002533526,智驾圈的黄埔军校？百度智驾为啥起了大早，赶了晚集,赛雷话车,2025-06-06 10:18:32,1373432,2163,1,智驾圈的黄埔军校？百度智驾为啥起了大早，赶了晚集,30344021798,84.44400,1,25,16777215,2025-06-07 08:16:30,1749255390,0,748ca86e,1863648305893373184,被北京交警给处罚了
BV1dpTKzjE2i,114634002533526,智驾圈的黄埔军校？百度智驾为啥起了大早，赶了晚集,赛雷话车,2025-06-06 10:18:32,1373432,2163,1,智驾圈的黄埔军校？百度智驾为啥起了大早，赶了晚集,30344021798,26.54600,1,25,16777215,2025-06-06 18:41:45,1749206505,0,859c022a,1863238232356013056,高德：哦？
BV1dpTKzjE2i,114634002533526,智驾圈的黄埔军校？百度智驾为啥起了大早，赶了晚集,赛雷话车,2025-06-06 10:18:32,1373432,2163,1,智驾圈的黄埔军校？百度智驾为啥起了大早，赶了晚集,30344021798,31.54100,1,25,16777215,2025-06-06 10:26:39,1749176799,0,274db702,1862989038337268480,路径依赖
BV1dpTKzjE2i,114634002533526,智驾圈的黄埔军校？百度智驾为啥起了大早，赶了晚集,赛雷话车,2025-06-06 10:18:32,1373432,2163,1,智驾圈的黄埔军校？百度智驾为啥起了大早，赶了晚集,30344021798,152.76100,1,25,16777215,2025-06-08 16:47:04,1749372424,0,21e46776,1864630059643147008,怎么全出走了？肯定原团队有问题，而且是技术之外的问题
BV1dpTKzjE2i,114634002533526,智驾圈的黄埔军校？百度智驾为啥起了大早，赶了晚集,赛雷话车,2025-06-06 10:18:32,1373432,2163,1,智驾圈的黄埔军校？百度智驾为啥起了大早，赶了晚集,30344021798,0.45200,5,25,16707842,2025-06-09 10:38:47,1749436727,0,569e728e,1865169468091588864,《北斗高精车道级广告》
BV1dpTKzjE2i,114634002533526,智驾圈的黄埔军校？百度智驾为啥起了大早，赶了晚集,赛雷话车,2025-06-06 10:18:32,1373432,2163,1,智驾圈的黄埔军校？百度智驾为啥起了大早，赶了晚集,30344021798,58.12300,1,25,16777215,2025-06-07 00:27:31,1749227251,0,f0f58924,1863412255706612224,本来想借岚图打入乘用车市场，结果岚图回头拥抱华为
BV1dpTKzjE2i,114634002533526,智驾圈的黄埔军校？百度智驾为啥起了大早，赶了晚集,赛雷话车,2025-06-06 10:18:32,1373432,2163,1,智驾圈的黄埔军校？百度智驾为啥起了大早，赶了晚集,30344021798,242.98000,5,25,16777215,2025-06-06 13:23:31,1749187411,0,63215c0f,1863078059444816640,《嫉妒汽车》
BV1dpTKzjE2i,114634002533526,智驾圈的黄埔军校？百度智驾为啥起了大早，赶了晚集,赛雷话车,2025-06-06 10:18:32,1373432,2163,1,智驾圈的黄埔军校？百度智驾为啥起了大早，赶了晚集,30344021798,156.73600,1,25,16777215,2025-06-06 15:53:56,1749196436,0,33be2091,1863153760751110656,竞业协议怎么解决的？
BV1dpTKzjE2i,114634002533526,智驾圈的黄埔军校？百度智驾为啥起了大早，赶了晚集,赛雷话车,2025-06-06 10:18:32,1373432,2163,1,智驾圈的黄埔军校？百度智驾为啥起了大早，赶了晚集,30344021798,114.47100,1,25,16777215,2025-06-06 10:49:20,1749178160,0,f9aeac03,1863000457102807296,黄埔军校这外号现在多少有点“燃烧自己照亮别人”的蜡烛意思233333
BV1dpTKzjE2i,114634002533526,智驾圈的黄埔军校？百度智驾为啥起了大早，赶了晚集,赛雷话车,2025-06-06 10:18:32,1373432,2163,1,智驾圈的黄埔军校？百度智驾为啥起了大早，赶了晚集,30344021798,69.16800,1,25,16707842,2025-06-07 00:11:32,1749226292,0,b8f7f52c,1863404212659508480,起了个“洋神”名字？
BV1dpTKzjE2i,114634002533526,智驾圈的黄埔军校？百度智驾为啥起了大早，赶了晚集,赛雷话车,2025-06-06 10:18:32,1373432,2163,1,智驾圈的黄埔军校？百度智驾为啥起了大早，赶了晚集,30344021798,136.61800,1,25,16777215,2025-06-06 15:20:09,1749194409,0,35d9f98e,1863136761556162304,红警08:发里服哨
BV1dpTKzjE2i,114634002533526,智驾圈的黄埔军校？百度智驾为啥起了大早，赶了晚集,赛雷话车,2025-06-06 10:18:32,1373432,2163,1,智驾圈的黄埔军校？百度智驾为啥起了大早，赶了晚集,30344021798,420.11800,1,25,16777215,2025-06-06 13:55:13,1749189313,0,b23824b6,1863094011649772544,大华魔帝吧
BV1dpTKzjE2i,114634002533526,智驾圈的黄埔军校？百度智驾为啥起了大早，赶了晚集,赛雷话车,2025-06-06 10:18:32,1373432,2163,1,智驾圈的黄埔军校？百度智驾为啥起了大早，赶了晚集,30344021798,253.55600,1,25,16777215,2025-06-06 16:34:08,1749198848,0,a106a899,1863173996934836224,看到车标大家就该恍然大悟了——
BV1dpTKzjE2i,114634002533526,智驾圈的黄埔军校？百度智驾为啥起了大早，赶了晚集,赛雷话车,2025-06-06 10:18:32,1373432,2163,1,智驾圈的黄埔军校？百度智驾为啥起了大早，赶了晚集,30344021798,60.49100,5,25,16707842,2025-06-10 06:36:37,1749508597,0,d360106c,1865772360302080256,《all in AI》
BV1dpTKzjE2i,114634002533526,智驾圈的黄埔军校？百度智驾为啥起了大早，赶了晚集,赛雷话车,2025-06-06 10:18:32,1373432,2163,1,智驾圈的黄埔军校？百度智驾为啥起了大早，赶了晚集,30344021798,144.72400,1,25,16777215,2025-06-07 19:18:39,1749295119,0,89def4fd,1863981573980872960,他随便说  因为他不是广告哈哈
BV1dpTKzjE2i,114634002533526,智驾圈的黄埔军校？百度智驾为啥起了大早，赶了晚集,赛雷话车,2025-06-06 10:18:32,1373432,2163,1,智驾圈的黄埔军校？百度智驾为啥起了大早，赶了晚集,30344021798,239.22300,5,25,16777215,2025-06-06 15:10:03,1749193803,0,49c51c6a,1863131673916085504,吉百电动车
BV1dpTKzjE2i,114634002533526,智驾圈的黄埔军校？百度智驾为啥起了大早，赶了晚集,赛雷话车,2025-06-06 10:18:32,1373432,2163,1,智驾圈的黄埔军校？百度智驾为啥起了大早，赶了晚集,30344021798,363.03900,1,25,16777215,2025-06-07 21:44:11,1749303851,0,25f6e348,1864054822886810880,这假了，武汉那是街道口都有萝卜，够可以了hhh
BV1dpTKzjE2i,114634002533526,智驾圈的黄埔军校？百度智驾为啥起了大早，赶了晚集,赛雷话车,2025-06-06 10:18:32,1373432,2163,1,智驾圈的黄埔军校？百度智驾为啥起了大早，赶了晚集,30344021798,6.97400,1,25,16777215,2025-06-07 12:16:45,1749269805,0,11d03b97,1863769223819021312,还有深蓝汽车别忘记了。
BV1dpTKzjE2i,114634002533526,智驾圈的黄埔军校？百度智驾为啥起了大早，赶了晚集,赛雷话车,2025-06-06 10:18:32,1373432,2163,1,智驾圈的黄埔军校？百度智驾为啥起了大早，赶了晚集,30344021798,14.05700,1,25,16777215,2025-06-07 09:10:28,1749258628,0,a6ec777,1863675464129455616,从来只用苹果地图，没任何广告
BV1dpTKzjE2i,114634002533526,智驾圈的黄埔军校？百度智驾为啥起了大早，赶了晚集,赛雷话车,2025-06-06 10:18:32,1373432,2163,1,智驾圈的黄埔军校？百度智驾为啥起了大早，赶了晚集,30344021798,198.31500,1,25,16777215,2025-06-07 02:52:28,1749235948,0,2d935fd4,1863485218057970432,威马耶
BV1dpTKzjE2i,114634002533526,智驾圈的黄埔军校？百度智驾为啥起了大早，赶了晚集,赛雷话车,2025-06-06 10:18:32,1373432,2163,1,智驾圈的黄埔军校？百度智驾为啥起了大早，赶了晚集,30344021798,283.21700,1,25,16777215,2025-06-06 20:10:12,1749211812,0,29ebafb7,1863282749121652992,这也导致大嘴拆了四个界出来，本来都是一个标
BV1dpTKzjE2i,114634002533526,智驾圈的黄埔军校？百度智驾为啥起了大早，赶了晚集,赛雷话车,2025-06-06 10:18:32,1373432,2163,1,智驾圈的黄埔军校？百度智驾为啥起了大早，赶了晚集,30344021798,402.32100,1,25,16777215,2025-06-10 02:04:27,1749492267,0,26f95b75,1865635371372096768,“华大地魔”，听起来比较顺口
BV1dpTKzjE2i,114634002533526,智驾圈的黄埔军校？百度智驾为啥起了大早，赶了晚集,赛雷话车,2025-06-06 10:18:32,1373432,2163,1,智驾圈的黄埔军校？百度智驾为啥起了大早，赶了晚集,30344021798,388.95100,1,25,16777215,2025-06-07 13:22:08,1749273728,0,c8ac2392,1863802132260704512,真正的大寄 怕是来了你顶不住
BV1dpTKzjE2i,114634002533526,智驾圈的黄埔军校？百度智驾为啥起了大早，赶了晚集,赛雷话车,2025-06-06 10:18:32,1373432,2163,1,智驾圈的黄埔军校？百度智驾为啥起了大早，赶了晚集,30344021798,294.92100,1,25,16777215,2025-06-06 22:00:02,1749218402,0,c005e444,1863338031097457152,问界一拆四真的给2-30万价位段车子喘了口气
BV1dpTKzjE2i,114634002533526,智驾圈的黄埔军校？百度智驾为啥起了大早，赶了晚集,赛雷话车,2025-06-06 10:18:32,1373432,2163,1,智驾圈的黄埔军校？百度智驾为啥起了大早，赶了晚集,30344021798,299.77800,1,25,16777215,2025-06-06 14:08:08,1749190088,0,e0dc8172,1863100513491951872,这下听懂了
BV1dpTKzjE2i,114634002533526,智驾圈的黄埔军校？百度智驾为啥起了大早，赶了晚集,赛雷话车,2025-06-06 10:18:32,1373432,2163,1,智驾圈的黄埔军校？百度智驾为啥起了大早，赶了晚集,30344021798,112.79600,1,25,16777215,2025-06-06 13:39:40,1749188380,0,92067a26,1863086184910179840,智驾圈魅族
BV1dpTKzjE2i,114634002533526,智驾圈的黄埔军校？百度智驾为啥起了大早，赶了晚集,赛雷话车,2025-06-06 10:18:32,1373432,2163,1,智驾圈的黄埔军校？百度智驾为啥起了大早，赶了晚集,30344021798,126.17900,1,25,16777215,2025-06-09 19:04:37,1749467077,0,9ce859fc,1865424066723977472,魔门塔=粤语:没问题
BV1dpTKzjE2i,114634002533526,智驾圈的黄埔军校？百度智驾为啥起了大早，赶了晚集,赛雷话车,2025-06-06 10:18:32,1373432,2163,1,智驾圈的黄埔军校？百度智驾为啥起了大早，赶了晚集,30344021798,163.51500,1,25,16777215,2025-06-07 21:36:20,1749303380,0,366e1958,1864050873748643840,聚是一颗详
BV1dpTKzjE2i,114634002533526,智驾圈的黄埔军校？百度智驾为啥起了大早，赶了晚集,赛雷话车,2025-06-06 10:18:32,1373432,2163,1,智驾圈的黄埔军校？百度智驾为啥起了大早，赶了晚集,30344021798,269.70300,1,25,16777215,2025-06-09 14:37:18,1749451038,0,30054033,1865289522376534784,人家叫机器人，不叫汽车
BV1dpTKzjE2i,114634002533526,智驾圈的黄埔军校？百度智驾为啥起了大早，赶了晚集,赛雷话车,2025-06-06 10:18:32,1373432,2163,1,智驾圈的黄埔军校？百度智驾为啥起了大早，赶了晚集,30344021798,314.80200,1,25,16777215,2025-06-06 17:48:03,1749203283,0,4e3c184f,1863211199957779456,极越的教训就是拿别人的钱做不成企业
BV1dpTKzjE2i,114634002533526,智驾圈的黄埔军校？百度智驾为啥起了大早，赶了晚集,赛雷话车,2025-06-06 10:18:32,1373432,2163,1,智驾圈的黄埔军校？百度智驾为啥起了大早，赶了晚集,30344021798,109.97100,5,25,15772458,2025-06-09 18:57:09,1749466629,0,953d9bdd,1865420307478251776,《从黄埔军校到功德林》
BV1dpTKzjE2i,114634002533526,智驾圈的黄埔军校？百度智驾为啥起了大早，赶了晚集,赛雷话车,2025-06-06 10:18:32,1373432,2163,1,智驾圈的黄埔军校？百度智驾为啥起了大早，赶了晚集,30344021798,350.02000,1,25,16777215,2025-06-07 12:02:58,1749268978,0,7352b2f3,1863762288940087296,武汉萝卜很便宜
BV1dpTKzjE2i,114634002533526,智驾圈的黄埔军校？百度智驾为啥起了大早，赶了晚集,赛雷话车,2025-06-06 10:18:32,1373432,2163,1,智驾圈的黄埔军校？百度智驾为啥起了大早，赶了晚集,30344021798,184.84500,1,25,16777215,2025-06-06 21:27:55,1749216475,0,8c5425e0,1863321862282079232,666
BV1dpTKzjE2i,114634002533526,智驾圈的黄埔军校？百度智驾为啥起了大早，赶了晚集,赛雷话车,2025-06-06 10:18:32,1373432,2163,1,智驾圈的黄埔军校？百度智驾为啥起了大早，赶了晚集,30344021798,351.50800,1,25,16777215,2025-06-06 17:37:59,1749202679,0,38eeb4b6,1863206130965580032,这就说错了，武汉已经达成全城，收费比网约车便宜
BV1dpTKzjE2i,114634002533526,智驾圈的黄埔军校？百度智驾为啥起了大早，赶了晚集,赛雷话车,2025-06-06 10:18:32,1373432,2163,1,智驾圈的黄埔军校？百度智驾为啥起了大早，赶了晚集,30344021798,165.30100,5,25,15138834,2025-06-06 17:01:52,1749200512,0,be310ba5,1863187953480687104,也算是有点贡献了
BV1dpTKzjE2i,114634002533526,智驾圈的黄埔军校？百度智驾为啥起了大早，赶了晚集,赛雷话车,2025-06-06 10:18:32,1373432,2163,1,智驾圈的黄埔军校？百度智驾为啥起了大早，赶了晚集,30344021798,140.15400,1,25,16777215,2025-06-06 10:52:12,1749178332,0,23d39f,1863001897410709760,现在不是不能说智驾吗？文案不用成辅助驾驶吗？
BV1dpTKzjE2i,114634002533526,智驾圈的黄埔军校？百度智驾为啥起了大早，赶了晚集,赛雷话车,2025-06-06 10:18:32,1373432,2163,1,智驾圈的黄埔军校？百度智驾为啥起了大早，赶了晚集,30344021798,18.78800,1,25,16777215,2025-06-08 18:43:03,1749379383,0,15ca189b,1864688430773511168,深蓝发车机广告
BV1dpTKzjE2i,114634002533526,智驾圈的黄埔军校？百度智驾为啥起了大早，赶了晚集,赛雷话车,2025-06-06 10:18:32,1373432,2163,1,智驾圈的黄埔军校？百度智驾为啥起了大早，赶了晚集,30344021798,356.03700,1,25,16777215,2025-06-07 10:13:41,1749262421,0,17103dfe,1863707284157950464,真比网约车便宜，想一想当初网约车铺开的时候出租车干了什么
BV1dpTKzjE2i,114634002533526,智驾圈的黄埔军校？百度智驾为啥起了大早，赶了晚集,赛雷话车,2025-06-06 10:18:32,1373432,2163,1,智驾圈的黄埔军校？百度智驾为啥起了大早，赶了晚集,30344021798,48.16100,1,25,16777215,2025-06-08 07:45:15,1749339915,0,c8075402,1864357353655176704,给别人分红1400亿
BV1dpTKzjE2i,114634002533526,智驾圈的黄埔军校？百度智驾为啥起了大早，赶了晚集,赛雷话车,2025-06-06 10:18:32,1373432,2163,1,智驾圈的黄埔军校？百度智驾为啥起了大早，赶了晚集,30344021798,224.60900,1,25,16777215,2025-06-07 00:51:21,1749228681,0,41f0a1cf,1863424254109108480,来来来说说哪吒
BV1dpTKzjE2i,114634002533526,智驾圈的黄埔军校？百度智驾为啥起了大早，赶了晚集,赛雷话车,2025-06-06 10:18:32,1373432,2163,1,智驾圈的黄埔军校？百度智驾为啥起了大早，赶了晚集,30344021798,102.46100,1,25,16777215,2025-06-06 22:41:44,1749220904,0,e732c8ce,1863359019545708288,然而萝卜没有人用都觉得不安全
BV1dpTKzjE2i,114634002533526,智驾圈的黄埔军校？百度智驾为啥起了大早，赶了晚集,赛雷话车,2025-06-06 10:18:32,1373432,2163,1,智驾圈的黄埔军校？百度智驾为啥起了大早，赶了晚集,30344021798,251.52000,5,25,15138834,2025-06-06 15:11:32,1749193892,0,49c51c6a,1863132421743468800,拉来长城成立《集百长》集团
BV1dpTKzjE2i,114634002533526,智驾圈的黄埔军校？百度智驾为啥起了大早，赶了晚集,赛雷话车,2025-06-06 10:18:32,1373432,2163,1,智驾圈的黄埔军校？百度智驾为啥起了大早，赶了晚集,30344021798,156.43900,1,25,16777215,2025-06-12 14:35:18,1749710118,0,a115323d,1867462838206013952,散是满天星是吧，哈哈哈哈
BV1dpTKzjE2i,114634002533526,智驾圈的黄埔军校？百度智驾为啥起了大早，赶了晚集,赛雷话车,2025-06-06 10:18:32,1373432,2163,1,智驾圈的黄埔军校？百度智驾为啥起了大早，赶了晚集,30344021798,162.02000,1,25,16777215,2025-06-11 14:26:26,1749623186,0,af6d4889,1866733600054238208,pony？？？企鹅请你来南山一叙
BV1dpTKzjE2i,114634002533526,智驾圈的黄埔军校？百度智驾为啥起了大早，赶了晚集,赛雷话车,2025-06-06 10:18:32,1373432,2163,1,智驾圈的黄埔军校？百度智驾为啥起了大早，赶了晚集,30344021798,47.69200,1,25,9487136,2025-06-07 18:13:22,1749291202,0,2843602c,1863948715895926016,1500多亿给华为能造出啥怪物，我不敢相想
BV1dpTKzjE2i,114634002533526,智驾圈的黄埔军校？百度智驾为啥起了大早，赶了晚集,赛雷话车,2025-06-06 10:18:32,1373432,2163,1,智驾圈的黄埔军校？百度智驾为啥起了大早，赶了晚集,30344021798,103.89900,1,25,16646914,2025-06-07 13:26:58,1749274018,0,5de6d3e0,1863804568816188672,武汉的苕萝卜
BV1dpTKzjE2i,114634002533526,智驾圈的黄埔军校？百度智驾为啥起了大早，赶了晚集,赛雷话车,2025-06-06 10:18:32,1373432,2163,1,智驾圈的黄埔军校？百度智驾为啥起了大早，赶了晚集,30344021798,357.78000,1,25,16777215,2025-06-07 12:54:24,1749272064,0,f43b89dd,1863788179136657152,那个四十多和瑞幸的三十多一样，就是给你看看
BV1dpTKzjE2i,114634002533526,智驾圈的黄埔军校？百度智驾为啥起了大早，赶了晚集,赛雷话车,2025-06-06 10:18:32,1373432,2163,1,智驾圈的黄埔军校？百度智驾为啥起了大早，赶了晚集,30344021798,38.91700,1,25,16777215,2025-06-07 10:11:44,1749262304,0,b63bd0c2,1863706302589651712,冷知识：高德导航没有任何广告
BV1dpTKzjE2i,114634002533526,智驾圈的黄埔军校？百度智驾为啥起了大早，赶了晚集,赛雷话车,2025-06-06 10:18:32,1373432,2163,1,智驾圈的黄埔军校？百度智驾为啥起了大早，赶了晚集,30344021798,36.09100,5,25,16707842,2025-06-07 04:13:58,1749240838,0,8b3dfd44,1863526231086318592,开核事件呢？
BV1dpTKzjE2i,114634002533526,智驾圈的黄埔军校？百度智驾为啥起了大早，赶了晚集,赛雷话车,2025-06-06 10:18:32,1373432,2163,1,智驾圈的黄埔军校？百度智驾为啥起了大早，赶了晚集,30344021798,114.32600,1,25,16777215,2025-06-06 19:55:29,1749210929,0,21b4144f,1863275337426009344,搜狐张朝阳：勿念
BV1dpTKzjE2i,114634002533526,智驾圈的黄埔军校？百度智驾为啥起了大早，赶了晚集,赛雷话车,2025-06-06 10:18:32,1373432,2163,1,智驾圈的黄埔军校？百度智驾为啥起了大早，赶了晚集,30344021798,405.11900,1,25,16777215,2025-06-06 18:09:34,1749204574,0,85bb6969,1863222031287052544,当初的中华酷联现在又只剩下多少，这里面估计要没几家
BV1dpTKzjE2i,114634002533526,智驾圈的黄埔军校？百度智驾为啥起了大早，赶了晚集,赛雷话车,2025-06-06 10:18:32,1373432,2163,1,智驾圈的黄埔军校？百度智驾为啥起了大早，赶了晚集,30344021798,112.59500,5,25,16777215,2025-06-06 14:42:51,1749192171,0,820928f7,1863117985452643328,《优势在我》
BV1dpTKzjE2i,114634002533526,智驾圈的黄埔军校？百度智驾为啥起了大早，赶了晚集,赛雷话车,2025-06-06 10:18:32,1373432,2163,1,智驾圈的黄埔军校？百度智驾为啥起了大早，赶了晚集,30344021798,42.60900,1,25,16777215,2025-06-06 11:05:09,1749179109,0,300db139,1863008414704793856,晚集都没赶上
BV1dpTKzjE2i,114634002533526,智驾圈的黄埔军校？百度智驾为啥起了大早，赶了晚集,赛雷话车,2025-06-06 10:18:32,1373432,2163,1,智驾圈的黄埔军校？百度智驾为啥起了大早，赶了晚集,30344021798,243.14600,5,25,15138834,2025-06-06 10:59:44,1749178784,0,9e419c62,1863005685252624384,哈哈哈哈 这个最牛笔
BV1dpTKzjE2i,114634002533526,智驾圈的黄埔军校？百度智驾为啥起了大早，赶了晚集,赛雷话车,2025-06-06 10:18:32,1373432,2163,1,智驾圈的黄埔军校？百度智驾为啥起了大早，赶了晚集,30344021798,9.37000,1,25,16777215,2025-06-06 10:51:48,1749178308,0,fa4fc2d6,1863001695336797440,这个还行 也不影响看路
BV1dpTKzjE2i,114634002533526,智驾圈的黄埔军校？百度智驾为啥起了大早，赶了晚集,赛雷话车,2025-06-06 10:18:32,1373432,2163,1,智驾圈的黄埔军校？百度智驾为啥起了大早，赶了晚集,30344021798,44.82100,1,25,16777215,2025-06-09 11:18:22,1749439102,0,437ee427,1865189391472502016,AI也是这样，生成式五六年了，一直原地踏步。Chat出来马上投降
BV1dpTKzjE2i,114634002533526,智驾圈的黄埔军校？百度智驾为啥起了大早，赶了晚集,赛雷话车,2025-06-06 10:18:32,1373432,2163,1,智驾圈的黄埔军校？百度智驾为啥起了大早，赶了晚集,30344021798,334.34600,1,25,16777215,2025-06-09 11:17:19,1749439039,0,34e79fd6,1865188868903985664,我现在看到邻居都不敢提车的事，去年爆雷前三天买的01
BV1dpTKzjE2i,114634002533526,智驾圈的黄埔军校？百度智驾为啥起了大早，赶了晚集,赛雷话车,2025-06-06 10:18:32,1373432,2163,1,智驾圈的黄埔军校？百度智驾为啥起了大早，赶了晚集,30344021798,207.69900,1,25,15138834,2025-06-08 21:04:53,1749387893,0,59e791c3,1864759823128614656,如今岚图转华为了（doge）
BV1dpTKzjE2i,114634002533526,智驾圈的黄埔军校？百度智驾为啥起了大早，赶了晚集,赛雷话车,2025-06-06 10:18:32,1373432,2163,1,智驾圈的黄埔军校？百度智驾为啥起了大早，赶了晚集,30344021798,42.39100,1,25,16777215,2025-06-07 11:08:07,1749265687,0,e109a5ec,1863734679841316096,极越
BV1dpTKzjE2i,114634002533526,智驾圈的黄埔军校？百度智驾为啥起了大早，赶了晚集,赛雷话车,2025-06-06 10:18:32,1373432,2163,1,智驾圈的黄埔军校？百度智驾为啥起了大早，赶了晚集,30344021798,8.62100,1,25,16777215,2025-06-07 03:06:58,1749236818,0,794a2156,1863492510098920960,不忘初心
BV1dpTKzjE2i,114634002533526,智驾圈的黄埔军校？百度智驾为啥起了大早，赶了晚集,赛雷话车,2025-06-06 10:18:32,1373432,2163,1,智驾圈的黄埔军校？百度智驾为啥起了大早，赶了晚集,30344021798,198.08000,1,25,16777215,2025-06-06 13:09:56,1749186596,0,63256249,1863071216102499840,哎，老马！哎，老马！
BV1dpTKzjE2i,114634002533526,智驾圈的黄埔军校？百度智驾为啥起了大早，赶了晚集,赛雷话车,2025-06-06 10:18:32,1373432,2163,1,智驾圈的黄埔军校？百度智驾为啥起了大早，赶了晚集,30344021798,143.19000,5,25,15138834,2025-06-06 11:04:30,1749179070,0,8be23352,1863008089771811072,散是满天星。
BV1dpTKzjE2i,114634002533526,智驾圈的黄埔军校？百度智驾为啥起了大早，赶了晚集,赛雷话车,2025-06-06 10:18:32,1373432,2163,1,智驾圈的黄埔军校？百度智驾为啥起了大早，赶了晚集,30344021798,96.84500,1,25,16777215,2025-06-10 06:01:10,1749506470,0,c73c9b5f,1865754517363712000,没有华为的命，想做华为的梦
BV1dpTKzjE2i,114634002533526,智驾圈的黄埔军校？百度智驾为啥起了大早，赶了晚集,赛雷话车,2025-06-06 10:18:32,1373432,2163,1,智驾圈的黄埔军校？百度智驾为啥起了大早，赶了晚集,30344021798,298.94000,1,25,16777215,2025-06-09 21:45:20,1749476720,0,36d978a1,1865504958481605632,原来这就是极越
BV1dpTKzjE2i,114634002533526,智驾圈的黄埔军校？百度智驾为啥起了大早，赶了晚集,赛雷话车,2025-06-06 10:18:32,1373432,2163,1,智驾圈的黄埔军校？百度智驾为啥起了大早，赶了晚集,30344021798,101.85900,1,25,16777215,2025-06-09 18:24:27,1749464667,0,cdb89ca1,1865403847703841792,特定路段＋高精地图方案，而且车上顶个巨大传感器
BV1dpTKzjE2i,114634002533526,智驾圈的黄埔军校？百度智驾为啥起了大早，赶了晚集,赛雷话车,2025-06-06 10:18:32,1373432,2163,1,智驾圈的黄埔军校？百度智驾为啥起了大早，赶了晚集,30344021798,189.47900,1,25,16777215,2025-06-08 14:08:15,1749362895,0,9deccb45,1864550126014755584,太抽象了这车
BV1dpTKzjE2i,114634002533526,智驾圈的黄埔军校？百度智驾为啥起了大早，赶了晚集,赛雷话车,2025-06-06 10:18:32,1373432,2163,1,智驾圈的黄埔军校？百度智驾为啥起了大早，赶了晚集,30344021798,391.65900,1,25,16777215,2025-06-07 20:24:53,1749299093,0,3282ccc9,1864014909126888704,余大嘴不服，我们就是智驾
BV1dpTKzjE2i,114634002533526,智驾圈的黄埔军校？百度智驾为啥起了大早，赶了晚集,赛雷话车,2025-06-06 10:18:32,1373432,2163,1,智驾圈的黄埔军校？百度智驾为啥起了大早，赶了晚集,30344021798,32.66000,1,25,16777215,2025-06-07 12:41:13,1749271273,0,d3ed33a2,1863781544595292672,如果是预装的话，车企已经付过钱了。
BV1dpTKzjE2i,114634002533526,智驾圈的黄埔军校？百度智驾为啥起了大早，赶了晚集,赛雷话车,2025-06-06 10:18:32,1373432,2163,1,智驾圈的黄埔军校？百度智驾为啥起了大早，赶了晚集,30344021798,169.48600,1,25,16777215,2025-06-07 12:14:27,1749269667,0,53672afb,1863768067021745408,中国仙童
BV1dpTKzjE2i,114634002533526,智驾圈的黄埔军校？百度智驾为啥起了大早，赶了晚集,赛雷话车,2025-06-06 10:18:32,1373432,2163,1,智驾圈的黄埔军校？百度智驾为啥起了大早，赶了晚集,30344021798,93.03300,1,25,16777215,2025-06-07 08:53:06,1749257586,0,8b6f65a7,1863666725514426880,L4、哈哈哈哈哈哈哈哈
BV1dpTKzjE2i,114634002533526,智驾圈的黄埔军校？百度智驾为啥起了大早，赶了晚集,赛雷话车,2025-06-06 10:18:32,1373432,2163,1,智驾圈的黄埔军校？百度智驾为啥起了大早，赶了晚集,30344021798,11.04600,1,25,15138834,2025-06-06 21:52:08,1749217928,0,6d1d6120,1863334052590397184,高德地图也有这种广告，也没人提…
BV1dpTKzjE2i,114634002533526,智驾圈的黄埔军校？百度智驾为啥起了大早，赶了晚集,赛雷话车,2025-06-06 10:18:32,1373432,2163,1,智驾圈的黄埔军校？百度智驾为啥起了大早，赶了晚集,30344021798,241.75600,5,25,15138834,2025-06-06 19:15:56,1749208556,0,6f33f1a,1863255429849652480,为什么不都取首字，叫“吉百汽车”
BV1dpTKzjE2i,114634002533526,智驾圈的黄埔军校？百度智驾为啥起了大早，赶了晚集,赛雷话车,2025-06-06 10:18:32,1373432,2163,1,智驾圈的黄埔军校？百度智驾为啥起了大早，赶了晚集,30344021798,23.05100,1,25,16777215,2025-06-06 14:00:15,1749189615,0,efd7c7e6,1863096541343383296,高德不用回血吗
BV1dpTKzjE2i,114634002533526,智驾圈的黄埔军校？百度智驾为啥起了大早，赶了晚集,赛雷话车,2025-06-06 10:18:32,1373432,2163,1,智驾圈的黄埔军校？百度智驾为啥起了大早，赶了晚集,30344021798,81.16000,1,25,16777215,2025-06-06 13:16:55,1749187015,0,f70ffd8f,1863074735878453248,起大早赶晚集
BV1dpTKzjE2i,114634002533526,智驾圈的黄埔军校？百度智驾为啥起了大早，赶了晚集,赛雷话车,2025-06-06 10:18:32,1373432,2163,1,智驾圈的黄埔军校？百度智驾为啥起了大早，赶了晚集,30344021798,53.69700,1,25,16777215,2025-06-06 13:06:35,1749186395,0,f68edba0,1863069529983366912,"10年才1500多亿。华为10年都11,000亿了。"
BV1dpTKzjE2i,114634002533526,智驾圈的黄埔军校？百度智驾为啥起了大早，赶了晚集,赛雷话车,2025-06-06 10:18:32,1373432,2163,1,智驾圈的黄埔军校？百度智驾为啥起了大早，赶了晚集,30344021798,24.76300,1,25,16777215,2025-06-06 12:46:32,1749185192,0,ade0d77,1863059440593404416,开车看导航肯定注意力都集中在看路上了，谁有心思看广告啊，也就副驾能看到
BV1dpTKzjE2i,114634002533526,智驾圈的黄埔军校？百度智驾为啥起了大早，赶了晚集,赛雷话车,2025-06-06 10:18:32,1373432,2163,1,智驾圈的黄埔军校？百度智驾为啥起了大早，赶了晚集,30344021798,154.69000,1,25,16777215,2025-06-06 12:26:44,1749184004,0,e50544ae,1863049474281607680,人家本来就是L4级别的说智驾怎么了
BV1dpTKzjE2i,114634002533526,智驾圈的黄埔军校？百度智驾为啥起了大早，赶了晚集,赛雷话车,2025-06-06 10:18:32,1373432,2163,1,智驾圈的黄埔军校？百度智驾为啥起了大早，赶了晚集,30344021798,150.00600,1,25,16777215,2025-06-06 11:53:44,1749182024,0,39635b36,1863032863915139840,试验级l4凭什么不能说智驾
BV1dpTKzjE2i,114634002533526,智驾圈的黄埔军校？百度智驾为啥起了大早，赶了晚集,赛雷话车,2025-06-06 10:18:32,1373432,2163,1,智驾圈的黄埔军校？百度智驾为啥起了大早，赶了晚集,30344021798,418.79300,1,25,16777215,2025-06-06 10:38:23,1749177503,0,9b1b223d,1862994944009516032,还欠吉利70多亿什么时候还得上
BV1dpTKzjE2i,114634002533526,智驾圈的黄埔军校？百度智驾为啥起了大早，赶了晚集,赛雷话车,2025-06-06 10:18:32,1373432,2163,1,智驾圈的黄埔军校？百度智驾为啥起了大早，赶了晚集,30344021798,393.94300,1,25,16777215,2025-06-10 23:44:15,1749570255,0,a56a12a9,1866289587937242624,萝卜是智驾，L4-5
BV1dpTKzjE2i,114634002533526,智驾圈的黄埔军校？百度智驾为啥起了大早，赶了晚集,赛雷话车,2025-06-06 10:18:32,1373432,2163,1,智驾圈的黄埔军校？百度智驾为啥起了大早，赶了晚集,30344021798,11.55300,1,25,16777215,2025-06-09 18:43:34,1749465814,0,bc9d63a,1865413468606953984,传统艺能
BV1dpTKzjE2i,114634002533526,智驾圈的黄埔军校？百度智驾为啥起了大早，赶了晚集,赛雷话车,2025-06-06 10:18:32,1373432,2163,1,智驾圈的黄埔军校？百度智驾为啥起了大早，赶了晚集,30344021798,107.71100,1,25,16777215,2025-06-09 08:59:39,1749430779,0,21b8143d,1865119575663228928,挖菠萝
BV1dpTKzjE2i,114634002533526,智驾圈的黄埔军校？百度智驾为啥起了大早，赶了晚集,赛雷话车,2025-06-06 10:18:32,1373432,2163,1,智驾圈的黄埔军校？百度智驾为啥起了大早，赶了晚集,30344021798,231.41900,1,25,16777215,2025-06-08 23:25:07,1749396307,0,b60d8ea5,1864830399206239488,广州生物岛有这个车
BV1dpTKzjE2i,114634002533526,智驾圈的黄埔军校？百度智驾为啥起了大早，赶了晚集,赛雷话车,2025-06-06 10:18:32,1373432,2163,1,智驾圈的黄埔军校？百度智驾为啥起了大早，赶了晚集,30344021798,352.95500,1,25,16777215,2025-06-07 19:09:38,1749294578,0,db0baade,1863977034922184448,真就尬黑是吗
BV1dpTKzjE2i,114634002533526,智驾圈的黄埔军校？百度智驾为啥起了大早，赶了晚集,赛雷话车,2025-06-06 10:18:32,1373432,2163,1,智驾圈的黄埔军校？百度智驾为啥起了大早，赶了晚集,30344021798,198.26600,1,25,16777215,2025-06-07 12:25:06,1749270306,0,18d0c717,1863773429959473408,比亚迪真的是谁的方案都买
BV1dpTKzjE2i,114634002533526,智驾圈的黄埔军校？百度智驾为啥起了大早，赶了晚集,赛雷话车,2025-06-06 10:18:32,1373432,2163,1,智驾圈的黄埔军校？百度智驾为啥起了大早，赶了晚集,30344021798,20.37100,1,25,16777215,2025-06-06 21:20:24,1749216024,0,e497ceef,1863318077392322816,孝
BV1dpTKzjE2i,114634002533526,智驾圈的黄埔军校？百度智驾为啥起了大早，赶了晚集,赛雷话车,2025-06-06 10:18:32,1373432,2163,1,智驾圈的黄埔军校？百度智驾为啥起了大早，赶了晚集,30344021798,387.24000,1,25,16777215,2025-06-06 18:27:51,1749205671,0,b48cfc19,1863231230108684288,说得没错 但是你前期积累落后了啊
BV1dpTKzjE2i,114634002533526,智驾圈的黄埔军校？百度智驾为啥起了大早，赶了晚集,赛雷话车,2025-06-06 10:18:32,1373432,2163,1,智驾圈的黄埔军校？百度智驾为啥起了大早，赶了晚集,30344021798,68.44000,1,25,16777215,2025-06-06 12:11:40,1749183100,0,1e639bbb,1863041894485947136,干啥啥不行，骗钱第一名
BV1dpTKzjE2i,114634002533526,智驾圈的黄埔军校？百度智驾为啥起了大早，赶了晚集,赛雷话车,2025-06-06 10:18:32,1373432,2163,1,智驾圈的黄埔军校？百度智驾为啥起了大早，赶了晚集,30344021798,246.58000,5,25,16777215,2025-06-06 10:44:06,1749177846,0,5a194871,1862997821033155328,其实差不多就是极越
BV1dpTKzjE2i,114634002533526,智驾圈的黄埔军校？百度智驾为啥起了大早，赶了晚集,赛雷话车,2025-06-06 10:18:32,1373432,2163,1,智驾圈的黄埔军校？百度智驾为啥起了大早，赶了晚集,30344021798,246.15600,1,25,16777215,2025-06-12 14:36:47,1749710207,0,a115323d,1867463590798223872,威马挺可惜的，我们公司车库还有他们的测试新车
BV1dpTKzjE2i,114634002533526,智驾圈的黄埔军校？百度智驾为啥起了大早，赶了晚集,赛雷话车,2025-06-06 10:18:32,1373432,2163,1,智驾圈的黄埔军校？百度智驾为啥起了大早，赶了晚集,30344021798,31.46500,1,25,16777215,2025-06-10 20:42:54,1749559374,0,c6044181,1866198309220806912,高德怎么没广告
BV1dpTKzjE2i,114634002533526,智驾圈的黄埔军校？百度智驾为啥起了大早，赶了晚集,赛雷话车,2025-06-06 10:18:32,1373432,2163,1,智驾圈的黄埔军校？百度智驾为啥起了大早，赶了晚集,30344021798,153.78200,1,25,16777215,2025-06-08 12:53:41,1749358421,0,4bfa1061,1864512588663177984,没有竞业协议吗？
BV1dpTKzjE2i,114634002533526,智驾圈的黄埔军校？百度智驾为啥起了大早，赶了晚集,赛雷话车,2025-06-06 10:18:32,1373432,2163,1,智驾圈的黄埔军校？百度智驾为啥起了大早，赶了晚集,30344021798,40.08300,1,25,16777215,2025-06-08 01:08:32,1749316112,0,cba067cb,1864157682387880192,那你收费啊，你看我用不用你就完了
BV1dpTKzjE2i,114634002533526,智驾圈的黄埔军校？百度智驾为啥起了大早，赶了晚集,赛雷话车,2025-06-06 10:18:32,1373432,2163,1,智驾圈的黄埔军校？百度智驾为啥起了大早，赶了晚集,30344021798,19.61200,1,25,16777215,2025-06-07 23:48:56,1749311336,0,7465f06f,1864117618345534720,关我什么事，那我就换高德
BV1dpTKzjE2i,114634002533526,智驾圈的黄埔军校？百度智驾为啥起了大早，赶了晚集,赛雷话车,2025-06-06 10:18:32,1373432,2163,1,智驾圈的黄埔军校？百度智驾为啥起了大早，赶了晚集,30344021798,252.38500,1,25,16777215,2025-06-07 21:12:05,1749301925,0,ff3a0d50,1864038672282856704,极越哈哈哈哈
BV1dpTKzjE2i,114634002533526,智驾圈的黄埔军校？百度智驾为啥起了大早，赶了晚集,赛雷话车,2025-06-06 10:18:32,1373432,2163,1,智驾圈的黄埔军校？百度智驾为啥起了大早，赶了晚集,30344021798,414.55200,1,25,16777215,2025-06-07 21:12:05,1749301925,0,6f9a7770,1864038669271194624,我选华为
BV1dpTKzjE2i,114634002533526,智驾圈的黄埔军校？百度智驾为啥起了大早，赶了晚集,赛雷话车,2025-06-06 10:18:32,1373432,2163,1,智驾圈的黄埔军校？百度智驾为啥起了大早，赶了晚集,30344021798,74.21600,1,25,16777215,2025-06-07 20:10:18,1749298218,0,a4cfbf36,1864007575789009152,注意措辞：辅助驾驶
BV1dpTKzjE2i,114634002533526,智驾圈的黄埔军校？百度智驾为啥起了大早，赶了晚集,赛雷话车,2025-06-06 10:18:32,1373432,2163,1,智驾圈的黄埔军校？百度智驾为啥起了大早，赶了晚集,30344021798,105.57200,5,25,16777215,2025-06-07 18:14:13,1749291253,0,7232ef66,1863949143664547328,智驾黄埔军校
BV1dpTKzjE2i,114634002533526,智驾圈的黄埔军校？百度智驾为啥起了大早，赶了晚集,赛雷话车,2025-06-06 10:18:32,1373432,2163,1,智驾圈的黄埔军校？百度智驾为啥起了大早，赶了晚集,30344021798,147.55000,1,25,16777215,2025-06-07 18:06:50,1749290810,0,a5ef2d6d,1863945430674111232,小马？pony？pony马？
BV1dpTKzjE2i,114634002533526,智驾圈的黄埔军校？百度智驾为啥起了大早，赶了晚集,赛雷话车,2025-06-06 10:18:32,1373432,2163,1,智驾圈的黄埔军校？百度智驾为啥起了大早，赶了晚集,30344021798,142.69100,1,25,16707842,2025-06-07 17:54:16,1749290056,0,d559b68,1863939106250848256,虽然留不住人，但咱留得住广告呀
BV1dpTKzjE2i,114634002533526,智驾圈的黄埔军校？百度智驾为啥起了大早，赶了晚集,赛雷话车,2025-06-06 10:18:32,1373432,2163,1,智驾圈的黄埔军校？百度智驾为啥起了大早，赶了晚集,30344021798,162.81200,1,25,16777215,2025-06-07 17:42:07,1749289327,0,3acb499b,1863932987516272896,散是满天星了属于是
BV1dpTKzjE2i,114634002533526,智驾圈的黄埔军校？百度智驾为啥起了大早，赶了晚集,赛雷话车,2025-06-06 10:18:32,1373432,2163,1,智驾圈的黄埔军校？百度智驾为啥起了大早，赶了晚集,30344021798,151.86100,1,25,16777215,2025-06-07 17:21:38,1749288098,0,d656b355,1863922679812745728,都跑路了，怪不得不成功。
BV1dpTKzjE2i,114634002533526,智驾圈的黄埔军校？百度智驾为啥起了大早，赶了晚集,赛雷话车,2025-06-06 10:18:32,1373432,2163,1,智驾圈的黄埔军校？百度智驾为啥起了大早，赶了晚集,30344021798,18.93100,1,25,16777215,2025-06-07 16:21:39,1749284499,0,92ca2061,1863892489857943040,万用的高德
BV1dpTKzjE2i,114634002533526,智驾圈的黄埔军校？百度智驾为啥起了大早，赶了晚集,赛雷话车,2025-06-06 10:18:32,1373432,2163,1,智驾圈的黄埔军校？百度智驾为啥起了大早，赶了晚集,30344021798,27.08500,1,25,16777215,2025-06-07 15:34:38,1749281678,0,7a383453,1863868821761585920,苹果在国内用的是高德地图
BV1dpTKzjE2i,114634002533526,智驾圈的黄埔军校？百度智驾为啥起了大早，赶了晚集,赛雷话车,2025-06-06 10:18:32,1373432,2163,1,智驾圈的黄埔军校？百度智驾为啥起了大早，赶了晚集,30344021798,26.40500,1,25,16777215,2025-06-06 22:38:23,1749220703,0,bfcac08d,1863357330214025472,是我让他免费的？？？
BV1dpTKzjE2i,114634002533526,智驾圈的黄埔军校？百度智驾为啥起了大早，赶了晚集,赛雷话车,2025-06-06 10:18:32,1373432,2163,1,智驾圈的黄埔军校？百度智驾为啥起了大早，赶了晚集,30344021798,219.04100,1,25,16777215,2025-06-06 20:07:35,1749211655,0,29ebafb7,1863281432747948544,单打独斗啥呀，视频前面地平线魔蒙塔没看吗
BV1dpTKzjE2i,114634002533526,智驾圈的黄埔军校？百度智驾为啥起了大早，赶了晚集,赛雷话车,2025-06-06 10:18:32,1373432,2163,1,智驾圈的黄埔军校？百度智驾为啥起了大早，赶了晚集,30344021798,17.78700,5,25,16777215,2025-06-06 18:40:05,1749206405,0,1633b02b,1863237393311191552,这家公司一直思路清奇
BV1dpTKzjE2i,114634002533526,智驾圈的黄埔军校？百度智驾为啥起了大早，赶了晚集,赛雷话车,2025-06-06 10:18:32,1373432,2163,1,智驾圈的黄埔军校？百度智驾为啥起了大早，赶了晚集,30344021798,79.87700,1,25,16777215,2025-06-06 18:09:06,1749204546,0,357bc535,1863221792488426240,没有技术研发。没有技术迭代。
BV1dpTKzjE2i,114634002533526,智驾圈的黄埔军校？百度智驾为啥起了大早，赶了晚集,赛雷话车,2025-06-06 10:18:32,1373432,2163,1,智驾圈的黄埔军校？百度智驾为啥起了大早，赶了晚集,30344021798,61.11300,1,25,16777215,2025-06-06 17:26:26,1749201986,0,f1c4e0b3,1863200317962457856,不光智能驾驶，还有大数据也是啊
BV1dpTKzjE2i,114634002533526,智驾圈的黄埔军校？百度智驾为啥起了大早，赶了晚集,赛雷话车,2025-06-06 10:18:32,1373432,2163,1,智驾圈的黄埔军校？百度智驾为啥起了大早，赶了晚集,30344021798,47.01200,5,25,16777215,2025-06-06 16:24:05,1749198245,0,ef25aa0b,1863168939619181568,极度汽车 后面改名极越
BV1dpTKzjE2i,114634002533526,智驾圈的黄埔军校？百度智驾为啥起了大早，赶了晚集,赛雷话车,2025-06-06 10:18:32,1373432,2163,1,智驾圈的黄埔军校？百度智驾为啥起了大早，赶了晚集,30344021798,335.39800,1,25,16777215,2025-06-06 12:17:07,1749183427,0,b46e669d,1863044638559593472,这地图一眼广州科学城附近
BV1dpTKzjE2i,114634002533526,智驾圈的黄埔军校？百度智驾为啥起了大早，赶了晚集,赛雷话车,2025-06-06 10:18:32,1373432,2163,1,智驾圈的黄埔军校？百度智驾为啥起了大早，赶了晚集,30344021798,69.52200,1,25,16777215,2025-06-06 11:30:09,1749180609,0,424603dd,1863020996450220288,高管腰包鼓了
BV1dpTKzjE2i,114634002533526,智驾圈的黄埔军校？百度智驾为啥起了大早，赶了晚集,赛雷话车,2025-06-06 10:18:32,1373432,2163,1,智驾圈的黄埔军校？百度智驾为啥起了大早，赶了晚集,30344021798,20.62300,1,25,16777215,2025-06-06 10:46:55,1749178015,0,cb773286,1862999240520503552,我都是锁屏只听语音的
BV1dpTKzjE2i,114634002533526,智驾圈的黄埔军校？百度智驾为啥起了大早，赶了晚集,赛雷话车,2025-06-06 10:18:32,1373432,2163,1,智驾圈的黄埔军校？百度智驾为啥起了大早，赶了晚集,30344021798,172.15800,1,25,16777215,2025-07-21 17:51:14,1753091474,0,fc9d7b7,1895827712577828608,聚是一广告
BV1dpTKzjE2i,114634002533526,智驾圈的黄埔军校？百度智驾为啥起了大早，赶了晚集,赛雷话车,2025-06-06 10:18:32,1373432,2163,1,智驾圈的黄埔军校？百度智驾为啥起了大早，赶了晚集,30344021798,159.29100,1,25,16777215,2025-07-01 14:32:57,1751351577,0,abd2ef3d,1881232400504737024,仙童半导体
BV1dpTKzjE2i,114634002533526,智驾圈的黄埔军校？百度智驾为啥起了大早，赶了晚集,赛雷话车,2025-06-06 10:18:32,1373432,2163,1,智驾圈的黄埔军校？百度智驾为啥起了大早，赶了晚集,30344021798,260.98100,1,25,16777215,2025-06-11 08:18:21,1749601101,0,2be1511b,1866548342662818048,米粉魅力时刻
BV1dpTKzjE2i,114634002533526,智驾圈的黄埔军校？百度智驾为啥起了大早，赶了晚集,赛雷话车,2025-06-06 10:18:32,1373432,2163,1,智驾圈的黄埔军校？百度智驾为啥起了大早，赶了晚集,30344021798,351.58200,1,25,16777215,2025-06-09 22:37:16,1749479836,0,90c16f11,1865531097560039936,重庆在永川
BV1dpTKzjE2i,114634002533526,智驾圈的黄埔军校？百度智驾为啥起了大早，赶了晚集,赛雷话车,2025-06-06 10:18:32,1373432,2163,1,智驾圈的黄埔军校？百度智驾为啥起了大早，赶了晚集,30344021798,29.38300,1,25,16777215,2025-06-08 23:31:26,1749396686,0,be4ebc70,1864833581827266816,导航播报也会念广告词
BV1dpTKzjE2i,114634002533526,智驾圈的黄埔军校？百度智驾为啥起了大早，赶了晚集,赛雷话车,2025-06-06 10:18:32,1373432,2163,1,智驾圈的黄埔军校？百度智驾为啥起了大早，赶了晚集,30344021798,47.95700,1,25,16777215,2025-06-08 22:38:26,1749393506,0,944aade4,1864806902883055616,萝卜快跑
BV1dpTKzjE2i,114634002533526,智驾圈的黄埔军校？百度智驾为啥起了大早，赶了晚集,赛雷话车,2025-06-06 10:18:32,1373432,2163,1,智驾圈的黄埔军校？百度智驾为啥起了大早，赶了晚集,30344021798,81.16800,1,25,16777215,2025-06-08 21:38:52,1749389932,0,b8be917,1864776928256072192,陆奇是怎么走的，陆奇走后的第二年。ai元年
BV1dpTKzjE2i,114634002533526,智驾圈的黄埔军校？百度智驾为啥起了大早，赶了晚集,赛雷话车,2025-06-06 10:18:32,1373432,2163,1,智驾圈的黄埔军校？百度智驾为啥起了大早，赶了晚集,30344021798,402.53800,1,25,16777215,2025-06-08 12:42:36,1749357756,0,178569db,1864507015557246720,供应商里我投华为一票
BV1dpTKzjE2i,114634002533526,智驾圈的黄埔军校？百度智驾为啥起了大早，赶了晚集,赛雷话车,2025-06-06 10:18:32,1373432,2163,1,智驾圈的黄埔军校？百度智驾为啥起了大早，赶了晚集,30344021798,222.12700,1,25,16777215,2025-06-08 09:38:48,1749346728,0,b9ec1eec,1864414508396149504,厉害个毛线
BV1dpTKzjE2i,114634002533526,智驾圈的黄埔军校？百度智驾为啥起了大早，赶了晚集,赛雷话车,2025-06-06 10:18:32,1373432,2163,1,智驾圈的黄埔军校？百度智驾为啥起了大早，赶了晚集,30344021798,307.96800,1,25,16777215,2025-06-07 23:20:41,1749309641,0,f56d7a36,1864103394907263744,都是忽悠
BV1dpTKzjE2i,114634002533526,智驾圈的黄埔军校？百度智驾为啥起了大早，赶了晚集,赛雷话车,2025-06-06 10:18:32,1373432,2163,1,智驾圈的黄埔军校？百度智驾为啥起了大早，赶了晚集,30344021798,281.58200,1,25,16777215,2025-06-07 23:20:14,1749309614,0,f56d7a36,1864103173758283520,都是大忽悠
BV1dpTKzjE2i,114634002533526,智驾圈的黄埔军校？百度智驾为啥起了大早，赶了晚集,赛雷话车,2025-06-06 10:18:32,1373432,2163,1,智驾圈的黄埔军校？百度智驾为啥起了大早，赶了晚集,30344021798,78.48800,1,25,16777215,2025-06-07 18:08:39,1749290919,0,f2aef295,1863946348714435584,互联网企业这种画饼式营销和吹嘘套路，路径依赖太严重了，导致一直这样玩，殊不知现今世界卷的程度早就已经变了，你没实际没实力别吹
BV1dpTKzjE2i,114634002533526,智驾圈的黄埔军校？百度智驾为啥起了大早，赶了晚集,赛雷话车,2025-06-06 10:18:32,1373432,2163,1,智驾圈的黄埔军校？百度智驾为啥起了大早，赶了晚集,30344021798,154.58900,1,25,16777215,2025-06-07 14:52:39,1749279159,0,b3e1d747,1863847697552378880,捉个小虫，原xx单位是指已经消失的单位，应该是：xx单位原xx职位
BV1dpTKzjE2i,114634002533526,智驾圈的黄埔军校？百度智驾为啥起了大早，赶了晚集,赛雷话车,2025-06-06 10:18:32,1373432,2163,1,智驾圈的黄埔军校？百度智驾为啥起了大早，赶了晚集,30344021798,21.27500,1,25,16765698,2025-06-07 13:18:18,1749273498,0,44cd84e7,1863800207939529472,白嫖？？？他不赚流量费？？？打开app的时候没广告？？？订酒店打车哪个他们没提成分红？？？
BV1dpTKzjE2i,114634002533526,智驾圈的黄埔军校？百度智驾为啥起了大早，赶了晚集,赛雷话车,2025-06-06 10:18:32,1373432,2163,1,智驾圈的黄埔军校？百度智驾为啥起了大早，赶了晚集,30344021798,347.97500,1,25,16777215,2025-06-07 12:21:14,1749270074,0,8ff79146,1863771484960061440,武汉的萝卜比一般网约车便宜个四五块
BV1dpTKzjE2i,114634002533526,智驾圈的黄埔军校？百度智驾为啥起了大早，赶了晚集,赛雷话车,2025-06-06 10:18:32,1373432,2163,1,智驾圈的黄埔军校？百度智驾为啥起了大早，赶了晚集,30344021798,107.51700,1,25,16777215,2025-06-07 12:12:36,1749269556,0,7a08269b,1863767137748283904,武汉坐过 感觉除了慢点也没啥问题
BV1dpTKzjE2i,114634002533526,智驾圈的黄埔军校？百度智驾为啥起了大早，赶了晚集,赛雷话车,2025-06-06 10:18:32,1373432,2163,1,智驾圈的黄埔军校？百度智驾为啥起了大早，赶了晚集,30344021798,248.52600,1,25,16777215,2025-06-07 09:38:09,1749260289,0,18d8c193,1863689404687324672,说到这个笑得更大声了
BV1dpTKzjE2i,114634002533526,智驾圈的黄埔军校？百度智驾为啥起了大早，赶了晚集,赛雷话车,2025-06-06 10:18:32,1373432,2163,1,智驾圈的黄埔军校？百度智驾为啥起了大早，赶了晚集,30344021798,21.22400,5,25,15138834,2025-06-07 03:00:10,1749236410,0,90ceb9df,1863489089391854080,然后音乐app在你歌曲中间插播一条广告
BV1dpTKzjE2i,114634002533526,智驾圈的黄埔军校？百度智驾为啥起了大早，赶了晚集,赛雷话车,2025-06-06 10:18:32,1373432,2163,1,智驾圈的黄埔军校？百度智驾为啥起了大早，赶了晚集,30344021798,136.77300,1,25,16777215,2025-06-07 00:33:49,1749227629,0,98323f63,1863415426877419008,太超前了吧生不逢时
BV1dpTKzjE2i,114634002533526,智驾圈的黄埔军校？百度智驾为啥起了大早，赶了晚集,赛雷话车,2025-06-06 10:18:32,1373432,2163,1,智驾圈的黄埔军校？百度智驾为啥起了大早，赶了晚集,30344021798,368.40300,1,25,16777215,2025-06-06 19:06:43,1749208003,0,94f8ab9d,1863250797501595904,真的要把出租车吃干抹净
BV1dpTKzjE2i,114634002533526,智驾圈的黄埔军校？百度智驾为啥起了大早，赶了晚集,赛雷话车,2025-06-06 10:18:32,1373432,2163,1,智驾圈的黄埔军校？百度智驾为啥起了大早，赶了晚集,30344021798,335.32100,1,25,16777215,2025-06-06 17:43:17,1749202997,0,de24e1a,1863208801310790656,牛逼，敢在重庆运营
BV1dpTKzjE2i,114634002533526,智驾圈的黄埔军校？百度智驾为啥起了大早，赶了晚集,赛雷话车,2025-06-06 10:18:32,1373432,2163,1,智驾圈的黄埔军校？百度智驾为啥起了大早，赶了晚集,30344021798,39.41600,1,25,16777215,2025-06-06 16:23:23,1749198203,0,ce0c586f,1863168586374978304,云南过桥米线有什么故事
BV1dpTKzjE2i,114634002533526,智驾圈的黄埔军校？百度智驾为啥起了大早，赶了晚集,赛雷话车,2025-06-06 10:18:32,1373432,2163,1,智驾圈的黄埔军校？百度智驾为啥起了大早，赶了晚集,30344021798,16.81900,1,25,16777215,2025-06-06 13:56:08,1749189368,0,35e893d1,1863094474751128064,不影响看路？还是太天真了
BV1dpTKzjE2i,114634002533526,智驾圈的黄埔军校？百度智驾为啥起了大早，赶了晚集,赛雷话车,2025-06-06 10:18:32,1373432,2163,1,智驾圈的黄埔军校？百度智驾为啥起了大早，赶了晚集,30344021798,166.42000,1,25,16777215,2025-06-06 10:59:15,1749178755,0,205b8950,1863005441933191680,桃李满天下了
BV1dpTKzjE2i,114634002533526,智驾圈的黄埔军校？百度智驾为啥起了大早，赶了晚集,赛雷话车,2025-06-06 10:18:32,1373432,2163,1,智驾圈的黄埔军校？百度智驾为啥起了大早，赶了晚集,30344021798,419.62300,1,25,16777215,2025-09-11 17:40:28,1757583628,0,64cbc68a,1933510630770897408,华为YYDS
BV1dpTKzjE2i,114634002533526,智驾圈的黄埔军校？百度智驾为啥起了大早，赶了晚集,赛雷话车,2025-06-06 10:18:32,1373432,2163,1,智驾圈的黄埔军校？百度智驾为啥起了大早，赶了晚集,30344021798,297.39600,5,25,16777215,2025-08-19 15:05:37,1755587137,0,cc6e0562,1916762849834330880,这下听懂了
BV1dpTKzjE2i,114634002533526,智驾圈的黄埔军校？百度智驾为啥起了大早，赶了晚集,赛雷话车,2025-06-06 10:18:32,1373432,2163,1,智驾圈的黄埔军校？百度智驾为啥起了大早，赶了晚集,30344021798,404.16600,1,25,16777215,2025-08-16 19:39:40,1755344380,0,6d1e27ca,1914726452134793472,目前高端基本选华为，其他中低端找momenta为主吧
BV1dpTKzjE2i,114634002533526,智驾圈的黄埔军校？百度智驾为啥起了大早，赶了晚集,赛雷话车,2025-06-06 10:18:32,1373432,2163,1,智驾圈的黄埔军校？百度智驾为啥起了大早，赶了晚集,30344021798,10.50600,1,25,16777215,2025-07-07 10:30:37,1751855437,0,cae5d81f,1885459078072476416,还能这样插入广告啊
BV1dpTKzjE2i,114634002533526,智驾圈的黄埔军校？百度智驾为啥起了大早，赶了晚集,赛雷话车,2025-06-06 10:18:32,1373432,2163,1,智驾圈的黄埔军校？百度智驾为啥起了大早，赶了晚集,30344021798,23.41100,1,25,16777215,2025-06-30 12:21:48,1751257308,0,23840d37,1880441613164167424,幽默
BV1dpTKzjE2i,114634002533526,智驾圈的黄埔军校？百度智驾为啥起了大早，赶了晚集,赛雷话车,2025-06-06 10:18:32,1373432,2163,1,智驾圈的黄埔军校？百度智驾为啥起了大早，赶了晚集,30344021798,25.61500,1,25,16777215,2025-06-28 17:33:42,1751103222,0,958c2484,1879149044149198592,垃圾公司
BV1dpTKzjE2i,114634002533526,智驾圈的黄埔军校？百度智驾为啥起了大早，赶了晚集,赛雷话车,2025-06-06 10:18:32,1373432,2163,1,智驾圈的黄埔军校？百度智驾为啥起了大早，赶了晚集,30344021798,389.71600,1,25,16777215,2025-06-25 20:33:06,1750854786,0,ea3c52aa,1877065008828206080,说的没错，但你已经不在了呀。
BV1dpTKzjE2i,114634002533526,智驾圈的黄埔军校？百度智驾为啥起了大早，赶了晚集,赛雷话车,2025-06-06 10:18:32,1373432,2163,1,智驾圈的黄埔军校？百度智驾为啥起了大早，赶了晚集,30344021798,335.74800,1,25,16777215,2025-06-22 17:30:03,1750584603,0,40b44012,1874798552547768320,都已经是去年的事情了吗 真快呀
BV1dpTKzjE2i,114634002533526,智驾圈的黄埔军校？百度智驾为啥起了大早，赶了晚集,赛雷话车,2025-06-06 10:18:32,1373432,2163,1,智驾圈的黄埔军校？百度智驾为啥起了大早，赶了晚集,30344021798,33.09500,1,25,16777215,2025-06-18 02:21:26,1750184486,0,ab604f6b,1871442127620382720,李彦宏想喝水了
BV1dpTKzjE2i,114634002533526,智驾圈的黄埔军校？百度智驾为啥起了大早，赶了晚集,赛雷话车,2025-06-06 10:18:32,1373432,2163,1,智驾圈的黄埔军校？百度智驾为啥起了大早，赶了晚集,30344021798,56.85200,1,25,16777215,2025-06-17 19:58:12,1750161492,0,66f16643,1871249240831993600,华为也是2012 13年入局的
BV1dpTKzjE2i,114634002533526,智驾圈的黄埔军校？百度智驾为啥起了大早，赶了晚集,赛雷话车,2025-06-06 10:18:32,1373432,2163,1,智驾圈的黄埔军校？百度智驾为啥起了大早，赶了晚集,30344021798,309.27000,5,25,16777215,2025-06-17 18:01:28,1750154488,0,4541573d,1871190483960155392,硬件不差，毕竟吉利系，但是设计思路不对
BV1dpTKzjE2i,114634002533526,智驾圈的黄埔军校？百度智驾为啥起了大早，赶了晚集,赛雷话车,2025-06-06 10:18:32,1373432,2163,1,智驾圈的黄埔军校？百度智驾为啥起了大早，赶了晚集,30344021798,301.21100,1,25,16777215,2025-06-17 17:50:32,1750153832,0,836aab53,1871184980966269184,原来如此，可惜极越倒闭了
BV1dpTKzjE2i,114634002533526,智驾圈的黄埔军校？百度智驾为啥起了大早，赶了晚集,赛雷话车,2025-06-06 10:18:32,1373432,2163,1,智驾圈的黄埔军校？百度智驾为啥起了大早，赶了晚集,30344021798,58.99600,1,25,16777215,2025-06-17 11:20:36,1750130436,0,83ddeea9,1870988727200471552,我用高德
BV1dpTKzjE2i,114634002533526,智驾圈的黄埔军校？百度智驾为啥起了大早，赶了晚集,赛雷话车,2025-06-06 10:18:32,1373432,2163,1,智驾圈的黄埔军校？百度智驾为啥起了大早，赶了晚集,30344021798,388.59200,1,25,16777215,2025-06-17 07:46:14,1750117574,0,3797a99e,1870880828394011136,那你现在都赶不上以后还有机会吗？自动驾驶涉及安全，只有第一，没有第二，都是赢家通吃的
BV1dpTKzjE2i,114634002533526,智驾圈的黄埔军校？百度智驾为啥起了大早，赶了晚集,赛雷话车,2025-06-06 10:18:32,1373432,2163,1,智驾圈的黄埔军校？百度智驾为啥起了大早，赶了晚集,30344021798,423.93200,1,25,16777215,2025-06-16 23:46:18,1750088778,0,167b0a03,1870639267437639936,不如找小米合作吧 都在北京
BV1dpTKzjE2i,114634002533526,智驾圈的黄埔军校？百度智驾为啥起了大早，赶了晚集,赛雷话车,2025-06-06 10:18:32,1373432,2163,1,智驾圈的黄埔军校？百度智驾为啥起了大早，赶了晚集,30344021798,41.52100,5,25,16777215,2025-06-16 11:38:46,1750045126,0,d3a0fd22,1870273091444786432,玩家级骨灰
BV1dpTKzjE2i,114634002533526,智驾圈的黄埔军校？百度智驾为啥起了大早，赶了晚集,赛雷话车,2025-06-06 10:18:32,1373432,2163,1,智驾圈的黄埔军校？百度智驾为啥起了大早，赶了晚集,30344021798,87.83500,1,25,16777215,2025-06-15 11:19:20,1749957560,0,3c3703a,1869538536651818496,罚单哈哈
BV1dpTKzjE2i,114634002533526,智驾圈的黄埔军校？百度智驾为啥起了大早，赶了晚集,赛雷话车,2025-06-06 10:18:32,1373432,2163,1,智驾圈的黄埔军校？百度智驾为啥起了大早，赶了晚集,30344021798,71.08500,1,25,16777215,2025-06-12 20:37:51,1749731871,0,f22dc1ab,1867645317734963200,五年量产，原来违法上路是这么来的。
BV1dpTKzjE2i,114634002533526,智驾圈的黄埔军校？百度智驾为啥起了大早，赶了晚集,赛雷话车,2025-06-06 10:18:32,1373432,2163,1,智驾圈的黄埔军校？百度智驾为啥起了大早，赶了晚集,30344021798,88.15900,1,25,16777215,2025-06-12 20:37:24,1749731844,0,6c40c018,1867645091377285376,国人素质，无人驾驶没辙。
BV1dpTKzjE2i,114634002533526,智驾圈的黄埔军校？百度智驾为啥起了大早，赶了晚集,赛雷话车,2025-06-06 10:18:32,1373432,2163,1,智驾圈的黄埔军校？百度智驾为啥起了大早，赶了晚集,30344021798,46.94600,1,25,16777215,2025-06-12 19:16:41,1749727001,0,10558d55,1867604462294963968,研发到怎么投虚假广告上了
BV1dpTKzjE2i,114634002533526,智驾圈的黄埔军校？百度智驾为啥起了大早，赶了晚集,赛雷话车,2025-06-06 10:18:32,1373432,2163,1,智驾圈的黄埔军校？百度智驾为啥起了大早，赶了晚集,30344021798,362.45200,1,25,16777215,2025-06-12 14:38:44,1749710324,0,a115323d,1867464566603362304,现在广州很少了，之前还经常见到
BV1dpTKzjE2i,114634002533526,智驾圈的黄埔军校？百度智驾为啥起了大早，赶了晚集,赛雷话车,2025-06-06 10:18:32,1373432,2163,1,智驾圈的黄埔军校？百度智驾为啥起了大早，赶了晚集,30344021798,167.71800,1,25,16777215,2025-06-11 15:29:11,1749626951,0,e8276556,1866765186577732608,竞业协议才多少钱啊，有1亿吗
BV1dpTKzjE2i,114634002533526,智驾圈的黄埔军校？百度智驾为啥起了大早，赶了晚集,赛雷话车,2025-06-06 10:18:32,1373432,2163,1,智驾圈的黄埔军校？百度智驾为啥起了大早，赶了晚集,30344021798,161.32100,1,25,16777215,2025-06-10 23:48:18,1749570498,0,fb780ec2,1866291620832904448,竞业协议收到的赔偿也不少啊，不止广告，哈哈哈
BV1dpTKzjE2i,114634002533526,智驾圈的黄埔军校？百度智驾为啥起了大早，赶了晚集,赛雷话车,2025-06-06 10:18:32,1373432,2163,1,智驾圈的黄埔军校？百度智驾为啥起了大早，赶了晚集,30344021798,312.25600,1,25,16777215,2025-06-10 20:39:38,1749559178,0,1469c757,1866196665716341248,主要不是自己车，吉利的店也不推
BV1dpTKzjE2i,114634002533526,智驾圈的黄埔军校？百度智驾为啥起了大早，赶了晚集,赛雷话车,2025-06-06 10:18:32,1373432,2163,1,智驾圈的黄埔军校？百度智驾为啥起了大早，赶了晚集,30344021798,246.69500,1,25,16777215,2025-06-09 23:05:18,1749481518,0,5ec928a9,1865545200882169600,为什么不叫吉百汽车
BV1dpTKzjE2i,114634002533526,智驾圈的黄埔军校？百度智驾为啥起了大早，赶了晚集,赛雷话车,2025-06-06 10:18:32,1373432,2163,1,智驾圈的黄埔军校？百度智驾为啥起了大早，赶了晚集,30344021798,116.45900,1,25,15138834,2025-06-09 18:51:12,1749466272,0,8019f876,1865417310572440576,功德林学前班
BV1dpTKzjE2i,114634002533526,智驾圈的黄埔军校？百度智驾为啥起了大早，赶了晚集,赛雷话车,2025-06-06 10:18:32,1373432,2163,1,智驾圈的黄埔军校？百度智驾为啥起了大早，赶了晚集,30344021798,58.47300,5,25,15138834,2025-06-09 18:35:23,1749465323,0,954dfa7b,1865409355529316096,谷歌没有任何广告
BV1dpTKzjE2i,114634002533526,智驾圈的黄埔军校？百度智驾为啥起了大早，赶了晚集,赛雷话车,2025-06-06 10:18:32,1373432,2163,1,智驾圈的黄埔军校？百度智驾为啥起了大早，赶了晚集,30344021798,15.61300,1,25,16777215,2025-06-09 17:43:31,1749462211,0,1ad5bd7d,1865383248008388096,刹车之前先看30秒广告
BV1dpTKzjE2i,114634002533526,智驾圈的黄埔军校？百度智驾为啥起了大早，赶了晚集,赛雷话车,2025-06-06 10:18:32,1373432,2163,1,智驾圈的黄埔军校？百度智驾为啥起了大早，赶了晚集,30344021798,42.42400,1,25,16777215,2025-06-09 12:22:23,1749442943,0,332ee8dc,1865221615487395584,极越可惜了
BV1dpTKzjE2i,114634002533526,智驾圈的黄埔军校？百度智驾为啥起了大早，赶了晚集,赛雷话车,2025-06-06 10:18:32,1373432,2163,1,智驾圈的黄埔军校？百度智驾为啥起了大早，赶了晚集,30344021798,334.35900,1,25,16777215,2025-06-09 11:02:43,1749438163,0,46eab3e1,1865181514963794944,重庆有吗？主城区从来没见过啊
BV1dpTKzjE2i,114634002533526,智驾圈的黄埔军校？百度智驾为啥起了大早，赶了晚集,赛雷话车,2025-06-06 10:18:32,1373432,2163,1,智驾圈的黄埔军校？百度智驾为啥起了大早，赶了晚集,30344021798,377.56100,1,25,16777215,2025-06-09 10:07:44,1749434864,0,2c301b7c,1865153841835171584,传统出租车就应该丢进垃圾桶，又贵又差
BV1dpTKzjE2i,114634002533526,智驾圈的黄埔军校？百度智驾为啥起了大早，赶了晚集,赛雷话车,2025-06-06 10:18:32,1373432,2163,1,智驾圈的黄埔军校？百度智驾为啥起了大早，赶了晚集,30344021798,245.81200,5,25,16776960,2025-06-09 04:34:59,1749414899,0,878098a,1864986363226061312,哈，已经上天堂了
BV1dpTKzjE2i,114634002533526,智驾圈的黄埔军校？百度智驾为啥起了大早，赶了晚集,赛雷话车,2025-06-06 10:18:32,1373432,2163,1,智驾圈的黄埔军校？百度智驾为啥起了大早，赶了晚集,30344021798,186.70300,1,25,16777215,2025-06-09 03:29:07,1749410947,0,41ba5b89,1864953209224093440,在加个顶灯就是艳丽的出租车了
BV1dpTKzjE2i,114634002533526,智驾圈的黄埔军校？百度智驾为啥起了大早，赶了晚集,赛雷话车,2025-06-06 10:18:32,1373432,2163,1,智驾圈的黄埔军校？百度智驾为啥起了大早，赶了晚集,30344021798,397.33000,5,25,52480,2025-06-09 02:36:52,1749407812,0,cd0a5a33,1864926910912767232,只要继续投钱就有希望` 投吧.
BV1dpTKzjE2i,114634002533526,智驾圈的黄埔军校？百度智驾为啥起了大早，赶了晚集,赛雷话车,2025-06-06 10:18:32,1373432,2163,1,智驾圈的黄埔军校？百度智驾为啥起了大早，赶了晚集,30344021798,281.29800,5,25,52480,2025-06-09 02:34:56,1749407696,0,cd0a5a33,1864925937322461440,然后呢`没了
BV1dpTKzjE2i,114634002533526,智驾圈的黄埔军校？百度智驾为啥起了大早，赶了晚集,赛雷话车,2025-06-06 10:18:32,1373432,2163,1,智驾圈的黄埔军校？百度智驾为啥起了大早，赶了晚集,30344021798,201.97500,5,25,16777215,2025-06-08 23:34:58,1749396898,0,31acc6df,1864835359507267584,东莞这边不少威马在做的士
BV1dpTKzjE2i,114634002533526,智驾圈的黄埔军校？百度智驾为啥起了大早，赶了晚集,赛雷话车,2025-06-06 10:18:32,1373432,2163,1,智驾圈的黄埔军校？百度智驾为啥起了大早，赶了晚集,30344021798,9.98800,1,25,15138834,2025-06-08 22:46:49,1749394009,0,9c29886a,1864811124978292736,我一直用高德
BV1dpTKzjE2i,114634002533526,智驾圈的黄埔军校？百度智驾为啥起了大早，赶了晚集,赛雷话车,2025-06-06 10:18:32,1373432,2163,1,智驾圈的黄埔军校？百度智驾为啥起了大早，赶了晚集,30344021798,58.06200,1,25,16777215,2025-06-08 20:23:14,1749385394,0,3d58d951,1864738854234545152,1500亿？这得贪了多少啊
BV1dpTKzjE2i,114634002533526,智驾圈的黄埔军校？百度智驾为啥起了大早，赶了晚集,赛雷话车,2025-06-06 10:18:32,1373432,2163,1,智驾圈的黄埔军校？百度智驾为啥起了大早，赶了晚集,30344021798,5.89700,5,25,9487136,2025-06-08 19:41:00,1749382860,0,17541530,1864717600798686720,饮特鹏东喝 了累了困
BV1dpTKzjE2i,114634002533526,智驾圈的黄埔军校？百度智驾为啥起了大早，赶了晚集,赛雷话车,2025-06-06 10:18:32,1373432,2163,1,智驾圈的黄埔军校？百度智驾为啥起了大早，赶了晚集,30344021798,1.33500,5,25,15772458,2025-06-08 19:40:21,1749382821,0,17541530,1864717276461371136,文字在路面上的顺序应该由近及远
BV1dpTKzjE2i,114634002533526,智驾圈的黄埔军校？百度智驾为啥起了大早，赶了晚集,赛雷话车,2025-06-06 10:18:32,1373432,2163,1,智驾圈的黄埔军校？百度智驾为啥起了大早，赶了晚集,30344021798,39.27500,1,25,16777215,2025-06-08 14:54:55,1749365695,0,46fd7ca7,1864573608605939968,不愧是你，能把自己做到现在这副德行
BV1dpTKzjE2i,114634002533526,智驾圈的黄埔军校？百度智驾为啥起了大早，赶了晚集,赛雷话车,2025-06-06 10:18:32,1373432,2163,1,智驾圈的黄埔军校？百度智驾为啥起了大早，赶了晚集,30344021798,250.02000,1,25,16777215,2025-06-08 14:46:08,1749365168,0,dbd77047,1864569190443590400,极越
BV1dpTKzjE2i,114634002533526,智驾圈的黄埔军校？百度智驾为啥起了大早，赶了晚集,赛雷话车,2025-06-06 10:18:32,1373432,2163,1,智驾圈的黄埔军校？百度智驾为啥起了大早，赶了晚集,30344021798,318.52600,5,25,15138834,2025-06-08 13:23:00,1749360180,0,e6aec9aa,1864527348603510016,中国智能汽车史上必将拥有每个极越人的名字
BV1dpTKzjE2i,114634002533526,智驾圈的黄埔军校？百度智驾为啥起了大早，赶了晚集,赛雷话车,2025-06-06 10:18:32,1373432,2163,1,智驾圈的黄埔军校？百度智驾为啥起了大早，赶了晚集,30344021798,10.33900,1,25,16777215,2025-06-08 12:06:27,1749355587,0,2dd7e899,1864488819819797248,已经卸载了
BV1dpTKzjE2i,114634002533526,智驾圈的黄埔军校？百度智驾为啥起了大早，赶了晚集,赛雷话车,2025-06-06 10:18:32,1373432,2163,1,智驾圈的黄埔军校？百度智驾为啥起了大早，赶了晚集,30344021798,321.50900,1,25,16777215,2025-06-08 09:30:09,1749346209,0,6fbd2ced,1864410152015257088,职业经理人、创业阶段不适合这种模式
BV1dpTKzjE2i,114634002533526,智驾圈的黄埔军校？百度智驾为啥起了大早，赶了晚集,赛雷话车,2025-06-06 10:18:32,1373432,2163,1,智驾圈的黄埔军校？百度智驾为啥起了大早，赶了晚集,30344021798,384.95600,1,25,16777215,2025-06-08 09:01:24,1749344484,0,c7c43f2a,1864395684410237440,这种大概率就是内部人事混乱，专家出走，合资失败。看看小米，一条心干大事
BV1dpTKzjE2i,114634002533526,智驾圈的黄埔军校？百度智驾为啥起了大早，赶了晚集,赛雷话车,2025-06-06 10:18:32,1373432,2163,1,智驾圈的黄埔军校？百度智驾为啥起了大早，赶了晚集,30344021798,152.22200,5,25,16777215,2025-06-08 05:47:59,1749332879,0,5d0a3cc5,1864298330520193536,前面的，pony的本来含义就是小型马
BV1dpTKzjE2i,114634002533526,智驾圈的黄埔军校？百度智驾为啥起了大早，赶了晚集,赛雷话车,2025-06-06 10:18:32,1373432,2163,1,智驾圈的黄埔军校？百度智驾为啥起了大早，赶了晚集,30344021798,246.91500,1,25,16777215,2025-06-08 01:27:10,1749317230,0,ecd82f67,1864167053217405696,吉越：是我妹错
BV1dpTKzjE2i,114634002533526,智驾圈的黄埔军校？百度智驾为啥起了大早，赶了晚集,赛雷话车,2025-06-06 10:18:32,1373432,2163,1,智驾圈的黄埔军校？百度智驾为啥起了大早，赶了晚集,30344021798,291.45400,1,25,16777215,2025-06-07 23:45:57,1749311157,0,8c040daa,1864116114829864704,可以收购有资质的小公司
BV1dpTKzjE2i,114634002533526,智驾圈的黄埔军校？百度智驾为啥起了大早，赶了晚集,赛雷话车,2025-06-06 10:18:32,1373432,2163,1,智驾圈的黄埔军校？百度智驾为啥起了大早，赶了晚集,30344021798,111.08400,1,25,16777215,2025-06-07 23:02:43,1749308563,0,f159c59e,1864094349596561408,现在智驾企业基本都是阿波罗出来的
BV1dpTKzjE2i,114634002533526,智驾圈的黄埔军校？百度智驾为啥起了大早，赶了晚集,赛雷话车,2025-06-06 10:18:32,1373432,2163,1,智驾圈的黄埔军校？百度智驾为啥起了大早，赶了晚集,30344021798,145.33900,1,25,16777215,2025-06-07 22:54:54,1749308094,0,55f5bc24,1864090420649896704,说明某毒内部管理严重有问题
BV1dpTKzjE2i,114634002533526,智驾圈的黄埔军校？百度智驾为啥起了大早，赶了晚集,赛雷话车,2025-06-06 10:18:32,1373432,2163,1,智驾圈的黄埔军校？百度智驾为啥起了大早，赶了晚集,30344021798,297.52200,5,25,16777215,2025-06-07 22:18:10,1749305890,0,62fe0e39,1864071933398999552,哈哈，也会知道了
BV1dpTKzjE2i,114634002533526,智驾圈的黄埔军校？百度智驾为啥起了大早，赶了晚集,赛雷话车,2025-06-06 10:18:32,1373432,2163,1,智驾圈的黄埔军校？百度智驾为啥起了大早，赶了晚集,30344021798,72.47000,5,25,16765698,2025-06-07 22:07:52,1749305272,0,77d585c2,1864066746856928256,我从来没在高德上看到这种广告
BV1dpTKzjE2i,114634002533526,智驾圈的黄埔军校？百度智驾为啥起了大早，赶了晚集,赛雷话车,2025-06-06 10:18:32,1373432,2163,1,智驾圈的黄埔军校？百度智驾为啥起了大早，赶了晚集,30344021798,8.88900,1,25,16777215,2025-06-07 20:57:11,1749301031,0,5c274171,1864031167960171008,哈哈哈哈哈哈哈哈哈哈
BV1dpTKzjE2i,114634002533526,智驾圈的黄埔军校？百度智驾为啥起了大早，赶了晚集,赛雷话车,2025-06-06 10:18:32,1373432,2163,1,智驾圈的黄埔军校？百度智驾为啥起了大早，赶了晚集,30344021798,356.10400,1,25,16777215,2025-06-07 20:53:55,1749300835,0,8ec90b09,1864029529975705088,武汉可是开进二环了
BV1dpTKzjE2i,114634002533526,智驾圈的黄埔军校？百度智驾为啥起了大早，赶了晚集,赛雷话车,2025-06-06 10:18:32,1373432,2163,1,智驾圈的黄埔军校？百度智驾为啥起了大早，赶了晚集,30344021798,344.03900,1,25,16777215,2025-06-07 20:23:37,1749299017,0,3282ccc9,1864014271424972288,武汉汉阳区
BV1dpTKzjE2i,114634002533526,智驾圈的黄埔军校？百度智驾为啥起了大早，赶了晚集,赛雷话车,2025-06-06 10:18:32,1373432,2163,1,智驾圈的黄埔军校？百度智驾为啥起了大早，赶了晚集,30344021798,241.41900,1,25,16777215,2025-06-07 20:21:49,1749298909,0,3282ccc9,1864013369758581504,武汉也不是所有区都有萝卜
BV1dpTKzjE2i,114634002533526,智驾圈的黄埔军校？百度智驾为啥起了大早，赶了晚集,赛雷话车,2025-06-06 10:18:32,1373432,2163,1,智驾圈的黄埔军校？百度智驾为啥起了大早，赶了晚集,30344021798,342.19100,1,25,16777215,2025-06-07 19:45:34,1749296734,0,660b042d,1863995128109658112,我在重庆没看到过.....
BV1dpTKzjE2i,114634002533526,智驾圈的黄埔军校？百度智驾为啥起了大早，赶了晚集,赛雷话车,2025-06-06 10:18:32,1373432,2163,1,智驾圈的黄埔军校？百度智驾为啥起了大早，赶了晚集,30344021798,110.33400,1,25,16777215,2025-06-07 18:58:37,1749293917,0,27be8f0a,1863971495723172096,武汉这边坐萝卜挺常见的了
BV1dpTKzjE2i,114634002533526,智驾圈的黄埔军校？百度智驾为啥起了大早，赶了晚集,赛雷话车,2025-06-06 10:18:32,1373432,2163,1,智驾圈的黄埔军校？百度智驾为啥起了大早，赶了晚集,30344021798,124.26100,1,25,16777215,2025-06-07 18:08:02,1749290882,0,ffc540cd,1863946031508097792,ai人才也培养了不少
BV1dpTKzjE2i,114634002533526,智驾圈的黄埔军校？百度智驾为啥起了大早，赶了晚集,赛雷话车,2025-06-06 10:18:32,1373432,2163,1,智驾圈的黄埔军校？百度智驾为啥起了大早，赶了晚集,30344021798,6.73100,1,25,16777215,2025-06-07 17:19:27,1749287967,0,a70edf48,1863921583572306176,幽默
BV1dpTKzjE2i,114634002533526,智驾圈的黄埔军校？百度智驾为啥起了大早，赶了晚集,赛雷话车,2025-06-06 10:18:32,1373432,2163,1,智驾圈的黄埔军校？百度智驾为啥起了大早，赶了晚集,30344021798,135.19400,1,25,16777215,2025-06-07 15:39:31,1749281971,0,a4d4d50,1863871284463712512,什么没有~~武汉现在路上到处都是
BV1dpTKzjE2i,114634002533526,智驾圈的黄埔军校？百度智驾为啥起了大早，赶了晚集,赛雷话车,2025-06-06 10:18:32,1373432,2163,1,智驾圈的黄埔军校？百度智驾为啥起了大早，赶了晚集,30344021798,160.65300,1,25,16777215,2025-06-07 14:43:55,1749278635,0,c01a7af,1863843303003384832,当一个顾问就可以了，不实际接触业务可以避开
BV1dpTKzjE2i,114634002533526,智驾圈的黄埔军校？百度智驾为啥起了大早，赶了晚集,赛雷话车,2025-06-06 10:18:32,1373432,2163,1,智驾圈的黄埔军校？百度智驾为啥起了大早，赶了晚集,30344021798,12.00500,1,25,16777215,2025-06-07 14:41:02,1749278462,0,7d5932ff,1863841848091498240,这广告还行吧，不能只想白嫖啊
BV1dpTKzjE2i,114634002533526,智驾圈的黄埔军校？百度智驾为啥起了大早，赶了晚集,赛雷话车,2025-06-06 10:18:32,1373432,2163,1,智驾圈的黄埔军校？百度智驾为啥起了大早，赶了晚集,30344021798,349.87500,1,25,16777215,2025-06-07 14:01:01,1749276061,0,d28b4f45,1863821708394883840,多少？
BV1dpTKzjE2i,114634002533526,智驾圈的黄埔军校？百度智驾为啥起了大早，赶了晚集,赛雷话车,2025-06-06 10:18:32,1373432,2163,1,智驾圈的黄埔军校？百度智驾为啥起了大早，赶了晚集,30344021798,338.29600,1,25,16777215,2025-06-07 13:49:06,1749275346,0,b23ff7dd,1863815706521560320,这地图，广州神舟路
BV1dpTKzjE2i,114634002533526,智驾圈的黄埔军校？百度智驾为啥起了大早，赶了晚集,赛雷话车,2025-06-06 10:18:32,1373432,2163,1,智驾圈的黄埔军校？百度智驾为啥起了大早，赶了晚集,30344021798,4.27900,1,25,16777215,2025-06-07 13:11:51,1749273111,0,8b30e003,1863796960575307008,哈哈
BV1dpTKzjE2i,114634002533526,智驾圈的黄埔军校？百度智驾为啥起了大早，赶了晚集,赛雷话车,2025-06-06 10:18:32,1373432,2163,1,智驾圈的黄埔军校？百度智驾为啥起了大早，赶了晚集,30344021798,351.63600,1,25,16777215,2025-06-07 12:49:14,1749271754,0,efdc9fd4,1863785575422285824,7公里40多？？？
BV1dpTKzjE2i,114634002533526,智驾圈的黄埔军校？百度智驾为啥起了大早，赶了晚集,赛雷话车,2025-06-06 10:18:32,1373432,2163,1,智驾圈的黄埔军校？百度智驾为啥起了大早，赶了晚集,30344021798,182.81400,1,25,16777215,2025-06-07 12:39:12,1749271152,0,d5f9ee41,1863780529103511808,向社会输送人才
BV1dpTKzjE2i,114634002533526,智驾圈的黄埔军校？百度智驾为啥起了大早，赶了晚集,赛雷话车,2025-06-06 10:18:32,1373432,2163,1,智驾圈的黄埔军校？百度智驾为啥起了大早，赶了晚集,30344021798,46.77100,1,25,16777215,2025-06-07 12:08:19,1749269299,0,5a7681a7,1863764983394281728,烧哪儿去了？平账了？
BV1dpTKzjE2i,114634002533526,智驾圈的黄埔军校？百度智驾为啥起了大早，赶了晚集,赛雷话车,2025-06-06 10:18:32,1373432,2163,1,智驾圈的黄埔军校？百度智驾为啥起了大早，赶了晚集,30344021798,265.05400,1,25,16777215,2025-06-07 11:29:28,1749266968,0,dccf4019,1863745427703536640,有点像罗技
BV1dpTKzjE2i,114634002533526,智驾圈的黄埔军校？百度智驾为啥起了大早，赶了晚集,赛雷话车,2025-06-06 10:18:32,1373432,2163,1,智驾圈的黄埔军校？百度智驾为啥起了大早，赶了晚集,30344021798,265.48900,5,25,16707842,2025-06-07 11:18:40,1749266320,0,78fa899e,1863739992951181312,50w顿火锅的极越至今不知道贪了多少
BV1dpTKzjE2i,114634002533526,智驾圈的黄埔军校？百度智驾为啥起了大早，赶了晚集,赛雷话车,2025-06-06 10:18:32,1373432,2163,1,智驾圈的黄埔军校？百度智驾为啥起了大早，赶了晚集,30344021798,143.98000,1,25,16777215,2025-06-07 10:34:07,1749263647,0,a1f1cd4e,1863717571887527168,人是说车企宣传不能说智驾，我们消费者口头还不能说说了？
BV1dpTKzjE2i,114634002533526,智驾圈的黄埔军校？百度智驾为啥起了大早，赶了晚集,赛雷话车,2025-06-06 10:18:32,1373432,2163,1,智驾圈的黄埔军校？百度智驾为啥起了大早，赶了晚集,30344021798,167.49100,1,25,16777215,2025-06-07 07:58:25,1749254305,0,6e6d7bd2,1863639206937958144,太善了哈哈哈哈哈
BV1dpTKzjE2i,114634002533526,智驾圈的黄埔军校？百度智驾为啥起了大早，赶了晚集,赛雷话车,2025-06-06 10:18:32,1373432,2163,1,智驾圈的黄埔军校？百度智驾为啥起了大早，赶了晚集,30344021798,34.99600,1,25,16777215,2025-06-07 07:05:54,1749251154,0,f68c246d,1863612772588250880,高德：我有网约车吸血
BV1dpTKzjE2i,114634002533526,智驾圈的黄埔军校？百度智驾为啥起了大早，赶了晚集,赛雷话车,2025-06-06 10:18:32,1373432,2163,1,智驾圈的黄埔军校？百度智驾为啥起了大早，赶了晚集,30344021798,338.21100,1,25,16777215,2025-06-07 00:45:38,1749228338,0,d3138e2f,1863421374476268288,这个还是不错的，能救活吧。。
BV1dpTKzjE2i,114634002533526,智驾圈的黄埔军校？百度智驾为啥起了大早，赶了晚集,赛雷话车,2025-06-06 10:18:32,1373432,2163,1,智驾圈的黄埔军校？百度智驾为啥起了大早，赶了晚集,30344021798,407.69200,1,25,16777215,2025-06-06 23:30:16,1749223816,0,6226df32,1863383445880027392,当年的手机行业中华酷联你以为是什么高端牌子吗，约等于山寨货，也就华为摘掉了帽子，中兴摘一半
BV1dpTKzjE2i,114634002533526,智驾圈的黄埔军校？百度智驾为啥起了大早，赶了晚集,赛雷话车,2025-06-06 10:18:32,1373432,2163,1,智驾圈的黄埔军校？百度智驾为啥起了大早，赶了晚集,30344021798,103.20400,1,25,16777215,2025-06-06 21:56:42,1749218202,0,e8a246a3,1863336350816811264,快关快止损，浪费钱占用公共资源，勺萝卜堵车之源
BV1dpTKzjE2i,114634002533526,智驾圈的黄埔军校？百度智驾为啥起了大早，赶了晚集,赛雷话车,2025-06-06 10:18:32,1373432,2163,1,智驾圈的黄埔军校？百度智驾为啥起了大早，赶了晚集,30344021798,311.23100,1,25,16777215,2025-06-06 21:52:54,1749217974,0,7aea6648,1863334440697851392,车的产品本身设计可谓集百家新能源之短。下一瓶就跟闹着玩儿一样。
BV1dpTKzjE2i,114634002533526,智驾圈的黄埔军校？百度智驾为啥起了大早，赶了晚集,赛雷话车,2025-06-06 10:18:32,1373432,2163,1,智驾圈的黄埔军校？百度智驾为啥起了大早，赶了晚集,30344021798,18.64000,5,25,15138834,2025-06-06 20:44:54,1749213894,0,d2181d8a,1863300212794429696,还有个导航嘛不是，直接换成缺德导航啊
BV1dpTKzjE2i,114634002533526,智驾圈的黄埔军校？百度智驾为啥起了大早，赶了晚集,赛雷话车,2025-06-06 10:18:32,1373432,2163,1,智驾圈的黄埔军校？百度智驾为啥起了大早，赶了晚集,30344021798,231.18300,5,25,16777215,2025-06-06 20:27:53,1749212873,0,83367a3d,1863291649426860288,在软三A区诶
BV1dpTKzjE2i,114634002533526,智驾圈的黄埔军校？百度智驾为啥起了大早，赶了晚集,赛雷话车,2025-06-06 10:18:32,1373432,2163,1,智驾圈的黄埔军校？百度智驾为啥起了大早，赶了晚集,30344021798,188.98800,1,25,16777215,2025-06-06 19:48:22,1749210502,0,a75fbff7,1863271758845720320,他要是华为模式没准就成了
BV1dpTKzjE2i,114634002533526,智驾圈的黄埔军校？百度智驾为啥起了大早，赶了晚集,赛雷话车,2025-06-06 10:18:32,1373432,2163,1,智驾圈的黄埔军校？百度智驾为啥起了大早，赶了晚集,30344021798,407.24700,1,25,16777215,2025-06-06 18:49:37,1749206977,0,91920c0d,1863242184884005632,这四个字怎么排列都很霸气
BV1dpTKzjE2i,114634002533526,智驾圈的黄埔军校？百度智驾为啥起了大早，赶了晚集,赛雷话车,2025-06-06 10:18:32,1373432,2163,1,智驾圈的黄埔军校？百度智驾为啥起了大早，赶了晚集,30344021798,22.05900,1,25,16777215,2025-06-06 18:39:23,1749206363,0,f481c06a,1863237041257570048,白嫖-指看了数不清的广告
BV1dpTKzjE2i,114634002533526,智驾圈的黄埔军校？百度智驾为啥起了大早，赶了晚集,赛雷话车,2025-06-06 10:18:32,1373432,2163,1,智驾圈的黄埔军校？百度智驾为啥起了大早，赶了晚集,30344021798,244.44700,1,25,16777215,2025-06-06 18:32:10,1749205930,0,cc314d1b,1863233405895555328,后来的极越吧
BV1dpTKzjE2i,114634002533526,智驾圈的黄埔军校？百度智驾为啥起了大早，赶了晚集,赛雷话车,2025-06-06 10:18:32,1373432,2163,1,智驾圈的黄埔军校？百度智驾为啥起了大早，赶了晚集,30344021798,376.62100,1,25,16777215,2025-06-06 18:31:11,1749205871,0,77a3fe9a,1863232906722405888,挣脏钱挣多了，官方都不敢相信他了
BV1dpTKzjE2i,114634002533526,智驾圈的黄埔军校？百度智驾为啥起了大早，赶了晚集,赛雷话车,2025-06-06 10:18:32,1373432,2163,1,智驾圈的黄埔军校？百度智驾为啥起了大早，赶了晚集,30344021798,418.58700,1,25,16777215,2025-06-06 18:18:46,1749205126,0,b8e8ddf0,1863226662805166336,华为就算了吧
BV1dpTKzjE2i,114634002533526,智驾圈的黄埔军校？百度智驾为啥起了大早，赶了晚集,赛雷话车,2025-06-06 10:18:32,1373432,2163,1,智驾圈的黄埔军校？百度智驾为啥起了大早，赶了晚集,30344021798,234.26900,1,25,16777215,2025-06-06 17:53:43,1749203623,0,c9bc6265,1863214056589347584,极越？
BV1dpTKzjE2i,114634002533526,智驾圈的黄埔军校？百度智驾为啥起了大早，赶了晚集,赛雷话车,2025-06-06 10:18:32,1373432,2163,1,智驾圈的黄埔军校？百度智驾为啥起了大早，赶了晚集,30344021798,221.80500,1,25,16777215,2025-06-06 17:23:51,1749201831,0,e5465692,1863199020152511232,比亚迪辅助驾驶目前是mmt家的方案
BV1dpTKzjE2i,114634002533526,智驾圈的黄埔军校？百度智驾为啥起了大早，赶了晚集,赛雷话车,2025-06-06 10:18:32,1373432,2163,1,智驾圈的黄埔军校？百度智驾为啥起了大早，赶了晚集,30344021798,92.79800,1,25,16777215,2025-06-06 16:53:33,1749200013,0,51220c9e,1863183767574323968,L4 这么牛
BV1dpTKzjE2i,114634002533526,智驾圈的黄埔军校？百度智驾为啥起了大早，赶了晚集,赛雷话车,2025-06-06 10:18:32,1373432,2163,1,智驾圈的黄埔军校？百度智驾为啥起了大早，赶了晚集,30344021798,113.64700,1,25,16777215,2025-06-06 16:50:33,1749199833,0,ce00a462,1863182262876229632,得了吧
BV1dpTKzjE2i,114634002533526,智驾圈的黄埔军校？百度智驾为啥起了大早，赶了晚集,赛雷话车,2025-06-06 10:18:32,1373432,2163,1,智驾圈的黄埔军校？百度智驾为啥起了大早，赶了晚集,30344021798,147.96300,1,25,16777215,2025-06-06 16:45:53,1749199553,0,fdc65036,1863179909469007872,我都快捋不清关系网了
BV1dpTKzjE2i,114634002533526,智驾圈的黄埔军校？百度智驾为啥起了大早，赶了晚集,赛雷话车,2025-06-06 10:18:32,1373432,2163,1,智驾圈的黄埔军校？百度智驾为啥起了大早，赶了晚集,30344021798,25.33000,1,25,16777215,2025-06-06 16:40:39,1749199239,0,1cfdd064,1863177275219476224,高德呢？
BV1dpTKzjE2i,114634002533526,智驾圈的黄埔军校？百度智驾为啥起了大早，赶了晚集,赛雷话车,2025-06-06 10:18:32,1373432,2163,1,智驾圈的黄埔军校？百度智驾为啥起了大早，赶了晚集,30344021798,352.13300,1,25,16777215,2025-06-06 16:25:34,1749198334,0,d536df75,1863169683973939968,经典
BV1dpTKzjE2i,114634002533526,智驾圈的黄埔军校？百度智驾为啥起了大早，赶了晚集,赛雷话车,2025-06-06 10:18:32,1373432,2163,1,智驾圈的黄埔军校？百度智驾为啥起了大早，赶了晚集,30344021798,15.42100,1,25,16777215,2025-06-06 16:24:36,1749198276,0,738eb656,1863169202786521344,这个还行
BV1dpTKzjE2i,114634002533526,智驾圈的黄埔军校？百度智驾为啥起了大早，赶了晚集,赛雷话车,2025-06-06 10:18:32,1373432,2163,1,智驾圈的黄埔军校？百度智驾为啥起了大早，赶了晚集,30344021798,353.02300,1,25,16777215,2025-06-06 15:42:56,1749195776,0,8ce74845,1863148229169286400,宣传时候不是说挺便宜吗
BV1dpTKzjE2i,114634002533526,智驾圈的黄埔军校？百度智驾为啥起了大早，赶了晚集,赛雷话车,2025-06-06 10:18:32,1373432,2163,1,智驾圈的黄埔军校？百度智驾为啥起了大早，赶了晚集,30344021798,225.54600,1,25,16777215,2025-06-06 15:25:48,1749194748,0,386082c1,1863139605722433024,这个在广州生物岛有
BV1dpTKzjE2i,114634002533526,智驾圈的黄埔军校？百度智驾为啥起了大早，赶了晚集,赛雷话车,2025-06-06 10:18:32,1373432,2163,1,智驾圈的黄埔军校？百度智驾为啥起了大早，赶了晚集,30344021798,24.72400,1,25,16777215,2025-06-06 15:13:02,1749193982,0,562acf12,1863133173974990592,有这样回血的方式？
BV1dpTKzjE2i,114634002533526,智驾圈的黄埔军校？百度智驾为啥起了大早，赶了晚集,赛雷话车,2025-06-06 10:18:32,1373432,2163,1,智驾圈的黄埔军校？百度智驾为啥起了大早，赶了晚集,30344021798,262.96300,1,25,16777215,2025-06-06 13:55:12,1749189312,0,666dbc32,1863094000283161856,这个标见过
BV1dpTKzjE2i,114634002533526,智驾圈的黄埔军校？百度智驾为啥起了大早，赶了晚集,赛雷话车,2025-06-06 10:18:32,1373432,2163,1,智驾圈的黄埔军校？百度智驾为啥起了大早，赶了晚集,30344021798,324.23100,5,25,15138834,2025-06-06 13:41:06,1749188466,0,84572be,1863086907060918272,世界线收束
BV1dpTKzjE2i,114634002533526,智驾圈的黄埔军校？百度智驾为啥起了大早，赶了晚集,赛雷话车,2025-06-06 10:18:32,1373432,2163,1,智驾圈的黄埔军校？百度智驾为啥起了大早，赶了晚集,30344021798,201.39600,1,25,16777215,2025-06-06 13:19:07,1749187147,0,f70ffd8f,1863075842562348800,哈哈，昨天在路上看见一辆威马
BV1dpTKzjE2i,114634002533526,智驾圈的黄埔军校？百度智驾为啥起了大早，赶了晚集,赛雷话车,2025-06-06 10:18:32,1373432,2163,1,智驾圈的黄埔军校？百度智驾为啥起了大早，赶了晚集,30344021798,320.86500,1,25,16777215,2025-06-06 13:12:16,1749186736,0,c8ab858f,1863072392989963520,也是流程化操作了
BV1dpTKzjE2i,114634002533526,智驾圈的黄埔军校？百度智驾为啥起了大早，赶了晚集,赛雷话车,2025-06-06 10:18:32,1373432,2163,1,智驾圈的黄埔军校？百度智驾为啥起了大早，赶了晚集,30344021798,95.40700,1,25,16777215,2025-06-06 12:53:45,1749185625,0,6e24a965,1863063070453432576,L4？
BV1dpTKzjE2i,114634002533526,智驾圈的黄埔军校？百度智驾为啥起了大早，赶了晚集,赛雷话车,2025-06-06 10:18:32,1373432,2163,1,智驾圈的黄埔军校？百度智驾为啥起了大早，赶了晚集,30344021798,345.53200,1,25,16777215,2025-06-06 12:30:41,1749184241,0,2f5d1676,1863051464219040000,感觉武汉倒是范围越来越大了
BV1dpTKzjE2i,114634002533526,智驾圈的黄埔军校？百度智驾为啥起了大早，赶了晚集,赛雷话车,2025-06-06 10:18:32,1373432,2163,1,智驾圈的黄埔军校？百度智驾为啥起了大早，赶了晚集,30344021798,78.91700,1,25,16777215,2025-06-06 11:54:31,1749182071,0,2ae192e6,1863033257525361920,估计吞了不少
BV1dpTKzjE2i,114634002533526,智驾圈的黄埔军校？百度智驾为啥起了大早，赶了晚集,赛雷话车,2025-06-06 10:18:32,1373432,2163,1,智驾圈的黄埔军校？百度智驾为啥起了大早，赶了晚集,30344021798,3.11400,1,25,16777215,2025-06-06 11:29:02,1749180542,0,424603dd,1863020432819762944,因为营销太赚钱拉。在永川不知道测试了多久。以后要上广阳岛 看多久了
BV1dpTKzjE2i,114634002533526,智驾圈的黄埔军校？百度智驾为啥起了大早，赶了晚集,赛雷话车,2025-06-06 10:18:32,1373432,2163,1,智驾圈的黄埔军校？百度智驾为啥起了大早，赶了晚集,30344021798,148.72100,1,25,16777215,2025-06-06 11:14:31,1749179671,0,a6dbeb3b,1863013130721463552,是不能说自动驾驶，智驾又没毛病
BV1dpTKzjE2i,114634002533526,智驾圈的黄埔军校？百度智驾为啥起了大早，赶了晚集,赛雷话车,2025-06-06 10:18:32,1373432,2163,1,智驾圈的黄埔军校？百度智驾为啥起了大早，赶了晚集,30344021798,407.38600,1,25,16777215,2025-06-06 11:13:48,1749179628,0,50ac7218,1863012764810466304,这个神仙的名字听起来很猛啊
BV1dpTKzjE2i,114634002533526,智驾圈的黄埔军校？百度智驾为啥起了大早，赶了晚集,赛雷话车,2025-06-06 10:18:32,1373432,2163,1,智驾圈的黄埔军校？百度智驾为啥起了大早，赶了晚集,30344021798,25.09800,1,25,16777215,2025-06-06 10:49:22,1749178162,0,38b5b28e,1863000470004468480,所以我用高德
BV1dpTKzjE2i,114634002533526,智驾圈的黄埔军校？百度智驾为啥起了大早，赶了晚集,赛雷话车,2025-06-06 10:18:32,1373432,2163,1,智驾圈的黄埔军校？百度智驾为啥起了大早，赶了晚集,30344021798,103.23400,5,25,16707842,2025-06-06 10:39:29,1749177569,0,20f671f0,1862995492649196544,起了个大早，赶了个晚集
BV1dpTKzjE2i,114634002533526,智驾圈的黄埔军校？百度智驾为啥起了大早，赶了晚集,赛雷话车,2025-06-06 10:18:32,1373432,2163,1,智驾圈的黄埔军校？百度智驾为啥起了大早，赶了晚集,30344021798,421.86500,1,25,16777215,2025-06-06 10:31:11,1749177071,0,148a40d9,1862991319593655808,广告卖起来
BV1dpTKzjE2i,114634002533526,智驾圈的黄埔军校？百度智驾为啥起了大早，赶了晚集,赛雷话车,2025-06-06 10:18:32,1373432,2163,1,智驾圈的黄埔军校？百度智驾为啥起了大早，赶了晚集,30344021798,229.34300,1,25,16777215,2025-06-06 10:29:39,1749176979,0,511ab4fb,1862990546004890624,厦门软三
BV1dpTKzjE2i,114634002533526,智驾圈的黄埔军校？百度智驾为啥起了大早，赶了晚集,赛雷话车,2025-06-06 10:18:32,1373432,2163,1,智驾圈的黄埔军校？百度智驾为啥起了大早，赶了晚集,30344021798,10.92000,1,25,16777215,2025-06-06 10:27:21,1749176841,0,9961dc9f,1862989387596633344,？？？？？？？？
BV1dpTKzjE2i,114634002533526,智驾圈的黄埔军校？百度智驾为啥起了大早，赶了晚集,赛雷话车,2025-06-06 10:18:32,1373432,2163,1,智驾圈的黄埔军校？百度智驾为啥起了大早，赶了晚集,30344021798,345.63400,1,25,16777215,2026-08-13 04:06:33,1786565193,0,b27c387c,2176625614193588224,重庆的在永川
BV1dpTKzjE2i,114634002533526,智驾圈的黄埔军校？百度智驾为啥起了大早，赶了晚集,赛雷话车,2025-06-06 10:18:32,1373432,2163,1,智驾圈的黄埔军校？百度智驾为啥起了大早，赶了晚集,30344021798,56.81900,1,25,16777215,2026-06-22 13:44:37,1782107077,0,5b1230b,2139228228278336512,这几个也不行啊
BV1dpTKzjE2i,114634002533526,智驾圈的黄埔军校？百度智驾为啥起了大早，赶了晚集,赛雷话车,2025-06-06 10:18:32,1373432,2163,1,智驾圈的黄埔军校？百度智驾为啥起了大早，赶了晚集,30344021798,7.69000,1,25,16777215,2026-06-13 12:36:11,1781325371,0,651adf9a,2132670801621932544,我不明白
BV1dpTKzjE2i,114634002533526,智驾圈的黄埔军校？百度智驾为啥起了大早，赶了晚集,赛雷话车,2025-06-06 10:18:32,1373432,2163,1,智驾圈的黄埔军校？百度智驾为啥起了大早，赶了晚集,30344021798,350.44900,1,25,16777215,2026-06-07 02:06:25,1780769185,0,5052c9d8,2128005180116749568,它可以便宜，但出租车师傅要造反…
BV1dpTKzjE2i,114634002533526,智驾圈的黄埔军校？百度智驾为啥起了大早，赶了晚集,赛雷话车,2025-06-06 10:18:32,1373432,2163,1,智驾圈的黄埔军校？百度智驾为啥起了大早，赶了晚集,30344021798,4.21300,1,25,16777215,2026-03-27 06:26:52,1774564012,0,dfde5dfa,2075952410761313280,人才
BV1dpTKzjE2i,114634002533526,智驾圈的黄埔军校？百度智驾为啥起了大早，赶了晚集,赛雷话车,2025-06-06 10:18:32,1373432,2163,1,智驾圈的黄埔军校？百度智驾为啥起了大早，赶了晚集,30344021798,44.52000,1,25,16777215,2026-03-08 14:35:51,1772951751,0,382fd3b0,2062427793266057216,当年BAT巨头，反而拉了
BV1dpTKzjE2i,114634002533526,智驾圈的黄埔军校？百度智驾为啥起了大早，赶了晚集,赛雷话车,2025-06-06 10:18:32,1373432,2163,1,智驾圈的黄埔军校？百度智驾为啥起了大早，赶了晚集,30344021798,231.19700,1,25,16777215,2026-02-01 19:26:54,1769945214,0,5089f3e6,2037207127869367296,长沙有这个小巴，叫芒果专线
BV1dpTKzjE2i,114634002533526,智驾圈的黄埔军校？百度智驾为啥起了大早，赶了晚集,赛雷话车,2025-06-06 10:18:32,1373432,2163,1,智驾圈的黄埔军校？百度智驾为啥起了大早，赶了晚集,30344021798,247.66700,1,25,16777215,2025-12-08 08:41:21,1765154481,0,519ee730,1997019548938955776,倔
BV1dpTKzjE2i,114634002533526,智驾圈的黄埔军校？百度智驾为啥起了大早，赶了晚集,赛雷话车,2025-06-06 10:18:32,1373432,2163,1,智驾圈的黄埔军校？百度智驾为啥起了大早，赶了晚集,30344021798,351.78900,1,25,16777215,2025-12-06 12:32:54,1764995574,0,f5b7da15,1995686536682926336,？
BV1dpTKzjE2i,114634002533526,智驾圈的黄埔军校？百度智驾为啥起了大早，赶了晚集,赛雷话车,2025-06-06 10:18:32,1373432,2163,1,智驾圈的黄埔军校？百度智驾为啥起了大早，赶了晚集,30344021798,8.47100,1,25,16777215,2025-12-03 00:08:26,1764691706,0,5ebaba10,1993137510066607616,逆天
BV1dpTKzjE2i,114634002533526,智驾圈的黄埔军校？百度智驾为啥起了大早，赶了晚集,赛雷话车,2025-06-06 10:18:32,1373432,2163,1,智驾圈的黄埔军校？百度智驾为啥起了大早，赶了晚集,30344021798,6.77200,1,25,16777215,2025-11-25 07:24:07,1764026647,0,bc20f5bd,1987558594048377088,已卸载
BV1dpTKzjE2i,114634002533526,智驾圈的黄埔军校？百度智驾为啥起了大早，赶了晚集,赛雷话车,2025-06-06 10:18:32,1373432,2163,1,智驾圈的黄埔军校？百度智驾为啥起了大早，赶了晚集,30344021798,279.24500,5,25,16777215,2025-11-13 14:31:17,1763015477,0,4204cea9,1979076280825882112,嫉妒
BV1dpTKzjE2i,114634002533526,智驾圈的黄埔军校？百度智驾为啥起了大早，赶了晚集,赛雷话车,2025-06-06 10:18:32,1373432,2163,1,智驾圈的黄埔军校？百度智驾为啥起了大早，赶了晚集,30344021798,72.04400,1,25,16777215,2025-11-11 09:24:42,1762824282,0,731c9e77,1977472421195778816,岚图:别说了
BV1dpTKzjE2i,114634002533526,智驾圈的黄埔军校？百度智驾为啥起了大早，赶了晚集,赛雷话车,2025-06-06 10:18:32,1373432,2163,1,智驾圈的黄埔军校？百度智驾为啥起了大早，赶了晚集,30344021798,68.68600,1,25,15138834,2025-11-08 23:47:16,1762616836,0,472a81c2,1975732239035684608,美国有苹果！中国有菠↑萝↓
BV1dpTKzjE2i,114634002533526,智驾圈的黄埔军校？百度智驾为啥起了大早，赶了晚集,赛雷话车,2025-06-06 10:18:32,1373432,2163,1,智驾圈的黄埔军校？百度智驾为啥起了大早，赶了晚集,30344021798,240.52100,1,25,16777215,2025-11-08 10:11:07,1762567867,0,34e7ffe,1975321453079922688,极越。。。
BV1dpTKzjE2i,114634002533526,智驾圈的黄埔军校？百度智驾为啥起了大早，赶了晚集,赛雷话车,2025-06-06 10:18:32,1373432,2163,1,智驾圈的黄埔军校？百度智驾为啥起了大早，赶了晚集,30344021798,6.46100,1,25,16777215,2025-11-05 10:47:24,1762310844,0,27f63006,1973165389504725248,将熊熊一窝
BV1dpTKzjE2i,114634002533526,智驾圈的黄埔军校？百度智驾为啥起了大早，赶了晚集,赛雷话车,2025-06-06 10:18:32,1373432,2163,1,智驾圈的黄埔军校？百度智驾为啥起了大早，赶了晚集,30344021798,22.67700,1,25,16777215,2025-11-03 17:48:47,1762163327,0,bbc5a4d3,1971927928720027648,从来不用萝卜
BV1dpTKzjE2i,114634002533526,智驾圈的黄埔军校？百度智驾为啥起了大早，赶了晚集,赛雷话车,2025-06-06 10:18:32,1373432,2163,1,智驾圈的黄埔军校？百度智驾为啥起了大早，赶了晚集,30344021798,196.21700,1,25,16777215,2025-10-28 08:58:18,1761613098,0,c4909647,1967312274956455680,自己造车了一般就不会有其他车企再买单你方案了
BV1dpTKzjE2i,114634002533526,智驾圈的黄埔军校？百度智驾为啥起了大早，赶了晚集,赛雷话车,2025-06-06 10:18:32,1373432,2163,1,智驾圈的黄埔军校？百度智驾为啥起了大早，赶了晚集,30344021798,324.00500,1,25,16777215,2025-10-14 10:47:06,1760410026,0,8f4401fe,1957220170586658048,你别说，度小满是做得真不错
BV1dpTKzjE2i,114634002533526,智驾圈的黄埔军校？百度智驾为啥起了大早，赶了晚集,赛雷话车,2025-06-06 10:18:32,1373432,2163,1,智驾圈的黄埔军校？百度智驾为啥起了大早，赶了晚集,30344021798,98.72500,1,25,16777215,2025-10-14 10:43:09,1760409789,0,8f4401fe,1957218190262725120,萝卜快跑也快陷入破产风波
BV1dpTKzjE2i,114634002533526,智驾圈的黄埔军校？百度智驾为啥起了大早，赶了晚集,赛雷话车,2025-06-06 10:18:32,1373432,2163,1,智驾圈的黄埔军校？百度智驾为啥起了大早，赶了晚集,30344021798,259.11100,1,25,16777215,2025-10-12 20:23:57,1760271837,0,a8eab217,1956060958418065152,汽车人 出发！
BV1dpTKzjE2i,114634002533526,智驾圈的黄埔军校？百度智驾为啥起了大早，赶了晚集,赛雷话车,2025-06-06 10:18:32,1373432,2163,1,智驾圈的黄埔军校？百度智驾为啥起了大早，赶了晚集,30344021798,223.67100,1,25,16777215,2025-10-12 20:23:14,1760271794,0,a8eab217,1956060598077218304,方程豹也是华为的方案
BV1dpTKzjE2i,114634002533526,智驾圈的黄埔军校？百度智驾为啥起了大早，赶了晚集,赛雷话车,2025-06-06 10:18:32,1373432,2163,1,智驾圈的黄埔军校？百度智驾为啥起了大早，赶了晚集,30344021798,193.79100,1,25,16777215,2025-10-12 20:22:24,1760271744,0,a8eab217,1956060178973949952,除了华为做了矿区无人卡车没坐出租车其他都一样
BV1dpTKzjE2i,114634002533526,智驾圈的黄埔军校？百度智驾为啥起了大早，赶了晚集,赛雷话车,2025-06-06 10:18:32,1373432,2163,1,智驾圈的黄埔军校？百度智驾为啥起了大早，赶了晚集,30344021798,134.21100,1,25,16777215,2025-10-12 20:20:36,1760271636,0,a8eab217,1956059276644588544,明明是天生之眼
BV1dpTKzjE2i,114634002533526,智驾圈的黄埔军校？百度智驾为啥起了大早，赶了晚集,赛雷话车,2025-06-06 10:18:32,1373432,2163,1,智驾圈的黄埔军校？百度智驾为啥起了大早，赶了晚集,30344021798,15.75100,1,25,16777215,2025-10-12 20:18:03,1760271483,0,a8eab217,1956057993296979456,车规级广告
BV1dpTKzjE2i,114634002533526,智驾圈的黄埔军校？百度智驾为啥起了大早，赶了晚集,赛雷话车,2025-06-06 10:18:32,1373432,2163,1,智驾圈的黄埔军校？百度智驾为啥起了大早，赶了晚集,30344021798,2.68300,1,25,16777215,2025-10-10 10:48:56,1760064536,0,c2b8c0a,1954321993311155712,战略错误，有智驾不造车，车企不可能信任
BV1dpTKzjE2i,114634002533526,智驾圈的黄埔军校？百度智驾为啥起了大早，赶了晚集,赛雷话车,2025-06-06 10:18:32,1373432,2163,1,智驾圈的黄埔军校？百度智驾为啥起了大早，赶了晚集,30344021798,195.23000,1,25,16777215,2025-10-08 14:59:00,1759906740,0,2f53ade5,1952998304539520768,啥模式都没用，想得到做不到，robin的管理能力太烂了
BV1dpTKzjE2i,114634002533526,智驾圈的黄埔军校？百度智驾为啥起了大早，赶了晚集,赛雷话车,2025-06-06 10:18:32,1373432,2163,1,智驾圈的黄埔军校？百度智驾为啥起了大早，赶了晚集,30344021798,332.79100,1,25,16777215,2025-10-06 17:16:32,1759742192,0,3b8eff9a,1951617974033474816,海口也有
BV1dpTKzjE2i,114634002533526,智驾圈的黄埔军校？百度智驾为啥起了大早，赶了晚集,赛雷话车,2025-06-06 10:18:32,1373432,2163,1,智驾圈的黄埔军校？百度智驾为啥起了大早，赶了晚集,30344021798,216.48500,1,25,16777215,2025-10-06 14:19:11,1759731551,0,ab7d5315,1951528712147708160,岚图转投华为之后销量立马翻番
BV1dpTKzjE2i,114634002533526,智驾圈的黄埔军校？百度智驾为啥起了大早，赶了晚集,赛雷话车,2025-06-06 10:18:32,1373432,2163,1,智驾圈的黄埔军校？百度智驾为啥起了大早，赶了晚集,30344021798,265.28000,1,25,16777215,2025-09-23 02:49:06,1758566946,0,d82d64bb,1941759301295789312,这下看懂了
BV1dpTKzjE2i,114634002533526,智驾圈的黄埔军校？百度智驾为啥起了大早，赶了晚集,赛雷话车,2025-06-06 10:18:32,1373432,2163,1,智驾圈的黄埔军校？百度智驾为啥起了大早，赶了晚集,30344021798,114.24500,1,25,16777215,2025-09-22 20:49:51,1758545391,0,38d5937e,1941578484137217024,是科技圈的黄埔军校
BV1dpTKzjE2i,114634002533526,智驾圈的黄埔军校？百度智驾为啥起了大早，赶了晚集,赛雷话车,2025-06-06 10:18:32,1373432,2163,1,智驾圈的黄埔军校？百度智驾为啥起了大早，赶了晚集,30344021798,353.06900,1,25,16777215,2025-09-21 22:18:00,1758464280,0,51a30e73,1940898075081999360,武汉的萝卜比网约车便宜
BV1dpTKzjE2i,114634002533526,智驾圈的黄埔军校？百度智驾为啥起了大早，赶了晚集,赛雷话车,2025-06-06 10:18:32,1373432,2163,1,智驾圈的黄埔军校？百度智驾为啥起了大早，赶了晚集,30344021798,21.48000,1,25,16777215,2025-09-20 21:56:22,1758376582,0,cb8673df,1940162411734927872,众所周知 广告公司做科技是不可能成功的
BV1dpTKzjE2i,114634002533526,智驾圈的黄埔军校？百度智驾为啥起了大早，赶了晚集,赛雷话车,2025-06-06 10:18:32,1373432,2163,1,智驾圈的黄埔军校？百度智驾为啥起了大早，赶了晚集,30344021798,9.17400,1,25,16777215,2025-09-20 14:27:47,1758349667,0,203b122d,1939936631554042880,这么简单吗？用高德不就行了吗？哪来那么多事？
BV1dpTKzjE2i,114634002533526,智驾圈的黄埔军校？百度智驾为啥起了大早，赶了晚集,赛雷话车,2025-06-06 10:18:32,1373432,2163,1,智驾圈的黄埔军校？百度智驾为啥起了大早，赶了晚集,30344021798,418.42900,1,25,16777215,2025-09-18 12:46:12,1758170772,0,f91dfa80,1938435951291003904,mmomenta  现在可以了么？
BV1dpTKzjE2i,114634002533526,智驾圈的黄埔军校？百度智驾为啥起了大早，赶了晚集,赛雷话车,2025-06-06 10:18:32,1373432,2163,1,智驾圈的黄埔军校？百度智驾为啥起了大早，赶了晚集,30344021798,104.60000,1,25,16777215,2025-09-15 23:43:50,1757951030,0,29962302,1936592620298327296,前面这个猴子，华为打烂你的猴头
BV1dpTKzjE2i,114634002533526,智驾圈的黄埔军校？百度智驾为啥起了大早，赶了晚集,赛雷话车,2025-06-06 10:18:32,1373432,2163,1,智驾圈的黄埔军校？百度智驾为啥起了大早，赶了晚集,30344021798,187.93900,1,25,16777215,2025-09-11 09:06:27,1757552787,0,f48c508b,1933251913902834944,现在很多竞业入职都签了的，只是你走的时候发不发起
BV1dpTKzjE2i,114634002533526,智驾圈的黄埔军校？百度智驾为啥起了大早，赶了晚集,赛雷话车,2025-06-06 10:18:32,1373432,2163,1,智驾圈的黄埔军校？百度智驾为啥起了大早，赶了晚集,30344021798,167.09900,1,25,16777215,2025-09-10 21:41:18,1757511678,0,551d8262,1932907065501156352,曼联：？
BV1dpTKzjE2i,114634002533526,智驾圈的黄埔军校？百度智驾为啥起了大早，赶了晚集,赛雷话车,2025-06-06 10:18:32,1373432,2163,1,智驾圈的黄埔军校？百度智驾为啥起了大早，赶了晚集,30344021798,80.48900,1,25,16777215,2025-09-06 21:16:27,1757164587,0,f80c1145,1929995460731676928,Apollo配置中心还不错
BV1dpTKzjE2i,114634002533526,智驾圈的黄埔军校？百度智驾为啥起了大早，赶了晚集,赛雷话车,2025-06-06 10:18:32,1373432,2163,1,智驾圈的黄埔军校？百度智驾为啥起了大早，赶了晚集,30344021798,235.13500,1,25,16777215,2025-09-05 13:59:09,1757051949,0,3fdb2f40,1929050580425316864,我老家还真有这个公交车
BV1dpTKzjE2i,114634002533526,智驾圈的黄埔军校？百度智驾为啥起了大早，赶了晚集,赛雷话车,2025-06-06 10:18:32,1373432,2163,1,智驾圈的黄埔军校？百度智驾为啥起了大早，赶了晚集,30344021798,22.79800,1,25,16777215,2025-09-05 13:55:29,1757051729,0,3fdb2f40,1929048738756723200,2B吧，车企不用付费的啊？
BV1dpTKzjE2i,114634002533526,智驾圈的黄埔军校？百度智驾为啥起了大早，赶了晚集,赛雷话车,2025-06-06 10:18:32,1373432,2163,1,智驾圈的黄埔军校？百度智驾为啥起了大早，赶了晚集,30344021798,25.60200,1,25,16777215,2025-09-04 18:33:33,1756982013,0,c75e8bd1,1928463916623834880,那我就去用谷歌了
BV1dpTKzjE2i,114634002533526,智驾圈的黄埔军校？百度智驾为啥起了大早，赶了晚集,赛雷话车,2025-06-06 10:18:32,1373432,2163,1,智驾圈的黄埔军校？百度智驾为啥起了大早，赶了晚集,30344021798,41.28800,1,25,16777215,2025-09-02 19:07:54,1756811274,0,b5434f12,1927031657429804288,Ai也是
BV1dpTKzjE2i,114634002533526,智驾圈的黄埔军校？百度智驾为啥起了大早，赶了晚集,赛雷话车,2025-06-06 10:18:32,1373432,2163,1,智驾圈的黄埔军校？百度智驾为啥起了大早，赶了晚集,30344021798,126.61100,1,25,16777215,2025-08-30 10:04:22,1756519462,0,472603e7,1924583760565767936,就是燃烧自己照亮别人
BV1dpTKzjE2i,114634002533526,智驾圈的黄埔军校？百度智驾为啥起了大早，赶了晚集,赛雷话车,2025-06-06 10:18:32,1373432,2163,1,智驾圈的黄埔军校？百度智驾为啥起了大早，赶了晚集,30344021798,54.24000,1,25,16777215,2025-08-28 21:47:24,1756388844,0,2d5b6a34,1923488050881495552,让我想到当年陆奇all in ia的悲催往事
BV1dpTKzjE2i,114634002533526,智驾圈的黄埔军校？百度智驾为啥起了大早，赶了晚集,赛雷话车,2025-06-06 10:18:32,1373432,2163,1,智驾圈的黄埔军校？百度智驾为啥起了大早，赶了晚集,30344021798,401.65600,1,25,16777215,2025-08-28 18:40:03,1756377603,0,26c4e549,1923393759556138496,只有华为和moment是行的 剩下两个感觉就像是拉拉队一样
BV1dpTKzjE2i,114634002533526,智驾圈的黄埔军校？百度智驾为啥起了大早，赶了晚集,赛雷话车,2025-06-06 10:18:32,1373432,2163,1,智驾圈的黄埔军校？百度智驾为啥起了大早，赶了晚集,30344021798,94.02600,1,25,16777215,2025-08-27 15:32:11,1756279931,0,164b2171,1922574430194969600,阿波罗的人还需要挖，核心人员后面都主动跑了
BV1dpTKzjE2i,114634002533526,智驾圈的黄埔军校？百度智驾为啥起了大早，赶了晚集,赛雷话车,2025-06-06 10:18:32,1373432,2163,1,智驾圈的黄埔军校？百度智驾为啥起了大早，赶了晚集,30344021798,401.44800,1,25,16777215,2025-08-20 15:26:25,1755674785,0,5e9535ce,1917498096594582272,这第三个就算了吧只会吹
BV1dpTKzjE2i,114634002533526,智驾圈的黄埔军校？百度智驾为啥起了大早，赶了晚集,赛雷话车,2025-06-06 10:18:32,1373432,2163,1,智驾圈的黄埔军校？百度智驾为啥起了大早，赶了晚集,30344021798,219.59100,1,25,16777215,2025-08-20 15:21:37,1755674497,0,5e9535ce,1917495680449009664,蓝兔也快倒闭了
BV1dpTKzjE2i,114634002533526,智驾圈的黄埔军校？百度智驾为啥起了大早，赶了晚集,赛雷话车,2025-06-06 10:18:32,1373432,2163,1,智驾圈的黄埔军校？百度智驾为啥起了大早，赶了晚集,30344021798,86.07800,1,25,16777215,2025-08-16 22:26:32,1755354392,0,f854be21,1914810446016500480,华为挖了很多阿波罗的人
BV1dpTKzjE2i,114634002533526,智驾圈的黄埔军校？百度智驾为啥起了大早，赶了晚集,赛雷话车,2025-06-06 10:18:32,1373432,2163,1,智驾圈的黄埔军校？百度智驾为啥起了大早，赶了晚集,30344021798,238.56000,1,25,16777215,2025-08-16 19:36:05,1755344165,0,6d1e27ca,1914724648475090688,极越破产
BV1dpTKzjE2i,114634002533526,智驾圈的黄埔军校？百度智驾为啥起了大早，赶了晚集,赛雷话车,2025-06-06 10:18:32,1373432,2163,1,智驾圈的黄埔军校？百度智驾为啥起了大早，赶了晚集,30344021798,206.64000,1,25,16777215,2025-08-16 19:35:26,1755344126,0,6d1e27ca,1914724325765180160,现在岚图找华为了
BV1dpTKzjE2i,114634002533526,智驾圈的黄埔军校？百度智驾为啥起了大早，赶了晚集,赛雷话车,2025-06-06 10:18:32,1373432,2163,1,智驾圈的黄埔军校？百度智驾为啥起了大早，赶了晚集,30344021798,384.24300,1,25,16777215,2025-08-14 15:02:32,1755154952,0,8fe8daf6,1913137416491883776,总座高见
BV1dpTKzjE2i,114634002533526,智驾圈的黄埔军校？百度智驾为啥起了大早，赶了晚集,赛雷话车,2025-06-06 10:18:32,1373432,2163,1,智驾圈的黄埔军校？百度智驾为啥起了大早，赶了晚集,30344021798,191.55100,1,25,16777215,2025-08-13 13:47:56,1755064076,0,78412026,1912375091514737408,全都要意味着全都是对手，没人合作
BV1dpTKzjE2i,114634002533526,智驾圈的黄埔军校？百度智驾为啥起了大早，赶了晚集,赛雷话车,2025-06-06 10:18:32,1373432,2163,1,智驾圈的黄埔军校？百度智驾为啥起了大早，赶了晚集,30344021798,37.48100,1,25,16777215,2025-08-12 12:13:00,1754971980,0,4b489180,1911602538357360896,副总裁女儿开盒孕妇的事大家别忘
BV1dpTKzjE2i,114634002533526,智驾圈的黄埔军校？百度智驾为啥起了大早，赶了晚集,赛雷话车,2025-06-06 10:18:32,1373432,2163,1,智驾圈的黄埔军校？百度智驾为啥起了大早，赶了晚集,30344021798,38.68000,1,25,16777215,2025-08-07 14:25:03,1754547903,0,3326fa14,1908045121015492864,高德有广告啊，开屏界面和其他小功能都有，包括刚开始导航的语音播报，但是高德在导航过程中一直是最干净的
BV1dpTKzjE2i,114634002533526,智驾圈的黄埔军校？百度智驾为啥起了大早，赶了晚集,赛雷话车,2025-06-06 10:18:32,1373432,2163,1,智驾圈的黄埔军校？百度智驾为啥起了大早，赶了晚集,30344021798,268.03300,1,25,16777215,2025-08-05 08:17:37,1754353057,0,2c0c999d,1906410634200085248,极越的智驾还是可以的
BV1dpTKzjE2i,114634002533526,智驾圈的黄埔军校？百度智驾为啥起了大早，赶了晚集,赛雷话车,2025-06-06 10:18:32,1373432,2163,1,智驾圈的黄埔军校？百度智驾为啥起了大早，赶了晚集,30344021798,55.11700,1,25,16777215,2025-08-04 22:09:44,1754316584,0,11efbef2,1906104680753931520,ai才是
BV1dpTKzjE2i,114634002533526,智驾圈的黄埔军校？百度智驾为啥起了大早，赶了晚集,赛雷话车,2025-06-06 10:18:32,1373432,2163,1,智驾圈的黄埔军校？百度智驾为啥起了大早，赶了晚集,30344021798,47.29100,1,25,16777215,2025-08-04 22:09:36,1754316576,0,11efbef2,1906104615113091584,ai才是
BV1dpTKzjE2i,114634002533526,智驾圈的黄埔军校？百度智驾为啥起了大早，赶了晚集,赛雷话车,2025-06-06 10:18:32,1373432,2163,1,智驾圈的黄埔军校？百度智驾为啥起了大早，赶了晚集,30344021798,247.34400,1,25,16777215,2025-08-04 11:44:46,1754279086,0,c50f9705,1905790123548132608,吉百
BV1dpTKzjE2i,114634002533526,智驾圈的黄埔军校？百度智驾为啥起了大早，赶了晚集,赛雷话车,2025-06-06 10:18:32,1373432,2163,1,智驾圈的黄埔军校？百度智驾为啥起了大早，赶了晚集,30344021798,12.50100,1,25,16777215,2025-08-01 17:21:21,1754040081,0,5dc72888,1903785201826397952,那肯定是会员不够多
BV1dpTKzjE2i,114634002533526,智驾圈的黄埔军校？百度智驾为啥起了大早，赶了晚集,赛雷话车,2025-06-06 10:18:32,1373432,2163,1,智驾圈的黄埔军校？百度智驾为啥起了大早，赶了晚集,30344021798,53.64500,1,25,16777215,2025-08-01 07:06:27,1754003187,0,6e23637,1903475709888907776,我用苹果地图，最简约
BV1dpTKzjE2i,114634002533526,智驾圈的黄埔军校？百度智驾为啥起了大早，赶了晚集,赛雷话车,2025-06-06 10:18:32,1373432,2163,1,智驾圈的黄埔军校？百度智驾为啥起了大早，赶了晚集,30344021798,119.97300,1,25,16777215,2025-07-31 19:49:52,1753962592,0,7dcd1979,1903135180555047936,孙刚是吧 他不是做集群的吗
BV1dpTKzjE2i,114634002533526,智驾圈的黄埔军校？百度智驾为啥起了大早，赶了晚集,赛雷话车,2025-06-06 10:18:32,1373432,2163,1,智驾圈的黄埔军校？百度智驾为啥起了大早，赶了晚集,30344021798,127.69900,1,25,16777215,2025-07-30 00:24:58,1753806298,0,16dc030,1901824092790147584,没签竞业协议么
BV1dpTKzjE2i,114634002533526,智驾圈的黄埔军校？百度智驾为啥起了大早，赶了晚集,赛雷话车,2025-06-06 10:18:32,1373432,2163,1,智驾圈的黄埔军校？百度智驾为啥起了大早，赶了晚集,30344021798,5.52700,1,25,16777215,2025-07-29 23:14:18,1753802058,0,f4a8aab2,1901788518599446016,甲方捡到击败了
BV1dpTKzjE2i,114634002533526,智驾圈的黄埔军校？百度智驾为啥起了大早，赶了晚集,赛雷话车,2025-06-06 10:18:32,1373432,2163,1,智驾圈的黄埔军校？百度智驾为啥起了大早，赶了晚集,30344021798,420.98700,1,25,16777215,2025-07-29 17:07:21,1753780041,0,7f5cbf8,1901603831843022592,留给他的时间还有吗
BV1dpTKzjE2i,114634002533526,智驾圈的黄埔军校？百度智驾为啥起了大早，赶了晚集,赛雷话车,2025-06-06 10:18:32,1373432,2163,1,智驾圈的黄埔军校？百度智驾为啥起了大早，赶了晚集,30344021798,25.27200,1,25,16777215,2025-07-27 12:11:08,1753589468,0,23da8e3f,1900005185163013888,这么近，那么美，周末到河北
BV1dpTKzjE2i,114634002533526,智驾圈的黄埔军校？百度智驾为啥起了大早，赶了晚集,赛雷话车,2025-06-06 10:18:32,1373432,2163,1,智驾圈的黄埔军校？百度智驾为啥起了大早，赶了晚集,30344021798,30.06000,1,25,16777215,2025-07-25 23:27:01,1753457221,0,9d23fd5d,1898895815754731008,还有度小满高利贷
BV1dpTKzjE2i,114634002533526,智驾圈的黄埔军校？百度智驾为啥起了大早，赶了晚集,赛雷话车,2025-06-06 10:18:32,1373432,2163,1,智驾圈的黄埔军校？百度智驾为啥起了大早，赶了晚集,30344021798,382.63200,1,25,16777215,2025-07-25 12:55:12,1753419312,0,b834aaf7,1898577817399155200,局座高见！
BV1dpTKzjE2i,114634002533526,智驾圈的黄埔军校？百度智驾为啥起了大早，赶了晚集,赛雷话车,2025-06-06 10:18:32,1373432,2163,1,智驾圈的黄埔军校？百度智驾为啥起了大早，赶了晚集,30344021798,29.53400,1,25,16777215,2025-07-25 09:47:16,1753408036,0,2b09a522,1898483225140413184,高德靠打车回血够多了吧
BV1dpTKzjE2i,114634002533526,智驾圈的黄埔军校？百度智驾为啥起了大早，赶了晚集,赛雷话车,2025-06-06 10:18:32,1373432,2163,1,智驾圈的黄埔军校？百度智驾为啥起了大早，赶了晚集,30344021798,373.41900,1,25,16777215,2025-07-22 16:40:25,1753173625,0,beefefc9,1896516839510080256,武汉的萝卜比网约车便宜，但是它是固定路线，有些地方得绕路，实际路程会比网约车要长，最后价格反而差不多
BV1dpTKzjE2i,114634002533526,智驾圈的黄埔军校？百度智驾为啥起了大早，赶了晚集,赛雷话车,2025-06-06 10:18:32,1373432,2163,1,智驾圈的黄埔军校？百度智驾为啥起了大早，赶了晚集,30344021798,422.10800,1,25,16777215,2025-07-21 17:55:50,1753091750,0,fc9d7b7,1895830026164357376,是根本没有机会了
BV1dpTKzjE2i,114634002533526,智驾圈的黄埔军校？百度智驾为啥起了大早，赶了晚集,赛雷话车,2025-06-06 10:18:32,1373432,2163,1,智驾圈的黄埔军校？百度智驾为啥起了大早，赶了晚集,30344021798,367.42900,1,25,16777215,2025-07-20 11:50:28,1752983428,0,56003743,1894921356660360960,一点都不贵，没必要为了做视频乱说，现在的up越来越不要脸了
BV1dpTKzjE2i,114634002533526,智驾圈的黄埔军校？百度智驾为啥起了大早，赶了晚集,赛雷话车,2025-06-06 10:18:32,1373432,2163,1,智驾圈的黄埔军校？百度智驾为啥起了大早，赶了晚集,30344021798,336.49100,1,25,16777215,2025-07-19 16:24:12,1752913452,0,933e1af3,1894334353262552832,广州的无人驾驶网约车现在看到的比较多的还是小马智行
BV1dpTKzjE2i,114634002533526,智驾圈的黄埔军校？百度智驾为啥起了大早，赶了晚集,赛雷话车,2025-06-06 10:18:32,1373432,2163,1,智驾圈的黄埔军校？百度智驾为啥起了大早，赶了晚集,30344021798,113.85400,1,25,16777215,2025-07-18 18:02:37,1752832957,0,9aed35ac,1893659114618807808,是互联网行业的黄埔军校
BV1dpTKzjE2i,114634002533526,智驾圈的黄埔军校？百度智驾为啥起了大早，赶了晚集,赛雷话车,2025-06-06 10:18:32,1373432,2163,1,智驾圈的黄埔军校？百度智驾为啥起了大早，赶了晚集,30344021798,36.29300,1,25,16777215,2025-07-18 17:33:45,1752831225,0,3a8bf9da,1893644586984391168,说句搞笑的话，一直在标榜人工智能，自家的导航语音那是低障得一塌糊涂。感觉是塞班时代的产物
BV1dpTKzjE2i,114634002533526,智驾圈的黄埔军校？百度智驾为啥起了大早，赶了晚集,赛雷话车,2025-06-06 10:18:32,1373432,2163,1,智驾圈的黄埔军校？百度智驾为啥起了大早，赶了晚集,30344021798,25.36800,1,25,16777215,2025-07-15 22:50:38,1752591038,0,3ef490d,1891629747755051520,开屏广告咱没看？
BV1dpTKzjE2i,114634002533526,智驾圈的黄埔军校？百度智驾为啥起了大早，赶了晚集,赛雷话车,2025-06-06 10:18:32,1373432,2163,1,智驾圈的黄埔军校？百度智驾为啥起了大早，赶了晚集,30344021798,31.53800,1,25,16777215,2025-07-13 12:20:58,1752380458,0,4ceebe22,1889863273726543104,+
BV1dpTKzjE2i,114634002533526,智驾圈的黄埔军校？百度智驾为啥起了大早，赶了晚集,赛雷话车,2025-06-06 10:18:32,1373432,2163,1,智驾圈的黄埔军校？百度智驾为啥起了大早，赶了晚集,30344021798,126.94100,1,25,16777215,2025-07-12 16:51:33,1752310293,0,35320af4,1889274691945503232,难怪momenta还行的，还以为三流公司
BV1dpTKzjE2i,114634002533526,智驾圈的黄埔军校？百度智驾为啥起了大早，赶了晚集,赛雷话车,2025-06-06 10:18:32,1373432,2163,1,智驾圈的黄埔军校？百度智驾为啥起了大早，赶了晚集,30344021798,266.06300,1,25,16777215,2025-07-10 21:10:31,1752153031,0,bc1d1b06,1887955478722803712,华为太成功了，华为智驾成买点了，唉
BV1dpTKzjE2i,114634002533526,智驾圈的黄埔军校？百度智驾为啥起了大早，赶了晚集,赛雷话车,2025-06-06 10:18:32,1373432,2163,1,智驾圈的黄埔军校？百度智驾为啥起了大早，赶了晚集,30344021798,404.32700,1,25,16777215,2025-07-10 12:27:57,1752121677,0,855b0fc0,1887692463431660800,萝卜开会
BV1dpTKzjE2i,114634002533526,智驾圈的黄埔军校？百度智驾为啥起了大早，赶了晚集,赛雷话车,2025-06-06 10:18:32,1373432,2163,1,智驾圈的黄埔军校？百度智驾为啥起了大早，赶了晚集,30344021798,245.62300,1,25,16777215,2025-07-08 20:31:09,1751977869,0,31142257,1886486115884723712,名字不行，叫吉百汽车早就火了
BV1dpTKzjE2i,114634002533526,智驾圈的黄埔军校？百度智驾为啥起了大早，赶了晚集,赛雷话车,2025-06-06 10:18:32,1373432,2163,1,智驾圈的黄埔军校？百度智驾为啥起了大早，赶了晚集,30344021798,48.22900,1,25,16777215,2025-07-08 13:31:44,1751952704,0,932c0bea,1886275019257566720,谁还记得BAT
BV1dpTKzjE2i,114634002533526,智驾圈的黄埔军校？百度智驾为啥起了大早，赶了晚集,赛雷话车,2025-06-06 10:18:32,1373432,2163,1,智驾圈的黄埔军校？百度智驾为啥起了大早，赶了晚集,30344021798,236.03300,1,25,16777215,2025-07-08 11:54:26,1751946866,0,151c8f5b,1886226041035741440,极越现在咋说了？
BV1dpTKzjE2i,114634002533526,智驾圈的黄埔军校？百度智驾为啥起了大早，赶了晚集,赛雷话车,2025-06-06 10:18:32,1373432,2163,1,智驾圈的黄埔军校？百度智驾为啥起了大早，赶了晚集,30344021798,376.68900,1,25,16777215,2025-07-08 10:50:02,1751943002,0,2aced6d0,1886193631464505856,无人驾驶本来就没什么成本优势
BV1dpTKzjE2i,114634002533526,智驾圈的黄埔军校？百度智驾为啥起了大早，赶了晚集,赛雷话车,2025-06-06 10:18:32,1373432,2163,1,智驾圈的黄埔军校？百度智驾为啥起了大早，赶了晚集,30344021798,405.03700,1,25,16777215,2025-07-06 23:26:13,1751815573,0,c624d305,1885124676104674304,不是魔化大地吗？
BV1dpTKzjE2i,114634002533526,智驾圈的黄埔军校？百度智驾为啥起了大早，赶了晚集,赛雷话车,2025-06-06 10:18:32,1373432,2163,1,智驾圈的黄埔军校？百度智驾为啥起了大早，赶了晚集,30344021798,338.32700,1,25,16777215,2025-07-06 15:40:02,1751787602,0,7edf6349,1884890035589773056,广州科学城自动驾驶试验区
BV1dpTKzjE2i,114634002533526,智驾圈的黄埔军校？百度智驾为啥起了大早，赶了晚集,赛雷话车,2025-06-06 10:18:32,1373432,2163,1,智驾圈的黄埔军校？百度智驾为啥起了大早，赶了晚集,30344021798,13.04900,1,25,16777215,2025-07-06 12:30:29,1751776229,0,d217647b,1884794635373740544,不忘初心
BV1dpTKzjE2i,114634002533526,智驾圈的黄埔军校？百度智驾为啥起了大早，赶了晚集,赛雷话车,2025-06-06 10:18:32,1373432,2163,1,智驾圈的黄埔军校？百度智驾为啥起了大早，赶了晚集,30344021798,44.63300,1,25,16777215,2025-07-04 21:07:31,1751634451,0,37d3cc55,1883605315963597824,烧钱烧狗肚子里去了
BV1dpTKzjE2i,114634002533526,智驾圈的黄埔军校？百度智驾为啥起了大早，赶了晚集,赛雷话车,2025-06-06 10:18:32,1373432,2163,1,智驾圈的黄埔军校？百度智驾为啥起了大早，赶了晚集,30344021798,157.79700,1,25,16777215,2025-07-04 09:39:42,1751593182,0,9b0cc330,1883259127347244800,所以为什么走了呢
BV1dpTKzjE2i,114634002533526,智驾圈的黄埔军校？百度智驾为啥起了大早，赶了晚集,赛雷话车,2025-06-06 10:18:32,1373432,2163,1,智驾圈的黄埔军校？百度智驾为啥起了大早，赶了晚集,30344021798,313.24800,1,25,16777215,2025-07-04 08:46:45,1751590005,0,acf008f7,1883232472678923008,李彦宏惜身
BV1dpTKzjE2i,114634002533526,智驾圈的黄埔军校？百度智驾为啥起了大早，赶了晚集,赛雷话车,2025-06-06 10:18:32,1373432,2163,1,智驾圈的黄埔军校？百度智驾为啥起了大早，赶了晚集,30344021798,24.72400,1,25,16777215,2025-07-04 03:37:45,1751571465,0,f58a2f69,1883076954001861120,这大公司还要回血！！？！
BV1dpTKzjE2i,114634002533526,智驾圈的黄埔军校？百度智驾为啥起了大早，赶了晚集,赛雷话车,2025-06-06 10:18:32,1373432,2163,1,智驾圈的黄埔军校？百度智驾为啥起了大早，赶了晚集,30344021798,187.15500,1,25,16777215,2025-07-04 02:22:24,1751566944,0,2c7e582f,1883039023442779648,华为完美承接
BV1dpTKzjE2i,114634002533526,智驾圈的黄埔军校？百度智驾为啥起了大早，赶了晚集,赛雷话车,2025-06-06 10:18:32,1373432,2163,1,智驾圈的黄埔军校？百度智驾为啥起了大早，赶了晚集,30344021798,99.11500,1,25,16777215,2025-07-03 22:36:46,1751553406,0,740c7203,1882925458568365312,不是说全世界最强才L2吗
BV1dpTKzjE2i,114634002533526,智驾圈的黄埔军校？百度智驾为啥起了大早，赶了晚集,赛雷话车,2025-06-06 10:18:32,1373432,2163,1,智驾圈的黄埔军校？百度智驾为啥起了大早，赶了晚集,30344021798,3.27100,1,25,16777215,2025-07-03 10:48:16,1751510896,0,3d27da3b,1882568860109570048,智驾都没普及，都晚集了？
BV1dpTKzjE2i,114634002533526,智驾圈的黄埔军校？百度智驾为啥起了大早，赶了晚集,赛雷话车,2025-06-06 10:18:32,1373432,2163,1,智驾圈的黄埔军校？百度智驾为啥起了大早，赶了晚集,30344021798,246.48600,1,25,16777215,2025-07-01 22:28:44,1751380124,0,9cdf6520,1881471868704844800,什么集罢公司
BV1dpTKzjE2i,114634002533526,智驾圈的黄埔军校？百度智驾为啥起了大早，赶了晚集,赛雷话车,2025-06-06 10:18:32,1373432,2163,1,智驾圈的黄埔军校？百度智驾为啥起了大早，赶了晚集,30344021798,202.68000,1,25,16777215,2025-07-01 19:21:34,1751368894,0,4be70744,1881377664494218752,全都要=全都不要
BV1dpTKzjE2i,114634002533526,智驾圈的黄埔军校？百度智驾为啥起了大早，赶了晚集,赛雷话车,2025-06-06 10:18:32,1373432,2163,1,智驾圈的黄埔军校？百度智驾为啥起了大早，赶了晚集,30344021798,22.21900,1,25,16707842,2025-07-01 18:32:46,1751365966,0,3a597793,1881353099361801728,逆天
BV1dpTKzjE2i,114634002533526,智驾圈的黄埔军校？百度智驾为啥起了大早，赶了晚集,赛雷话车,2025-06-06 10:18:32,1373432,2163,1,智驾圈的黄埔军校？百度智驾为啥起了大早，赶了晚集,30344021798,386.21800,1,25,16777215,2025-07-01 16:27:30,1751358450,0,ee2c1059,1881290055751382272,贪污犯
BV1dpTKzjE2i,114634002533526,智驾圈的黄埔军校？百度智驾为啥起了大早，赶了晚集,赛雷话车,2025-06-06 10:18:32,1373432,2163,1,智驾圈的黄埔军校？百度智驾为啥起了大早，赶了晚集,30344021798,33.49500,1,25,16707842,2025-07-01 15:02:31,1751353351,0,7b69b3ce,1881247275821710080,极越
BV1dpTKzjE2i,114634002533526,智驾圈的黄埔军校？百度智驾为啥起了大早，赶了晚集,赛雷话车,2025-06-06 10:18:32,1373432,2163,1,智驾圈的黄埔军校？百度智驾为啥起了大早，赶了晚集,30344021798,379.55700,1,25,16777215,2025-07-01 14:16:30,1751350590,0,f933dc19,1881224113315008768,因为现在想抢市场在砸优惠
BV1dpTKzjE2i,114634002533526,智驾圈的黄埔军校？百度智驾为啥起了大早，赶了晚集,赛雷话车,2025-06-06 10:18:32,1373432,2163,1,智驾圈的黄埔军校？百度智驾为啥起了大早，赶了晚集,30344021798,403.67000,1,25,16777215,2025-07-01 13:20:33,1751347233,0,8d77d2d,1881195959720549376,魔化大地不是更霸气！
BV1dpTKzjE2i,114634002533526,智驾圈的黄埔军校？百度智驾为啥起了大早，赶了晚集,赛雷话车,2025-06-06 10:18:32,1373432,2163,1,智驾圈的黄埔军校？百度智驾为啥起了大早，赶了晚集,30344021798,24.61600,1,25,16777215,2025-07-01 11:02:03,1751338923,0,5610fa99,1881126246336235008,永不忘魏则西
BV1dpTKzjE2i,114634002533526,智驾圈的黄埔军校？百度智驾为啥起了大早，赶了晚集,赛雷话车,2025-06-06 10:18:32,1373432,2163,1,智驾圈的黄埔军校？百度智驾为啥起了大早，赶了晚集,30344021798,74.16300,1,25,16777215,2025-07-01 08:54:59,1751331299,0,9a623e2e,1881062296521405696,现在各种AI抢占了搜索的业务，以后广告估计也不行了
BV1dpTKzjE2i,114634002533526,智驾圈的黄埔军校？百度智驾为啥起了大早，赶了晚集,赛雷话车,2025-06-06 10:18:32,1373432,2163,1,智驾圈的黄埔军校？百度智驾为啥起了大早，赶了晚集,30344021798,267.11200,1,25,16777215,2025-07-01 07:48:29,1751327309,0,45a71930,1881028818559838208,外观还可以
BV1dpTKzjE2i,114634002533526,智驾圈的黄埔军校？百度智驾为啥起了大早，赶了晚集,赛雷话车,2025-06-06 10:18:32,1373432,2163,1,智驾圈的黄埔军校？百度智驾为啥起了大早，赶了晚集,30344021798,250.61200,1,25,16777215,2025-07-01 00:20:49,1751300449,0,ea18dd58,1880803508174011136,嫉妒
BV1dpTKzjE2i,114634002533526,智驾圈的黄埔军校？百度智驾为啥起了大早，赶了晚集,赛雷话车,2025-06-06 10:18:32,1373432,2163,1,智驾圈的黄埔军校？百度智驾为啥起了大早，赶了晚集,30344021798,306.16700,1,25,16777215,2025-06-30 22:06:28,1751292388,0,721b0649,1880735886313324544,我到现在都记得极越的极石01车中间有个马桶，给我惊呆了
BV1dpTKzjE2i,114634002533526,智驾圈的黄埔军校？百度智驾为啥起了大早，赶了晚集,赛雷话车,2025-06-06 10:18:32,1373432,2163,1,智驾圈的黄埔军校？百度智驾为啥起了大早，赶了晚集,30344021798,258.01700,1,25,16777215,2025-06-30 12:25:45,1751257545,0,23840d37,1880443597623705856,能变形吗
BV1dpTKzjE2i,114634002533526,智驾圈的黄埔军校？百度智驾为啥起了大早，赶了晚集,赛雷话车,2025-06-06 10:18:32,1373432,2163,1,智驾圈的黄埔军校？百度智驾为啥起了大早，赶了晚集,30344021798,335.65400,1,25,16777215,2025-06-30 09:57:23,1751248643,0,c998e29a,1880368922310938880,上海只有嘉定的试验区有，大部分地区是没有的
BV1dpTKzjE2i,114634002533526,智驾圈的黄埔军校？百度智驾为啥起了大早，赶了晚集,赛雷话车,2025-06-06 10:18:32,1373432,2163,1,智驾圈的黄埔军校？百度智驾为啥起了大早，赶了晚集,30344021798,8.97900,5,25,15138834,2025-06-30 07:15:42,1751238942,0,b11ef21e,1880287543426547968,？
BV1dpTKzjE2i,114634002533526,智驾圈的黄埔军校？百度智驾为啥起了大早，赶了晚集,赛雷话车,2025-06-06 10:18:32,1373432,2163,1,智驾圈的黄埔军校？百度智驾为啥起了大早，赶了晚集,30344021798,25.73100,1,25,16777215,2025-06-30 01:21:19,1751217679,0,acb100ae,1880109180531586304,白用了这么多年，真是免费的用的心安理得了
BV1dpTKzjE2i,114634002533526,智驾圈的黄埔军校？百度智驾为啥起了大早，赶了晚集,赛雷话车,2025-06-06 10:18:32,1373432,2163,1,智驾圈的黄埔军校？百度智驾为啥起了大早，赶了晚集,30344021798,13.27800,1,25,16777215,2025-06-30 01:20:29,1751217629,0,acb100ae,1880108756386743552,不是有萝卜吗
BV1dpTKzjE2i,114634002533526,智驾圈的黄埔军校？百度智驾为啥起了大早，赶了晚集,赛雷话车,2025-06-06 10:18:32,1373432,2163,1,智驾圈的黄埔军校？百度智驾为啥起了大早，赶了晚集,30344021798,205.88300,1,25,16777215,2025-06-29 23:51:28,1751212288,0,377c2386,1880063953351677184,岚图Free 2025用了华为方案。如果2024年用华为，我就买了。后来选了问界
BV1dpTKzjE2i,114634002533526,智驾圈的黄埔军校？百度智驾为啥起了大早，赶了晚集,赛雷话车,2025-06-06 10:18:32,1373432,2163,1,智驾圈的黄埔军校？百度智驾为啥起了大早，赶了晚集,30344021798,168.14600,1,25,16777215,2025-06-29 23:49:29,1751212169,0,377c2386,1880062959259487744,散是满天星
BV1dpTKzjE2i,114634002533526,智驾圈的黄埔军校？百度智驾为啥起了大早，赶了晚集,赛雷话车,2025-06-06 10:18:32,1373432,2163,1,智驾圈的黄埔军校？百度智驾为啥起了大早，赶了晚集,30344021798,311.53800,1,25,16777215,2025-06-29 23:29:32,1751210972,0,f8948750,1880052918590472960,纯纯贪腐破产了
BV1dpTKzjE2i,114634002533526,智驾圈的黄埔军校？百度智驾为啥起了大早，赶了晚集,赛雷话车,2025-06-06 10:18:32,1373432,2163,1,智驾圈的黄埔军校？百度智驾为啥起了大早，赶了晚集,30344021798,20.57600,1,25,16777215,2025-06-29 21:46:54,1751204814,0,a629cbcc,1880001262012454912,夫妻店也就这样了，上限摆在那里
BV1dpTKzjE2i,114634002533526,智驾圈的黄埔军校？百度智驾为啥起了大早，赶了晚集,赛雷话车,2025-06-06 10:18:32,1373432,2163,1,智驾圈的黄埔军校？百度智驾为啥起了大早，赶了晚集,30344021798,6.31100,1,25,16777215,2025-06-29 20:44:55,1751201095,0,cc5be2d4,1879970060802897664,我都不用的
BV1dpTKzjE2i,114634002533526,智驾圈的黄埔军校？百度智驾为啥起了大早，赶了晚集,赛雷话车,2025-06-06 10:18:32,1373432,2163,1,智驾圈的黄埔军校？百度智驾为啥起了大早，赶了晚集,30344021798,205.49400,1,25,16777215,2025-06-29 19:21:21,1751196081,0,33d6838,1879928000447837952,不烂别人怎么会跑，而且还是管理层方面的
BV1dpTKzjE2i,114634002533526,智驾圈的黄埔军校？百度智驾为啥起了大早，赶了晚集,赛雷话车,2025-06-06 10:18:32,1373432,2163,1,智驾圈的黄埔军校？百度智驾为啥起了大早，赶了晚集,30344021798,169.08800,1,25,16777215,2025-06-29 19:02:56,1751194976,0,24540242,1879918732345351424,为什么离开呢
BV1dpTKzjE2i,114634002533526,智驾圈的黄埔军校？百度智驾为啥起了大早，赶了晚集,赛雷话车,2025-06-06 10:18:32,1373432,2163,1,智驾圈的黄埔军校？百度智驾为啥起了大早，赶了晚集,30344021798,395.84300,1,25,16777215,2025-06-29 14:41:18,1751179278,0,dbde1af7,1879787048505031936,前期优势都打不赢，后期你还能翻盘？搞笑呢
BV1dpTKzjE2i,114634002533526,智驾圈的黄埔军校？百度智驾为啥起了大早，赶了晚集,赛雷话车,2025-06-06 10:18:32,1373432,2163,1,智驾圈的黄埔军校？百度智驾为啥起了大早，赶了晚集,30344021798,16.04700,1,25,16777215,2025-06-29 14:32:26,1751178746,0,db8130b1,1879782585195168000,垃圾导航，全是广告
BV1dpTKzjE2i,114634002533526,智驾圈的黄埔军校？百度智驾为啥起了大早，赶了晚集,赛雷话车,2025-06-06 10:18:32,1373432,2163,1,智驾圈的黄埔军校？百度智驾为啥起了大早，赶了晚集,30344021798,367.77100,1,25,16777215,2025-06-29 04:08:30,1751141310,0,83cd7c3e,1879468551732545280,北京有萝卜快跑啊
BV1dpTKzjE2i,114634002533526,智驾圈的黄埔军校？百度智驾为啥起了大早，赶了晚集,赛雷话车,2025-06-06 10:18:32,1373432,2163,1,智驾圈的黄埔军校？百度智驾为啥起了大早，赶了晚集,30344021798,400.17300,1,25,16777215,2025-06-28 19:40:58,1751110858,0,e6869715,1879213095549974528,fsd
BV1dpTKzjE2i,114634002533526,智驾圈的黄埔军校？百度智驾为啥起了大早，赶了晚集,赛雷话车,2025-06-06 10:18:32,1373432,2163,1,智驾圈的黄埔军校？百度智驾为啥起了大早，赶了晚集,30344021798,211.86700,1,25,16777215,2025-06-28 19:37:49,1751110669,0,e6869715,1879211515949630976,还有小米
BV1dpTKzjE2i,114634002533526,智驾圈的黄埔军校？百度智驾为啥起了大早，赶了晚集,赛雷话车,2025-06-06 10:18:32,1373432,2163,1,智驾圈的黄埔军校？百度智驾为啥起了大早，赶了晚集,30344021798,11.61700,1,25,16777215,2025-06-28 18:10:03,1751105403,0,add19979,1879167337337246464,我导航都是关了屏幕只听声音
BV1dpTKzjE2i,114634002533526,智驾圈的黄埔军校？百度智驾为啥起了大早，赶了晚集,赛雷话车,2025-06-06 10:18:32,1373432,2163,1,智驾圈的黄埔军校？百度智驾为啥起了大早，赶了晚集,30344021798,52.38800,1,25,16777215,2025-06-28 17:34:09,1751103249,0,958c2484,1879149268510594816,gai
BV1dpTKzjE2i,114634002533526,智驾圈的黄埔军校？百度智驾为啥起了大早，赶了晚集,赛雷话车,2025-06-06 10:18:32,1373432,2163,1,智驾圈的黄埔军校？百度智驾为啥起了大早，赶了晚集,30344021798,112.39800,1,25,16777215,2025-06-28 17:11:09,1751101869,0,b33ea4b,1879137698095790848,估计口碑烂，优质的融资项目也不愿和他合作
BV1dpTKzjE2i,114634002533526,智驾圈的黄埔军校？百度智驾为啥起了大早，赶了晚集,赛雷话车,2025-06-06 10:18:32,1373432,2163,1,智驾圈的黄埔军校？百度智驾为啥起了大早，赶了晚集,30344021798,363.74000,1,25,16777215,2025-06-28 16:24:18,1751099058,0,c76e273f,1879114112047950336,真是变态，无人驾驶还这么贵
BV1dpTKzjE2i,114634002533526,智驾圈的黄埔军校？百度智驾为啥起了大早，赶了晚集,赛雷话车,2025-06-06 10:18:32,1373432,2163,1,智驾圈的黄埔军校？百度智驾为啥起了大早，赶了晚集,30344021798,346.16700,1,25,16777215,2025-06-28 14:41:18,1751092878,0,16da120a,1879062275969588736,武汉到处都能看见
BV1dpTKzjE2i,114634002533526,智驾圈的黄埔军校？百度智驾为啥起了大早，赶了晚集,赛雷话车,2025-06-06 10:18:32,1373432,2163,1,智驾圈的黄埔军校？百度智驾为啥起了大早，赶了晚集,30344021798,23.73900,5,25,16707842,2025-06-28 05:34:46,1751060086,0,5d602fdc,1878787196669640960,这是回点血？这是让我大出血啊（生理）
BV1dpTKzjE2i,114634002533526,智驾圈的黄埔军校？百度智驾为啥起了大早，赶了晚集,赛雷话车,2025-06-06 10:18:32,1373432,2163,1,智驾圈的黄埔军校？百度智驾为啥起了大早，赶了晚集,30344021798,24.73900,1,25,16777215,2025-06-27 22:37:16,1751035036,0,ca8bcbe,1878577055026339840,高德；？
BV1dpTKzjE2i,114634002533526,智驾圈的黄埔军校？百度智驾为啥起了大早，赶了晚集,赛雷话车,2025-06-06 10:18:32,1373432,2163,1,智驾圈的黄埔军校？百度智驾为啥起了大早，赶了晚集,30344021798,183.38700,1,25,16777215,2025-06-27 19:26:13,1751023573,0,a1befce0,1878480901278015232,竟业的钱是给不起一点吧
BV1dpTKzjE2i,114634002533526,智驾圈的黄埔军校？百度智驾为啥起了大早，赶了晚集,赛雷话车,2025-06-06 10:18:32,1373432,2163,1,智驾圈的黄埔军校？百度智驾为啥起了大早，赶了晚集,30344021798,411.18900,1,25,16777215,2025-06-27 15:35:06,1751009706,0,ca8df0ee,1878364575980726784,我们的小米呢，你是不是米黑。回答我
BV1dpTKzjE2i,114634002533526,智驾圈的黄埔军校？百度智驾为啥起了大早，赶了晚集,赛雷话车,2025-06-06 10:18:32,1373432,2163,1,智驾圈的黄埔军校？百度智驾为啥起了大早，赶了晚集,30344021798,91.78400,1,25,16777215,2025-06-27 04:05:47,1750968347,0,f2b721f4,1878017633447282688,萝卜快跑
BV1dpTKzjE2i,114634002533526,智驾圈的黄埔军校？百度智驾为啥起了大早，赶了晚集,赛雷话车,2025-06-06 10:18:32,1373432,2163,1,智驾圈的黄埔军校？百度智驾为啥起了大早，赶了晚集,30344021798,349.55800,1,25,16777215,2025-06-26 23:24:39,1750951479,0,1ed42041,1877876132251285248,武汉萝卜不贵呀···
BV1dpTKzjE2i,114634002533526,智驾圈的黄埔军校？百度智驾为啥起了大早，赶了晚集,赛雷话车,2025-06-06 10:18:32,1373432,2163,1,智驾圈的黄埔军校？百度智驾为啥起了大早，赶了晚集,30344021798,411.89400,1,25,16777215,2025-06-26 22:56:39,1750949799,0,52de7fd8,1877862039557635328,higo别来偷渡
BV1dpTKzjE2i,114634002533526,智驾圈的黄埔军校？百度智驾为啥起了大早，赶了晚集,赛雷话车,2025-06-06 10:18:32,1373432,2163,1,智驾圈的黄埔军校？百度智驾为啥起了大早，赶了晚集,30344021798,45.55400,1,25,16777215,2025-06-26 21:16:16,1750943776,0,c8a5bae,1877811515164724480,李彦宏就是犹太人的白手套，没啥真本事
BV1dpTKzjE2i,114634002533526,智驾圈的黄埔军校？百度智驾为啥起了大早，赶了晚集,赛雷话车,2025-06-06 10:18:32,1373432,2163,1,智驾圈的黄埔军校？百度智驾为啥起了大早，赶了晚集,30344021798,61.37400,1,25,16777215,2025-06-26 18:53:17,1750935197,0,ffecabf5,1877739546419406592,华为拿了钱就会在B站之类地方搞千亿补贴了
BV1dpTKzjE2i,114634002533526,智驾圈的黄埔军校？百度智驾为啥起了大早，赶了晚集,赛雷话车,2025-06-06 10:18:32,1373432,2163,1,智驾圈的黄埔军校？百度智驾为啥起了大早，赶了晚集,30344021798,144.19500,1,25,16777215,2025-06-26 17:58:18,1750931898,0,b7918ee1,1877711870707347200,人才全跑了
BV1dpTKzjE2i,114634002533526,智驾圈的黄埔军校？百度智驾为啥起了大早，赶了晚集,赛雷话车,2025-06-06 10:18:32,1373432,2163,1,智驾圈的黄埔军校？百度智驾为啥起了大早，赶了晚集,30344021798,333.74200,1,25,16777215,2025-06-26 15:34:23,1750923263,0,40096805,1877639438742861824,东莞也有了很久了
BV1dpTKzjE2i,114634002533526,智驾圈的黄埔军校？百度智驾为啥起了大早，赶了晚集,赛雷话车,2025-06-06 10:18:32,1373432,2163,1,智驾圈的黄埔军校？百度智驾为啥起了大早，赶了晚集,30344021798,237.39400,1,25,16777215,2025-06-26 15:25:41,1750922741,0,40096805,1877635056785937920,萝卜快跑还真不少
BV1dpTKzjE2i,114634002533526,智驾圈的黄埔军校？百度智驾为啥起了大早，赶了晚集,赛雷话车,2025-06-06 10:18:32,1373432,2163,1,智驾圈的黄埔军校？百度智驾为啥起了大早，赶了晚集,30344021798,390.14800,1,25,16777215,2025-06-26 12:24:08,1750911848,0,eb86a9fd,1877543683042664448,蒸蒸日上
BV1dpTKzjE2i,114634002533526,智驾圈的黄埔军校？百度智驾为啥起了大早，赶了晚集,赛雷话车,2025-06-06 10:18:32,1373432,2163,1,智驾圈的黄埔军校？百度智驾为啥起了大早，赶了晚集,30344021798,408.07200,1,25,16777215,2025-06-26 11:12:38,1750907558,0,6c3d2a7f,1877507697868901632,就一心想着要整广告，什么都是广告广告的
BV1dpTKzjE2i,114634002533526,智驾圈的黄埔军校？百度智驾为啥起了大早，赶了晚集,赛雷话车,2025-06-06 10:18:32,1373432,2163,1,智驾圈的黄埔军校？百度智驾为啥起了大早，赶了晚集,30344021798,362.47300,1,25,16777215,2025-06-26 11:11:53,1750907513,0,6c3d2a7f,1877507315390430976,不选
BV1dpTKzjE2i,114634002533526,智驾圈的黄埔军校？百度智驾为啥起了大早，赶了晚集,赛雷话车,2025-06-06 10:18:32,1373432,2163,1,智驾圈的黄埔军校？百度智驾为啥起了大早，赶了晚集,30344021798,97.87800,1,25,16777215,2025-06-26 11:07:28,1750907248,0,6c3d2a7f,1877505095697588480,起了个大早，赶了个晚集
BV1dpTKzjE2i,114634002533526,智驾圈的黄埔军校？百度智驾为啥起了大早，赶了晚集,赛雷话车,2025-06-06 10:18:32,1373432,2163,1,智驾圈的黄埔军校？百度智驾为啥起了大早，赶了晚集,30344021798,175.15000,1,25,16777215,2025-06-25 23:18:15,1750864695,0,18b864f9,1877148133398634752,不该搞竞业，直接投啊
BV1dpTKzjE2i,114634002533526,智驾圈的黄埔军校？百度智驾为啥起了大早，赶了晚集,赛雷话车,2025-06-06 10:18:32,1373432,2163,1,智驾圈的黄埔军校？百度智驾为啥起了大早，赶了晚集,30344021798,16.94400,1,25,16777215,2025-06-25 23:05:15,1750863915,0,48a20b99,1877141595435510272,不用不就行了
BV1dpTKzjE2i,114634002533526,智驾圈的黄埔军校？百度智驾为啥起了大早，赶了晚集,赛雷话车,2025-06-06 10:18:32,1373432,2163,1,智驾圈的黄埔军校？百度智驾为啥起了大早，赶了晚集,30344021798,94.29100,5,25,16777215,2025-06-25 22:37:19,1750862239,0,8c42f2a,1877127528251478528,萝卜在武汉已经学会加塞抢道鸣笛卡位了
BV1dpTKzjE2i,114634002533526,智驾圈的黄埔军校？百度智驾为啥起了大早，赶了晚集,赛雷话车,2025-06-06 10:18:32,1373432,2163,1,智驾圈的黄埔军校？百度智驾为啥起了大早，赶了晚集,30344021798,99.65600,1,25,16777215,2025-06-25 17:46:58,1750844818,0,efcf8b98,1876981396736672768,L4？
BV1dpTKzjE2i,114634002533526,智驾圈的黄埔军校？百度智驾为啥起了大早，赶了晚集,赛雷话车,2025-06-06 10:18:32,1373432,2163,1,智驾圈的黄埔军校？百度智驾为啥起了大早，赶了晚集,30344021798,2.78200,1,25,16777215,2025-06-25 16:34:27,1750840467,0,cf72a2fa,1876944897299604224,狗改不了那啥
BV1dpTKzjE2i,114634002533526,智驾圈的黄埔军校？百度智驾为啥起了大早，赶了晚集,赛雷话车,2025-06-06 10:18:32,1373432,2163,1,智驾圈的黄埔军校？百度智驾为啥起了大早，赶了晚集,30344021798,347.89900,1,25,16777215,2025-06-25 09:12:18,1750813938,0,ba353113,1876722351262351360,重庆在永川的，主城没得
BV1dpTKzjE2i,114634002533526,智驾圈的黄埔军校？百度智驾为啥起了大早，赶了晚集,赛雷话车,2025-06-06 10:18:32,1373432,2163,1,智驾圈的黄埔军校？百度智驾为啥起了大早，赶了晚集,30344021798,255.10700,5,25,16777215,2025-06-25 08:55:26,1750812926,0,a74219fa,1876713863508959232,汽车人（
BV1dpTKzjE2i,114634002533526,智驾圈的黄埔军校？百度智驾为啥起了大早，赶了晚集,赛雷话车,2025-06-06 10:18:32,1373432,2163,1,智驾圈的黄埔军校？百度智驾为啥起了大早，赶了晚集,30344021798,15.24800,1,25,16777215,2025-06-24 22:31:01,1750775461,0,f68ee268,1876399587581785600,我用的缺德倒是语音放广告，其他没啥影响。
BV1dpTKzjE2i,114634002533526,智驾圈的黄埔军校？百度智驾为啥起了大早，赶了晚集,赛雷话车,2025-06-06 10:18:32,1373432,2163,1,智驾圈的黄埔军校？百度智驾为啥起了大早，赶了晚集,30344021798,261.89200,1,25,16777215,2025-06-24 19:01:31,1750762891,0,a2a915c2,1876294138291887360,自动导航莆田系
BV1dpTKzjE2i,114634002533526,智驾圈的黄埔军校？百度智驾为啥起了大早，赶了晚集,赛雷话车,2025-06-06 10:18:32,1373432,2163,1,智驾圈的黄埔军校？百度智驾为啥起了大早，赶了晚集,30344021798,239.91100,1,25,16777215,2025-06-24 17:56:54,1750759014,0,8db765be,1876261619618136832,分赃不均
BV1dpTKzjE2i,114634002533526,智驾圈的黄埔军校？百度智驾为啥起了大早，赶了晚集,赛雷话车,2025-06-06 10:18:32,1373432,2163,1,智驾圈的黄埔军校？百度智驾为啥起了大早，赶了晚集,30344021798,140.48900,1,25,16777215,2025-06-24 17:55:15,1750758915,0,8db765be,1876260785689736704,拍马屁的留下来了，不会拍的出走了
BV1dpTKzjE2i,114634002533526,智驾圈的黄埔军校？百度智驾为啥起了大早，赶了晚集,赛雷话车,2025-06-06 10:18:32,1373432,2163,1,智驾圈的黄埔军校？百度智驾为啥起了大早，赶了晚集,30344021798,31.60300,1,25,16777215,2025-06-24 17:53:08,1750758788,0,8db765be,1876259725604706304,因为拍马屁的人太多了
BV1dpTKzjE2i,114634002533526,智驾圈的黄埔军校？百度智驾为啥起了大早，赶了晚集,赛雷话车,2025-06-06 10:18:32,1373432,2163,1,智驾圈的黄埔军校？百度智驾为啥起了大早，赶了晚集,30344021798,61.84000,1,25,16777215,2025-06-24 14:29:01,1750746541,0,5b1c4f65,1876156986547222528,小米用5E就搞定了自动驾驶。
BV1dpTKzjE2i,114634002533526,智驾圈的黄埔军校？百度智驾为啥起了大早，赶了晚集,赛雷话车,2025-06-06 10:18:32,1373432,2163,1,智驾圈的黄埔军校？百度智驾为啥起了大早，赶了晚集,30344021798,266.04300,1,25,16777215,2025-06-24 14:19:24,1750745964,0,6203f743,1876152144810929920,唯一真神
BV1dpTKzjE2i,114634002533526,智驾圈的黄埔军校？百度智驾为啥起了大早，赶了晚集,赛雷话车,2025-06-06 10:18:32,1373432,2163,1,智驾圈的黄埔军校？百度智驾为啥起了大早，赶了晚集,30344021798,296.43300,1,25,16777215,2025-06-24 14:14:05,1750745645,0,be615af0,1876149473978333184,于玉菊
BV1dpTKzjE2i,114634002533526,智驾圈的黄埔军校？百度智驾为啥起了大早，赶了晚集,赛雷话车,2025-06-06 10:18:32,1373432,2163,1,智驾圈的黄埔军校？百度智驾为啥起了大早，赶了晚集,30344021798,47.65900,1,25,16777215,2025-06-24 09:07:30,1750727250,0,eded3214,1875995162975767808,超级多广告翻十页八页还是广告
BV1dpTKzjE2i,114634002533526,智驾圈的黄埔军校？百度智驾为啥起了大早，赶了晚集,赛雷话车,2025-06-06 10:18:32,1373432,2163,1,智驾圈的黄埔军校？百度智驾为啥起了大早，赶了晚集,30344021798,5.72600,1,25,16777215,2025-06-24 07:52:38,1750722758,0,2dccca81,1875957477448311296,白嫖地图  这种合理广告都忍不了   什么人啊
BV1dpTKzjE2i,114634002533526,智驾圈的黄埔军校？百度智驾为啥起了大早，赶了晚集,赛雷话车,2025-06-06 10:18:32,1373432,2163,1,智驾圈的黄埔军校？百度智驾为啥起了大早，赶了晚集,30344021798,31.54600,1,25,16777215,2025-06-23 20:33:31,1750682011,0,c15e6718,1875615671509959168,你不做有的是人想做
BV1dpTKzjE2i,114634002533526,智驾圈的黄埔军校？百度智驾为啥起了大早，赶了晚集,赛雷话车,2025-06-06 10:18:32,1373432,2163,1,智驾圈的黄埔军校？百度智驾为啥起了大早，赶了晚集,30344021798,244.98000,1,25,16777215,2025-06-23 15:44:46,1750664686,0,d55ec500,1875470339681781248,集度和极越属于是双胞胎
BV1dpTKzjE2i,114634002533526,智驾圈的黄埔军校？百度智驾为啥起了大早，赶了晚集,赛雷话车,2025-06-06 10:18:32,1373432,2163,1,智驾圈的黄埔军校？百度智驾为啥起了大早，赶了晚集,30344021798,401.19600,1,25,16777215,2025-06-23 10:48:52,1750646932,0,2a11efc4,1875321407354358272,大华地魔
BV1dpTKzjE2i,114634002533526,智驾圈的黄埔军校？百度智驾为啥起了大早，赶了晚集,赛雷话车,2025-06-06 10:18:32,1373432,2163,1,智驾圈的黄埔军校？百度智驾为啥起了大早，赶了晚集,30344021798,101.56200,1,25,16777215,2025-06-23 09:56:02,1750643762,0,9fe4b4f1,1875294810190281472,l3都没开放，就l4了
BV1dpTKzjE2i,114634002533526,智驾圈的黄埔军校？百度智驾为啥起了大早，赶了晚集,赛雷话车,2025-06-06 10:18:32,1373432,2163,1,智驾圈的黄埔军校？百度智驾为啥起了大早，赶了晚集,30344021798,25.08800,1,25,16777215,2025-06-22 23:30:28,1750606228,0,b52e14e9,1874979954870660096,高德：？？？
BV1dpTKzjE2i,114634002533526,智驾圈的黄埔军校？百度智驾为啥起了大早，赶了晚集,赛雷话车,2025-06-06 10:18:32,1373432,2163,1,智驾圈的黄埔军校？百度智驾为啥起了大早，赶了晚集,30344021798,0.93200,5,25,16707842,2025-06-22 21:57:35,1750600655,0,1fd6cbea,1874933207883886848,高德这招太狠了
BV1dpTKzjE2i,114634002533526,智驾圈的黄埔军校？百度智驾为啥起了大早，赶了晚集,赛雷话车,2025-06-06 10:18:32,1373432,2163,1,智驾圈的黄埔军校？百度智驾为啥起了大早，赶了晚集,30344021798,17.12400,1,25,16777215,2025-06-22 21:20:11,1750598411,0,5fbf0d52,1874914379737486080,高德也有车道级广告，还有插播语音广告
BV1dpTKzjE2i,114634002533526,智驾圈的黄埔军校？百度智驾为啥起了大早，赶了晚集,赛雷话车,2025-06-06 10:18:32,1373432,2163,1,智驾圈的黄埔军校？百度智驾为啥起了大早，赶了晚集,30344021798,127.03200,1,25,16777215,2025-06-22 20:03:20,1750593800,0,63061393,1874875703263345152,留不住人才？
BV1dpTKzjE2i,114634002533526,智驾圈的黄埔军校？百度智驾为啥起了大早，赶了晚集,赛雷话车,2025-06-06 10:18:32,1373432,2163,1,智驾圈的黄埔军校？百度智驾为啥起了大早，赶了晚集,30344021798,0.49900,1,25,16777215,2025-06-22 11:46:57,1750564017,0,3090e1bc,1874625860796237824,要命的东西就别搞了吧
BV1dpTKzjE2i,114634002533526,智驾圈的黄埔军校？百度智驾为啥起了大早，赶了晚集,赛雷话车,2025-06-06 10:18:32,1373432,2163,1,智驾圈的黄埔军校？百度智驾为啥起了大早，赶了晚集,30344021798,432.38400,1,25,16777215,2025-06-22 10:07:20,1750558040,0,954c2e8f,1874575727119397120,智驾方案，地大华魔只能是四小龙，未来双巨头是比亚迪和特斯拉，再牛逼的算法再多的技术工程师，也比不上海量的驾驶数据
BV1dpTKzjE2i,114634002533526,智驾圈的黄埔军校？百度智驾为啥起了大早，赶了晚集,赛雷话车,2025-06-06 10:18:32,1373432,2163,1,智驾圈的黄埔军校？百度智驾为啥起了大早，赶了晚集,30344021798,19.89600,1,25,15138834,2025-06-22 08:54:40,1750553680,0,97224ee7,1874539150020349696,你不做导航 有的是人做
BV1dpTKzjE2i,114634002533526,智驾圈的黄埔军校？百度智驾为啥起了大早，赶了晚集,赛雷话车,2025-06-06 10:18:32,1373432,2163,1,智驾圈的黄埔军校？百度智驾为啥起了大早，赶了晚集,30344021798,338.02300,1,25,16777215,2025-06-22 00:33:53,1750523633,0,551cd27f,1874287101290470400,重庆的在永川
BV1dpTKzjE2i,114634002533526,智驾圈的黄埔军校？百度智驾为啥起了大早，赶了晚集,赛雷话车,2025-06-06 10:18:32,1373432,2163,1,智驾圈的黄埔军校？百度智驾为啥起了大早，赶了晚集,30344021798,32.62100,1,25,16777215,2025-06-21 23:12:37,1750518757,0,386215f7,1874246196768380416,高德没广告?都瞎了？
BV1dpTKzjE2i,114634002533526,智驾圈的黄埔军校？百度智驾为啥起了大早，赶了晚集,赛雷话车,2025-06-06 10:18:32,1373432,2163,1,智驾圈的黄埔军校？百度智驾为啥起了大早，赶了晚集,30344021798,166.25100,1,25,16777215,2025-06-21 23:05:03,1750518303,0,ed77309e,1874242387065585152,直接说结论：李彦宏不行
BV1dpTKzjE2i,114634002533526,智驾圈的黄埔军校？百度智驾为啥起了大早，赶了晚集,赛雷话车,2025-06-06 10:18:32,1373432,2163,1,智驾圈的黄埔军校？百度智驾为啥起了大早，赶了晚集,30344021798,9.02500,1,25,16777215,2025-06-21 20:01:21,1750507281,0,8ee8afe2,1874149931167129088,天才
BV1dpTKzjE2i,114634002533526,智驾圈的黄埔军校？百度智驾为啥起了大早，赶了晚集,赛雷话车,2025-06-06 10:18:32,1373432,2163,1,智驾圈的黄埔军校？百度智驾为啥起了大早，赶了晚集,30344021798,406.57300,1,25,16777215,2025-06-21 19:59:55,1750507195,0,7d0b02e4,1874149207129277184,第一梯队的我米呢？
BV1dpTKzjE2i,114634002533526,智驾圈的黄埔军校？百度智驾为啥起了大早，赶了晚集,赛雷话车,2025-06-06 10:18:32,1373432,2163,1,智驾圈的黄埔军校？百度智驾为啥起了大早，赶了晚集,30344021798,346.65500,1,25,16777215,2025-06-21 19:18:27,1750504707,0,ee6cb4e1,1874128340181463808,武汉老多了
BV1dpTKzjE2i,114634002533526,智驾圈的黄埔军校？百度智驾为啥起了大早，赶了晚集,赛雷话车,2025-06-06 10:18:32,1373432,2163,1,智驾圈的黄埔军校？百度智驾为啥起了大早，赶了晚集,30344021798,407.78700,1,25,16777215,2025-06-21 13:02:19,1750482139,0,7f1a72df,1873939023828071936,2030年之前不会有L3，我说的，除非把L3标准改了
BV1dpTKzjE2i,114634002533526,智驾圈的黄埔军校？百度智驾为啥起了大早，赶了晚集,赛雷话车,2025-06-06 10:18:32,1373432,2163,1,智驾圈的黄埔军校？百度智驾为啥起了大早，赶了晚集,30344021798,10.78700,1,25,16777215,2025-06-20 21:32:47,1750426367,0,600a8570,1873471169634609408,高德也有
BV1dpTKzjE2i,114634002533526,智驾圈的黄埔军校？百度智驾为啥起了大早，赶了晚集,赛雷话车,2025-06-06 10:18:32,1373432,2163,1,智驾圈的黄埔军校？百度智驾为啥起了大早，赶了晚集,30344021798,101.45900,1,25,16777215,2025-06-20 21:27:58,1750426078,0,b09f2eff,1873468750880318976,就是L4
BV1dpTKzjE2i,114634002533526,智驾圈的黄埔军校？百度智驾为啥起了大早，赶了晚集,赛雷话车,2025-06-06 10:18:32,1373432,2163,1,智驾圈的黄埔军校？百度智驾为啥起了大早，赶了晚集,30344021798,201.76800,1,25,16777215,2025-06-20 05:34:42,1750368882,0,d8cd4a74,1872988957332144384,玩不过 滴滴
BV1dpTKzjE2i,114634002533526,智驾圈的黄埔军校？百度智驾为啥起了大早，赶了晚集,赛雷话车,2025-06-06 10:18:32,1373432,2163,1,智驾圈的黄埔军校？百度智驾为啥起了大早，赶了晚集,30344021798,411.63400,1,25,16777215,2025-06-19 13:01:01,1750309261,0,2dc266a4,1872488813239617280,马太效应明显
BV1dpTKzjE2i,114634002533526,智驾圈的黄埔军校？百度智驾为啥起了大早，赶了晚集,赛雷话车,2025-06-06 10:18:32,1373432,2163,1,智驾圈的黄埔军校？百度智驾为啥起了大早，赶了晚集,30344021798,365.88500,1,25,16777215,2025-06-19 13:00:00,1750309200,0,2dc266a4,1872488305905008384,萝卜没变成公厕就不错了
BV1dpTKzjE2i,114634002533526,智驾圈的黄埔军校？百度智驾为啥起了大早，赶了晚集,赛雷话车,2025-06-06 10:18:32,1373432,2163,1,智驾圈的黄埔军校？百度智驾为啥起了大早，赶了晚集,30344021798,53.48100,1,25,16777215,2025-06-18 21:40:23,1750254023,0,fc2d6cf9,1872025445902627072,不倒闭天理难容
BV1dpTKzjE2i,114634002533526,智驾圈的黄埔军校？百度智驾为啥起了大早，赶了晚集,赛雷话车,2025-06-06 10:18:32,1373432,2163,1,智驾圈的黄埔军校？百度智驾为啥起了大早，赶了晚集,30344021798,178.81900,1,25,16777215,2025-06-18 19:12:54,1750245174,0,2c47c76,1871951213609257216,既然我本来就要跳槽走人的，竟业协议不签耐我何
BV1dpTKzjE2i,114634002533526,智驾圈的黄埔军校？百度智驾为啥起了大早，赶了晚集,赛雷话车,2025-06-06 10:18:32,1373432,2163,1,智驾圈的黄埔军校？百度智驾为啥起了大早，赶了晚集,30344021798,396.69700,1,25,9033215,2025-06-18 18:21:40,1750242100,0,464b6ecf,1871925428731098624,那个什么L4就算了吧，后台一个人管三台车，后台不放人分分钟造成大拥堵
BV1dpTKzjE2i,114634002533526,智驾圈的黄埔军校？百度智驾为啥起了大早，赶了晚集,赛雷话车,2025-06-06 10:18:32,1373432,2163,1,智驾圈的黄埔军校？百度智驾为啥起了大早，赶了晚集,30344021798,62.99200,1,25,16777215,2025-06-18 12:20:20,1750220420,0,51c5143d,1871743563239929856,谷歌没广告看笑了，意淫出来的么
BV1dpTKzjE2i,114634002533526,智驾圈的黄埔军校？百度智驾为啥起了大早，赶了晚集,赛雷话车,2025-06-06 10:18:32,1373432,2163,1,智驾圈的黄埔军校？百度智驾为啥起了大早，赶了晚集,30344021798,45.88000,1,25,16777215,2025-06-18 12:01:52,1750219312,0,ab10e7f3,1871734272117876480,高德也有广告啊，东鹏特饮的口播广告
BV1dpTKzjE2i,114634002533526,智驾圈的黄埔军校？百度智驾为啥起了大早，赶了晚集,赛雷话车,2025-06-06 10:18:32,1373432,2163,1,智驾圈的黄埔军校？百度智驾为啥起了大早，赶了晚集,30344021798,162.27400,1,25,16777215,2025-06-18 10:54:48,1750215288,0,8b515bb7,1871700510135439616,黄埔军校了
BV1dpTKzjE2i,114634002533526,智驾圈的黄埔军校？百度智驾为啥起了大早，赶了晚集,赛雷话车,2025-06-06 10:18:32,1373432,2163,1,智驾圈的黄埔军校？百度智驾为啥起了大早，赶了晚集,30344021798,96.82900,1,25,16777215,2025-06-18 07:49:03,1750204143,0,50654c20,1871607018905881344,l4法规都没出呢
BV1dpTKzjE2i,114634002533526,智驾圈的黄埔军校？百度智驾为啥起了大早，赶了晚集,赛雷话车,2025-06-06 10:18:32,1373432,2163,1,智驾圈的黄埔军校？百度智驾为啥起了大早，赶了晚集,30344021798,163.12500,1,25,16777215,2025-06-18 05:15:55,1750194955,0,844e59b2,1871529947345156608,离开这么多，没一个做成的，说明都是垃圾
BV1dpTKzjE2i,114634002533526,智驾圈的黄埔军校？百度智驾为啥起了大早，赶了晚集,赛雷话车,2025-06-06 10:18:32,1373432,2163,1,智驾圈的黄埔军校？百度智驾为啥起了大早，赶了晚集,30344021798,99.42300,5,25,16777215,2025-06-17 17:58:16,1750154296,0,4541573d,1871188874891107328,成本太高，和waymo一个路线
BV1dpTKzjE2i,114634002533526,智驾圈的黄埔军校？百度智驾为啥起了大早，赶了晚集,赛雷话车,2025-06-06 10:18:32,1373432,2163,1,智驾圈的黄埔军校？百度智驾为啥起了大早，赶了晚集,30344021798,163.65700,1,25,16777215,2025-06-17 17:57:31,1750154251,0,4b22fb87,1871188500540989952,那么问题来了，聚是什么？
BV1dpTKzjE2i,114634002533526,智驾圈的黄埔军校？百度智驾为啥起了大早，赶了晚集,赛雷话车,2025-06-06 10:18:32,1373432,2163,1,智驾圈的黄埔军校？百度智驾为啥起了大早，赶了晚集,30344021798,23.78400,1,25,16777215,2025-06-17 13:29:35,1750138175,0,cbb47f30,1871053647283079680,已卸载
BV1dpTKzjE2i,114634002533526,智驾圈的黄埔军校？百度智驾为啥起了大早，赶了晚集,赛雷话车,2025-06-06 10:18:32,1373432,2163,1,智驾圈的黄埔军校？百度智驾为啥起了大早，赶了晚集,30344021798,331.34700,1,25,16777215,2025-06-17 12:54:58,1750136098,0,891c17b5,1871036223767322112,生不逢时
BV1dpTKzjE2i,114634002533526,智驾圈的黄埔军校？百度智驾为啥起了大早，赶了晚集,赛雷话车,2025-06-06 10:18:32,1373432,2163,1,智驾圈的黄埔军校？百度智驾为啥起了大早，赶了晚集,30344021798,212.01600,1,25,16777215,2025-06-17 07:42:52,1750117372,0,3797a99e,1870879137124670976,基本上全转投华为啦，bba也是投华了
BV1dpTKzjE2i,114634002533526,智驾圈的黄埔军校？百度智驾为啥起了大早，赶了晚集,赛雷话车,2025-06-06 10:18:32,1373432,2163,1,智驾圈的黄埔军校？百度智驾为啥起了大早，赶了晚集,30344021798,7.77000,5,25,16707842,2025-06-17 05:29:21,1750109361,0,60811560,1870811930331976960,遥遥领先
BV1dpTKzjE2i,114634002533526,智驾圈的黄埔军校？百度智驾为啥起了大早，赶了晚集,赛雷话车,2025-06-06 10:18:32,1373432,2163,1,智驾圈的黄埔军校？百度智驾为啥起了大早，赶了晚集,30344021798,109.99600,1,25,16777215,2025-06-16 22:17:29,1750083449,0,73fe44c2,1870594563950025984,取名也跟大伙格格不入
BV1dpTKzjE2i,114634002533526,智驾圈的黄埔军校？百度智驾为啥起了大早，赶了晚集,赛雷话车,2025-06-06 10:18:32,1373432,2163,1,智驾圈的黄埔军校？百度智驾为啥起了大早，赶了晚集,30344021798,333.74100,1,25,16777215,2025-06-16 21:18:15,1750079895,0,deac434f,1870564753488304384,找度小满阿
BV1dpTKzjE2i,114634002533526,智驾圈的黄埔军校？百度智驾为啥起了大早，赶了晚集,赛雷话车,2025-06-06 10:18:32,1373432,2163,1,智驾圈的黄埔军校？百度智驾为啥起了大早，赶了晚集,30344021798,228.67000,1,25,16777215,2025-06-16 20:15:08,1750076108,0,9a50152e,1870532988187068928,软三金海豚广场，我住楼上
BV1dpTKzjE2i,114634002533526,智驾圈的黄埔军校？百度智驾为啥起了大早，赶了晚集,赛雷话车,2025-06-06 10:18:32,1373432,2163,1,智驾圈的黄埔军校？百度智驾为啥起了大早，赶了晚集,30344021798,307.07500,1,25,16777215,2025-06-16 15:13:42,1750058022,0,7bb0de82,1870381271420067840,极越啊，那没事了
BV1dpTKzjE2i,114634002533526,智驾圈的黄埔军校？百度智驾为啥起了大早，赶了晚集,赛雷话车,2025-06-06 10:18:32,1373432,2163,1,智驾圈的黄埔军校？百度智驾为啥起了大早，赶了晚集,30344021798,20.69900,5,25,16777215,2025-06-16 15:08:19,1750057699,0,7bb0de82,1870378559953586432,幽默
BV1dpTKzjE2i,114634002533526,智驾圈的黄埔军校？百度智驾为啥起了大早，赶了晚集,赛雷话车,2025-06-06 10:18:32,1373432,2163,1,智驾圈的黄埔军校？百度智驾为啥起了大早，赶了晚集,30344021798,354.60500,1,25,16777215,2025-06-16 15:05:30,1750057530,0,c5cfd6c5,1870377144207664640,狗都不坐
BV1dpTKzjE2i,114634002533526,智驾圈的黄埔军校？百度智驾为啥起了大早，赶了晚集,赛雷话车,2025-06-06 10:18:32,1373432,2163,1,智驾圈的黄埔军校？百度智驾为啥起了大早，赶了晚集,30344021798,398.59700,1,25,16777215,2025-06-16 14:12:50,1750054370,0,2c9ac268,1870350639394302464,别内涵小米suuuuuuu7了
BV1dpTKzjE2i,114634002533526,智驾圈的黄埔军校？百度智驾为啥起了大早，赶了晚集,赛雷话车,2025-06-06 10:18:32,1373432,2163,1,智驾圈的黄埔军校？百度智驾为啥起了大早，赶了晚集,30344021798,374.71700,1,25,16777215,2025-06-16 13:29:49,1750051789,0,324c0147,1870328984228264192,出租车早该退出市场了，服务态度那叫一个差，差了30年，即使现在还是一如既往的差
BV1dpTKzjE2i,114634002533526,智驾圈的黄埔军校？百度智驾为啥起了大早，赶了晚集,赛雷话车,2025-06-06 10:18:32,1373432,2163,1,智驾圈的黄埔军校？百度智驾为啥起了大早，赶了晚集,30344021798,37.06000,5,25,41194,2025-06-16 12:05:16,1750046716,0,d05d646e,1870286425523090944,极越哈哈哈
BV1dpTKzjE2i,114634002533526,智驾圈的黄埔军校？百度智驾为啥起了大早，赶了晚集,赛雷话车,2025-06-06 10:18:32,1373432,2163,1,智驾圈的黄埔军校？百度智驾为啥起了大早，赶了晚集,30344021798,40.85900,1,25,16777215,2025-06-16 10:28:11,1750040891,0,1653d508,1870237568911162624,售卖公民信息还不够赚吗
BV1dpTKzjE2i,114634002533526,智驾圈的黄埔军校？百度智驾为啥起了大早，赶了晚集,赛雷话车,2025-06-06 10:18:32,1373432,2163,1,智驾圈的黄埔军校？百度智驾为啥起了大早，赶了晚集,30344021798,117.82500,1,25,16777215,2025-06-16 09:12:47,1750036367,0,a1e39b40,1870199615149089280,优势在我
BV1dpTKzjE2i,114634002533526,智驾圈的黄埔军校？百度智驾为啥起了大早，赶了晚集,赛雷话车,2025-06-06 10:18:32,1373432,2163,1,智驾圈的黄埔军校？百度智驾为啥起了大早，赶了晚集,30344021798,361.43300,1,25,16777215,2025-06-16 00:30:16,1750005016,0,4d40f9c6,1869936624226862592,冒生命危险帮测智架，还倒贴40块？
BV1dpTKzjE2i,114634002533526,智驾圈的黄埔军校？百度智驾为啥起了大早，赶了晚集,赛雷话车,2025-06-06 10:18:32,1373432,2163,1,智驾圈的黄埔军校？百度智驾为啥起了大早，赶了晚集,30344021798,195.32600,1,25,16777215,2025-06-15 21:15:56,1749993356,0,f0b0cc65,1869838811505548288,任何新技术的发展的最早选手往往都不能最后摘到果实。
BV1dpTKzjE2i,114634002533526,智驾圈的黄埔军校？百度智驾为啥起了大早，赶了晚集,赛雷话车,2025-06-06 10:18:32,1373432,2163,1,智驾圈的黄埔军校？百度智驾为啥起了大早，赶了晚集,30344021798,235.73100,1,25,16777215,2025-06-15 15:56:02,1749974162,0,a55f7e46,1869677799037153280,一个卖假药的有什么前途
BV1dpTKzjE2i,114634002533526,智驾圈的黄埔军校？百度智驾为啥起了大早，赶了晚集,赛雷话车,2025-06-06 10:18:32,1373432,2163,1,智驾圈的黄埔军校？百度智驾为啥起了大早，赶了晚集,30344021798,238.37400,1,25,16777215,2025-06-15 13:52:27,1749966747,0,6c143615,1869615604194018048,极越汽车
BV1dpTKzjE2i,114634002533526,智驾圈的黄埔军校？百度智驾为啥起了大早，赶了晚集,赛雷话车,2025-06-06 10:18:32,1373432,2163,1,智驾圈的黄埔军校？百度智驾为啥起了大早，赶了晚集,30344021798,358.16200,1,25,16777215,2025-06-15 13:10:49,1749964249,0,8051ce7c,1869594647178466560,有点尬黑
BV1dpTKzjE2i,114634002533526,智驾圈的黄埔军校？百度智驾为啥起了大早，赶了晚集,赛雷话车,2025-06-06 10:18:32,1373432,2163,1,智驾圈的黄埔军校？百度智驾为啥起了大早，赶了晚集,30344021798,32.65600,1,25,16777215,2025-06-15 13:04:19,1749963859,0,a77a0e10,1869591378666215680,不少？不是全塌？
BV1dpTKzjE2i,114634002533526,智驾圈的黄埔军校？百度智驾为啥起了大早，赶了晚集,赛雷话车,2025-06-06 10:18:32,1373432,2163,1,智驾圈的黄埔军校？百度智驾为啥起了大早，赶了晚集,30344021798,45.35400,1,25,16777215,2025-06-15 12:20:17,1749961217,0,8bc2798d,1869569207667282944,大公司病，每次决策都是最早最准的，中层管理臃肿实施时就发现尾大不掉
BV1dpTKzjE2i,114634002533526,智驾圈的黄埔军校？百度智驾为啥起了大早，赶了晚集,赛雷话车,2025-06-06 10:18:32,1373432,2163,1,智驾圈的黄埔军校？百度智驾为啥起了大早，赶了晚集,30344021798,48.33800,1,25,16707842,2025-06-14 19:02:56,1749898976,0,d06379c1,1869047096846782720,1500亿？说少了应该是1.5万亿吧
BV1dpTKzjE2i,114634002533526,智驾圈的黄埔军校？百度智驾为啥起了大早，赶了晚集,赛雷话车,2025-06-06 10:18:32,1373432,2163,1,智驾圈的黄埔军校？百度智驾为啥起了大早，赶了晚集,30344021798,415.65900,1,25,16777215,2025-06-14 16:14:25,1749888865,0,efb159a6,1868962277441527040,华为算了？神金
BV1dpTKzjE2i,114634002533526,智驾圈的黄埔军校？百度智驾为啥起了大早，赶了晚集,赛雷话车,2025-06-06 10:18:32,1373432,2163,1,智驾圈的黄埔军校？百度智驾为啥起了大早，赶了晚集,30344021798,43.70000,1,25,16777215,2025-06-13 20:48:15,1749818895,0,2d55ac9f,1868375331279903488,高利贷 一年两万亿
BV1dpTKzjE2i,114634002533526,智驾圈的黄埔军校？百度智驾为啥起了大早，赶了晚集,赛雷话车,2025-06-06 10:18:32,1373432,2163,1,智驾圈的黄埔军校？百度智驾为啥起了大早，赶了晚集,30344021798,24.83900,1,25,16777215,2025-06-13 12:27:52,1749788872,0,478b71fe,1868123479136634880,李彦宏上大号
BV1dpTKzjE2i,114634002533526,智驾圈的黄埔军校？百度智驾为啥起了大早，赶了晚集,赛雷话车,2025-06-06 10:18:32,1373432,2163,1,智驾圈的黄埔军校？百度智驾为啥起了大早，赶了晚集,30344021798,158.02000,1,25,16777215,2025-06-13 12:10:42,1749787842,0,541b685d,1868114836605526528,别再叠buff了，直接说结论吧
BV1dpTKzjE2i,114634002533526,智驾圈的黄埔军校？百度智驾为啥起了大早，赶了晚集,赛雷话车,2025-06-06 10:18:32,1373432,2163,1,智驾圈的黄埔军校？百度智驾为啥起了大早，赶了晚集,30344021798,55.93500,1,25,16777215,2025-06-13 11:57:14,1749787034,0,6800a28c,1868108062217923072,前面的，500亿给华为可以研究出饱和式营销2.0，加大攻击友商力度
BV1dpTKzjE2i,114634002533526,智驾圈的黄埔军校？百度智驾为啥起了大早，赶了晚集,赛雷话车,2025-06-06 10:18:32,1373432,2163,1,智驾圈的黄埔军校？百度智驾为啥起了大早，赶了晚集,30344021798,25.58000,1,25,16776960,2025-06-12 21:24:45,1749734685,0,9e3f6d52,1867668922724673024,感恩吧 人家没在导航卖假药就不错了
BV1dpTKzjE2i,114634002533526,智驾圈的黄埔军校？百度智驾为啥起了大早，赶了晚集,赛雷话车,2025-06-06 10:18:32,1373432,2163,1,智驾圈的黄埔军校？百度智驾为啥起了大早，赶了晚集,30344021798,88.98000,1,25,16777215,2025-06-12 21:12:08,1749733928,0,deb02c90,1867662575694031360,真敢吹啊
BV1dpTKzjE2i,114634002533526,智驾圈的黄埔军校？百度智驾为啥起了大早，赶了晚集,赛雷话车,2025-06-06 10:18:32,1373432,2163,1,智驾圈的黄埔军校？百度智驾为啥起了大早，赶了晚集,30344021798,403.70600,1,25,16777215,2025-06-12 20:43:39,1749732219,0,6c40c018,1867648238246071552,不用华为任何东西
BV1dpTKzjE2i,114634002533526,智驾圈的黄埔军校？百度智驾为啥起了大早，赶了晚集,赛雷话车,2025-06-06 10:18:32,1373432,2163,1,智驾圈的黄埔军校？百度智驾为啥起了大早，赶了晚集,30344021798,362.27100,1,25,16777215,2025-06-12 20:42:31,1749732151,0,6c40c018,1867647669615984128,但愿北京能有，想试试
BV1dpTKzjE2i,114634002533526,智驾圈的黄埔军校？百度智驾为啥起了大早，赶了晚集,赛雷话车,2025-06-06 10:18:32,1373432,2163,1,智驾圈的黄埔军校？百度智驾为啥起了大早，赶了晚集,30344021798,345.11100,1,25,16777215,2025-06-12 20:41:56,1749732116,0,6c40c018,1867647376484337920,素质不行，导致路况不可控
BV1dpTKzjE2i,114634002533526,智驾圈的黄埔军校？百度智驾为啥起了大早，赶了晚集,赛雷话车,2025-06-06 10:18:32,1373432,2163,1,智驾圈的黄埔军校？百度智驾为啥起了大早，赶了晚集,30344021798,103.11300,1,25,16777215,2025-06-12 20:37:39,1749731859,0,6c40c018,1867645216736457216,整体素质不行，无人推广不起来
BV1dpTKzjE2i,114634002533526,智驾圈的黄埔军校？百度智驾为啥起了大早，赶了晚集,赛雷话车,2025-06-06 10:18:32,1373432,2163,1,智驾圈的黄埔军校？百度智驾为啥起了大早，赶了晚集,30344021798,27.36800,1,25,16777215,2025-06-12 20:25:22,1749731122,0,58bb7097,1867639038895729408,经典ip
BV1dpTKzjE2i,114634002533526,智驾圈的黄埔军校？百度智驾为啥起了大早，赶了晚集,赛雷话车,2025-06-06 10:18:32,1373432,2163,1,智驾圈的黄埔军校？百度智驾为啥起了大早，赶了晚集,30344021798,225.10700,1,25,16777215,2025-06-12 19:07:21,1749726441,0,a94910c2,1867599769808022016,byd的腾势把奔驰踢出去后就起飞了，这就是差距
BV1dpTKzjE2i,114634002533526,智驾圈的黄埔军校？百度智驾为啥起了大早，赶了晚集,赛雷话车,2025-06-06 10:18:32,1373432,2163,1,智驾圈的黄埔军校？百度智驾为啥起了大早，赶了晚集,30344021798,209.05400,1,25,16777215,2025-06-12 15:46:38,1749714398,0,83b4625c,1867498744493903360,.
BV1dpTKzjE2i,114634002533526,智驾圈的黄埔军校？百度智驾为啥起了大早，赶了晚集,赛雷话车,2025-06-06 10:18:32,1373432,2163,1,智驾圈的黄埔军校？百度智驾为啥起了大早，赶了晚集,30344021798,117.46900,1,25,16777215,2025-06-12 14:34:39,1749710079,0,a115323d,1867462510723009536,哈哈哈哈哈哈哈
BV1dpTKzjE2i,114634002533526,智驾圈的黄埔军校？百度智驾为啥起了大早，赶了晚集,赛雷话车,2025-06-06 10:18:32,1373432,2163,1,智驾圈的黄埔军校？百度智驾为啥起了大早，赶了晚集,30344021798,327.27700,1,25,16777215,2025-06-12 13:25:51,1749705951,0,2e6e6c2a,1867427888220011264,找度小满贷款
BV1dpTKzjE2i,114634002533526,智驾圈的黄埔军校？百度智驾为啥起了大早，赶了晚集,赛雷话车,2025-06-06 10:18:32,1373432,2163,1,智驾圈的黄埔军校？百度智驾为啥起了大早，赶了晚集,30344021798,401.63000,1,25,15138834,2025-06-12 12:50:57,1749703857,0,9ade127d,1867410318163476736,鸿蒙智行
BV1dpTKzjE2i,114634002533526,智驾圈的黄埔军校？百度智驾为啥起了大早，赶了晚集,赛雷话车,2025-06-06 10:18:32,1373432,2163,1,智驾圈的黄埔军校？百度智驾为啥起了大早，赶了晚集,30344021798,127.72800,1,25,16777215,2025-06-12 11:55:58,1749700558,0,8bae0faa,1867382644372404992,广东人发现 汉字不够用 哈哈哈
BV1dpTKzjE2i,114634002533526,智驾圈的黄埔军校？百度智驾为啥起了大早，赶了晚集,赛雷话车,2025-06-06 10:18:32,1373432,2163,1,智驾圈的黄埔军校？百度智驾为啥起了大早，赶了晚集,30344021798,9.23600,1,25,16777215,2025-06-12 01:17:49,1749662269,0,d1ed60e1,1867061453220059392,重来不用车道及导航
BV1dpTKzjE2i,114634002533526,智驾圈的黄埔军校？百度智驾为啥起了大早，赶了晚集,赛雷话车,2025-06-06 10:18:32,1373432,2163,1,智驾圈的黄埔军校？百度智驾为啥起了大早，赶了晚集,30344021798,248.97100,1,25,16777215,2025-06-11 23:00:11,1749654011,0,811cacec,1866992183953883648,《达孜县》
BV1dpTKzjE2i,114634002533526,智驾圈的黄埔军校？百度智驾为啥起了大早，赶了晚集,赛雷话车,2025-06-06 10:18:32,1373432,2163,1,智驾圈的黄埔军校？百度智驾为啥起了大早，赶了晚集,30344021798,350.05500,1,25,16777215,2025-06-11 22:32:53,1749652373,0,76173f50,1866978438314055168,收费贵不是迫于网约车市场的压力吗？敢定骨折价就有人敢砸车
BV1dpTKzjE2i,114634002533526,智驾圈的黄埔军校？百度智驾为啥起了大早，赶了晚集,赛雷话车,2025-06-06 10:18:32,1373432,2163,1,智驾圈的黄埔军校？百度智驾为啥起了大早，赶了晚集,30344021798,333.33100,1,25,16777215,2025-06-11 21:56:39,1749650199,0,fdb28a5f,1866960201194725888,广州有吗？
BV1dpTKzjE2i,114634002533526,智驾圈的黄埔军校？百度智驾为啥起了大早，赶了晚集,赛雷话车,2025-06-06 10:18:32,1373432,2163,1,智驾圈的黄埔军校？百度智驾为啥起了大早，赶了晚集,30344021798,34.78000,5,25,16777215,2025-06-11 21:47:23,1749649643,0,7a503e2d,1866955539687680000,这1500亿怕不是平账了
BV1dpTKzjE2i,114634002533526,智驾圈的黄埔军校？百度智驾为啥起了大早，赶了晚集,赛雷话车,2025-06-06 10:18:32,1373432,2163,1,智驾圈的黄埔军校？百度智驾为啥起了大早，赶了晚集,30344021798,51.40300,1,25,16777215,2025-06-11 21:30:12,1749648612,0,2c61e7a6,1866946893415315456,烧还是洗
BV1dpTKzjE2i,114634002533526,智驾圈的黄埔军校？百度智驾为啥起了大早，赶了晚集,赛雷话车,2025-06-06 10:18:32,1373432,2163,1,智驾圈的黄埔军校？百度智驾为啥起了大早，赶了晚集,30344021798,390.31600,1,25,16777215,2025-06-11 20:48:39,1749646119,0,77824676,1866925976496298752,留不住人，说明管理问题很大，这种公司怎么可能行呢
BV1dpTKzjE2i,114634002533526,智驾圈的黄埔军校？百度智驾为啥起了大早，赶了晚集,赛雷话车,2025-06-06 10:18:32,1373432,2163,1,智驾圈的黄埔军校？百度智驾为啥起了大早，赶了晚集,30344021798,410.87200,1,25,16777215,2025-06-11 20:32:09,1749645129,0,acd99c94,1866917669408980224,不如小米
BV1dpTKzjE2i,114634002533526,智驾圈的黄埔军校？百度智驾为啥起了大早，赶了晚集,赛雷话车,2025-06-06 10:18:32,1373432,2163,1,智驾圈的黄埔军校？百度智驾为啥起了大早，赶了晚集,30344021798,33.81600,1,25,16777215,2025-06-11 15:45:27,1749627927,0,f7d502e0,1866773371049103872,你不做有的是人做
BV1dpTKzjE2i,114634002533526,智驾圈的黄埔军校？百度智驾为啥起了大早，赶了晚集,赛雷话车,2025-06-06 10:18:32,1373432,2163,1,智驾圈的黄埔军校？百度智驾为啥起了大早，赶了晚集,30344021798,4.05100,1,25,16707842,2025-06-11 14:31:12,1749623472,0,b01a1e1f,1866736003340367360,力帆 研究新能源车真的很早的整车厂 结果失败了 把拍照卖给理想后 理想就成功了 哈哈哈哈命呀
BV1dpTKzjE2i,114634002533526,智驾圈的黄埔军校？百度智驾为啥起了大早，赶了晚集,赛雷话车,2025-06-06 10:18:32,1373432,2163,1,智驾圈的黄埔军校？百度智驾为啥起了大早，赶了晚集,30344021798,427.05700,1,25,16777215,2025-06-11 14:28:21,1749623301,0,4abc34a4,1866734569886799872,萝卜快跑还是有点芍
BV1dpTKzjE2i,114634002533526,智驾圈的黄埔军校？百度智驾为啥起了大早，赶了晚集,赛雷话车,2025-06-06 10:18:32,1373432,2163,1,智驾圈的黄埔军校？百度智驾为啥起了大早，赶了晚集,30344021798,159.62900,1,25,16777215,2025-06-11 14:27:09,1749623229,0,af6d4889,1866733962525889280,pony？？？请来深圳南山一叙！！！
BV1dpTKzjE2i,114634002533526,智驾圈的黄埔军校？百度智驾为啥起了大早，赶了晚集,赛雷话车,2025-06-06 10:18:32,1373432,2163,1,智驾圈的黄埔军校？百度智驾为啥起了大早，赶了晚集,30344021798,112.54000,1,25,16777215,2025-06-11 14:14:10,1749622450,0,e871082a,1866727428815088128,不是互联网的广告嘛？
BV1dpTKzjE2i,114634002533526,智驾圈的黄埔军校？百度智驾为啥起了大早，赶了晚集,赛雷话车,2025-06-06 10:18:32,1373432,2163,1,智驾圈的黄埔军校？百度智驾为啥起了大早，赶了晚集,30344021798,349.77500,1,25,16777215,2025-06-11 13:08:11,1749618491,0,43329341,1866694220413902080,他明明可以直接抢钱
BV1dpTKzjE2i,114634002533526,智驾圈的黄埔军校？百度智驾为啥起了大早，赶了晚集,赛雷话车,2025-06-06 10:18:32,1373432,2163,1,智驾圈的黄埔军校？百度智驾为啥起了大早，赶了晚集,30344021798,167.19100,1,25,16777215,2025-06-11 13:05:12,1749618312,0,e16f1724,1866692718055450368,聚是一盘沙
BV1dpTKzjE2i,114634002533526,智驾圈的黄埔军校？百度智驾为啥起了大早，赶了晚集,赛雷话车,2025-06-06 10:18:32,1373432,2163,1,智驾圈的黄埔军校？百度智驾为啥起了大早，赶了晚集,30344021798,386.21500,5,25,15138834,2025-06-11 11:55:07,1749614107,0,6852f968,1866657441988010496,开没开始你也赶不上啊……
BV1dpTKzjE2i,114634002533526,智驾圈的黄埔军校？百度智驾为啥起了大早，赶了晚集,赛雷话车,2025-06-06 10:18:32,1373432,2163,1,智驾圈的黄埔军校？百度智驾为啥起了大早，赶了晚集,30344021798,200.30200,1,25,16777215,2025-06-11 09:19:09,1749604749,0,efb53f11,1866578937946516480,样样通样样松
BV1dpTKzjE2i,114634002533526,智驾圈的黄埔军校？百度智驾为啥起了大早，赶了晚集,赛雷话车,2025-06-06 10:18:32,1373432,2163,1,智驾圈的黄埔军校？百度智驾为啥起了大早，赶了晚集,30344021798,178.95200,1,25,16777215,2025-06-11 02:11:22,1749579082,0,bb33973e,1866363631454372864,商业化太差了
BV1dpTKzjE2i,114634002533526,智驾圈的黄埔军校？百度智驾为啥起了大早，赶了晚集,赛雷话车,2025-06-06 10:18:32,1373432,2163,1,智驾圈的黄埔军校？百度智驾为啥起了大早，赶了晚集,30344021798,106.22500,1,25,16777215,2025-06-11 02:10:09,1749579009,0,bb33973e,1866363018322550528,萝卜的硬件成本太高了
BV1dpTKzjE2i,114634002533526,智驾圈的黄埔军校？百度智驾为啥起了大早，赶了晚集,赛雷话车,2025-06-06 10:18:32,1373432,2163,1,智驾圈的黄埔军校？百度智驾为啥起了大早，赶了晚集,30344021798,6.64100,5,25,16777215,2025-06-11 00:52:47,1749574367,0,9233f389,1866324082984243968,赛博牛皮癣
BV1dpTKzjE2i,114634002533526,智驾圈的黄埔军校？百度智驾为啥起了大早，赶了晚集,赛雷话车,2025-06-06 10:18:32,1373432,2163,1,智驾圈的黄埔军校？百度智驾为啥起了大早，赶了晚集,30344021798,342.71400,1,25,16777215,2025-06-11 00:01:25,1749571285,0,fcd86577,1866298223917153792,武汉基本上全城除了最中心都可去
BV1dpTKzjE2i,114634002533526,智驾圈的黄埔军校？百度智驾为啥起了大早，赶了晚集,赛雷话车,2025-06-06 10:18:32,1373432,2163,1,智驾圈的黄埔军校？百度智驾为啥起了大早，赶了晚集,30344021798,258.90900,1,25,16777215,2025-06-10 23:59:54,1749571194,0,fcd86577,1866297458498679296,萝卜已经占领武汉
BV1dpTKzjE2i,114634002533526,智驾圈的黄埔军校？百度智驾为啥起了大早，赶了晚集,赛雷话车,2025-06-06 10:18:32,1373432,2163,1,智驾圈的黄埔军校？百度智驾为啥起了大早，赶了晚集,30344021798,192.91700,1,25,16777215,2025-06-10 23:59:15,1749571155,0,531dbb4b,1866297138640889344,广告太赚钱了，利益之争
BV1dpTKzjE2i,114634002533526,智驾圈的黄埔军校？百度智驾为啥起了大早，赶了晚集,赛雷话车,2025-06-06 10:18:32,1373432,2163,1,智驾圈的黄埔军校？百度智驾为啥起了大早，赶了晚集,30344021798,29.73300,1,25,16777215,2025-06-10 23:11:49,1749568309,0,bd968aa,1866273259243210240,不弹窗也无所谓
BV1dpTKzjE2i,114634002533526,智驾圈的黄埔军校？百度智驾为啥起了大早，赶了晚集,赛雷话车,2025-06-06 10:18:32,1373432,2163,1,智驾圈的黄埔军校？百度智驾为啥起了大早，赶了晚集,30344021798,425.80200,1,25,16777215,2025-06-10 22:44:41,1749566681,0,fd3c83a8,1866259600693940224,丰田的广告
BV1dpTKzjE2i,114634002533526,智驾圈的黄埔军校？百度智驾为啥起了大早，赶了晚集,赛雷话车,2025-06-06 10:18:32,1373432,2163,1,智驾圈的黄埔军校？百度智驾为啥起了大早，赶了晚集,30344021798,127.69000,1,25,16777215,2025-06-10 22:44:35,1749566675,0,fd3c83a8,1866259550001239808,丰田的广告
BV1dpTKzjE2i,114634002533526,智驾圈的黄埔军校？百度智驾为啥起了大早，赶了晚集,赛雷话车,2025-06-06 10:18:32,1373432,2163,1,智驾圈的黄埔军校？百度智驾为啥起了大早，赶了晚集,30344021798,24.99000,1,25,16777215,2025-06-10 21:14:45,1749561285,0,17ce29b0,1866214337526734592,那我只能换高德了
BV1dpTKzjE2i,114634002533526,智驾圈的黄埔军校？百度智驾为啥起了大早，赶了晚集,赛雷话车,2025-06-06 10:18:32,1373432,2163,1,智驾圈的黄埔军校？百度智驾为啥起了大早，赶了晚集,30344021798,351.48600,1,25,15138834,2025-06-10 20:55:57,1749560157,0,6f445c0,1866204877424872960,UP主在价格这里可能有带节奏的嫌疑
BV1dpTKzjE2i,114634002533526,智驾圈的黄埔军校？百度智驾为啥起了大早，赶了晚集,赛雷话车,2025-06-06 10:18:32,1373432,2163,1,智驾圈的黄埔军校？百度智驾为啥起了大早，赶了晚集,30344021798,5.35200,1,25,16777215,2025-06-10 20:29:32,1749558572,0,5dbf8036,1866191576767249152,公司的角度可能很难理解，觉得槽点太多。要是以人的角度看，可不可以理解成自污手段。还要进步？没必要的，兄弟，没必要的，已经够花了。需要钱？有的兄弟，包有的。需要大厂孵化？有的兄弟，马上安排。
BV1dpTKzjE2i,114634002533526,智驾圈的黄埔军校？百度智驾为啥起了大早，赶了晚集,赛雷话车,2025-06-06 10:18:32,1373432,2163,1,智驾圈的黄埔军校？百度智驾为啥起了大早，赶了晚集,30344021798,258.43500,1,25,16777215,2025-06-10 20:27:20,1749558440,0,29d54fa5,1866190470083090944,这就是极越汽车的车标
BV1dpTKzjE2i,114634002533526,智驾圈的黄埔军校？百度智驾为啥起了大早，赶了晚集,赛雷话车,2025-06-06 10:18:32,1373432,2163,1,智驾圈的黄埔军校？百度智驾为啥起了大早，赶了晚集,30344021798,32.93600,1,25,16777215,2025-06-10 19:15:47,1749554147,0,ae07087b,1866154459500409344,贴吧都是招嫖贴！呵呵
BV1dpTKzjE2i,114634002533526,智驾圈的黄埔军校？百度智驾为啥起了大早，赶了晚集,赛雷话车,2025-06-06 10:18:32,1373432,2163,1,智驾圈的黄埔军校？百度智驾为啥起了大早，赶了晚集,30344021798,1.66100,1,25,16777215,2025-06-10 18:28:57,1749551337,0,8e85c7ed,1866130891807054592,因为菜
BV1dpTKzjE2i,114634002533526,智驾圈的黄埔军校？百度智驾为啥起了大早，赶了晚集,赛雷话车,2025-06-06 10:18:32,1373432,2163,1,智驾圈的黄埔军校？百度智驾为啥起了大早，赶了晚集,30344021798,344.31400,1,25,16777215,2025-06-10 17:03:40,1749546220,0,5d9eb91b,1866087965571910912,武汉的萝卜经常卡在路上
BV1dpTKzjE2i,114634002533526,智驾圈的黄埔军校？百度智驾为啥起了大早，赶了晚集,赛雷话车,2025-06-06 10:18:32,1373432,2163,1,智驾圈的黄埔军校？百度智驾为啥起了大早，赶了晚集,30344021798,151.56300,1,25,16777215,2025-06-10 16:42:42,1749544962,0,6b0891e4,1866077412023192320,都跑路自己发展了
BV1dpTKzjE2i,114634002533526,智驾圈的黄埔军校？百度智驾为啥起了大早，赶了晚集,赛雷话车,2025-06-06 10:18:32,1373432,2163,1,智驾圈的黄埔军校？百度智驾为啥起了大早，赶了晚集,30344021798,193.12400,1,25,16777215,2025-06-10 16:28:06,1749544086,0,c90fb15c,1866070066899228160,企业文化有问题
BV1dpTKzjE2i,114634002533526,智驾圈的黄埔军校？百度智驾为啥起了大早，赶了晚集,赛雷话车,2025-06-06 10:18:32,1373432,2163,1,智驾圈的黄埔军校？百度智驾为啥起了大早，赶了晚集,30344021798,75.60500,1,25,16777215,2025-06-10 14:52:55,1749538375,0,79b2a410,1866022159995538432,carlife都烂成什么玩意了
BV1dpTKzjE2i,114634002533526,智驾圈的黄埔军校？百度智驾为啥起了大早，赶了晚集,赛雷话车,2025-06-06 10:18:32,1373432,2163,1,智驾圈的黄埔军校？百度智驾为啥起了大早，赶了晚集,30344021798,264.14600,1,25,16777215,2025-06-10 13:59:06,1749535146,0,360c6f29,1865995067719095040,极越
BV1dpTKzjE2i,114634002533526,智驾圈的黄埔军校？百度智驾为啥起了大早，赶了晚集,赛雷话车,2025-06-06 10:18:32,1373432,2163,1,智驾圈的黄埔军校？百度智驾为啥起了大早，赶了晚集,30344021798,114.84300,1,25,16777215,2025-06-10 13:20:28,1749532828,0,321d17d8,1865975627564745728,华为：开偷！！！
BV1dpTKzjE2i,114634002533526,智驾圈的黄埔军校？百度智驾为啥起了大早，赶了晚集,赛雷话车,2025-06-06 10:18:32,1373432,2163,1,智驾圈的黄埔军校？百度智驾为啥起了大早，赶了晚集,30344021798,95.26200,1,25,16777215,2025-06-10 13:12:48,1749532368,0,c14350ff,1865971761641185536,它老，但是它坏
BV1dpTKzjE2i,114634002533526,智驾圈的黄埔军校？百度智驾为啥起了大早，赶了晚集,赛雷话车,2025-06-06 10:18:32,1373432,2163,1,智驾圈的黄埔军校？百度智驾为啥起了大早，赶了晚集,30344021798,15.59600,1,25,16777215,2025-06-10 12:54:02,1749531242,0,e2c17fe4,1865962319641920512,莆田医院负责
BV1dpTKzjE2i,114634002533526,智驾圈的黄埔军校？百度智驾为啥起了大早，赶了晚集,赛雷话车,2025-06-06 10:18:32,1373432,2163,1,智驾圈的黄埔军校？百度智驾为啥起了大早，赶了晚集,30344021798,120.66400,1,25,16777215,2025-06-10 12:50:07,1749531007,0,561ceefd,1865960348016783104,你体验过吗
BV1dpTKzjE2i,114634002533526,智驾圈的黄埔军校？百度智驾为啥起了大早，赶了晚集,赛雷话车,2025-06-06 10:18:32,1373432,2163,1,智驾圈的黄埔军校？百度智驾为啥起了大早，赶了晚集,30344021798,67.21100,1,25,16777215,2025-06-10 12:49:11,1749530951,0,561ceefd,1865959878808497664,垃圾价值观的公司，注定不能长远和成功，当他惺惺作态请来陆奇all in ai后面又果断在医疗广告选择老将开掉陆奇的时候，我就知道这家垃圾公司迟早完蛋
BV1dpTKzjE2i,114634002533526,智驾圈的黄埔军校？百度智驾为啥起了大早，赶了晚集,赛雷话车,2025-06-06 10:18:32,1373432,2163,1,智驾圈的黄埔军校？百度智驾为啥起了大早，赶了晚集,30344021798,24.14100,1,25,16777215,2025-06-10 12:06:36,1749528396,0,e652f7b9,1865938445134766592,白嫖？他不想让大家免费用，大可直接收费。
BV1dpTKzjE2i,114634002533526,智驾圈的黄埔军校？百度智驾为啥起了大早，赶了晚集,赛雷话车,2025-06-06 10:18:32,1373432,2163,1,智驾圈的黄埔军校？百度智驾为啥起了大早，赶了晚集,30344021798,390.92600,1,25,16777215,2025-06-10 11:39:24,1749526764,0,8aad91ae,1865924753786150656,大集吧
BV1dpTKzjE2i,114634002533526,智驾圈的黄埔军校？百度智驾为啥起了大早，赶了晚集,赛雷话车,2025-06-06 10:18:32,1373432,2163,1,智驾圈的黄埔军校？百度智驾为啥起了大早，赶了晚集,30344021798,14.75200,1,25,16777215,2025-06-10 11:00:54,1749524454,0,59bd7219,1865905380967327232,垃圾导航
BV1dpTKzjE2i,114634002533526,智驾圈的黄埔军校？百度智驾为啥起了大早，赶了晚集,赛雷话车,2025-06-06 10:18:32,1373432,2163,1,智驾圈的黄埔军校？百度智驾为啥起了大早，赶了晚集,30344021798,33.01400,1,25,16777215,2025-06-10 09:16:55,1749518215,0,1a9d736,1865853043434893824,以前把谷歌踢出去的时候承诺的事，一切没完成
BV1dpTKzjE2i,114634002533526,智驾圈的黄埔军校？百度智驾为啥起了大早，赶了晚集,赛雷话车,2025-06-06 10:18:32,1373432,2163,1,智驾圈的黄埔军校？百度智驾为啥起了大早，赶了晚集,30344021798,51.54300,1,25,16777215,2025-06-10 08:32:28,1749515548,0,fe36314,1865830671906937344,最后又是负债，全民背锅
BV1dpTKzjE2i,114634002533526,智驾圈的黄埔军校？百度智驾为啥起了大早，赶了晚集,赛雷话车,2025-06-06 10:18:32,1373432,2163,1,智驾圈的黄埔军校？百度智驾为啥起了大早，赶了晚集,30344021798,177.41600,5,25,16707842,2025-06-10 06:39:18,1749508758,0,d360106c,1865773706489064192,那就得问问内部是不是有女高管了
BV1dpTKzjE2i,114634002533526,智驾圈的黄埔军校？百度智驾为啥起了大早，赶了晚集,赛雷话车,2025-06-06 10:18:32,1373432,2163,1,智驾圈的黄埔军校？百度智驾为啥起了大早，赶了晚集,30344021798,8.89900,1,25,16777215,2025-06-10 00:29:46,1749486586,0,25d8f7e8,1865587718130873088,其实高德也有
BV1dpTKzjE2i,114634002533526,智驾圈的黄埔军校？百度智驾为啥起了大早，赶了晚集,赛雷话车,2025-06-06 10:18:32,1373432,2163,1,智驾圈的黄埔军校？百度智驾为啥起了大早，赶了晚集,30344021798,58.68900,1,25,16777215,2025-06-09 22:45:43,1749480343,0,2645fd1f,1865535344821923328,结果谷歌也没搞出来
BV1dpTKzjE2i,114634002533526,智驾圈的黄埔军校？百度智驾为啥起了大早，赶了晚集,赛雷话车,2025-06-06 10:18:32,1373432,2163,1,智驾圈的黄埔军校？百度智驾为啥起了大早，赶了晚集,30344021798,81.49400,1,25,16777215,2025-06-09 22:35:51,1749479751,0,35120d9d,1865530382381115648,那就是个遥控车
BV1dpTKzjE2i,114634002533526,智驾圈的黄埔军校？百度智驾为啥起了大早，赶了晚集,赛雷话车,2025-06-06 10:18:32,1373432,2163,1,智驾圈的黄埔军校？百度智驾为啥起了大早，赶了晚集,30344021798,36.40200,1,25,16777215,2025-06-09 22:32:11,1749479531,0,90c16f11,1865528534228152576,这完全是没下限
BV1dpTKzjE2i,114634002533526,智驾圈的黄埔军校？百度智驾为啥起了大早，赶了晚集,赛雷话车,2025-06-06 10:18:32,1373432,2163,1,智驾圈的黄埔军校？百度智驾为啥起了大早，赶了晚集,30344021798,337.69200,1,25,16777215,2025-06-09 20:50:21,1749473421,0,e7b0eb57,1865477279825065472,00
BV1dpTKzjE2i,114634002533526,智驾圈的黄埔军校？百度智驾为啥起了大早，赶了晚集,赛雷话车,2025-06-06 10:18:32,1373432,2163,1,智驾圈的黄埔军校？百度智驾为啥起了大早，赶了晚集,30344021798,229.64200,1,25,16777215,2025-06-09 19:39:40,1749469180,0,dbaffff6,1865441708016867840,这不是厦门软件园嘛
BV1dpTKzjE2i,114634002533526,智驾圈的黄埔军校？百度智驾为啥起了大早，赶了晚集,赛雷话车,2025-06-06 10:18:32,1373432,2163,1,智驾圈的黄埔军校？百度智驾为啥起了大早，赶了晚集,30344021798,48.39500,1,25,16777215,2025-06-09 18:45:28,1749465928,0,36ea2276,1865414423154576128,多少？？？多少？？？
BV1dpTKzjE2i,114634002533526,智驾圈的黄埔军校？百度智驾为啥起了大早，赶了晚集,赛雷话车,2025-06-06 10:18:32,1373432,2163,1,智驾圈的黄埔军校？百度智驾为啥起了大早，赶了晚集,30344021798,183.63300,1,25,16777215,2025-06-09 16:21:49,1749457309,0,7d71cf47,1865342126196593664,公司老板最大问题
BV1dpTKzjE2i,114634002533526,智驾圈的黄埔军校？百度智驾为啥起了大早，赶了晚集,赛雷话车,2025-06-06 10:18:32,1373432,2163,1,智驾圈的黄埔军校？百度智驾为啥起了大早，赶了晚集,30344021798,164.47500,1,25,16777215,2025-06-09 15:58:27,1749455907,0,3f4a6866,1865330363925656064,桃李满天下？
BV1dpTKzjE2i,114634002533526,智驾圈的黄埔军校？百度智驾为啥起了大早，赶了晚集,赛雷话车,2025-06-06 10:18:32,1373432,2163,1,智驾圈的黄埔军校？百度智驾为啥起了大早，赶了晚集,30344021798,45.90300,1,25,16777215,2025-06-09 15:54:32,1749455672,0,48416d07,1865328391394311936,骨灰个屁，连自己的车都没有拿啥搞大数据分析？？华为也是问界之后智驾才起飞的
BV1dpTKzjE2i,114634002533526,智驾圈的黄埔军校？百度智驾为啥起了大早，赶了晚集,赛雷话车,2025-06-06 10:18:32,1373432,2163,1,智驾圈的黄埔军校？百度智驾为啥起了大早，赶了晚集,30344021798,400.66500,1,25,16777215,2025-06-09 15:07:19,1749452839,0,93c3825,1865304627508563968,智驾也是智能辅助驾驶，又不是自动驾驶
BV1dpTKzjE2i,114634002533526,智驾圈的黄埔军校？百度智驾为啥起了大早，赶了晚集,赛雷话车,2025-06-06 10:18:32,1373432,2163,1,智驾圈的黄埔军校？百度智驾为啥起了大早，赶了晚集,30344021798,104.07200,1,25,16777215,2025-06-09 15:01:02,1749452462,0,93c3825,1865301468769938944,就算是L4，也这么垃圾
BV1dpTKzjE2i,114634002533526,智驾圈的黄埔军校？百度智驾为啥起了大早，赶了晚集,赛雷话车,2025-06-06 10:18:32,1373432,2163,1,智驾圈的黄埔军校？百度智驾为啥起了大早，赶了晚集,30344021798,369.75000,1,25,16777215,2025-06-09 13:51:25,1749448285,0,359c2992,1865266425745756928,萝卜绕路开得慢
BV1dpTKzjE2i,114634002533526,智驾圈的黄埔军校？百度智驾为啥起了大早，赶了晚集,赛雷话车,2025-06-06 10:18:32,1373432,2163,1,智驾圈的黄埔军校？百度智驾为啥起了大早，赶了晚集,30344021798,257.02900,1,25,16777215,2025-06-09 12:40:26,1749444026,0,e8f87bfa,1865230696365699840,萝卜呢？
BV1dpTKzjE2i,114634002533526,智驾圈的黄埔军校？百度智驾为啥起了大早，赶了晚集,赛雷话车,2025-06-06 10:18:32,1373432,2163,1,智驾圈的黄埔军校？百度智驾为啥起了大早，赶了晚集,30344021798,20.25000,1,25,16777215,2025-06-09 12:00:08,1749441608,0,7488df09,1865210418063125760,高德也有啊
BV1dpTKzjE2i,114634002533526,智驾圈的黄埔军校？百度智驾为啥起了大早，赶了晚集,赛雷话车,2025-06-06 10:18:32,1373432,2163,1,智驾圈的黄埔军校？百度智驾为啥起了大早，赶了晚集,30344021798,2.15600,1,25,16777215,2025-06-09 11:58:03,1749441483,0,931f3903,1865209365268097792,李彦宏的基操，有预见，无执行力
BV1dpTKzjE2i,114634002533526,智驾圈的黄埔军校？百度智驾为啥起了大早，赶了晚集,赛雷话车,2025-06-06 10:18:32,1373432,2163,1,智驾圈的黄埔军校？百度智驾为啥起了大早，赶了晚集,30344021798,336.72800,1,25,16646914,2025-06-09 11:32:58,1749439978,0,222668b,1865196744011184896,武汉话把这车叫苕萝卜，意思就是傻萝卜，上下班高峰没事就不动，一堵堵一大片车
BV1dpTKzjE2i,114634002533526,智驾圈的黄埔军校？百度智驾为啥起了大早，赶了晚集,赛雷话车,2025-06-06 10:18:32,1373432,2163,1,智驾圈的黄埔军校？百度智驾为啥起了大早，赶了晚集,30344021798,47.45100,1,25,16777215,2025-06-09 11:29:19,1749439759,0,ee51e4e3,1865194902041246208,ai，外卖都是这样
BV1dpTKzjE2i,114634002533526,智驾圈的黄埔军校？百度智驾为啥起了大早，赶了晚集,赛雷话车,2025-06-06 10:18:32,1373432,2163,1,智驾圈的黄埔军校？百度智驾为啥起了大早，赶了晚集,30344021798,52.17100,1,25,16777215,2025-06-09 10:42:17,1749436937,0,3108e795,1865171232316892160,谷歌也是一个样
BV1dpTKzjE2i,114634002533526,智驾圈的黄埔军校？百度智驾为啥起了大早，赶了晚集,赛雷话车,2025-06-06 10:18:32,1373432,2163,1,智驾圈的黄埔军校？百度智驾为啥起了大早，赶了晚集,30344021798,5.86000,1,25,16777215,2025-06-09 10:36:11,1749436571,0,5b6b3e70,1865168158806060544,因为垃圾公司只会舍本逐末
BV1dpTKzjE2i,114634002533526,智驾圈的黄埔军校？百度智驾为啥起了大早，赶了晚集,赛雷话车,2025-06-06 10:18:32,1373432,2163,1,智驾圈的黄埔军校？百度智驾为啥起了大早，赶了晚集,30344021798,26.48100,1,25,16777215,2025-06-09 09:46:11,1749433571,0,9bea8e8e,1865142996027773440,高德也有
BV1dpTKzjE2i,114634002533526,智驾圈的黄埔军校？百度智驾为啥起了大早，赶了晚集,赛雷话车,2025-06-06 10:18:32,1373432,2163,1,智驾圈的黄埔军校？百度智驾为啥起了大早，赶了晚集,30344021798,26.05900,1,25,16777215,2025-06-09 09:41:18,1749433278,0,da2042ec,1865140537058232576,想多了，现在觉得无所谓的，以后他们会更加肆无忌惮
BV1dpTKzjE2i,114634002533526,智驾圈的黄埔军校？百度智驾为啥起了大早，赶了晚集,赛雷话车,2025-06-06 10:18:32,1373432,2163,1,智驾圈的黄埔军校？百度智驾为啥起了大早，赶了晚集,30344021798,354.02200,1,25,16777215,2025-06-09 09:03:01,1749430981,0,b3422d1d,1865121271520988416,不知道为什么，我在武汉明明做的非常便宜，上次十公里只要14块钱
BV1dpTKzjE2i,114634002533526,智驾圈的黄埔军校？百度智驾为啥起了大早，赶了晚集,赛雷话车,2025-06-06 10:18:32,1373432,2163,1,智驾圈的黄埔军校？百度智驾为啥起了大早，赶了晚集,30344021798,28.34100,1,25,16777215,2025-06-09 07:16:49,1749424609,0,9f7676a9,1865067814697208320,高德是语音广告吧
BV1dpTKzjE2i,114634002533526,智驾圈的黄埔军校？百度智驾为啥起了大早，赶了晚集,赛雷话车,2025-06-06 10:18:32,1373432,2163,1,智驾圈的黄埔军校？百度智驾为啥起了大早，赶了晚集,30344021798,22.69000,1,25,16777215,2025-06-09 04:49:31,1749415771,0,f8e27f20,1864993676758088960,不懂
BV1dpTKzjE2i,114634002533526,智驾圈的黄埔军校？百度智驾为啥起了大早，赶了晚集,赛雷话车,2025-06-06 10:18:32,1373432,2163,1,智驾圈的黄埔军校？百度智驾为啥起了大早，赶了晚集,30344021798,27.44200,1,25,16777215,2025-06-09 01:23:31,1749403411,0,c7111d03,1864889991969268736,我从来不用车道级导航。
BV1dpTKzjE2i,114634002533526,智驾圈的黄埔军校？百度智驾为啥起了大早，赶了晚集,赛雷话车,2025-06-06 10:18:32,1373432,2163,1,智驾圈的黄埔军校？百度智驾为啥起了大早，赶了晚集,30344021798,75.80400,1,25,16777215,2025-06-09 01:16:01,1749402961,0,552e5a1d,1864886220484809728,华为也借鉴了阿波罗
BV1dpTKzjE2i,114634002533526,智驾圈的黄埔军校？百度智驾为啥起了大早，赶了晚集,赛雷话车,2025-06-06 10:18:32,1373432,2163,1,智驾圈的黄埔军校？百度智驾为啥起了大早，赶了晚集,30344021798,27.66400,1,25,16707842,2025-06-09 00:46:18,1749401178,0,4adeecda,1864871261365771008,广告可以，但别接那些下三滥的广告，有些广告是真为了吸人眼球就各种烂广
BV1dpTKzjE2i,114634002533526,智驾圈的黄埔军校？百度智驾为啥起了大早，赶了晚集,赛雷话车,2025-06-06 10:18:32,1373432,2163,1,智驾圈的黄埔军校？百度智驾为啥起了大早，赶了晚集,30344021798,30.72800,1,25,16777215,2025-06-09 00:40:29,1749400829,0,8c5ecbf3,1864868336987412736,那可不，你瞅瞅自动驾驶
BV1dpTKzjE2i,114634002533526,智驾圈的黄埔军校？百度智驾为啥起了大早，赶了晚集,赛雷话车,2025-06-06 10:18:32,1373432,2163,1,智驾圈的黄埔军校？百度智驾为啥起了大早，赶了晚集,30344021798,67.07200,1,25,16777215,2025-06-09 00:19:00,1749399540,0,6cdb4038,1864857520230365952,人家起个啥名字都要diss啊？
BV1dpTKzjE2i,114634002533526,智驾圈的黄埔军校？百度智驾为啥起了大早，赶了晚集,赛雷话车,2025-06-06 10:18:32,1373432,2163,1,智驾圈的黄埔军校？百度智驾为啥起了大早，赶了晚集,30344021798,159.86000,1,25,16777215,2025-06-08 23:02:10,1749394930,0,71068eca,1864818848730451200,不搞事业只搞人了，所以才这样的吧
BV1dpTKzjE2i,114634002533526,智驾圈的黄埔军校？百度智驾为啥起了大早，赶了晚集,赛雷话车,2025-06-06 10:18:32,1373432,2163,1,智驾圈的黄埔军校？百度智驾为啥起了大早，赶了晚集,30344021798,347.70900,1,25,16777215,2025-06-08 22:58:15,1749394695,0,fd32ec80,1864816883656764672,重庆永川有
BV1dpTKzjE2i,114634002533526,智驾圈的黄埔军校？百度智驾为啥起了大早，赶了晚集,赛雷话车,2025-06-06 10:18:32,1373432,2163,1,智驾圈的黄埔军校？百度智驾为啥起了大早，赶了晚集,30344021798,387.81700,1,25,16777215,2025-06-08 22:02:59,1749391379,0,d9a2c0a6,1864789066554735104,这个企业没道德，它如果能生存，是这个时代和国家、人民的悲哀。
BV1dpTKzjE2i,114634002533526,智驾圈的黄埔军校？百度智驾为啥起了大早，赶了晚集,赛雷话车,2025-06-06 10:18:32,1373432,2163,1,智驾圈的黄埔军校？百度智驾为啥起了大早，赶了晚集,30344021798,361.67000,1,25,16777215,2025-06-08 21:54:58,1749390898,0,1cf0e240,1864785031147400448,？尬黑了吧，挺便宜的
BV1dpTKzjE2i,114634002533526,智驾圈的黄埔军校？百度智驾为啥起了大早，赶了晚集,赛雷话车,2025-06-06 10:18:32,1373432,2163,1,智驾圈的黄埔军校？百度智驾为啥起了大早，赶了晚集,30344021798,110.77500,1,25,16777215,2025-06-08 21:19:25,1749388765,0,e9ffd41f,1864767135545909504,牛逼嗷
BV1dpTKzjE2i,114634002533526,智驾圈的黄埔军校？百度智驾为啥起了大早，赶了晚集,赛雷话车,2025-06-06 10:18:32,1373432,2163,1,智驾圈的黄埔军校？百度智驾为啥起了大早，赶了晚集,30344021798,267.04900,1,25,16777215,2025-06-08 20:43:24,1749386604,0,857386b8,1864749009885897984,像口碑
BV1dpTKzjE2i,114634002533526,智驾圈的黄埔军校？百度智驾为啥起了大早，赶了晚集,赛雷话车,2025-06-06 10:18:32,1373432,2163,1,智驾圈的黄埔军校？百度智驾为啥起了大早，赶了晚集,30344021798,375.93200,1,25,16777215,2025-06-08 20:29:54,1749385794,0,3d58d951,1864742215029777664,路线都不一样，这个项目是高精地图和顶部雷达的高成本项目，压根没法用到乘用车
BV1dpTKzjE2i,114634002533526,智驾圈的黄埔军校？百度智驾为啥起了大早，赶了晚集,赛雷话车,2025-06-06 10:18:32,1373432,2163,1,智驾圈的黄埔军校？百度智驾为啥起了大早，赶了晚集,30344021798,364.31600,1,25,15138834,2025-06-08 20:22:05,1749385325,0,ce061918,1864738278826725632,不补，不会选，太慢了
BV1dpTKzjE2i,114634002533526,智驾圈的黄埔军校？百度智驾为啥起了大早，赶了晚集,赛雷话车,2025-06-06 10:18:32,1373432,2163,1,智驾圈的黄埔军校？百度智驾为啥起了大早，赶了晚集,30344021798,99.60000,1,25,16777215,2025-06-08 20:08:08,1749384488,0,14c9ef5b,1864731254835445760,走在时代的前列腺上
BV1dpTKzjE2i,114634002533526,智驾圈的黄埔军校？百度智驾为啥起了大早，赶了晚集,赛雷话车,2025-06-06 10:18:32,1373432,2163,1,智驾圈的黄埔军校？百度智驾为啥起了大早，赶了晚集,30344021798,401.81400,1,25,15138834,2025-06-08 20:03:12,1749384192,0,550575e1,1864728774718021632,小米：？？？
BV1dpTKzjE2i,114634002533526,智驾圈的黄埔军校？百度智驾为啥起了大早，赶了晚集,赛雷话车,2025-06-06 10:18:32,1373432,2163,1,智驾圈的黄埔军校？百度智驾为啥起了大早，赶了晚集,30344021798,113.23100,1,25,16777215,2025-06-08 19:44:18,1749383058,0,bfee920f,1864719259729499648,他也配？别碰瓷黄埔
BV1dpTKzjE2i,114634002533526,智驾圈的黄埔军校？百度智驾为啥起了大早，赶了晚集,赛雷话车,2025-06-06 10:18:32,1373432,2163,1,智驾圈的黄埔军校？百度智驾为啥起了大早，赶了晚集,30344021798,337.98100,1,25,16777215,2025-06-08 18:49:56,1749379796,0,96a6bcd2,1864691900871838208,萝卜越来越贵了，券也越来越少，没券不如直接打的
BV1dpTKzjE2i,114634002533526,智驾圈的黄埔军校？百度智驾为啥起了大早，赶了晚集,赛雷话车,2025-06-06 10:18:32,1373432,2163,1,智驾圈的黄埔军校？百度智驾为啥起了大早，赶了晚集,30344021798,25.41100,1,25,16777215,2025-06-08 18:09:20,1749377360,0,7e607881,1864671466458016768,之前没有广告？ 开玩笑了
BV1dpTKzjE2i,114634002533526,智驾圈的黄埔军校？百度智驾为啥起了大早，赶了晚集,赛雷话车,2025-06-06 10:18:32,1373432,2163,1,智驾圈的黄埔军校？百度智驾为啥起了大早，赶了晚集,30344021798,98.84100,1,25,16777215,2025-06-08 17:57:47,1749376667,0,a8181e4c,1864665651391022592,L4?
BV1dpTKzjE2i,114634002533526,智驾圈的黄埔军校？百度智驾为啥起了大早，赶了晚集,赛雷话车,2025-06-06 10:18:32,1373432,2163,1,智驾圈的黄埔军校？百度智驾为啥起了大早，赶了晚集,30344021798,7.51500,1,25,16777215,2025-06-08 17:56:15,1749376575,0,a8181e4c,1864664880520078592,女模回归
BV1dpTKzjE2i,114634002533526,智驾圈的黄埔军校？百度智驾为啥起了大早，赶了晚集,赛雷话车,2025-06-06 10:18:32,1373432,2163,1,智驾圈的黄埔军校？百度智驾为啥起了大早，赶了晚集,30344021798,21.76900,1,25,16777215,2025-06-08 17:51:26,1749376286,0,ed4fad64,1864662454190136064,腾讯地图也有
BV1dpTKzjE2i,114634002533526,智驾圈的黄埔军校？百度智驾为啥起了大早，赶了晚集,赛雷话车,2025-06-06 10:18:32,1373432,2163,1,智驾圈的黄埔军校？百度智驾为啥起了大早，赶了晚集,30344021798,50.66300,1,25,16777215,2025-06-08 17:49:20,1749376160,0,e28ae654,1864661395631851776,进股东裤腰带吧怕是
BV1dpTKzjE2i,114634002533526,智驾圈的黄埔军校？百度智驾为啥起了大早，赶了晚集,赛雷话车,2025-06-06 10:18:32,1373432,2163,1,智驾圈的黄埔军校？百度智驾为啥起了大早，赶了晚集,30344021798,331.27500,1,25,16777215,2025-06-08 17:29:41,1749374981,0,9d71485f,1864651509548509952,自以为是的品牌
BV1dpTKzjE2i,114634002533526,智驾圈的黄埔军校？百度智驾为啥起了大早，赶了晚集,赛雷话车,2025-06-06 10:18:32,1373432,2163,1,智驾圈的黄埔军校？百度智驾为啥起了大早，赶了晚集,30344021798,11.24800,1,25,16777215,2025-06-08 17:28:48,1749374928,0,d993bf57,1864651065086583040,深蓝还公开专利了，咋没人提
BV1dpTKzjE2i,114634002533526,智驾圈的黄埔军校？百度智驾为啥起了大早，赶了晚集,赛雷话车,2025-06-06 10:18:32,1373432,2163,1,智驾圈的黄埔军校？百度智驾为啥起了大早，赶了晚集,30344021798,310.25000,1,25,16777215,2025-06-08 17:23:59,1749374639,0,28ab8b98,1864648640242074880,几百汽车
BV1dpTKzjE2i,114634002533526,智驾圈的黄埔军校？百度智驾为啥起了大早，赶了晚集,赛雷话车,2025-06-06 10:18:32,1373432,2163,1,智驾圈的黄埔军校？百度智驾为啥起了大早，赶了晚集,30344021798,64.36800,1,25,16777215,2025-06-08 17:17:14,1749374234,0,28ab8b98,1864645237436762368,五年量产，三年商用
BV1dpTKzjE2i,114634002533526,智驾圈的黄埔军校？百度智驾为啥起了大早，赶了晚集,赛雷话车,2025-06-06 10:18:32,1373432,2163,1,智驾圈的黄埔军校？百度智驾为啥起了大早，赶了晚集,30344021798,356.71600,1,25,16777215,2025-06-08 16:48:53,1749372533,0,7ea6539f,1864630970830191104,武汉全城是认真的吗？中心城区几乎没看到
BV1dpTKzjE2i,114634002533526,智驾圈的黄埔军校？百度智驾为啥起了大早，赶了晚集,赛雷话车,2025-06-06 10:18:32,1373432,2163,1,智驾圈的黄埔军校？百度智驾为啥起了大早，赶了晚集,30344021798,172.85200,1,25,16777215,2025-06-08 16:19:50,1749370790,0,8387cbfd,1864616349754586880,...
BV1dpTKzjE2i,114634002533526,智驾圈的黄埔军校？百度智驾为啥起了大早，赶了晚集,赛雷话车,2025-06-06 10:18:32,1373432,2163,1,智驾圈的黄埔军校？百度智驾为啥起了大早，赶了晚集,30344021798,401.91700,1,25,16777215,2025-06-08 15:58:22,1749369502,0,160ae79,1864605550008946176,都结束了，究竟说了什么？标题说为啥，结果只描述现象，没有原因。
BV1dpTKzjE2i,114634002533526,智驾圈的黄埔军校？百度智驾为啥起了大早，赶了晚集,赛雷话车,2025-06-06 10:18:32,1373432,2163,1,智驾圈的黄埔军校？百度智驾为啥起了大早，赶了晚集,30344021798,225.71900,1,25,16777215,2025-06-08 15:36:15,1749368175,0,43c85620,1864594411724404224,哈哈哈哈哈哈哈哈哈
BV1dpTKzjE2i,114634002533526,智驾圈的黄埔军校？百度智驾为啥起了大早，赶了晚集,赛雷话车,2025-06-06 10:18:32,1373432,2163,1,智驾圈的黄埔军校？百度智驾为啥起了大早，赶了晚集,30344021798,72.12100,1,25,16777215,2025-06-08 15:29:22,1749367762,0,2510dc59,1864590951323179776,智驾方便你们专心看广告
BV1dpTKzjE2i,114634002533526,智驾圈的黄埔军校？百度智驾为啥起了大早，赶了晚集,赛雷话车,2025-06-06 10:18:32,1373432,2163,1,智驾圈的黄埔军校？百度智驾为啥起了大早，赶了晚集,30344021798,135.88200,1,25,16777215,2025-06-08 15:21:02,1749367262,0,8abd853e,1864586754007401216,都说比亚迪智驾垃圾，一说智驾是魔门塔的就隐身
BV1dpTKzjE2i,114634002533526,智驾圈的黄埔军校？百度智驾为啥起了大早，赶了晚集,赛雷话车,2025-06-06 10:18:32,1373432,2163,1,智驾圈的黄埔军校？百度智驾为啥起了大早，赶了晚集,30344021798,324.70300,1,25,16777215,2025-06-08 15:13:13,1749366793,0,e0208796,1864582823961432064,可以改名叫极霸
BV1dpTKzjE2i,114634002533526,智驾圈的黄埔军校？百度智驾为啥起了大早，赶了晚集,赛雷话车,2025-06-06 10:18:32,1373432,2163,1,智驾圈的黄埔军校？百度智驾为啥起了大早，赶了晚集,30344021798,62.32600,1,25,16777215,2025-06-08 14:46:11,1749365171,0,e5e6b00,1864569212421551360,洗干净1500亿啊 厉害
BV1dpTKzjE2i,114634002533526,智驾圈的黄埔军校？百度智驾为啥起了大早，赶了晚集,赛雷话车,2025-06-06 10:18:32,1373432,2163,1,智驾圈的黄埔军校？百度智驾为啥起了大早，赶了晚集,30344021798,49.56400,1,25,16777215,2025-06-08 14:24:54,1749363894,0,e7c3d881,1864558503616931840,你想赚钱，可以收费啊
BV1dpTKzjE2i,114634002533526,智驾圈的黄埔军校？百度智驾为啥起了大早，赶了晚集,赛雷话车,2025-06-06 10:18:32,1373432,2163,1,智驾圈的黄埔军校？百度智驾为啥起了大早，赶了晚集,30344021798,24.16100,1,25,15138834,2025-06-08 14:07:36,1749362856,0,1f0079ee,1864549799051865088,打开APP就有广告
BV1dpTKzjE2i,114634002533526,智驾圈的黄埔军校？百度智驾为啥起了大早，赶了晚集,赛雷话车,2025-06-06 10:18:32,1373432,2163,1,智驾圈的黄埔军校？百度智驾为啥起了大早，赶了晚集,30344021798,149.26900,1,25,16777215,2025-06-08 14:03:36,1749362616,0,20ed7bc4,1864547779477690112,是不是不给钱啊
BV1dpTKzjE2i,114634002533526,智驾圈的黄埔军校？百度智驾为啥起了大早，赶了晚集,赛雷话车,2025-06-06 10:18:32,1373432,2163,1,智驾圈的黄埔军校？百度智驾为啥起了大早，赶了晚集,30344021798,23.33800,1,25,16777215,2025-06-08 14:01:25,1749362485,0,20ed7bc4,1864546679873833472,你开会员呗
BV1dpTKzjE2i,114634002533526,智驾圈的黄埔军校？百度智驾为啥起了大早，赶了晚集,赛雷话车,2025-06-06 10:18:32,1373432,2163,1,智驾圈的黄埔军校？百度智驾为啥起了大早，赶了晚集,30344021798,348.04900,1,25,16777215,2025-06-08 14:00:02,1749362402,0,dc1fec07,1864545987495339776,重庆的在下面永川区
BV1dpTKzjE2i,114634002533526,智驾圈的黄埔军校？百度智驾为啥起了大早，赶了晚集,赛雷话车,2025-06-06 10:18:32,1373432,2163,1,智驾圈的黄埔军校？百度智驾为啥起了大早，赶了晚集,30344021798,194.93800,5,25,16707842,2025-06-08 13:56:45,1749362205,0,937c7eb5,1864544331239891200,成年人的选择233333
BV1dpTKzjE2i,114634002533526,智驾圈的黄埔军校？百度智驾为啥起了大早，赶了晚集,赛雷话车,2025-06-06 10:18:32,1373432,2163,1,智驾圈的黄埔军校？百度智驾为啥起了大早，赶了晚集,30344021798,36.45900,1,25,16777215,2025-06-08 13:49:00,1749361740,0,f61fdfc0,1864540432214754816,从16年开始只用高德
BV1dpTKzjE2i,114634002533526,智驾圈的黄埔军校？百度智驾为啥起了大早，赶了晚集,赛雷话车,2025-06-06 10:18:32,1373432,2163,1,智驾圈的黄埔军校？百度智驾为啥起了大早，赶了晚集,30344021798,148.21100,1,25,16777215,2025-06-08 12:50:21,1749358221,0,a47cedb1,1864510912736621312,老罗的行李箱不也是叫地平线吗
BV1dpTKzjE2i,114634002533526,智驾圈的黄埔军校？百度智驾为啥起了大早，赶了晚集,赛雷话车,2025-06-06 10:18:32,1373432,2163,1,智驾圈的黄埔军校？百度智驾为啥起了大早，赶了晚集,30344021798,351.05900,1,25,16777215,2025-06-08 12:43:24,1749357804,0,ae42f1d2,1864507413722936832,这么贵？
BV1dpTKzjE2i,114634002533526,智驾圈的黄埔军校？百度智驾为啥起了大早，赶了晚集,赛雷话车,2025-06-06 10:18:32,1373432,2163,1,智驾圈的黄埔军校？百度智驾为啥起了大早，赶了晚集,30344021798,408.60000,1,25,16777215,2025-06-08 12:39:02,1749357542,0,47747d36,1864505221922320128,留不住人太伤了，出去就是竞争对手
BV1dpTKzjE2i,114634002533526,智驾圈的黄埔军校？百度智驾为啥起了大早，赶了晚集,赛雷话车,2025-06-06 10:18:32,1373432,2163,1,智驾圈的黄埔军校？百度智驾为啥起了大早，赶了晚集,30344021798,265.91300,1,25,16776960,2025-06-08 12:31:09,1749357069,0,2b02e30e,1864501252927908096,就是理想车标镜像
BV1dpTKzjE2i,114634002533526,智驾圈的黄埔军校？百度智驾为啥起了大早，赶了晚集,赛雷话车,2025-06-06 10:18:32,1373432,2163,1,智驾圈的黄埔军校？百度智驾为啥起了大早，赶了晚集,30344021798,26.77800,1,25,16777215,2025-06-08 12:27:51,1749356871,0,de130ace,1864499585960551424,真有唐诗以为软件挣钱靠广告啊
BV1dpTKzjE2i,114634002533526,智驾圈的黄埔军校？百度智驾为啥起了大早，赶了晚集,赛雷话车,2025-06-06 10:18:32,1373432,2163,1,智驾圈的黄埔军校？百度智驾为啥起了大早，赶了晚集,30344021798,259.29000,1,25,16777215,2025-06-08 12:04:21,1749355461,0,273df851,1864487760288224512,没有钱
BV1dpTKzjE2i,114634002533526,智驾圈的黄埔军校？百度智驾为啥起了大早，赶了晚集,赛雷话车,2025-06-06 10:18:32,1373432,2163,1,智驾圈的黄埔军校？百度智驾为啥起了大早，赶了晚集,30344021798,362.80000,1,25,16777215,2025-06-08 11:53:08,1749354788,0,4eabf844,1864482115115387136,我在长沙没见过
BV1dpTKzjE2i,114634002533526,智驾圈的黄埔军校？百度智驾为啥起了大早，赶了晚集,赛雷话车,2025-06-06 10:18:32,1373432,2163,1,智驾圈的黄埔军校？百度智驾为啥起了大早，赶了晚集,30344021798,345.01000,1,25,15138834,2025-06-08 11:41:33,1749354093,0,30784519,1864476287054853376,我在重庆也没见过这玩意儿……
BV1dpTKzjE2i,114634002533526,智驾圈的黄埔军校？百度智驾为啥起了大早，赶了晚集,赛雷话车,2025-06-06 10:18:32,1373432,2163,1,智驾圈的黄埔军校？百度智驾为啥起了大早，赶了晚集,30344021798,185.40500,1,25,16777215,2025-06-08 11:35:55,1749353755,0,c613e172,1864473451419866624,意思就是给挖了墙角了呗
BV1dpTKzjE2i,114634002533526,智驾圈的黄埔军校？百度智驾为啥起了大早，赶了晚集,赛雷话车,2025-06-06 10:18:32,1373432,2163,1,智驾圈的黄埔军校？百度智驾为啥起了大早，赶了晚集,30344021798,24.25100,1,25,16777215,2025-06-08 11:34:55,1749353695,0,120b5960,1864472951886912512,没啥问题吧，人家的软件，大不了换软件或者充会员屏蔽呗
BV1dpTKzjE2i,114634002533526,智驾圈的黄埔军校？百度智驾为啥起了大早，赶了晚集,赛雷话车,2025-06-06 10:18:32,1373432,2163,1,智驾圈的黄埔军校？百度智驾为啥起了大早，赶了晚集,30344021798,376.54200,1,25,16777215,2025-06-08 11:13:16,1749352396,0,657bf1d2,1864462049086946048,干什么了就花了1500亿
BV1dpTKzjE2i,114634002533526,智驾圈的黄埔军校？百度智驾为啥起了大早，赶了晚集,赛雷话车,2025-06-06 10:18:32,1373432,2163,1,智驾圈的黄埔军校？百度智驾为啥起了大早，赶了晚集,30344021798,361.18000,1,25,16777215,2025-06-08 11:12:14,1749352334,0,e09f30a6,1864461530855337984,张口就来
BV1dpTKzjE2i,114634002533526,智驾圈的黄埔军校？百度智驾为啥起了大早，赶了晚集,赛雷话车,2025-06-06 10:18:32,1373432,2163,1,智驾圈的黄埔军校？百度智驾为啥起了大早，赶了晚集,30344021798,52.50700,1,25,16777215,2025-06-08 11:07:00,1749352020,0,e09f30a6,1864458895498831104,主要剩下灰了
BV1dpTKzjE2i,114634002533526,智驾圈的黄埔军校？百度智驾为啥起了大早，赶了晚集,赛雷话车,2025-06-06 10:18:32,1373432,2163,1,智驾圈的黄埔军校？百度智驾为啥起了大早，赶了晚集,30344021798,68.05000,1,25,16777215,2025-06-08 10:44:41,1749350681,0,9c436574,1864447664964686336,公司内部出问题了
BV1dpTKzjE2i,114634002533526,智驾圈的黄埔军校？百度智驾为啥起了大早，赶了晚集,赛雷话车,2025-06-06 10:18:32,1373432,2163,1,智驾圈的黄埔军校？百度智驾为啥起了大早，赶了晚集,30344021798,25.57900,1,25,16777215,2025-06-08 10:43:42,1749350622,0,9c436574,1864447171177546240,广告不是这样打的啊
BV1dpTKzjE2i,114634002533526,智驾圈的黄埔军校？百度智驾为啥起了大早，赶了晚集,赛雷话车,2025-06-06 10:18:32,1373432,2163,1,智驾圈的黄埔军校？百度智驾为啥起了大早，赶了晚集,30344021798,386.93900,1,25,16777215,2025-06-08 09:32:29,1749346349,0,e92293e7,1864411321211612416,王多鱼:这个项目我投了
BV1dpTKzjE2i,114634002533526,智驾圈的黄埔军校？百度智驾为啥起了大早，赶了晚集,赛雷话车,2025-06-06 10:18:32,1373432,2163,1,智驾圈的黄埔军校？百度智驾为啥起了大早，赶了晚集,30344021798,304.96600,1,25,16777215,2025-06-08 09:27:52,1749346072,0,c4324fe8,1864408998498063872,反人类之大成设计
BV1dpTKzjE2i,114634002533526,智驾圈的黄埔军校？百度智驾为啥起了大早，赶了晚集,赛雷话车,2025-06-06 10:18:32,1373432,2163,1,智驾圈的黄埔军校？百度智驾为啥起了大早，赶了晚集,30344021798,23.10000,1,25,16777215,2025-06-08 09:18:59,1749345539,0,b95de410,1864404533644402176,那高德怎么不需要这么养人，可见就是水平不行
BV1dpTKzjE2i,114634002533526,智驾圈的黄埔军校？百度智驾为啥起了大早，赶了晚集,赛雷话车,2025-06-06 10:18:32,1373432,2163,1,智驾圈的黄埔军校？百度智驾为啥起了大早，赶了晚集,30344021798,141.49100,1,25,16777215,2025-06-08 09:12:36,1749345156,0,402cc110,1864401318937521920,为他人做嫁衣
BV1dpTKzjE2i,114634002533526,智驾圈的黄埔军校？百度智驾为啥起了大早，赶了晚集,赛雷话车,2025-06-06 10:18:32,1373432,2163,1,智驾圈的黄埔军校？百度智驾为啥起了大早，赶了晚集,30344021798,22.17100,1,25,16777215,2025-06-08 08:54:40,1749344080,0,a2982ce6,1864392295470763776,这种就是花钱请的水军
BV1dpTKzjE2i,114634002533526,智驾圈的黄埔军校？百度智驾为啥起了大早，赶了晚集,赛雷话车,2025-06-06 10:18:32,1373432,2163,1,智驾圈的黄埔军校？百度智驾为啥起了大早，赶了晚集,30344021798,253.71400,1,25,16777215,2025-06-08 08:44:14,1749343454,0,c076cbbd,1864387041064821504,就在武汉嚯嚯就行，千万别来北上广，我们不需要
BV1dpTKzjE2i,114634002533526,智驾圈的黄埔军校？百度智驾为啥起了大早，赶了晚集,赛雷话车,2025-06-06 10:18:32,1373432,2163,1,智驾圈的黄埔军校？百度智驾为啥起了大早，赶了晚集,30344021798,111.21900,1,25,16777215,2025-06-08 03:09:56,1749323396,0,1a0b2ef8,1864218784807260416,谷歌在搞他也学，印象中是很早
BV1dpTKzjE2i,114634002533526,智驾圈的黄埔军校？百度智驾为啥起了大早，赶了晚集,赛雷话车,2025-06-06 10:18:32,1373432,2163,1,智驾圈的黄埔军校？百度智驾为啥起了大早，赶了晚集,30344021798,64.31800,1,25,16777215,2025-06-08 02:05:44,1749319544,0,e322b1d5,1864186464649112064,为为一年营销1100多亿，1500字干不了啥
BV1dpTKzjE2i,114634002533526,智驾圈的黄埔军校？百度智驾为啥起了大早，赶了晚集,赛雷话车,2025-06-06 10:18:32,1373432,2163,1,智驾圈的黄埔军校？百度智驾为啥起了大早，赶了晚集,30344021798,27.49700,1,25,16777215,2025-06-08 02:01:16,1749319276,0,5e85e043,1864184218499225344,《不过分》
BV1dpTKzjE2i,114634002533526,智驾圈的黄埔军校？百度智驾为啥起了大早，赶了晚集,赛雷话车,2025-06-06 10:18:32,1373432,2163,1,智驾圈的黄埔军校？百度智驾为啥起了大早，赶了晚集,30344021798,53.97000,1,25,16777215,2025-06-08 01:56:27,1749318987,0,4397d79b,1864181794149032448,没有硬件屁都不是
BV1dpTKzjE2i,114634002533526,智驾圈的黄埔军校？百度智驾为啥起了大早，赶了晚集,赛雷话车,2025-06-06 10:18:32,1373432,2163,1,智驾圈的黄埔军校？百度智驾为啥起了大早，赶了晚集,30344021798,10.48600,1,25,16777215,2025-06-08 01:40:42,1749318042,0,aa15a36,1864173871562276352,只能说是人才啊哈哈
BV1dpTKzjE2i,114634002533526,智驾圈的黄埔军校？百度智驾为啥起了大早，赶了晚集,赛雷话车,2025-06-06 10:18:32,1373432,2163,1,智驾圈的黄埔军校？百度智驾为啥起了大早，赶了晚集,30344021798,121.04000,1,25,16777215,2025-06-08 01:38:00,1749317880,0,542db512,1864172513865750784,粤菜的黄埔军校我就知道哈哈哈哈
BV1dpTKzjE2i,114634002533526,智驾圈的黄埔军校？百度智驾为啥起了大早，赶了晚集,赛雷话车,2025-06-06 10:18:32,1373432,2163,1,智驾圈的黄埔军校？百度智驾为啥起了大早，赶了晚集,30344021798,168.25500,1,25,16777215,2025-06-08 01:34:00,1749317640,0,3659d674,1864170500633601792,聚不起一盆火，散了满天星，看来体系架构出了问题
BV1dpTKzjE2i,114634002533526,智驾圈的黄埔军校？百度智驾为啥起了大早，赶了晚集,赛雷话车,2025-06-06 10:18:32,1373432,2163,1,智驾圈的黄埔军校？百度智驾为啥起了大早，赶了晚集,30344021798,59.26800,1,25,16777215,2025-06-08 01:19:31,1749316771,0,90406b3b,1864163203820041984,就一骗钱的公司。
BV1dpTKzjE2i,114634002533526,智驾圈的黄埔军校？百度智驾为啥起了大早，赶了晚集,赛雷话车,2025-06-06 10:18:32,1373432,2163,1,智驾圈的黄埔军校？百度智驾为啥起了大早，赶了晚集,30344021798,12.09600,1,25,16777215,2025-06-08 01:18:24,1749316704,0,e522a459,1864162644408877824,早卸载了
BV1dpTKzjE2i,114634002533526,智驾圈的黄埔军校？百度智驾为啥起了大早，赶了晚集,赛雷话车,2025-06-06 10:18:32,1373432,2163,1,智驾圈的黄埔军校？百度智驾为啥起了大早，赶了晚集,30344021798,166.67100,1,25,16777215,2025-06-08 01:16:26,1749316586,0,8669e149,1864161651013000448,聚是一
BV1dpTKzjE2i,114634002533526,智驾圈的黄埔军校？百度智驾为啥起了大早，赶了晚集,赛雷话车,2025-06-06 10:18:32,1373432,2163,1,智驾圈的黄埔军校？百度智驾为啥起了大早，赶了晚集,30344021798,347.21800,1,25,16777215,2025-06-08 01:13:27,1749316407,0,59e0a561,1864160154409984768,？？？？？多少？
BV1dpTKzjE2i,114634002533526,智驾圈的黄埔军校？百度智驾为啥起了大早，赶了晚集,赛雷话车,2025-06-06 10:18:32,1373432,2163,1,智驾圈的黄埔军校？百度智驾为啥起了大早，赶了晚集,30344021798,47.75100,1,25,16777215,2025-06-08 00:55:40,1749315340,0,2b28b2bb,1864151199528572416,fvv
BV1dpTKzjE2i,114634002533526,智驾圈的黄埔军校？百度智驾为啥起了大早，赶了晚集,赛雷话车,2025-06-06 10:18:32,1373432,2163,1,智驾圈的黄埔军校？百度智驾为啥起了大早，赶了晚集,30344021798,20.02000,1,25,16777215,2025-06-08 00:48:21,1749314901,0,b0b96589,1864147523615181312,开车都是听导航
BV1dpTKzjE2i,114634002533526,智驾圈的黄埔军校？百度智驾为啥起了大早，赶了晚集,赛雷话车,2025-06-06 10:18:32,1373432,2163,1,智驾圈的黄埔军校？百度智驾为啥起了大早，赶了晚集,30344021798,321.05900,1,25,16777215,2025-06-08 00:34:37,1749314077,0,27ba3ca9,1864140609347198208,从无门把手设计能看出来它就没打算卖车
BV1dpTKzjE2i,114634002533526,智驾圈的黄埔军校？百度智驾为啥起了大早，赶了晚集,赛雷话车,2025-06-06 10:18:32,1373432,2163,1,智驾圈的黄埔军校？百度智驾为啥起了大早，赶了晚集,30344021798,239.11900,1,25,16777215,2025-06-08 00:29:19,1749313759,0,96e2efe9,1864137937533737216,说白了
BV1dpTKzjE2i,114634002533526,智驾圈的黄埔军校？百度智驾为啥起了大早，赶了晚集,赛雷话车,2025-06-06 10:18:32,1373432,2163,1,智驾圈的黄埔军校？百度智驾为啥起了大早，赶了晚集,30344021798,151.27200,1,25,16777215,2025-06-08 00:04:14,1749312254,0,b77520a9,1864125314507325184,pony在南沙跑了几年了啥声响都没一个
BV1dpTKzjE2i,114634002533526,智驾圈的黄埔军校？百度智驾为啥起了大早，赶了晚集,赛雷话车,2025-06-06 10:18:32,1373432,2163,1,智驾圈的黄埔军校？百度智驾为啥起了大早，赶了晚集,30344021798,14.53400,1,25,16777215,2025-06-07 23:53:38,1749311618,0,28d143e3,1864119980812089088,卖假药的，不忘初心啊
BV1dpTKzjE2i,114634002533526,智驾圈的黄埔军校？百度智驾为啥起了大早，赶了晚集,赛雷话车,2025-06-06 10:18:32,1373432,2163,1,智驾圈的黄埔军校？百度智驾为啥起了大早，赶了晚集,30344021798,49.41000,1,25,16777215,2025-06-07 23:52:07,1749311527,0,a80d3743,1864119221064684032,阿波罗
BV1dpTKzjE2i,114634002533526,智驾圈的黄埔军校？百度智驾为啥起了大早，赶了晚集,赛雷话车,2025-06-06 10:18:32,1373432,2163,1,智驾圈的黄埔军校？百度智驾为啥起了大早，赶了晚集,30344021798,13.03300,1,25,16777215,2025-06-07 23:38:28,1749310708,0,ef182254,1864112344813762304,开盒
BV1dpTKzjE2i,114634002533526,智驾圈的黄埔军校？百度智驾为啥起了大早，赶了晚集,赛雷话车,2025-06-06 10:18:32,1373432,2163,1,智驾圈的黄埔军校？百度智驾为啥起了大早，赶了晚集,30344021798,11.07100,1,25,16777215,2025-06-07 23:32:17,1749310337,0,cdda90c2,1864109233604167424,bilbil也一样
BV1dpTKzjE2i,114634002533526,智驾圈的黄埔军校？百度智驾为啥起了大早，赶了晚集,赛雷话车,2025-06-06 10:18:32,1373432,2163,1,智驾圈的黄埔军校？百度智驾为啥起了大早，赶了晚集,30344021798,50.56400,1,25,16777215,2025-06-07 23:27:36,1749310056,0,402e9e94,1864106881212535296,说明技术也没积累多少啊
BV1dpTKzjE2i,114634002533526,智驾圈的黄埔军校？百度智驾为啥起了大早，赶了晚集,赛雷话车,2025-06-06 10:18:32,1373432,2163,1,智驾圈的黄埔军校？百度智驾为啥起了大早，赶了晚集,30344021798,34.77100,1,25,16777215,2025-06-07 23:10:46,1749309046,0,3d63165a,1864098405564431360,我只用高德
BV1dpTKzjE2i,114634002533526,智驾圈的黄埔军校？百度智驾为啥起了大早，赶了晚集,赛雷话车,2025-06-06 10:18:32,1373432,2163,1,智驾圈的黄埔军校？百度智驾为啥起了大早，赶了晚集,30344021798,217.76700,1,25,16777215,2025-06-07 22:33:32,1749306812,0,34728183,1864079666344778752,就知道有人要说比亚迪“自研”自驾了
BV1dpTKzjE2i,114634002533526,智驾圈的黄埔军校？百度智驾为啥起了大早，赶了晚集,赛雷话车,2025-06-06 10:18:32,1373432,2163,1,智驾圈的黄埔军校？百度智驾为啥起了大早，赶了晚集,30344021798,9.29200,1,25,16777215,2025-06-07 22:26:00,1749306360,0,203ea9cf,1864075871498173952,逆天
BV1dpTKzjE2i,114634002533526,智驾圈的黄埔军校？百度智驾为啥起了大早，赶了晚集,赛雷话车,2025-06-06 10:18:32,1373432,2163,1,智驾圈的黄埔军校？百度智驾为啥起了大早，赶了晚集,30344021798,346.22300,1,25,16777215,2025-06-07 21:56:44,1749304604,0,afb81606,1864061145439677440,重庆的在永川，而且区域很小，主城区肯定见不到
BV1dpTKzjE2i,114634002533526,智驾圈的黄埔军校？百度智驾为啥起了大早，赶了晚集,赛雷话车,2025-06-06 10:18:32,1373432,2163,1,智驾圈的黄埔军校？百度智驾为啥起了大早，赶了晚集,30344021798,24.67000,1,25,16777215,2025-06-07 21:48:42,1749304122,0,d7ff1bf5,1864057100930390016,开屏广告还不够啊
BV1dpTKzjE2i,114634002533526,智驾圈的黄埔军校？百度智驾为啥起了大早，赶了晚集,赛雷话车,2025-06-06 10:18:32,1373432,2163,1,智驾圈的黄埔军校？百度智驾为啥起了大早，赶了晚集,30344021798,0.00000,1,25,16777215,2025-06-07 21:34:09,1749303249,0,c7e0fd91,1864049772810938880,+1
BV1dpTKzjE2i,114634002533526,智驾圈的黄埔军校？百度智驾为啥起了大早，赶了晚集,赛雷话车,2025-06-06 10:18:32,1373432,2163,1,智驾圈的黄埔军校？百度智驾为啥起了大早，赶了晚集,30344021798,339.63300,1,25,16777215,2025-06-07 21:16:22,1749302182,0,ec025204,1864040828306318848,上海没见过
BV1dpTKzjE2i,114634002533526,智驾圈的黄埔军校？百度智驾为啥起了大早，赶了晚集,赛雷话车,2025-06-06 10:18:32,1373432,2163,1,智驾圈的黄埔军校？百度智驾为啥起了大早，赶了晚集,30344021798,21.57100,1,25,16777215,2025-06-07 21:08:22,1749301702,0,e1b0d4d,1864036796934018560,三流公司
BV1dpTKzjE2i,114634002533526,智驾圈的黄埔军校？百度智驾为啥起了大早，赶了晚集,赛雷话车,2025-06-06 10:18:32,1373432,2163,1,智驾圈的黄埔军校？百度智驾为啥起了大早，赶了晚集,30344021798,27.97800,1,25,16777215,2025-06-07 21:07:06,1749301626,0,f85c08ea,1864036157705928960,BAT应该改成AT
BV1dpTKzjE2i,114634002533526,智驾圈的黄埔军校？百度智驾为啥起了大早，赶了晚集,赛雷话车,2025-06-06 10:18:32,1373432,2163,1,智驾圈的黄埔军校？百度智驾为啥起了大早，赶了晚集,30344021798,417.02500,1,25,16777215,2025-06-07 20:59:00,1749301140,0,4950632e,1864032085950497536,人才跑路就是管理出了问题啊
BV1dpTKzjE2i,114634002533526,智驾圈的黄埔军校？百度智驾为啥起了大早，赶了晚集,赛雷话车,2025-06-06 10:18:32,1373432,2163,1,智驾圈的黄埔军校？百度智驾为啥起了大早，赶了晚集,30344021798,22.49800,1,25,16777215,2025-06-07 20:51:01,1749300661,0,5b76eb66,1864028065475755520,高德？
BV1dpTKzjE2i,114634002533526,智驾圈的黄埔军校？百度智驾为啥起了大早，赶了晚集,赛雷话车,2025-06-06 10:18:32,1373432,2163,1,智驾圈的黄埔军校？百度智驾为啥起了大早，赶了晚集,30344021798,24.38800,1,25,16777215,2025-06-07 20:45:04,1749300304,0,a334c3c2,1864025068611837440,苹果自带的地图用的是高德
BV1dpTKzjE2i,114634002533526,智驾圈的黄埔军校？百度智驾为啥起了大早，赶了晚集,赛雷话车,2025-06-06 10:18:32,1373432,2163,1,智驾圈的黄埔军校？百度智驾为啥起了大早，赶了晚集,30344021798,380.39300,1,25,16777215,2025-06-07 20:35:19,1749299719,0,734c30dd,1864020167601085440,I
BV1dpTKzjE2i,114634002533526,智驾圈的黄埔军校？百度智驾为啥起了大早，赶了晚集,赛雷话车,2025-06-06 10:18:32,1373432,2163,1,智驾圈的黄埔军校？百度智驾为啥起了大早，赶了晚集,30344021798,387.63600,1,25,16777215,2025-06-07 20:32:35,1749299555,0,ef6b10f7,1864018786651675648,已经结束嘞
BV1dpTKzjE2i,114634002533526,智驾圈的黄埔军校？百度智驾为啥起了大早，赶了晚集,赛雷话车,2025-06-06 10:18:32,1373432,2163,1,智驾圈的黄埔军校？百度智驾为啥起了大早，赶了晚集,30344021798,262.50600,1,25,16777215,2025-06-07 20:30:15,1749299415,0,ef6b10f7,1864017616381789440,太火了哥们
BV1dpTKzjE2i,114634002533526,智驾圈的黄埔军校？百度智驾为啥起了大早，赶了晚集,赛雷话车,2025-06-06 10:18:32,1373432,2163,1,智驾圈的黄埔军校？百度智驾为啥起了大早，赶了晚集,30344021798,47.15300,1,25,16777215,2025-06-07 20:29:08,1749299348,0,1fa67d24,1864017050763269888,骨灰，没毛病
BV1dpTKzjE2i,114634002533526,智驾圈的黄埔军校？百度智驾为啥起了大早，赶了晚集,赛雷话车,2025-06-06 10:18:32,1373432,2163,1,智驾圈的黄埔军校？百度智驾为啥起了大早，赶了晚集,30344021798,22.51800,1,25,16777215,2025-06-07 20:27:26,1749299246,0,addf0f2a,1864016192760013568,？
BV1dpTKzjE2i,114634002533526,智驾圈的黄埔军校？百度智驾为啥起了大早，赶了晚集,赛雷话车,2025-06-06 10:18:32,1373432,2163,1,智驾圈的黄埔军校？百度智驾为啥起了大早，赶了晚集,30344021798,57.56900,1,25,16777215,2025-06-07 20:27:14,1749299234,0,549b3cd5,1864016093480817664,长沙
BV1dpTKzjE2i,114634002533526,智驾圈的黄埔军校？百度智驾为啥起了大早，赶了晚集,赛雷话车,2025-06-06 10:18:32,1373432,2163,1,智驾圈的黄埔军校？百度智驾为啥起了大早，赶了晚集,30344021798,39.19100,1,25,16777215,2025-06-07 20:25:50,1749299150,0,ef6b10f7,1864015393954495744,赶晚集都是夸它 实际上晚集也没赶上
BV1dpTKzjE2i,114634002533526,智驾圈的黄埔军校？百度智驾为啥起了大早，赶了晚集,赛雷话车,2025-06-06 10:18:32,1373432,2163,1,智驾圈的黄埔军校？百度智驾为啥起了大早，赶了晚集,30344021798,263.99500,1,25,16777215,2025-06-07 20:25:41,1749299141,0,afcfdfcd,1864015313952333824,jiyue
BV1dpTKzjE2i,114634002533526,智驾圈的黄埔军校？百度智驾为啥起了大早，赶了晚集,赛雷话车,2025-06-06 10:18:32,1373432,2163,1,智驾圈的黄埔军校？百度智驾为啥起了大早，赶了晚集,30344021798,323.40400,1,25,16777215,2025-06-07 20:18:24,1749298704,0,ae437b0d,1864011647610931456,找度小满哈哈哈哈哈哈哈哈哈哈哈哈哈哈
BV1dpTKzjE2i,114634002533526,智驾圈的黄埔军校？百度智驾为啥起了大早，赶了晚集,赛雷话车,2025-06-06 10:18:32,1373432,2163,1,智驾圈的黄埔军校？百度智驾为啥起了大早，赶了晚集,30344021798,359.61400,1,25,16777215,2025-06-07 20:15:46,1749298546,0,a4cfbf36,1864010321925742848,蔚来：你说啥
BV1dpTKzjE2i,114634002533526,智驾圈的黄埔军校？百度智驾为啥起了大早，赶了晚集,赛雷话车,2025-06-06 10:18:32,1373432,2163,1,智驾圈的黄埔军校？百度智驾为啥起了大早，赶了晚集,30344021798,334.44000,1,25,16777215,2025-06-07 20:15:06,1749298506,0,a4cfbf36,1864009988679921152,别来嚯嚯南京
BV1dpTKzjE2i,114634002533526,智驾圈的黄埔军校？百度智驾为啥起了大早，赶了晚集,赛雷话车,2025-06-06 10:18:32,1373432,2163,1,智驾圈的黄埔军校？百度智驾为啥起了大早，赶了晚集,30344021798,0.62900,1,25,16740868,2025-06-07 20:10:46,1749298246,0,868f3a61,1864007810367629824,说了个寂寞，车轱辘啊！~天天产垃圾内容。
BV1dpTKzjE2i,114634002533526,智驾圈的黄埔军校？百度智驾为啥起了大早，赶了晚集,赛雷话车,2025-06-06 10:18:32,1373432,2163,1,智驾圈的黄埔军校？百度智驾为啥起了大早，赶了晚集,30344021798,0.62900,1,25,16765698,2025-06-07 20:10:40,1749298240,0,868f3a61,1864007757041432320,说了个寂寞，车轱辘啊！~天天产垃圾内容。
BV1dpTKzjE2i,114634002533526,智驾圈的黄埔军校？百度智驾为啥起了大早，赶了晚集,赛雷话车,2025-06-06 10:18:32,1373432,2163,1,智驾圈的黄埔军校？百度智驾为啥起了大早，赶了晚集,30344021798,0.62900,1,25,16777215,2025-06-07 20:10:33,1749298233,0,868f3a61,1864007696383335424,省流，说了个寂寞，车轱辘啊！~天天产垃圾内容。
BV1dpTKzjE2i,114634002533526,智驾圈的黄埔军校？百度智驾为啥起了大早，赶了晚集,赛雷话车,2025-06-06 10:18:32,1373432,2163,1,智驾圈的黄埔军校？百度智驾为啥起了大早，赶了晚集,30344021798,129.23900,1,25,16777215,2025-06-07 20:03:26,1749297806,0,b7c216b2,1864004116771190528,无人出租车这个不能推广，失业大批人，肥了资产阶级
BV1dpTKzjE2i,114634002533526,智驾圈的黄埔军校？百度智驾为啥起了大早，赶了晚集,赛雷话车,2025-06-06 10:18:32,1373432,2163,1,智驾圈的黄埔军校？百度智驾为啥起了大早，赶了晚集,30344021798,14.35700,1,25,16777215,2025-06-07 20:00:09,1749297609,0,73190d66,1864002464475330048,黄埔军校的大部分都是俘虏。
BV1dpTKzjE2i,114634002533526,智驾圈的黄埔军校？百度智驾为啥起了大早，赶了晚集,赛雷话车,2025-06-06 10:18:32,1373432,2163,1,智驾圈的黄埔军校？百度智驾为啥起了大早，赶了晚集,30344021798,203.92700,1,25,16777215,2025-06-07 19:55:19,1749297319,0,66471e2f,1864000029052854016,“阿波罗”？就这名字就透着满满的不自信
BV1dpTKzjE2i,114634002533526,智驾圈的黄埔军校？百度智驾为啥起了大早，赶了晚集,赛雷话车,2025-06-06 10:18:32,1373432,2163,1,智驾圈的黄埔军校？百度智驾为啥起了大早，赶了晚集,30344021798,147.20100,1,25,16777215,2025-06-07 19:53:11,1749297191,0,9366a67d,1863998961426694912,留不住人才
BV1dpTKzjE2i,114634002533526,智驾圈的黄埔军校？百度智驾为啥起了大早，赶了晚集,赛雷话车,2025-06-06 10:18:32,1373432,2163,1,智驾圈的黄埔军校？百度智驾为啥起了大早，赶了晚集,30344021798,221.44200,1,25,16777215,2025-06-07 19:52:17,1749297137,0,8c46d354,1863998504692185088,一个能不和交警打招呼就自驾开上路的公司车企哪敢和你玩
BV1dpTKzjE2i,114634002533526,智驾圈的黄埔军校？百度智驾为啥起了大早，赶了晚集,赛雷话车,2025-06-06 10:18:32,1373432,2163,1,智驾圈的黄埔军校？百度智驾为啥起了大早，赶了晚集,30344021798,178.45700,1,25,16777215,2025-06-07 19:50:53,1749297053,0,8c46d354,1863997801735223552,就是因为业务落地不了 分不了大钱 牛人们也就不陪你耗着了
BV1dpTKzjE2i,114634002533526,智驾圈的黄埔军校？百度智驾为啥起了大早，赶了晚集,赛雷话车,2025-06-06 10:18:32,1373432,2163,1,智驾圈的黄埔军校？百度智驾为啥起了大早，赶了晚集,30344021798,142.70600,1,25,16777215,2025-06-07 19:49:48,1749296988,0,8c46d354,1863997258371451904,管理太垃圾 留不住人
BV1dpTKzjE2i,114634002533526,智驾圈的黄埔军校？百度智驾为啥起了大早，赶了晚集,赛雷话车,2025-06-06 10:18:32,1373432,2163,1,智驾圈的黄埔军校？百度智驾为啥起了大早，赶了晚集,30344021798,23.13100,1,25,16777215,2025-06-07 19:48:42,1749296922,0,60ae3762,1863996699639631360,孝
BV1dpTKzjE2i,114634002533526,智驾圈的黄埔军校？百度智驾为啥起了大早，赶了晚集,赛雷话车,2025-06-06 10:18:32,1373432,2163,1,智驾圈的黄埔军校？百度智驾为啥起了大早，赶了晚集,30344021798,21.19700,1,25,16777215,2025-06-07 19:47:02,1749296822,0,8c46d354,1863995860829345024,导航上的字肯定要看一下是什么信息啊
BV1dpTKzjE2i,114634002533526,智驾圈的黄埔军校？百度智驾为啥起了大早，赶了晚集,赛雷话车,2025-06-06 10:18:32,1373432,2163,1,智驾圈的黄埔军校？百度智驾为啥起了大早，赶了晚集,30344021798,58.38000,1,25,16777215,2025-06-07 19:37:15,1749296235,0,fee6f62c,1863990936968375552,国内的互联网公司突出一个不要脸
BV1dpTKzjE2i,114634002533526,智驾圈的黄埔军校？百度智驾为啥起了大早，赶了晚集,赛雷话车,2025-06-06 10:18:32,1373432,2163,1,智驾圈的黄埔军校？百度智驾为啥起了大早，赶了晚集,30344021798,53.05900,1,25,16777215,2025-06-07 19:33:16,1749295996,0,bef5698b,1863988930597387776,通用 底特律牢大
BV1dpTKzjE2i,114634002533526,智驾圈的黄埔军校？百度智驾为啥起了大早，赶了晚集,赛雷话车,2025-06-06 10:18:32,1373432,2163,1,智驾圈的黄埔军校？百度智驾为啥起了大早，赶了晚集,30344021798,345.18800,1,25,16777215,2025-06-07 19:30:33,1749295833,0,568b7ccf,1863987564202294784,高精地图智驾
BV1dpTKzjE2i,114634002533526,智驾圈的黄埔军校？百度智驾为啥起了大早，赶了晚集,赛雷话车,2025-06-06 10:18:32,1373432,2163,1,智驾圈的黄埔军校？百度智驾为啥起了大早，赶了晚集,30344021798,16.03900,1,25,16777215,2025-06-07 19:28:18,1749295698,0,650b6324,1863986434475124480,啊？这有用吗？我从来就是开了导航，然后就只听声音，不怎么看屏幕
BV1dpTKzjE2i,114634002533526,智驾圈的黄埔军校？百度智驾为啥起了大早，赶了晚集,赛雷话车,2025-06-06 10:18:32,1373432,2163,1,智驾圈的黄埔军校？百度智驾为啥起了大早，赶了晚集,30344021798,349.63700,1,25,16777215,2025-06-07 19:15:40,1749294940,0,c5d225bd,1863980072260788736,收费贵是瞎扯淡
BV1dpTKzjE2i,114634002533526,智驾圈的黄埔军校？百度智驾为啥起了大早，赶了晚集,赛雷话车,2025-06-06 10:18:32,1373432,2163,1,智驾圈的黄埔军校？百度智驾为啥起了大早，赶了晚集,30344021798,358.31300,1,25,16777215,2025-06-07 19:10:04,1749294604,0,db0baade,1863977255005465344,武汉的萝卜比网约车便宜很多很多
BV1dpTKzjE2i,114634002533526,智驾圈的黄埔军校？百度智驾为啥起了大早，赶了晚集,赛雷话车,2025-06-06 10:18:32,1373432,2163,1,智驾圈的黄埔军校？百度智驾为啥起了大早，赶了晚集,30344021798,352.95500,1,25,16777215,2025-06-07 19:09:26,1749294566,0,db0baade,1863976937446561536,？？？？
BV1dpTKzjE2i,114634002533526,智驾圈的黄埔军校？百度智驾为啥起了大早，赶了晚集,赛雷话车,2025-06-06 10:18:32,1373432,2163,1,智驾圈的黄埔军校？百度智驾为啥起了大早，赶了晚集,30344021798,33.32000,1,25,16777215,2025-06-07 18:48:15,1749293295,0,f2a0b29,1863966278940270336,京圈魅力时刻
BV1dpTKzjE2i,114634002533526,智驾圈的黄埔军校？百度智驾为啥起了大早，赶了晚集,赛雷话车,2025-06-06 10:18:32,1373432,2163,1,智驾圈的黄埔军校？百度智驾为啥起了大早，赶了晚集,30344021798,375.70100,1,25,16777215,2025-06-07 18:33:19,1749292399,0,d174923e,1863958758150586624,不可能吃得完的，没那能力
BV1dpTKzjE2i,114634002533526,智驾圈的黄埔军校？百度智驾为啥起了大早，赶了晚集,赛雷话车,2025-06-06 10:18:32,1373432,2163,1,智驾圈的黄埔军校？百度智驾为啥起了大早，赶了晚集,30344021798,198.12100,1,25,16777215,2025-06-07 18:29:54,1749292194,0,d174923e,1863957036019649536,比亚迪老是想着投机取巧，研发费是真不怎么给自己公司搞智驾，靠别人的方案，最大的利润都拱手相让，还幻想高端市场……
BV1dpTKzjE2i,114634002533526,智驾圈的黄埔军校？百度智驾为啥起了大早，赶了晚集,赛雷话车,2025-06-06 10:18:32,1373432,2163,1,智驾圈的黄埔军校？百度智驾为啥起了大早，赶了晚集,30344021798,77.71600,1,25,16777215,2025-06-07 18:26:19,1749291979,0,d174923e,1863955238600902656,这些互联网公司，基本是海外资本的狗，起洋名太正常了
BV1dpTKzjE2i,114634002533526,智驾圈的黄埔军校？百度智驾为啥起了大早，赶了晚集,赛雷话车,2025-06-06 10:18:32,1373432,2163,1,智驾圈的黄埔军校？百度智驾为啥起了大早，赶了晚集,30344021798,1.36800,1,25,16777215,2025-06-07 18:18:30,1749291510,0,30b16c4f,1863951305157467904,·阿彌陀佛 阿彌陀佛 阿彌陀佛 ·
BV1dpTKzjE2i,114634002533526,智驾圈的黄埔军校？百度智驾为啥起了大早，赶了晚集,赛雷话车,2025-06-06 10:18:32,1373432,2163,1,智驾圈的黄埔军校？百度智驾为啥起了大早，赶了晚集,30344021798,18.29200,1,25,16777215,2025-06-07 18:13:43,1749291223,0,aa41487e,1863948895940864768,苹果地图中国提供方是高德的……
BV1dpTKzjE2i,114634002533526,智驾圈的黄埔军校？百度智驾为啥起了大早，赶了晚集,赛雷话车,2025-06-06 10:18:32,1373432,2163,1,智驾圈的黄埔军校？百度智驾为啥起了大早，赶了晚集,30344021798,367.91000,1,25,16777215,2025-06-07 18:04:23,1749290663,0,492e692,1863944194385889536,主推给小仙女就行
BV1dpTKzjE2i,114634002533526,智驾圈的黄埔军校？百度智驾为啥起了大早，赶了晚集,赛雷话车,2025-06-06 10:18:32,1373432,2163,1,智驾圈的黄埔军校？百度智驾为啥起了大早，赶了晚集,30344021798,20.41900,1,25,16777215,2025-06-07 17:58:02,1749290282,0,185c6d04,1863941003049222144,是M吗？这么喜欢被抽打
BV1dpTKzjE2i,114634002533526,智驾圈的黄埔军校？百度智驾为啥起了大早，赶了晚集,赛雷话车,2025-06-06 10:18:32,1373432,2163,1,智驾圈的黄埔军校？百度智驾为啥起了大早，赶了晚集,30344021798,2.19500,1,25,16777215,2025-06-07 17:31:12,1749288672,0,2565f002,1863927497499166976,有脑子的人不会相信现在的智驾
BV1dpTKzjE2i,114634002533526,智驾圈的黄埔军校？百度智驾为啥起了大早，赶了晚集,赛雷话车,2025-06-06 10:18:32,1373432,2163,1,智驾圈的黄埔军校？百度智驾为啥起了大早，赶了晚集,30344021798,13.71100,1,25,16777215,2025-06-07 17:23:52,1749288232,0,f402f00f,1863923802619279872,不忘初心
BV1dpTKzjE2i,114634002533526,智驾圈的黄埔军校？百度智驾为啥起了大早，赶了晚集,赛雷话车,2025-06-06 10:18:32,1373432,2163,1,智驾圈的黄埔军校？百度智驾为啥起了大早，赶了晚集,30344021798,15.75200,1,25,16777215,2025-06-07 16:57:40,1749286660,0,881d44c5,1863910617850091776,google map没广告用吧
BV1dpTKzjE2i,114634002533526,智驾圈的黄埔军校？百度智驾为啥起了大早，赶了晚集,赛雷话车,2025-06-06 10:18:32,1373432,2163,1,智驾圈的黄埔军校？百度智驾为啥起了大早，赶了晚集,30344021798,18.92300,5,25,16777215,2025-06-07 16:49:24,1749286164,0,22db2631,1863906458979744768,从来都用高德
BV1dpTKzjE2i,114634002533526,智驾圈的黄埔军校？百度智驾为啥起了大早，赶了晚集,赛雷话车,2025-06-06 10:18:32,1373432,2163,1,智驾圈的黄埔军校？百度智驾为啥起了大早，赶了晚集,30344021798,22.67000,1,25,16777215,2025-06-07 16:46:16,1749285976,0,db1bddde,1863904881820444416,真无所谓，不影响语音导航就行
BV1dpTKzjE2i,114634002533526,智驾圈的黄埔军校？百度智驾为啥起了大早，赶了晚集,赛雷话车,2025-06-06 10:18:32,1373432,2163,1,智驾圈的黄埔军校？百度智驾为啥起了大早，赶了晚集,30344021798,299.77700,1,25,16777215,2025-06-07 16:42:37,1749285757,0,3212beb3,1863903040454233856,还在吹问界呢。
BV1dpTKzjE2i,114634002533526,智驾圈的黄埔军校？百度智驾为啥起了大早，赶了晚集,赛雷话车,2025-06-06 10:18:32,1373432,2163,1,智驾圈的黄埔军校？百度智驾为啥起了大早，赶了晚集,30344021798,4.96900,1,25,16777215,2025-06-07 16:40:21,1749285621,0,404d4047,1863901906020219136,想钱想疯了
BV1dpTKzjE2i,114634002533526,智驾圈的黄埔军校？百度智驾为啥起了大早，赶了晚集,赛雷话车,2025-06-06 10:18:32,1373432,2163,1,智驾圈的黄埔军校？百度智驾为啥起了大早，赶了晚集,30344021798,398.65500,1,25,16777215,2025-06-07 16:35:45,1749285345,0,9d88612e,1863899584187901440,辅助驾驶就够了，跑高速用一用就行，智驾真的没必要
BV1dpTKzjE2i,114634002533526,智驾圈的黄埔军校？百度智驾为啥起了大早，赶了晚集,赛雷话车,2025-06-06 10:18:32,1373432,2163,1,智驾圈的黄埔军校？百度智驾为啥起了大早，赶了晚集,30344021798,31.19100,1,25,16777215,2025-06-07 16:21:13,1749284473,0,3cc77359,1863892268801852416,高德要躺赢了
BV1dpTKzjE2i,114634002533526,智驾圈的黄埔军校？百度智驾为啥起了大早，赶了晚集,赛雷话车,2025-06-06 10:18:32,1373432,2163,1,智驾圈的黄埔军校？百度智驾为啥起了大早，赶了晚集,30344021798,420.81100,1,25,16777215,2025-06-07 16:20:50,1749284450,0,3331df32,1863892074798094592,华米是什么东西？看到米，就想到了营销
BV1dpTKzjE2i,114634002533526,智驾圈的黄埔军校？百度智驾为啥起了大早，赶了晚集,赛雷话车,2025-06-06 10:18:32,1373432,2163,1,智驾圈的黄埔军校？百度智驾为啥起了大早，赶了晚集,30344021798,164.44600,1,25,16777215,2025-06-07 15:46:08,1749282368,0,987da1af,1863874610798417408,楼天城？
BV1dpTKzjE2i,114634002533526,智驾圈的黄埔军校？百度智驾为啥起了大早，赶了晚集,赛雷话车,2025-06-06 10:18:32,1373432,2163,1,智驾圈的黄埔军校？百度智驾为啥起了大早，赶了晚集,30344021798,320.85800,1,25,16777215,2025-06-07 15:38:12,1749281892,0,e4d0372f,1863870618610004480,供应商，员工
BV1dpTKzjE2i,114634002533526,智驾圈的黄埔军校？百度智驾为啥起了大早，赶了晚集,赛雷话车,2025-06-06 10:18:32,1373432,2163,1,智驾圈的黄埔军校？百度智驾为啥起了大早，赶了晚集,30344021798,392.50500,1,25,16777215,2025-06-07 15:37:42,1749281862,0,8a8c4402,1863870366959976704,还没开始你怎么就寄了？
BV1dpTKzjE2i,114634002533526,智驾圈的黄埔军校？百度智驾为啥起了大早，赶了晚集,赛雷话车,2025-06-06 10:18:32,1373432,2163,1,智驾圈的黄埔军校？百度智驾为啥起了大早，赶了晚集,30344021798,117.08000,1,25,16777215,2025-06-07 15:33:15,1749281595,0,b0f64d54,1863868128812396032,别吹了，再吹真以为自己是第一
BV1dpTKzjE2i,114634002533526,智驾圈的黄埔军校？百度智驾为啥起了大早，赶了晚集,赛雷话车,2025-06-06 10:18:32,1373432,2163,1,智驾圈的黄埔军校？百度智驾为啥起了大早，赶了晚集,30344021798,27.79600,1,25,16777215,2025-06-07 15:18:12,1749280692,0,accaa5f0,1863860551953334272,主要是你看广告是上那几个字的时候就能发生车祸了
BV1dpTKzjE2i,114634002533526,智驾圈的黄埔军校？百度智驾为啥起了大早，赶了晚集,赛雷话车,2025-06-06 10:18:32,1373432,2163,1,智驾圈的黄埔军校？百度智驾为啥起了大早，赶了晚集,30344021798,238.70100,1,25,16777215,2025-06-07 14:48:23,1749278903,0,b1b6,1863845543768962048,到底为啥啊
BV1dpTKzjE2i,114634002533526,智驾圈的黄埔军校？百度智驾为啥起了大早，赶了晚集,赛雷话车,2025-06-06 10:18:32,1373432,2163,1,智驾圈的黄埔军校？百度智驾为啥起了大早，赶了晚集,30344021798,51.25900,1,25,16777215,2025-06-07 14:44:39,1749278679,0,4dae6cb4,1863843670089330688,烧了这么多钱，就这实力？
BV1dpTKzjE2i,114634002533526,智驾圈的黄埔军校？百度智驾为啥起了大早，赶了晚集,赛雷话车,2025-06-06 10:18:32,1373432,2163,1,智驾圈的黄埔军校？百度智驾为啥起了大早，赶了晚集,30344021798,377.81700,1,25,16777215,2025-06-07 13:44:37,1749275077,0,a706b023,1863813451311515648,想赚钱的公司就得倒闭 能否真正理解这意思
BV1dpTKzjE2i,114634002533526,智驾圈的黄埔军校？百度智驾为啥起了大早，赶了晚集,赛雷话车,2025-06-06 10:18:32,1373432,2163,1,智驾圈的黄埔军校？百度智驾为啥起了大早，赶了晚集,30344021798,103.75400,1,25,16777215,2025-06-07 13:27:37,1749274057,0,f6222d8e,1863804896332713472,也是最早走的
BV1dpTKzjE2i,114634002533526,智驾圈的黄埔军校？百度智驾为啥起了大早，赶了晚集,赛雷话车,2025-06-06 10:18:32,1373432,2163,1,智驾圈的黄埔军校？百度智驾为啥起了大早，赶了晚集,30344021798,22.03900,1,25,16777215,2025-06-07 13:20:42,1749273642,0,57d28df8,1863801415982980608,高德不是干过了吗
BV1dpTKzjE2i,114634002533526,智驾圈的黄埔军校？百度智驾为啥起了大早，赶了晚集,赛雷话车,2025-06-06 10:18:32,1373432,2163,1,智驾圈的黄埔军校？百度智驾为啥起了大早，赶了晚集,30344021798,100.75200,1,25,16777215,2025-06-07 13:09:22,1749272962,0,4987e74e,1863795707073817344,l4？现在l3都还没上
BV1dpTKzjE2i,114634002533526,智驾圈的黄埔军校？百度智驾为啥起了大早，赶了晚集,赛雷话车,2025-06-06 10:18:32,1373432,2163,1,智驾圈的黄埔军校？百度智驾为啥起了大早，赶了晚集,30344021798,42.89700,1,25,16777215,2025-06-07 13:07:56,1749272876,0,4987e74e,1863794987943718400,高德有广告，只不过是语音的，不怎么影响驾驶
BV1dpTKzjE2i,114634002533526,智驾圈的黄埔军校？百度智驾为啥起了大早，赶了晚集,赛雷话车,2025-06-06 10:18:32,1373432,2163,1,智驾圈的黄埔军校？百度智驾为啥起了大早，赶了晚集,30344021798,336.48600,1,25,16777215,2025-06-07 12:53:47,1749272027,0,f43b89dd,1863787865386200832,只有这个算有点靠谱的
BV1dpTKzjE2i,114634002533526,智驾圈的黄埔军校？百度智驾为啥起了大早，赶了晚集,赛雷话车,2025-06-06 10:18:32,1373432,2163,1,智驾圈的黄埔军校？百度智驾为啥起了大早，赶了晚集,30344021798,166.12100,1,25,16777215,2025-06-07 12:45:59,1749271559,0,efdc9fd4,1863783941539596544,竞业协议只对牛马有用，真大佬人家大公司看上了不是分分钟给你解决
BV1dpTKzjE2i,114634002533526,智驾圈的黄埔军校？百度智驾为啥起了大早，赶了晚集,赛雷话车,2025-06-06 10:18:32,1373432,2163,1,智驾圈的黄埔军校？百度智驾为啥起了大早，赶了晚集,30344021798,28.51600,1,25,16777215,2025-06-07 12:41:36,1749271296,0,18f90f29,1863781733691358720,我看以后会成为常态
BV1dpTKzjE2i,114634002533526,智驾圈的黄埔军校？百度智驾为啥起了大早，赶了晚集,赛雷话车,2025-06-06 10:18:32,1373432,2163,1,智驾圈的黄埔军校？百度智驾为啥起了大早，赶了晚集,30344021798,393.92100,1,25,16777215,2025-06-07 12:28:30,1749270510,0,230889c4,1863775143936135680,国产的宣传搞得跟机器已经100%完全自动驾驶的一样。但现实情况是，只要出了事情都是车主自己全责车企屁事没有。
BV1dpTKzjE2i,114634002533526,智驾圈的黄埔军校？百度智驾为啥起了大早，赶了晚集,赛雷话车,2025-06-06 10:18:32,1373432,2163,1,智驾圈的黄埔军校？百度智驾为啥起了大早，赶了晚集,30344021798,261.56500,1,25,16777215,2025-06-07 12:12:21,1749269541,0,5a7681a7,1863767009234298624,高速上还见过一次
BV1dpTKzjE2i,114634002533526,智驾圈的黄埔军校？百度智驾为啥起了大早，赶了晚集,赛雷话车,2025-06-06 10:18:32,1373432,2163,1,智驾圈的黄埔军校？百度智驾为啥起了大早，赶了晚集,30344021798,4.44100,1,25,16777215,2025-06-07 12:06:36,1749269196,0,19248365,1863764117983120896,答案明显：该企业技术专家无话语权，只有黑心商人说了算！
BV1dpTKzjE2i,114634002533526,智驾圈的黄埔军校？百度智驾为啥起了大早，赶了晚集,赛雷话车,2025-06-06 10:18:32,1373432,2163,1,智驾圈的黄埔军校？百度智驾为啥起了大早，赶了晚集,30344021798,164.43800,1,25,16777215,2025-06-07 12:06:12,1749269172,0,9c0af8fd,1863763914475635456,挖走的公司肯定帮忙解决竞业协议啊
BV1dpTKzjE2i,114634002533526,智驾圈的黄埔军校？百度智驾为啥起了大早，赶了晚集,赛雷话车,2025-06-06 10:18:32,1373432,2163,1,智驾圈的黄埔军校？百度智驾为啥起了大早，赶了晚集,30344021798,248.15100,1,25,16777215,2025-06-07 12:05:07,1749269107,0,aed34afb,1863763372915976448,我们做了这个厂子土壤场地调查
BV1dpTKzjE2i,114634002533526,智驾圈的黄埔军校？百度智驾为啥起了大早，赶了晚集,赛雷话车,2025-06-06 10:18:32,1373432,2163,1,智驾圈的黄埔军校？百度智驾为啥起了大早，赶了晚集,30344021798,20.47300,1,25,16777215,2025-06-07 12:01:17,1749268877,0,83294607,1863761443896705024,高德地图也有这种广告，也没人提…
BV1dpTKzjE2i,114634002533526,智驾圈的黄埔军校？百度智驾为啥起了大早，赶了晚集,赛雷话车,2025-06-06 10:18:32,1373432,2163,1,智驾圈的黄埔军校？百度智驾为啥起了大早，赶了晚集,30344021798,259.28400,1,25,16707842,2025-06-07 12:00:55,1749268855,0,a091d73c,1863761254850803712,不如叫百吉
BV1dpTKzjE2i,114634002533526,智驾圈的黄埔军校？百度智驾为啥起了大早，赶了晚集,赛雷话车,2025-06-06 10:18:32,1373432,2163,1,智驾圈的黄埔军校？百度智驾为啥起了大早，赶了晚集,30344021798,219.81900,5,25,16777215,2025-06-07 11:57:37,1749268657,0,ece39a09,1863759594393234688,弃暗投明
BV1dpTKzjE2i,114634002533526,智驾圈的黄埔军校？百度智驾为啥起了大早，赶了晚集,赛雷话车,2025-06-06 10:18:32,1373432,2163,1,智驾圈的黄埔军校？百度智驾为啥起了大早，赶了晚集,30344021798,45.39500,1,25,16777215,2025-06-07 11:56:31,1749268591,0,69243a33,1863759047027643136,其实这比小米十几年总研发费用的高了已经
BV1dpTKzjE2i,114634002533526,智驾圈的黄埔军校？百度智驾为啥起了大早，赶了晚集,赛雷话车,2025-06-06 10:18:32,1373432,2163,1,智驾圈的黄埔军校？百度智驾为啥起了大早，赶了晚集,30344021798,124.11400,1,25,16777215,2025-06-07 11:51:55,1749268315,0,1c8bdc3,1863756725295974144,蓄水池不要也罢，为了短期利益牺牲科技发展，清朝的教训还不够？！
BV1dpTKzjE2i,114634002533526,智驾圈的黄埔军校？百度智驾为啥起了大早，赶了晚集,赛雷话车,2025-06-06 10:18:32,1373432,2163,1,智驾圈的黄埔军校？百度智驾为啥起了大早，赶了晚集,30344021798,68.38400,1,25,16777215,2025-06-07 11:50:25,1749268225,0,f454a990,1863755971537978880,1500亿自己造车都成了
BV1dpTKzjE2i,114634002533526,智驾圈的黄埔军校？百度智驾为啥起了大早，赶了晚集,赛雷话车,2025-06-06 10:18:32,1373432,2163,1,智驾圈的黄埔军校？百度智驾为啥起了大早，赶了晚集,30344021798,16.67100,1,25,16777215,2025-06-07 11:45:39,1749267939,0,2cf52689,1863753575030290176,2077
BV1dpTKzjE2i,114634002533526,智驾圈的黄埔军校？百度智驾为啥起了大早，赶了晚集,赛雷话车,2025-06-06 10:18:32,1373432,2163,1,智驾圈的黄埔军校？百度智驾为啥起了大早，赶了晚集,30344021798,20.39200,1,25,16777215,2025-06-07 11:44:38,1749267878,0,784c519d,1863753064759671808,高德是每次导航前，语音播报一次，而不是一直显示广告
BV1dpTKzjE2i,114634002533526,智驾圈的黄埔军校？百度智驾为啥起了大早，赶了晚集,赛雷话车,2025-06-06 10:18:32,1373432,2163,1,智驾圈的黄埔军校？百度智驾为啥起了大早，赶了晚集,30344021798,380.44700,1,25,16777215,2025-06-07 11:36:05,1749267365,0,d4334486,1863748758416783104,标题引人，欲扬先抑，看到这里，公关洗地
BV1dpTKzjE2i,114634002533526,智驾圈的黄埔军校？百度智驾为啥起了大早，赶了晚集,赛雷话车,2025-06-06 10:18:32,1373432,2163,1,智驾圈的黄埔军校？百度智驾为啥起了大早，赶了晚集,30344021798,16.02000,1,25,15138834,2025-06-07 11:21:50,1749266510,0,6fc5328e,1863741583355768576,就是一个打广告的公司，换汤不换药
BV1dpTKzjE2i,114634002533526,智驾圈的黄埔军校？百度智驾为啥起了大早，赶了晚集,赛雷话车,2025-06-06 10:18:32,1373432,2163,1,智驾圈的黄埔军校？百度智驾为啥起了大早，赶了晚集,30344021798,16.02000,1,25,16777215,2025-06-07 11:19:24,1749266364,0,54be0591,1863740364096726784,还是高德吧
BV1dpTKzjE2i,114634002533526,智驾圈的黄埔军校？百度智驾为啥起了大早，赶了晚集,赛雷话车,2025-06-06 10:18:32,1373432,2163,1,智驾圈的黄埔军校？百度智驾为啥起了大早，赶了晚集,30344021798,104.13500,1,25,16777215,2025-06-07 11:15:57,1749266157,0,5cf37d57,1863738622931750656,走在钱头
BV1dpTKzjE2i,114634002533526,智驾圈的黄埔军校？百度智驾为啥起了大早，赶了晚集,赛雷话车,2025-06-06 10:18:32,1373432,2163,1,智驾圈的黄埔军校？百度智驾为啥起了大早，赶了晚集,30344021798,51.21100,1,25,16777215,2025-06-07 11:13:54,1749266034,0,c3a05e38,1863737596267120896,烧到股东兜里了
BV1dpTKzjE2i,114634002533526,智驾圈的黄埔军校？百度智驾为啥起了大早，赶了晚集,赛雷话车,2025-06-06 10:18:32,1373432,2163,1,智驾圈的黄埔军校？百度智驾为啥起了大早，赶了晚集,30344021798,29.33100,1,25,16777215,2025-06-07 11:12:19,1749265939,0,93e565a,1863736793854397696,回点血你收费吧，反正我不用
BV1dpTKzjE2i,114634002533526,智驾圈的黄埔军校？百度智驾为啥起了大早，赶了晚集,赛雷话车,2025-06-06 10:18:32,1373432,2163,1,智驾圈的黄埔军校？百度智驾为啥起了大早，赶了晚集,30344021798,22.84300,5,25,16777215,2025-06-07 11:04:34,1749265474,0,55672fe1,1863732897287045632,我寻思高德也没广告啊……
BV1dpTKzjE2i,114634002533526,智驾圈的黄埔军校？百度智驾为啥起了大早，赶了晚集,赛雷话车,2025-06-06 10:18:32,1373432,2163,1,智驾圈的黄埔军校？百度智驾为啥起了大早，赶了晚集,30344021798,60.52500,1,25,16777215,2025-06-07 11:03:22,1749265402,0,19eec8d7,1863732293735653632,进去搞广告
BV1dpTKzjE2i,114634002533526,智驾圈的黄埔军校？百度智驾为啥起了大早，赶了晚集,赛雷话车,2025-06-06 10:18:32,1373432,2163,1,智驾圈的黄埔军校？百度智驾为啥起了大早，赶了晚集,30344021798,431.98600,1,25,16777215,2025-06-07 11:02:36,1749265356,0,7a417536,1863731902591233280,华魔大地
BV1dpTKzjE2i,114634002533526,智驾圈的黄埔军校？百度智驾为啥起了大早，赶了晚集,赛雷话车,2025-06-06 10:18:32,1373432,2163,1,智驾圈的黄埔军校？百度智驾为啥起了大早，赶了晚集,30344021798,417.59200,1,25,15138834,2025-06-07 10:57:16,1749265036,0,ccfd50a2,1863729220426169600,大疆也掉队了
BV1dpTKzjE2i,114634002533526,智驾圈的黄埔军校？百度智驾为啥起了大早，赶了晚集,赛雷话车,2025-06-06 10:18:32,1373432,2163,1,智驾圈的黄埔军校？百度智驾为啥起了大早，赶了晚集,30344021798,59.77000,1,25,16777215,2025-06-07 10:55:46,1749264946,0,1c8c7832,1863728469075632384,扶不起的阿斗
BV1dpTKzjE2i,114634002533526,智驾圈的黄埔军校？百度智驾为啥起了大早，赶了晚集,赛雷话车,2025-06-06 10:18:32,1373432,2163,1,智驾圈的黄埔军校？百度智驾为啥起了大早，赶了晚集,30344021798,391.28700,1,25,16777215,2025-06-07 10:52:56,1749264776,0,6ca304b8,1863727044505591040,现在视频越来越标题党了
BV1dpTKzjE2i,114634002533526,智驾圈的黄埔军校？百度智驾为啥起了大早，赶了晚集,赛雷话车,2025-06-06 10:18:32,1373432,2163,1,智驾圈的黄埔军校？百度智驾为啥起了大早，赶了晚集,30344021798,356.50300,1,25,16777215,2025-06-07 10:49:42,1749264582,0,c03b35aa,1863725414187525888,消息不全面呀，武汉满街都是萝卜，价格比网约车便宜
BV1dpTKzjE2i,114634002533526,智驾圈的黄埔军校？百度智驾为啥起了大早，赶了晚集,赛雷话车,2025-06-06 10:18:32,1373432,2163,1,智驾圈的黄埔军校？百度智驾为啥起了大早，赶了晚集,30344021798,96.81900,1,25,16777215,2025-06-07 10:48:23,1749264503,0,7697178a,1863724753685521920,自己吹逼L4，自己就还真信了
BV1dpTKzjE2i,114634002533526,智驾圈的黄埔军校？百度智驾为啥起了大早，赶了晚集,赛雷话车,2025-06-06 10:18:32,1373432,2163,1,智驾圈的黄埔军校？百度智驾为啥起了大早，赶了晚集,30344021798,22.01300,1,25,16777215,2025-06-07 10:47:29,1749264449,0,40dc7024,1863724301379843584,不是高德刚被骂完吗
BV1dpTKzjE2i,114634002533526,智驾圈的黄埔军校？百度智驾为啥起了大早，赶了晚集,赛雷话车,2025-06-06 10:18:32,1373432,2163,1,智驾圈的黄埔军校？百度智驾为啥起了大早，赶了晚集,30344021798,14.71400,1,25,16777215,2025-06-07 10:29:59,1749263399,0,5b47db3c,1863715488551835648,苹果把数据都送给你美爹，使劲用
BV1dpTKzjE2i,114634002533526,智驾圈的黄埔军校？百度智驾为啥起了大早，赶了晚集,赛雷话车,2025-06-06 10:18:32,1373432,2163,1,智驾圈的黄埔军校？百度智驾为啥起了大早，赶了晚集,30344021798,1.84400,1,25,16777215,2025-06-07 10:15:36,1749262536,0,c994c135,1863708253461660416,菜是原罪
BV1dpTKzjE2i,114634002533526,智驾圈的黄埔军校？百度智驾为啥起了大早，赶了晚集,赛雷话车,2025-06-06 10:18:32,1373432,2163,1,智驾圈的黄埔军校？百度智驾为啥起了大早，赶了晚集,30344021798,65.60200,1,25,16777215,2025-06-07 10:05:12,1749261912,0,909e252,1863703014364838144,智驾途中，先看几十秒广告再操作
BV1dpTKzjE2i,114634002533526,智驾圈的黄埔军校？百度智驾为啥起了大早，赶了晚集,赛雷话车,2025-06-06 10:18:32,1373432,2163,1,智驾圈的黄埔军校？百度智驾为啥起了大早，赶了晚集,30344021798,14.12000,1,25,16777215,2025-06-07 09:53:45,1749261225,0,b25b451c,1863697253001242368,不老实做产品
BV1dpTKzjE2i,114634002533526,智驾圈的黄埔军校？百度智驾为啥起了大早，赶了晚集,赛雷话车,2025-06-06 10:18:32,1373432,2163,1,智驾圈的黄埔军校？百度智驾为啥起了大早，赶了晚集,30344021798,40.03300,1,25,16777215,2025-06-07 09:39:56,1749260396,0,132f994,1863690297906308608,腾讯：你们聊吧……
BV1dpTKzjE2i,114634002533526,智驾圈的黄埔军校？百度智驾为啥起了大早，赶了晚集,赛雷话车,2025-06-06 10:18:32,1373432,2163,1,智驾圈的黄埔军校？百度智驾为啥起了大早，赶了晚集,30344021798,7.87300,1,25,16777215,2025-06-07 09:23:12,1749259392,0,4b5a2c42,1863681876255020032,虚空
BV1dpTKzjE2i,114634002533526,智驾圈的黄埔军校？百度智驾为啥起了大早，赶了晚集,赛雷话车,2025-06-06 10:18:32,1373432,2163,1,智驾圈的黄埔军校？百度智驾为啥起了大早，赶了晚集,30344021798,23.17700,1,25,16777215,2025-06-07 09:00:49,1749258049,0,9624930d,1863670607049206272,我从没见过高德有这种广告
BV1dpTKzjE2i,114634002533526,智驾圈的黄埔军校？百度智驾为啥起了大早，赶了晚集,赛雷话车,2025-06-06 10:18:32,1373432,2163,1,智驾圈的黄埔军校？百度智驾为啥起了大早，赶了晚集,30344021798,202.00400,1,25,16777215,2025-06-07 08:55:41,1749257741,0,8b6f65a7,1863668030488240640,全都黄了、还是打铁看自生硬
BV1dpTKzjE2i,114634002533526,智驾圈的黄埔军校？百度智驾为啥起了大早，赶了晚集,赛雷话车,2025-06-06 10:18:32,1373432,2163,1,智驾圈的黄埔军校？百度智驾为啥起了大早，赶了晚集,30344021798,12.59500,1,25,16777215,2025-06-07 08:54:54,1749257694,0,e94ac477,1863667630889096704,又不想掏钱，又不要广告，矫情
BV1dpTKzjE2i,114634002533526,智驾圈的黄埔军校？百度智驾为啥起了大早，赶了晚集,赛雷话车,2025-06-06 10:18:32,1373432,2163,1,智驾圈的黄埔军校？百度智驾为啥起了大早，赶了晚集,30344021798,246.77900,1,25,16777215,2025-06-07 08:53:28,1749257608,0,17fe6c71,1863666912278515200,然后把吉利坑了
BV1dpTKzjE2i,114634002533526,智驾圈的黄埔军校？百度智驾为啥起了大早，赶了晚集,赛雷话车,2025-06-06 10:18:32,1373432,2163,1,智驾圈的黄埔军校？百度智驾为啥起了大早，赶了晚集,30344021798,23.05200,1,25,16777215,2025-06-07 08:14:14,1749255254,0,e268dcab,1863647165226967808,开车玩手机的吃东西的喝水的抽烟的聊天的太多了
BV1dpTKzjE2i,114634002533526,智驾圈的黄埔军校？百度智驾为啥起了大早，赶了晚集,赛雷话车,2025-06-06 10:18:32,1373432,2163,1,智驾圈的黄埔军校？百度智驾为啥起了大早，赶了晚集,30344021798,95.67100,1,25,16777215,2025-06-07 07:56:51,1749254211,0,6e6d7bd2,1863638418584688384,这么多年在干啥啊
BV1dpTKzjE2i,114634002533526,智驾圈的黄埔军校？百度智驾为啥起了大早，赶了晚集,赛雷话车,2025-06-06 10:18:32,1373432,2163,1,智驾圈的黄埔军校？百度智驾为啥起了大早，赶了晚集,30344021798,5.86700,1,25,16777215,2025-06-07 07:53:17,1749253997,0,6e6d7bd2,1863636620662636544,离谱
BV1dpTKzjE2i,114634002533526,智驾圈的黄埔军校？百度智驾为啥起了大早，赶了晚集,赛雷话车,2025-06-06 10:18:32,1373432,2163,1,智驾圈的黄埔军校？百度智驾为啥起了大早，赶了晚集,30344021798,43.11600,1,25,16777215,2025-06-07 07:20:35,1749252035,0,d4de7c10,1863620163966983936,现在真成骨灰了
BV1dpTKzjE2i,114634002533526,智驾圈的黄埔军校？百度智驾为啥起了大早，赶了晚集,赛雷话车,2025-06-06 10:18:32,1373432,2163,1,智驾圈的黄埔军校？百度智驾为啥起了大早，赶了晚集,30344021798,226.43400,1,25,16777215,2025-06-07 07:09:39,1749251379,0,f68c246d,1863614659262100480,冷知识：金龙董明珠说的算
BV1dpTKzjE2i,114634002533526,智驾圈的黄埔军校？百度智驾为啥起了大早，赶了晚集,赛雷话车,2025-06-06 10:18:32,1373432,2163,1,智驾圈的黄埔军校？百度智驾为啥起了大早，赶了晚集,30344021798,409.91900,1,25,16777215,2025-06-07 07:05:33,1749251133,0,8b0e01f6,1863612598264581888,这四个我不服，我小米才是天下第一
BV1dpTKzjE2i,114634002533526,智驾圈的黄埔军校？百度智驾为啥起了大早，赶了晚集,赛雷话车,2025-06-06 10:18:32,1373432,2163,1,智驾圈的黄埔军校？百度智驾为啥起了大早，赶了晚集,30344021798,30.86200,1,25,16777215,2025-06-07 06:59:05,1749250745,0,fc1a2c32,1863609344693252096,这是逼我换企鹅导航是吧。。。
BV1dpTKzjE2i,114634002533526,智驾圈的黄埔军校？百度智驾为啥起了大早，赶了晚集,赛雷话车,2025-06-06 10:18:32,1373432,2163,1,智驾圈的黄埔军校？百度智驾为啥起了大早，赶了晚集,30344021798,36.25200,1,25,16777215,2025-06-07 04:43:23,1749242603,0,bcdd7587,1863541037230921728,搜索也不行了吧。
BV1dpTKzjE2i,114634002533526,智驾圈的黄埔军校？百度智驾为啥起了大早，赶了晚集,赛雷话车,2025-06-06 10:18:32,1373432,2163,1,智驾圈的黄埔军校？百度智驾为啥起了大早，赶了晚集,30344021798,159.19800,1,25,16777215,2025-06-07 03:23:35,1749237815,0,341c75aa,1863500879781862400,高管得罪了HR？
BV1dpTKzjE2i,114634002533526,智驾圈的黄埔军校？百度智驾为啥起了大早，赶了晚集,赛雷话车,2025-06-06 10:18:32,1373432,2163,1,智驾圈的黄埔军校？百度智驾为啥起了大早，赶了晚集,30344021798,424.27100,1,25,16777215,2025-06-07 03:06:16,1749236776,0,430a9b04,1863492161526621952,留给他的还能有什么车企？他不像华为一样，能扶持出来五界
BV1dpTKzjE2i,114634002533526,智驾圈的黄埔军校？百度智驾为啥起了大早，赶了晚集,赛雷话车,2025-06-06 10:18:32,1373432,2163,1,智驾圈的黄埔军校？百度智驾为啥起了大早，赶了晚集,30344021798,145.38500,1,25,16777215,2025-06-07 02:29:51,1749234591,0,3d3b6cb7,1863473827015675392,垃圾公司
BV1dpTKzjE2i,114634002533526,智驾圈的黄埔军校？百度智驾为啥起了大早，赶了晚集,赛雷话车,2025-06-06 10:18:32,1373432,2163,1,智驾圈的黄埔军校？百度智驾为啥起了大早，赶了晚集,30344021798,334.40400,1,25,16777215,2025-06-07 02:24:18,1749234258,0,578f11e1,1863471037007222272,东莞有一块地在跑
BV1dpTKzjE2i,114634002533526,智驾圈的黄埔军校？百度智驾为啥起了大早，赶了晚集,赛雷话车,2025-06-06 10:18:32,1373432,2163,1,智驾圈的黄埔军校？百度智驾为啥起了大早，赶了晚集,30344021798,430.89100,1,25,16777215,2025-06-07 02:04:34,1749233074,0,5763b88c,1863461103259426304,华魔大帝
BV1dpTKzjE2i,114634002533526,智驾圈的黄埔军校？百度智驾为啥起了大早，赶了晚集,赛雷话车,2025-06-06 10:18:32,1373432,2163,1,智驾圈的黄埔军校？百度智驾为啥起了大早，赶了晚集,30344021798,23.49900,1,25,16777215,2025-06-07 01:31:14,1749231074,0,8073a9a4,1863444332183936512,为资本家辩解也是算神了
BV1dpTKzjE2i,114634002533526,智驾圈的黄埔军校？百度智驾为啥起了大早，赶了晚集,赛雷话车,2025-06-06 10:18:32,1373432,2163,1,智驾圈的黄埔军校？百度智驾为啥起了大早，赶了晚集,30344021798,1.89100,1,25,16777215,2025-06-07 01:30:42,1749231042,0,9cd959f4,1863444059646093312,因为它主业是卖假药
BV1dpTKzjE2i,114634002533526,智驾圈的黄埔军校？百度智驾为啥起了大早，赶了晚集,赛雷话车,2025-06-06 10:18:32,1373432,2163,1,智驾圈的黄埔军校？百度智驾为啥起了大早，赶了晚集,30344021798,354.21400,1,25,16777215,2025-06-07 01:21:38,1749230498,0,fe03c07f,1863439493777424640,？
BV1dpTKzjE2i,114634002533526,智驾圈的黄埔军校？百度智驾为啥起了大早，赶了晚集,赛雷话车,2025-06-06 10:18:32,1373432,2163,1,智驾圈的黄埔军校？百度智驾为啥起了大早，赶了晚集,30344021798,117.74300,1,25,16777215,2025-06-07 01:09:11,1749229751,0,6fa64ff2,1863433229475278848,可惜都被人挖走了
BV1dpTKzjE2i,114634002533526,智驾圈的黄埔军校？百度智驾为啥起了大早，赶了晚集,赛雷话车,2025-06-06 10:18:32,1373432,2163,1,智驾圈的黄埔军校？百度智驾为啥起了大早，赶了晚集,30344021798,264.22100,1,25,16777215,2025-06-07 01:04:54,1749229494,0,825dcd59,1863431076925122048,小鹏mona
BV1dpTKzjE2i,114634002533526,智驾圈的黄埔军校？百度智驾为啥起了大早，赶了晚集,赛雷话车,2025-06-06 10:18:32,1373432,2163,1,智驾圈的黄埔军校？百度智驾为啥起了大早，赶了晚集,30344021798,48.32500,1,25,16777215,2025-06-07 01:04:38,1749229478,0,aef92f5,1863430939695673344,音乐，贴吧，知道，视频哪个不是哦
BV1dpTKzjE2i,114634002533526,智驾圈的黄埔军校？百度智驾为啥起了大早，赶了晚集,赛雷话车,2025-06-06 10:18:32,1373432,2163,1,智驾圈的黄埔军校？百度智驾为啥起了大早，赶了晚集,30344021798,103.30300,1,25,16777215,2025-06-07 00:49:12,1749228552,0,41f0a1cf,1863423169596216832,ppt写在了前面而已
BV1dpTKzjE2i,114634002533526,智驾圈的黄埔军校？百度智驾为啥起了大早，赶了晚集,赛雷话车,2025-06-06 10:18:32,1373432,2163,1,智驾圈的黄埔军校？百度智驾为啥起了大早，赶了晚集,30344021798,75.63900,1,25,16777215,2025-06-07 00:48:13,1749228493,0,41f0a1cf,1863422679298684160,骗了个哪吒还要骗别人。。。。
BV1dpTKzjE2i,114634002533526,智驾圈的黄埔军校？百度智驾为啥起了大早，赶了晚集,赛雷话车,2025-06-06 10:18:32,1373432,2163,1,智驾圈的黄埔军校？百度智驾为啥起了大早，赶了晚集,30344021798,58.84600,1,25,16777215,2025-06-07 00:47:41,1749228461,0,41f0a1cf,1863422407876909056,广告公司搞什么科技？？？
BV1dpTKzjE2i,114634002533526,智驾圈的黄埔军校？百度智驾为啥起了大早，赶了晚集,赛雷话车,2025-06-06 10:18:32,1373432,2163,1,智驾圈的黄埔军校？百度智驾为啥起了大早，赶了晚集,30344021798,25.92600,1,25,16777215,2025-06-07 00:30:46,1749227446,0,8d04772b,1863413897156262656,就他要回血，别人就不用回血是吧
BV1dpTKzjE2i,114634002533526,智驾圈的黄埔军校？百度智驾为啥起了大早，赶了晚集,赛雷话车,2025-06-06 10:18:32,1373432,2163,1,智驾圈的黄埔军校？百度智驾为啥起了大早，赶了晚集,30344021798,137.74400,1,25,16777215,2025-06-07 00:29:44,1749227384,0,f0f58924,1863413370477300480,怎么感觉都是些没啥名气的公司
BV1dpTKzjE2i,114634002533526,智驾圈的黄埔军校？百度智驾为啥起了大早，赶了晚集,赛雷话车,2025-06-06 10:18:32,1373432,2163,1,智驾圈的黄埔军校？百度智驾为啥起了大早，赶了晚集,30344021798,402.81300,5,25,16777215,2025-06-07 00:25:48,1749227148,0,b5616dc6,1863411395111571712,不如小米
BV1dpTKzjE2i,114634002533526,智驾圈的黄埔军校？百度智驾为啥起了大早，赶了晚集,赛雷话车,2025-06-06 10:18:32,1373432,2163,1,智驾圈的黄埔军校？百度智驾为啥起了大早，赶了晚集,30344021798,23.61400,1,25,16777215,2025-06-07 00:21:14,1749226874,0,b8505a57,1863409095206876416,那我用高德吧
BV1dpTKzjE2i,114634002533526,智驾圈的黄埔军校？百度智驾为啥起了大早，赶了晚集,赛雷话车,2025-06-06 10:18:32,1373432,2163,1,智驾圈的黄埔军校？百度智驾为啥起了大早，赶了晚集,30344021798,170.87800,1,25,16777215,2025-06-07 00:18:19,1749226699,0,3e66d107,1863407627041116672,竞业协议赔钱就行了，又不用坐牢
BV1dpTKzjE2i,114634002533526,智驾圈的黄埔军校？百度智驾为啥起了大早，赶了晚集,赛雷话车,2025-06-06 10:18:32,1373432,2163,1,智驾圈的黄埔军校？百度智驾为啥起了大早，赶了晚集,30344021798,203.79900,5,25,41194,2025-06-06 23:58:35,1749225515,0,bdf8acdd,1863397698535899392,老马没啦
BV1dpTKzjE2i,114634002533526,智驾圈的黄埔军校？百度智驾为啥起了大早，赶了晚集,赛雷话车,2025-06-06 10:18:32,1373432,2163,1,智驾圈的黄埔军校？百度智驾为啥起了大早，赶了晚集,30344021798,245.44100,1,25,16707842,2025-06-06 23:57:12,1749225432,0,9368c21c,1863396997785580800,李总的人品不行
BV1dpTKzjE2i,114634002533526,智驾圈的黄埔军校？百度智驾为啥起了大早，赶了晚集,赛雷话车,2025-06-06 10:18:32,1373432,2163,1,智驾圈的黄埔军校？百度智驾为啥起了大早，赶了晚集,30344021798,314.88800,1,25,16777215,2025-06-06 23:37:53,1749224273,0,a4f29e02,1863387280254306560,可惜了，其实一直在增长的，就是涨的慢
BV1dpTKzjE2i,114634002533526,智驾圈的黄埔军校？百度智驾为啥起了大早，赶了晚集,赛雷话车,2025-06-06 10:18:32,1373432,2163,1,智驾圈的黄埔军校？百度智驾为啥起了大早，赶了晚集,30344021798,229.11800,1,25,16777215,2025-06-06 23:22:03,1749223323,0,4478192e,1863379310942445568,荣都电车
BV1dpTKzjE2i,114634002533526,智驾圈的黄埔军校？百度智驾为啥起了大早，赶了晚集,赛雷话车,2025-06-06 10:18:32,1373432,2163,1,智驾圈的黄埔军校？百度智驾为啥起了大早，赶了晚集,30344021798,106.76700,1,25,16777215,2025-06-06 23:17:11,1749223031,0,3e09e85e,1863376861393214464,然后声音越来越小
BV1dpTKzjE2i,114634002533526,智驾圈的黄埔军校？百度智驾为啥起了大早，赶了晚集,赛雷话车,2025-06-06 10:18:32,1373432,2163,1,智驾圈的黄埔军校？百度智驾为啥起了大早，赶了晚集,30344021798,225.22700,1,25,16777215,2025-06-06 23:08:24,1749222504,0,a394538c,1863372434162933248,广州的官周岛上面还有
BV1dpTKzjE2i,114634002533526,智驾圈的黄埔军校？百度智驾为啥起了大早，赶了晚集,赛雷话车,2025-06-06 10:18:32,1373432,2163,1,智驾圈的黄埔军校？百度智驾为啥起了大早，赶了晚集,30344021798,27.24600,1,25,16777215,2025-06-06 22:59:16,1749221956,0,e861b3fc,1863367843564021504,放屁，商家交钱，厂商付费，怎么不赚钱？
BV1dpTKzjE2i,114634002533526,智驾圈的黄埔军校？百度智驾为啥起了大早，赶了晚集,赛雷话车,2025-06-06 10:18:32,1373432,2163,1,智驾圈的黄埔军校？百度智驾为啥起了大早，赶了晚集,30344021798,151.10100,1,25,16777215,2025-06-06 22:42:57,1749220977,0,e732c8ce,1863359632467804672,智能辅助驾驶，简称智驾没毛病
BV1dpTKzjE2i,114634002533526,智驾圈的黄埔军校？百度智驾为啥起了大早，赶了晚集,赛雷话车,2025-06-06 10:18:32,1373432,2163,1,智驾圈的黄埔军校？百度智驾为啥起了大早，赶了晚集,30344021798,158.54700,1,25,16777215,2025-06-06 22:35:58,1749220558,0,d288769b,1863356110938241536,这里面竟然没有华为
BV1dpTKzjE2i,114634002533526,智驾圈的黄埔军校？百度智驾为啥起了大早，赶了晚集,赛雷话车,2025-06-06 10:18:32,1373432,2163,1,智驾圈的黄埔军校？百度智驾为啥起了大早，赶了晚集,30344021798,106.29100,1,25,16777215,2025-06-06 22:21:32,1749219692,0,1e92c186,1863348847208941056,和国家意志撞车了。出租车、网约车可是个不小的蓄水池。
BV1dpTKzjE2i,114634002533526,智驾圈的黄埔军校？百度智驾为啥起了大早，赶了晚集,赛雷话车,2025-06-06 10:18:32,1373432,2163,1,智驾圈的黄埔军校？百度智驾为啥起了大早，赶了晚集,30344021798,87.23400,1,25,16777215,2025-06-06 22:15:02,1749219302,0,25384d9b,1863345579317267968,起太早，赶集时太困睡着了
BV1dpTKzjE2i,114634002533526,智驾圈的黄埔军校？百度智驾为啥起了大早，赶了晚集,赛雷话车,2025-06-06 10:18:32,1373432,2163,1,智驾圈的黄埔军校？百度智驾为啥起了大早，赶了晚集,30344021798,355.84900,1,25,16777215,2025-06-06 22:09:39,1749218979,0,c6e10f20,1863342870476591616,主要是抢了出租车的饭碗啊
BV1dpTKzjE2i,114634002533526,智驾圈的黄埔军校？百度智驾为啥起了大早，赶了晚集,赛雷话车,2025-06-06 10:18:32,1373432,2163,1,智驾圈的黄埔军校？百度智驾为啥起了大早，赶了晚集,30344021798,296.71500,1,25,16777215,2025-06-06 22:01:16,1749218476,0,fb7ad32f,1863338649991769856,然后就把吉利给坑进去了
BV1dpTKzjE2i,114634002533526,智驾圈的黄埔军校？百度智驾为啥起了大早，赶了晚集,赛雷话车,2025-06-06 10:18:32,1373432,2163,1,智驾圈的黄埔军校？百度智驾为啥起了大早，赶了晚集,30344021798,64.74800,1,25,16777215,2025-06-06 21:55:11,1749218111,0,13b99166,1863335588620006144,用它们的智驾需要开VIP解锁限速吗
BV1dpTKzjE2i,114634002533526,智驾圈的黄埔军校？百度智驾为啥起了大早，赶了晚集,赛雷话车,2025-06-06 10:18:32,1373432,2163,1,智驾圈的黄埔军校？百度智驾为啥起了大早，赶了晚集,30344021798,7.01300,1,25,16777215,2025-06-06 21:51:20,1749217880,0,13b99166,1863333647663997696,离谱
BV1dpTKzjE2i,114634002533526,智驾圈的黄埔军校？百度智驾为啥起了大早，赶了晚集,赛雷话车,2025-06-06 10:18:32,1373432,2163,1,智驾圈的黄埔军校？百度智驾为啥起了大早，赶了晚集,30344021798,189.10700,5,25,16777215,2025-06-06 21:48:02,1749217682,0,d50489db,1863331988036547328,这涂装我还以为是宝马出租车呢
BV1dpTKzjE2i,114634002533526,智驾圈的黄埔军校？百度智驾为啥起了大早，赶了晚集,赛雷话车,2025-06-06 10:18:32,1373432,2163,1,智驾圈的黄埔军校？百度智驾为啥起了大早，赶了晚集,30344021798,217.64100,1,25,16777215,2025-06-06 21:45:13,1749217513,0,be088e63,1863330571854878464,泰迪又在吹，迪子是供应商方案OK？
BV1dpTKzjE2i,114634002533526,智驾圈的黄埔军校？百度智驾为啥起了大早，赶了晚集,赛雷话车,2025-06-06 10:18:32,1373432,2163,1,智驾圈的黄埔军校？百度智驾为啥起了大早，赶了晚集,30344021798,102.25300,1,25,16777215,2025-06-06 21:30:11,1749216611,0,76d0ed01,1863323000767103744,我们都亲切的说，苕萝卜
BV1dpTKzjE2i,114634002533526,智驾圈的黄埔军校？百度智驾为啥起了大早，赶了晚集,赛雷话车,2025-06-06 10:18:32,1373432,2163,1,智驾圈的黄埔军校？百度智驾为啥起了大早，赶了晚集,30344021798,358.39100,1,25,16646914,2025-06-06 20:57:43,1749214663,0,d3e8100e,1863306665168888064,勺萝卜超级遵守交规，在武汉被一切人类开的车加塞~体验过一次，5分钟的路程30分钟到的，绝不会再坐第二次了
BV1dpTKzjE2i,114634002533526,智驾圈的黄埔军校？百度智驾为啥起了大早，赶了晚集,赛雷话车,2025-06-06 10:18:32,1373432,2163,1,智驾圈的黄埔军校？百度智驾为啥起了大早，赶了晚集,30344021798,27.76600,1,25,16777215,2025-06-06 20:57:24,1749214644,0,1b97c19c,1863306503822975744,免费使用，呵呵，那你倒是收费啊，看看是靠免费赚钱还是收费赚钱
BV1dpTKzjE2i,114634002533526,智驾圈的黄埔军校？百度智驾为啥起了大早，赶了晚集,赛雷话车,2025-06-06 10:18:32,1373432,2163,1,智驾圈的黄埔军校？百度智驾为啥起了大早，赶了晚集,30344021798,114.07900,1,25,16777215,2025-06-06 20:50:44,1749214244,0,220d353,1863303148841200640,最后都给别人培养了
BV1dpTKzjE2i,114634002533526,智驾圈的黄埔军校？百度智驾为啥起了大早，赶了晚集,赛雷话车,2025-06-06 10:18:32,1373432,2163,1,智驾圈的黄埔军校？百度智驾为啥起了大早，赶了晚集,30344021798,355.55500,1,25,16777215,2025-06-06 20:45:13,1749213913,0,5cb9985f,1863300370248952576,6
BV1dpTKzjE2i,114634002533526,智驾圈的黄埔军校？百度智驾为啥起了大早，赶了晚集,赛雷话车,2025-06-06 10:18:32,1373432,2163,1,智驾圈的黄埔军校？百度智驾为啥起了大早，赶了晚集,30344021798,352.69500,1,25,16777215,2025-06-06 20:43:51,1749213831,0,38fe7823,1863299687323626240,啊？
BV1dpTKzjE2i,114634002533526,智驾圈的黄埔军校？百度智驾为啥起了大早，赶了晚集,赛雷话车,2025-06-06 10:18:32,1373432,2163,1,智驾圈的黄埔军校？百度智驾为啥起了大早，赶了晚集,30344021798,116.11400,1,25,16777215,2025-06-06 20:32:51,1749213171,0,7c7286a2,1863294143988831232,学生打校长，学弟打学长
BV1dpTKzjE2i,114634002533526,智驾圈的黄埔军校？百度智驾为啥起了大早，赶了晚集,赛雷话车,2025-06-06 10:18:32,1373432,2163,1,智驾圈的黄埔军校？百度智驾为啥起了大早，赶了晚集,30344021798,361.61900,1,25,16777215,2025-06-06 20:25:27,1749212727,0,b451a100,1863290423373106432,还更贵是什么意思，滑稽
BV1dpTKzjE2i,114634002533526,智驾圈的黄埔军校？百度智驾为啥起了大早，赶了晚集,赛雷话车,2025-06-06 10:18:32,1373432,2163,1,智驾圈的黄埔军校？百度智驾为啥起了大早，赶了晚集,30344021798,161.38600,1,25,16777215,2025-06-06 20:13:08,1749211988,0,d78b01cd,1863284225223371008,为什么离开呢
BV1dpTKzjE2i,114634002533526,智驾圈的黄埔军校？百度智驾为啥起了大早，赶了晚集,赛雷话车,2025-06-06 10:18:32,1373432,2163,1,智驾圈的黄埔军校？百度智驾为啥起了大早，赶了晚集,30344021798,245.71600,1,25,16777215,2025-06-06 20:10:37,1749211837,0,cd1ef07f,1863282958526558464,吉百
BV1dpTKzjE2i,114634002533526,智驾圈的黄埔军校？百度智驾为啥起了大早，赶了晚集,赛雷话车,2025-06-06 10:18:32,1373432,2163,1,智驾圈的黄埔军校？百度智驾为啥起了大早，赶了晚集,30344021798,11.58800,1,25,16707842,2025-06-06 20:08:49,1749211729,0,17b96470,1863282054394457600,用苹果自带的就够了啊
BV1dpTKzjE2i,114634002533526,智驾圈的黄埔军校？百度智驾为啥起了大早，赶了晚集,赛雷话车,2025-06-06 10:18:32,1373432,2163,1,智驾圈的黄埔军校？百度智驾为啥起了大早，赶了晚集,30344021798,76.42600,1,25,16777215,2025-06-06 20:07:27,1749211647,0,4dcebc05,1863281360874540800,"每次提到阿波罗....我就想到了阿波罗男子医院,还有玛利亚女子医院...."
BV1dpTKzjE2i,114634002533526,智驾圈的黄埔军校？百度智驾为啥起了大早，赶了晚集,赛雷话车,2025-06-06 10:18:32,1373432,2163,1,智驾圈的黄埔军校？百度智驾为啥起了大早，赶了晚集,30344021798,150.75200,1,25,16777215,2025-06-06 20:00:48,1749211248,0,878d2cdd,1863278014029313280,全是一群天才高管，外战外行，内战内行
BV1dpTKzjE2i,114634002533526,智驾圈的黄埔军校？百度智驾为啥起了大早，赶了晚集,赛雷话车,2025-06-06 10:18:32,1373432,2163,1,智驾圈的黄埔军校？百度智驾为啥起了大早，赶了晚集,30344021798,237.52400,1,25,16777215,2025-06-06 19:58:56,1749211136,0,e05d7de,1863277078305120512,我大极越就是
BV1dpTKzjE2i,114634002533526,智驾圈的黄埔军校？百度智驾为啥起了大早，赶了晚集,赛雷话车,2025-06-06 10:18:32,1373432,2163,1,智驾圈的黄埔军校？百度智驾为啥起了大早，赶了晚集,30344021798,312.41000,1,25,16777215,2025-06-06 19:55:37,1749210937,0,f046f851,1863275410684125952,太多反人类设计
BV1dpTKzjE2i,114634002533526,智驾圈的黄埔军校？百度智驾为啥起了大早，赶了晚集,赛雷话车,2025-06-06 10:18:32,1373432,2163,1,智驾圈的黄埔军校？百度智驾为啥起了大早，赶了晚集,30344021798,17.99200,1,25,16777215,2025-06-06 19:54:36,1749210876,0,c3befc00,1863274893274258176,",垃圾企业！"
BV1dpTKzjE2i,114634002533526,智驾圈的黄埔军校？百度智驾为啥起了大早，赶了晚集,赛雷话车,2025-06-06 10:18:32,1373432,2163,1,智驾圈的黄埔军校？百度智驾为啥起了大早，赶了晚集,30344021798,381.10400,1,25,16777215,2025-06-06 19:53:43,1749210823,0,179d9447,1863274454835803648,感谢还在嘴硬送的飞机
BV1dpTKzjE2i,114634002533526,智驾圈的黄埔军校？百度智驾为啥起了大早，赶了晚集,赛雷话车,2025-06-06 10:18:32,1373432,2163,1,智驾圈的黄埔军校？百度智驾为啥起了大早，赶了晚集,30344021798,356.09100,1,25,16777215,2025-06-06 19:53:00,1749210780,0,179d9447,1863274094133901312,哈，开始了
BV1dpTKzjE2i,114634002533526,智驾圈的黄埔军校？百度智驾为啥起了大早，赶了晚集,赛雷话车,2025-06-06 10:18:32,1373432,2163,1,智驾圈的黄埔军校？百度智驾为啥起了大早，赶了晚集,30344021798,152.50300,1,25,16777215,2025-06-06 19:40:50,1749210050,0,6dd5a652,1863267969804282624,这谁还花钱培养人才了
BV1dpTKzjE2i,114634002533526,智驾圈的黄埔军校？百度智驾为啥起了大早，赶了晚集,赛雷话车,2025-06-06 10:18:32,1373432,2163,1,智驾圈的黄埔军校？百度智驾为啥起了大早，赶了晚集,30344021798,29.51000,1,25,16777215,2025-06-06 19:38:32,1749209912,0,6dd5a652,1863266809743459584,不爱用就不用呗
BV1dpTKzjE2i,114634002533526,智驾圈的黄埔军校？百度智驾为啥起了大早，赶了晚集,赛雷话车,2025-06-06 10:18:32,1373432,2163,1,智驾圈的黄埔军校？百度智驾为啥起了大早，赶了晚集,30344021798,388.34800,1,25,16777215,2025-06-06 19:29:09,1749209349,0,ebb547eb,1863262082813382144,不这么说，明天就辞退了他
BV1dpTKzjE2i,114634002533526,智驾圈的黄埔军校？百度智驾为啥起了大早，赶了晚集,赛雷话车,2025-06-06 10:18:32,1373432,2163,1,智驾圈的黄埔军校？百度智驾为啥起了大早，赶了晚集,30344021798,38.88000,1,25,16777215,2025-06-06 19:09:29,1749208169,0,6302f7e2,1863252184624645632,←兄弟，记得的，但记得你又能奈他们何？doge
BV1dpTKzjE2i,114634002533526,智驾圈的黄埔军校？百度智驾为啥起了大早，赶了晚集,赛雷话车,2025-06-06 10:18:32,1373432,2163,1,智驾圈的黄埔军校？百度智驾为啥起了大早，赶了晚集,30344021798,93.05500,1,25,16777215,2025-06-06 19:08:05,1749208085,0,9903bec,1863251486163938304,？
BV1dpTKzjE2i,114634002533526,智驾圈的黄埔军校？百度智驾为啥起了大早，赶了晚集,赛雷话车,2025-06-06 10:18:32,1373432,2163,1,智驾圈的黄埔军校？百度智驾为啥起了大早，赶了晚集,30344021798,33.98100,1,25,16777215,2025-06-06 19:03:09,1749207789,0,bbca836a,1863248998983685376,还记得魏则西吗
BV1dpTKzjE2i,114634002533526,智驾圈的黄埔军校？百度智驾为啥起了大早，赶了晚集,赛雷话车,2025-06-06 10:18:32,1373432,2163,1,智驾圈的黄埔军校？百度智驾为啥起了大早，赶了晚集,30344021798,259.46000,1,25,16777215,2025-06-06 19:01:56,1749207716,0,60aa685e,1863248389325071872,lj
BV1dpTKzjE2i,114634002533526,智驾圈的黄埔军校？百度智驾为啥起了大早，赶了晚集,赛雷话车,2025-06-06 10:18:32,1373432,2163,1,智驾圈的黄埔军校？百度智驾为啥起了大早，赶了晚集,30344021798,296.71900,1,25,16777215,2025-06-06 19:00:35,1749207635,0,642323c5,1863247705242505984,？？？
BV1dpTKzjE2i,114634002533526,智驾圈的黄埔军校？百度智驾为啥起了大早，赶了晚集,赛雷话车,2025-06-06 10:18:32,1373432,2163,1,智驾圈的黄埔军校？百度智驾为啥起了大早，赶了晚集,30344021798,363.69100,1,25,16777215,2025-06-06 18:59:22,1749207562,0,ed53d087,1863247095943730944,没劲，除非比公交车便宜，不然短途还是公交车实惠
BV1dpTKzjE2i,114634002533526,智驾圈的黄埔军校？百度智驾为啥起了大早，赶了晚集,赛雷话车,2025-06-06 10:18:32,1373432,2163,1,智驾圈的黄埔军校？百度智驾为啥起了大早，赶了晚集,30344021798,239.71200,1,25,16777215,2025-06-06 18:56:52,1749207412,0,ed53d087,1863245836419407872,多少年前都说什么无人快递车，从来也没见到过
BV1dpTKzjE2i,114634002533526,智驾圈的黄埔军校？百度智驾为啥起了大早，赶了晚集,赛雷话车,2025-06-06 10:18:32,1373432,2163,1,智驾圈的黄埔军校？百度智驾为啥起了大早，赶了晚集,30344021798,8.66000,1,25,15138834,2025-06-06 18:52:27,1749207147,0,9f4aba5a,1863243610184206592,只用高德
BV1dpTKzjE2i,114634002533526,智驾圈的黄埔军校？百度智驾为啥起了大早，赶了晚集,赛雷话车,2025-06-06 10:18:32,1373432,2163,1,智驾圈的黄埔军校？百度智驾为啥起了大早，赶了晚集,30344021798,58.48200,5,25,16777215,2025-06-06 18:47:44,1749206864,0,7910340e,1863241242633602048,极越一崩，吧极氪都带崩了
BV1dpTKzjE2i,114634002533526,智驾圈的黄埔军校？百度智驾为啥起了大早，赶了晚集,赛雷话车,2025-06-06 10:18:32,1373432,2163,1,智驾圈的黄埔军校？百度智驾为啥起了大早，赶了晚集,30344021798,9.83200,1,25,16777215,2025-06-06 18:41:11,1749206471,0,859c022a,1863237942336795392,搜索前排都是广告，这种公司能有啥良心？丫良心没它媳妇的脚气真
BV1dpTKzjE2i,114634002533526,智驾圈的黄埔军校？百度智驾为啥起了大早，赶了晚集,赛雷话车,2025-06-06 10:18:32,1373432,2163,1,智驾圈的黄埔军校？百度智驾为啥起了大早，赶了晚集,30344021798,355.63900,1,25,16777215,2025-06-06 18:38:56,1749206336,0,357a7906,1863236809312994304,屁，成都我坐过七八公里只要几块钱，刨除优惠也才十来块
BV1dpTKzjE2i,114634002533526,智驾圈的黄埔军校？百度智驾为啥起了大早，赶了晚集,赛雷话车,2025-06-06 10:18:32,1373432,2163,1,智驾圈的黄埔军校？百度智驾为啥起了大早，赶了晚集,30344021798,237.12300,1,25,16777215,2025-06-06 18:31:54,1749205914,0,cc314d1b,1863233271157550592,萝卜不是吗
BV1dpTKzjE2i,114634002533526,智驾圈的黄埔军校？百度智驾为啥起了大早，赶了晚集,赛雷话车,2025-06-06 10:18:32,1373432,2163,1,智驾圈的黄埔军校？百度智驾为啥起了大早，赶了晚集,30344021798,203.76300,1,25,16777215,2025-06-06 18:29:52,1749205792,0,a9f1d022,1863232246354419200,不是新创互联网公司，估计没给股权或期权
BV1dpTKzjE2i,114634002533526,智驾圈的黄埔军校？百度智驾为啥起了大早，赶了晚集,赛雷话车,2025-06-06 10:18:32,1373432,2163,1,智驾圈的黄埔军校？百度智驾为啥起了大早，赶了晚集,30344021798,160.44000,1,25,16777215,2025-06-06 18:29:09,1749205749,0,a9f1d022,1863231883152923904,没有竞业协议吗？
BV1dpTKzjE2i,114634002533526,智驾圈的黄埔军校？百度智驾为啥起了大早，赶了晚集,赛雷话车,2025-06-06 10:18:32,1373432,2163,1,智驾圈的黄埔军校？百度智驾为啥起了大早，赶了晚集,30344021798,31.62000,5,25,16777215,2025-06-06 18:27:02,1749205622,0,e3eafa7,1863230817640279552,反正以后的厂商吃相都会很难看这所有的厂商
BV1dpTKzjE2i,114634002533526,智驾圈的黄埔军校？百度智驾为啥起了大早，赶了晚集,赛雷话车,2025-06-06 10:18:32,1373432,2163,1,智驾圈的黄埔军校？百度智驾为啥起了大早，赶了晚集,30344021798,320.03900,1,25,16777215,2025-06-06 18:26:29,1749205589,0,b48cfc19,1863230541278230272,并非撑不住
BV1dpTKzjE2i,114634002533526,智驾圈的黄埔军校？百度智驾为啥起了大早，赶了晚集,赛雷话车,2025-06-06 10:18:32,1373432,2163,1,智驾圈的黄埔军校？百度智驾为啥起了大早，赶了晚集,30344021798,410.36900,1,25,16777215,2025-06-06 18:18:37,1749205117,0,b8e8ddf0,1863226589153284352,华为的水平就算了吧
BV1dpTKzjE2i,114634002533526,智驾圈的黄埔军校？百度智驾为啥起了大早，赶了晚集,赛雷话车,2025-06-06 10:18:32,1373432,2163,1,智驾圈的黄埔军校？百度智驾为啥起了大早，赶了晚集,30344021798,190.53000,1,25,16777215,2025-06-06 18:17:48,1749205068,0,26e122a7,1863226172214214144,太贪了 最后啥都没做精
BV1dpTKzjE2i,114634002533526,智驾圈的黄埔军校？百度智驾为啥起了大早，赶了晚集,赛雷话车,2025-06-06 10:18:32,1373432,2163,1,智驾圈的黄埔军校？百度智驾为啥起了大早，赶了晚集,30344021798,349.29400,1,25,16777215,2025-06-06 18:14:16,1749204856,0,866be0ec,1863224393560321280,啊？
BV1dpTKzjE2i,114634002533526,智驾圈的黄埔军校？百度智驾为啥起了大早，赶了晚集,赛雷话车,2025-06-06 10:18:32,1373432,2163,1,智驾圈的黄埔军校？百度智驾为啥起了大早，赶了晚集,30344021798,106.86500,1,25,16777215,2025-06-06 18:07:38,1749204458,0,d2ea519c,1863221053728276480,能把城区问题搞定的话基本就是L4了
BV1dpTKzjE2i,114634002533526,智驾圈的黄埔军校？百度智驾为啥起了大早，赶了晚集,赛雷话车,2025-06-06 10:18:32,1373432,2163,1,智驾圈的黄埔军校？百度智驾为啥起了大早，赶了晚集,30344021798,198.17600,1,25,16777215,2025-06-06 18:07:26,1749204446,0,75e38cba,1863220955800272640,吃相难看
BV1dpTKzjE2i,114634002533526,智驾圈的黄埔军校？百度智驾为啥起了大早，赶了晚集,赛雷话车,2025-06-06 10:18:32,1373432,2163,1,智驾圈的黄埔军校？百度智驾为啥起了大早，赶了晚集,30344021798,191.99000,1,25,16777215,2025-06-06 18:07:16,1749204436,0,75e38cba,1863220869372497152,贪多无厌
BV1dpTKzjE2i,114634002533526,智驾圈的黄埔军校？百度智驾为啥起了大早，赶了晚集,赛雷话车,2025-06-06 10:18:32,1373432,2163,1,智驾圈的黄埔军校？百度智驾为啥起了大早，赶了晚集,30344021798,47.07200,1,25,16777215,2025-06-06 18:07:03,1749204423,0,3d6e8048,1863220761578280960,夺少
BV1dpTKzjE2i,114634002533526,智驾圈的黄埔军校？百度智驾为啥起了大早，赶了晚集,赛雷话车,2025-06-06 10:18:32,1373432,2163,1,智驾圈的黄埔军校？百度智驾为啥起了大早，赶了晚集,30344021798,6.66000,1,25,16777215,2025-06-06 18:06:44,1749204404,0,9244f2cf,1863220605659141888,？？？
BV1dpTKzjE2i,114634002533526,智驾圈的黄埔军校？百度智驾为啥起了大早，赶了晚集,赛雷话车,2025-06-06 10:18:32,1373432,2163,1,智驾圈的黄埔军校？百度智驾为啥起了大早，赶了晚集,30344021798,17.19400,1,25,16777215,2025-06-06 18:05:19,1749204319,0,866be0ec,1863219888760481792,开车分心？黑也得有逻辑地黑啊
BV1dpTKzjE2i,114634002533526,智驾圈的黄埔军校？百度智驾为啥起了大早，赶了晚集,赛雷话车,2025-06-06 10:18:32,1373432,2163,1,智驾圈的黄埔军校？百度智驾为啥起了大早，赶了晚集,30344021798,237.36300,1,25,16777215,2025-06-06 18:04:41,1749204281,0,e1ac9057,1863219569347919104,极越
BV1dpTKzjE2i,114634002533526,智驾圈的黄埔军校？百度智驾为啥起了大早，赶了晚集,赛雷话车,2025-06-06 10:18:32,1373432,2163,1,智驾圈的黄埔军校？百度智驾为啥起了大早，赶了晚集,30344021798,20.55700,1,25,16777215,2025-06-06 17:59:56,1749203996,0,476f65ba,1863217181832589056,真的会分心啊
BV1dpTKzjE2i,114634002533526,智驾圈的黄埔军校？百度智驾为啥起了大早，赶了晚集,赛雷话车,2025-06-06 10:18:32,1373432,2163,1,智驾圈的黄埔军校？百度智驾为啥起了大早，赶了晚集,30344021798,31.22500,1,25,16777215,2025-06-06 17:54:57,1749203697,0,971e89e6,1863214670157017856,最可怕的是某些人自身权利被侵犯，还帮着奴隶主说话，这些狗养的还挺不错。
BV1dpTKzjE2i,114634002533526,智驾圈的黄埔军校？百度智驾为啥起了大早，赶了晚集,赛雷话车,2025-06-06 10:18:32,1373432,2163,1,智驾圈的黄埔军校？百度智驾为啥起了大早，赶了晚集,30344021798,25.25300,1,25,16777215,2025-06-06 17:47:45,1749203265,0,bdda2158,1863211052469646848,只会打广告建议别养人了，关门吧
BV1dpTKzjE2i,114634002533526,智驾圈的黄埔军校？百度智驾为啥起了大早，赶了晚集,赛雷话车,2025-06-06 10:18:32,1373432,2163,1,智驾圈的黄埔军校？百度智驾为啥起了大早，赶了晚集,30344021798,34.12800,1,25,16777215,2025-06-06 17:45:03,1749203103,0,9bc0f7af,1863209688750000640,真是想钱想疯了。
BV1dpTKzjE2i,114634002533526,智驾圈的黄埔军校？百度智驾为啥起了大早，赶了晚集,赛雷话车,2025-06-06 10:18:32,1373432,2163,1,智驾圈的黄埔军校？百度智驾为啥起了大早，赶了晚集,30344021798,25.10200,1,25,16777215,2025-06-06 17:43:44,1749203024,0,288350f9,1863209028977803008,不影响看路？还是太天真了
BV1dpTKzjE2i,114634002533526,智驾圈的黄埔军校？百度智驾为啥起了大早，赶了晚集,赛雷话车,2025-06-06 10:18:32,1373432,2163,1,智驾圈的黄埔军校？百度智驾为啥起了大早，赶了晚集,30344021798,24.85900,1,25,16777215,2025-06-06 17:32:26,1749202346,0,a8914194,1863203339479974144,司机出车祸的血？
BV1dpTKzjE2i,114634002533526,智驾圈的黄埔军校？百度智驾为啥起了大早，赶了晚集,赛雷话车,2025-06-06 10:18:32,1373432,2163,1,智驾圈的黄埔军校？百度智驾为啥起了大早，赶了晚集,30344021798,22.73900,1,25,16777215,2025-06-06 17:21:43,1749201703,0,3654668c,1863197944179070464,白嫖？开玩笑？
BV1dpTKzjE2i,114634002533526,智驾圈的黄埔军校？百度智驾为啥起了大早，赶了晚集,赛雷话车,2025-06-06 10:18:32,1373432,2163,1,智驾圈的黄埔军校？百度智驾为啥起了大早，赶了晚集,30344021798,23.97100,1,25,16777215,2025-06-06 17:19:29,1749201569,0,d1fcd594,1863196825843557120,孝
BV1dpTKzjE2i,114634002533526,智驾圈的黄埔军校？百度智驾为啥起了大早，赶了晚集,赛雷话车,2025-06-06 10:18:32,1373432,2163,1,智驾圈的黄埔军校？百度智驾为啥起了大早，赶了晚集,30344021798,148.80300,1,25,16777215,2025-06-06 17:17:21,1749201441,0,61b68d47,1863195750079720192,？？？
BV1dpTKzjE2i,114634002533526,智驾圈的黄埔军校？百度智驾为啥起了大早，赶了晚集,赛雷话车,2025-06-06 10:18:32,1373432,2163,1,智驾圈的黄埔军校？百度智驾为啥起了大早，赶了晚集,30344021798,50.83100,1,25,16777215,2025-06-06 17:15:41,1749201341,0,61b68d47,1863194913324503296,和以前的小鹏一样，被手下的人骗
BV1dpTKzjE2i,114634002533526,智驾圈的黄埔军校？百度智驾为啥起了大早，赶了晚集,赛雷话车,2025-06-06 10:18:32,1373432,2163,1,智驾圈的黄埔军校？百度智驾为啥起了大早，赶了晚集,30344021798,40.78000,1,25,16777215,2025-06-06 17:04:02,1749200642,0,258b8147,1863189047816870400,这都敢评价，小心开合
BV1dpTKzjE2i,114634002533526,智驾圈的黄埔军校？百度智驾为啥起了大早，赶了晚集,赛雷话车,2025-06-06 10:18:32,1373432,2163,1,智驾圈的黄埔军校？百度智驾为啥起了大早，赶了晚集,30344021798,399.88000,1,25,16777215,2025-06-06 16:59:33,1749200373,0,d5383faf,1863186788303446528,字研
BV1dpTKzjE2i,114634002533526,智驾圈的黄埔军校？百度智驾为啥起了大早，赶了晚集,赛雷话车,2025-06-06 10:18:32,1373432,2163,1,智驾圈的黄埔军校？百度智驾为啥起了大早，赶了晚集,30344021798,327.28000,1,25,16777215,2025-06-06 16:58:15,1749200295,0,d5383faf,1863186138387345920,外卖 汽车 广告
BV1dpTKzjE2i,114634002533526,智驾圈的黄埔军校？百度智驾为啥起了大早，赶了晚集,赛雷话车,2025-06-06 10:18:32,1373432,2163,1,智驾圈的黄埔军校？百度智驾为啥起了大早，赶了晚集,30344021798,359.21800,1,25,16777215,2025-06-06 16:50:10,1749199810,0,bfb50a58,1863182068520558592,用户基数都没上去就想着靠着噱头收割，谁跟你玩啊。
BV1dpTKzjE2i,114634002533526,智驾圈的黄埔军校？百度智驾为啥起了大早，赶了晚集,赛雷话车,2025-06-06 10:18:32,1373432,2163,1,智驾圈的黄埔军校？百度智驾为啥起了大早，赶了晚集,30344021798,55.68500,1,25,16777215,2025-06-06 16:38:13,1749199093,0,51b10,1863176049039393280,《==也是只老hi90了
BV1dpTKzjE2i,114634002533526,智驾圈的黄埔军校？百度智驾为啥起了大早，赶了晚集,赛雷话车,2025-06-06 10:18:32,1373432,2163,1,智驾圈的黄埔军校？百度智驾为啥起了大早，赶了晚集,30344021798,383.54900,1,25,16777215,2025-06-06 16:36:57,1749199017,0,a106a899,1863175413795923712,当然要嘴硬一下，给不了资方信心你就该下课了
BV1dpTKzjE2i,114634002533526,智驾圈的黄埔军校？百度智驾为啥起了大早，赶了晚集,赛雷话车,2025-06-06 10:18:32,1373432,2163,1,智驾圈的黄埔军校？百度智驾为啥起了大早，赶了晚集,30344021798,23.39400,1,25,16777215,2025-06-06 16:30:33,1749198633,0,26f46293,1863172196403364608,到底什么样的人开车出事的第一反应是找别人负责？
BV1dpTKzjE2i,114634002533526,智驾圈的黄埔军校？百度智驾为啥起了大早，赶了晚集,赛雷话车,2025-06-06 10:18:32,1373432,2163,1,智驾圈的黄埔军校？百度智驾为啥起了大早，赶了晚集,30344021798,311.64700,1,25,16777215,2025-06-06 16:24:39,1749198279,0,e3796f46,1863169225930835968,原来不是吉利的
BV1dpTKzjE2i,114634002533526,智驾圈的黄埔军校？百度智驾为啥起了大早，赶了晚集,赛雷话车,2025-06-06 10:18:32,1373432,2163,1,智驾圈的黄埔军校？百度智驾为啥起了大早，赶了晚集,30344021798,366.26600,1,25,16777215,2025-06-06 16:16:11,1749197771,0,b7677a52,1863164963838356992,主要是没有入口啊，有本事接入打车和地图软件才有机会
BV1dpTKzjE2i,114634002533526,智驾圈的黄埔军校？百度智驾为啥起了大早，赶了晚集,赛雷话车,2025-06-06 10:18:32,1373432,2163,1,智驾圈的黄埔军校？百度智驾为啥起了大早，赶了晚集,30344021798,258.65000,1,25,16777215,2025-06-06 16:13:01,1749197581,0,cfa1cb5e,1863163368047727360,真吉尔丑啊
BV1dpTKzjE2i,114634002533526,智驾圈的黄埔军校？百度智驾为啥起了大早，赶了晚集,赛雷话车,2025-06-06 10:18:32,1373432,2163,1,智驾圈的黄埔军校？百度智驾为啥起了大早，赶了晚集,30344021798,257.77600,1,25,16777215,2025-06-06 16:11:26,1749197486,0,e3556ce5,1863162572707492352,这不就是倒闭的极越么
BV1dpTKzjE2i,114634002533526,智驾圈的黄埔军校？百度智驾为啥起了大早，赶了晚集,赛雷话车,2025-06-06 10:18:32,1373432,2163,1,智驾圈的黄埔军校？百度智驾为啥起了大早，赶了晚集,30344021798,31.06900,1,25,16777215,2025-06-06 16:08:52,1749197332,0,cfa1cb5e,1863161278814722816,早就该凉了
BV1dpTKzjE2i,114634002533526,智驾圈的黄埔军校？百度智驾为啥起了大早，赶了晚集,赛雷话车,2025-06-06 10:18:32,1373432,2163,1,智驾圈的黄埔军校？百度智驾为啥起了大早，赶了晚集,30344021798,16.47900,1,25,16777215,2025-06-06 16:05:37,1749197137,0,857fcdb7,1863159642960548864,报意思，用高德去了
BV1dpTKzjE2i,114634002533526,智驾圈的黄埔军校？百度智驾为啥起了大早，赶了晚集,赛雷话车,2025-06-06 10:18:32,1373432,2163,1,智驾圈的黄埔军校？百度智驾为啥起了大早，赶了晚集,30344021798,240.25900,1,25,16777215,2025-06-06 15:50:00,1749196200,0,fade6bd0,1863151788111371008,武汉都萝卜无人出租车我做过，还不错
BV1dpTKzjE2i,114634002533526,智驾圈的黄埔军校？百度智驾为啥起了大早，赶了晚集,赛雷话车,2025-06-06 10:18:32,1373432,2163,1,智驾圈的黄埔军校？百度智驾为啥起了大早，赶了晚集,30344021798,39.77300,1,25,16777215,2025-06-06 15:25:39,1749194739,0,68e4c41d,1863139527322002176,ai不也一样吗？文心一言基本是最早实装的。但现在自己都不提了，首页接入的是deepseek
BV1dpTKzjE2i,114634002533526,智驾圈的黄埔军校？百度智驾为啥起了大早，赶了晚集,赛雷话车,2025-06-06 10:18:32,1373432,2163,1,智驾圈的黄埔军校？百度智驾为啥起了大早，赶了晚集,30344021798,120.97700,1,25,16777215,2025-06-06 15:19:39,1749194379,0,35d9f98e,1863136508815465728,凯申：不会办学校别瞎说
BV1dpTKzjE2i,114634002533526,智驾圈的黄埔军校？百度智驾为啥起了大早，赶了晚集,赛雷话车,2025-06-06 10:18:32,1373432,2163,1,智驾圈的黄埔军校？百度智驾为啥起了大早，赶了晚集,30344021798,90.73000,1,25,16777215,2025-06-06 15:18:35,1749194315,0,35d9f98e,1863135971734908672,起个大早，赶到了城管来催
BV1dpTKzjE2i,114634002533526,智驾圈的黄埔军校？百度智驾为啥起了大早，赶了晚集,赛雷话车,2025-06-06 10:18:32,1373432,2163,1,智驾圈的黄埔军校？百度智驾为啥起了大早，赶了晚集,30344021798,361.83100,1,25,15138834,2025-06-06 15:17:10,1749194230,0,86a39c91,1863135256186522880,不是，他凭什么比滴滴贵呢？极少的人工成本，就一辆车的重资产。？？
BV1dpTKzjE2i,114634002533526,智驾圈的黄埔军校？百度智驾为啥起了大早，赶了晚集,赛雷话车,2025-06-06 10:18:32,1373432,2163,1,智驾圈的黄埔军校？百度智驾为啥起了大早，赶了晚集,30344021798,16.29800,1,25,16777215,2025-06-06 15:12:30,1749193950,0,458dc646,1863132906898425856,什么啊，还有开核呢。
BV1dpTKzjE2i,114634002533526,智驾圈的黄埔军校？百度智驾为啥起了大早，赶了晚集,赛雷话车,2025-06-06 10:18:32,1373432,2163,1,智驾圈的黄埔军校？百度智驾为啥起了大早，赶了晚集,30344021798,212.41900,1,25,16777215,2025-06-06 15:11:55,1749193915,0,2a43db90,1863132613020268544,不出所料结果都被坑了
BV1dpTKzjE2i,114634002533526,智驾圈的黄埔军校？百度智驾为啥起了大早，赶了晚集,赛雷话车,2025-06-06 10:18:32,1373432,2163,1,智驾圈的黄埔军校？百度智驾为啥起了大早，赶了晚集,30344021798,263.44200,1,25,16777215,2025-06-06 15:10:29,1749193829,0,3e14346c,1863131892405733120,中国智能驾驶的“仙童公司”
BV1dpTKzjE2i,114634002533526,智驾圈的黄埔军校？百度智驾为啥起了大早，赶了晚集,赛雷话车,2025-06-06 10:18:32,1373432,2163,1,智驾圈的黄埔军校？百度智驾为啥起了大早，赶了晚集,30344021798,24.74100,1,25,16777215,2025-06-06 14:53:29,1749192809,0,fcef76bb,1863123337618871040,谷歌导航啥广告都没有啊
BV1dpTKzjE2i,114634002533526,智驾圈的黄埔军校？百度智驾为啥起了大早，赶了晚集,赛雷话车,2025-06-06 10:18:32,1373432,2163,1,智驾圈的黄埔军校？百度智驾为啥起了大早，赶了晚集,30344021798,12.53000,1,25,16777215,2025-06-06 14:39:26,1749191966,0,681bb7a6,1863116267499140352,良心只会影响到赚钱的进度
BV1dpTKzjE2i,114634002533526,智驾圈的黄埔军校？百度智驾为啥起了大早，赶了晚集,赛雷话车,2025-06-06 10:18:32,1373432,2163,1,智驾圈的黄埔军校？百度智驾为啥起了大早，赶了晚集,30344021798,40.00000,1,25,16777215,2025-06-06 14:26:09,1749191169,0,b860f70a,1863109582768248320,换高德不就完了
BV1dpTKzjE2i,114634002533526,智驾圈的黄埔军校？百度智驾为啥起了大早，赶了晚集,赛雷话车,2025-06-06 10:18:32,1373432,2163,1,智驾圈的黄埔军校？百度智驾为啥起了大早，赶了晚集,30344021798,320.41400,1,25,16777215,2025-06-06 14:20:35,1749190835,0,2c757cd2,1863106781350928896,唯一热度最高的时刻
BV1dpTKzjE2i,114634002533526,智驾圈的黄埔军校？百度智驾为啥起了大早，赶了晚集,赛雷话车,2025-06-06 10:18:32,1373432,2163,1,智驾圈的黄埔军校？百度智驾为啥起了大早，赶了晚集,30344021798,119.93900,1,25,16777215,2025-06-06 14:18:56,1749190736,0,4b7ca7e0,1863105950215966208,断指计划
BV1dpTKzjE2i,114634002533526,智驾圈的黄埔军校？百度智驾为啥起了大早，赶了晚集,赛雷话车,2025-06-06 10:18:32,1373432,2163,1,智驾圈的黄埔军校？百度智驾为啥起了大早，赶了晚集,30344021798,61.24500,1,25,16777215,2025-06-06 14:09:58,1749190198,0,b91edeca,1863101433487517184,吹牛皮谁不会啊
BV1dpTKzjE2i,114634002533526,智驾圈的黄埔军校？百度智驾为啥起了大早，赶了晚集,赛雷话车,2025-06-06 10:18:32,1373432,2163,1,智驾圈的黄埔军校？百度智驾为啥起了大早，赶了晚集,30344021798,145.16400,1,25,16777215,2025-06-06 14:06:48,1749190008,0,11620ba0,1863099842562797824,智驾说惯了，反正也没给车企宣传
BV1dpTKzjE2i,114634002533526,智驾圈的黄埔军校？百度智驾为啥起了大早，赶了晚集,赛雷话车,2025-06-06 10:18:32,1373432,2163,1,智驾圈的黄埔军校？百度智驾为啥起了大早，赶了晚集,30344021798,101.77500,1,25,16777215,2025-06-06 14:02:38,1749189758,0,efd7c7e6,1863097744965767424,有你大米搞笑吗？自家智驾出问题，就要拉全行业下水，啧啧啧
BV1dpTKzjE2i,114634002533526,智驾圈的黄埔军校？百度智驾为啥起了大早，赶了晚集,赛雷话车,2025-06-06 10:18:32,1373432,2163,1,智驾圈的黄埔军校？百度智驾为啥起了大早，赶了晚集,30344021798,363.85700,1,25,16777215,2025-06-06 14:00:11,1749189611,0,3c686786,1863096513191109376,自动驾驶不如牛马？？？
BV1dpTKzjE2i,114634002533526,智驾圈的黄埔军校？百度智驾为啥起了大早，赶了晚集,赛雷话车,2025-06-06 10:18:32,1373432,2163,1,智驾圈的黄埔军校？百度智驾为啥起了大早，赶了晚集,30344021798,253.13500,1,25,16777215,2025-06-06 13:52:38,1749189158,0,c821c152,1863092713269499904,做软件的怎么造硬件？
BV1dpTKzjE2i,114634002533526,智驾圈的黄埔军校？百度智驾为啥起了大早，赶了晚集,赛雷话车,2025-06-06 10:18:32,1373432,2163,1,智驾圈的黄埔军校？百度智驾为啥起了大早，赶了晚集,30344021798,162.64000,1,25,16777215,2025-06-06 13:45:58,1749188758,0,29d01ca2,1863089357431774976,想起来当年的一汽了
BV1dpTKzjE2i,114634002533526,智驾圈的黄埔军校？百度智驾为啥起了大早，赶了晚集,赛雷话车,2025-06-06 10:18:32,1373432,2163,1,智驾圈的黄埔军校？百度智驾为啥起了大早，赶了晚集,30344021798,224.17900,1,25,16777215,2025-06-06 13:43:02,1749188582,0,a6e7feb1,1863087879056958464,哗伪给了不能拒绝的价格
BV1dpTKzjE2i,114634002533526,智驾圈的黄埔军校？百度智驾为啥起了大早，赶了晚集,赛雷话车,2025-06-06 10:18:32,1373432,2163,1,智驾圈的黄埔军校？百度智驾为啥起了大早，赶了晚集,30344021798,99.32800,1,25,16777215,2025-06-06 13:40:46,1749188446,0,a6e7feb1,1863086736435891456,对于智驾，哗伪还是太搞笑了
BV1dpTKzjE2i,114634002533526,智驾圈的黄埔军校？百度智驾为啥起了大早，赶了晚集,赛雷话车,2025-06-06 10:18:32,1373432,2163,1,智驾圈的黄埔军校？百度智驾为啥起了大早，赶了晚集,30344021798,14.01100,1,25,16777215,2025-06-06 13:38:57,1749188337,0,11620ba0,1863085820383869952,公交车的广告也涂了吧，分心
BV1dpTKzjE2i,114634002533526,智驾圈的黄埔军校？百度智驾为啥起了大早，赶了晚集,赛雷话车,2025-06-06 10:18:32,1373432,2163,1,智驾圈的黄埔军校？百度智驾为啥起了大早，赶了晚集,30344021798,15.31800,1,25,16777215,2025-06-06 13:23:46,1749187426,0,deff6345,1863078179125131776,导航从来只听不看 除非给广告上音频我就直接给它卸载了
BV1dpTKzjE2i,114634002533526,智驾圈的黄埔军校？百度智驾为啥起了大早，赶了晚集,赛雷话车,2025-06-06 10:18:32,1373432,2163,1,智驾圈的黄埔军校？百度智驾为啥起了大早，赶了晚集,30344021798,134.33500,1,25,16777215,2025-06-06 13:22:38,1749187358,0,49180bfc,1863077612583499520,是时候结束BAT的时代了
BV1dpTKzjE2i,114634002533526,智驾圈的黄埔军校？百度智驾为啥起了大早，赶了晚集,赛雷话车,2025-06-06 10:18:32,1373432,2163,1,智驾圈的黄埔军校？百度智驾为啥起了大早，赶了晚集,30344021798,313.28000,1,25,16777215,2025-06-06 13:18:19,1749187099,0,2504e5d7,1863075436662851584,销量差，他们ceo问题占大头
BV1dpTKzjE2i,114634002533526,智驾圈的黄埔军校？百度智驾为啥起了大早，赶了晚集,赛雷话车,2025-06-06 10:18:32,1373432,2163,1,智驾圈的黄埔军校？百度智驾为啥起了大早，赶了晚集,30344021798,247.16700,1,25,16777215,2025-06-06 13:03:40,1749186220,0,2254a13b,1863068063269402112,集度？到底是嫉妒谁？
BV1dpTKzjE2i,114634002533526,智驾圈的黄埔军校？百度智驾为啥起了大早，赶了晚集,赛雷话车,2025-06-06 10:18:32,1373432,2163,1,智驾圈的黄埔军校？百度智驾为啥起了大早，赶了晚集,30344021798,414.52700,1,25,16777215,2025-06-06 13:03:34,1749186214,0,f4b20b3e,1863068018960444928,应该改下 叫大华帝魔
BV1dpTKzjE2i,114634002533526,智驾圈的黄埔军校？百度智驾为啥起了大早，赶了晚集,赛雷话车,2025-06-06 10:18:32,1373432,2163,1,智驾圈的黄埔军校？百度智驾为啥起了大早，赶了晚集,30344021798,251.25000,1,25,16777215,2025-06-06 12:50:38,1749185438,0,ade0d77,1863061506128986368,唯一真神
BV1dpTKzjE2i,114634002533526,智驾圈的黄埔军校？百度智驾为啥起了大早，赶了晚集,赛雷话车,2025-06-06 10:18:32,1373432,2163,1,智驾圈的黄埔军校？百度智驾为啥起了大早，赶了晚集,30344021798,142.76800,1,25,16777215,2025-06-06 12:37:59,1749184679,0,27b6cb0,1863055139888367616,车企不能宣传，民间爱咋叫咋叫呗
BV1dpTKzjE2i,114634002533526,智驾圈的黄埔军校？百度智驾为啥起了大早，赶了晚集,赛雷话车,2025-06-06 10:18:32,1373432,2163,1,智驾圈的黄埔军校？百度智驾为啥起了大早，赶了晚集,30344021798,174.10100,1,25,16777215,2025-06-06 12:33:08,1749184388,0,2d7381c0,1863052694836053760,不签竞业协议嘛
BV1dpTKzjE2i,114634002533526,智驾圈的黄埔军校？百度智驾为啥起了大早，赶了晚集,赛雷话车,2025-06-06 10:18:32,1373432,2163,1,智驾圈的黄埔军校？百度智驾为啥起了大早，赶了晚集,30344021798,292.43000,1,25,16777215,2025-06-06 12:28:01,1749184081,0,1e639bbb,1863050125271000832,白嫖怪
BV1dpTKzjE2i,114634002533526,智驾圈的黄埔军校？百度智驾为啥起了大早，赶了晚集,赛雷话车,2025-06-06 10:18:32,1373432,2163,1,智驾圈的黄埔军校？百度智驾为啥起了大早，赶了晚集,30344021798,24.01700,1,25,16777215,2025-06-06 12:20:49,1749183649,0,72b702a7,1863046496761757440,非人发炎
BV1dpTKzjE2i,114634002533526,智驾圈的黄埔军校？百度智驾为啥起了大早，赶了晚集,赛雷话车,2025-06-06 10:18:32,1373432,2163,1,智驾圈的黄埔军校？百度智驾为啥起了大早，赶了晚集,30344021798,334.26900,1,25,16777215,2025-06-06 12:12:04,1749183124,0,c5635be2,1863042093245995776,阳泉是啥地方，听都没听过
BV1dpTKzjE2i,114634002533526,智驾圈的黄埔军校？百度智驾为啥起了大早，赶了晚集,赛雷话车,2025-06-06 10:18:32,1373432,2163,1,智驾圈的黄埔军校？百度智驾为啥起了大早，赶了晚集,30344021798,7.66300,1,25,16777215,2025-06-06 12:10:28,1749183028,0,1e639bbb,1863041290321949952,哈哈哈
BV1dpTKzjE2i,114634002533526,智驾圈的黄埔军校？百度智驾为啥起了大早，赶了晚集,赛雷话车,2025-06-06 10:18:32,1373432,2163,1,智驾圈的黄埔军校？百度智驾为啥起了大早，赶了晚集,30344021798,105.38000,1,25,16777215,2025-06-06 12:07:14,1749182834,0,756ececf,1863039659744655872,岚图的阿波罗不会用的就是这个吧？还是同名
BV1dpTKzjE2i,114634002533526,智驾圈的黄埔军校？百度智驾为啥起了大早，赶了晚集,赛雷话车,2025-06-06 10:18:32,1373432,2163,1,智驾圈的黄埔军校？百度智驾为啥起了大早，赶了晚集,30344021798,92.78200,1,25,16777215,2025-06-06 12:00:05,1749182405,0,e7f798ab,1863036064504034560,l4?
BV1dpTKzjE2i,114634002533526,智驾圈的黄埔军校？百度智驾为啥起了大早，赶了晚集,赛雷话车,2025-06-06 10:18:32,1373432,2163,1,智驾圈的黄埔军校？百度智驾为啥起了大早，赶了晚集,30344021798,23.19400,1,25,16777215,2025-06-06 11:58:22,1749182302,0,4f820639,1863035197801731840,whats your problem?
BV1dpTKzjE2i,114634002533526,智驾圈的黄埔军校？百度智驾为啥起了大早，赶了晚集,赛雷话车,2025-06-06 10:18:32,1373432,2163,1,智驾圈的黄埔军校？百度智驾为啥起了大早，赶了晚集,30344021798,151.10600,1,25,15138834,2025-06-06 11:52:19,1749181939,0,ed6b05bb,1863032154876359168,人家是车企宣传达不到了l3的都不能那样宣传销售，你又不卖车睡不给你说？断章取义？
BV1dpTKzjE2i,114634002533526,智驾圈的黄埔军校？百度智驾为啥起了大早，赶了晚集,赛雷话车,2025-06-06 10:18:32,1373432,2163,1,智驾圈的黄埔军校？百度智驾为啥起了大早，赶了晚集,30344021798,50.52100,1,25,16777215,2025-06-06 11:50:13,1749181813,0,e4998df1,1863031094035937024,所以陆其走是明智的
BV1dpTKzjE2i,114634002533526,智驾圈的黄埔军校？百度智驾为啥起了大早，赶了晚集,赛雷话车,2025-06-06 10:18:32,1373432,2163,1,智驾圈的黄埔军校？百度智驾为啥起了大早，赶了晚集,30344021798,8.92000,1,25,16777215,2025-06-06 11:49:40,1749181780,0,c3ba0550,1863030816473958912,赛雷，你旁边的美女是谁？doge
BV1dpTKzjE2i,114634002533526,智驾圈的黄埔军校？百度智驾为啥起了大早，赶了晚集,赛雷话车,2025-06-06 10:18:32,1373432,2163,1,智驾圈的黄埔军校？百度智驾为啥起了大早，赶了晚集,30344021798,46.93700,1,25,16777215,2025-06-06 11:43:13,1749181393,0,c4ff1f4a,1863027572389344768,嫁衣
BV1dpTKzjE2i,114634002533526,智驾圈的黄埔军校？百度智驾为啥起了大早，赶了晚集,赛雷话车,2025-06-06 10:18:32,1373432,2163,1,智驾圈的黄埔军校？百度智驾为啥起了大早，赶了晚集,30344021798,146.17100,1,25,16777215,2025-06-06 11:41:12,1749181272,0,42233a5b,1863026555749058816,不能说的是自动驾驶吧.有夸大的嫌疑.
BV1dpTKzjE2i,114634002533526,智驾圈的黄埔军校？百度智驾为啥起了大早，赶了晚集,赛雷话车,2025-06-06 10:18:32,1373432,2163,1,智驾圈的黄埔军校？百度智驾为啥起了大早，赶了晚集,30344021798,130.84400,1,25,16777215,2025-06-06 11:38:09,1749181089,0,920cbce9,1863025027302789376,冇问题？
BV1dpTKzjE2i,114634002533526,智驾圈的黄埔军校？百度智驾为啥起了大早，赶了晚集,赛雷话车,2025-06-06 10:18:32,1373432,2163,1,智驾圈的黄埔军校？百度智驾为啥起了大早，赶了晚集,30344021798,27.19800,1,25,16777215,2025-06-06 11:32:12,1749180732,0,826c23aa,1863022032955452928,看人真准（doge）
BV1dpTKzjE2i,114634002533526,智驾圈的黄埔军校？百度智驾为啥起了大早，赶了晚集,赛雷话车,2025-06-06 10:18:32,1373432,2163,1,智驾圈的黄埔军校？百度智驾为啥起了大早，赶了晚集,30344021798,226.88000,1,25,16777215,2025-06-06 11:23:10,1749180190,0,62993655,1863017479207449856,吃鸡的电动宝宝巴士？
BV1dpTKzjE2i,114634002533526,智驾圈的黄埔军校？百度智驾为啥起了大早，赶了晚集,赛雷话车,2025-06-06 10:18:32,1373432,2163,1,智驾圈的黄埔军校？百度智驾为啥起了大早，赶了晚集,30344021798,151.61400,1,25,16777215,2025-06-06 11:11:19,1749179479,0,72d46596,1863011515553088000,这是科普不是车企宣传
BV1dpTKzjE2i,114634002533526,智驾圈的黄埔军校？百度智驾为啥起了大早，赶了晚集,赛雷话车,2025-06-06 10:18:32,1373432,2163,1,智驾圈的黄埔军校？百度智驾为啥起了大早，赶了晚集,30344021798,121.73700,1,25,16777215,2025-06-06 11:09:09,1749179349,0,c951138,1863010428885148928,地平线
BV1dpTKzjE2i,114634002533526,智驾圈的黄埔军校？百度智驾为啥起了大早，赶了晚集,赛雷话车,2025-06-06 10:18:32,1373432,2163,1,智驾圈的黄埔军校？百度智驾为啥起了大早，赶了晚集,30344021798,361.86500,1,25,16777215,2025-06-06 11:06:28,1749179188,0,23da4ae6,1863009077547424768,无人比有人贵，这咋竞争
BV1dpTKzjE2i,114634002533526,智驾圈的黄埔军校？百度智驾为啥起了大早，赶了晚集,赛雷话车,2025-06-06 10:18:32,1373432,2163,1,智驾圈的黄埔军校？百度智驾为啥起了大早，赶了晚集,30344021798,161.63500,1,25,16777215,2025-06-06 11:05:41,1749179141,0,fdd1938e,1863008682552900608,散是满天星
BV1dpTKzjE2i,114634002533526,智驾圈的黄埔军校？百度智驾为啥起了大早，赶了晚集,赛雷话车,2025-06-06 10:18:32,1373432,2163,1,智驾圈的黄埔军校？百度智驾为啥起了大早，赶了晚集,30344021798,12.94800,1,25,16777215,2025-06-06 10:59:49,1749178789,0,6d44ef2f,1863005731499288576,不用不就行了
BV1dpTKzjE2i,114634002533526,智驾圈的黄埔军校？百度智驾为啥起了大早，赶了晚集,赛雷话车,2025-06-06 10:18:32,1373432,2163,1,智驾圈的黄埔军校？百度智驾为啥起了大早，赶了晚集,30344021798,93.80800,1,25,16777215,2025-06-06 10:55:22,1749178522,0,403550c0,1863003486213015296,多少？l4 ?
BV1dpTKzjE2i,114634002533526,智驾圈的黄埔军校？百度智驾为啥起了大早，赶了晚集,赛雷话车,2025-06-06 10:18:32,1373432,2163,1,智驾圈的黄埔军校？百度智驾为啥起了大早，赶了晚集,30344021798,305.12000,1,25,16777215,2025-06-06 10:53:06,1749178386,0,f9aeac03,1863002350873355776,极越自己非要搞反人类设计，其实除开那些反人类设计的话，极越其他配置还是很拉满的，性价比很高，就是自己非要作
BV1dpTKzjE2i,114634002533526,智驾圈的黄埔军校？百度智驾为啥起了大早，赶了晚集,赛雷话车,2025-06-06 10:18:32,1373432,2163,1,智驾圈的黄埔军校？百度智驾为啥起了大早，赶了晚集,30344021798,113.48500,1,25,16777215,2025-06-06 10:53:05,1749178385,0,c4fd9456,1863002344146016000,并非人才
BV1dpTKzjE2i,114634002533526,智驾圈的黄埔军校？百度智驾为啥起了大早，赶了晚集,赛雷话车,2025-06-06 10:18:32,1373432,2163,1,智驾圈的黄埔军校？百度智驾为啥起了大早，赶了晚集,30344021798,121.54900,1,25,16777215,2025-06-06 10:52:11,1749178331,0,77a5a3b0,1863001885221632768,黄埔军校在当年是最水的军校了。。。
BV1dpTKzjE2i,114634002533526,智驾圈的黄埔军校？百度智驾为啥起了大早，赶了晚集,赛雷话车,2025-06-06 10:18:32,1373432,2163,1,智驾圈的黄埔军校？百度智驾为啥起了大早，赶了晚集,30344021798,134.54000,1,25,16777215,2025-06-06 10:51:26,1749178286,0,9428d296,1863001514621125888,狗屁的燃烧自己，黄埔军校更多的是自认为天下无敌，结果内部都不能统一，能人是有，关你微操大师屁事
BV1dpTKzjE2i,114634002533526,智驾圈的黄埔军校？百度智驾为啥起了大早，赶了晚集,赛雷话车,2025-06-06 10:18:32,1373432,2163,1,智驾圈的黄埔军校？百度智驾为啥起了大早，赶了晚集,30344021798,241.82500,1,25,16776960,2025-06-06 10:47:14,1749178034,0,7551a39c,1862999395549926144,鸡肚公司
BV1dpTKzjE2i,114634002533526,智驾圈的黄埔军校？百度智驾为啥起了大早，赶了晚集,赛雷话车,2025-06-06 10:18:32,1373432,2163,1,智驾圈的黄埔军校？百度智驾为啥起了大早，赶了晚集,30344021798,323.52100,1,25,14811775,2025-06-06 10:40:18,1749177618,0,d7b7b471,1862995908279766272,这个车就是各种。反人类。，明明网上都各种吐槽了，他还要。那些反人类设计。
BV1dpTKzjE2i,114634002533526,智驾圈的黄埔军校？百度智驾为啥起了大早，赶了晚集,赛雷话车,2025-06-06 10:18:32,1373432,2163,1,智驾圈的黄埔军校？百度智驾为啥起了大早，赶了晚集,30344021798,393.21600,1,25,16777215,2025-06-06 10:39:32,1749177572,0,93d44101,1862995517043813376,马上咯
BV1dpTKzjE2i,114634002533526,智驾圈的黄埔军校？百度智驾为啥起了大早，赶了晚集,赛雷话车,2025-06-06 10:18:32,1373432,2163,1,智驾圈的黄埔军校？百度智驾为啥起了大早，赶了晚集,30344021798,401.17100,1,25,16777215,2025-06-06 10:38:10,1749177490,0,59db9dee,1862994833925672192,没有我小米的自研智驾？？？
BV1dpTKzjE2i,114634002533526,智驾圈的黄埔军校？百度智驾为啥起了大早，赶了晚集,赛雷话车,2025-06-06 10:18:32,1373432,2163,1,智驾圈的黄埔军校？百度智驾为啥起了大早，赶了晚集,30344021798,243.64900,1,25,16777215,2025-06-06 10:36:43,1749177403,0,4edd8e88,1862994106767752448,这名字起的…嗯嗯
BV1dpTKzjE2i,114634002533526,智驾圈的黄埔军校？百度智驾为啥起了大早，赶了晚集,赛雷话车,2025-06-06 10:18:32,1373432,2163,1,智驾圈的黄埔军校？百度智驾为啥起了大早，赶了晚集,30344021798,249.84000,1,25,16777215,2025-06-06 10:36:09,1749177369,0,aedaa22,1862993821395082752,这名就不吉利
BV1dpTKzjE2i,114634002533526,智驾圈的黄埔军校？百度智驾为啥起了大早，赶了晚集,赛雷话车,2025-06-06 10:18:32,1373432,2163,1,智驾圈的黄埔军校？百度智驾为啥起了大早，赶了晚集,30344021798,334.22900,1,25,16777215,2025-06-06 10:35:50,1749177350,0,8dc7aaeb,1862993660871275008,看到阳泉了
BV1dpTKzjE2i,114634002533526,智驾圈的黄埔军校？百度智驾为啥起了大早，赶了晚集,赛雷话车,2025-06-06 10:18:32,1373432,2163,1,智驾圈的黄埔军校？百度智驾为啥起了大早，赶了晚集,30344021798,32.93100,1,25,16777215,2025-06-06 10:32:41,1749177161,0,d52f820b,1862992071842170880,说的屁话，其他导航为什么没有广告?
BV1dpTKzjE2i,114634002533526,智驾圈的黄埔军校？百度智驾为啥起了大早，赶了晚集,赛雷话车,2025-06-06 10:18:32,1373432,2163,1,智驾圈的黄埔军校？百度智驾为啥起了大早，赶了晚集,30344021798,332.56100,1,25,16777215,2025-06-06 10:31:51,1749177111,0,274db702,1862991654668579584,傻萝卜
BV1dpTKzjE2i,114634002533526,智驾圈的黄埔军校？百度智驾为啥起了大早，赶了晚集,赛雷话车,2025-06-06 10:18:32,1373432,2163,1,智驾圈的黄埔军校？百度智驾为啥起了大早，赶了晚集,30344021798,150.91900,1,25,16777215,2025-06-06 10:29:19,1749176959,0,20e99b02,1862990381336224256,个个都想开公司发财，个个做出来的产品都半斤八两一个能打的都没有
BV1dpTKzjE2i,114634002533526,智驾圈的黄埔军校？百度智驾为啥起了大早，赶了晚集,赛雷话车,2025-06-06 10:18:32,1373432,2163,1,智驾圈的黄埔军校？百度智驾为啥起了大早，赶了晚集,30344021798,353.71600,1,25,16777215,2025-06-06 10:28:34,1749176914,0,982c6e3a,1862990002129267968,显示问题吧？真实不可能这么贵的
BV1dpTKzjE2i,114634002533526,智驾圈的黄埔军校？百度智驾为啥起了大早，赶了晚集,赛雷话车,2025-06-06 10:18:32,1373432,2163,1,智驾圈的黄埔军校？百度智驾为啥起了大早，赶了晚集,30344021798,17.34200,1,25,16777215,2025-06-06 10:27:27,1749176847,0,9961dc9f,1862989441610834688,6
BV1dpTKzjE2i,114634002533526,智驾圈的黄埔军校？百度智驾为啥起了大早，赶了晚集,赛雷话车,2025-06-06 10:18:32,1373432,2163,1,智驾圈的黄埔军校？百度智驾为啥起了大早，赶了晚集,30344021798,159.12300,1,25,16777215,2025-06-06 10:26:34,1749176794,0,148a40d9,1862988994749604864,优化
BV1dpTKzjE2i,114634002533526,智驾圈的黄埔军校？百度智驾为啥起了大早，赶了晚集,赛雷话车,2025-06-06 10:18:32,1373432,2163,1,智驾圈的黄埔军校？百度智驾为啥起了大早，赶了晚集,30344021798,47.84800,1,25,16777215,2025-06-06 10:24:37,1749176677,0,148a40d9,1862988011982499584,烧钱……圈钱才对吧
BV1vG411n7nL,428656868,百度第六代量产无人车Apollo RT6，可以没有方向盘?,量子位Robo,2022-07-21 11:57:01,4287,46,1,百度第六代量产无人车Apollo RT6，可以没有方向盘?,779507539,70.15100,1,25,16777215,2026-01-15 21:36:52,1768484212,0,6136b90d,2024951355248698112,我乘坐了很便宜
BV1vG411n7nL,428656868,百度第六代量产无人车Apollo RT6，可以没有方向盘?,量子位Robo,2022-07-21 11:57:01,4287,46,1,百度第六代量产无人车Apollo RT6，可以没有方向盘?,779507539,31.41600,1,25,16777215,2022-08-10 19:11:51,1660129911,0,fcf98ed5,1116009601519940352,量产？前几代有人开过吗
BV1vG411n7nL,428656868,百度第六代量产无人车Apollo RT6，可以没有方向盘?,量子位Robo,2022-07-21 11:57:01,4287,46,1,百度第六代量产无人车Apollo RT6，可以没有方向盘?,779507539,67.55900,1,25,16777215,2022-08-05 10:33:22,1659666802,0,190eba5f,1112124756733346048,l4?碾压特斯拉
BV1vG411n7nL,428656868,百度第六代量产无人车Apollo RT6，可以没有方向盘?,量子位Robo,2022-07-21 11:57:01,4287,46,1,百度第六代量产无人车Apollo RT6，可以没有方向盘?,779507539,37.85900,1,25,16777215,2022-08-04 08:02:52,1659571372,0,9ceb6193,1111324238154935552,真牛壁啊
BV1vG411n7nL,428656868,百度第六代量产无人车Apollo RT6，可以没有方向盘?,量子位Robo,2022-07-21 11:57:01,4287,46,1,百度第六代量产无人车Apollo RT6，可以没有方向盘?,779507539,29.59400,1,25,16777215,2022-07-25 20:48:33,1658753313,0,15558614,1104461856002716928,不能上路哦
BV1vG411n7nL,428656868,百度第六代量产无人车Apollo RT6，可以没有方向盘?,量子位Robo,2022-07-21 11:57:01,4287,46,1,百度第六代量产无人车Apollo RT6，可以没有方向盘?,779507539,29.59400,1,25,16777215,2022-07-25 20:48:12,1658753292,0,15558614,1104461682191103488,不能上路哦
BV1vG411n7nL,428656868,百度第六代量产无人车Apollo RT6，可以没有方向盘?,量子位Robo,2022-07-21 11:57:01,4287,46,1,百度第六代量产无人车Apollo RT6，可以没有方向盘?,779507539,49.77900,1,25,16777215,2022-07-22 12:35:25,1658464525,0,576f2b31,1102039329334650112,能上牌吗？能上路吗？就是个概念车
