video_bvid,video_aid,video_title,video_author,video_pubdate,video_play,video_review_count,part_page,part_title,cid,time_seconds,mode,font_size,color,send_time,send_timestamp,danmaku_pool,user_hash,row_id,text
BV1XwYt6nEE8,117241769102886,#蔚来ES9 辅助驾驶全场景挑战#蔚来智驾,第一智驾浩哥Howell,2026-09-09 23:26:56,4269,42,1,蔚来全场景,41735294291,94.793,1,25,16777215,2026-09-10 00:03:54,1788969834,0,fda967d2,2196797205921760256,这个方向盘能开吗？
BV1XwYt6nEE8,117241769102886,#蔚来ES9 辅助驾驶全场景挑战#蔚来智驾,第一智驾浩哥Howell,2026-09-09 23:26:56,4269,42,1,蔚来全场景,41735294291,241.083,1,25,16777215,2026-09-10 17:38:40,1789033120,0,cf5b00da,2197328089481441024,这里是不是有点快了  光看视频都紧张
BV1XwYt6nEE8,117241769102886,#蔚来ES9 辅助驾驶全场景挑战#蔚来智驾,第一智驾浩哥Howell,2026-09-09 23:26:56,4269,42,1,蔚来全场景,41735294291,180.024,1,25,16777215,2026-09-10 17:45:57,1789033557,0,aed468ab,2197331756670263296,卧槽，太牛了
BV1XwYt6nEE8,117241769102886,#蔚来ES9 辅助驾驶全场景挑战#蔚来智驾,第一智驾浩哥Howell,2026-09-09 23:26:56,4269,42,1,蔚来全场景,41735294291,230.838,1,25,16777215,2026-09-10 17:47:14,1789033634,0,aed468ab,2197332399665567488,厉害，太极限了
BV1XwYt6nEE8,117241769102886,#蔚来ES9 辅助驾驶全场景挑战#蔚来智驾,第一智驾浩哥Howell,2026-09-09 23:26:56,4269,42,1,蔚来全场景,41735294291,101.759,1,25,16777215,2026-09-10 21:28:23,1789046903,0,34e79fd6,2197443706000026624,线控转向，好用的很
BV1XwYt6nEE8,117241769102886,#蔚来ES9 辅助驾驶全场景挑战#蔚来智驾,第一智驾浩哥Howell,2026-09-09 23:26:56,4269,42,1,蔚来全场景,41735294291,157.969,1,25,16777215,2026-09-11 00:37:20,1789058240,0,22ce9a2d,2197538808411628032,有点东西了
BV1XwYt6nEE8,117241769102886,#蔚来ES9 辅助驾驶全场景挑战#蔚来智驾,第一智驾浩哥Howell,2026-09-09 23:26:56,4269,42,1,蔚来全场景,41735294291,236.750,1,25,16777215,2026-09-11 23:11:53,1789139513,0,939d7ab2,2198220576001957888,国内窄路之王你以为跟你闹呢
BV1XwYt6nEE8,117241769102886,#蔚来ES9 辅助驾驶全场景挑战#蔚来智驾,第一智驾浩哥Howell,2026-09-09 23:26:56,4269,42,1,蔚来全场景,41735294291,258.634,1,25,16777215,2026-09-11 23:14:22,1789139662,0,f9e1c717,2198221830358517248,蔚来这个版本挺激进的，还要闯黄灯，我都害怕
BV1XwYt6nEE8,117241769102886,#蔚来ES9 辅助驾驶全场景挑战#蔚来智驾,第一智驾浩哥Howell,2026-09-09 23:26:56,4269,42,1,蔚来全场景,41735294291,140.020,1,25,16777215,2026-09-13 19:25:26,1789298726,0,fc236531,2199556151128618240,前面说不能用的 看这 这是线控转向 不用搓盘子 异形方向盘反而更好用
BV1XwYt6nEE8,117241769102886,#蔚来ES9 辅助驾驶全场景挑战#蔚来智驾,第一智驾浩哥Howell,2026-09-09 23:26:56,4269,42,1,蔚来全场景,41735294291,149.725,1,25,16777215,2026-09-13 22:43:13,1789310593,0,f9e1c717,2199655698320026112,这个方向盘我刚开始也是不喜欢，用起来就好了，一般只需要打半圈
BV1XwYt6nEE8,117241769102886,#蔚来ES9 辅助驾驶全场景挑战#蔚来智驾,第一智驾浩哥Howell,2026-09-09 23:26:56,4269,42,1,蔚来全场景,41735294291,174.412,1,25,16777215,2026-09-14 11:48:29,1789357709,0,ffc635e2,2200050942593366272,蔚来终于好起来了
BV1XwYt6nEE8,117241769102886,#蔚来ES9 辅助驾驶全场景挑战#蔚来智驾,第一智驾浩哥Howell,2026-09-09 23:26:56,4269,42,1,蔚来全场景,41735294291,226.239,1,25,16777215,2026-09-14 12:43:59,1789361039,0,bebc8507,2200078871750087936,这有人工踩油门吗？
BV1XwYt6nEE8,117241769102886,#蔚来ES9 辅助驾驶全场景挑战#蔚来智驾,第一智驾浩哥Howell,2026-09-09 23:26:56,4269,42,1,蔚来全场景,41735294291,358.364,1,25,16777215,2026-09-14 13:02:15,1789362135,0,bebc8507,2200088064976799232,我的ES8为啥没有这个能力，差这么多
BV1XwYt6nEE8,117241769102886,#蔚来ES9 辅助驾驶全场景挑战#蔚来智驾,第一智驾浩哥Howell,2026-09-09 23:26:56,4269,42,1,蔚来全场景,41735294291,567.277,1,25,16777215,2026-09-10 00:11:57,1788970317,0,fda967d2,2196801257040833280,这种超车会主动鸣笛吗？
BV1XwYt6nEE8,117241769102886,#蔚来ES9 辅助驾驶全场景挑战#蔚来智驾,第一智驾浩哥Howell,2026-09-09 23:26:56,4269,42,1,蔚来全场景,41735294291,648.826,1,25,16777215,2026-09-10 00:13:23,1788970403,0,fda967d2,2196801984987502080,不是要右转吗？
BV1XwYt6nEE8,117241769102886,#蔚来ES9 辅助驾驶全场景挑战#蔚来智驾,第一智驾浩哥Howell,2026-09-09 23:26:56,4269,42,1,蔚来全场景,41735294291,625.928,1,25,16777215,2026-09-10 17:45:29,1789033529,0,cf5b00da,2197331521285925376,这里理解了多少秒
BV1XwYt6nEE8,117241769102886,#蔚来ES9 辅助驾驶全场景挑战#蔚来智驾,第一智驾浩哥Howell,2026-09-09 23:26:56,4269,42,1,蔚来全场景,41735294291,663.527,1,25,16777215,2026-09-11 00:45:52,1789058752,0,22ce9a2d,2197543108655503616,纯视觉这里就很难了
BV1XwYt6nEE8,117241769102886,#蔚来ES9 辅助驾驶全场景挑战#蔚来智驾,第一智驾浩哥Howell,2026-09-09 23:26:56,4269,42,1,蔚来全场景,41735294291,431.067,1,25,16777215,2026-09-11 23:21:48,1789140108,0,939d7ab2,2198225569605811968,强得可怕
BV1f6N16gESH,116911241171426,有几分硬实力？蔚来世界模型全新版本智驾体验报告,王卡卡Ken,2026-07-13 17:00:00,84548,843,1,有几分硬实力？蔚来世界模型全新版本智驾体验报告,39903952902,176.421,1,25,16777215,2026-07-13 23:54:56,1783958096,3,f9b9151d,2154755699492659968,5
BV1f6N16gESH,116911241171426,有几分硬实力？蔚来世界模型全新版本智驾体验报告,王卡卡Ken,2026-07-13 17:00:00,84548,843,1,有几分硬实力？蔚来世界模型全新版本智驾体验报告,39903952902,289.937,1,25,16777215,2026-07-14 11:43:12,1784000592,3,f9b9151d,2155112187407332608,5
BV1f6N16gESH,116911241171426,有几分硬实力？蔚来世界模型全新版本智驾体验报告,王卡卡Ken,2026-07-13 17:00:00,84548,843,1,有几分硬实力？蔚来世界模型全新版本智驾体验报告,39903952902,12.699,1,25,16777215,2026-07-15 09:39:47,1784079587,0,2ad90c3a,2155774845076952064,蔚来每次更新都是这么说的
BV1f6N16gESH,116911241171426,有几分硬实力？蔚来世界模型全新版本智驾体验报告,王卡卡Ken,2026-07-13 17:00:00,84548,843,1,有几分硬实力？蔚来世界模型全新版本智驾体验报告,39903952902,176.000,1,25,16777215,2026-07-18 20:58:54,1784379534,3,a5c06566,2158290980724625408,5
BV1f6N16gESH,116911241171426,有几分硬实力？蔚来世界模型全新版本智驾体验报告,王卡卡Ken,2026-07-13 17:00:00,84548,843,1,有几分硬实力？蔚来世界模型全新版本智驾体验报告,39903952902,137.370,1,25,16777215,2026-07-21 13:22:48,1784611368,0,d3493123,2160235744650604800,依旧小路战神
BV1f6N16gESH,116911241171426,有几分硬实力？蔚来世界模型全新版本智驾体验报告,王卡卡Ken,2026-07-13 17:00:00,84548,843,1,有几分硬实力？蔚来世界模型全新版本智驾体验报告,39903952902,172.937,1,25,16777215,2026-07-24 22:31:44,1784903504,3,fe2665aa,2162686362049154048,5
BV1f6N16gESH,116911241171426,有几分硬实力？蔚来世界模型全新版本智驾体验报告,王卡卡Ken,2026-07-13 17:00:00,84548,843,1,有几分硬实力？蔚来世界模型全新版本智驾体验报告,39903952902,357.640,1,25,16777215,2026-08-04 13:02:06,1785819726,0,9833492,2170372188015434240,666啊
BV12JhS6hEXc,117333725025304,蔚来ES9地平线特别版浅体验小报告，兄弟们会选择他吗？#蔚来es9 #蔚来,爱车的Ray,2026-09-26 12:05:00,3296,7,1,蔚来ES9地平线特别版浅体验小报告，兄弟们会选择他吗？#蔚来es9 #蔚来,42204597052,728.446,1,25,16777215,2026-09-27 19:09:34,1790507374,0,8577a0ba,2209695030015979776,有下车自动泊车，但不好用
BV1RZaa6vEzY,117342902226299,被吹爆?网红?蔚来es8全网最细无充深测 对比问界M9 智驾和ADS平肩了?对比比亚迪大唐音响 恭喜蔚来与吉利合作 都来换电吧,黑虾车神,2026-09-27 20:36:02,8969,80,1,被吹爆?网红?蔚来es8全网最细无充深测 对比问界M9 对比ADS蔚来智驾能进入第一梯队吗?对比比亚迪大唐音响,42249161686,341.374,1,25,16777215,2026-09-28 00:35:07,1790526907,0,c015f045,2209858884326890752,尾门和前机舱盖是复合树脂吧，比铝合金贵
BV1RZaa6vEzY,117342902226299,被吹爆?网红?蔚来es8全网最细无充深测 对比问界M9 智驾和ADS平肩了?对比比亚迪大唐音响 恭喜蔚来与吉利合作 都来换电吧,黑虾车神,2026-09-27 20:36:02,8969,80,1,被吹爆?网红?蔚来es8全网最细无充深测 对比问界M9 对比ADS蔚来智驾能进入第一梯队吗?对比比亚迪大唐音响,42249161686,237.052,1,25,16777215,2026-09-28 01:07:08,1790528828,0,54ca5e52,2209874994975182080,还是隐藏门把手？
BV1RZaa6vEzY,117342902226299,被吹爆?网红?蔚来es8全网最细无充深测 对比问界M9 智驾和ADS平肩了?对比比亚迪大唐音响 恭喜蔚来与吉利合作 都来换电吧,黑虾车神,2026-09-27 20:36:02,8969,80,1,被吹爆?网红?蔚来es8全网最细无充深测 对比问界M9 对比ADS蔚来智驾能进入第一梯队吗?对比比亚迪大唐音响,42249161686,334.394,1,25,16777215,2026-09-28 09:56:36,1790560596,0,94dd0590,2210141484433704448,好车
BV1RZaa6vEzY,117342902226299,被吹爆?网红?蔚来es8全网最细无充深测 对比问界M9 智驾和ADS平肩了?对比比亚迪大唐音响 恭喜蔚来与吉利合作 都来换电吧,黑虾车神,2026-09-27 20:36:02,8969,80,1,被吹爆?网红?蔚来es8全网最细无充深测 对比问界M9 对比ADS蔚来智驾能进入第一梯队吗?对比比亚迪大唐音响,42249161686,42.132,1,25,16777215,2026-09-28 20:25:16,1790598316,0,4ab9e036,2210457906678606848,6座的开过坐过，真不错
BV1RZaa6vEzY,117342902226299,被吹爆?网红?蔚来es8全网最细无充深测 对比问界M9 智驾和ADS平肩了?对比比亚迪大唐音响 恭喜蔚来与吉利合作 都来换电吧,黑虾车神,2026-09-27 20:36:02,8969,80,1,被吹爆?网红?蔚来es8全网最细无充深测 对比问界M9 对比ADS蔚来智驾能进入第一梯队吗?对比比亚迪大唐音响,42249161686,663.211,1,25,16777215,2026-09-28 08:49:46,1790556586,0,38d05bf0,2210107852063033856,放个对比啊
BV1RZaa6vEzY,117342902226299,被吹爆?网红?蔚来es8全网最细无充深测 对比问界M9 智驾和ADS平肩了?对比比亚迪大唐音响 恭喜蔚来与吉利合作 都来换电吧,黑虾车神,2026-09-27 20:36:02,8969,80,1,被吹爆?网红?蔚来es8全网最细无充深测 对比问界M9 对比ADS蔚来智驾能进入第一梯队吗?对比比亚迪大唐音响,42249161686,545.469,1,25,16777215,2026-09-28 10:42:20,1790563340,0,9e72f874,2210164509233691648,虽然...但是我还是有点反感这种多任务指令，太焦虑的，不够放松
BV1RZaa6vEzY,117342902226299,被吹爆?网红?蔚来es8全网最细无充深测 对比问界M9 智驾和ADS平肩了?对比比亚迪大唐音响 恭喜蔚来与吉利合作 都来换电吧,黑虾车神,2026-09-27 20:36:02,8969,80,1,被吹爆?网红?蔚来es8全网最细无充深测 对比问界M9 对比ADS蔚来智驾能进入第一梯队吗?对比比亚迪大唐音响,42249161686,377.037,1,25,16777215,2026-09-28 12:07:51,1790568471,0,5d033b83,2210207549570023680,蔚来的车主要是调校的不好，用料还是扎实的
BV1RZaa6vEzY,117342902226299,被吹爆?网红?蔚来es8全网最细无充深测 对比问界M9 智驾和ADS平肩了?对比比亚迪大唐音响 恭喜蔚来与吉利合作 都来换电吧,黑虾车神,2026-09-27 20:36:02,8969,80,1,被吹爆?网红?蔚来es8全网最细无充深测 对比问界M9 对比ADS蔚来智驾能进入第一梯队吗?对比比亚迪大唐音响,42249161686,404.269,1,25,16777215,2026-09-28 13:47:03,1790574423,0,fab0c4cf,2210257480259211264,悬架调教需求不一样，直接说蔚来调教不好，请说你认为好的
BV1RZaa6vEzY,117342902226299,被吹爆?网红?蔚来es8全网最细无充深测 对比问界M9 智驾和ADS平肩了?对比比亚迪大唐音响 恭喜蔚来与吉利合作 都来换电吧,黑虾车神,2026-09-27 20:36:02,8969,80,1,被吹爆?网红?蔚来es8全网最细无充深测 对比问界M9 对比ADS蔚来智驾能进入第一梯队吗?对比比亚迪大唐音响,42249161686,972.329,1,25,16777215,2026-09-28 11:44:35,1790567075,0,9572c65b,2210195833167908352,才2.5？
BV1RZaa6vEzY,117342902226299,被吹爆?网红?蔚来es8全网最细无充深测 对比问界M9 智驾和ADS平肩了?对比比亚迪大唐音响 恭喜蔚来与吉利合作 都来换电吧,黑虾车神,2026-09-27 20:36:02,8969,80,1,被吹爆?网红?蔚来es8全网最细无充深测 对比问界M9 对比ADS蔚来智驾能进入第一梯队吗?对比比亚迪大唐音响,42249161686,776.650,1,25,16777215,2026-09-28 15:13:16,1790579596,0,18049dcf,2210300869328287488,舒适模式确实是中性模式，后排尊享才是最舒适的模式，是最软的
BV1RZaa6vEzY,117342902226299,被吹爆?网红?蔚来es8全网最细无充深测 对比问界M9 智驾和ADS平肩了?对比比亚迪大唐音响 恭喜蔚来与吉利合作 都来换电吧,黑虾车神,2026-09-27 20:36:02,8969,80,1,被吹爆?网红?蔚来es8全网最细无充深测 对比问界M9 对比ADS蔚来智驾能进入第一梯队吗?对比比亚迪大唐音响,42249161686,762.766,1,25,16777215,2026-09-28 17:40:31,1790588431,0,87dbb506,2210374986748087552,这虚位 无敌！
BV1RZaa6vEzY,117342902226299,被吹爆?网红?蔚来es8全网最细无充深测 对比问界M9 智驾和ADS平肩了?对比比亚迪大唐音响 恭喜蔚来与吉利合作 都来换电吧,黑虾车神,2026-09-27 20:36:02,8969,80,1,被吹爆?网红?蔚来es8全网最细无充深测 对比问界M9 对比ADS蔚来智驾能进入第一梯队吗?对比比亚迪大唐音响,42249161686,2145.497,1,25,16777215,2026-09-27 21:35:07,1790516107,0,e8b0ff32,2209768288568535040,这个像Es8
BV1RZaa6vEzY,117342902226299,被吹爆?网红?蔚来es8全网最细无充深测 对比问界M9 智驾和ADS平肩了?对比比亚迪大唐音响 恭喜蔚来与吉利合作 都来换电吧,黑虾车神,2026-09-27 20:36:02,8969,80,1,被吹爆?网红?蔚来es8全网最细无充深测 对比问界M9 对比ADS蔚来智驾能进入第一梯队吗?对比比亚迪大唐音响,42249161686,1937.073,1,25,16777215,2026-09-28 08:53:38,1790556818,0,e9ba603e,2210109795972450816,对驾驶位的友好程度吊打M9
BV1RZaa6vEzY,117342902226299,被吹爆?网红?蔚来es8全网最细无充深测 对比问界M9 智驾和ADS平肩了?对比比亚迪大唐音响 恭喜蔚来与吉利合作 都来换电吧,黑虾车神,2026-09-27 20:36:02,8969,80,1,被吹爆?网红?蔚来es8全网最细无充深测 对比问界M9 对比ADS蔚来智驾能进入第一梯队吗?对比比亚迪大唐音响,42249161686,2227.487,1,25,16777215,2026-09-28 12:32:35,1790569955,0,a5e2d907,2210219998851964672,这么强
BV1RZaa6vEzY,117342902226299,被吹爆?网红?蔚来es8全网最细无充深测 对比问界M9 智驾和ADS平肩了?对比比亚迪大唐音响 恭喜蔚来与吉利合作 都来换电吧,黑虾车神,2026-09-27 20:36:02,8969,80,1,被吹爆?网红?蔚来es8全网最细无充深测 对比问界M9 对比ADS蔚来智驾能进入第一梯队吗?对比比亚迪大唐音响,42249161686,2206.417,1,25,16777215,2026-09-28 13:20:41,1790572841,0,a64db428,2210244205035535616,果然3是蔚来，蔚来音响确实有点东西
BV17dt86sEzE,117189692688457,小路之王遇上“一线城市”，蔚来NWM 2.0顶得住吗？,智能车研究所,2026-08-31 18:46:44,14316,82,1,蔚来全新ES8遇上“一线城市”，世界模型全新版本能顶得住吗？,41462203054,250.583,1,25,16777215,2026-09-01 09:41:02,1788226862,0,2b7d3dea,2190564705168081152,这种地方我开都得小心翼翼的。有点难度
BV17dt86sEzE,117189692688457,小路之王遇上“一线城市”，蔚来NWM 2.0顶得住吗？,智能车研究所,2026-08-31 18:46:44,14316,82,1,蔚来全新ES8遇上“一线城市”，世界模型全新版本能顶得住吗？,41462203054,473.576,1,25,16777215,2026-09-01 09:45:56,1788227156,0,2b7d3dea,2190567169766180352,现在蔚来的智驾是真不错了
BV17dt86sEzE,117189692688457,小路之王遇上“一线城市”，蔚来NWM 2.0顶得住吗？,智能车研究所,2026-08-31 18:46:44,14316,82,1,蔚来全新ES8遇上“一线城市”，世界模型全新版本能顶得住吗？,41462203054,507.346,1,25,16777215,2026-09-02 16:20:15,1788337215,0,c9782594,2191490418636992512,这个氛围灯确实可以
BV17dt86sEzE,117189692688457,小路之王遇上“一线城市”，蔚来NWM 2.0顶得住吗？,智能车研究所,2026-08-31 18:46:44,14316,82,1,蔚来全新ES8遇上“一线城市”，世界模型全新版本能顶得住吗？,41462203054,758.214,1,25,16777215,2026-09-01 13:47:25,1788241645,0,4b620fb2,2190688719974412032,有礼貌
BV17dt86sEzE,117189692688457,小路之王遇上“一线城市”，蔚来NWM 2.0顶得住吗？,智能车研究所,2026-08-31 18:46:44,14316,82,1,蔚来全新ES8遇上“一线城市”，世界模型全新版本能顶得住吗？,41462203054,783.436,1,25,16777215,2026-09-03 12:59:05,1788411545,0,338c3233,2192113943667940352,这么牛逼？手动打灯还是自己超的？
BV1Xz421C7KW,1353180660,吓哭了，这就是蔚来城区NOP+的真实水平？蔚来ET5｜智驾300Km | Banyan2.4.5,满电轩Sir,2024-04-16 11:00:00,39205,238,1,吓哭了，这就是蔚来城区NOP+的真实水平？蔚来ET5｜智驾300Km | Banyan2.4.5,1506478548,531.89700,1,25,16777215,2024-05-04 10:38:10,1714790290,0,ca546e71,1574534089879575552,蔚来车主表示还有电就已经打破了网上很多谣言了
BV1Xz421C7KW,1353180660,吓哭了，这就是蔚来城区NOP+的真实水平？蔚来ET5｜智驾300Km | Banyan2.4.5,满电轩Sir,2024-04-16 11:00:00,39205,238,1,吓哭了，这就是蔚来城区NOP+的真实水平？蔚来ET5｜智驾300Km | Banyan2.4.5,1506478548,509.41100,1,25,16777215,2024-05-03 21:23:04,1714742584,0,e9b04808,1574133901763750912,比自己开累多了。。。
BV1Xz421C7KW,1353180660,吓哭了，这就是蔚来城区NOP+的真实水平？蔚来ET5｜智驾300Km | Banyan2.4.5,满电轩Sir,2024-04-16 11:00:00,39205,238,1,吓哭了，这就是蔚来城区NOP+的真实水平？蔚来ET5｜智驾300Km | Banyan2.4.5,1506478548,316.13800,1,25,16777215,2024-04-22 21:20:01,1713792001,0,750e77e,1566159840945326336,接管太多次数那么开通的意义是什么，用于宣传和展示吗，那为什么不做的再好的再开通
BV1Xz421C7KW,1353180660,吓哭了，这就是蔚来城区NOP+的真实水平？蔚来ET5｜智驾300Km | Banyan2.4.5,满电轩Sir,2024-04-16 11:00:00,39205,238,1,吓哭了，这就是蔚来城区NOP+的真实水平？蔚来ET5｜智驾300Km | Banyan2.4.5,1506478548,527.50700,1,25,16777215,2024-04-21 12:42:23,1713674543,0,e5feaa27,1565174529259501568,太多长尾case了
BV1Xz421C7KW,1353180660,吓哭了，这就是蔚来城区NOP+的真实水平？蔚来ET5｜智驾300Km | Banyan2.4.5,满电轩Sir,2024-04-16 11:00:00,39205,238,1,吓哭了，这就是蔚来城区NOP+的真实水平？蔚来ET5｜智驾300Km | Banyan2.4.5,1506478548,141.59900,1,25,16777215,2024-04-20 20:07:00,1713614820,0,573b8d03,1564673537187537920,应该叫智驾600里
BV1Xz421C7KW,1353180660,吓哭了，这就是蔚来城区NOP+的真实水平？蔚来ET5｜智驾300Km | Banyan2.4.5,满电轩Sir,2024-04-16 11:00:00,39205,238,1,吓哭了，这就是蔚来城区NOP+的真实水平？蔚来ET5｜智驾300Km | Banyan2.4.5,1506478548,626.46600,1,25,16777215,2024-04-19 09:24:06,1713489846,0,5af08a11,1563625177185783808,这不就是苏牌车子平时开车的样子吗
BV1Xz421C7KW,1353180660,吓哭了，这就是蔚来城区NOP+的真实水平？蔚来ET5｜智驾300Km | Banyan2.4.5,满电轩Sir,2024-04-16 11:00:00,39205,238,1,吓哭了，这就是蔚来城区NOP+的真实水平？蔚来ET5｜智驾300Km | Banyan2.4.5,1506478548,69.84800,1,25,16777215,2024-04-18 22:36:16,1713450976,0,19f3e9a5,1563299114341578496,4月20日全量推送
BV1Xz421C7KW,1353180660,吓哭了，这就是蔚来城区NOP+的真实水平？蔚来ET5｜智驾300Km | Banyan2.4.5,满电轩Sir,2024-04-16 11:00:00,39205,238,1,吓哭了，这就是蔚来城区NOP+的真实水平？蔚来ET5｜智驾300Km | Banyan2.4.5,1506478548,648.97200,1,25,16777215,2024-04-17 13:49:11,1713332951,0,617ae12e,1562309049100664064,亿丢丢距离
BV1Xz421C7KW,1353180660,吓哭了，这就是蔚来城区NOP+的真实水平？蔚来ET5｜智驾300Km | Banyan2.4.5,满电轩Sir,2024-04-16 11:00:00,39205,238,1,吓哭了，这就是蔚来城区NOP+的真实水平？蔚来ET5｜智驾300Km | Banyan2.4.5,1506478548,236.58400,1,25,16777215,2024-04-17 10:00:19,1713319219,0,9786d697,1562193858413457920,完全不相信自动驾驶 现在这个技术还不成熟
BV1Xz421C7KW,1353180660,吓哭了，这就是蔚来城区NOP+的真实水平？蔚来ET5｜智驾300Km | Banyan2.4.5,满电轩Sir,2024-04-16 11:00:00,39205,238,1,吓哭了，这就是蔚来城区NOP+的真实水平？蔚来ET5｜智驾300Km | Banyan2.4.5,1506478548,594.81800,1,25,16777215,2024-04-17 07:18:01,1713309481,0,8a4304ee,1562112165937194752,这个，你分开城区高速统计下呀，理想现在城区基本直接不能跑所以不接管吧
BV1Xz421C7KW,1353180660,吓哭了，这就是蔚来城区NOP+的真实水平？蔚来ET5｜智驾300Km | Banyan2.4.5,满电轩Sir,2024-04-16 11:00:00,39205,238,1,吓哭了，这就是蔚来城区NOP+的真实水平？蔚来ET5｜智驾300Km | Banyan2.4.5,1506478548,323.64400,1,25,16777215,2025-07-27 10:58:15,1753585095,0,de455e48,1899968500907796736,满分十分拿九分和满分五十拿三十的能力差距还是很大的
BV1Xz421C7KW,1353180660,吓哭了，这就是蔚来城区NOP+的真实水平？蔚来ET5｜智驾300Km | Banyan2.4.5,满电轩Sir,2024-04-16 11:00:00,39205,238,1,吓哭了，这就是蔚来城区NOP+的真实水平？蔚来ET5｜智驾300Km | Banyan2.4.5,1506478548,238.40700,1,25,16777215,2025-07-10 23:04:47,1752159887,0,d16c9436,1888012991397042688,哈哈哈哈哈
BV1Xz421C7KW,1353180660,吓哭了，这就是蔚来城区NOP+的真实水平？蔚来ET5｜智驾300Km | Banyan2.4.5,满电轩Sir,2024-04-16 11:00:00,39205,238,1,吓哭了，这就是蔚来城区NOP+的真实水平？蔚来ET5｜智驾300Km | Banyan2.4.5,1506478548,15.42200,1,25,16777215,2025-07-10 23:00:57,1752159657,0,d16c9436,1888011064156104960,我靠这也太吓人了
BV1Xz421C7KW,1353180660,吓哭了，这就是蔚来城区NOP+的真实水平？蔚来ET5｜智驾300Km | Banyan2.4.5,满电轩Sir,2024-04-16 11:00:00,39205,238,1,吓哭了，这就是蔚来城区NOP+的真实水平？蔚来ET5｜智驾300Km | Banyan2.4.5,1506478548,364.24100,1,25,16777215,2025-03-19 22:29:07,1742394547,0,761bbf04,1806095385866503680,大屏能显示SR啊
BV1Xz421C7KW,1353180660,吓哭了，这就是蔚来城区NOP+的真实水平？蔚来ET5｜智驾300Km | Banyan2.4.5,满电轩Sir,2024-04-16 11:00:00,39205,238,1,吓哭了，这就是蔚来城区NOP+的真实水平？蔚来ET5｜智驾300Km | Banyan2.4.5,1506478548,503.66600,1,25,16777215,2025-02-20 08:39:30,1740011970,0,c099f19a,1786108875285153792,有点搞笑
BV1Xz421C7KW,1353180660,吓哭了，这就是蔚来城区NOP+的真实水平？蔚来ET5｜智驾300Km | Banyan2.4.5,满电轩Sir,2024-04-16 11:00:00,39205,238,1,吓哭了，这就是蔚来城区NOP+的真实水平？蔚来ET5｜智驾300Km | Banyan2.4.5,1506478548,501.91900,1,25,16777215,2024-12-18 20:11:38,1734523898,0,b899a8e8,1740071597127292416,太真实了
BV1Xz421C7KW,1353180660,吓哭了，这就是蔚来城区NOP+的真实水平？蔚来ET5｜智驾300Km | Banyan2.4.5,满电轩Sir,2024-04-16 11:00:00,39205,238,1,吓哭了，这就是蔚来城区NOP+的真实水平？蔚来ET5｜智驾300Km | Banyan2.4.5,1506478548,452.97300,1,25,16777215,2024-12-04 06:34:57,1733265297,0,a4159c4a,1729513685216642816,阿这是我们东风五小区
BV1Xz421C7KW,1353180660,吓哭了，这就是蔚来城区NOP+的真实水平？蔚来ET5｜智驾300Km | Banyan2.4.5,满电轩Sir,2024-04-16 11:00:00,39205,238,1,吓哭了，这就是蔚来城区NOP+的真实水平？蔚来ET5｜智驾300Km | Banyan2.4.5,1506478548,95.44600,1,25,16777215,2024-12-04 06:31:54,1733265114,0,a4159c4a,1729512150453618944,华北油田欢迎你
BV1Xz421C7KW,1353180660,吓哭了，这就是蔚来城区NOP+的真实水平？蔚来ET5｜智驾300Km | Banyan2.4.5,满电轩Sir,2024-04-16 11:00:00,39205,238,1,吓哭了，这就是蔚来城区NOP+的真实水平？蔚来ET5｜智驾300Km | Banyan2.4.5,1506478548,9.37900,1,25,16777215,2024-11-28 12:05:35,1732766735,0,7fd51164,1725331441501869056,期待下一个作品
BV1Xz421C7KW,1353180660,吓哭了，这就是蔚来城区NOP+的真实水平？蔚来ET5｜智驾300Km | Banyan2.4.5,满电轩Sir,2024-04-16 11:00:00,39205,238,1,吓哭了，这就是蔚来城区NOP+的真实水平？蔚来ET5｜智驾300Km | Banyan2.4.5,1506478548,279.72400,1,25,16777215,2024-11-14 09:09:59,1731546599,0,277148c2,1715096198194959360,什么格格巫版蓝精灵
BV1Xz421C7KW,1353180660,吓哭了，这就是蔚来城区NOP+的真实水平？蔚来ET5｜智驾300Km | Banyan2.4.5,满电轩Sir,2024-04-16 11:00:00,39205,238,1,吓哭了，这就是蔚来城区NOP+的真实水平？蔚来ET5｜智驾300Km | Banyan2.4.5,1506478548,198.46200,1,25,16777215,2024-09-15 16:22:00,1726388520,0,bfc3fc10,1671827100421717504,真的拉
BV1Xz421C7KW,1353180660,吓哭了，这就是蔚来城区NOP+的真实水平？蔚来ET5｜智驾300Km | Banyan2.4.5,满电轩Sir,2024-04-16 11:00:00,39205,238,1,吓哭了，这就是蔚来城区NOP+的真实水平？蔚来ET5｜智驾300Km | Banyan2.4.5,1506478548,103.40000,1,25,16777215,2024-09-15 16:20:28,1726388428,0,bfc3fc10,1671826327168303360,信李斌不如信你自己
BV1Xz421C7KW,1353180660,吓哭了，这就是蔚来城区NOP+的真实水平？蔚来ET5｜智驾300Km | Banyan2.4.5,满电轩Sir,2024-04-16 11:00:00,39205,238,1,吓哭了，这就是蔚来城区NOP+的真实水平？蔚来ET5｜智驾300Km | Banyan2.4.5,1506478548,179.27500,1,25,16777215,2024-09-13 11:04:30,1726196670,0,9a0bbf5d,1670217742353440000,看来还是问界智驾更好
BV1Xz421C7KW,1353180660,吓哭了，这就是蔚来城区NOP+的真实水平？蔚来ET5｜智驾300Km | Banyan2.4.5,满电轩Sir,2024-04-16 11:00:00,39205,238,1,吓哭了，这就是蔚来城区NOP+的真实水平？蔚来ET5｜智驾300Km | Banyan2.4.5,1506478548,527.42100,1,25,16777215,2024-08-26 01:21:04,1724606464,0,15cc30b9,1656878130507426048,这段路 问界能不能测一次
BV1Xz421C7KW,1353180660,吓哭了，这就是蔚来城区NOP+的真实水平？蔚来ET5｜智驾300Km | Banyan2.4.5,满电轩Sir,2024-04-16 11:00:00,39205,238,1,吓哭了，这就是蔚来城区NOP+的真实水平？蔚来ET5｜智驾300Km | Banyan2.4.5,1506478548,461.82200,1,25,16777215,2024-08-12 23:33:30,1723476810,0,8a411e55,1647401900498441216,什么玩意。。。没法看。。。(允悲允悲允悲，果断放弃蔚来。。。哈哈哈！
BV1Xz421C7KW,1353180660,吓哭了，这就是蔚来城区NOP+的真实水平？蔚来ET5｜智驾300Km | Banyan2.4.5,满电轩Sir,2024-04-16 11:00:00,39205,238,1,吓哭了，这就是蔚来城区NOP+的真实水平？蔚来ET5｜智驾300Km | Banyan2.4.5,1506478548,658.38500,1,25,16777215,2024-08-09 18:11:03,1723198263,0,d8fd6489,1645065278108872192,为什么反复强调四线城市却不说名字
BV1Xz421C7KW,1353180660,吓哭了，这就是蔚来城区NOP+的真实水平？蔚来ET5｜智驾300Km | Banyan2.4.5,满电轩Sir,2024-04-16 11:00:00,39205,238,1,吓哭了，这就是蔚来城区NOP+的真实水平？蔚来ET5｜智驾300Km | Banyan2.4.5,1506478548,515.96600,1,25,16777215,2024-08-06 23:28:53,1722958133,0,5c365e92,1643050925126120192,我在城市里开了一次冲着逆行就过去了，不敢在城市用了
BV1Xz421C7KW,1353180660,吓哭了，这就是蔚来城区NOP+的真实水平？蔚来ET5｜智驾300Km | Banyan2.4.5,满电轩Sir,2024-04-16 11:00:00,39205,238,1,吓哭了，这就是蔚来城区NOP+的真实水平？蔚来ET5｜智驾300Km | Banyan2.4.5,1506478548,416.86600,1,25,16777215,2024-07-24 00:48:06,1721753286,0,90888594,1632943932931723520,这一下直接就够pass了
BV1Xz421C7KW,1353180660,吓哭了，这就是蔚来城区NOP+的真实水平？蔚来ET5｜智驾300Km | Banyan2.4.5,满电轩Sir,2024-04-16 11:00:00,39205,238,1,吓哭了，这就是蔚来城区NOP+的真实水平？蔚来ET5｜智驾300Km | Banyan2.4.5,1506478548,306.97400,1,25,16777215,2024-07-24 00:45:40,1721753140,0,90888594,1632942709738265856,可以了
BV1Xz421C7KW,1353180660,吓哭了，这就是蔚来城区NOP+的真实水平？蔚来ET5｜智驾300Km | Banyan2.4.5,满电轩Sir,2024-04-16 11:00:00,39205,238,1,吓哭了，这就是蔚来城区NOP+的真实水平？蔚来ET5｜智驾300Km | Banyan2.4.5,1506478548,181.15200,1,25,16777215,2024-07-24 00:42:29,1721752949,0,90888594,1632941111842582528,好么旁边就是华为北研所。。。
BV1Xz421C7KW,1353180660,吓哭了，这就是蔚来城区NOP+的真实水平？蔚来ET5｜智驾300Km | Banyan2.4.5,满电轩Sir,2024-04-16 11:00:00,39205,238,1,吓哭了，这就是蔚来城区NOP+的真实水平？蔚来ET5｜智驾300Km | Banyan2.4.5,1506478548,160.58800,1,25,16777215,2024-07-08 08:54:59,1720400099,0,d291abeb,1621592582696442880,是的，一条路有不支持一段的
BV1Xz421C7KW,1353180660,吓哭了，这就是蔚来城区NOP+的真实水平？蔚来ET5｜智驾300Km | Banyan2.4.5,满电轩Sir,2024-04-16 11:00:00,39205,238,1,吓哭了，这就是蔚来城区NOP+的真实水平？蔚来ET5｜智驾300Km | Banyan2.4.5,1506478548,70.03000,1,25,16777215,2024-07-08 08:53:36,1720400016,0,d291abeb,1621591880720558592,一个月三百八 无语
BV1Xz421C7KW,1353180660,吓哭了，这就是蔚来城区NOP+的真实水平？蔚来ET5｜智驾300Km | Banyan2.4.5,满电轩Sir,2024-04-16 11:00:00,39205,238,1,吓哭了，这就是蔚来城区NOP+的真实水平？蔚来ET5｜智驾300Km | Banyan2.4.5,1506478548,55.01700,1,25,16777215,2024-06-27 23:31:45,1719502305,0,d6927087,1614061338391724800,很好看呀
BV1Xz421C7KW,1353180660,吓哭了，这就是蔚来城区NOP+的真实水平？蔚来ET5｜智驾300Km | Banyan2.4.5,满电轩Sir,2024-04-16 11:00:00,39205,238,1,吓哭了，这就是蔚来城区NOP+的真实水平？蔚来ET5｜智驾300Km | Banyan2.4.5,1506478548,466.93900,1,25,16777215,2024-06-27 09:02:48,1719450168,0,c042f1da,1613623984698496000,蔚来智驾就是个笑话
BV1Xz421C7KW,1353180660,吓哭了，这就是蔚来城区NOP+的真实水平？蔚来ET5｜智驾300Km | Banyan2.4.5,满电轩Sir,2024-04-16 11:00:00,39205,238,1,吓哭了，这就是蔚来城区NOP+的真实水平？蔚来ET5｜智驾300Km | Banyan2.4.5,1506478548,128.42100,1,25,16777215,2024-06-26 16:14:45,1719389685,0,aac056d2,1613116617192134912,太空浪子好评
BV1Xz421C7KW,1353180660,吓哭了，这就是蔚来城区NOP+的真实水平？蔚来ET5｜智驾300Km | Banyan2.4.5,满电轩Sir,2024-04-16 11:00:00,39205,238,1,吓哭了，这就是蔚来城区NOP+的真实水平？蔚来ET5｜智驾300Km | Banyan2.4.5,1506478548,640.20200,1,25,16777215,2024-06-18 14:08:13,1718690893,0,96b4d7,1607254720358115328,第一次听到当小白鼠还挺高兴的人
BV1Xz421C7KW,1353180660,吓哭了，这就是蔚来城区NOP+的真实水平？蔚来ET5｜智驾300Km | Banyan2.4.5,满电轩Sir,2024-04-16 11:00:00,39205,238,1,吓哭了，这就是蔚来城区NOP+的真实水平？蔚来ET5｜智驾300Km | Banyan2.4.5,1506478548,634.78200,1,25,16777215,2024-06-18 14:07:21,1718690841,0,96b4d7,1607254288369993728,蔚忠贤都是这么安慰自己的吗？什么多跑几次就好了？
BV1Xz421C7KW,1353180660,吓哭了，这就是蔚来城区NOP+的真实水平？蔚来ET5｜智驾300Km | Banyan2.4.5,满电轩Sir,2024-04-16 11:00:00,39205,238,1,吓哭了，这就是蔚来城区NOP+的真实水平？蔚来ET5｜智驾300Km | Banyan2.4.5,1506478548,238.04900,1,25,16777215,2024-06-10 21:54:11,1718027651,0,3561f3f7,1601691044192481024,？？？？？？？？？？？
BV1Xz421C7KW,1353180660,吓哭了，这就是蔚来城区NOP+的真实水平？蔚来ET5｜智驾300Km | Banyan2.4.5,满电轩Sir,2024-04-16 11:00:00,39205,238,1,吓哭了，这就是蔚来城区NOP+的真实水平？蔚来ET5｜智驾300Km | Banyan2.4.5,1506478548,332.09300,1,25,16777215,2024-05-29 18:13:49,1716977629,0,dc75871e,1592882824405544704,什么时候可以单车自主学习就够了，别后台推了
BV1Xz421C7KW,1353180660,吓哭了，这就是蔚来城区NOP+的真实水平？蔚来ET5｜智驾300Km | Banyan2.4.5,满电轩Sir,2024-04-16 11:00:00,39205,238,1,吓哭了，这就是蔚来城区NOP+的真实水平？蔚来ET5｜智驾300Km | Banyan2.4.5,1506478548,116.52100,1,25,16777215,2024-05-18 14:03:44,1716012224,0,5b68321,1584784419552996096,bgm好吵
BV1Xz421C7KW,1353180660,吓哭了，这就是蔚来城区NOP+的真实水平？蔚来ET5｜智驾300Km | Banyan2.4.5,满电轩Sir,2024-04-16 11:00:00,39205,238,1,吓哭了，这就是蔚来城区NOP+的真实水平？蔚来ET5｜智驾300Km | Banyan2.4.5,1506478548,444.78800,1,25,16777215,2024-05-13 17:58:15,1715594295,0,1e97b402,1581278574936161280,好暴力的开法
BV1Xz421C7KW,1353180660,吓哭了，这就是蔚来城区NOP+的真实水平？蔚来ET5｜智驾300Km | Banyan2.4.5,满电轩Sir,2024-04-16 11:00:00,39205,238,1,吓哭了，这就是蔚来城区NOP+的真实水平？蔚来ET5｜智驾300Km | Banyan2.4.5,1506478548,419.94800,1,25,16777215,2024-05-13 17:57:38,1715594258,0,1e97b402,1581278267351264512,吓死
BV1Xz421C7KW,1353180660,吓哭了，这就是蔚来城区NOP+的真实水平？蔚来ET5｜智驾300Km | Banyan2.4.5,满电轩Sir,2024-04-16 11:00:00,39205,238,1,吓哭了，这就是蔚来城区NOP+的真实水平？蔚来ET5｜智驾300Km | Banyan2.4.5,1506478548,153.26500,1,25,16777215,2024-05-11 12:00:42,1715400042,0,89583fb2,1579649064604465664,惊喜的发现这路支持，侧面说明不是所有路都支持。每年4500的领航智驾，就这
BV1Xz421C7KW,1353180660,吓哭了，这就是蔚来城区NOP+的真实水平？蔚来ET5｜智驾300Km | Banyan2.4.5,满电轩Sir,2024-04-16 11:00:00,39205,238,1,吓哭了，这就是蔚来城区NOP+的真实水平？蔚来ET5｜智驾300Km | Banyan2.4.5,1506478548,54.73900,1,25,16777215,2024-05-10 18:06:25,1715335585,0,56c9f9ee,1579108358915544064,没有那三个头会比小米好看很多
BV1Xz421C7KW,1353180660,吓哭了，这就是蔚来城区NOP+的真实水平？蔚来ET5｜智驾300Km | Banyan2.4.5,满电轩Sir,2024-04-16 11:00:00,39205,238,1,吓哭了，这就是蔚来城区NOP+的真实水平？蔚来ET5｜智驾300Km | Banyan2.4.5,1506478548,603.99100,1,25,16777215,2024-05-09 21:17:50,1715260670,0,7b5ea035,1578479926733402880,不开通意味着没数据，还得开通让车主跑数据
BV1Xz421C7KW,1353180660,吓哭了，这就是蔚来城区NOP+的真实水平？蔚来ET5｜智驾300Km | Banyan2.4.5,满电轩Sir,2024-04-16 11:00:00,39205,238,1,吓哭了，这就是蔚来城区NOP+的真实水平？蔚来ET5｜智驾300Km | Banyan2.4.5,1506478548,370.05100,1,25,16777215,2024-05-09 21:13:42,1715260422,0,7b5ea035,1578477848724191744,加钱上678，大hud
BV1Xz421C7KW,1353180660,吓哭了，这就是蔚来城区NOP+的真实水平？蔚来ET5｜智驾300Km | Banyan2.4.5,满电轩Sir,2024-04-16 11:00:00,39205,238,1,吓哭了，这就是蔚来城区NOP+的真实水平？蔚来ET5｜智驾300Km | Banyan2.4.5,1506478548,316.44900,1,25,16777215,2024-05-09 21:12:49,1715260369,0,7b5ea035,1578477399102984192,b
BV1Xz421C7KW,1353180660,吓哭了，这就是蔚来城区NOP+的真实水平？蔚来ET5｜智驾300Km | Banyan2.4.5,满电轩Sir,2024-04-16 11:00:00,39205,238,1,吓哭了，这就是蔚来城区NOP+的真实水平？蔚来ET5｜智驾300Km | Banyan2.4.5,1506478548,456.22900,1,25,16777215,2024-05-08 20:25:22,1715171122,0,3c1db8bb,1577728738656214784,看过特斯拉的fsd，不会在显示屏上显示过多的渲染信息
BV1Xz421C7KW,1353180660,吓哭了，这就是蔚来城区NOP+的真实水平？蔚来ET5｜智驾300Km | Banyan2.4.5,满电轩Sir,2024-04-16 11:00:00,39205,238,1,吓哭了，这就是蔚来城区NOP+的真实水平？蔚来ET5｜智驾300Km | Banyan2.4.5,1506478548,597.49100,1,25,16777215,2024-05-08 09:46:02,1715132762,0,fe727c6d,1577406952357767680,你不成熟路段强行开通noa，还分开统计啥？技术不到就先别开通
BV1Xz421C7KW,1353180660,吓哭了，这就是蔚来城区NOP+的真实水平？蔚来ET5｜智驾300Km | Banyan2.4.5,满电轩Sir,2024-04-16 11:00:00,39205,238,1,吓哭了，这就是蔚来城区NOP+的真实水平？蔚来ET5｜智驾300Km | Banyan2.4.5,1506478548,609.10100,1,25,16777215,2024-05-05 22:28:18,1714919298,0,806e4203,1575616285910385152,不用管 你试试？
BV1Xz421C7KW,1353180660,吓哭了，这就是蔚来城区NOP+的真实水平？蔚来ET5｜智驾300Km | Banyan2.4.5,满电轩Sir,2024-04-16 11:00:00,39205,238,1,吓哭了，这就是蔚来城区NOP+的真实水平？蔚来ET5｜智驾300Km | Banyan2.4.5,1506478548,138.25100,1,25,16777215,2024-05-05 13:52:59,1714888379,0,bcfce976,1575356920444125952,边远
BV1Xz421C7KW,1353180660,吓哭了，这就是蔚来城区NOP+的真实水平？蔚来ET5｜智驾300Km | Banyan2.4.5,满电轩Sir,2024-04-16 11:00:00,39205,238,1,吓哭了，这就是蔚来城区NOP+的真实水平？蔚来ET5｜智驾300Km | Banyan2.4.5,1506478548,621.70800,1,25,16777215,2024-05-04 10:42:19,1714790539,0,ca546e71,1574536183147834112,是的，跑的多了就变成可用了
BV1Xz421C7KW,1353180660,吓哭了，这就是蔚来城区NOP+的真实水平？蔚来ET5｜智驾300Km | Banyan2.4.5,满电轩Sir,2024-04-16 11:00:00,39205,238,1,吓哭了，这就是蔚来城区NOP+的真实水平？蔚来ET5｜智驾300Km | Banyan2.4.5,1506478548,418.43400,1,25,16777215,2024-05-04 09:47:08,1714787228,0,28a62735,1574508409288445952,刚刚要是大车心狠一点估计人都没了。。就这水平放出来给用户害人吗
BV1Xz421C7KW,1353180660,吓哭了，这就是蔚来城区NOP+的真实水平？蔚来ET5｜智驾300Km | Banyan2.4.5,满电轩Sir,2024-04-16 11:00:00,39205,238,1,吓哭了，这就是蔚来城区NOP+的真实水平？蔚来ET5｜智驾300Km | Banyan2.4.5,1506478548,535.21500,1,25,16777215,2024-05-03 22:50:43,1714747843,0,65129193,1574178019700903936,拿生命在测试
BV1Xz421C7KW,1353180660,吓哭了，这就是蔚来城区NOP+的真实水平？蔚来ET5｜智驾300Km | Banyan2.4.5,满电轩Sir,2024-04-16 11:00:00,39205,238,1,吓哭了，这就是蔚来城区NOP+的真实水平？蔚来ET5｜智驾300Km | Banyan2.4.5,1506478548,444.97400,1,25,16777215,2024-05-03 22:49:13,1714747753,0,65129193,1574177263493509632,这。。。马路杀手
BV1Xz421C7KW,1353180660,吓哭了，这就是蔚来城区NOP+的真实水平？蔚来ET5｜智驾300Km | Banyan2.4.5,满电轩Sir,2024-04-16 11:00:00,39205,238,1,吓哭了，这就是蔚来城区NOP+的真实水平？蔚来ET5｜智驾300Km | Banyan2.4.5,1506478548,174.86700,1,25,16777215,2024-05-03 20:22:11,1714738931,0,10a75181,1574103261726693888,需要走这种人都不走的路线吗？
BV1Xz421C7KW,1353180660,吓哭了，这就是蔚来城区NOP+的真实水平？蔚来ET5｜智驾300Km | Banyan2.4.5,满电轩Sir,2024-04-16 11:00:00,39205,238,1,吓哭了，这就是蔚来城区NOP+的真实水平？蔚来ET5｜智驾300Km | Banyan2.4.5,1506478548,454.15300,1,25,16777215,2024-04-30 17:42:22,1714470142,0,c72f59b9,1571848493512162048,我还是只在高速用吧。。
BV1Xz421C7KW,1353180660,吓哭了，这就是蔚来城区NOP+的真实水平？蔚来ET5｜智驾300Km | Banyan2.4.5,满电轩Sir,2024-04-16 11:00:00,39205,238,1,吓哭了，这就是蔚来城区NOP+的真实水平？蔚来ET5｜智驾300Km | Banyan2.4.5,1506478548,417.81100,1,25,16777215,2024-04-30 13:51:25,1714456285,0,b58cd2a5,1571732252118106624,卧槽
BV1Xz421C7KW,1353180660,吓哭了，这就是蔚来城区NOP+的真实水平？蔚来ET5｜智驾300Km | Banyan2.4.5,满电轩Sir,2024-04-16 11:00:00,39205,238,1,吓哭了，这就是蔚来城区NOP+的真实水平？蔚来ET5｜智驾300Km | Banyan2.4.5,1506478548,535.86700,1,25,16777215,2024-04-27 23:28:58,1714231738,0,74606baf,1569848621422359296,同为蔚来车主，不敢NOP
BV1Xz421C7KW,1353180660,吓哭了，这就是蔚来城区NOP+的真实水平？蔚来ET5｜智驾300Km | Banyan2.4.5,满电轩Sir,2024-04-16 11:00:00,39205,238,1,吓哭了，这就是蔚来城区NOP+的真实水平？蔚来ET5｜智驾300Km | Banyan2.4.5,1506478548,63.20800,1,25,16777215,2024-04-26 22:02:41,1714140161,0,42c83f1f,1569080418479688960,开局越高调 结果越打脸
BV1Xz421C7KW,1353180660,吓哭了，这就是蔚来城区NOP+的真实水平？蔚来ET5｜智驾300Km | Banyan2.4.5,满电轩Sir,2024-04-16 11:00:00,39205,238,1,吓哭了，这就是蔚来城区NOP+的真实水平？蔚来ET5｜智驾300Km | Banyan2.4.5,1506478548,324.38000,1,25,16777215,2024-04-26 21:47:26,1714139246,0,c23b6f3c,1569072741536458496,为了跑出更多数据
BV1Xz421C7KW,1353180660,吓哭了，这就是蔚来城区NOP+的真实水平？蔚来ET5｜智驾300Km | Banyan2.4.5,满电轩Sir,2024-04-16 11:00:00,39205,238,1,吓哭了，这就是蔚来城区NOP+的真实水平？蔚来ET5｜智驾300Km | Banyan2.4.5,1506478548,623.91500,1,25,16777215,2024-04-26 13:40:01,1714110001,0,571e44e9,1568827418154887680,八字够硬才敢这样开。。。
BV1Xz421C7KW,1353180660,吓哭了，这就是蔚来城区NOP+的真实水平？蔚来ET5｜智驾300Km | Banyan2.4.5,满电轩Sir,2024-04-16 11:00:00,39205,238,1,吓哭了，这就是蔚来城区NOP+的真实水平？蔚来ET5｜智驾300Km | Banyan2.4.5,1506478548,92.40100,1,25,16777215,2024-04-24 20:20:08,1713961208,0,32dd196b,1567579251744701952,李斌用新ET7也在北京市区测试了一遍，接管算的1.5次，很优秀了
BV1Xz421C7KW,1353180660,吓哭了，这就是蔚来城区NOP+的真实水平？蔚来ET5｜智驾300Km | Banyan2.4.5,满电轩Sir,2024-04-16 11:00:00,39205,238,1,吓哭了，这就是蔚来城区NOP+的真实水平？蔚来ET5｜智驾300Km | Banyan2.4.5,1506478548,484.73200,1,25,16777215,2024-04-24 10:41:44,1713926504,0,712b84b3,1567288132142317824,太危险，nop+这功能我只会在高速和高架用地面道路还是自己开稳一点
BV1Xz421C7KW,1353180660,吓哭了，这就是蔚来城区NOP+的真实水平？蔚来ET5｜智驾300Km | Banyan2.4.5,满电轩Sir,2024-04-16 11:00:00,39205,238,1,吓哭了，这就是蔚来城区NOP+的真实水平？蔚来ET5｜智驾300Km | Banyan2.4.5,1506478548,376.32200,1,25,16777215,2024-04-23 21:48:46,1713880126,0,41528b9a,1566899083283610880,一脚油门，一脚刹车
BV1Xz421C7KW,1353180660,吓哭了，这就是蔚来城区NOP+的真实水平？蔚来ET5｜智驾300Km | Banyan2.4.5,满电轩Sir,2024-04-16 11:00:00,39205,238,1,吓哭了，这就是蔚来城区NOP+的真实水平？蔚来ET5｜智驾300Km | Banyan2.4.5,1506478548,162.04400,1,25,16777215,2024-04-22 22:57:22,1713797842,0,636b3570,1566208833813054976,有刹车踏板视角好评
BV1Xz421C7KW,1353180660,吓哭了，这就是蔚来城区NOP+的真实水平？蔚来ET5｜智驾300Km | Banyan2.4.5,满电轩Sir,2024-04-16 11:00:00,39205,238,1,吓哭了，这就是蔚来城区NOP+的真实水平？蔚来ET5｜智驾300Km | Banyan2.4.5,1506478548,470.85000,1,25,16777215,2024-04-22 21:56:36,1713794196,0,9f0f9bea,1566178250726671360,这里是为了让es6??
BV1Xz421C7KW,1353180660,吓哭了，这就是蔚来城区NOP+的真实水平？蔚来ET5｜智驾300Km | Banyan2.4.5,满电轩Sir,2024-04-16 11:00:00,39205,238,1,吓哭了，这就是蔚来城区NOP+的真实水平？蔚来ET5｜智驾300Km | Banyan2.4.5,1506478548,518.36600,1,25,16777215,2024-04-22 21:20:06,1713792006,0,fd54d500,1566159881135048448,这路遥遥领先根本就不支持
BV1Xz421C7KW,1353180660,吓哭了，这就是蔚来城区NOP+的真实水平？蔚来ET5｜智驾300Km | Banyan2.4.5,满电轩Sir,2024-04-16 11:00:00,39205,238,1,吓哭了，这就是蔚来城区NOP+的真实水平？蔚来ET5｜智驾300Km | Banyan2.4.5,1506478548,419.45500,1,25,16777215,2024-04-22 21:18:34,1713791914,0,fd54d500,1566159104215765248,这里不需要接管吧
BV1Xz421C7KW,1353180660,吓哭了，这就是蔚来城区NOP+的真实水平？蔚来ET5｜智驾300Km | Banyan2.4.5,满电轩Sir,2024-04-16 11:00:00,39205,238,1,吓哭了，这就是蔚来城区NOP+的真实水平？蔚来ET5｜智驾300Km | Banyan2.4.5,1506478548,393.88400,1,25,16777215,2024-04-22 21:17:51,1713791871,0,fd54d500,1566158745376323584,这人开可能已经撞上了
BV1Xz421C7KW,1353180660,吓哭了，这就是蔚来城区NOP+的真实水平？蔚来ET5｜智驾300Km | Banyan2.4.5,满电轩Sir,2024-04-16 11:00:00,39205,238,1,吓哭了，这就是蔚来城区NOP+的真实水平？蔚来ET5｜智驾300Km | Banyan2.4.5,1506478548,52.16300,1,25,16777215,2024-04-22 21:04:30,1713791070,0,bba75d74,1566152029859090944,et5同温层蓝太好看了
BV1Xz421C7KW,1353180660,吓哭了，这就是蔚来城区NOP+的真实水平？蔚来ET5｜智驾300Km | Banyan2.4.5,满电轩Sir,2024-04-16 11:00:00,39205,238,1,吓哭了，这就是蔚来城区NOP+的真实水平？蔚来ET5｜智驾300Km | Banyan2.4.5,1506478548,538.27800,1,25,16777215,2024-04-22 19:44:14,1713786254,0,59f115ce,1566111624962828544,这也能用？
BV1Xz421C7KW,1353180660,吓哭了，这就是蔚来城区NOP+的真实水平？蔚来ET5｜智驾300Km | Banyan2.4.5,满电轩Sir,2024-04-16 11:00:00,39205,238,1,吓哭了，这就是蔚来城区NOP+的真实水平？蔚来ET5｜智驾300Km | Banyan2.4.5,1506478548,662.99300,1,25,16777215,2024-04-22 19:22:00,1713784920,0,d538a333,1566100436296056832,2.4.5就是很烂，不如之前的领航团版本。等30号2.6系统吧，这个版本我认为最大的用处是帮忙给2.6跑图。
BV1Xz421C7KW,1353180660,吓哭了，这就是蔚来城区NOP+的真实水平？蔚来ET5｜智驾300Km | Banyan2.4.5,满电轩Sir,2024-04-16 11:00:00,39205,238,1,吓哭了，这就是蔚来城区NOP+的真实水平？蔚来ET5｜智驾300Km | Banyan2.4.5,1506478548,77.93800,1,25,16777215,2024-04-22 18:57:26,1713783446,0,600caa45,1566088074583538944,月底
BV1Xz421C7KW,1353180660,吓哭了，这就是蔚来城区NOP+的真实水平？蔚来ET5｜智驾300Km | Banyan2.4.5,满电轩Sir,2024-04-16 11:00:00,39205,238,1,吓哭了，这就是蔚来城区NOP+的真实水平？蔚来ET5｜智驾300Km | Banyan2.4.5,1506478548,58.57700,1,25,16777215,2024-04-22 18:57:11,1713783431,0,600caa45,1566087944291395328,帅就完事林，比鸡贼想用料好10倍
BV1Xz421C7KW,1353180660,吓哭了，这就是蔚来城区NOP+的真实水平？蔚来ET5｜智驾300Km | Banyan2.4.5,满电轩Sir,2024-04-16 11:00:00,39205,238,1,吓哭了，这就是蔚来城区NOP+的真实水平？蔚来ET5｜智驾300Km | Banyan2.4.5,1506478548,257.41800,1,25,16777215,2024-04-22 09:42:13,1713750133,3,15d873cd,1565808625841195264,接近70次
BV1Xz421C7KW,1353180660,吓哭了，这就是蔚来城区NOP+的真实水平？蔚来ET5｜智驾300Km | Banyan2.4.5,满电轩Sir,2024-04-16 11:00:00,39205,238,1,吓哭了，这就是蔚来城区NOP+的真实水平？蔚来ET5｜智驾300Km | Banyan2.4.5,1506478548,258.68800,1,25,16777215,2024-04-21 23:56:58,1713715018,3,2ed8e58d,1565514058873435136,接近70次
BV1Xz421C7KW,1353180660,吓哭了，这就是蔚来城区NOP+的真实水平？蔚来ET5｜智驾300Km | Banyan2.4.5,满电轩Sir,2024-04-16 11:00:00,39205,238,1,吓哭了，这就是蔚来城区NOP+的真实水平？蔚来ET5｜智驾300Km | Banyan2.4.5,1506478548,257.29200,1,25,16777215,2024-04-21 22:50:38,1713711038,3,a198ec45,1565480672917819136,接近70次
BV1Xz421C7KW,1353180660,吓哭了，这就是蔚来城区NOP+的真实水平？蔚来ET5｜智驾300Km | Banyan2.4.5,满电轩Sir,2024-04-16 11:00:00,39205,238,1,吓哭了，这就是蔚来城区NOP+的真实水平？蔚来ET5｜智驾300Km | Banyan2.4.5,1506478548,256.21500,1,25,16777215,2024-04-21 22:31:23,1713709883,3,78170b08,1565470985166200832,接近100次
BV1Xz421C7KW,1353180660,吓哭了，这就是蔚来城区NOP+的真实水平？蔚来ET5｜智驾300Km | Banyan2.4.5,满电轩Sir,2024-04-16 11:00:00,39205,238,1,吓哭了，这就是蔚来城区NOP+的真实水平？蔚来ET5｜智驾300Km | Banyan2.4.5,1506478548,255.84400,1,25,16777215,2024-04-21 20:41:37,1713703297,3,21511092,1565415732651587072,接近70次
BV1Xz421C7KW,1353180660,吓哭了，这就是蔚来城区NOP+的真实水平？蔚来ET5｜智驾300Km | Banyan2.4.5,满电轩Sir,2024-04-16 11:00:00,39205,238,1,吓哭了，这就是蔚来城区NOP+的真实水平？蔚来ET5｜智驾300Km | Banyan2.4.5,1506478548,258.27800,1,25,16777215,2024-04-21 19:44:06,1713699846,3,bef0c17d,1565386785511916032,接近100次
BV1Xz421C7KW,1353180660,吓哭了，这就是蔚来城区NOP+的真实水平？蔚来ET5｜智驾300Km | Banyan2.4.5,满电轩Sir,2024-04-16 11:00:00,39205,238,1,吓哭了，这就是蔚来城区NOP+的真实水平？蔚来ET5｜智驾300Km | Banyan2.4.5,1506478548,257.94600,1,25,16777215,2024-04-21 18:19:20,1713694760,3,280dc05b,1565344122150298368,接近100次
BV1Xz421C7KW,1353180660,吓哭了，这就是蔚来城区NOP+的真实水平？蔚来ET5｜智驾300Km | Banyan2.4.5,满电轩Sir,2024-04-16 11:00:00,39205,238,1,吓哭了，这就是蔚来城区NOP+的真实水平？蔚来ET5｜智驾300Km | Banyan2.4.5,1506478548,255.69600,1,25,16777215,2024-04-21 17:38:19,1713692299,3,4a2f96a9,1565323476561307136,接近100次
BV1Xz421C7KW,1353180660,吓哭了，这就是蔚来城区NOP+的真实水平？蔚来ET5｜智驾300Km | Banyan2.4.5,满电轩Sir,2024-04-16 11:00:00,39205,238,1,吓哭了，这就是蔚来城区NOP+的真实水平？蔚来ET5｜智驾300Km | Banyan2.4.5,1506478548,255.76700,1,25,16777215,2024-04-21 16:19:12,1713687552,3,fc87a267,1565283653171687936,接近100次
BV1Xz421C7KW,1353180660,吓哭了，这就是蔚来城区NOP+的真实水平？蔚来ET5｜智驾300Km | Banyan2.4.5,满电轩Sir,2024-04-16 11:00:00,39205,238,1,吓哭了，这就是蔚来城区NOP+的真实水平？蔚来ET5｜智驾300Km | Banyan2.4.5,1506478548,541.69400,1,25,16777215,2024-04-21 16:16:43,1713687403,0,58b84b03,1565282405903031296,华为压根跑不了这路
BV1Xz421C7KW,1353180660,吓哭了，这就是蔚来城区NOP+的真实水平？蔚来ET5｜智驾300Km | Banyan2.4.5,满电轩Sir,2024-04-16 11:00:00,39205,238,1,吓哭了，这就是蔚来城区NOP+的真实水平？蔚来ET5｜智驾300Km | Banyan2.4.5,1506478548,447.40000,1,25,16777215,2024-04-21 16:12:54,1713687174,0,58b84b03,1565280482303106816,蛇形这个是一开始没有线，后来设别线了就回线内了
BV1Xz421C7KW,1353180660,吓哭了，这就是蔚来城区NOP+的真实水平？蔚来ET5｜智驾300Km | Banyan2.4.5,满电轩Sir,2024-04-16 11:00:00,39205,238,1,吓哭了，这就是蔚来城区NOP+的真实水平？蔚来ET5｜智驾300Km | Banyan2.4.5,1506478548,404.74600,1,25,16777215,2024-04-21 16:11:39,1713687099,0,58b84b03,1565279853618528256,城区难点在于更多时候是别人不守规则
BV1Xz421C7KW,1353180660,吓哭了，这就是蔚来城区NOP+的真实水平？蔚来ET5｜智驾300Km | Banyan2.4.5,满电轩Sir,2024-04-16 11:00:00,39205,238,1,吓哭了，这就是蔚来城区NOP+的真实水平？蔚来ET5｜智驾300Km | Banyan2.4.5,1506478548,256.98700,1,25,16777215,2024-04-21 14:28:25,1713680905,3,edf7e0bd,1565227893641161984,接近70次
BV1Xz421C7KW,1353180660,吓哭了，这就是蔚来城区NOP+的真实水平？蔚来ET5｜智驾300Km | Banyan2.4.5,满电轩Sir,2024-04-16 11:00:00,39205,238,1,吓哭了，这就是蔚来城区NOP+的真实水平？蔚来ET5｜智驾300Km | Banyan2.4.5,1506478548,258.35600,1,25,16777215,2024-04-21 12:23:13,1713673393,3,5db5600e,1565164884180880640,接近70次
BV1Xz421C7KW,1353180660,吓哭了，这就是蔚来城区NOP+的真实水平？蔚来ET5｜智驾300Km | Banyan2.4.5,满电轩Sir,2024-04-16 11:00:00,39205,238,1,吓哭了，这就是蔚来城区NOP+的真实水平？蔚来ET5｜智驾300Km | Banyan2.4.5,1506478548,551.95600,1,25,16777215,2024-04-21 11:56:21,1713671781,0,601bbc63,1565151362063276544,基本是很难用
BV1Xz421C7KW,1353180660,吓哭了，这就是蔚来城区NOP+的真实水平？蔚来ET5｜智驾300Km | Banyan2.4.5,满电轩Sir,2024-04-16 11:00:00,39205,238,1,吓哭了，这就是蔚来城区NOP+的真实水平？蔚来ET5｜智驾300Km | Banyan2.4.5,1506478548,258.02900,1,25,16777215,2024-04-21 09:13:57,1713662037,3,e8ed9716,1565069617645472000,接近100次
BV1Xz421C7KW,1353180660,吓哭了，这就是蔚来城区NOP+的真实水平？蔚来ET5｜智驾300Km | Banyan2.4.5,满电轩Sir,2024-04-16 11:00:00,39205,238,1,吓哭了，这就是蔚来城区NOP+的真实水平？蔚来ET5｜智驾300Km | Banyan2.4.5,1506478548,256.88700,1,25,16777215,2024-04-21 03:05:13,1713639913,3,5f0d0fdc,1564884027586904576,接近70次
BV1Xz421C7KW,1353180660,吓哭了，这就是蔚来城区NOP+的真实水平？蔚来ET5｜智驾300Km | Banyan2.4.5,满电轩Sir,2024-04-16 11:00:00,39205,238,1,吓哭了，这就是蔚来城区NOP+的真实水平？蔚来ET5｜智驾300Km | Banyan2.4.5,1506478548,256.39400,1,25,16777215,2024-04-21 01:25:18,1713633918,3,528af1f8,1564833743603335936,接近70次
BV1Xz421C7KW,1353180660,吓哭了，这就是蔚来城区NOP+的真实水平？蔚来ET5｜智驾300Km | Banyan2.4.5,满电轩Sir,2024-04-16 11:00:00,39205,238,1,吓哭了，这就是蔚来城区NOP+的真实水平？蔚来ET5｜智驾300Km | Banyan2.4.5,1506478548,254.33700,1,25,16777215,2024-04-21 00:57:50,1713632270,3,127cd43,1564819912541678336,接近100次
BV1Xz421C7KW,1353180660,吓哭了，这就是蔚来城区NOP+的真实水平？蔚来ET5｜智驾300Km | Banyan2.4.5,满电轩Sir,2024-04-16 11:00:00,39205,238,1,吓哭了，这就是蔚来城区NOP+的真实水平？蔚来ET5｜智驾300Km | Banyan2.4.5,1506478548,257.72700,1,25,16777215,2024-04-21 00:29:03,1713630543,3,f67f1030,1564805428309990656,接近100次
BV1Xz421C7KW,1353180660,吓哭了，这就是蔚来城区NOP+的真实水平？蔚来ET5｜智驾300Km | Banyan2.4.5,满电轩Sir,2024-04-16 11:00:00,39205,238,1,吓哭了，这就是蔚来城区NOP+的真实水平？蔚来ET5｜智驾300Km | Banyan2.4.5,1506478548,254.29600,1,25,16777215,2024-04-20 23:19:38,1713626378,3,5db28dfe,1564770489875243008,接近100次
BV1Xz421C7KW,1353180660,吓哭了，这就是蔚来城区NOP+的真实水平？蔚来ET5｜智驾300Km | Banyan2.4.5,满电轩Sir,2024-04-16 11:00:00,39205,238,1,吓哭了，这就是蔚来城区NOP+的真实水平？蔚来ET5｜智驾300Km | Banyan2.4.5,1506478548,257.48300,1,25,16777215,2024-04-20 22:59:42,1713625182,3,290024e8,1564760454373484800,接近70次
BV1Xz421C7KW,1353180660,吓哭了，这就是蔚来城区NOP+的真实水平？蔚来ET5｜智驾300Km | Banyan2.4.5,满电轩Sir,2024-04-16 11:00:00,39205,238,1,吓哭了，这就是蔚来城区NOP+的真实水平？蔚来ET5｜智驾300Km | Banyan2.4.5,1506478548,664.64900,1,25,16777215,2024-04-20 22:58:04,1713625084,0,f6746d50,1564759635612108800,作为评测完全不公正，要对比肯定要拿两个车都支持的路段来对比
BV1Xz421C7KW,1353180660,吓哭了，这就是蔚来城区NOP+的真实水平？蔚来ET5｜智驾300Km | Banyan2.4.5,满电轩Sir,2024-04-16 11:00:00,39205,238,1,吓哭了，这就是蔚来城区NOP+的真实水平？蔚来ET5｜智驾300Km | Banyan2.4.5,1506478548,611.78400,1,25,16777215,2024-04-20 22:56:09,1713624969,0,f6746d50,1564758667633370880,等有人用领航辅助驾驶跑过这一段，下次就能用了
BV1Xz421C7KW,1353180660,吓哭了，这就是蔚来城区NOP+的真实水平？蔚来ET5｜智驾300Km | Banyan2.4.5,满电轩Sir,2024-04-16 11:00:00,39205,238,1,吓哭了，这就是蔚来城区NOP+的真实水平？蔚来ET5｜智驾300Km | Banyan2.4.5,1506478548,368.57700,1,25,16777215,2024-04-20 22:51:18,1713624678,0,f6746d50,1564756229207770624,我记得屏幕里有个叫超感视界的APP就是显示这个的啊
BV1Xz421C7KW,1353180660,吓哭了，这就是蔚来城区NOP+的真实水平？蔚来ET5｜智驾300Km | Banyan2.4.5,满电轩Sir,2024-04-16 11:00:00,39205,238,1,吓哭了，这就是蔚来城区NOP+的真实水平？蔚来ET5｜智驾300Km | Banyan2.4.5,1506478548,297.44400,1,25,16777215,2024-04-20 22:48:33,1713624513,0,f6746d50,1564754849952702720,这比天天宣传开了几百城结果只有高速和快速路能用的强多了吧
BV1Xz421C7KW,1353180660,吓哭了，这就是蔚来城区NOP+的真实水平？蔚来ET5｜智驾300Km | Banyan2.4.5,满电轩Sir,2024-04-16 11:00:00,39205,238,1,吓哭了，这就是蔚来城区NOP+的真实水平？蔚来ET5｜智驾300Km | Banyan2.4.5,1506478548,294.52000,1,25,16777215,2024-04-20 22:47:35,1713624455,0,f6746d50,1564754362935739136,我觉得很牛啊，这么偏僻的路都能用
BV1Xz421C7KW,1353180660,吓哭了，这就是蔚来城区NOP+的真实水平？蔚来ET5｜智驾300Km | Banyan2.4.5,满电轩Sir,2024-04-16 11:00:00,39205,238,1,吓哭了，这就是蔚来城区NOP+的真实水平？蔚来ET5｜智驾300Km | Banyan2.4.5,1506478548,256.95400,1,25,16777215,2024-04-20 22:45:10,1713624310,3,3577d32f,1564753140723684608,接近100次
BV1Xz421C7KW,1353180660,吓哭了，这就是蔚来城区NOP+的真实水平？蔚来ET5｜智驾300Km | Banyan2.4.5,满电轩Sir,2024-04-16 11:00:00,39205,238,1,吓哭了，这就是蔚来城区NOP+的真实水平？蔚来ET5｜智驾300Km | Banyan2.4.5,1506478548,256.72600,1,25,16777215,2024-04-20 22:43:55,1713624235,3,8b3f3a1c,1564752513574716928,接近70次
BV1Xz421C7KW,1353180660,吓哭了，这就是蔚来城区NOP+的真实水平？蔚来ET5｜智驾300Km | Banyan2.4.5,满电轩Sir,2024-04-16 11:00:00,39205,238,1,吓哭了，这就是蔚来城区NOP+的真实水平？蔚来ET5｜智驾300Km | Banyan2.4.5,1506478548,48.53100,1,25,16777215,2024-04-20 19:37:25,1713613045,0,f270b718,1564658646577602048,颜值无敌
BV1Xz421C7KW,1353180660,吓哭了，这就是蔚来城区NOP+的真实水平？蔚来ET5｜智驾300Km | Banyan2.4.5,满电轩Sir,2024-04-16 11:00:00,39205,238,1,吓哭了，这就是蔚来城区NOP+的真实水平？蔚来ET5｜智驾300Km | Banyan2.4.5,1506478548,580.64200,1,25,16777215,2024-04-20 12:14:45,1713586485,0,bc9a89f2,1564435843303638528,我觉的目前NOP的水平也就高速用用
BV1Xz421C7KW,1353180660,吓哭了，这就是蔚来城区NOP+的真实水平？蔚来ET5｜智驾300Km | Banyan2.4.5,满电轩Sir,2024-04-16 11:00:00,39205,238,1,吓哭了，这就是蔚来城区NOP+的真实水平？蔚来ET5｜智驾300Km | Banyan2.4.5,1506478548,703.53200,1,25,16777215,2024-04-20 10:11:45,1713579105,0,96c9fabf,1564373937994223360,总价得好
BV1Xz421C7KW,1353180660,吓哭了，这就是蔚来城区NOP+的真实水平？蔚来ET5｜智驾300Km | Banyan2.4.5,满电轩Sir,2024-04-16 11:00:00,39205,238,1,吓哭了，这就是蔚来城区NOP+的真实水平？蔚来ET5｜智驾300Km | Banyan2.4.5,1506478548,126.12900,1,25,16777215,2024-04-20 10:02:37,1713578557,0,96c9fabf,1564369341867554048,点赞
BV1Xz421C7KW,1353180660,吓哭了，这就是蔚来城区NOP+的真实水平？蔚来ET5｜智驾300Km | Banyan2.4.5,满电轩Sir,2024-04-16 11:00:00,39205,238,1,吓哭了，这就是蔚来城区NOP+的真实水平？蔚来ET5｜智驾300Km | Banyan2.4.5,1506478548,532.95000,1,25,16777215,2024-04-19 23:19:19,1713539959,0,253d1a88,1564045552965222656,太累了
BV1Xz421C7KW,1353180660,吓哭了，这就是蔚来城区NOP+的真实水平？蔚来ET5｜智驾300Km | Banyan2.4.5,满电轩Sir,2024-04-16 11:00:00,39205,238,1,吓哭了，这就是蔚来城区NOP+的真实水平？蔚来ET5｜智驾300Km | Banyan2.4.5,1506478548,428.36900,1,25,16777215,2024-04-19 23:18:25,1713539905,0,253d1a88,1564045105139217152,这也太拉了，根本不是可用水平
BV1Xz421C7KW,1353180660,吓哭了，这就是蔚来城区NOP+的真实水平？蔚来ET5｜智驾300Km | Banyan2.4.5,满电轩Sir,2024-04-16 11:00:00,39205,238,1,吓哭了，这就是蔚来城区NOP+的真实水平？蔚来ET5｜智驾300Km | Banyan2.4.5,1506478548,419.74000,1,25,16777215,2024-04-19 17:33:32,1713519212,0,b17b385d,1563871519950751488,大车这个好危险
BV1Xz421C7KW,1353180660,吓哭了，这就是蔚来城区NOP+的真实水平？蔚来ET5｜智驾300Km | Banyan2.4.5,满电轩Sir,2024-04-16 11:00:00,39205,238,1,吓哭了，这就是蔚来城区NOP+的真实水平？蔚来ET5｜智驾300Km | Banyan2.4.5,1506478548,496.45900,1,25,16777215,2024-04-19 08:35:51,1713486951,0,94255f3c,1563600892274433792,教练带智障新手的感觉
BV1Xz421C7KW,1353180660,吓哭了，这就是蔚来城区NOP+的真实水平？蔚来ET5｜智驾300Km | Banyan2.4.5,满电轩Sir,2024-04-16 11:00:00,39205,238,1,吓哭了，这就是蔚来城区NOP+的真实水平？蔚来ET5｜智驾300Km | Banyan2.4.5,1506478548,201.17600,1,25,16777215,2024-04-19 08:22:20,1713486140,0,94255f3c,1563594092737209856,这就像 教练带学员，比自己开还累
BV1Xz421C7KW,1353180660,吓哭了，这就是蔚来城区NOP+的真实水平？蔚来ET5｜智驾300Km | Banyan2.4.5,满电轩Sir,2024-04-16 11:00:00,39205,238,1,吓哭了，这就是蔚来城区NOP+的真实水平？蔚来ET5｜智驾300Km | Banyan2.4.5,1506478548,531.07000,1,25,16777215,2024-04-19 02:48:03,1713466083,0,b1bd5b41,1563425840237472512,比起华为系的阿维塔差远了
BV1Xz421C7KW,1353180660,吓哭了，这就是蔚来城区NOP+的真实水平？蔚来ET5｜智驾300Km | Banyan2.4.5,满电轩Sir,2024-04-16 11:00:00,39205,238,1,吓哭了，这就是蔚来城区NOP+的真实水平？蔚来ET5｜智驾300Km | Banyan2.4.5,1506478548,476.05000,1,25,16777215,2024-04-18 23:26:38,1713453998,0,c352a4a3,1563324464681472768,这个样的智能驾驶不比自己开还累啊我擦，什么玩意啊蔚来
BV1Xz421C7KW,1353180660,吓哭了，这就是蔚来城区NOP+的真实水平？蔚来ET5｜智驾300Km | Banyan2.4.5,满电轩Sir,2024-04-16 11:00:00,39205,238,1,吓哭了，这就是蔚来城区NOP+的真实水平？蔚来ET5｜智驾300Km | Banyan2.4.5,1506478548,365.09300,1,25,16777215,2024-04-18 22:34:58,1713450898,0,47923399,1563298454217062656,听说同一路段蔚来的车走5次就没大问题了，没走过的话就不行了
BV1Xz421C7KW,1353180660,吓哭了，这就是蔚来城区NOP+的真实水平？蔚来ET5｜智驾300Km | Banyan2.4.5,满电轩Sir,2024-04-16 11:00:00,39205,238,1,吓哭了，这就是蔚来城区NOP+的真实水平？蔚来ET5｜智驾300Km | Banyan2.4.5,1506478548,361.02300,1,25,16777215,2024-04-18 21:11:52,1713445912,0,e00dc590,1563256634288088576,大屏也可以展示的
BV1Xz421C7KW,1353180660,吓哭了，这就是蔚来城区NOP+的真实水平？蔚来ET5｜智驾300Km | Banyan2.4.5,满电轩Sir,2024-04-16 11:00:00,39205,238,1,吓哭了，这就是蔚来城区NOP+的真实水平？蔚来ET5｜智驾300Km | Banyan2.4.5,1506478548,441.39400,1,25,16777215,2024-04-18 15:34:30,1713425670,0,79b3e9ab,1563086826137220352,蔚来这个智驾根本不能用
BV1Xz421C7KW,1353180660,吓哭了，这就是蔚来城区NOP+的真实水平？蔚来ET5｜智驾300Km | Banyan2.4.5,满电轩Sir,2024-04-16 11:00:00,39205,238,1,吓哭了，这就是蔚来城区NOP+的真实水平？蔚来ET5｜智驾300Km | Banyan2.4.5,1506478548,164.28000,1,25,16777215,2024-04-18 14:10:26,1713420626,0,e58c4b99,1563044516364246272,这车看起来也太帅了
BV1Xz421C7KW,1353180660,吓哭了，这就是蔚来城区NOP+的真实水平？蔚来ET5｜智驾300Km | Banyan2.4.5,满电轩Sir,2024-04-16 11:00:00,39205,238,1,吓哭了，这就是蔚来城区NOP+的真实水平？蔚来ET5｜智驾300Km | Banyan2.4.5,1506478548,149.43400,1,25,16777215,2024-04-18 14:10:11,1713420611,0,e58c4b99,1563044391969753088,车真好看
BV1Xz421C7KW,1353180660,吓哭了，这就是蔚来城区NOP+的真实水平？蔚来ET5｜智驾300Km | Banyan2.4.5,满电轩Sir,2024-04-16 11:00:00,39205,238,1,吓哭了，这就是蔚来城区NOP+的真实水平？蔚来ET5｜智驾300Km | Banyan2.4.5,1506478548,246.40600,1,25,16777215,2024-04-18 13:34:09,1713418449,0,56dae337,1563026255698664704,话说，你这300KM，有没有可能续航都不够跑完？
BV1Xz421C7KW,1353180660,吓哭了，这就是蔚来城区NOP+的真实水平？蔚来ET5｜智驾300Km | Banyan2.4.5,满电轩Sir,2024-04-16 11:00:00,39205,238,1,吓哭了，这就是蔚来城区NOP+的真实水平？蔚来ET5｜智驾300Km | Banyan2.4.5,1506478548,457.67600,1,25,16777215,2024-04-18 10:16:42,1713406602,0,d4f0cdca,1562926872294485248,真就想变道就变道
BV1Xz421C7KW,1353180660,吓哭了，这就是蔚来城区NOP+的真实水平？蔚来ET5｜智驾300Km | Banyan2.4.5,满电轩Sir,2024-04-16 11:00:00,39205,238,1,吓哭了，这就是蔚来城区NOP+的真实水平？蔚来ET5｜智驾300Km | Banyan2.4.5,1506478548,409.73000,1,25,16777215,2024-04-18 10:14:48,1713406488,0,d4f0cdca,1562925919222669824,好危险卧槽
BV1Xz421C7KW,1353180660,吓哭了，这就是蔚来城区NOP+的真实水平？蔚来ET5｜智驾300Km | Banyan2.4.5,满电轩Sir,2024-04-16 11:00:00,39205,238,1,吓哭了，这就是蔚来城区NOP+的真实水平？蔚来ET5｜智驾300Km | Banyan2.4.5,1506478548,414.17100,1,25,16777215,2024-04-17 22:49:37,1713365377,0,4eb235ec,1562581052264956928,这要不是在起步阶段，就给大货车给掀了
BV1Xz421C7KW,1353180660,吓哭了，这就是蔚来城区NOP+的真实水平？蔚来ET5｜智驾300Km | Banyan2.4.5,满电轩Sir,2024-04-16 11:00:00,39205,238,1,吓哭了，这就是蔚来城区NOP+的真实水平？蔚来ET5｜智驾300Km | Banyan2.4.5,1506478548,364.20200,1,25,16777215,2024-04-17 20:12:23,1713355943,0,541c27bf,1562501915949249024,有APP了呀。
BV1Xz421C7KW,1353180660,吓哭了，这就是蔚来城区NOP+的真实水平？蔚来ET5｜智驾300Km | Banyan2.4.5,满电轩Sir,2024-04-16 11:00:00,39205,238,1,吓哭了，这就是蔚来城区NOP+的真实水平？蔚来ET5｜智驾300Km | Banyan2.4.5,1506478548,351.73300,1,25,16777215,2024-04-17 19:15:49,1713352549,0,2c42f3ed,1562473444434948096,中控里面有APP可以把中控变成这个显示的
BV1Xz421C7KW,1353180660,吓哭了，这就是蔚来城区NOP+的真实水平？蔚来ET5｜智驾300Km | Banyan2.4.5,满电轩Sir,2024-04-16 11:00:00,39205,238,1,吓哭了，这就是蔚来城区NOP+的真实水平？蔚来ET5｜智驾300Km | Banyan2.4.5,1506478548,163.97100,1,25,16777215,2024-04-17 19:12:21,1713352341,0,2c42f3ed,1562471703647444736,掉头不行
BV1Xz421C7KW,1353180660,吓哭了，这就是蔚来城区NOP+的真实水平？蔚来ET5｜智驾300Km | Banyan2.4.5,满电轩Sir,2024-04-16 11:00:00,39205,238,1,吓哭了，这就是蔚来城区NOP+的真实水平？蔚来ET5｜智驾300Km | Banyan2.4.5,1506478548,142.13100,1,25,16777215,2024-04-17 13:48:39,1713332919,0,46becd10,1562308781864826624,大力胶瞩目
BV1Xz421C7KW,1353180660,吓哭了，这就是蔚来城区NOP+的真实水平？蔚来ET5｜智驾300Km | Banyan2.4.5,满电轩Sir,2024-04-16 11:00:00,39205,238,1,吓哭了，这就是蔚来城区NOP+的真实水平？蔚来ET5｜智驾300Km | Banyan2.4.5,1506478548,512.77900,1,25,16777215,2024-04-17 08:12:39,1713312759,0,c5459f0f,1562139664926716672,同样路段上华为看看它能不能遥遥领先？
BV1Xz421C7KW,1353180660,吓哭了，这就是蔚来城区NOP+的真实水平？蔚来ET5｜智驾300Km | Banyan2.4.5,满电轩Sir,2024-04-16 11:00:00,39205,238,1,吓哭了，这就是蔚来城区NOP+的真实水平？蔚来ET5｜智驾300Km | Banyan2.4.5,1506478548,359.55000,1,25,16777215,2024-04-17 02:16:18,1713291378,0,a407b61f,1561960310934729472,245支持中控展示的……
BV1Xz421C7KW,1353180660,吓哭了，这就是蔚来城区NOP+的真实水平？蔚来ET5｜智驾300Km | Banyan2.4.5,满电轩Sir,2024-04-16 11:00:00,39205,238,1,吓哭了，这就是蔚来城区NOP+的真实水平？蔚来ET5｜智驾300Km | Banyan2.4.5,1506478548,146.34400,1,25,16777215,2024-04-17 01:21:50,1713288110,0,f821441e,1561932891686999040,领航团内测版本，简单来说时让你跑图，帮助蔚来收集数据的，你拿来测试？团长说过，还是个宝宝，要包容
BV1Xz421C7KW,1353180660,吓哭了，这就是蔚来城区NOP+的真实水平？蔚来ET5｜智驾300Km | Banyan2.4.5,满电轩Sir,2024-04-16 11:00:00,39205,238,1,吓哭了，这就是蔚来城区NOP+的真实水平？蔚来ET5｜智驾300Km | Banyan2.4.5,1506478548,424.19300,1,25,16777215,2024-04-16 23:11:32,1713280292,0,d224b776,1561867307218030848,卧槽，要命啊。。。
BV1Xz421C7KW,1353180660,吓哭了，这就是蔚来城区NOP+的真实水平？蔚来ET5｜智驾300Km | Banyan2.4.5,满电轩Sir,2024-04-16 11:00:00,39205,238,1,吓哭了，这就是蔚来城区NOP+的真实水平？蔚来ET5｜智驾300Km | Banyan2.4.5,1506478548,412.50100,1,25,16777215,2024-04-16 21:57:50,1713275870,0,20259cd2,1561830213716278272,真的太吓人了
BV1Xz421C7KW,1353180660,吓哭了，这就是蔚来城区NOP+的真实水平？蔚来ET5｜智驾300Km | Banyan2.4.5,满电轩Sir,2024-04-16 11:00:00,39205,238,1,吓哭了，这就是蔚来城区NOP+的真实水平？蔚来ET5｜智驾300Km | Banyan2.4.5,1506478548,362.83200,1,25,16777215,2024-04-16 21:32:49,1713274369,0,4d189923,1561817624437188864,有啊
BV1Xz421C7KW,1353180660,吓哭了，这就是蔚来城区NOP+的真实水平？蔚来ET5｜智驾300Km | Banyan2.4.5,满电轩Sir,2024-04-16 11:00:00,39205,238,1,吓哭了，这就是蔚来城区NOP+的真实水平？蔚来ET5｜智驾300Km | Banyan2.4.5,1506478548,394.49800,1,25,16777215,2024-04-16 19:26:43,1713266803,0,cd8a0bc2,1561754153536144640,能明显看出来左边车后变道，这个确实没办法
BV1Xz421C7KW,1353180660,吓哭了，这就是蔚来城区NOP+的真实水平？蔚来ET5｜智驾300Km | Banyan2.4.5,满电轩Sir,2024-04-16 11:00:00,39205,238,1,吓哭了，这就是蔚来城区NOP+的真实水平？蔚来ET5｜智驾300Km | Banyan2.4.5,1506478548,344.98600,1,25,16777215,2024-04-16 19:23:28,1713266608,0,cd8a0bc2,1561752518000715264,用天鹰座啊，2.4.5开放了
BV1Xz421C7KW,1353180660,吓哭了，这就是蔚来城区NOP+的真实水平？蔚来ET5｜智驾300Km | Banyan2.4.5,满电轩Sir,2024-04-16 11:00:00,39205,238,1,吓哭了，这就是蔚来城区NOP+的真实水平？蔚来ET5｜智驾300Km | Banyan2.4.5,1506478548,416.35000,1,25,16777215,2024-04-16 18:14:17,1713262457,0,661b42c8,1561717703809911040,恐怖
BV1Xz421C7KW,1353180660,吓哭了，这就是蔚来城区NOP+的真实水平？蔚来ET5｜智驾300Km | Banyan2.4.5,满电轩Sir,2024-04-16 11:00:00,39205,238,1,吓哭了，这就是蔚来城区NOP+的真实水平？蔚来ET5｜智驾300Km | Banyan2.4.5,1506478548,191.60100,1,25,16777215,2024-04-16 11:26:54,1713238014,0,ff5f2236,1561512661433304064,太拉了
BV1Kyta66Ejs,117190380494371,大唐/小鹏GX/蔚来ES8，三车城区高难度智驾体验,易车横评,2026-09-01 10:00:00,73967,475,1,智驾_大唐小鹏GX蔚来ES8_B站_4k备案号版 (1),41486715453,173.363,1,25,16777215,2026-09-01 10:16:08,1788228968,0,1a98ccc1,2190724849616518914,。。。
BV1Kyta66Ejs,117190380494371,大唐/小鹏GX/蔚来ES8，三车城区高难度智驾体验,易车横评,2026-09-01 10:00:00,73967,475,1,智驾_大唐小鹏GX蔚来ES8_B站_4k备案号版 (1),41486715453,178.790,1,25,16777215,2026-09-01 10:46:39,1788230799,0,313ef449,2190724866058190592,....
BV1Kyta66Ejs,117190380494371,大唐/小鹏GX/蔚来ES8，三车城区高难度智驾体验,易车横评,2026-09-01 10:00:00,73967,475,1,智驾_大唐小鹏GX蔚来ES8_B站_4k备案号版 (1),41486715453,128.536,1,25,16777215,2026-09-01 11:05:26,1788231926,0,294a99bb,2190724867232595712,说明小鹏还是规则底层的代码吧
BV1Kyta66Ejs,117190380494371,大唐/小鹏GX/蔚来ES8，三车城区高难度智驾体验,易车横评,2026-09-01 10:00:00,73967,475,1,智驾_大唐小鹏GX蔚来ES8_B站_4k备案号版 (1),41486715453,7.673,1,25,16777215,2026-09-01 11:08:59,1788232139,0,47261718,2190724873104621312,又发了吗
BV1Kyta66Ejs,117190380494371,大唐/小鹏GX/蔚来ES8，三车城区高难度智驾体验,易车横评,2026-09-01 10:00:00,73967,475,1,智驾_大唐小鹏GX蔚来ES8_B站_4k备案号版 (1),41486715453,353.961,1,25,16777215,2026-09-01 13:23:08,1788240188,0,e8742676,2190724874279026432,怎么变成蔚来没遇到错车了？
BV1Kyta66Ejs,117190380494371,大唐/小鹏GX/蔚来ES8，三车城区高难度智驾体验,易车横评,2026-09-01 10:00:00,73967,475,1,智驾_大唐小鹏GX蔚来ES8_B站_4k备案号版 (1),41486715453,176.117,1,25,16777215,2026-09-01 12:19:26,1788236366,0,b3155669,2190724878976646912,6
BV1Kyta66Ejs,117190380494371,大唐/小鹏GX/蔚来ES8，三车城区高难度智驾体验,易车横评,2026-09-01 10:00:00,73967,475,1,智驾_大唐小鹏GX蔚来ES8_B站_4k备案号版 (1),41486715453,173.141,1,25,16777215,2026-09-01 14:49:43,1788245383,0,4d99a6a8,2190724882499862272,啊？这是不对的吧
BV1Kyta66Ejs,117190380494371,大唐/小鹏GX/蔚来ES8，三车城区高难度智驾体验,易车横评,2026-09-01 10:00:00,73967,475,1,智驾_大唐小鹏GX蔚来ES8_B站_4k备案号版 (1),41486715453,197.852,1,25,16777215,2026-09-01 14:55:55,1788245755,0,c638ca1b,2190724891895103232,抢答：不需要！原因：8月31号看过这个视频。（狗头
BV1Kyta66Ejs,117190380494371,大唐/小鹏GX/蔚来ES8，三车城区高难度智驾体验,易车横评,2026-09-01 10:00:00,73967,475,1,智驾_大唐小鹏GX蔚来ES8_B站_4k备案号版 (1),41486715453,347.112,1,25,16777215,2026-09-01 13:16:42,1788239802,0,758c68f8,2190724897767128832,大节目了，要控制变量啊
BV1Kyta66Ejs,117190380494371,大唐/小鹏GX/蔚来ES8，三车城区高难度智驾体验,易车横评,2026-09-01 10:00:00,73967,475,1,智驾_大唐小鹏GX蔚来ES8_B站_4k备案号版 (1),41486715453,73.599,1,25,16777215,2026-09-01 12:23:20,1788236600,0,832db685,2190724905987964672,这个好评
BV1Kyta66Ejs,117190380494371,大唐/小鹏GX/蔚来ES8，三车城区高难度智驾体验,易车横评,2026-09-01 10:00:00,73967,475,1,智驾_大唐小鹏GX蔚来ES8_B站_4k备案号版 (1),41486715453,158.706,1,25,16777215,2026-09-01 12:24:04,1788236644,0,a79aa34,2190724908336774912,压斑马线了
BV1Kyta66Ejs,117190380494371,大唐/小鹏GX/蔚来ES8，三车城区高难度智驾体验,易车横评,2026-09-01 10:00:00,73967,475,1,智驾_大唐小鹏GX蔚来ES8_B站_4k备案号版 (1),41486715453,189.569,1,25,16777215,2026-09-01 12:24:52,1788236692,0,bc40dc15,2190724909511180032,北京掉头不等红灯吗?
BV1Kyta66Ejs,117190380494371,大唐/小鹏GX/蔚来ES8，三车城区高难度智驾体验,易车横评,2026-09-01 10:00:00,73967,475,1,智驾_大唐小鹏GX蔚来ES8_B站_4k备案号版 (1),41486715453,212.543,1,25,16777215,2026-09-01 15:07:01,1788246421,0,246f9836,2190728779394765568,不需要
BV1Kyta66Ejs,117190380494371,大唐/小鹏GX/蔚来ES8，三车城区高难度智驾体验,易车横评,2026-09-01 10:00:00,73967,475,1,智驾_大唐小鹏GX蔚来ES8_B站_4k备案号版 (1),41486715453,15.520,1,25,16777215,2026-09-01 15:28:46,1788247726,0,61c453a7,2190739727995981824,怎么没有鸿蒙智行呢
BV1Kyta66Ejs,117190380494371,大唐/小鹏GX/蔚来ES8，三车城区高难度智驾体验,易车横评,2026-09-01 10:00:00,73967,475,1,智驾_大唐小鹏GX蔚来ES8_B站_4k备案号版 (1),41486715453,114.200,1,25,16777215,2026-09-01 15:31:05,1788247865,0,61c453a7,2190740891663725568,。。。。
BV1Kyta66Ejs,117190380494371,大唐/小鹏GX/蔚来ES8，三车城区高难度智驾体验,易车横评,2026-09-01 10:00:00,73967,475,1,智驾_大唐小鹏GX蔚来ES8_B站_4k备案号版 (1),41486715453,174.240,1,25,16777215,2026-09-01 15:32:11,1788247931,0,61c453a7,2190741443927915264,这不有虚线吗
BV1Kyta66Ejs,117190380494371,大唐/小鹏GX/蔚来ES8，三车城区高难度智驾体验,易车横评,2026-09-01 10:00:00,73967,475,1,智驾_大唐小鹏GX蔚来ES8_B站_4k备案号版 (1),41486715453,57.852,1,25,16777215,2026-09-01 15:36:45,1788248205,0,e1d5d750,2190743747145747712,比亚迪的算力没有升级冗余
BV1Kyta66Ejs,117190380494371,大唐/小鹏GX/蔚来ES8，三车城区高难度智驾体验,易车横评,2026-09-01 10:00:00,73967,475,1,智驾_大唐小鹏GX蔚来ES8_B站_4k备案号版 (1),41486715453,116.718,1,25,16777215,2026-09-01 16:11:46,1788250306,0,26deb312,2190761370696940288,？
BV1Kyta66Ejs,117190380494371,大唐/小鹏GX/蔚来ES8，三车城区高难度智驾体验,易车横评,2026-09-01 10:00:00,73967,475,1,智驾_大唐小鹏GX蔚来ES8_B站_4k备案号版 (1),41486715453,357.873,1,25,16777215,2026-09-01 16:22:57,1788250977,0,5913d54a,2190767002355204608,路况这么随机怎么控制变量
BV1Kyta66Ejs,117190380494371,大唐/小鹏GX/蔚来ES8，三车城区高难度智驾体验,易车横评,2026-09-01 10:00:00,73967,475,1,智驾_大唐小鹏GX蔚来ES8_B站_4k备案号版 (1),41486715453,214.713,1,25,16777215,2026-09-01 16:38:44,1788251924,0,7c8b2012,2190774941786464768,可以无视红灯掉头，但你这个在中间车道不可以掉头啊
BV1Kyta66Ejs,117190380494371,大唐/小鹏GX/蔚来ES8，三车城区高难度智驾体验,易车横评,2026-09-01 10:00:00,73967,475,1,智驾_大唐小鹏GX蔚来ES8_B站_4k备案号版 (1),41486715453,0.000,1,25,16777215,2026-09-01 16:39:01,1788251941,0,b068b6f2,2190775085114404352,比亚迪的璇玑A3和4D毫米波雷达一直不装车
BV1Kyta66Ejs,117190380494371,大唐/小鹏GX/蔚来ES8，三车城区高难度智驾体验,易车横评,2026-09-01 10:00:00,73967,475,1,智驾_大唐小鹏GX蔚来ES8_B站_4k备案号版 (1),41486715453,138.406,5,25,16777215,2026-09-01 19:10:27,1788261027,0,5ec91c56,2190851301800948224,纯视觉方案 发力了
BV1Kyta66Ejs,117190380494371,大唐/小鹏GX/蔚来ES8，三车城区高难度智驾体验,易车横评,2026-09-01 10:00:00,73967,475,1,智驾_大唐小鹏GX蔚来ES8_B站_4k备案号版 (1),41486715453,51.604,1,25,16777215,2026-09-01 20:32:47,1788265967,0,e148ce41,2190892744393445376,明年改款应该上自研了
BV1Kyta66Ejs,117190380494371,大唐/小鹏GX/蔚来ES8，三车城区高难度智驾体验,易车横评,2026-09-01 10:00:00,73967,475,1,智驾_大唐小鹏GX蔚来ES8_B站_4k备案号版 (1),41486715453,105.660,1,25,16777215,2026-09-01 21:31:14,1788269474,0,71ff69a8,2190922159055178752,笛子就这样，智驾具体功能少很多
BV1Kyta66Ejs,117190380494371,大唐/小鹏GX/蔚来ES8，三车城区高难度智驾体验,易车横评,2026-09-01 10:00:00,73967,475,1,智驾_大唐小鹏GX蔚来ES8_B站_4k备案号版 (1),41486715453,255.822,1,25,16777215,2026-09-01 23:12:34,1788275554,0,9038ae9c,2190973168863522304,看路口有没有禁止掉头的标志还有黄实线双黄线禁止掉头其余皆可掉头
BV1Kyta66Ejs,117190380494371,大唐/小鹏GX/蔚来ES8，三车城区高难度智驾体验,易车横评,2026-09-01 10:00:00,73967,475,1,智驾_大唐小鹏GX蔚来ES8_B站_4k备案号版 (1),41486715453,261.331,1,25,16777215,2026-09-01 23:33:21,1788276801,0,1646e89,2190983625548823040,禁止左转的路口也禁止掉头的
BV1Kyta66Ejs,117190380494371,大唐/小鹏GX/蔚来ES8，三车城区高难度智驾体验,易车横评,2026-09-01 10:00:00,73967,475,1,智驾_大唐小鹏GX蔚来ES8_B站_4k备案号版 (1),41486715453,251.304,1,25,16777215,2026-09-01 23:54:49,1788278089,0,fef97cc8,2190994434069064192,搜嘎，懂了
BV1Kyta66Ejs,117190380494371,大唐/小鹏GX/蔚来ES8，三车城区高难度智驾体验,易车横评,2026-09-01 10:00:00,73967,475,1,智驾_大唐小鹏GX蔚来ES8_B站_4k备案号版 (1),41486715453,60.620,1,25,16777215,2026-09-02 02:08:14,1788286094,0,f726c59e,2191061583608901376,天神之眼敢兜底，魔门塔敢兜底么？
BV1Kyta66Ejs,117190380494371,大唐/小鹏GX/蔚来ES8，三车城区高难度智驾体验,易车横评,2026-09-01 10:00:00,73967,475,1,智驾_大唐小鹏GX蔚来ES8_B站_4k备案号版 (1),41486715453,309.839,1,25,16777215,2026-09-02 09:32:45,1788312765,0,65427a8a,2191285311266025728,给电
BV1Kyta66Ejs,117190380494371,大唐/小鹏GX/蔚来ES8，三车城区高难度智驾体验,易车横评,2026-09-01 10:00:00,73967,475,1,智驾_大唐小鹏GX蔚来ES8_B站_4k备案号版 (1),41486715453,82.068,1,25,16777215,2026-09-02 12:33:35,1788323615,0,acfb823e,2191376328476680960,能兜底总比不兜强，说什么大事故小事故？
BV1Kyta66Ejs,117190380494371,大唐/小鹏GX/蔚来ES8，三车城区高难度智驾体验,易车横评,2026-09-01 10:00:00,73967,475,1,智驾_大唐小鹏GX蔚来ES8_B站_4k备案号版 (1),41486715453,239.923,1,25,16777215,2026-09-02 12:41:30,1788324090,0,543f2fc5,2191380311731318528,调头
BV1Kyta66Ejs,117190380494371,大唐/小鹏GX/蔚来ES8，三车城区高难度智驾体验,易车横评,2026-09-01 10:00:00,73967,475,1,智驾_大唐小鹏GX蔚来ES8_B站_4k备案号版 (1),41486715453,32.654,1,25,16777215,2026-09-02 13:36:29,1788327389,0,1ddd7a9f,2191407991990046976,我要看背影杀手
BV1Kyta66Ejs,117190380494371,大唐/小鹏GX/蔚来ES8，三车城区高难度智驾体验,易车横评,2026-09-01 10:00:00,73967,475,1,智驾_大唐小鹏GX蔚来ES8_B站_4k备案号版 (1),41486715453,214.442,1,25,16777215,2026-09-02 13:50:24,1788328224,0,39c1c595,2191414992913000704,不需要
BV1Kyta66Ejs,117190380494371,大唐/小鹏GX/蔚来ES8，三车城区高难度智驾体验,易车横评,2026-09-01 10:00:00,73967,475,1,智驾_大唐小鹏GX蔚来ES8_B站_4k备案号版 (1),41486715453,147.094,1,25,16777215,2026-09-02 14:33:59,1788330839,0,92bb6b77,2191436928963610368,还是实线变道。。。
BV1Kyta66Ejs,117190380494371,大唐/小鹏GX/蔚来ES8，三车城区高难度智驾体验,易车横评,2026-09-01 10:00:00,73967,475,1,智驾_大唐小鹏GX蔚来ES8_B站_4k备案号版 (1),41486715453,195.832,1,25,16777215,2026-09-02 14:42:01,1788331321,0,e66f8141,2191440975074214144,全国只有北京掉头不用等灯，害得我去哪都罚款
BV1Kyta66Ejs,117190380494371,大唐/小鹏GX/蔚来ES8，三车城区高难度智驾体验,易车横评,2026-09-01 10:00:00,73967,475,1,智驾_大唐小鹏GX蔚来ES8_B站_4k备案号版 (1),41486715453,236.615,1,25,16777215,2026-09-02 15:10:54,1788333054,0,ea87af04,2191455509763489536,灵魂前提：确保安全
BV1Kyta66Ejs,117190380494371,大唐/小鹏GX/蔚来ES8，三车城区高难度智驾体验,易车横评,2026-09-01 10:00:00,73967,475,1,智驾_大唐小鹏GX蔚来ES8_B站_4k备案号版 (1),41486715453,24.553,1,25,16777215,2026-09-02 16:22:12,1788337332,0,189abafd,2191491397872727296,企业文化这一块
BV1Kyta66Ejs,117190380494371,大唐/小鹏GX/蔚来ES8，三车城区高难度智驾体验,易车横评,2026-09-01 10:00:00,73967,475,1,智驾_大唐小鹏GX蔚来ES8_B站_4k备案号版 (1),41486715453,280.008,1,25,16777215,2026-09-02 17:27:26,1788341246,0,e97b27ed,2191524230985160960,一看这乱七八糟的路况，丰台没跑了
BV1Kyta66Ejs,117190380494371,大唐/小鹏GX/蔚来ES8，三车城区高难度智驾体验,易车横评,2026-09-01 10:00:00,73967,475,1,智驾_大唐小鹏GX蔚来ES8_B站_4k备案号版 (1),41486715453,120.085,1,25,16777215,2026-09-02 17:35:44,1788341744,0,41d1a433,2191528407044011008,有和没有有啥区别
BV1Kyta66Ejs,117190380494371,大唐/小鹏GX/蔚来ES8，三车城区高难度智驾体验,易车横评,2026-09-01 10:00:00,73967,475,1,智驾_大唐小鹏GX蔚来ES8_B站_4k备案号版 (1),41486715453,130.877,1,25,16777215,2026-09-02 18:13:16,1788343996,0,9a679246,2191547302769483520,你确定？小鹏过这个丝滑的要死
BV1Kyta66Ejs,117190380494371,大唐/小鹏GX/蔚来ES8，三车城区高难度智驾体验,易车横评,2026-09-01 10:00:00,73967,475,1,智驾_大唐小鹏GX蔚来ES8_B站_4k备案号版 (1),41486715453,225.720,1,25,16777215,2026-09-02 19:28:01,1788348481,0,d45ba2c6,2191584923478638336,是调头，不是掉头，路易十六实名纠正
BV1Kyta66Ejs,117190380494371,大唐/小鹏GX/蔚来ES8，三车城区高难度智驾体验,易车横评,2026-09-01 10:00:00,73967,475,1,智驾_大唐小鹏GX蔚来ES8_B站_4k备案号版 (1),41486715453,61.131,1,25,16777215,2026-09-02 20:12:59,1788351179,0,c6bd6c17,2191607551890994688,兜底就是独一档
BV1Kyta66Ejs,117190380494371,大唐/小鹏GX/蔚来ES8，三车城区高难度智驾体验,易车横评,2026-09-01 10:00:00,73967,475,1,智驾_大唐小鹏GX蔚来ES8_B站_4k备案号版 (1),41486715453,224.860,5,25,15138834,2026-09-02 21:24:53,1788355493,0,d49079ef,2191643739490697728,那里是不用等红灯的，因为没有越过斑马线。
BV1Kyta66Ejs,117190380494371,大唐/小鹏GX/蔚来ES8，三车城区高难度智驾体验,易车横评,2026-09-01 10:00:00,73967,475,1,智驾_大唐小鹏GX蔚来ES8_B站_4k备案号版 (1),41486715453,186.980,1,25,16777215,2026-09-03 01:33:35,1788370415,0,71ab6e72,2191768919475033856,没有虚线，没标识，红灯掉头可以记你闯红灯，我被罚过
BV1Kyta66Ejs,117190380494371,大唐/小鹏GX/蔚来ES8，三车城区高难度智驾体验,易车横评,2026-09-01 10:00:00,73967,475,1,智驾_大唐小鹏GX蔚来ES8_B站_4k备案号版 (1),41486715453,39.571,5,25,15138834,2026-09-03 03:02:36,1788375756,0,aa73703f,2191813717074190080,小鹏外观蔚来内饰大唐产品力，凑到一起就好了
BV1Kyta66Ejs,117190380494371,大唐/小鹏GX/蔚来ES8，三车城区高难度智驾体验,易车横评,2026-09-01 10:00:00,73967,475,1,智驾_大唐小鹏GX蔚来ES8_B站_4k备案号版 (1),41486715453,170.430,1,25,16777215,2026-09-03 15:50:18,1788421818,0,4b22fb87,2192200118194236160,理想行为？
BV1Kyta66Ejs,117190380494371,大唐/小鹏GX/蔚来ES8，三车城区高难度智驾体验,易车横评,2026-09-01 10:00:00,73967,475,1,智驾_大唐小鹏GX蔚来ES8_B站_4k备案号版 (1),41486715453,7.659,1,25,16777215,2026-09-03 17:20:31,1788427231,0,5c1f4ba9,2192245525989122048,回去看一遍上回
BV1Kyta66Ejs,117190380494371,大唐/小鹏GX/蔚来ES8，三车城区高难度智驾体验,易车横评,2026-09-01 10:00:00,73967,475,1,智驾_大唐小鹏GX蔚来ES8_B站_4k备案号版 (1),41486715453,24.945,1,25,16777215,2026-09-03 17:29:19,1788427759,0,54deaebd,2192249950174910976,邓庄地下道？
BV1Kyta66Ejs,117190380494371,大唐/小鹏GX/蔚来ES8，三车城区高难度智驾体验,易车横评,2026-09-01 10:00:00,73967,475,1,智驾_大唐小鹏GX蔚来ES8_B站_4k备案号版 (1),41486715453,356.780,1,25,16777215,2026-09-03 22:27:08,1788445628,0,bcce44a1,2192399853484025600,要控制变量
BV1Kyta66Ejs,117190380494371,大唐/小鹏GX/蔚来ES8，三车城区高难度智驾体验,易车横评,2026-09-01 10:00:00,73967,475,1,智驾_大唐小鹏GX蔚来ES8_B站_4k备案号版 (1),41486715453,352.032,1,25,16777215,2026-09-04 00:11:29,1788451889,0,fd54d500,2192452373183115264,你教教我怎么控制变量？
BV1Kyta66Ejs,117190380494371,大唐/小鹏GX/蔚来ES8，三车城区高难度智驾体验,易车横评,2026-09-01 10:00:00,73967,475,1,智驾_大唐小鹏GX蔚来ES8_B站_4k备案号版 (1),41486715453,163.509,1,25,16777215,2026-09-04 16:14:09,1788509649,0,65733493,2192936896454897152,掉头怎么能压斑马线掉呢，这里要严格一点都扣分了
BV1Kyta66Ejs,117190380494371,大唐/小鹏GX/蔚来ES8，三车城区高难度智驾体验,易车横评,2026-09-01 10:00:00,73967,475,1,智驾_大唐小鹏GX蔚来ES8_B站_4k备案号版 (1),41486715453,215.106,1,25,16777215,2026-09-07 13:47:31,1788760051,0,e0fd509c,2195037423997396736,不需要
BV1Kyta66Ejs,117190380494371,大唐/小鹏GX/蔚来ES8，三车城区高难度智驾体验,易车横评,2026-09-01 10:00:00,73967,475,1,智驾_大唐小鹏GX蔚来ES8_B站_4k备案号版 (1),41486715453,304.111,1,25,16777215,2026-09-08 09:12:02,1788829922,0,fe33d7e2,2195623538613530880,天神之眼B确实有这毛病，我也是车主现身说法
BV1Kyta66Ejs,117190380494371,大唐/小鹏GX/蔚来ES8，三车城区高难度智驾体验,易车横评,2026-09-01 10:00:00,73967,475,1,智驾_大唐小鹏GX蔚来ES8_B站_4k备案号版 (1),41486715453,162.569,1,25,16777215,2026-09-09 10:38:57,1788921537,0,2b52100,2196392060860000768,转弯半径有点大
BV1Kyta66Ejs,117190380494371,大唐/小鹏GX/蔚来ES8，三车城区高难度智驾体验,易车横评,2026-09-01 10:00:00,73967,475,1,智驾_大唐小鹏GX蔚来ES8_B站_4k备案号版 (1),41486715453,207.871,1,25,16777215,2026-09-09 10:40:58,1788921658,0,2b52100,2196393078775635200,距离不够
BV1Kyta66Ejs,117190380494371,大唐/小鹏GX/蔚来ES8，三车城区高难度智驾体验,易车横评,2026-09-01 10:00:00,73967,475,1,智驾_大唐小鹏GX蔚来ES8_B站_4k备案号版 (1),41486715453,215.001,1,25,16777215,2026-09-09 10:41:10,1788921670,0,2b52100,2196393177123517440,不需要
BV1Kyta66Ejs,117190380494371,大唐/小鹏GX/蔚来ES8，三车城区高难度智驾体验,易车横评,2026-09-01 10:00:00,73967,475,1,智驾_大唐小鹏GX蔚来ES8_B站_4k备案号版 (1),41486715453,326.558,1,25,16777215,2026-09-09 10:43:26,1788921806,0,2b52100,2196394316791439616,礼让习惯好评
BV1Kyta66Ejs,117190380494371,大唐/小鹏GX/蔚来ES8，三车城区高难度智驾体验,易车横评,2026-09-01 10:00:00,73967,475,1,智驾_大唐小鹏GX蔚来ES8_B站_4k备案号版 (1),41486715453,296.461,1,25,16777215,2026-09-10 02:40:04,1788979204,0,44c884c2,2196875811104637696,戴墨镜的是谁
BV1Kyta66Ejs,117190380494371,大唐/小鹏GX/蔚来ES8，三车城区高难度智驾体验,易车横评,2026-09-01 10:00:00,73967,475,1,智驾_大唐小鹏GX蔚来ES8_B站_4k备案号版 (1),41486715453,336.222,1,25,16777215,2026-09-10 22:02:16,1789048936,0,b83f88f5,2197460759963797760,这里不对吧 如果电瓶车是直行呢
BV1Kyta66Ejs,117190380494371,大唐/小鹏GX/蔚来ES8，三车城区高难度智驾体验,易车横评,2026-09-01 10:00:00,73967,475,1,智驾_大唐小鹏GX蔚来ES8_B站_4k备案号版 (1),41486715453,274.660,1,25,16777215,2026-09-12 09:33:25,1789176805,0,40d67190,2198533402922235392,感觉这个是因为对面来车才减速的
BV1Kyta66Ejs,117190380494371,大唐/小鹏GX/蔚来ES8，三车城区高难度智驾体验,易车横评,2026-09-01 10:00:00,73967,475,1,智驾_大唐小鹏GX蔚来ES8_B站_4k备案号版 (1),41486715453,201.240,1,25,16777215,2026-09-15 10:47:26,1789440446,0,7ff9bae4,2200744989158638592,看地上的线，在斑马线前可以不等红灯吊头
BV1Kyta66Ejs,117190380494371,大唐/小鹏GX/蔚来ES8，三车城区高难度智驾体验,易车横评,2026-09-01 10:00:00,73967,475,1,智驾_大唐小鹏GX蔚来ES8_B站_4k备案号版 (1),41486715453,213.633,1,25,16777215,2026-09-17 19:57:13,1789646233,0,8b9d77e6,2202471256992175872,不需要
BV1Kyta66Ejs,117190380494371,大唐/小鹏GX/蔚来ES8，三车城区高难度智驾体验,易车横评,2026-09-01 10:00:00,73967,475,1,智驾_大唐小鹏GX蔚来ES8_B站_4k备案号版 (1),41486715453,180.108,1,25,16777215,2026-09-18 14:00:17,1789711217,0,dc4119b9,2203016382202116864,...
BV1Kyta66Ejs,117190380494371,大唐/小鹏GX/蔚来ES8，三车城区高难度智驾体验,易车横评,2026-09-01 10:00:00,73967,475,1,智驾_大唐小鹏GX蔚来ES8_B站_4k备案号版 (1),41486715453,164.291,1,25,16777215,2026-09-18 22:11:35,1789740695,0,7e61ab0b,2203263656253777920,我在新疆红灯掉头被扣6分
BV1Kyta66Ejs,117190380494371,大唐/小鹏GX/蔚来ES8，三车城区高难度智驾体验,易车横评,2026-09-01 10:00:00,73967,475,1,智驾_大唐小鹏GX蔚来ES8_B站_4k备案号版 (1),41486715453,66.380,1,25,16777215,2026-09-19 19:06:17,1789815977,0,7167c42d,2203895166980140032,一年之内的话其实还是花一定的风险买口碑
BV1Kyta66Ejs,117190380494371,大唐/小鹏GX/蔚来ES8，三车城区高难度智驾体验,易车横评,2026-09-01 10:00:00,73967,475,1,智驾_大唐小鹏GX蔚来ES8_B站_4k备案号版 (1),41486715453,90.238,1,25,16777215,2026-09-19 20:04:41,1789819481,0,60501416,2203924565988903936,可惜蔚来是有1.5版本，现在1.5.8很强
BV1Kyta66Ejs,117190380494371,大唐/小鹏GX/蔚来ES8，三车城区高难度智驾体验,易车横评,2026-09-01 10:00:00,73967,475,1,智驾_大唐小鹏GX蔚来ES8_B站_4k备案号版 (1),41486715453,163.024,1,25,16777215,2026-09-20 16:01:29,1789891289,0,ea24307d,2204526932308349440,红灯本来就不能掉头啊，除非当中是虚线，没有左转控制
BV1Kyta66Ejs,117190380494371,大唐/小鹏GX/蔚来ES8，三车城区高难度智驾体验,易车横评,2026-09-01 10:00:00,73967,475,1,智驾_大唐小鹏GX蔚来ES8_B站_4k备案号版 (1),41486715453,178.515,5,25,15138834,2026-09-24 11:07:58,1790219278,0,7fb22950,2207278303189036800,掉头不是应该跨越人行道吗？
BV1Kyta66Ejs,117190380494371,大唐/小鹏GX/蔚来ES8，三车城区高难度智驾体验,易车横评,2026-09-01 10:00:00,73967,475,1,智驾_大唐小鹏GX蔚来ES8_B站_4k备案号版 (1),41486715453,191.786,1,25,16777215,2026-09-24 16:24:56,1790238296,0,3fc98b4e,2207437837283061504,你们是没看到虚线吗？
BV1Kyta66Ejs,117190380494371,大唐/小鹏GX/蔚来ES8，三车城区高难度智驾体验,易车横评,2026-09-01 10:00:00,73967,475,1,智驾_大唐小鹏GX蔚来ES8_B站_4k备案号版 (1),41486715453,269.052,1,25,16777215,2026-09-24 16:26:54,1790238414,0,3fc98b4e,2207438832633147392,前面的 你都禁止掉头了还会给你画虚线吗？
BV1Kyta66Ejs,117190380494371,大唐/小鹏GX/蔚来ES8，三车城区高难度智驾体验,易车横评,2026-09-01 10:00:00,73967,475,1,智驾_大唐小鹏GX蔚来ES8_B站_4k备案号版 (1),41486715453,217.790,1,25,16777215,2026-09-27 22:04:08,1790517848,0,73c3a78e,2209782887312989696,在上海根本就没见过这种画线
BV1Kyta66Ejs,117190380494371,大唐/小鹏GX/蔚来ES8，三车城区高难度智驾体验,易车横评,2026-09-01 10:00:00,73967,475,1,智驾_大唐小鹏GX蔚来ES8_B站_4k备案号版 (1),41486715453,99.844,1,25,16777215,2026-09-28 12:20:35,1790569235,0,72696e57,2210213957728325376,花了5秒这个档位鸿蒙纯电只有奕境X9，但刚上市
BV1Kyta66Ejs,117190380494371,大唐/小鹏GX/蔚来ES8，三车城区高难度智驾体验,易车横评,2026-09-01 10:00:00,73967,475,1,智驾_大唐小鹏GX蔚来ES8_B站_4k备案号版 (1),41486715453,560.106,1,25,16777215,2026-09-01 10:23:52,1788229432,0,35c7e664,2190724855488544512,以前版本会看的，但是被吐槽效率太低各大厂为了“拟人”都改了
BV1Kyta66Ejs,117190380494371,大唐/小鹏GX/蔚来ES8，三车城区高难度智驾体验,易车横评,2026-09-01 10:00:00,73967,475,1,智驾_大唐小鹏GX蔚来ES8_B站_4k备案号版 (1),41486715453,633.299,1,25,16777215,2026-09-01 10:34:37,1788230077,0,49befe46,2190724859011759872,依旧小路战神
BV1Kyta66Ejs,117190380494371,大唐/小鹏GX/蔚来ES8，三车城区高难度智驾体验,易车横评,2026-09-01 10:00:00,73967,475,1,智驾_大唐小鹏GX蔚来ES8_B站_4k备案号版 (1),41486715453,458.370,1,25,16777215,2026-09-01 10:48:36,1788230916,0,b2d08846,2190724864883785472,企业文化这块儿
BV1Kyta66Ejs,117190380494371,大唐/小鹏GX/蔚来ES8，三车城区高难度智驾体验,易车横评,2026-09-01 10:00:00,73967,475,1,智驾_大唐小鹏GX蔚来ES8_B站_4k备案号版 (1),41486715453,652.148,5,25,16777215,2026-09-01 12:17:38,1788236258,0,e263cb61,2190724901290344192,小路之王！
BV1Kyta66Ejs,117190380494371,大唐/小鹏GX/蔚来ES8，三车城区高难度智驾体验,易车横评,2026-09-01 10:00:00,73967,475,1,智驾_大唐小鹏GX蔚来ES8_B站_4k备案号版 (1),41486715453,600.538,5,25,16777215,2026-09-01 12:34:13,1788237253,0,75860719,2190724911859990272,墙不会动，贴墙确实靠谱点（
BV1Kyta66Ejs,117190380494371,大唐/小鹏GX/蔚来ES8，三车城区高难度智驾体验,易车横评,2026-09-01 10:00:00,73967,475,1,智驾_大唐小鹏GX蔚来ES8_B站_4k备案号版 (1),41486715453,472.237,1,25,16777215,2026-09-01 12:55:06,1788238506,0,2e8ee833,2190724916557610752,蔚来sr都没识别到出租车
BV1Kyta66Ejs,117190380494371,大唐/小鹏GX/蔚来ES8，三车城区高难度智驾体验,易车横评,2026-09-01 10:00:00,73967,475,1,智驾_大唐小鹏GX蔚来ES8_B站_4k备案号版 (1),41486715453,661.920,1,25,16777215,2026-09-01 16:00:11,1788249611,0,17e5bfb1,2190755541578862336,nb啊
BV1Kyta66Ejs,117190380494371,大唐/小鹏GX/蔚来ES8，三车城区高难度智驾体验,易车横评,2026-09-01 10:00:00,73967,475,1,智驾_大唐小鹏GX蔚来ES8_B站_4k备案号版 (1),41486715453,479.612,1,25,16777215,2026-09-01 16:16:09,1788250569,0,26deb312,2190763578889073920,不是三颗激光雷达吗
BV1Kyta66Ejs,117190380494371,大唐/小鹏GX/蔚来ES8，三车城区高难度智驾体验,易车横评,2026-09-01 10:00:00,73967,475,1,智驾_大唐小鹏GX蔚来ES8_B站_4k备案号版 (1),41486715453,442.983,1,25,16777215,2026-09-01 18:01:48,1788256908,0,2ce48f0e,2190816747798402560,还得是你
BV1Kyta66Ejs,117190380494371,大唐/小鹏GX/蔚来ES8，三车城区高难度智驾体验,易车横评,2026-09-01 10:00:00,73967,475,1,智驾_大唐小鹏GX蔚来ES8_B站_4k备案号版 (1),41486715453,445.442,5,25,16707842,2026-09-01 18:23:04,1788258184,0,cdf70956,2190827452518425856,狼行千里吃肉
BV1Kyta66Ejs,117190380494371,大唐/小鹏GX/蔚来ES8，三车城区高难度智驾体验,易车横评,2026-09-01 10:00:00,73967,475,1,智驾_大唐小鹏GX蔚来ES8_B站_4k备案号版 (1),41486715453,505.000,5,25,16777215,2026-09-01 18:49:45,1788259785,0,6be13fbe,2190840886698236416,这种路确实不常见
BV1Kyta66Ejs,117190380494371,大唐/小鹏GX/蔚来ES8，三车城区高难度智驾体验,易车横评,2026-09-01 10:00:00,73967,475,1,智驾_大唐小鹏GX蔚来ES8_B站_4k备案号版 (1),41486715453,481.525,1,25,8700107,2026-09-01 19:46:17,1788263177,0,68444e4d,2190869340965440768,小心脏砰砰的
BV1Kyta66Ejs,117190380494371,大唐/小鹏GX/蔚来ES8，三车城区高难度智驾体验,易车横评,2026-09-01 10:00:00,73967,475,1,智驾_大唐小鹏GX蔚来ES8_B站_4k备案号版 (1),41486715453,630.480,1,25,16777215,2026-09-01 20:14:48,1788264888,0,1f9707cf,2190883695299982336,企业文化
BV1Kyta66Ejs,117190380494371,大唐/小鹏GX/蔚来ES8，三车城区高难度智驾体验,易车横评,2026-09-01 10:00:00,73967,475,1,智驾_大唐小鹏GX蔚来ES8_B站_4k备案号版 (1),41486715453,627.852,5,25,15138834,2026-09-01 20:44:06,1788266646,0,4b0c632d,2190898438386940160,去了
BV1Kyta66Ejs,117190380494371,大唐/小鹏GX/蔚来ES8，三车城区高难度智驾体验,易车横评,2026-09-01 10:00:00,73967,475,1,智驾_大唐小鹏GX蔚来ES8_B站_4k备案号版 (1),41486715453,704.745,1,25,16777215,2026-09-01 20:44:40,1788266680,0,cf836379,2190898721041207552,车房宝物
BV1Kyta66Ejs,117190380494371,大唐/小鹏GX/蔚来ES8，三车城区高难度智驾体验,易车横评,2026-09-01 10:00:00,73967,475,1,智驾_大唐小鹏GX蔚来ES8_B站_4k备案号版 (1),41486715453,447.584,1,25,16777215,2026-09-01 21:31:16,1788269476,0,9e94a048,2190922178047198464,看啥呢。。兄弟
BV1Kyta66Ejs,117190380494371,大唐/小鹏GX/蔚来ES8，三车城区高难度智驾体验,易车横评,2026-09-01 10:00:00,73967,475,1,智驾_大唐小鹏GX蔚来ES8_B站_4k备案号版 (1),41486715453,453.087,1,25,16777215,2026-09-01 22:34:56,1788273296,0,5bf22455,2190954227663491072,这里配乐不对，哒哒哒
BV1Kyta66Ejs,117190380494371,大唐/小鹏GX/蔚来ES8，三车城区高难度智驾体验,易车横评,2026-09-01 10:00:00,73967,475,1,智驾_大唐小鹏GX蔚来ES8_B站_4k备案号版 (1),41486715453,509.060,1,25,16777215,2026-09-01 23:21:56,1788276116,0,89407b05,2190977880367445248,这是道路划线太特殊了吧
BV1Kyta66Ejs,117190380494371,大唐/小鹏GX/蔚来ES8，三车城区高难度智驾体验,易车横评,2026-09-01 10:00:00,73967,475,1,智驾_大唐小鹏GX蔚来ES8_B站_4k备案号版 (1),41486715453,395.241,1,25,16777215,2026-09-01 23:29:40,1788276580,0,e7448abb,2190981771632546048,看360啊
BV1Kyta66Ejs,117190380494371,大唐/小鹏GX/蔚来ES8，三车城区高难度智驾体验,易车横评,2026-09-01 10:00:00,73967,475,1,智驾_大唐小鹏GX蔚来ES8_B站_4k备案号版 (1),41486715453,437.439,1,25,16777215,2026-09-02 02:06:49,1788286009,0,c5adba1d,2191060865796150784,好长
BV1Kyta66Ejs,117190380494371,大唐/小鹏GX/蔚来ES8，三车城区高难度智驾体验,易车横评,2026-09-01 10:00:00,73967,475,1,智驾_大唐小鹏GX蔚来ES8_B站_4k备案号版 (1),41486715453,505.780,5,25,16777215,2026-09-02 07:46:57,1788306417,0,dc594c1c,2191232061993170432,北京的高架桥下，这种路很常见，特别是海淀那边，5环下面都是！太窄了
BV1Kyta66Ejs,117190380494371,大唐/小鹏GX/蔚来ES8，三车城区高难度智驾体验,易车横评,2026-09-01 10:00:00,73967,475,1,智驾_大唐小鹏GX蔚来ES8_B站_4k备案号版 (1),41486715453,454.734,1,25,16777215,2026-09-02 10:33:44,1788316424,0,739362fc,2191316007590218240,理它干什么，想怎么开就怎么开
BV1Kyta66Ejs,117190380494371,大唐/小鹏GX/蔚来ES8，三车城区高难度智驾体验,易车横评,2026-09-01 10:00:00,73967,475,1,智驾_大唐小鹏GX蔚来ES8_B站_4k备案号版 (1),41486715453,543.100,1,25,16777215,2026-09-02 12:56:23,1788324983,0,51a80165,2191387806398919936,你不说我还真没注意
BV1Kyta66Ejs,117190380494371,大唐/小鹏GX/蔚来ES8，三车城区高难度智驾体验,易车横评,2026-09-01 10:00:00,73967,475,1,智驾_大唐小鹏GX蔚来ES8_B站_4k备案号版 (1),41486715453,564.100,1,25,16777215,2026-09-02 12:56:58,1788325018,0,51a80165,2191388100956384768,因为他们走的大部分是固定线路，也比较熟
BV1Kyta66Ejs,117190380494371,大唐/小鹏GX/蔚来ES8，三车城区高难度智驾体验,易车横评,2026-09-01 10:00:00,73967,475,1,智驾_大唐小鹏GX蔚来ES8_B站_4k备案号版 (1),41486715453,552.413,1,25,16777215,2026-09-02 16:02:15,1788336135,0,79c28202,2191481354242600704,说明拟人度都很高，一般马路上开车也没谁真会停，点下刹车放慢速度就不错了
BV1Kyta66Ejs,117190380494371,大唐/小鹏GX/蔚来ES8，三车城区高难度智驾体验,易车横评,2026-09-01 10:00:00,73967,475,1,智驾_大唐小鹏GX蔚来ES8_B站_4k备案号版 (1),41486715453,441.732,1,25,16777215,2026-09-02 16:57:59,1788339479,0,39b5e4e1,2191509408096614144,还得是你
BV1Kyta66Ejs,117190380494371,大唐/小鹏GX/蔚来ES8，三车城区高难度智驾体验,易车横评,2026-09-01 10:00:00,73967,475,1,智驾_大唐小鹏GX蔚来ES8_B站_4k备案号版 (1),41486715453,673.555,1,25,16777215,2026-09-02 23:43:06,1788363786,0,2b044e2e,2191713311979657984,去年还不这样
BV1Kyta66Ejs,117190380494371,大唐/小鹏GX/蔚来ES8，三车城区高难度智驾体验,易车横评,2026-09-01 10:00:00,73967,475,1,智驾_大唐小鹏GX蔚来ES8_B站_4k备案号版 (1),41486715453,560.699,1,25,16777215,2026-09-03 01:34:04,1788370444,0,8c9682d4,2191769160252897024,特斯拉还是牛逼
BV1Kyta66Ejs,117190380494371,大唐/小鹏GX/蔚来ES8，三车城区高难度智驾体验,易车横评,2026-09-01 10:00:00,73967,475,1,智驾_大唐小鹏GX蔚来ES8_B站_4k备案号版 (1),41486715453,581.086,5,25,16777215,2026-09-03 15:14:08,1788419648,0,b4174e9b,2192181916567121408,试图在车内进行躲避
BV1Kyta66Ejs,117190380494371,大唐/小鹏GX/蔚来ES8，三车城区高难度智驾体验,易车横评,2026-09-01 10:00:00,73967,475,1,智驾_大唐小鹏GX蔚来ES8_B站_4k备案号版 (1),41486715453,667.928,1,25,16777215,2026-09-03 21:04:51,1788440691,0,ef3b2ec9,2192358432014268672,这是传感器的强项
BV1Kyta66Ejs,117190380494371,大唐/小鹏GX/蔚来ES8，三车城区高难度智驾体验,易车横评,2026-09-01 10:00:00,73967,475,1,智驾_大唐小鹏GX蔚来ES8_B站_4k备案号版 (1),41486715453,452.320,1,25,16777215,2026-09-03 22:28:49,1788445729,0,bcce44a1,2192400693653679872,企业文化
BV1Kyta66Ejs,117190380494371,大唐/小鹏GX/蔚来ES8，三车城区高难度智驾体验,易车横评,2026-09-01 10:00:00,73967,475,1,智驾_大唐小鹏GX蔚来ES8_B站_4k备案号版 (1),41486715453,419.719,1,25,16777215,2026-09-04 21:46:40,1788529600,0,794ac1fc,2193104258545496320,这里需要标准答案 fsd 出场
BV1Kyta66Ejs,117190380494371,大唐/小鹏GX/蔚来ES8，三车城区高难度智驾体验,易车横评,2026-09-01 10:00:00,73967,475,1,智驾_大唐小鹏GX蔚来ES8_B站_4k备案号版 (1),41486715453,545.322,1,25,16777215,2026-09-04 21:49:01,1788529741,0,794ac1fc,2193105437917147648,又是 fsd 的主场
BV1Kyta66Ejs,117190380494371,大唐/小鹏GX/蔚来ES8，三车城区高难度智驾体验,易车横评,2026-09-01 10:00:00,73967,475,1,智驾_大唐小鹏GX蔚来ES8_B站_4k备案号版 (1),41486715453,699.965,1,25,16777215,2026-09-04 21:51:51,1788529911,0,794ac1fc,2193106868778678528,v14 已经可以 不过大概率 fsd 会选择继续往前
BV1Kyta66Ejs,117190380494371,大唐/小鹏GX/蔚来ES8，三车城区高难度智驾体验,易车横评,2026-09-01 10:00:00,73967,475,1,智驾_大唐小鹏GX蔚来ES8_B站_4k备案号版 (1),41486715453,518.649,1,25,16777215,2026-09-05 11:54:57,1788580497,0,ecb9e87,2193531211707090944,小迪9
BV1Kyta66Ejs,117190380494371,大唐/小鹏GX/蔚来ES8，三车城区高难度智驾体验,易车横评,2026-09-01 10:00:00,73967,475,1,智驾_大唐小鹏GX蔚来ES8_B站_4k备案号版 (1),41486715453,520.743,1,25,16777215,2026-09-05 11:55:12,1788580512,0,ecb9e87,2193531335397246976,车“反正不扣老子的分”
BV1Kyta66Ejs,117190380494371,大唐/小鹏GX/蔚来ES8，三车城区高难度智驾体验,易车横评,2026-09-01 10:00:00,73967,475,1,智驾_大唐小鹏GX蔚来ES8_B站_4k备案号版 (1),41486715453,640.876,1,25,16777215,2026-09-09 10:49:25,1788922165,0,2b52100,2196397333922042880,上一个台阶
BV1Kyta66Ejs,117190380494371,大唐/小鹏GX/蔚来ES8，三车城区高难度智驾体验,易车横评,2026-09-01 10:00:00,73967,475,1,智驾_大唐小鹏GX蔚来ES8_B站_4k备案号版 (1),41486715453,455.500,1,25,16777215,2026-09-18 04:42:42,1789677762,0,a016e921,2202735737252697856,这是汉兰达或者是陆巡啊，不过也是理想的潜在客户了
BV1Kyta66Ejs,117190380494371,大唐/小鹏GX/蔚来ES8，三车城区高难度智驾体验,易车横评,2026-09-01 10:00:00,73967,475,1,智驾_大唐小鹏GX蔚来ES8_B站_4k备案号版 (1),41486715453,542.803,1,25,16777215,2026-09-18 18:45:06,1789728306,0,75ac256b,2203159734428026368,这智驾去哪给你知道？
BV1Kyta66Ejs,117190380494371,大唐/小鹏GX/蔚来ES8，三车城区高难度智驾体验,易车横评,2026-09-01 10:00:00,73967,475,1,智驾_大唐小鹏GX蔚来ES8_B站_4k备案号版 (1),41486715453,372.280,1,25,16777215,2026-09-19 19:16:28,1789816588,0,7167c42d,2203900296043214592,懂车帝那样也有很多人说他不标准的
BV1Kyta66Ejs,117190380494371,大唐/小鹏GX/蔚来ES8，三车城区高难度智驾体验,易车横评,2026-09-01 10:00:00,73967,475,1,智驾_大唐小鹏GX蔚来ES8_B站_4k备案号版 (1),41486715453,429.456,1,25,16777215,2026-09-20 08:02:11,1789862531,0,fe358b32,2204285692786347008,宋U确实会每个路口都减速
BV1Kyta66Ejs,117190380494371,大唐/小鹏GX/蔚来ES8，三车城区高难度智驾体验,易车横评,2026-09-01 10:00:00,73967,475,1,智驾_大唐小鹏GX蔚来ES8_B站_4k备案号版 (1),41486715453,467.213,1,25,16777215,2026-09-22 13:47:31,1790056051,0,5aec4dba,2205909054001052160,蔚来这种丁字路口一直都这样，两个版本了还没解决
BV1Kyta66Ejs,117190380494371,大唐/小鹏GX/蔚来ES8，三车城区高难度智驾体验,易车横评,2026-09-01 10:00:00,73967,475,1,智驾_大唐小鹏GX蔚来ES8_B站_4k备案号版 (1),41486715453,610.311,1,25,16777215,2026-09-27 02:00:47,1790445647,0,7d803e7d,2209177226661689600,对啊，比亚迪特别爱贴右，经常距离马路牙子就一掌宽¬_¬
BV1Kyta66Ejs,117190380494371,大唐/小鹏GX/蔚来ES8，三车城区高难度智驾体验,易车横评,2026-09-01 10:00:00,73967,475,1,智驾_大唐小鹏GX蔚来ES8_B站_4k备案号版 (1),41486715453,869.800,1,25,16777215,2026-09-01 10:44:32,1788230672,0,2bec2e07,2190724860186164992,现在还不是AI 只能说比较强的电脑 根本没思考啊
BV1Kyta66Ejs,117190380494371,大唐/小鹏GX/蔚来ES8，三车城区高难度智驾体验,易车横评,2026-09-01 10:00:00,73967,475,1,智驾_大唐小鹏GX蔚来ES8_B站_4k备案号版 (1),41486715453,932.600,1,25,16777215,2026-09-01 12:38:18,1788237498,0,56caf329,2190724914208800512,感觉是地下电线影子干扰了
BV1Kyta66Ejs,117190380494371,大唐/小鹏GX/蔚来ES8，三车城区高难度智驾体验,易车横评,2026-09-01 10:00:00,73967,475,1,智驾_大唐小鹏GX蔚来ES8_B站_4k备案号版 (1),41486715453,964.834,1,25,16777215,2026-09-01 13:03:40,1788239020,0,2e8ee833,2190724922429636352,哈哈哈哈哈
BV1Kyta66Ejs,117190380494371,大唐/小鹏GX/蔚来ES8，三车城区高难度智驾体验,易车横评,2026-09-01 10:00:00,73967,475,1,智驾_大唐小鹏GX蔚来ES8_B站_4k备案号版 (1),41486715453,907.567,1,25,16777215,2026-09-01 15:41:56,1788248516,0,28f6d2dc,2190746358116922624,智驾卡住不可怕，乱跑就可怕了
BV1Kyta66Ejs,117190380494371,大唐/小鹏GX/蔚来ES8，三车城区高难度智驾体验,易车横评,2026-09-01 10:00:00,73967,475,1,智驾_大唐小鹏GX蔚来ES8_B站_4k备案号版 (1),41486715453,727.217,1,25,16777215,2026-09-01 16:05:11,1788249911,0,6753c54d,2190758055225370368,被自行车超车了
BV1Kyta66Ejs,117190380494371,大唐/小鹏GX/蔚来ES8，三车城区高难度智驾体验,易车横评,2026-09-01 10:00:00,73967,475,1,智驾_大唐小鹏GX蔚来ES8_B站_4k备案号版 (1),41486715453,730.008,1,25,16777215,2026-09-01 16:47:52,1788252472,0,86376415,2190779540111264256,哈哈哈哈哈哈哈哈哈哈哈哈哈哈哈哈
BV1Kyta66Ejs,117190380494371,大唐/小鹏GX/蔚来ES8，三车城区高难度智驾体验,易车横评,2026-09-01 10:00:00,73967,475,1,智驾_大唐小鹏GX蔚来ES8_B站_4k备案号版 (1),41486715453,834.781,1,25,16777215,2026-09-01 19:49:49,1788263389,0,f00e2ea4,2190871115096759808,识别成厢货了？
BV1Kyta66Ejs,117190380494371,大唐/小鹏GX/蔚来ES8，三车城区高难度智驾体验,易车横评,2026-09-01 10:00:00,73967,475,1,智驾_大唐小鹏GX蔚来ES8_B站_4k备案号版 (1),41486715453,969.274,1,25,16777215,2026-09-02 10:42:23,1788316943,0,739362fc,2191320364289447680,可能
BV1Kyta66Ejs,117190380494371,大唐/小鹏GX/蔚来ES8，三车城区高难度智驾体验,易车横评,2026-09-01 10:00:00,73967,475,1,智驾_大唐小鹏GX蔚来ES8_B站_4k备案号版 (1),41486715453,928.670,1,25,16777215,2026-09-02 14:33:41,1788330821,0,cb36401a,2191436781013469184,不愧是战神 就想对刚
BV1Kyta66Ejs,117190380494371,大唐/小鹏GX/蔚来ES8，三车城区高难度智驾体验,易车横评,2026-09-01 10:00:00,73967,475,1,智驾_大唐小鹏GX蔚来ES8_B站_4k备案号版 (1),41486715453,920.194,1,25,16777215,2026-09-02 17:35:53,1788341753,0,b0ddf2d9,2191528486274152704,哈哈哈，笑喷了
BV1Kyta66Ejs,117190380494371,大唐/小鹏GX/蔚来ES8，三车城区高难度智驾体验,易车横评,2026-09-01 10:00:00,73967,475,1,智驾_大唐小鹏GX蔚来ES8_B站_4k备案号版 (1),41486715453,892.647,1,25,16777215,2026-09-02 17:49:55,1788342595,0,41d1a433,2191535546655403264,太危险了
BV1Kyta66Ejs,117190380494371,大唐/小鹏GX/蔚来ES8，三车城区高难度智驾体验,易车横评,2026-09-01 10:00:00,73967,475,1,智驾_大唐小鹏GX蔚来ES8_B站_4k备案号版 (1),41486715453,813.821,1,25,16777215,2026-09-02 20:56:35,1788353795,0,455fb8bb,2191629499274840576,小鸟窄路会车测了个寂寞
BV1Kyta66Ejs,117190380494371,大唐/小鹏GX/蔚来ES8，三车城区高难度智驾体验,易车横评,2026-09-01 10:00:00,73967,475,1,智驾_大唐小鹏GX蔚来ES8_B站_4k备案号版 (1),41486715453,894.568,1,25,16777215,2026-09-02 21:43:07,1788356587,0,6fb420cb,2191652917407270400,所以也是有一搭没一搭，之前那么生猛，现在不敢走
BV1Kyta66Ejs,117190380494371,大唐/小鹏GX/蔚来ES8，三车城区高难度智驾体验,易车横评,2026-09-01 10:00:00,73967,475,1,智驾_大唐小鹏GX蔚来ES8_B站_4k备案号版 (1),41486715453,748.118,1,25,16777215,2026-09-02 21:53:34,1788357214,0,86c7bb8c,2191658180219120896,合味道？
BV1Kyta66Ejs,117190380494371,大唐/小鹏GX/蔚来ES8，三车城区高难度智驾体验,易车横评,2026-09-01 10:00:00,73967,475,1,智驾_大唐小鹏GX蔚来ES8_B站_4k备案号版 (1),41486715453,876.580,1,25,16777215,2026-09-02 21:53:41,1788357221,0,9faf2fe4,2191658237848920320,这是让对面大车直行吧
BV1Kyta66Ejs,117190380494371,大唐/小鹏GX/蔚来ES8，三车城区高难度智驾体验,易车横评,2026-09-01 10:00:00,73967,475,1,智驾_大唐小鹏GX蔚来ES8_B站_4k备案号版 (1),41486715453,757.821,1,25,16777215,2026-09-03 00:26:43,1788366403,0,c44396a4,2191735258977244160,具备掉头的能力哈哈哈
BV1Kyta66Ejs,117190380494371,大唐/小鹏GX/蔚来ES8，三车城区高难度智驾体验,易车横评,2026-09-01 10:00:00,73967,475,1,智驾_大唐小鹏GX蔚来ES8_B站_4k备案号版 (1),41486715453,888.592,1,25,16777215,2026-09-03 10:53:12,1788403992,0,43cba5a8,2192050582557495552,电动车：冲我来了？
BV1Kyta66Ejs,117190380494371,大唐/小鹏GX/蔚来ES8，三车城区高难度智驾体验,易车横评,2026-09-01 10:00:00,73967,475,1,智驾_大唐小鹏GX蔚来ES8_B站_4k备案号版 (1),41486715453,865.497,1,25,16777215,2026-09-03 16:04:15,1788422655,0,4b22fb87,2192207139895586560,宕机了
BV1Kyta66Ejs,117190380494371,大唐/小鹏GX/蔚来ES8，三车城区高难度智驾体验,易车横评,2026-09-01 10:00:00,73967,475,1,智驾_大唐小鹏GX蔚来ES8_B站_4k备案号版 (1),41486715453,894.651,1,25,16777215,2026-09-03 16:05:05,1788422705,0,4b22fb87,2192207553722396416,邪恶笑脸？
BV1Kyta66Ejs,117190380494371,大唐/小鹏GX/蔚来ES8，三车城区高难度智驾体验,易车横评,2026-09-01 10:00:00,73967,475,1,智驾_大唐小鹏GX蔚来ES8_B站_4k备案号版 (1),41486715453,1048.644,1,25,16777215,2026-09-03 21:06:54,1788440814,0,d101ebca,2192359470095938304,兜底就是为了云端模型积累数据，兜底的都是极端case
BV1Kyta66Ejs,117190380494371,大唐/小鹏GX/蔚来ES8，三车城区高难度智驾体验,易车横评,2026-09-01 10:00:00,73967,475,1,智驾_大唐小鹏GX蔚来ES8_B站_4k备案号版 (1),41486715453,1047.694,1,25,16777215,2026-09-04 13:06:21,1788498381,0,f8d53006,2192842376774016768,数据不是看用户多少嘛
BV1Kyta66Ejs,117190380494371,大唐/小鹏GX/蔚来ES8，三车城区高难度智驾体验,易车横评,2026-09-01 10:00:00,73967,475,1,智驾_大唐小鹏GX蔚来ES8_B站_4k备案号版 (1),41486715453,745.782,1,25,16777215,2026-09-05 12:21:39,1788582099,0,ecb9e87,2193544653620913408,小鹏“世上本无路走的人多了就有了路”
BV1Kyta66Ejs,117190380494371,大唐/小鹏GX/蔚来ES8，三车城区高难度智驾体验,易车横评,2026-09-01 10:00:00,73967,475,1,智驾_大唐小鹏GX蔚来ES8_B站_4k备案号版 (1),41486715453,967.694,1,25,16777215,2026-09-05 20:20:32,1788610832,0,cb39e73d,2193785678184807936,生存预好强
BV1Kyta66Ejs,117190380494371,大唐/小鹏GX/蔚来ES8，三车城区高难度智驾体验,易车横评,2026-09-01 10:00:00,73967,475,1,智驾_大唐小鹏GX蔚来ES8_B站_4k备案号版 (1),41486715453,723.567,1,25,16777215,2026-09-06 18:46:57,1788691617,0,1a8b1e02,2194463354893621504,国内这种路况，需要激光雷达
BV1Kyta66Ejs,117190380494371,大唐/小鹏GX/蔚来ES8，三车城区高难度智驾体验,易车横评,2026-09-01 10:00:00,73967,475,1,智驾_大唐小鹏GX蔚来ES8_B站_4k备案号版 (1),41486715453,941.684,1,25,16777215,2026-09-06 19:05:50,1788692750,0,1a8b1e02,2194472861879041792,momenta确实比那两个强
BV1Kyta66Ejs,117190380494371,大唐/小鹏GX/蔚来ES8，三车城区高难度智驾体验,易车横评,2026-09-01 10:00:00,73967,475,1,智驾_大唐小鹏GX蔚来ES8_B站_4k备案号版 (1),41486715453,857.820,1,25,16777215,2026-09-07 08:07:24,1788739644,0,4f20bf2f,2194866232237660160,感觉大唐就是怕右边有电线杆
BV1Kyta66Ejs,117190380494371,大唐/小鹏GX/蔚来ES8，三车城区高难度智驾体验,易车横评,2026-09-01 10:00:00,73967,475,1,智驾_大唐小鹏GX蔚来ES8_B站_4k备案号版 (1),41486715453,807.842,1,25,16777215,2026-09-08 21:55:35,1788875735,0,1feae01c,2196007849426364672,我的ES8 怎么不行？
BV1Kyta66Ejs,117190380494371,大唐/小鹏GX/蔚来ES8，三车城区高难度智驾体验,易车横评,2026-09-01 10:00:00,73967,475,1,智驾_大唐小鹏GX蔚来ES8_B站_4k备案号版 (1),41486715453,923.595,1,25,16777215,2026-09-08 21:57:31,1788875851,0,1feae01c,2196008819636016384,ES8 车主易车没黑 确实这样
BV1Kyta66Ejs,117190380494371,大唐/小鹏GX/蔚来ES8，三车城区高难度智驾体验,易车横评,2026-09-01 10:00:00,73967,475,1,智驾_大唐小鹏GX蔚来ES8_B站_4k备案号版 (1),41486715453,1012.473,1,25,16777215,2026-09-09 10:56:26,1788922586,0,2b52100,2196400866381847040,各有特色
BV1Kyta66Ejs,117190380494371,大唐/小鹏GX/蔚来ES8，三车城区高难度智驾体验,易车横评,2026-09-01 10:00:00,73967,475,1,智驾_大唐小鹏GX蔚来ES8_B站_4k备案号版 (1),41486715453,986.878,1,25,16777215,2026-09-17 17:22:31,1789636951,0,8b6b958c,2202393387523843584,比亚迪落后已经追回，后续依靠数据量反超只是时间问题
BV1Kyta66Ejs,117190380494371,大唐/小鹏GX/蔚来ES8，三车城区高难度智驾体验,易车横评,2026-09-01 10:00:00,73967,475,1,智驾_大唐小鹏GX蔚来ES8_B站_4k备案号版 (1),41486715453,998.788,1,25,16777215,2026-09-18 08:00:37,1789689637,0,f9673bc0,2202835356889141504,弹幕别搞了，买哪个是一个视频就给你决定了的？喜欢哪个买哪个就是了。
BV1Kyta66Ejs,117190380494371,大唐/小鹏GX/蔚来ES8，三车城区高难度智驾体验,易车横评,2026-09-01 10:00:00,73967,475,1,智驾_大唐小鹏GX蔚来ES8_B站_4k备案号版 (1),41486715453,795.921,1,25,16777215,2026-09-20 16:10:34,1789891834,0,ea24307d,2204531508293976832,感觉有后轮转向的 一把就能过
BV1Kyta66Ejs,117190380494371,大唐/小鹏GX/蔚来ES8，三车城区高难度智驾体验,易车横评,2026-09-01 10:00:00,73967,475,1,智驾_大唐小鹏GX蔚来ES8_B站_4k备案号版 (1),41486715453,942.185,1,25,16777215,2026-09-20 22:16:08,1789913768,0,68d2bc68,2204715499945410304,想看华为问界走这段路咋样表现
BV1Kyta66Ejs,117190380494371,大唐/小鹏GX/蔚来ES8，三车城区高难度智驾体验,易车横评,2026-09-01 10:00:00,73967,475,1,智驾_大唐小鹏GX蔚来ES8_B站_4k备案号版 (1),41486715453,906.254,1,25,16777215,2026-09-23 23:24:58,1790177098,0,dc6f3357,2206924470814701824,不稳定才是最可怕的
BV1Kyta66Ejs,117190380494371,大唐/小鹏GX/蔚来ES8，三车城区高难度智驾体验,易车横评,2026-09-01 10:00:00,73967,475,1,智驾_大唐小鹏GX蔚来ES8_B站_4k备案号版 (1),41486715453,930.034,1,25,16777215,2026-09-23 23:26:07,1790177167,0,dc6f3357,2206925049074589184,它把地上的光影识别成马路牙子了吧
BV1Kyta66Ejs,117190380494371,大唐/小鹏GX/蔚来ES8，三车城区高难度智驾体验,易车横评,2026-09-01 10:00:00,73967,475,1,智驾_大唐小鹏GX蔚来ES8_B站_4k备案号版 (1),41486715453,868.405,1,25,16777215,2026-09-24 20:10:31,1790251831,0,c2f3326f,2207551379861050880,这种路根本没有参考性，这种不划线，也不会规范的道路，没人一定要开辅助驾驶。重点应该是一般城市道路，道路选择，匝道，车与车之间博弈的场景
BV1Kyta66Ejs,117190380494371,大唐/小鹏GX/蔚来ES8，三车城区高难度智驾体验,易车横评,2026-09-01 10:00:00,73967,475,1,智驾_大唐小鹏GX蔚来ES8_B站_4k备案号版 (1),41486715453,834.466,1,25,16777215,2026-09-26 03:47:53,1790365673,0,f1994a83,2208506354203678464,右边没办法贴墙大唐就差点
BV1HAa86vEbv,117342600238997,被ES9续航劝退的大叔。大电池快来吧！,换电小豹子,2026-09-27 18:50:33,19397,80,1,被ES9续航劝退的大叔。大电池快来吧！,42248373699,78.031,1,25,16777215,2026-09-27 20:32:40,1790512360,0,dc6f3357,2209736853006251264,高速还是三百多
BV1HAa86vEbv,117342600238997,被ES9续航劝退的大叔。大电池快来吧！,换电小豹子,2026-09-27 18:50:33,19397,80,1,被ES9续航劝退的大叔。大电池快来吧！,42248373699,56.345,1,25,16777215,2026-09-27 21:20:11,1790515211,0,6c75b55e,2209760772870033408,就蔚来续航，别说120度电池，200度都未必勉强够用
BV1HAa86vEbv,117342600238997,被ES9续航劝退的大叔。大电池快来吧！,换电小豹子,2026-09-27 18:50:33,19397,80,1,被ES9续航劝退的大叔。大电池快来吧！,42248373699,87.354,1,25,16777215,2026-09-27 21:31:22,1790515882,0,205602e1,2209766399646988288,上200度吧
BV1bveq6CEZR,117302385249054,和华为同样是世界大模型蔚来的智驾怎么样,桶哥尽量天天说,2026-09-20 16:20:10,11368,131,1,和华为同样是世界大模型蔚来的智驾怎么样,42051307741,446.40200,1,25,16777215,2026-09-20 21:00:16,1789909216,0,d5c92ca,2204677317769964544,居中行驶这个确实危险，我都上报了好多次了，我自己发生过事故，把对向来的老头乐给撞了
BV1bveq6CEZR,117302385249054,和华为同样是世界大模型蔚来的智驾怎么样,桶哥尽量天天说,2026-09-20 16:20:10,11368,131,1,和华为同样是世界大模型蔚来的智驾怎么样,42051307741,142.12500,1,25,16777215,2026-09-28 00:54:32,1790528072,0,a428dd0d,2209868652709972992,搞笑呢？交规里有“必要的压实线”吗，实线就是实线
BV1bveq6CEZR,117302385249054,和华为同样是世界大模型蔚来的智驾怎么样,桶哥尽量天天说,2026-09-20 16:20:10,11368,131,1,和华为同样是世界大模型蔚来的智驾怎么样,42051307741,347.64100,1,25,15138835,2026-09-26 19:27:57,1790422077,0,f07d28f0,2208979502271713792,对对对，我上次试et5的时候路口老是莫名其妙的换道
BV1bveq6CEZR,117302385249054,和华为同样是世界大模型蔚来的智驾怎么样,桶哥尽量天天说,2026-09-20 16:20:10,11368,131,1,和华为同样是世界大模型蔚来的智驾怎么样,42051307741,304.33100,1,25,16777215,2026-09-25 22:32:07,1790346727,0,76bf0d75,2208347421196170752,这个其实ads也有至少我的豹八在这种情况犯错不少
BV1bveq6CEZR,117302385249054,和华为同样是世界大模型蔚来的智驾怎么样,桶哥尽量天天说,2026-09-20 16:20:10,11368,131,1,和华为同样是世界大模型蔚来的智驾怎么样,42051307741,192.96200,1,25,16777215,2026-09-22 23:36:28,1790091388,0,b0ddf2d9,2206205484825212416,蔚来的智驾本来就是垃圾，连个泊车都搞不好。
BV1bveq6CEZR,117302385249054,和华为同样是世界大模型蔚来的智驾怎么样,桶哥尽量天天说,2026-09-20 16:20:10,11368,131,1,和华为同样是世界大模型蔚来的智驾怎么样,42051307741,191.34400,1,25,16777215,2026-09-21 19:27:59,1789990079,0,574967c8,2205355647523593984,那华为的智驾也不叫小艺啊，不也很多人说小艺怎样怎样
BV1bveq6CEZR,117302385249054,和华为同样是世界大模型蔚来的智驾怎么样,桶哥尽量天天说,2026-09-20 16:20:10,11368,131,1,和华为同样是世界大模型蔚来的智驾怎么样,42051307741,360.60000,1,25,16777215,2026-09-21 13:18:31,1789967911,0,a2f378fb,2205169684163846400,直行也不行 经常被哔哔
BV1bveq6CEZR,117302385249054,和华为同样是世界大模型蔚来的智驾怎么样,桶哥尽量天天说,2026-09-20 16:20:10,11368,131,1,和华为同样是世界大模型蔚来的智驾怎么样,42051307741,268.31200,1,25,16777215,2026-09-21 10:54:38,1789959278,0,41bb93f3,2205097265134918912,笑死
BV1bveq6CEZR,117302385249054,和华为同样是世界大模型蔚来的智驾怎么样,桶哥尽量天天说,2026-09-20 16:20:10,11368,131,1,和华为同样是世界大模型蔚来的智驾怎么样,42051307741,302.00400,1,25,16777215,2026-09-21 10:36:27,1789958187,0,6ef4f0a1,2205088110948871936,加10086！！！
BV1bveq6CEZR,117302385249054,和华为同样是世界大模型蔚来的智驾怎么样,桶哥尽量天天说,2026-09-20 16:20:10,11368,131,1,和华为同样是世界大模型蔚来的智驾怎么样,42051307741,15.00000,1,25,16777215,2026-09-21 09:40:40,1789954840,0,454aa092,2205060035753981440,华为最大的优势从来就不是某个单一技术而是从上到下都是自己的啊
BV1bveq6CEZR,117302385249054,和华为同样是世界大模型蔚来的智驾怎么样,桶哥尽量天天说,2026-09-20 16:20:10,11368,131,1,和华为同样是世界大模型蔚来的智驾怎么样,42051307741,186.36000,1,25,16777215,2026-09-21 02:01:49,1789927309,0,69aa57a7,2204829091646180864,蔚来的智驾不叫nomi
BV1bveq6CEZR,117302385249054,和华为同样是世界大模型蔚来的智驾怎么样,桶哥尽量天天说,2026-09-20 16:20:10,11368,131,1,和华为同样是世界大模型蔚来的智驾怎么样,42051307741,68.46000,1,25,16777215,2026-09-20 23:41:01,1789918861,0,f526a561,2204758223838968064,实际体验下就知道了，现在蔚来的智驾真不错，其他家好点但不多
BV1bveq6CEZR,117302385249054,和华为同样是世界大模型蔚来的智驾怎么样,桶哥尽量天天说,2026-09-20 16:20:10,11368,131,1,和华为同样是世界大模型蔚来的智驾怎么样,42051307741,599.54600,1,25,16777215,2026-09-20 21:01:06,1789909266,0,e5f0c6e,2204677735556385792,这就很迷惑了
BV1bveq6CEZR,117302385249054,和华为同样是世界大模型蔚来的智驾怎么样,桶哥尽量天天说,2026-09-20 16:20:10,11368,131,1,和华为同样是世界大模型蔚来的智驾怎么样,42051307741,52.30900,1,25,16777215,2026-09-20 19:13:18,1789902798,0,22694549,2204623477166736896,所以蔚来芯片带宽特别高
BV1bveq6CEZR,117302385249054,和华为同样是世界大模型蔚来的智驾怎么样,桶哥尽量天天说,2026-09-20 16:20:10,11368,131,1,和华为同样是世界大模型蔚来的智驾怎么样,42051307741,15.40000,1,25,16777215,2026-09-20 17:20:02,1789896002,0,ed8ebf1c,2204566471819740416,蔚来是世界模型加上闭环强化学习
BV1bveq6CEZR,117302385249054,和华为同样是世界大模型蔚来的智驾怎么样,桶哥尽量天天说,2026-09-20 16:20:10,11368,131,1,和华为同样是世界大模型蔚来的智驾怎么样,42051307741,40.88000,1,25,16777215,2026-09-20 16:41:37,1789893697,0,c11e8d9f,2204547130759156224,华为的也是预知的生成模型 而且通过we把训练结果ota
BV1bveq6CEZR,117302385249054,和华为同样是世界大模型蔚来的智驾怎么样,桶哥尽量天天说,2026-09-20 16:20:10,11368,131,1,和华为同样是世界大模型蔚来的智驾怎么样,42051307741,4.50000,1,25,16777215,2026-09-20 16:40:32,1789893632,0,c11e8d9f,2204546586053356032,华为是完全融合的世界大模型。wa  蔚来那个叫VA/VLA+世界大模型
BV1LV411M7zb,402967871,蔚来车机的辅助驾驶功能如何设置使用,定哥聊电车,2023-07-03 15:31:46,11355,10,1,蔚来车机的辅助驾驶功能如何设置使用,1183563792,374.74800,1,25,16777215,2024-01-21 23:35:52,1705851352,0,d57fbf97,1499548849327705600,我也是用自动激活。好用。能量回收调到极低。
BV1LV411M7zb,402967871,蔚来车机的辅助驾驶功能如何设置使用,定哥聊电车,2023-07-03 15:31:46,11355,10,1,蔚来车机的辅助驾驶功能如何设置使用,1183563792,235.51900,1,25,16777215,2024-04-10 23:05:59,1712761559,0,687596a0,1557515864180346880,蔚来的车有很多盲点，压根不报警的
BV1LV411M7zb,402967871,蔚来车机的辅助驾驶功能如何设置使用,定哥聊电车,2023-07-03 15:31:46,11355,10,1,蔚来车机的辅助驾驶功能如何设置使用,1183563792,246.01500,1,25,16777215,2023-12-31 10:18:17,1703989097,0,6acc6b8a,1483927121515784192,这是哪个175码撞上去事件之后加的吗
BV1LV411M7zb,402967871,蔚来车机的辅助驾驶功能如何设置使用,定哥聊电车,2023-07-03 15:31:46,11355,10,1,蔚来车机的辅助驾驶功能如何设置使用,1183563792,367.36900,1,25,16777215,2023-07-25 21:36:58,1690292218,0,f9fa71d0,1369029369313495040,讲的很细拉 投币支持
BV1LV411M7zb,402967871,蔚来车机的辅助驾驶功能如何设置使用,定哥聊电车,2023-07-03 15:31:46,11355,10,1,蔚来车机的辅助驾驶功能如何设置使用,1183563792,357.07800,1,25,16777215,2023-07-10 17:04:04,1688979844,0,651d3a50,1358020382447329792,这个和奔驰一样，改自动就是和宝马一样了
BV1LV411M7zb,402967871,蔚来车机的辅助驾驶功能如何设置使用,定哥聊电车,2023-07-03 15:31:46,11355,10,1,蔚来车机的辅助驾驶功能如何设置使用,1183563792,222.80200,1,25,16777215,2023-07-03 16:33:41,1688373221,0,7412136b,1352931657640288512,关了nop+也不能用的
BV1C5DjByEQq,116368347241827,3 代蔚来 ES8 世界模型智驾实测。,换电小豹子,2026-04-08 17:27:34,11321,66,1,3 代蔚来 ES8 世界模型智驾实测。,37334812883,182.93400,1,25,16777215,2026-04-08 19:52:39,1775649159,0,740c929,2085055284572893440,这个路况咋开66？
BV1C5DjByEQq,116368347241827,3 代蔚来 ES8 世界模型智驾实测。,换电小豹子,2026-04-08 17:27:34,11321,66,1,3 代蔚来 ES8 世界模型智驾实测。,37334812883,6.94100,1,25,16777215,2026-09-24 09:09:15,1790212155,0,6b18eb44,2207218555152538368,感谢
BV1C5DjByEQq,116368347241827,3 代蔚来 ES8 世界模型智驾实测。,换电小豹子,2026-04-08 17:27:34,11321,66,1,3 代蔚来 ES8 世界模型智驾实测。,37334812883,134.28600,1,25,16777215,2026-09-06 15:10:39,1788678639,0,d5809316,2194354486473694208,有啊 我的有
BV1C5DjByEQq,116368347241827,3 代蔚来 ES8 世界模型智驾实测。,换电小豹子,2026-04-08 17:27:34,11321,66,1,3 代蔚来 ES8 世界模型智驾实测。,37334812883,79.67800,1,25,16777215,2026-08-30 22:31:53,1788100313,0,1f04e38e,2189503134962238208,…..
BV1C5DjByEQq,116368347241827,3 代蔚来 ES8 世界模型智驾实测。,换电小豹子,2026-04-08 17:27:34,11321,66,1,3 代蔚来 ES8 世界模型智驾实测。,37334812883,264.10700,1,25,16777215,2026-08-17 14:19:01,1786947541,0,574c202f,2179832984285784064,这也太弱了吧
BV1C5DjByEQq,116368347241827,3 代蔚来 ES8 世界模型智驾实测。,换电小豹子,2026-04-08 17:27:34,11321,66,1,3 代蔚来 ES8 世界模型智驾实测。,37334812883,112.16300,1,25,16777215,2026-08-07 11:37:49,1786073869,0,a4978edd,2172504090368705280,什么叫端到端？不该是车位到车位吗
BV1C5DjByEQq,116368347241827,3 代蔚来 ES8 世界模型智驾实测。,换电小豹子,2026-04-08 17:27:34,11321,66,1,3 代蔚来 ES8 世界模型智驾实测。,37334812883,100.52900,1,25,16777215,2026-07-15 22:15:32,1784124932,0,71bfbff6,2156155223436216320,这个叫车位到车位，端到端是指智驾大模型的技术架构。很多人都以为端到端是车位到车位。
BV1C5DjByEQq,116368347241827,3 代蔚来 ES8 世界模型智驾实测。,换电小豹子,2026-04-08 17:27:34,11321,66,1,3 代蔚来 ES8 世界模型智驾实测。,37334812883,281.89300,1,25,16777215,2026-06-29 14:25:21,1782714321,0,65904801,2144322163401494528,hud没开摄像头投放不舒服
BV1C5DjByEQq,116368347241827,3 代蔚来 ES8 世界模型智驾实测。,换电小豹子,2026-04-08 17:27:34,11321,66,1,3 代蔚来 ES8 世界模型智驾实测。,37334812883,202.11800,1,25,16777215,2026-06-29 14:23:31,1782714211,0,65904801,2144321242399356160,脚踩电门就好
BV1C5DjByEQq,116368347241827,3 代蔚来 ES8 世界模型智驾实测。,换电小豹子,2026-04-08 17:27:34,11321,66,1,3 代蔚来 ES8 世界模型智驾实测。,37334812883,302.40300,1,25,16777215,2026-06-23 20:50:28,1782219028,0,45115fa6,2140167342767372544,调的比较保守了
BV1C5DjByEQq,116368347241827,3 代蔚来 ES8 世界模型智驾实测。,换电小豹子,2026-04-08 17:27:34,11321,66,1,3 代蔚来 ES8 世界模型智驾实测。,37334812883,632.73400,1,25,16777215,2026-06-19 14:14:09,1781849649,0,8669dcb3,2137068763727031040,这就不行了
BV1C5DjByEQq,116368347241827,3 代蔚来 ES8 世界模型智驾实测。,换电小豹子,2026-04-08 17:27:34,11321,66,1,3 代蔚来 ES8 世界模型智驾实测。,37334812883,150.80800,1,25,16777215,2026-06-07 19:14:58,1780830898,0,935014e8,2128522865786775808,这样的智驾好意思收钱吗？
BV1C5DjByEQq,116368347241827,3 代蔚来 ES8 世界模型智驾实测。,换电小豹子,2026-04-08 17:27:34,11321,66,1,3 代蔚来 ES8 世界模型智驾实测。,37334812883,93.69200,1,25,16777215,2026-06-05 23:12:01,1780672321,0,ff5c0099,2127192623818185472,蔚来的智驾就是一坨
BV1C5DjByEQq,116368347241827,3 代蔚来 ES8 世界模型智驾实测。,换电小豹子,2026-04-08 17:27:34,11321,66,1,3 代蔚来 ES8 世界模型智驾实测。,37334812883,26.03700,1,25,16777215,2026-06-01 12:48:21,1780289301,0,850cf929,2123979621774343424,嗯？
BV1C5DjByEQq,116368347241827,3 代蔚来 ES8 世界模型智驾实测。,换电小豹子,2026-04-08 17:27:34,11321,66,1,3 代蔚来 ES8 世界模型智驾实测。,37334812883,116.15100,1,25,16777215,2026-05-10 20:00:53,1778414453,0,72e57c94,2108252254300925952,应该是不能车位到车位
BV1C5DjByEQq,116368347241827,3 代蔚来 ES8 世界模型智驾实测。,换电小豹子,2026-04-08 17:27:34,11321,66,1,3 代蔚来 ES8 世界模型智驾实测。,37334812883,189.25700,5,25,16777215,2026-04-29 05:38:23,1777412303,0,250a56ed,2099845608805797120,这怎么开66？想出事儿呗
BV1C5DjByEQq,116368347241827,3 代蔚来 ES8 世界模型智驾实测。,换电小豹子,2026-04-08 17:27:34,11321,66,1,3 代蔚来 ES8 世界模型智驾实测。,37334812883,268.75500,1,25,16777215,2026-04-25 00:31:30,1777048290,0,3c31111,2096792052481912064,没有
BV1C5DjByEQq,116368347241827,3 代蔚来 ES8 世界模型智驾实测。,换电小豹子,2026-04-08 17:27:34,11321,66,1,3 代蔚来 ES8 世界模型智驾实测。,37334812883,547.78200,1,25,16777215,2026-04-24 21:06:17,1777035977,0,4fd5783a,2096688757905893888,差的远
BV1C5DjByEQq,116368347241827,3 代蔚来 ES8 世界模型智驾实测。,换电小豹子,2026-04-08 17:27:34,11321,66,1,3 代蔚来 ES8 世界模型智驾实测。,37334812883,522.70300,1,25,16777215,2026-04-24 21:05:44,1777035944,0,4fd5783a,2096688480889097728,总之，就是不太行
BV1C5DjByEQq,116368347241827,3 代蔚来 ES8 世界模型智驾实测。,换电小豹子,2026-04-08 17:27:34,11321,66,1,3 代蔚来 ES8 世界模型智驾实测。,37334812883,523.00300,1,25,16777215,2026-04-17 01:28:38,1776360518,0,17be26dd,2091022600221536512,毕竟广园大舞台，没胆你别来，这操作也没毛病，狗头~
BV1C5DjByEQq,116368347241827,3 代蔚来 ES8 世界模型智驾实测。,换电小豹子,2026-04-08 17:27:34,11321,66,1,3 代蔚来 ES8 世界模型智驾实测。,37334812883,81.67100,1,25,16777215,2026-04-14 14:09:16,1776146956,0,9e22d944,2089231115046663680,你就开一段把。。。
BV1C5DjByEQq,116368347241827,3 代蔚来 ES8 世界模型智驾实测。,换电小豹子,2026-04-08 17:27:34,11321,66,1,3 代蔚来 ES8 世界模型智驾实测。,37334812883,191.39600,1,25,16777215,2026-04-11 04:14:24,1775852064,0,6f87f598,2086757379743714048,蔚来的智驾安全是第一要素  一点点不确定算法都不会快
BV1C5DjByEQq,116368347241827,3 代蔚来 ES8 世界模型智驾实测。,换电小豹子,2026-04-08 17:27:34,11321,66,1,3 代蔚来 ES8 世界模型智驾实测。,37334812883,103.71600,1,25,16777215,2026-04-10 21:02:54,1775826174,0,85af9793,2086540201006265856,?这和端到端有什么关系，端到端是一个架构，
BV1C5DjByEQq,116368347241827,3 代蔚来 ES8 世界模型智驾实测。,换电小豹子,2026-04-08 17:27:34,11321,66,1,3 代蔚来 ES8 世界模型智驾实测。,37334812883,99.12700,1,25,16777215,2026-04-10 21:02:29,1775826149,0,85af9793,2086539984513078528,这算啥翻车…没上主干道
BV1C5DjByEQq,116368347241827,3 代蔚来 ES8 世界模型智驾实测。,换电小豹子,2026-04-08 17:27:34,11321,66,1,3 代蔚来 ES8 世界模型智驾实测。,37334812883,259.47100,1,25,16777215,2026-04-10 14:13:49,1775801629,0,cf5b00da,2086334297949833984,问界和理想有没有人机共驾这么一说
BV1C5DjByEQq,116368347241827,3 代蔚来 ES8 世界模型智驾实测。,换电小豹子,2026-04-08 17:27:34,11321,66,1,3 代蔚来 ES8 世界模型智驾实测。,37334812883,505.85800,1,25,16777215,2026-04-10 01:45:27,1775756727,0,13b45a5c,2085957632514667008,瞎 jb 接管，他自己会减速汇入的
BV1C5DjByEQq,116368347241827,3 代蔚来 ES8 世界模型智驾实测。,换电小豹子,2026-04-08 17:27:34,11321,66,1,3 代蔚来 ES8 世界模型智驾实测。,37334812883,179.04600,1,25,16777215,2026-04-10 01:40:10,1775756410,0,13b45a5c,2085954974735199232,你在逗我吗？这个路况你说不怎么加速啊，你准备加到哪里去啊？开理想的就喜欢乱开车，是吗
BV1C5DjByEQq,116368347241827,3 代蔚来 ES8 世界模型智驾实测。,换电小豹子,2026-04-08 17:27:34,11321,66,1,3 代蔚来 ES8 世界模型智驾实测。,37334812883,652.52200,1,25,16777215,2026-04-09 16:43:43,1775724223,0,c1a952eb,2085684966179702528,蔚来AD是最大的短板
BV1C5DjByEQq,116368347241827,3 代蔚来 ES8 世界模型智驾实测。,换电小豹子,2026-04-08 17:27:34,11321,66,1,3 代蔚来 ES8 世界模型智驾实测。,37334812883,632.22300,1,25,16777215,2026-04-08 23:59:40,1775663980,0,127fb0ef,2085179619187407360,666
BV1C5DjByEQq,116368347241827,3 代蔚来 ES8 世界模型智驾实测。,换电小豹子,2026-04-08 17:27:34,11321,66,1,3 代蔚来 ES8 世界模型智驾实测。,37334812883,568.86800,1,25,16777215,2026-04-08 22:41:16,1775659276,0,d3b923b2,2085140155223939072,都要出岔道了，还超车？
BV1C5DjByEQq,116368347241827,3 代蔚来 ES8 世界模型智驾实测。,换电小豹子,2026-04-08 17:27:34,11321,66,1,3 代蔚来 ES8 世界模型智驾实测。,37334812883,622.28400,1,25,16777215,2026-04-08 19:41:08,1775648468,0,a18b1d6c,2085049494839782912,666
BV1C5DjByEQq,116368347241827,3 代蔚来 ES8 世界模型智驾实测。,换电小豹子,2026-04-08 17:27:34,11321,66,1,3 代蔚来 ES8 世界模型智驾实测。,37334812883,534.44000,1,25,16777215,2026-04-08 19:39:25,1775648365,0,a18b1d6c,2085048629001386496,看来还是只能高速用
BV1C5DjByEQq,116368347241827,3 代蔚来 ES8 世界模型智驾实测。,换电小豹子,2026-04-08 17:27:34,11321,66,1,3 代蔚来 ES8 世界模型智驾实测。,37334812883,629.50000,1,25,16777215,2026-04-08 19:35:49,1775648149,0,59948f17,2085046817833577472,。。。。
BV1C5DjByEQq,116368347241827,3 代蔚来 ES8 世界模型智驾实测。,换电小豹子,2026-04-08 17:27:34,11321,66,1,3 代蔚来 ES8 世界模型智驾实测。,37334812883,235.28200,1,25,16777215,2026-04-08 19:34:20,1775648060,0,a18b1d6c,2085046068110490368,这都多少年了一直有这个问题
BV1C5DjByEQq,116368347241827,3 代蔚来 ES8 世界模型智驾实测。,换电小豹子,2026-04-08 17:27:34,11321,66,1,3 代蔚来 ES8 世界模型智驾实测。,37334812883,93.02900,1,25,16777215,2026-04-08 19:31:49,1775647909,0,a18b1d6c,2085044803217144320,翻车了
BV1C5DjByEQq,116368347241827,3 代蔚来 ES8 世界模型智驾实测。,换电小豹子,2026-04-08 17:27:34,11321,66,1,3 代蔚来 ES8 世界模型智驾实测。,37334812883,563.28300,1,25,16777215,2026-04-08 17:41:27,1775641287,0,b5feb526,2084989248846511104,就走到最右侧车道，然后慢慢跟车，不做超车动作，这点确实效率有点低
BV1C5DjByEQq,116368347241827,3 代蔚来 ES8 世界模型智驾实测。,换电小豹子,2026-04-08 17:27:34,11321,66,1,3 代蔚来 ES8 世界模型智驾实测。,37334812883,560.96400,1,25,16777215,2026-04-08 17:40:42,1775641242,0,b5feb526,2084988871778709504,但凡要右拐或者下匝道，他会提前1km
BV1nRhE6TEbK,117314380957709,挑战全程电车穿越河西走廊！结果和我想的完全不一样……,所长Wy,2026-09-23 11:00:00,487436,808,1,挑战全程电车穿越河西走廊！结果和我想的完全不一样……,42110748198,6.61400,5,25,15772458,2026-09-23 21:28:30,1790170110,0,762408ab,2206865852253736960,我来cos张骞吗
BV1nRhE6TEbK,117314380957709,挑战全程电车穿越河西走廊！结果和我想的完全不一样……,所长Wy,2026-09-23 11:00:00,487436,808,1,挑战全程电车穿越河西走廊！结果和我想的完全不一样……,42110748198,2.70000,5,25,15138835,2026-09-23 21:37:14,1790170634,0,bdb0f31d,2206870252086959616,是第40个千年吗？
BV1nRhE6TEbK,117314380957709,挑战全程电车穿越河西走廊！结果和我想的完全不一样……,所长Wy,2026-09-23 11:00:00,487436,808,1,挑战全程电车穿越河西走廊！结果和我想的完全不一样……,42110748198,0.91900,5,25,16777215,2026-09-23 15:48:52,1790149732,0,5cfa8ad1,2206694912387302656,往事越千年！
BV1nRhE6TEbK,117314380957709,挑战全程电车穿越河西走廊！结果和我想的完全不一样……,所长Wy,2026-09-23 11:00:00,487436,808,1,挑战全程电车穿越河西走廊！结果和我想的完全不一样……,42110748198,2.31300,1,25,16777215,2026-09-23 13:46:09,1790142369,0,1ae27f74,2206633142629625600,孙一峰？
BV1nRhE6TEbK,117314380957709,挑战全程电车穿越河西走廊！结果和我想的完全不一样……,所长Wy,2026-09-23 11:00:00,487436,808,1,挑战全程电车穿越河西走廊！结果和我想的完全不一样……,42110748198,47.99800,5,25,15138834,2026-09-24 18:59:15,1790247555,0,871411dd,2207515512630675968,张骞:我当时要是有这个东西别说西域，欧洲我都给他开了
BV1nRhE6TEbK,117314380957709,挑战全程电车穿越河西走廊！结果和我想的完全不一样……,所长Wy,2026-09-23 11:00:00,487436,808,1,挑战全程电车穿越河西走廊！结果和我想的完全不一样……,42110748198,0.42000,1,25,16777215,2026-09-24 17:41:12,1790242872,0,dee7ea79,2207476223268085504,我为什么要穿越
BV1nRhE6TEbK,117314380957709,挑战全程电车穿越河西走廊！结果和我想的完全不一样……,所长Wy,2026-09-23 11:00:00,487436,808,1,挑战全程电车穿越河西走廊！结果和我想的完全不一样……,42110748198,8.74800,5,25,15772458,2026-09-24 15:24:41,1790234681,0,96e1d3f1,2207407510670232576,我跟张骞都姓张哦
BV1nRhE6TEbK,117314380957709,挑战全程电车穿越河西走廊！结果和我想的完全不一样……,所长Wy,2026-09-23 11:00:00,487436,808,1,挑战全程电车穿越河西走廊！结果和我想的完全不一样……,42110748198,9.23700,1,25,16777215,2026-09-25 02:44:36,1790275476,0,e0435b86,2207749725862946816,我是甘肃人
BV1nRhE6TEbK,117314380957709,挑战全程电车穿越河西走廊！结果和我想的完全不一样……,所长Wy,2026-09-23 11:00:00,487436,808,1,挑战全程电车穿越河西走廊！结果和我想的完全不一样……,42110748198,9.73500,1,25,16777215,2026-09-24 18:39:44,1790246384,0,46e79fb,2207505684118205696,我就在甘肃
BV1nRhE6TEbK,117314380957709,挑战全程电车穿越河西走廊！结果和我想的完全不一样……,所长Wy,2026-09-23 11:00:00,487436,808,1,挑战全程电车穿越河西走廊！结果和我想的完全不一样……,42110748198,2.58000,5,25,15138834,2026-09-24 14:32:30,1790231550,0,e6cc512c,2207381247146945792,bin哥
BV1nRhE6TEbK,117314380957709,挑战全程电车穿越河西走廊！结果和我想的完全不一样……,所长Wy,2026-09-23 11:00:00,487436,808,1,挑战全程电车穿越河西走廊！结果和我想的完全不一样……,42110748198,12.64000,1,25,15138835,2026-09-23 22:09:23,1790172563,0,4aadab8d,2206886429006150912,我吗？
BV1nRhE6TEbK,117314380957709,挑战全程电车穿越河西走廊！结果和我想的完全不一样……,所长Wy,2026-09-23 11:00:00,487436,808,1,挑战全程电车穿越河西走廊！结果和我想的完全不一样……,42110748198,31.13200,1,25,16777215,2026-09-23 19:40:06,1790163606,0,c5e7cf98,2206811294181924352,嚯 燕云的配乐
BV1nRhE6TEbK,117314380957709,挑战全程电车穿越河西走廊！结果和我想的完全不一样……,所长Wy,2026-09-23 11:00:00,487436,808,1,挑战全程电车穿越河西走廊！结果和我想的完全不一样……,42110748198,13.59100,5,25,16777215,2026-09-23 19:14:57,1790162097,0,693defb7,2206798636015949056,西域在欧洲
BV1nRhE6TEbK,117314380957709,挑战全程电车穿越河西走廊！结果和我想的完全不一样……,所长Wy,2026-09-23 11:00:00,487436,808,1,挑战全程电车穿越河西走廊！结果和我想的完全不一样……,42110748198,12.95900,1,25,16777215,2026-09-23 19:11:53,1790161913,0,9fcdfc7b,2206797092108797440,张骞也不是一个人，骆驼队很庞大的
BV1nRhE6TEbK,117314380957709,挑战全程电车穿越河西走廊！结果和我想的完全不一样……,所长Wy,2026-09-23 11:00:00,487436,808,1,挑战全程电车穿越河西走廊！结果和我想的完全不一样……,42110748198,137.98000,1,25,16777215,2026-09-23 18:42:01,1790160121,0,dd8bae02,2206782057248922624,看地理要结合历史，学历史要结合地理。
BV1nRhE6TEbK,117314380957709,挑战全程电车穿越河西走廊！结果和我想的完全不一样……,所长Wy,2026-09-23 11:00:00,487436,808,1,挑战全程电车穿越河西走廊！结果和我想的完全不一样……,42110748198,6.55800,5,25,16777215,2026-09-23 18:13:40,1790158420,0,12bf2376,2206767790206749184,我吗？
BV1nRhE6TEbK,117314380957709,挑战全程电车穿越河西走廊！结果和我想的完全不一样……,所长Wy,2026-09-23 11:00:00,487436,808,1,挑战全程电车穿越河西走廊！结果和我想的完全不一样……,42110748198,4.86400,1,25,16777215,2026-09-23 14:10:30,1790143830,0,744fdc78,2206645398536780032,汉使？
BV1nRhE6TEbK,117314380957709,挑战全程电车穿越河西走廊！结果和我想的完全不一样……,所长Wy,2026-09-23 11:00:00,487436,808,1,挑战全程电车穿越河西走廊！结果和我想的完全不一样……,42110748198,709.48100,1,25,16777215,2026-09-28 20:35:11,1790598911,0,c21978df,2210462898294440704,我去  全是燕云十六声的配乐啊
BV1nRhE6TEbK,117314380957709,挑战全程电车穿越河西走廊！结果和我想的完全不一样……,所长Wy,2026-09-23 11:00:00,487436,808,1,挑战全程电车穿越河西走廊！结果和我想的完全不一样……,42110748198,338.00000,1,25,16777215,2026-09-28 20:28:32,1790598512,3,c21978df,2210459553244546304,5
BV1nRhE6TEbK,117314380957709,挑战全程电车穿越河西走廊！结果和我想的完全不一样……,所长Wy,2026-09-23 11:00:00,487436,808,1,挑战全程电车穿越河西走廊！结果和我想的完全不一样……,42110748198,24.95900,1,25,16777215,2026-09-28 19:44:48,1790595888,0,53205055,2210437535464061952,十几年能去西欧了，西域被人为放到国内了，人满为患
BV1nRhE6TEbK,117314380957709,挑战全程电车穿越河西走廊！结果和我想的完全不一样……,所长Wy,2026-09-23 11:00:00,487436,808,1,挑战全程电车穿越河西走廊！结果和我想的完全不一样……,42110748198,22.47400,1,25,16777215,2026-09-28 19:32:40,1790595160,0,b74fbebb,2210431432667840768,5
BV1nRhE6TEbK,117314380957709,挑战全程电车穿越河西走廊！结果和我想的完全不一样……,所长Wy,2026-09-23 11:00:00,487436,808,1,挑战全程电车穿越河西走廊！结果和我想的完全不一样……,42110748198,4.43500,1,25,16777215,2026-09-28 18:46:07,1790592367,0,2535835a,2210407997925506304,移动的感染源
BV1nRhE6TEbK,117314380957709,挑战全程电车穿越河西走廊！结果和我想的完全不一样……,所长Wy,2026-09-23 11:00:00,487436,808,1,挑战全程电车穿越河西走廊！结果和我想的完全不一样……,42110748198,244.72400,1,25,16777215,2026-09-28 17:40:36,1790588436,0,af523da3,2210375022768752640,油车：吔
BV1nRhE6TEbK,117314380957709,挑战全程电车穿越河西走廊！结果和我想的完全不一样……,所长Wy,2026-09-23 11:00:00,487436,808,1,挑战全程电车穿越河西走廊！结果和我想的完全不一样……,42110748198,9.14000,1,25,16777215,2026-09-28 17:23:06,1790587386,0,b64145d3,2210366218161027328,我我，我吗
BV1nRhE6TEbK,117314380957709,挑战全程电车穿越河西走廊！结果和我想的完全不一样……,所长Wy,2026-09-23 11:00:00,487436,808,1,挑战全程电车穿越河西走廊！结果和我想的完全不一样……,42110748198,9.35800,1,25,15138834,2026-09-28 17:22:31,1790587351,0,e2f32157,2210365922287090432,汉史？ 我死也要死在你们国家
BV1nRhE6TEbK,117314380957709,挑战全程电车穿越河西走廊！结果和我想的完全不一样……,所长Wy,2026-09-23 11:00:00,487436,808,1,挑战全程电车穿越河西走廊！结果和我想的完全不一样……,42110748198,106.37300,1,25,16777215,2026-09-28 16:58:30,1790585910,0,fa91732d,2210353833497696000,迦陵频
BV1nRhE6TEbK,117314380957709,挑战全程电车穿越河西走廊！结果和我想的完全不一样……,所长Wy,2026-09-23 11:00:00,487436,808,1,挑战全程电车穿越河西走廊！结果和我想的完全不一样……,42110748198,338.00000,1,25,16777215,2026-09-28 14:57:18,1790578638,3,4548afd7,2210292831128528384,5
BV1nRhE6TEbK,117314380957709,挑战全程电车穿越河西走廊！结果和我想的完全不一样……,所长Wy,2026-09-23 11:00:00,487436,808,1,挑战全程电车穿越河西走廊！结果和我想的完全不一样……,42110748198,4.75200,5,25,15138834,2026-09-28 13:46:07,1790574367,0,9ebbbb12,2210257004432876544,我，我吗？
BV1nRhE6TEbK,117314380957709,挑战全程电车穿越河西走廊！结果和我想的完全不一样……,所长Wy,2026-09-23 11:00:00,487436,808,1,挑战全程电车穿越河西走廊！结果和我想的完全不一样……,42110748198,6.36900,1,25,16777215,2026-09-28 13:27:04,1790573224,0,dca3edd8,2210247420213529344,没那么牛逼
BV1nRhE6TEbK,117314380957709,挑战全程电车穿越河西走廊！结果和我想的完全不一样……,所长Wy,2026-09-23 11:00:00,487436,808,1,挑战全程电车穿越河西走廊！结果和我想的完全不一样……,42110748198,5.84900,1,25,16777215,2026-09-28 13:18:30,1790572710,0,50e8929e,2210243108820754432,没科技，就研究历史
BV1nRhE6TEbK,117314380957709,挑战全程电车穿越河西走廊！结果和我想的完全不一样……,所长Wy,2026-09-23 11:00:00,487436,808,1,挑战全程电车穿越河西走廊！结果和我想的完全不一样……,42110748198,24.68200,1,25,16777215,2026-09-28 12:59:18,1790571558,0,96c7bfa4,2210233444725182208,这叫河南走廊
BV1nRhE6TEbK,117314380957709,挑战全程电车穿越河西走廊！结果和我想的完全不一样……,所长Wy,2026-09-23 11:00:00,487436,808,1,挑战全程电车穿越河西走廊！结果和我想的完全不一样……,42110748198,8.13700,5,25,15138834,2026-09-28 12:56:40,1790571400,0,8df7c6d9,2210232119685557760,你说什么他们也听不懂他说什么你也听不懂
BV1nRhE6TEbK,117314380957709,挑战全程电车穿越河西走廊！结果和我想的完全不一样……,所长Wy,2026-09-23 11:00:00,487436,808,1,挑战全程电车穿越河西走廊！结果和我想的完全不一样……,42110748198,244.64500,1,25,16777215,2026-09-28 12:46:00,1790570760,0,865a38c6,2210226746270630144,其实无人羡慕
BV1nRhE6TEbK,117314380957709,挑战全程电车穿越河西走廊！结果和我想的完全不一样……,所长Wy,2026-09-23 11:00:00,487436,808,1,挑战全程电车穿越河西走廊！结果和我想的完全不一样……,42110748198,2.55100,1,25,16777215,2026-09-28 12:42:11,1790570531,0,55ef436e,2210224830060847872,一千年前，1026年北宋，这之后的汉，陈汉吗...
BV1nRhE6TEbK,117314380957709,挑战全程电车穿越河西走廊！结果和我想的完全不一样……,所长Wy,2026-09-23 11:00:00,487436,808,1,挑战全程电车穿越河西走廊！结果和我想的完全不一样……,42110748198,9.84700,5,25,16777215,2026-09-28 12:37:10,1790570230,0,b20d983,2210222299553693952,又在以汉代满了
BV1nRhE6TEbK,117314380957709,挑战全程电车穿越河西走廊！结果和我想的完全不一样……,所长Wy,2026-09-23 11:00:00,487436,808,1,挑战全程电车穿越河西走廊！结果和我想的完全不一样……,42110748198,5.70800,1,25,16777215,2026-09-28 12:35:58,1790570158,0,3f7c5ec0,2210221696479946240,bin大哥？
BV1nRhE6TEbK,117314380957709,挑战全程电车穿越河西走廊！结果和我想的完全不一样……,所长Wy,2026-09-23 11:00:00,487436,808,1,挑战全程电车穿越河西走廊！结果和我想的完全不一样……,42110748198,8.49600,1,25,16777215,2026-09-28 12:30:28,1790569828,0,af6cd37d,2210218934840985600,没这么重要
BV1nRhE6TEbK,117314380957709,挑战全程电车穿越河西走廊！结果和我想的完全不一样……,所长Wy,2026-09-23 11:00:00,487436,808,1,挑战全程电车穿越河西走廊！结果和我想的完全不一样……,42110748198,8.97100,5,25,16777215,2026-09-28 12:27:43,1790569663,0,a15abc0a,2210217548966806784,我配吗？
BV1nRhE6TEbK,117314380957709,挑战全程电车穿越河西走廊！结果和我想的完全不一样……,所长Wy,2026-09-23 11:00:00,487436,808,1,挑战全程电车穿越河西走廊！结果和我想的完全不一样……,42110748198,27.24100,1,25,16777215,2026-09-28 12:16:23,1790568983,3,69a20242,2210211846601626624,5
BV1nRhE6TEbK,117314380957709,挑战全程电车穿越河西走廊！结果和我想的完全不一样……,所长Wy,2026-09-23 11:00:00,487436,808,1,挑战全程电车穿越河西走廊！结果和我想的完全不一样……,42110748198,11.51300,1,25,16777215,2026-09-28 04:50:12,1790542212,0,66ea2f58,2209987274773403648,想去
BV1nRhE6TEbK,117314380957709,挑战全程电车穿越河西走廊！结果和我想的完全不一样……,所长Wy,2026-09-23 11:00:00,487436,808,1,挑战全程电车穿越河西走廊！结果和我想的完全不一样……,42110748198,9.96900,1,25,16777215,2026-09-28 04:48:11,1790542091,3,7f6eae00,2209986260121149696,想去
BV1nRhE6TEbK,117314380957709,挑战全程电车穿越河西走廊！结果和我想的完全不一样……,所长Wy,2026-09-23 11:00:00,487436,808,1,挑战全程电车穿越河西走廊！结果和我想的完全不一样……,42110748198,8.81400,1,25,16777215,2026-09-28 04:46:10,1790541970,3,1155179e,2209985240981410304,去过
BV1nRhE6TEbK,117314380957709,挑战全程电车穿越河西走廊！结果和我想的完全不一样……,所长Wy,2026-09-23 11:00:00,487436,808,1,挑战全程电车穿越河西走廊！结果和我想的完全不一样……,42110748198,7.13400,1,25,16777215,2026-09-28 04:44:09,1790541849,3,23356a70,2209984225448012800,想去
BV1nRhE6TEbK,117314380957709,挑战全程电车穿越河西走廊！结果和我想的完全不一样……,所长Wy,2026-09-23 11:00:00,487436,808,1,挑战全程电车穿越河西走廊！结果和我想的完全不一样……,42110748198,6.24200,1,25,16777215,2026-09-28 04:42:08,1790541728,3,56c3036,2209983208437978624,去过
BV1nRhE6TEbK,117314380957709,挑战全程电车穿越河西走廊！结果和我想的完全不一样……,所长Wy,2026-09-23 11:00:00,487436,808,1,挑战全程电车穿越河西走廊！结果和我想的完全不一样……,42110748198,11.55100,1,25,16777215,2026-09-28 04:40:07,1790541607,0,2edc005e,2209982193500780032,想去
BV1nRhE6TEbK,117314380957709,挑战全程电车穿越河西走廊！结果和我想的完全不一样……,所长Wy,2026-09-23 11:00:00,487436,808,1,挑战全程电车穿越河西走廊！结果和我想的完全不一样……,42110748198,10.94000,1,25,16777215,2026-09-28 04:38:06,1790541486,3,8bfe9366,2209981178923777792,去过
BV1nRhE6TEbK,117314380957709,挑战全程电车穿越河西走廊！结果和我想的完全不一样……,所长Wy,2026-09-23 11:00:00,487436,808,1,挑战全程电车穿越河西走廊！结果和我想的完全不一样……,42110748198,9.38800,1,25,16777215,2026-09-28 04:36:04,1790541364,3,6d7ae34b,2209980156788673792,想去
BV1nRhE6TEbK,117314380957709,挑战全程电车穿越河西走廊！结果和我想的完全不一样……,所长Wy,2026-09-23 11:00:00,487436,808,1,挑战全程电车穿越河西走廊！结果和我想的完全不一样……,42110748198,8.73300,1,25,16777215,2026-09-28 04:34:03,1790541243,3,86052f3a,2209979140500327168,去过
BV1nRhE6TEbK,117314380957709,挑战全程电车穿越河西走廊！结果和我想的完全不一样……,所长Wy,2026-09-23 11:00:00,487436,808,1,挑战全程电车穿越河西走廊！结果和我想的完全不一样……,42110748198,7.80000,1,25,16777215,2026-09-28 04:32:02,1790541122,3,fe0cc4db,2209978125763823616,想去
BV1nRhE6TEbK,117314380957709,挑战全程电车穿越河西走廊！结果和我想的完全不一样……,所长Wy,2026-09-23 11:00:00,487436,808,1,挑战全程电车穿越河西走廊！结果和我想的完全不一样……,42110748198,6.28700,1,25,16777215,2026-09-28 04:30:01,1790541001,3,f0d9eeba,2209977110364607232,去过
BV1nRhE6TEbK,117314380957709,挑战全程电车穿越河西走廊！结果和我想的完全不一样……,所长Wy,2026-09-23 11:00:00,487436,808,1,挑战全程电车穿越河西走廊！结果和我想的完全不一样……,42110748198,9.87300,1,25,16777215,2026-09-28 04:28:00,1790540880,3,91d27e1c,2209976096677210624,想去
BV1nRhE6TEbK,117314380957709,挑战全程电车穿越河西走廊！结果和我想的完全不一样……,所长Wy,2026-09-23 11:00:00,487436,808,1,挑战全程电车穿越河西走廊！结果和我想的完全不一样……,42110748198,8.32700,1,25,16777215,2026-09-28 04:25:58,1790540758,3,1b5545af,2209975077662266112,去过
BV1nRhE6TEbK,117314380957709,挑战全程电车穿越河西走廊！结果和我想的完全不一样……,所长Wy,2026-09-23 11:00:00,487436,808,1,挑战全程电车穿越河西走廊！结果和我想的完全不一样……,42110748198,7.37800,1,25,16777215,2026-09-28 04:23:57,1790540637,3,8785fce3,2209974062691453184,想去
BV1nRhE6TEbK,117314380957709,挑战全程电车穿越河西走廊！结果和我想的完全不一样……,所长Wy,2026-09-23 11:00:00,487436,808,1,挑战全程电车穿越河西走廊！结果和我想的完全不一样……,42110748198,6.39900,1,25,16777215,2026-09-28 04:21:56,1790540516,3,b629954a,2209973046352573696,去过
BV1nRhE6TEbK,117314380957709,挑战全程电车穿越河西走廊！结果和我想的完全不一样……,所长Wy,2026-09-23 11:00:00,487436,808,1,挑战全程电车穿越河西走廊！结果和我想的完全不一样……,42110748198,11.52700,1,25,16777215,2026-09-28 04:19:55,1790540395,0,74327846,2209972031557549568,想去
BV1nRhE6TEbK,117314380957709,挑战全程电车穿越河西走廊！结果和我想的完全不一样……,所长Wy,2026-09-23 11:00:00,487436,808,1,挑战全程电车穿越河西走廊！结果和我想的完全不一样……,42110748198,10.13200,1,25,16777215,2026-09-28 04:17:55,1790540275,3,f0dd03e3,2209971018532182272,去过
BV1nRhE6TEbK,117314380957709,挑战全程电车穿越河西走廊！结果和我想的完全不一样……,所长Wy,2026-09-23 11:00:00,487436,808,1,挑战全程电车穿越河西走廊！结果和我想的完全不一样……,42110748198,9.81600,1,25,16777215,2026-09-28 04:15:53,1790540153,3,f04189b8,2209970002764572928,想去
BV1nRhE6TEbK,117314380957709,挑战全程电车穿越河西走廊！结果和我想的完全不一样……,所长Wy,2026-09-23 11:00:00,487436,808,1,挑战全程电车穿越河西走廊！结果和我想的完全不一样……,42110748198,8.95400,1,25,16777215,2026-09-28 04:13:53,1790540033,3,4f8168dc,2209968988488793088,去过
BV1nRhE6TEbK,117314380957709,挑战全程电车穿越河西走廊！结果和我想的完全不一样……,所长Wy,2026-09-23 11:00:00,487436,808,1,挑战全程电车穿越河西走廊！结果和我想的完全不一样……,42110748198,7.92700,1,25,16777215,2026-09-28 04:11:52,1790539912,3,747807a,2209967974684238848,想去
BV1nRhE6TEbK,117314380957709,挑战全程电车穿越河西走廊！结果和我想的完全不一样……,所长Wy,2026-09-23 11:00:00,487436,808,1,挑战全程电车穿越河西走廊！结果和我想的完全不一样……,42110748198,6.37800,1,25,16777215,2026-09-28 04:09:51,1790539791,3,1ee7908f,2209966961432320512,去过
BV1nRhE6TEbK,117314380957709,挑战全程电车穿越河西走廊！结果和我想的完全不一样……,所长Wy,2026-09-23 11:00:00,487436,808,1,挑战全程电车穿越河西走廊！结果和我想的完全不一样……,42110748198,9.28100,1,25,16777215,2026-09-28 04:07:48,1790539668,3,3838dc7e,2209965933836370432,想去
BV1nRhE6TEbK,117314380957709,挑战全程电车穿越河西走廊！结果和我想的完全不一样……,所长Wy,2026-09-23 11:00:00,487436,808,1,挑战全程电车穿越河西走廊！结果和我想的完全不一样……,42110748198,8.77400,1,25,16777215,2026-09-28 04:05:47,1790539547,3,7738c46d,2209964918068502016,去过
BV1nRhE6TEbK,117314380957709,挑战全程电车穿越河西走廊！结果和我想的完全不一样……,所长Wy,2026-09-23 11:00:00,487436,808,1,挑战全程电车穿越河西走廊！结果和我想的完全不一样……,42110748198,11.37300,1,25,16777215,2026-09-28 03:19:21,1790536761,0,b0ffcc8f,2209941543136340736,想去
BV1nRhE6TEbK,117314380957709,挑战全程电车穿越河西走廊！结果和我想的完全不一样……,所长Wy,2026-09-23 11:00:00,487436,808,1,挑战全程电车穿越河西走廊！结果和我想的完全不一样……,42110748198,11.52900,1,25,16777215,2026-09-28 02:38:48,1790534328,0,f9bea96,2209921135934877184,想去
BV1nRhE6TEbK,117314380957709,挑战全程电车穿越河西走廊！结果和我想的完全不一样……,所长Wy,2026-09-23 11:00:00,487436,808,1,挑战全程电车穿越河西走廊！结果和我想的完全不一样……,42110748198,11.70100,1,25,16777215,2026-09-28 02:18:38,1790533118,0,cd5d5c95,2209910986188964096,想去
BV1nRhE6TEbK,117314380957709,挑战全程电车穿越河西走廊！结果和我想的完全不一样……,所长Wy,2026-09-23 11:00:00,487436,808,1,挑战全程电车穿越河西走廊！结果和我想的完全不一样……,42110748198,11.91700,1,25,16777215,2026-09-28 01:58:22,1790531902,0,f63c2760,2209900784769163776,想去
BV1nRhE6TEbK,117314380957709,挑战全程电车穿越河西走廊！结果和我想的完全不一样……,所长Wy,2026-09-23 11:00:00,487436,808,1,挑战全程电车穿越河西走廊！结果和我想的完全不一样……,42110748198,11.42900,1,25,16777215,2026-09-28 01:38:12,1790530692,0,1c4239f5,2209890638513372160,想去
BV1nRhE6TEbK,117314380957709,挑战全程电车穿越河西走廊！结果和我想的完全不一样……,所长Wy,2026-09-23 11:00:00,487436,808,1,挑战全程电车穿越河西走廊！结果和我想的完全不一样……,42110748198,11.57600,1,25,16777215,2026-09-28 01:18:02,1790529482,0,5ade5545,2209880486929662464,想去
BV1nRhE6TEbK,117314380957709,挑战全程电车穿越河西走廊！结果和我想的完全不一样……,所长Wy,2026-09-23 11:00:00,487436,808,1,挑战全程电车穿越河西走廊！结果和我想的完全不一样……,42110748198,11.94300,1,25,16777215,2026-09-28 00:57:43,1790528263,0,5aa38e04,2209870260797588224,想去
BV1nRhE6TEbK,117314380957709,挑战全程电车穿越河西走廊！结果和我想的完全不一样……,所长Wy,2026-09-23 11:00:00,487436,808,1,挑战全程电车穿越河西走廊！结果和我想的完全不一样……,42110748198,11.52700,1,25,16777215,2026-09-27 23:56:39,1790524599,0,a55ac625,2209839525877371136,想去
BV1nRhE6TEbK,117314380957709,挑战全程电车穿越河西走廊！结果和我想的完全不一样……,所长Wy,2026-09-23 11:00:00,487436,808,1,挑战全程电车穿越河西走廊！结果和我想的完全不一样……,42110748198,11.41200,1,25,16777215,2026-09-27 23:17:50,1790522270,0,5c7c3769,2209819987995768576,想去
BV1nRhE6TEbK,117314380957709,挑战全程电车穿越河西走廊！结果和我想的完全不一样……,所长Wy,2026-09-23 11:00:00,487436,808,1,挑战全程电车穿越河西走廊！结果和我想的完全不一样……,42110748198,11.93300,1,25,16777215,2026-09-27 22:36:55,1790519815,0,4f8168dc,2209799387914496768,想去
BV1nRhE6TEbK,117314380957709,挑战全程电车穿越河西走廊！结果和我想的完全不一样……,所长Wy,2026-09-23 11:00:00,487436,808,1,挑战全程电车穿越河西走廊！结果和我想的完全不一样……,42110748198,11.47900,1,25,16777215,2026-09-27 20:24:06,1790511846,0,7d7448b0,2209732540741502976,想去
BV1nRhE6TEbK,117314380957709,挑战全程电车穿越河西走廊！结果和我想的完全不一样……,所长Wy,2026-09-23 11:00:00,487436,808,1,挑战全程电车穿越河西走廊！结果和我想的完全不一样……,42110748198,11.82800,1,25,16777215,2026-09-27 19:22:47,1790508167,0,f182c1bb,2209701683196507648,想去
BV1nRhE6TEbK,117314380957709,挑战全程电车穿越河西走廊！结果和我想的完全不一样……,所长Wy,2026-09-23 11:00:00,487436,808,1,挑战全程电车穿越河西走廊！结果和我想的完全不一样……,42110748198,11.60900,1,25,16777215,2026-09-27 19:04:31,1790507071,0,8fcaca57,2209692483830103808,想去
BV1nRhE6TEbK,117314380957709,挑战全程电车穿越河西走廊！结果和我想的完全不一样……,所长Wy,2026-09-23 11:00:00,487436,808,1,挑战全程电车穿越河西走廊！结果和我想的完全不一样……,42110748198,11.62200,1,25,16777215,2026-09-27 18:23:49,1790504629,0,5d80ba8c,2209671999670904832,想去
BV1nRhE6TEbK,117314380957709,挑战全程电车穿越河西走廊！结果和我想的完全不一样……,所长Wy,2026-09-23 11:00:00,487436,808,1,挑战全程电车穿越河西走廊！结果和我想的完全不一样……,42110748198,11.77500,1,25,16777215,2026-09-27 18:03:31,1790503411,0,43135f03,2209661780593012480,想去
BV1nRhE6TEbK,117314380957709,挑战全程电车穿越河西走廊！结果和我想的完全不一样……,所长Wy,2026-09-23 11:00:00,487436,808,1,挑战全程电车穿越河西走廊！结果和我想的完全不一样……,42110748198,11.80300,1,25,16777215,2026-09-27 17:45:18,1790502318,0,93cee76e,2209652618354261504,想去
BV1nRhE6TEbK,117314380957709,挑战全程电车穿越河西走廊！结果和我想的完全不一样……,所长Wy,2026-09-23 11:00:00,487436,808,1,挑战全程电车穿越河西走廊！结果和我想的完全不一样……,42110748198,11.67900,1,25,16777215,2026-09-27 17:25:04,1790501104,0,2a476eab,2209642434575882752,想去
BV1nRhE6TEbK,117314380957709,挑战全程电车穿越河西走廊！结果和我想的完全不一样……,所长Wy,2026-09-23 11:00:00,487436,808,1,挑战全程电车穿越河西走廊！结果和我想的完全不一样……,42110748198,11.46000,1,25,16777215,2026-09-27 16:24:14,1790497454,0,aea5606a,2209611817432222208,想去
BV1nRhE6TEbK,117314380957709,挑战全程电车穿越河西走廊！结果和我想的完全不一样……,所长Wy,2026-09-23 11:00:00,487436,808,1,挑战全程电车穿越河西走廊！结果和我想的完全不一样……,42110748198,11.57400,1,25,16777215,2026-09-27 16:04:02,1790496242,0,7f6eae00,2209601643316636416,想去
BV1nRhE6TEbK,117314380957709,挑战全程电车穿越河西走廊！结果和我想的完全不一样……,所长Wy,2026-09-23 11:00:00,487436,808,1,挑战全程电车穿越河西走廊！结果和我想的完全不一样……,42110748198,11.52700,1,25,16777215,2026-09-27 15:03:12,1790492592,0,3389a0d8,2209571025769932288,想去
BV1nRhE6TEbK,117314380957709,挑战全程电车穿越河西走廊！结果和我想的完全不一样……,所长Wy,2026-09-23 11:00:00,487436,808,1,挑战全程电车穿越河西走廊！结果和我想的完全不一样……,42110748198,111.92600,1,25,16777215,2026-09-27 14:55:29,1790492129,0,82ebf997,2209567146718166784,我知道 发这种 有蔚来积分的
BV1nRhE6TEbK,117314380957709,挑战全程电车穿越河西走廊！结果和我想的完全不一样……,所长Wy,2026-09-23 11:00:00,487436,808,1,挑战全程电车穿越河西走廊！结果和我想的完全不一样……,42110748198,11.42700,1,25,16777215,2026-09-27 14:43:01,1790491381,0,75a645ce,2209560869657143552,想去
BV1nRhE6TEbK,117314380957709,挑战全程电车穿越河西走廊！结果和我想的完全不一样……,所长Wy,2026-09-23 11:00:00,487436,808,1,挑战全程电车穿越河西走廊！结果和我想的完全不一样……,42110748198,673.08200,1,25,16777215,2026-09-27 11:35:57,1790480157,0,52e6b099,2209466719880456448,升华了
BV1nRhE6TEbK,117314380957709,挑战全程电车穿越河西走廊！结果和我想的完全不一样……,所长Wy,2026-09-23 11:00:00,487436,808,1,挑战全程电车穿越河西走廊！结果和我想的完全不一样……,42110748198,48.77700,1,25,16777215,2026-09-27 11:25:29,1790479529,0,52e6b099,2209461444502991360,没有配乐《河西走廊之梦》？
BV1nRhE6TEbK,117314380957709,挑战全程电车穿越河西走廊！结果和我想的完全不一样……,所长Wy,2026-09-23 11:00:00,487436,808,1,挑战全程电车穿越河西走廊！结果和我想的完全不一样……,42110748198,334.80000,1,25,16777215,2026-09-27 10:08:51,1790474931,3,379d6eec,2209422875260308992,4
BV1nRhE6TEbK,117314380957709,挑战全程电车穿越河西走廊！结果和我想的完全不一样……,所长Wy,2026-09-23 11:00:00,487436,808,1,挑战全程电车穿越河西走廊！结果和我想的完全不一样……,42110748198,11.87400,1,25,16777215,2026-09-27 03:34:34,1790451274,0,a2291577,2209224424585161728,想去
BV1nRhE6TEbK,117314380957709,挑战全程电车穿越河西走廊！结果和我想的完全不一样……,所长Wy,2026-09-23 11:00:00,487436,808,1,挑战全程电车穿越河西走廊！结果和我想的完全不一样……,42110748198,11.67100,1,25,16777215,2026-09-27 02:56:04,1790448964,0,1ee7908f,2209205048863822080,想去
BV1nRhE6TEbK,117314380957709,挑战全程电车穿越河西走廊！结果和我想的完全不一样……,所长Wy,2026-09-23 11:00:00,487436,808,1,挑战全程电车穿越河西走廊！结果和我想的完全不一样……,42110748198,11.90600,1,25,16777215,2026-09-27 02:35:44,1790447744,0,28b9e10f,2209194814544092160,想去
BV1nRhE6TEbK,117314380957709,挑战全程电车穿越河西走廊！结果和我想的完全不一样……,所长Wy,2026-09-23 11:00:00,487436,808,1,挑战全程电车穿越河西走廊！结果和我想的完全不一样……,42110748198,11.79200,1,25,16777215,2026-09-27 02:15:33,1790446533,0,a3cf55a1,2209184656929502464,想去
BV1nRhE6TEbK,117314380957709,挑战全程电车穿越河西走廊！结果和我想的完全不一样……,所长Wy,2026-09-23 11:00:00,487436,808,1,挑战全程电车穿越河西走廊！结果和我想的完全不一样……,42110748198,11.44700,1,25,16777215,2026-09-27 01:55:16,1790445316,0,7a7ba87a,2209174445199924224,想去
BV1nRhE6TEbK,117314380957709,挑战全程电车穿越河西走廊！结果和我想的完全不一样……,所长Wy,2026-09-23 11:00:00,487436,808,1,挑战全程电车穿越河西走廊！结果和我想的完全不一样……,42110748198,11.67300,1,25,16777215,2026-09-27 01:14:54,1790442894,0,5f8300ff,2209154134778212608,想去
BV1nRhE6TEbK,117314380957709,挑战全程电车穿越河西走廊！结果和我想的完全不一样……,所长Wy,2026-09-23 11:00:00,487436,808,1,挑战全程电车穿越河西走廊！结果和我想的完全不一样……,42110748198,11.95300,1,25,16777215,2026-09-27 00:14:11,1790439251,0,15fc35e1,2209123570641678592,想去
BV1nRhE6TEbK,117314380957709,挑战全程电车穿越河西走廊！结果和我想的完全不一样……,所长Wy,2026-09-23 11:00:00,487436,808,1,挑战全程电车穿越河西走廊！结果和我想的完全不一样……,42110748198,11.99300,1,25,16777215,2026-09-26 23:53:58,1790438038,0,5ade5545,2209113396568491264,想去
BV1nRhE6TEbK,117314380957709,挑战全程电车穿越河西走廊！结果和我想的完全不一样……,所长Wy,2026-09-23 11:00:00,487436,808,1,挑战全程电车穿越河西走廊！结果和我想的完全不一样……,42110748198,11.72300,1,25,16777215,2026-09-26 23:33:37,1790436817,0,4d8981fb,2209103152492544256,想去
BV1nRhE6TEbK,117314380957709,挑战全程电车穿越河西走廊！结果和我想的完全不一样……,所长Wy,2026-09-23 11:00:00,487436,808,1,挑战全程电车穿越河西走廊！结果和我想的完全不一样……,42110748198,11.66100,1,25,16777215,2026-09-26 23:13:20,1790435600,0,b9022f72,2209092943841807872,想去
BV1nRhE6TEbK,117314380957709,挑战全程电车穿越河西走廊！结果和我想的完全不一样……,所长Wy,2026-09-23 11:00:00,487436,808,1,挑战全程电车穿越河西走廊！结果和我想的完全不一样……,42110748198,11.72000,1,25,16777215,2026-09-26 22:52:49,1790434369,0,13f1e5d2,2209082621769062656,想去
BV1nRhE6TEbK,117314380957709,挑战全程电车穿越河西走廊！结果和我想的完全不一样……,所长Wy,2026-09-23 11:00:00,487436,808,1,挑战全程电车穿越河西走廊！结果和我想的完全不一样……,42110748198,11.59100,1,25,16777215,2026-09-26 21:54:02,1790430842,0,2f7f70a1,2209053034879717120,想去
BV1nRhE6TEbK,117314380957709,挑战全程电车穿越河西走廊！结果和我想的完全不一样……,所长Wy,2026-09-23 11:00:00,487436,808,1,挑战全程电车穿越河西走廊！结果和我想的完全不一样……,42110748198,11.46500,1,25,16777215,2026-09-26 21:33:33,1790429613,0,ca04f2ac,2209042720742420224,想去
BV1nRhE6TEbK,117314380957709,挑战全程电车穿越河西走廊！结果和我想的完全不一样……,所长Wy,2026-09-23 11:00:00,487436,808,1,挑战全程电车穿越河西走廊！结果和我想的完全不一样……,42110748198,338.81700,1,25,16777215,2026-09-26 21:20:15,1790428815,3,34423ca,2209036025014230272,5
BV1nRhE6TEbK,117314380957709,挑战全程电车穿越河西走廊！结果和我想的完全不一样……,所长Wy,2026-09-23 11:00:00,487436,808,1,挑战全程电车穿越河西走廊！结果和我想的完全不一样……,42110748198,11.79300,1,25,16777215,2026-09-26 21:13:09,1790428389,0,4ccf7e8f,2209032451215957504,想去
BV1nRhE6TEbK,117314380957709,挑战全程电车穿越河西走廊！结果和我想的完全不一样……,所长Wy,2026-09-23 11:00:00,487436,808,1,挑战全程电车穿越河西走廊！结果和我想的完全不一样……,42110748198,28.95700,1,25,16777215,2026-09-25 16:10:41,1790323841,3,1af9bc7a,2208155442474714368,5
BV1nRhE6TEbK,117314380957709,挑战全程电车穿越河西走廊！结果和我想的完全不一样……,所长Wy,2026-09-23 11:00:00,487436,808,1,挑战全程电车穿越河西走廊！结果和我想的完全不一样……,42110748198,24.07900,1,25,16777215,2026-09-25 13:29:20,1790314160,0,6b518ee9,2208074229231225088,5
BV1nRhE6TEbK,117314380957709,挑战全程电车穿越河西走廊！结果和我想的完全不一样……,所长Wy,2026-09-23 11:00:00,487436,808,1,挑战全程电车穿越河西走廊！结果和我想的完全不一样……,42110748198,66.37200,1,25,16777215,2026-09-25 13:13:38,1790313218,3,8c95e782,2208066328705751808,5
BV1nRhE6TEbK,117314380957709,挑战全程电车穿越河西走廊！结果和我想的完全不一样……,所长Wy,2026-09-23 11:00:00,487436,808,1,挑战全程电车穿越河西走廊！结果和我想的完全不一样……,42110748198,25.47200,1,25,16777215,2026-09-25 13:13:12,1790313192,3,8c95e782,2208066110794899456,5
BV1nRhE6TEbK,117314380957709,挑战全程电车穿越河西走廊！结果和我想的完全不一样……,所长Wy,2026-09-23 11:00:00,487436,808,1,挑战全程电车穿越河西走廊！结果和我想的完全不一样……,42110748198,29.87100,1,25,16777215,2026-09-25 12:54:28,1790312068,0,14fab09c,2208056683593881088,5
BV1nRhE6TEbK,117314380957709,挑战全程电车穿越河西走廊！结果和我想的完全不一样……,所长Wy,2026-09-23 11:00:00,487436,808,1,挑战全程电车穿越河西走廊！结果和我想的完全不一样……,42110748198,25.68000,1,25,16777215,2026-09-25 12:20:22,1790310022,3,aea683fb,2208039520778709760,5
BV1nRhE6TEbK,117314380957709,挑战全程电车穿越河西走廊！结果和我想的完全不一样……,所长Wy,2026-09-23 11:00:00,487436,808,1,挑战全程电车穿越河西走廊！结果和我想的完全不一样……,42110748198,336.17400,1,25,16777215,2026-09-25 11:19:00,1790306340,3,e2d6790d,2208008632824753152,5
BV1nRhE6TEbK,117314380957709,挑战全程电车穿越河西走廊！结果和我想的完全不一样……,所长Wy,2026-09-23 11:00:00,487436,808,1,挑战全程电车穿越河西走廊！结果和我想的完全不一样……,42110748198,337.74500,1,25,16777215,2026-09-25 11:15:04,1790306104,3,df9ff144,2208006656284119040,5
BV1nRhE6TEbK,117314380957709,挑战全程电车穿越河西走廊！结果和我想的完全不一样……,所长Wy,2026-09-23 11:00:00,487436,808,1,挑战全程电车穿越河西走廊！结果和我想的完全不一样……,42110748198,62.94800,1,25,16777215,2026-09-25 09:41:43,1790300503,0,77240fa8,2207959668427875840,5
BV1nRhE6TEbK,117314380957709,挑战全程电车穿越河西走廊！结果和我想的完全不一样……,所长Wy,2026-09-23 11:00:00,487436,808,1,挑战全程电车穿越河西走廊！结果和我想的完全不一样……,42110748198,28.08100,1,25,16777215,2026-09-25 09:41:08,1790300468,3,77240fa8,2207959375112074752,5
BV1nRhE6TEbK,117314380957709,挑战全程电车穿越河西走廊！结果和我想的完全不一样……,所长Wy,2026-09-23 11:00:00,487436,808,1,挑战全程电车穿越河西走廊！结果和我想的完全不一样……,42110748198,25.81600,1,25,16777215,2026-09-25 09:25:35,1790299535,3,1e6670d2,2207951552500297472,5
BV1nRhE6TEbK,117314380957709,挑战全程电车穿越河西走廊！结果和我想的完全不一样……,所长Wy,2026-09-23 11:00:00,487436,808,1,挑战全程电车穿越河西走廊！结果和我想的完全不一样……,42110748198,25.81600,1,25,16777215,2026-09-25 09:25:35,1790299535,3,1e6670d2,2207951544891805184,5
BV1nRhE6TEbK,117314380957709,挑战全程电车穿越河西走廊！结果和我想的完全不一样……,所长Wy,2026-09-23 11:00:00,487436,808,1,挑战全程电车穿越河西走廊！结果和我想的完全不一样……,42110748198,29.50900,1,25,16777215,2026-09-25 09:18:59,1790299139,3,cbc961b5,2207948229470681088,5
BV1nRhE6TEbK,117314380957709,挑战全程电车穿越河西走廊！结果和我想的完全不一样……,所长Wy,2026-09-23 11:00:00,487436,808,1,挑战全程电车穿越河西走廊！结果和我想的完全不一样……,42110748198,6.72000,1,25,16777215,2026-09-25 08:51:43,1790297503,0,df9949c6,2207934506705928704,往事越千年，
BV1nRhE6TEbK,117314380957709,挑战全程电车穿越河西走廊！结果和我想的完全不一样……,所长Wy,2026-09-23 11:00:00,487436,808,1,挑战全程电车穿越河西走廊！结果和我想的完全不一样……,42110748198,338.55300,1,25,16777215,2026-09-25 08:38:47,1790296727,3,d5633e61,2207927996348986624,5
BV1nRhE6TEbK,117314380957709,挑战全程电车穿越河西走廊！结果和我想的完全不一样……,所长Wy,2026-09-23 11:00:00,487436,808,1,挑战全程电车穿越河西走廊！结果和我想的完全不一样……,42110748198,36.00100,1,25,16777215,2026-09-25 08:36:14,1790296574,0,242add25,2207926707959728128,5
BV1nRhE6TEbK,117314380957709,挑战全程电车穿越河西走廊！结果和我想的完全不一样……,所长Wy,2026-09-23 11:00:00,487436,808,1,挑战全程电车穿越河西走廊！结果和我想的完全不一样……,42110748198,14.31700,1,25,16777215,2026-09-25 08:31:43,1790296303,0,68e2c620,2207924432726072064,最终不但没死在西域，还回来了
BV1nRhE6TEbK,117314380957709,挑战全程电车穿越河西走廊！结果和我想的完全不一样……,所长Wy,2026-09-23 11:00:00,487436,808,1,挑战全程电车穿越河西走廊！结果和我想的完全不一样……,42110748198,23.70000,1,25,16777215,2026-09-25 07:42:11,1790293331,0,846f1773,2207899506472062464,5
BV1nRhE6TEbK,117314380957709,挑战全程电车穿越河西走廊！结果和我想的完全不一样……,所长Wy,2026-09-23 11:00:00,487436,808,1,挑战全程电车穿越河西走廊！结果和我想的完全不一样……,42110748198,65.74000,1,25,16777215,2026-09-25 07:28:45,1790292525,3,13262007,2207892746252024320,5
BV1nRhE6TEbK,117314380957709,挑战全程电车穿越河西走廊！结果和我想的完全不一样……,所长Wy,2026-09-23 11:00:00,487436,808,1,挑战全程电车穿越河西走廊！结果和我想的完全不一样……,42110748198,27.28800,1,25,16777215,2026-09-25 07:28:25,1790292505,3,13262007,2207892576785608192,5
BV1nRhE6TEbK,117314380957709,挑战全程电车穿越河西走廊！结果和我想的完全不一样……,所长Wy,2026-09-23 11:00:00,487436,808,1,挑战全程电车穿越河西走廊！结果和我想的完全不一样……,42110748198,7.89300,1,25,16777215,2026-09-25 06:02:02,1790287322,0,868a20cf,2207849096952998912,玉门关鬼门关
BV1nRhE6TEbK,117314380957709,挑战全程电车穿越河西走廊！结果和我想的完全不一样……,所长Wy,2026-09-23 11:00:00,487436,808,1,挑战全程电车穿越河西走廊！结果和我想的完全不一样……,42110748198,6.97700,1,25,16777215,2026-09-24 21:24:56,1790256296,0,3bc15537,2207588832268785152,我。。我吗！？？？
BV1nRhE6TEbK,117314380957709,挑战全程电车穿越河西走廊！结果和我想的完全不一样……,所长Wy,2026-09-23 11:00:00,487436,808,1,挑战全程电车穿越河西走廊！结果和我想的完全不一样……,42110748198,22.70400,1,25,16777215,2026-09-24 21:04:53,1790255093,0,19b7df81,2207578742678380288,5
BV1nRhE6TEbK,117314380957709,挑战全程电车穿越河西走廊！结果和我想的完全不一样……,所长Wy,2026-09-23 11:00:00,487436,808,1,挑战全程电车穿越河西走廊！结果和我想的完全不一样……,42110748198,24.64900,1,25,16777215,2026-09-24 20:59:51,1790254791,0,eab43367,2207576212732282112,5
BV1nRhE6TEbK,117314380957709,挑战全程电车穿越河西走廊！结果和我想的完全不一样……,所长Wy,2026-09-23 11:00:00,487436,808,1,挑战全程电车穿越河西走廊！结果和我想的完全不一样……,42110748198,3.47400,1,25,16777215,2026-09-24 20:32:03,1790253123,0,eb0e5976,2207562219737895680,我为什么要匡复汉室
BV1nRhE6TEbK,117314380957709,挑战全程电车穿越河西走廊！结果和我想的完全不一样……,所长Wy,2026-09-23 11:00:00,487436,808,1,挑战全程电车穿越河西走廊！结果和我想的完全不一样……,42110748198,9.43800,1,25,16777215,2026-09-24 20:23:19,1790252599,0,9acbc723,2207557819376119040,我吗？
BV1nRhE6TEbK,117314380957709,挑战全程电车穿越河西走廊！结果和我想的完全不一样……,所长Wy,2026-09-23 11:00:00,487436,808,1,挑战全程电车穿越河西走廊！结果和我想的完全不一样……,42110748198,24.04400,1,25,16777215,2026-09-24 20:18:33,1790252313,0,3946146f,2207555422699926272,5
BV1nRhE6TEbK,117314380957709,挑战全程电车穿越河西走廊！结果和我想的完全不一样……,所长Wy,2026-09-23 11:00:00,487436,808,1,挑战全程电车穿越河西走廊！结果和我想的完全不一样……,42110748198,29.68700,1,25,16777215,2026-09-24 19:59:01,1790251141,3,318d56bb,2207545588106105344,5
BV1nRhE6TEbK,117314380957709,挑战全程电车穿越河西走廊！结果和我想的完全不一样……,所长Wy,2026-09-23 11:00:00,487436,808,1,挑战全程电车穿越河西走廊！结果和我想的完全不一样……,42110748198,23.76600,1,25,16777215,2026-09-24 19:57:28,1790251048,0,ca40f915,2207544812973214720,5
BV1nRhE6TEbK,117314380957709,挑战全程电车穿越河西走廊！结果和我想的完全不一样……,所长Wy,2026-09-23 11:00:00,487436,808,1,挑战全程电车穿越河西走廊！结果和我想的完全不一样……,42110748198,22.56400,1,25,16777215,2026-09-24 19:56:11,1790250971,0,65f2a3a9,2207544162453889024,5
BV1nRhE6TEbK,117314380957709,挑战全程电车穿越河西走廊！结果和我想的完全不一样……,所长Wy,2026-09-23 11:00:00,487436,808,1,挑战全程电车穿越河西走廊！结果和我想的完全不一样……,42110748198,65.01700,1,25,16777215,2026-09-24 19:48:36,1790250516,3,49e2d6d2,2207540344538207232,5
BV1nRhE6TEbK,117314380957709,挑战全程电车穿越河西走廊！结果和我想的完全不一样……,所长Wy,2026-09-23 11:00:00,487436,808,1,挑战全程电车穿越河西走廊！结果和我想的完全不一样……,42110748198,339.45500,1,25,16777215,2026-09-24 19:42:02,1790250122,3,d7c6f7e0,2207537040667916544,5
BV1nRhE6TEbK,117314380957709,挑战全程电车穿越河西走廊！结果和我想的完全不一样……,所长Wy,2026-09-23 11:00:00,487436,808,1,挑战全程电车穿越河西走廊！结果和我想的完全不一样……,42110748198,26.33700,1,25,16777215,2026-09-24 19:39:11,1790249951,3,f19cb612,2207535605167693824,5
BV1nRhE6TEbK,117314380957709,挑战全程电车穿越河西走廊！结果和我想的完全不一样……,所长Wy,2026-09-23 11:00:00,487436,808,1,挑战全程电车穿越河西走廊！结果和我想的完全不一样……,42110748198,64.00600,1,25,16777215,2026-09-24 19:29:10,1790249350,3,586f52a9,2207530563026606336,5
BV1nRhE6TEbK,117314380957709,挑战全程电车穿越河西走廊！结果和我想的完全不一样……,所长Wy,2026-09-23 11:00:00,487436,808,1,挑战全程电车穿越河西走廊！结果和我想的完全不一样……,42110748198,69.50600,1,25,16777215,2026-09-24 19:24:07,1790249047,0,fd44fb2b,2207528027435561728,5
BV1nRhE6TEbK,117314380957709,挑战全程电车穿越河西走廊！结果和我想的完全不一样……,所长Wy,2026-09-23 11:00:00,487436,808,1,挑战全程电车穿越河西走廊！结果和我想的完全不一样……,42110748198,26.35700,1,25,16777215,2026-09-24 19:22:27,1790248947,3,2efe8c51,2207527189841510144,5
BV1nRhE6TEbK,117314380957709,挑战全程电车穿越河西走廊！结果和我想的完全不一样……,所长Wy,2026-09-23 11:00:00,487436,808,1,挑战全程电车穿越河西走廊！结果和我想的完全不一样……,42110748198,26.19700,1,25,16777215,2026-09-24 19:22:11,1790248931,3,ba0dc577,2207527048636111616,5
BV1nRhE6TEbK,117314380957709,挑战全程电车穿越河西走廊！结果和我想的完全不一样……,所长Wy,2026-09-23 11:00:00,487436,808,1,挑战全程电车穿越河西走廊！结果和我想的完全不一样……,42110748198,22.79300,1,25,16777215,2026-09-24 19:20:30,1790248830,0,85f9eda0,2207526200539853056,5
BV1nRhE6TEbK,117314380957709,挑战全程电车穿越河西走廊！结果和我想的完全不一样……,所长Wy,2026-09-23 11:00:00,487436,808,1,挑战全程电车穿越河西走廊！结果和我想的完全不一样……,42110748198,338.77200,1,25,16777215,2026-09-24 19:19:02,1790248742,3,de849b1c,2207525465630087936,5
BV1nRhE6TEbK,117314380957709,挑战全程电车穿越河西走廊！结果和我想的完全不一样……,所长Wy,2026-09-23 11:00:00,487436,808,1,挑战全程电车穿越河西走廊！结果和我想的完全不一样……,42110748198,24.52400,1,25,16777215,2026-09-24 19:15:54,1790248554,0,e51fafc1,2207523889930730496,5
BV1nRhE6TEbK,117314380957709,挑战全程电车穿越河西走廊！结果和我想的完全不一样……,所长Wy,2026-09-23 11:00:00,487436,808,1,挑战全程电车穿越河西走廊！结果和我想的完全不一样……,42110748198,65.02400,1,25,16777215,2026-09-24 19:12:54,1790248374,3,9f17b3e3,2207522376827854080,5
BV1nRhE6TEbK,117314380957709,挑战全程电车穿越河西走廊！结果和我想的完全不一样……,所长Wy,2026-09-23 11:00:00,487436,808,1,挑战全程电车穿越河西走廊！结果和我想的完全不一样……,42110748198,62.63000,1,25,16777215,2026-09-24 19:11:28,1790248288,0,4e9149da,2207521662068107264,5
BV1nRhE6TEbK,117314380957709,挑战全程电车穿越河西走廊！结果和我想的完全不一样……,所长Wy,2026-09-23 11:00:00,487436,808,1,挑战全程电车穿越河西走廊！结果和我想的完全不一样……,42110748198,23.93000,1,25,16777215,2026-09-24 19:10:50,1790248250,0,4e9149da,2207521337177372416,5
BV1nRhE6TEbK,117314380957709,挑战全程电车穿越河西走廊！结果和我想的完全不一样……,所长Wy,2026-09-23 11:00:00,487436,808,1,挑战全程电车穿越河西走廊！结果和我想的完全不一样……,42110748198,24.73000,1,25,16777215,2026-09-24 19:09:28,1790248168,0,838ff3f3,2207520651349260544,5
BV1nRhE6TEbK,117314380957709,挑战全程电车穿越河西走廊！结果和我想的完全不一样……,所长Wy,2026-09-23 11:00:00,487436,808,1,挑战全程电车穿越河西走廊！结果和我想的完全不一样……,42110748198,7.39000,1,25,16777215,2026-09-24 19:07:42,1790248062,0,a767994a,2207519758038670848,好，我一定死个新花样出来。
BV1nRhE6TEbK,117314380957709,挑战全程电车穿越河西走廊！结果和我想的完全不一样……,所长Wy,2026-09-23 11:00:00,487436,808,1,挑战全程电车穿越河西走廊！结果和我想的完全不一样……,42110748198,24.75200,1,25,16777215,2026-09-24 19:06:34,1790247994,0,76cef6be,2207519194558275328,5
BV1nRhE6TEbK,117314380957709,挑战全程电车穿越河西走廊！结果和我想的完全不一样……,所长Wy,2026-09-23 11:00:00,487436,808,1,挑战全程电车穿越河西走廊！结果和我想的完全不一样……,42110748198,28.09400,1,25,16777215,2026-09-24 19:04:56,1790247896,3,779101c5,2207518371913230336,5
BV1nRhE6TEbK,117314380957709,挑战全程电车穿越河西走廊！结果和我想的完全不一样……,所长Wy,2026-09-23 11:00:00,487436,808,1,挑战全程电车穿越河西走廊！结果和我想的完全不一样……,42110748198,22.93500,1,25,16777215,2026-09-24 19:04:30,1790247870,0,9358ee88,2207518152223686144,5
BV1nRhE6TEbK,117314380957709,挑战全程电车穿越河西走廊！结果和我想的完全不一样……,所长Wy,2026-09-23 11:00:00,487436,808,1,挑战全程电车穿越河西走廊！结果和我想的完全不一样……,42110748198,63.70800,1,25,16777215,2026-09-24 19:01:05,1790247665,3,550716b7,2207516429321494784,5
BV1nRhE6TEbK,117314380957709,挑战全程电车穿越河西走廊！结果和我想的完全不一样……,所长Wy,2026-09-23 11:00:00,487436,808,1,挑战全程电车穿越河西走廊！结果和我想的完全不一样……,42110748198,67.36100,1,25,16777215,2026-09-24 19:00:22,1790247622,3,429b59d2,2207516072142199808,5
BV1nRhE6TEbK,117314380957709,挑战全程电车穿越河西走廊！结果和我想的完全不一样……,所长Wy,2026-09-23 11:00:00,487436,808,1,挑战全程电车穿越河西走廊！结果和我想的完全不一样……,42110748198,66.30100,1,25,16777215,2026-09-24 19:00:05,1790247605,3,53c70198,2207515927019533312,5
BV1nRhE6TEbK,117314380957709,挑战全程电车穿越河西走廊！结果和我想的完全不一样……,所长Wy,2026-09-23 11:00:00,487436,808,1,挑战全程电车穿越河西走廊！结果和我想的完全不一样……,42110748198,26.79200,1,25,16777215,2026-09-24 18:59:42,1790247582,3,bde9fce,2207515732319875840,5
BV1nRhE6TEbK,117314380957709,挑战全程电车穿越河西走廊！结果和我想的完全不一样……,所长Wy,2026-09-23 11:00:00,487436,808,1,挑战全程电车穿越河西走廊！结果和我想的完全不一样……,42110748198,64.90600,1,25,16777215,2026-09-24 18:58:58,1790247538,3,ed9028c2,2207515366476112640,5
BV1nRhE6TEbK,117314380957709,挑战全程电车穿越河西走廊！结果和我想的完全不一样……,所长Wy,2026-09-23 11:00:00,487436,808,1,挑战全程电车穿越河西走廊！结果和我想的完全不一样……,42110748198,48.62100,1,25,16777215,2026-09-24 18:57:51,1790247471,0,2a19bed4,2207514800236455680,哦对了
BV1nRhE6TEbK,117314380957709,挑战全程电车穿越河西走廊！结果和我想的完全不一样……,所长Wy,2026-09-23 11:00:00,487436,808,1,挑战全程电车穿越河西走廊！结果和我想的完全不一样……,42110748198,66.33700,1,25,16777215,2026-09-24 18:54:49,1790247289,3,cd1607fe,2207513275950978048,5
BV1nRhE6TEbK,117314380957709,挑战全程电车穿越河西走廊！结果和我想的完全不一样……,所长Wy,2026-09-23 11:00:00,487436,808,1,挑战全程电车穿越河西走廊！结果和我想的完全不一样……,42110748198,21.98200,1,25,16777215,2026-09-24 18:54:47,1790247287,0,66f3b586,2207513263426778112,5
BV1nRhE6TEbK,117314380957709,挑战全程电车穿越河西走廊！结果和我想的完全不一样……,所长Wy,2026-09-23 11:00:00,487436,808,1,挑战全程电车穿越河西走廊！结果和我想的完全不一样……,42110748198,29.46000,1,25,16777215,2026-09-24 18:53:54,1790247234,3,2903a449,2207512815676448256,5
BV1nRhE6TEbK,117314380957709,挑战全程电车穿越河西走廊！结果和我想的完全不一样……,所长Wy,2026-09-23 11:00:00,487436,808,1,挑战全程电车穿越河西走廊！结果和我想的完全不一样……,42110748198,39.24900,1,25,16777215,2026-09-24 18:53:20,1790247200,0,c8042a8f,2207512534666453760,到过大西北
BV1nRhE6TEbK,117314380957709,挑战全程电车穿越河西走廊！结果和我想的完全不一样……,所长Wy,2026-09-23 11:00:00,487436,808,1,挑战全程电车穿越河西走廊！结果和我想的完全不一样……,42110748198,26.07000,1,25,16777215,2026-09-24 18:53:12,1790247192,3,7ecbd25c,2207512466400288512,5
BV1nRhE6TEbK,117314380957709,挑战全程电车穿越河西走廊！结果和我想的完全不一样……,所长Wy,2026-09-23 11:00:00,487436,808,1,挑战全程电车穿越河西走廊！结果和我想的完全不一样……,42110748198,26.07100,1,25,16777215,2026-09-24 18:52:33,1790247153,3,17c8c9e8,2207512133095438336,5
BV1nRhE6TEbK,117314380957709,挑战全程电车穿越河西走廊！结果和我想的完全不一样……,所长Wy,2026-09-23 11:00:00,487436,808,1,挑战全程电车穿越河西走廊！结果和我想的完全不一样……,42110748198,65.64100,1,25,16777215,2026-09-24 18:52:19,1790247139,3,1b92fd19,2207512022131030784,5
BV1nRhE6TEbK,117314380957709,挑战全程电车穿越河西走廊！结果和我想的完全不一样……,所长Wy,2026-09-23 11:00:00,487436,808,1,挑战全程电车穿越河西走廊！结果和我想的完全不一样……,42110748198,63.34900,1,25,16777215,2026-09-24 18:51:08,1790247068,3,3ad383b9,2207511427966191616,5
BV1nRhE6TEbK,117314380957709,挑战全程电车穿越河西走廊！结果和我想的完全不一样……,所长Wy,2026-09-23 11:00:00,487436,808,1,挑战全程电车穿越河西走廊！结果和我想的完全不一样……,42110748198,67.66400,1,25,16777215,2026-09-24 18:50:18,1790247018,3,733a7f89,2207511002680280320,5
BV1nRhE6TEbK,117314380957709,挑战全程电车穿越河西走廊！结果和我想的完全不一样……,所长Wy,2026-09-23 11:00:00,487436,808,1,挑战全程电车穿越河西走廊！结果和我想的完全不一样……,42110748198,65.60000,1,25,16777215,2026-09-24 18:47:01,1790246821,3,bd80ed89,2207509354511396864,5
BV1nRhE6TEbK,117314380957709,挑战全程电车穿越河西走廊！结果和我想的完全不一样……,所长Wy,2026-09-23 11:00:00,487436,808,1,挑战全程电车穿越河西走廊！结果和我想的完全不一样……,42110748198,29.41900,1,25,16777215,2026-09-24 18:46:36,1790246796,3,bd80ed89,2207509139058663936,5
BV1nRhE6TEbK,117314380957709,挑战全程电车穿越河西走廊！结果和我想的完全不一样……,所长Wy,2026-09-23 11:00:00,487436,808,1,挑战全程电车穿越河西走廊！结果和我想的完全不一样……,42110748198,65.17800,1,25,16777215,2026-09-24 18:46:20,1790246780,3,a88f4dc0,2207509011434266624,5
BV1nRhE6TEbK,117314380957709,挑战全程电车穿越河西走廊！结果和我想的完全不一样……,所长Wy,2026-09-23 11:00:00,487436,808,1,挑战全程电车穿越河西走廊！结果和我想的完全不一样……,42110748198,67.54700,1,25,16777215,2026-09-24 18:44:31,1790246671,3,a6ebbbd9,2207508093292848640,5
BV1nRhE6TEbK,117314380957709,挑战全程电车穿越河西走廊！结果和我想的完全不一样……,所长Wy,2026-09-23 11:00:00,487436,808,1,挑战全程电车穿越河西走廊！结果和我想的完全不一样……,42110748198,23.70100,1,25,16777215,2026-09-24 18:41:35,1790246495,0,46e79fb,2207506620404090624,5
BV1nRhE6TEbK,117314380957709,挑战全程电车穿越河西走廊！结果和我想的完全不一样……,所长Wy,2026-09-23 11:00:00,487436,808,1,挑战全程电车穿越河西走廊！结果和我想的完全不一样……,42110748198,67.09600,1,25,16777215,2026-09-24 18:41:17,1790246477,3,71f1f7d,2207506463025657600,5
BV1nRhE6TEbK,117314380957709,挑战全程电车穿越河西走廊！结果和我想的完全不一样……,所长Wy,2026-09-23 11:00:00,487436,808,1,挑战全程电车穿越河西走廊！结果和我想的完全不一样……,42110748198,67.19900,1,25,16777215,2026-09-24 18:37:37,1790246257,3,880d2227,2207504618228102144,5
BV1nRhE6TEbK,117314380957709,挑战全程电车穿越河西走廊！结果和我想的完全不一样……,所长Wy,2026-09-23 11:00:00,487436,808,1,挑战全程电车穿越河西走廊！结果和我想的完全不一样……,42110748198,24.56500,1,25,16777215,2026-09-24 18:30:06,1790245806,0,353a3d28,2207500833489544704,5
BV1nRhE6TEbK,117314380957709,挑战全程电车穿越河西走廊！结果和我想的完全不一样……,所长Wy,2026-09-23 11:00:00,487436,808,1,挑战全程电车穿越河西走廊！结果和我想的完全不一样……,42110748198,64.04500,1,25,16777215,2026-09-24 18:27:36,1790245656,3,9c0e50f8,2207499576146254336,5
BV1nRhE6TEbK,117314380957709,挑战全程电车穿越河西走廊！结果和我想的完全不一样……,所长Wy,2026-09-23 11:00:00,487436,808,1,挑战全程电车穿越河西走廊！结果和我想的完全不一样……,42110748198,25.00100,1,25,16777215,2026-09-24 18:27:29,1790245649,3,7cdaf1f6,2207499521947299584,5
BV1nRhE6TEbK,117314380957709,挑战全程电车穿越河西走廊！结果和我想的完全不一样……,所长Wy,2026-09-23 11:00:00,487436,808,1,挑战全程电车穿越河西走廊！结果和我想的完全不一样……,42110748198,67.00000,1,25,16777215,2026-09-24 18:25:29,1790245529,3,e9a2d28c,2207498509761060352,5
BV1nRhE6TEbK,117314380957709,挑战全程电车穿越河西走廊！结果和我想的完全不一样……,所长Wy,2026-09-23 11:00:00,487436,808,1,挑战全程电车穿越河西走廊！结果和我想的完全不一样……,42110748198,23.20800,1,25,16777215,2026-09-24 18:24:38,1790245478,0,db39ea3a,2207498084257570560,5
BV1nRhE6TEbK,117314380957709,挑战全程电车穿越河西走廊！结果和我想的完全不一样……,所长Wy,2026-09-23 11:00:00,487436,808,1,挑战全程电车穿越河西走廊！结果和我想的完全不一样……,42110748198,61.88000,1,25,16777215,2026-09-24 18:22:56,1790245376,0,e08e8dd5,2207497229181704448,从西安出发最好
BV1nRhE6TEbK,117314380957709,挑战全程电车穿越河西走廊！结果和我想的完全不一样……,所长Wy,2026-09-23 11:00:00,487436,808,1,挑战全程电车穿越河西走廊！结果和我想的完全不一样……,42110748198,67.36600,1,25,16777215,2026-09-24 18:22:44,1790245364,3,7800992a,2207497127855353088,5
BV1nRhE6TEbK,117314380957709,挑战全程电车穿越河西走廊！结果和我想的完全不一样……,所长Wy,2026-09-23 11:00:00,487436,808,1,挑战全程电车穿越河西走廊！结果和我想的完全不一样……,42110748198,64.90000,1,25,16777215,2026-09-24 18:22:40,1790245360,3,90c5c1df,2207497093210421760,5
BV1nRhE6TEbK,117314380957709,挑战全程电车穿越河西走廊！结果和我想的完全不一样……,所长Wy,2026-09-23 11:00:00,487436,808,1,挑战全程电车穿越河西走廊！结果和我想的完全不一样……,42110748198,66.39000,1,25,16777215,2026-09-24 18:22:28,1790245348,3,f91da21,2207496993167725056,5
BV1nRhE6TEbK,117314380957709,挑战全程电车穿越河西走廊！结果和我想的完全不一样……,所长Wy,2026-09-23 11:00:00,487436,808,1,挑战全程电车穿越河西走廊！结果和我想的完全不一样……,42110748198,6.42000,1,25,16777215,2026-09-24 18:21:52,1790245312,0,e08e8dd5,2207496689802643712,那完犊子嘞
BV1nRhE6TEbK,117314380957709,挑战全程电车穿越河西走廊！结果和我想的完全不一样……,所长Wy,2026-09-23 11:00:00,487436,808,1,挑战全程电车穿越河西走廊！结果和我想的完全不一样……,42110748198,56.97200,5,25,16777215,2026-09-24 18:21:37,1790245297,0,682669d8,2207496571087076096,河西四郡
BV1nRhE6TEbK,117314380957709,挑战全程电车穿越河西走廊！结果和我想的完全不一样……,所长Wy,2026-09-23 11:00:00,487436,808,1,挑战全程电车穿越河西走廊！结果和我想的完全不一样……,42110748198,337.51600,1,25,16777215,2026-09-24 18:21:29,1790245289,3,91869be,2207496501679241216,5
BV1nRhE6TEbK,117314380957709,挑战全程电车穿越河西走廊！结果和我想的完全不一样……,所长Wy,2026-09-23 11:00:00,487436,808,1,挑战全程电车穿越河西走廊！结果和我想的完全不一样……,42110748198,67.31900,1,25,16777215,2026-09-24 18:20:58,1790245258,3,26912a99,2207496236733415680,5
BV1nRhE6TEbK,117314380957709,挑战全程电车穿越河西走廊！结果和我想的完全不一样……,所长Wy,2026-09-23 11:00:00,487436,808,1,挑战全程电车穿越河西走廊！结果和我想的完全不一样……,42110748198,10.65900,5,25,16777215,2026-09-24 18:20:29,1790245229,0,682669d8,2207496000041129728,为了后人，必不辱命！
BV1nRhE6TEbK,117314380957709,挑战全程电车穿越河西走廊！结果和我想的完全不一样……,所长Wy,2026-09-23 11:00:00,487436,808,1,挑战全程电车穿越河西走廊！结果和我想的完全不一样……,42110748198,34.52500,1,25,16777215,2026-09-24 18:20:16,1790245216,0,fce42b53,2207495891810596096,5
BV1nRhE6TEbK,117314380957709,挑战全程电车穿越河西走廊！结果和我想的完全不一样……,所长Wy,2026-09-23 11:00:00,487436,808,1,挑战全程电车穿越河西走廊！结果和我想的完全不一样……,42110748198,65.58400,1,25,16777215,2026-09-24 18:19:50,1790245190,3,3293c037,2207495669655145472,5
BV1nRhE6TEbK,117314380957709,挑战全程电车穿越河西走廊！结果和我想的完全不一样……,所长Wy,2026-09-23 11:00:00,487436,808,1,挑战全程电车穿越河西走廊！结果和我想的完全不一样……,42110748198,66.27700,1,25,16777215,2026-09-24 18:16:13,1790244973,3,3eac8fae,2207493846097594368,5
BV1nRhE6TEbK,117314380957709,挑战全程电车穿越河西走廊！结果和我想的完全不一样……,所长Wy,2026-09-23 11:00:00,487436,808,1,挑战全程电车穿越河西走廊！结果和我想的完全不一样……,42110748198,67.94800,1,25,16777215,2026-09-24 18:14:41,1790244881,3,a9526d7f,2207493074286870784,5
BV1nRhE6TEbK,117314380957709,挑战全程电车穿越河西走廊！结果和我想的完全不一样……,所长Wy,2026-09-23 11:00:00,487436,808,1,挑战全程电车穿越河西走廊！结果和我想的完全不一样……,42110748198,28.53900,1,25,16777215,2026-09-24 18:14:35,1790244875,3,1889abb8,2207493030414725888,5
BV1nRhE6TEbK,117314380957709,挑战全程电车穿越河西走廊！结果和我想的完全不一样……,所长Wy,2026-09-23 11:00:00,487436,808,1,挑战全程电车穿越河西走廊！结果和我想的完全不一样……,42110748198,25.45300,1,25,16777215,2026-09-24 18:14:32,1790244872,3,97f5333a,2207493002581761024,5
BV1nRhE6TEbK,117314380957709,挑战全程电车穿越河西走廊！结果和我想的完全不一样……,所长Wy,2026-09-23 11:00:00,487436,808,1,挑战全程电车穿越河西走廊！结果和我想的完全不一样……,42110748198,63.64300,1,25,16777215,2026-09-24 18:12:48,1790244768,3,5e3ef8fe,2207492130266683392,5
BV1nRhE6TEbK,117314380957709,挑战全程电车穿越河西走廊！结果和我想的完全不一样……,所长Wy,2026-09-23 11:00:00,487436,808,1,挑战全程电车穿越河西走廊！结果和我想的完全不一样……,42110748198,26.75500,1,25,16777215,2026-09-24 18:12:11,1790244731,3,5e3ef8fe,2207491820450228224,5
BV1nRhE6TEbK,117314380957709,挑战全程电车穿越河西走廊！结果和我想的完全不一样……,所长Wy,2026-09-23 11:00:00,487436,808,1,挑战全程电车穿越河西走廊！结果和我想的完全不一样……,42110748198,29.59000,1,25,16777215,2026-09-24 18:11:07,1790244667,3,5137126,2207491282027843584,5
BV1nRhE6TEbK,117314380957709,挑战全程电车穿越河西走廊！结果和我想的完全不一样……,所长Wy,2026-09-23 11:00:00,487436,808,1,挑战全程电车穿越河西走廊！结果和我想的完全不一样……,42110748198,64.09200,1,25,16777215,2026-09-24 18:11:05,1790244665,3,1ecd0af2,2207491264780606208,5
BV1nRhE6TEbK,117314380957709,挑战全程电车穿越河西走廊！结果和我想的完全不一样……,所长Wy,2026-09-23 11:00:00,487436,808,1,挑战全程电车穿越河西走廊！结果和我想的完全不一样……,42110748198,67.72400,1,25,16777215,2026-09-24 18:10:21,1790244621,3,1c166cf0,2207490897913121280,5
BV1nRhE6TEbK,117314380957709,挑战全程电车穿越河西走廊！结果和我想的完全不一样……,所长Wy,2026-09-23 11:00:00,487436,808,1,挑战全程电车穿越河西走廊！结果和我想的完全不一样……,42110748198,63.47900,1,25,16777215,2026-09-24 18:09:45,1790244585,3,ed1e9ca3,2207490593381886464,5
BV1nRhE6TEbK,117314380957709,挑战全程电车穿越河西走廊！结果和我想的完全不一样……,所长Wy,2026-09-23 11:00:00,487436,808,1,挑战全程电车穿越河西走廊！结果和我想的完全不一样……,42110748198,22.72400,1,25,16777215,2026-09-24 18:09:04,1790244544,0,ed1e9ca3,2207490251554385920,5
BV1nRhE6TEbK,117314380957709,挑战全程电车穿越河西走廊！结果和我想的完全不一样……,所长Wy,2026-09-23 11:00:00,487436,808,1,挑战全程电车穿越河西走廊！结果和我想的完全不一样……,42110748198,67.88500,1,25,16777215,2026-09-24 18:06:40,1790244400,3,c59c6161,2207489042596326144,5
BV1nRhE6TEbK,117314380957709,挑战全程电车穿越河西走廊！结果和我想的完全不一样……,所长Wy,2026-09-23 11:00:00,487436,808,1,挑战全程电车穿越河西走廊！结果和我想的完全不一样……,42110748198,65.67400,1,25,16777215,2026-09-24 18:05:17,1790244317,3,f04545e7,2207488343271517440,5
BV1nRhE6TEbK,117314380957709,挑战全程电车穿越河西走廊！结果和我想的完全不一样……,所长Wy,2026-09-23 11:00:00,487436,808,1,挑战全程电车穿越河西走廊！结果和我想的完全不一样……,42110748198,66.46500,1,25,16777215,2026-09-24 18:03:10,1790244190,3,9791070a,2207487283437942528,5
BV1nRhE6TEbK,117314380957709,挑战全程电车穿越河西走廊！结果和我想的完全不一样……,所长Wy,2026-09-23 11:00:00,487436,808,1,挑战全程电车穿越河西走廊！结果和我想的完全不一样……,42110748198,66.96000,1,25,16777215,2026-09-24 18:01:51,1790244111,3,31b14a57,2207486617785167872,1
BV1nRhE6TEbK,117314380957709,挑战全程电车穿越河西走廊！结果和我想的完全不一样……,所长Wy,2026-09-23 11:00:00,487436,808,1,挑战全程电车穿越河西走廊！结果和我想的完全不一样……,42110748198,69.55700,1,25,16777215,2026-09-24 17:53:11,1790243591,0,145445ac,2207482253511212032,5
BV1nRhE6TEbK,117314380957709,挑战全程电车穿越河西走廊！结果和我想的完全不一样……,所长Wy,2026-09-23 11:00:00,487436,808,1,挑战全程电车穿越河西走廊！结果和我想的完全不一样……,42110748198,4.26300,5,25,15138834,2026-09-24 17:48:12,1790243292,0,2eab6fdf,2207479751542055680,穿越了也是个凑农民
BV1nRhE6TEbK,117314380957709,挑战全程电车穿越河西走廊！结果和我想的完全不一样……,所长Wy,2026-09-23 11:00:00,487436,808,1,挑战全程电车穿越河西走廊！结果和我想的完全不一样……,42110748198,26.40200,1,25,16777215,2026-09-24 17:46:05,1790243165,3,9e8f6b7c,2207478683320119040,5
BV1nRhE6TEbK,117314380957709,挑战全程电车穿越河西走廊！结果和我想的完全不一样……,所长Wy,2026-09-23 11:00:00,487436,808,1,挑战全程电车穿越河西走廊！结果和我想的完全不一样……,42110748198,68.28700,1,25,16777215,2026-09-24 17:43:00,1790242980,0,2b3b452c,2207477133356676096,5
BV1nRhE6TEbK,117314380957709,挑战全程电车穿越河西走廊！结果和我想的完全不一样……,所长Wy,2026-09-23 11:00:00,487436,808,1,挑战全程电车穿越河西走廊！结果和我想的完全不一样……,42110748198,29.47500,1,25,16777215,2026-09-24 17:42:26,1790242946,3,2b3b452c,2207476848697710592,5
BV1nRhE6TEbK,117314380957709,挑战全程电车穿越河西走廊！结果和我想的完全不一样……,所长Wy,2026-09-23 11:00:00,487436,808,1,挑战全程电车穿越河西走廊！结果和我想的完全不一样……,42110748198,9.40700,1,25,16777215,2026-09-24 17:38:54,1790242734,0,1a08ec32,2207475066663508736,我就在河西走廊上住着
BV1nRhE6TEbK,117314380957709,挑战全程电车穿越河西走廊！结果和我想的完全不一样……,所长Wy,2026-09-23 11:00:00,487436,808,1,挑战全程电车穿越河西走廊！结果和我想的完全不一样……,42110748198,22.38300,1,25,16777215,2026-09-24 17:38:23,1790242703,0,9ffe389c,2207474809452452608,5
BV1nRhE6TEbK,117314380957709,挑战全程电车穿越河西走廊！结果和我想的完全不一样……,所长Wy,2026-09-23 11:00:00,487436,808,1,挑战全程电车穿越河西走廊！结果和我想的完全不一样……,42110748198,23.64100,1,25,16777215,2026-09-24 17:26:44,1790242004,0,20a033fc,2207468944221600000,5
BV1nRhE6TEbK,117314380957709,挑战全程电车穿越河西走廊！结果和我想的完全不一样……,所长Wy,2026-09-23 11:00:00,487436,808,1,挑战全程电车穿越河西走廊！结果和我想的完全不一样……,42110748198,63.98100,1,25,16777215,2026-09-24 17:25:02,1790241902,3,1c6ff5d2,2207468090479249152,5
BV1nRhE6TEbK,117314380957709,挑战全程电车穿越河西走廊！结果和我想的完全不一样……,所长Wy,2026-09-23 11:00:00,487436,808,1,挑战全程电车穿越河西走廊！结果和我想的完全不一样……,42110748198,27.16900,1,25,16777215,2026-09-24 17:20:29,1790241629,3,6edc10c9,2207465794156769024,5
BV1nRhE6TEbK,117314380957709,挑战全程电车穿越河西走廊！结果和我想的完全不一样……,所长Wy,2026-09-23 11:00:00,487436,808,1,挑战全程电车穿越河西走廊！结果和我想的完全不一样……,42110748198,65.43800,1,25,16777215,2026-09-24 17:19:47,1790241587,3,bf48a1d1,2207465449828978432,5
BV1nRhE6TEbK,117314380957709,挑战全程电车穿越河西走廊！结果和我想的完全不一样……,所长Wy,2026-09-23 11:00:00,487436,808,1,挑战全程电车穿越河西走廊！结果和我想的完全不一样……,42110748198,65.11900,1,25,16777215,2026-09-24 17:17:14,1790241434,3,ca567ce5,2207464161775142656,5
BV1nRhE6TEbK,117314380957709,挑战全程电车穿越河西走廊！结果和我想的完全不一样……,所长Wy,2026-09-23 11:00:00,487436,808,1,挑战全程电车穿越河西走廊！结果和我想的完全不一样……,42110748198,67.45900,1,25,16777215,2026-09-24 17:14:10,1790241250,3,686dbee2,2207462620041501184,5
BV1nRhE6TEbK,117314380957709,挑战全程电车穿越河西走廊！结果和我想的完全不一样……,所长Wy,2026-09-23 11:00:00,487436,808,1,挑战全程电车穿越河西走廊！结果和我想的完全不一样……,42110748198,25.29600,1,25,16777215,2026-09-24 17:12:40,1790241160,3,52ff90c8,2207461866149092608,5
BV1nRhE6TEbK,117314380957709,挑战全程电车穿越河西走廊！结果和我想的完全不一样……,所长Wy,2026-09-23 11:00:00,487436,808,1,挑战全程电车穿越河西走廊！结果和我想的完全不一样……,42110748198,64.07200,1,25,16777215,2026-09-24 17:11:36,1790241096,3,20b9d616,2207461323313404160,5
BV1nRhE6TEbK,117314380957709,挑战全程电车穿越河西走廊！结果和我想的完全不一样……,所长Wy,2026-09-23 11:00:00,487436,808,1,挑战全程电车穿越河西走廊！结果和我想的完全不一样……,42110748198,22.31400,1,25,16777215,2026-09-24 16:24:29,1790238269,0,d039f59,2207437612116554240,5
BV1nRhE6TEbK,117314380957709,挑战全程电车穿越河西走廊！结果和我想的完全不一样……,所长Wy,2026-09-23 11:00:00,487436,808,1,挑战全程电车穿越河西走廊！结果和我想的完全不一样……,42110748198,334.80000,1,25,16777215,2026-09-24 16:16:13,1790237773,3,8c54f756,2207433451534334464,5
BV1nRhE6TEbK,117314380957709,挑战全程电车穿越河西走廊！结果和我想的完全不一样……,所长Wy,2026-09-23 11:00:00,487436,808,1,挑战全程电车穿越河西走廊！结果和我想的完全不一样……,42110748198,24.89700,1,25,16777215,2026-09-24 16:13:49,1790237629,3,2f8ffec9,2207432242492694272,5
BV1nRhE6TEbK,117314380957709,挑战全程电车穿越河西走廊！结果和我想的完全不一样……,所长Wy,2026-09-23 11:00:00,487436,808,1,挑战全程电车穿越河西走廊！结果和我想的完全不一样……,42110748198,27.54800,1,25,16777215,2026-09-24 16:03:23,1790237003,3,849ae82e,2207426994194170624,5
BV1nRhE6TEbK,117314380957709,挑战全程电车穿越河西走廊！结果和我想的完全不一样……,所长Wy,2026-09-23 11:00:00,487436,808,1,挑战全程电车穿越河西走廊！结果和我想的完全不一样……,42110748198,67.09700,1,25,16777215,2026-09-24 15:57:39,1790236659,3,6b02d2dd,2207424110777525504,5
BV1nRhE6TEbK,117314380957709,挑战全程电车穿越河西走廊！结果和我想的完全不一样……,所长Wy,2026-09-23 11:00:00,487436,808,1,挑战全程电车穿越河西走廊！结果和我想的完全不一样……,42110748198,24.30300,1,25,16777215,2026-09-24 15:41:06,1790235666,0,7bf68872,2207415779480361728,5
BV1nRhE6TEbK,117314380957709,挑战全程电车穿越河西走廊！结果和我想的完全不一样……,所长Wy,2026-09-23 11:00:00,487436,808,1,挑战全程电车穿越河西走廊！结果和我想的完全不一样……,42110748198,64.96000,1,25,16777215,2026-09-24 15:31:05,1790235065,3,8f3dd265,2207410738094639872,5
BV1nRhE6TEbK,117314380957709,挑战全程电车穿越河西走廊！结果和我想的完全不一样……,所长Wy,2026-09-23 11:00:00,487436,808,1,挑战全程电车穿越河西走廊！结果和我想的完全不一样……,42110748198,337.75000,1,25,16777215,2026-09-24 15:24:06,1790234646,3,344333d2,2207407218402411776,5
BV1nRhE6TEbK,117314380957709,挑战全程电车穿越河西走廊！结果和我想的完全不一样……,所长Wy,2026-09-23 11:00:00,487436,808,1,挑战全程电车穿越河西走廊！结果和我想的完全不一样……,42110748198,13.60000,1,25,16777215,2026-09-24 15:01:25,1790233285,0,72352293,2207395805441365248,问薪无愧，
BV1nRhE6TEbK,117314380957709,挑战全程电车穿越河西走廊！结果和我想的完全不一样……,所长Wy,2026-09-23 11:00:00,487436,808,1,挑战全程电车穿越河西走廊！结果和我想的完全不一样……,42110748198,64.97400,1,25,16777215,2026-09-24 14:08:15,1790230095,3,523f7d7c,2207369039842629120,5
BV1nRhE6TEbK,117314380957709,挑战全程电车穿越河西走廊！结果和我想的完全不一样……,所长Wy,2026-09-23 11:00:00,487436,808,1,挑战全程电车穿越河西走廊！结果和我想的完全不一样……,42110748198,10.30700,1,25,16777215,2026-09-24 14:06:14,1790229974,0,a1d53916,2207368024855245312,汉使
BV1nRhE6TEbK,117314380957709,挑战全程电车穿越河西走廊！结果和我想的完全不一样……,所长Wy,2026-09-23 11:00:00,487436,808,1,挑战全程电车穿越河西走廊！结果和我想的完全不一样……,42110748198,65.87800,1,25,16777215,2026-09-24 14:04:09,1790229849,3,394d9814,2207366978711415808,5
BV1nRhE6TEbK,117314380957709,挑战全程电车穿越河西走廊！结果和我想的完全不一样……,所长Wy,2026-09-23 11:00:00,487436,808,1,挑战全程电车穿越河西走廊！结果和我想的完全不一样……,42110748198,65.27100,1,25,16777215,2026-09-24 14:02:12,1790229732,3,57bad7a1,2207366002134907392,5
BV1nRhE6TEbK,117314380957709,挑战全程电车穿越河西走廊！结果和我想的完全不一样……,所长Wy,2026-09-23 11:00:00,487436,808,1,挑战全程电车穿越河西走廊！结果和我想的完全不一样……,42110748198,335.85500,1,25,16777215,2026-09-24 12:47:36,1790225256,3,89fd1bb6,2207328451781137152,5
BV1nRhE6TEbK,117314380957709,挑战全程电车穿越河西走廊！结果和我想的完全不一样……,所长Wy,2026-09-23 11:00:00,487436,808,1,挑战全程电车穿越河西走廊！结果和我想的完全不一样……,42110748198,237.78100,1,25,16777215,2026-09-24 08:10:12,1790208612,0,dace5e8b,2207188833383766784,换电的就不看了，我的车不能换电
BV1nRhE6TEbK,117314380957709,挑战全程电车穿越河西走廊！结果和我想的完全不一样……,所长Wy,2026-09-23 11:00:00,487436,808,1,挑战全程电车穿越河西走廊！结果和我想的完全不一样……,42110748198,27.93500,1,25,16777215,2026-09-24 08:08:33,1790208513,0,dace5e8b,2207188004262187264,《河西走廊》拍得太好了
BV1nRhE6TEbK,117314380957709,挑战全程电车穿越河西走廊！结果和我想的完全不一样……,所长Wy,2026-09-23 11:00:00,487436,808,1,挑战全程电车穿越河西走廊！结果和我想的完全不一样……,42110748198,24.17000,1,25,16777215,2026-09-24 07:41:36,1790206896,0,433e5a80,2207174440344436480,5
BV1nRhE6TEbK,117314380957709,挑战全程电车穿越河西走廊！结果和我想的完全不一样……,所长Wy,2026-09-23 11:00:00,487436,808,1,挑战全程电车穿越河西走廊！结果和我想的完全不一样……,42110748198,24.73700,1,25,16777215,2026-09-24 07:39:53,1790206793,0,63536f5a,2207173575218159616,5
BV1nRhE6TEbK,117314380957709,挑战全程电车穿越河西走廊！结果和我想的完全不一样……,所长Wy,2026-09-23 11:00:00,487436,808,1,挑战全程电车穿越河西走廊！结果和我想的完全不一样……,42110748198,67.05200,1,25,16777215,2026-09-24 07:38:54,1790206734,3,a96c798e,2207173081733261568,5
BV1nRhE6TEbK,117314380957709,挑战全程电车穿越河西走廊！结果和我想的完全不一样……,所长Wy,2026-09-23 11:00:00,487436,808,1,挑战全程电车穿越河西走廊！结果和我想的完全不一样……,42110748198,24.47500,1,25,16777215,2026-09-24 07:31:24,1790206284,0,f0acd17e,2207169305148453888,5
BV1nRhE6TEbK,117314380957709,挑战全程电车穿越河西走廊！结果和我想的完全不一样……,所长Wy,2026-09-23 11:00:00,487436,808,1,挑战全程电车穿越河西走廊！结果和我想的完全不一样……,42110748198,29.28000,1,25,16777215,2026-09-24 07:19:17,1790205557,3,5330f629,2207163204583620096,5
BV1nRhE6TEbK,117314380957709,挑战全程电车穿越河西走廊！结果和我想的完全不一样……,所长Wy,2026-09-23 11:00:00,487436,808,1,挑战全程电车穿越河西走廊！结果和我想的完全不一样……,42110748198,64.85100,1,25,16777215,2026-09-24 07:13:22,1790205202,3,c1109586,2207160226753649152,5
BV1nRhE6TEbK,117314380957709,挑战全程电车穿越河西走廊！结果和我想的完全不一样……,所长Wy,2026-09-23 11:00:00,487436,808,1,挑战全程电车穿越河西走廊！结果和我想的完全不一样……,42110748198,64.66500,1,25,16777215,2026-09-24 07:06:21,1790204781,3,ec55bfc0,2207156692951934976,5
BV1nRhE6TEbK,117314380957709,挑战全程电车穿越河西走廊！结果和我想的完全不一样……,所长Wy,2026-09-23 11:00:00,487436,808,1,挑战全程电车穿越河西走廊！结果和我想的完全不一样……,42110748198,64.09600,1,25,16777215,2026-09-24 07:05:40,1790204740,3,8c1fef3f,2207156354907707136,3
BV1nRhE6TEbK,117314380957709,挑战全程电车穿越河西走廊！结果和我想的完全不一样……,所长Wy,2026-09-23 11:00:00,487436,808,1,挑战全程电车穿越河西走廊！结果和我想的完全不一样……,42110748198,339.12500,1,25,16777215,2026-09-24 07:03:54,1790204634,3,6c71096b,2207155459834973952,5
BV1nRhE6TEbK,117314380957709,挑战全程电车穿越河西走廊！结果和我想的完全不一样……,所长Wy,2026-09-23 11:00:00,487436,808,1,挑战全程电车穿越河西走廊！结果和我想的完全不一样……,42110748198,65.42200,1,25,16777215,2026-09-24 07:02:14,1790204534,3,8bfcaf17,2207154619438964480,5
BV1nRhE6TEbK,117314380957709,挑战全程电车穿越河西走廊！结果和我想的完全不一样……,所长Wy,2026-09-23 11:00:00,487436,808,1,挑战全程电车穿越河西走廊！结果和我想的完全不一样……,42110748198,5.72100,1,25,16777215,2026-09-24 07:01:48,1790204508,0,e51fa5f9,2207154407685773568,现实都没这个职位根本就不能代入，现实有这个职位也不可能会做这么蠢的事
BV1nRhE6TEbK,117314380957709,挑战全程电车穿越河西走廊！结果和我想的完全不一样……,所长Wy,2026-09-23 11:00:00,487436,808,1,挑战全程电车穿越河西走廊！结果和我想的完全不一样……,42110748198,25.37800,1,25,16777215,2026-09-24 07:01:00,1790204460,3,25482564,2207153998019346688,5
BV1nRhE6TEbK,117314380957709,挑战全程电车穿越河西走廊！结果和我想的完全不一样……,所长Wy,2026-09-23 11:00:00,487436,808,1,挑战全程电车穿越河西走廊！结果和我想的完全不一样……,42110748198,64.81100,1,25,16777215,2026-09-24 06:59:20,1790204360,3,6c71096b,2207153159301032448,5
BV1nRhE6TEbK,117314380957709,挑战全程电车穿越河西走廊！结果和我想的完全不一样……,所长Wy,2026-09-23 11:00:00,487436,808,1,挑战全程电车穿越河西走廊！结果和我想的完全不一样……,42110748198,66.09000,1,25,16777215,2026-09-24 06:57:19,1790204239,3,29e96c19,2207152152055728896,5
BV1nRhE6TEbK,117314380957709,挑战全程电车穿越河西走廊！结果和我想的完全不一样……,所长Wy,2026-09-23 11:00:00,487436,808,1,挑战全程电车穿越河西走廊！结果和我想的完全不一样……,42110748198,31.32000,1,25,16777215,2026-09-24 06:56:14,1790204174,0,2c0df124,2207151605680400384,5
BV1nRhE6TEbK,117314380957709,挑战全程电车穿越河西走廊！结果和我想的完全不一样……,所长Wy,2026-09-23 11:00:00,487436,808,1,挑战全程电车穿越河西走廊！结果和我想的完全不一样……,42110748198,24.65800,1,25,16777215,2026-09-24 06:50:46,1790203846,0,83ba567d,2207148848647263488,5
BV1nRhE6TEbK,117314380957709,挑战全程电车穿越河西走廊！结果和我想的完全不一样……,所长Wy,2026-09-23 11:00:00,487436,808,1,挑战全程电车穿越河西走廊！结果和我想的完全不一样……,42110748198,67.39700,1,25,16777215,2026-09-24 06:49:11,1790203751,3,3f3d0f9,2207148051578337792,5
BV1nRhE6TEbK,117314380957709,挑战全程电车穿越河西走廊！结果和我想的完全不一样……,所长Wy,2026-09-23 11:00:00,487436,808,1,挑战全程电车穿越河西走廊！结果和我想的完全不一样……,42110748198,43.01000,1,25,16777215,2026-09-24 06:48:02,1790203682,0,8f6dd701,2207147475289228544,整半天以为徒步呢
BV1nRhE6TEbK,117314380957709,挑战全程电车穿越河西走廊！结果和我想的完全不一样……,所长Wy,2026-09-23 11:00:00,487436,808,1,挑战全程电车穿越河西走廊！结果和我想的完全不一样……,42110748198,61.12300,1,25,16777215,2026-09-24 06:47:21,1790203641,0,8f6dd701,2207147128705638144,整了半天还以为徒步呢
BV1nRhE6TEbK,117314380957709,挑战全程电车穿越河西走廊！结果和我想的完全不一样……,所长Wy,2026-09-23 11:00:00,487436,808,1,挑战全程电车穿越河西走廊！结果和我想的完全不一样……,42110748198,0.23600,1,25,16777215,2026-09-24 06:44:10,1790203450,0,dbb1ce7d,2207145530575402240,bin
BV1nRhE6TEbK,117314380957709,挑战全程电车穿越河西走廊！结果和我想的完全不一样……,所长Wy,2026-09-23 11:00:00,487436,808,1,挑战全程电车穿越河西走廊！结果和我想的完全不一样……,42110748198,64.84200,1,25,16777215,2026-09-24 06:36:24,1790202984,3,2dbefd05,2207141618480334080,5
BV1nRhE6TEbK,117314380957709,挑战全程电车穿越河西走廊！结果和我想的完全不一样……,所长Wy,2026-09-23 11:00:00,487436,808,1,挑战全程电车穿越河西走廊！结果和我想的完全不一样……,42110748198,70.66000,1,25,16777215,2026-09-24 06:34:55,1790202895,0,9ed0c91d,2207140876961694720,卖车的
BV1nRhE6TEbK,117314380957709,挑战全程电车穿越河西走廊！结果和我想的完全不一样……,所长Wy,2026-09-23 11:00:00,487436,808,1,挑战全程电车穿越河西走廊！结果和我想的完全不一样……,42110748198,65.76400,1,25,16777215,2026-09-24 06:16:58,1790201818,3,3b188d1f,2207131839502553088,5
BV1nRhE6TEbK,117314380957709,挑战全程电车穿越河西走廊！结果和我想的完全不一样……,所长Wy,2026-09-23 11:00:00,487436,808,1,挑战全程电车穿越河西走廊！结果和我想的完全不一样……,42110748198,65.31100,1,25,16777215,2026-09-24 06:01:10,1790200870,3,e5691884,2207123883168184576,5
BV1nRhE6TEbK,117314380957709,挑战全程电车穿越河西走廊！结果和我想的完全不一样……,所长Wy,2026-09-23 11:00:00,487436,808,1,挑战全程电车穿越河西走廊！结果和我想的完全不一样……,42110748198,9.03500,1,25,16777215,2026-09-24 03:07:26,1790190446,0,3a348f01,2207036439865740288,我吗？那我们完蛋啦
BV1nRhE6TEbK,117314380957709,挑战全程电车穿越河西走廊！结果和我想的完全不一样……,所长Wy,2026-09-23 11:00:00,487436,808,1,挑战全程电车穿越河西走廊！结果和我想的完全不一样……,42110748198,236.53300,1,25,16777215,2026-09-24 02:56:05,1790189765,0,be9289ee,2207030733129418752,.0
BV1nRhE6TEbK,117314380957709,挑战全程电车穿越河西走廊！结果和我想的完全不一样……,所长Wy,2026-09-23 11:00:00,487436,808,1,挑战全程电车穿越河西走廊！结果和我想的完全不一样……,42110748198,8.20300,1,25,16777215,2026-09-24 02:00:42,1790186442,0,9a1efa46,2207002857230920448,那得是两千年谢谢
BV1nRhE6TEbK,117314380957709,挑战全程电车穿越河西走廊！结果和我想的完全不一样……,所长Wy,2026-09-23 11:00:00,487436,808,1,挑战全程电车穿越河西走廊！结果和我想的完全不一样……,42110748198,16.38600,1,25,16777215,2026-09-24 01:42:09,1790185329,0,4c2e38a7,2206993516071600896,刘元海：还有降奴服于的事？
BV1nRhE6TEbK,117314380957709,挑战全程电车穿越河西走廊！结果和我想的完全不一样……,所长Wy,2026-09-23 11:00:00,487436,808,1,挑战全程电车穿越河西走廊！结果和我想的完全不一样……,42110748198,67.46000,1,25,16777215,2026-09-24 01:37:33,1790185053,0,876da95e,2206991200404524288,充电站够吗？
BV1nRhE6TEbK,117314380957709,挑战全程电车穿越河西走廊！结果和我想的完全不一样……,所长Wy,2026-09-23 11:00:00,487436,808,1,挑战全程电车穿越河西走廊！结果和我想的完全不一样……,42110748198,200.67800,1,25,16777215,2026-09-24 01:32:50,1790184770,0,b9177830,2206988826864375552,站成 NPC 了
BV1nRhE6TEbK,117314380957709,挑战全程电车穿越河西走廊！结果和我想的完全不一样……,所长Wy,2026-09-23 11:00:00,487436,808,1,挑战全程电车穿越河西走廊！结果和我想的完全不一样……,42110748198,67.61600,1,25,16777215,2026-09-24 01:25:54,1790184354,3,ae0fc22e,2206985341859342336,5
BV1nRhE6TEbK,117314380957709,挑战全程电车穿越河西走廊！结果和我想的完全不一样……,所长Wy,2026-09-23 11:00:00,487436,808,1,挑战全程电车穿越河西走廊！结果和我想的完全不一样……,42110748198,60.59800,1,25,16777215,2026-09-24 01:10:18,1790183418,0,7cc986c8,2206977492630680064,5
BV1nRhE6TEbK,117314380957709,挑战全程电车穿越河西走廊！结果和我想的完全不一样……,所长Wy,2026-09-23 11:00:00,487436,808,1,挑战全程电车穿越河西走廊！结果和我想的完全不一样……,42110748198,21.37500,1,25,16777215,2026-09-24 01:09:33,1790183373,0,7cc986c8,2206977112769595648,5
BV1nRhE6TEbK,117314380957709,挑战全程电车穿越河西走廊！结果和我想的完全不一样……,所长Wy,2026-09-23 11:00:00,487436,808,1,挑战全程电车穿越河西走廊！结果和我想的完全不一样……,42110748198,67.99800,1,25,16777215,2026-09-24 01:05:42,1790183142,3,f91458fa,2206975177122991360,5
BV1nRhE6TEbK,117314380957709,挑战全程电车穿越河西走廊！结果和我想的完全不一样……,所长Wy,2026-09-23 11:00:00,487436,808,1,挑战全程电车穿越河西走廊！结果和我想的完全不一样……,42110748198,67.54300,1,25,16777215,2026-09-24 00:50:12,1790182212,3,4b6fb00d,2206967376120136960,5
BV1nRhE6TEbK,117314380957709,挑战全程电车穿越河西走廊！结果和我想的完全不一样……,所长Wy,2026-09-23 11:00:00,487436,808,1,挑战全程电车穿越河西走廊！结果和我想的完全不一样……,42110748198,574.38100,1,25,16777215,2026-09-24 00:47:32,1790182052,0,370ba971,2206966026208534784,多少油箱三分钟还不够？
BV1nRhE6TEbK,117314380957709,挑战全程电车穿越河西走廊！结果和我想的完全不一样……,所长Wy,2026-09-23 11:00:00,487436,808,1,挑战全程电车穿越河西走廊！结果和我想的完全不一样……,42110748198,30.22500,1,25,16777215,2026-09-24 00:41:04,1790181664,0,429f1bfe,2206962772569522944,河在哪
BV1nRhE6TEbK,117314380957709,挑战全程电车穿越河西走廊！结果和我想的完全不一样……,所长Wy,2026-09-23 11:00:00,487436,808,1,挑战全程电车穿越河西走廊！结果和我想的完全不一样……,42110748198,338.64500,1,25,16777215,2026-09-24 00:35:44,1790181344,3,7810d8ac,2206960092946074368,5
BV1nRhE6TEbK,117314380957709,挑战全程电车穿越河西走廊！结果和我想的完全不一样……,所长Wy,2026-09-23 11:00:00,487436,808,1,挑战全程电车穿越河西走廊！结果和我想的完全不一样……,42110748198,64.74000,1,25,16777215,2026-09-24 00:32:24,1790181144,3,7c7b9f8f,2206958410828992512,5
BV1nRhE6TEbK,117314380957709,挑战全程电车穿越河西走廊！结果和我想的完全不一样……,所长Wy,2026-09-23 11:00:00,487436,808,1,挑战全程电车穿越河西走廊！结果和我想的完全不一样……,42110748198,33.12900,4,25,16777215,2026-09-24 00:29:49,1790180989,0,76408ab8,2206957113924823808,5
BV1nRhE6TEbK,117314380957709,挑战全程电车穿越河西走廊！结果和我想的完全不一样……,所长Wy,2026-09-23 11:00:00,487436,808,1,挑战全程电车穿越河西走廊！结果和我想的完全不一样……,42110748198,9.91100,1,25,15138834,2026-09-24 00:29:40,1790180980,0,e2875478,2206957038394348800,我啊？一个人啊？！
BV1nRhE6TEbK,117314380957709,挑战全程电车穿越河西走廊！结果和我想的完全不一样……,所长Wy,2026-09-23 11:00:00,487436,808,1,挑战全程电车穿越河西走廊！结果和我想的完全不一样……,42110748198,66.39600,1,25,16777215,2026-09-24 00:29:38,1790180978,3,43b433a9,2206957023537848576,5
BV1nRhE6TEbK,117314380957709,挑战全程电车穿越河西走廊！结果和我想的完全不一样……,所长Wy,2026-09-23 11:00:00,487436,808,1,挑战全程电车穿越河西走廊！结果和我想的完全不一样……,42110748198,22.14500,4,25,16777215,2026-09-24 00:29:36,1790180976,0,76408ab8,2206957004897996032,河西走廊
BV1nRhE6TEbK,117314380957709,挑战全程电车穿越河西走廊！结果和我想的完全不一样……,所长Wy,2026-09-23 11:00:00,487436,808,1,挑战全程电车穿越河西走廊！结果和我想的完全不一样……,42110748198,64.60500,1,25,16777215,2026-09-24 00:24:47,1790180687,3,4477ffc8,2206954577939764736,5
BV1nRhE6TEbK,117314380957709,挑战全程电车穿越河西走廊！结果和我想的完全不一样……,所长Wy,2026-09-23 11:00:00,487436,808,1,挑战全程电车穿越河西走廊！结果和我想的完全不一样……,42110748198,337.70500,1,25,16777215,2026-09-24 00:06:05,1790179565,3,ff45c6c1,2206945165963279616,5
BV1nRhE6TEbK,117314380957709,挑战全程电车穿越河西走廊！结果和我想的完全不一样……,所长Wy,2026-09-23 11:00:00,487436,808,1,挑战全程电车穿越河西走廊！结果和我想的完全不一样……,42110748198,126.91800,1,25,16777215,2026-09-24 00:03:52,1790179432,0,7e61ab0b,2206944051285607936,这是蔚来es60吧
BV1nRhE6TEbK,117314380957709,挑战全程电车穿越河西走廊！结果和我想的完全不一样……,所长Wy,2026-09-23 11:00:00,487436,808,1,挑战全程电车穿越河西走廊！结果和我想的完全不一样……,42110748198,66.58600,1,25,16777215,2026-09-24 00:01:34,1790179294,3,ff45c6c1,2206942890989526016,5
BV1nRhE6TEbK,117314380957709,挑战全程电车穿越河西走廊！结果和我想的完全不一样……,所长Wy,2026-09-23 11:00:00,487436,808,1,挑战全程电车穿越河西走廊！结果和我想的完全不一样……,42110748198,65.76300,1,25,16777215,2026-09-23 23:59:39,1790179179,3,b201c80,2206941928531354368,5
BV1nRhE6TEbK,117314380957709,挑战全程电车穿越河西走廊！结果和我想的完全不一样……,所长Wy,2026-09-23 11:00:00,487436,808,1,挑战全程电车穿越河西走廊！结果和我想的完全不一样……,42110748198,155.43000,1,25,16777215,2026-09-23 23:45:20,1790178320,0,201684b6,2206934722717087232,三丹
BV1nRhE6TEbK,117314380957709,挑战全程电车穿越河西走廊！结果和我想的完全不一样……,所长Wy,2026-09-23 11:00:00,487436,808,1,挑战全程电车穿越河西走廊！结果和我想的完全不一样……,42110748198,65.11300,1,25,16777215,2026-09-23 23:44:50,1790178290,3,a3ad3612,2206934472794985728,5
BV1nRhE6TEbK,117314380957709,挑战全程电车穿越河西走廊！结果和我想的完全不一样……,所长Wy,2026-09-23 11:00:00,487436,808,1,挑战全程电车穿越河西走廊！结果和我想的完全不一样……,42110748198,5.05400,1,25,16777215,2026-09-23 23:43:23,1790178203,0,d2b1b3b5,2206933743993007616,救命，我家就在河西走廊这一带呀！！！！
BV1nRhE6TEbK,117314380957709,挑战全程电车穿越河西走廊！结果和我想的完全不一样……,所长Wy,2026-09-23 11:00:00,487436,808,1,挑战全程电车穿越河西走廊！结果和我想的完全不一样……,42110748198,65.52700,1,25,16777215,2026-09-23 23:38:17,1790177897,3,baa7b3d3,2206931178009980160,5
BV1nRhE6TEbK,117314380957709,挑战全程电车穿越河西走廊！结果和我想的完全不一样……,所长Wy,2026-09-23 11:00:00,487436,808,1,挑战全程电车穿越河西走廊！结果和我想的完全不一样……,42110748198,12.68800,1,25,16777215,2026-09-23 23:32:08,1790177528,0,b2e920ec,2206928076565868800,你打了一个地球你没维护有个吊用
BV1nRhE6TEbK,117314380957709,挑战全程电车穿越河西走廊！结果和我想的完全不一样……,所长Wy,2026-09-23 11:00:00,487436,808,1,挑战全程电车穿越河西走廊！结果和我想的完全不一样……,42110748198,65.33200,1,25,16777215,2026-09-23 23:31:10,1790177470,3,ad8f82d,2206927595738935552,5
BV1nRhE6TEbK,117314380957709,挑战全程电车穿越河西走廊！结果和我想的完全不一样……,所长Wy,2026-09-23 11:00:00,487436,808,1,挑战全程电车穿越河西走廊！结果和我想的完全不一样……,42110748198,66.16400,1,25,16777215,2026-09-23 23:29:13,1790177353,3,7dc6ae19,2206926614842244352,5
BV1nRhE6TEbK,117314380957709,挑战全程电车穿越河西走廊！结果和我想的完全不一样……,所长Wy,2026-09-23 11:00:00,487436,808,1,挑战全程电车穿越河西走廊！结果和我想的完全不一样……,42110748198,356.89200,1,25,16777215,2026-09-23 23:24:06,1790177046,0,8f716d9,2206924037635055616,大将军点数！！
BV1nRhE6TEbK,117314380957709,挑战全程电车穿越河西走廊！结果和我想的完全不一样……,所长Wy,2026-09-23 11:00:00,487436,808,1,挑战全程电车穿越河西走廊！结果和我想的完全不一样……,42110748198,29.55300,1,25,16777215,2026-09-23 23:14:43,1790176483,3,6cc79444,2206919317944782848,5
BV1nRhE6TEbK,117314380957709,挑战全程电车穿越河西走廊！结果和我想的完全不一样……,所长Wy,2026-09-23 11:00:00,487436,808,1,挑战全程电车穿越河西走廊！结果和我想的完全不一样……,42110748198,68.46800,1,25,16777215,2026-09-23 23:14:37,1790176477,0,2f722814,2206919265641450496,5
BV1nRhE6TEbK,117314380957709,挑战全程电车穿越河西走廊！结果和我想的完全不一样……,所长Wy,2026-09-23 11:00:00,487436,808,1,挑战全程电车穿越河西走廊！结果和我想的完全不一样……,42110748198,11.72400,1,25,16777215,2026-09-23 23:11:04,1790176264,0,98d26d66,2206917476804005632,所以是魂穿？
BV1nRhE6TEbK,117314380957709,挑战全程电车穿越河西走廊！结果和我想的完全不一样……,所长Wy,2026-09-23 11:00:00,487436,808,1,挑战全程电车穿越河西走廊！结果和我想的完全不一样……,42110748198,65.51400,1,25,16777215,2026-09-23 23:04:31,1790175871,3,bb8915bd,2206914181130017792,5
BV1nRhE6TEbK,117314380957709,挑战全程电车穿越河西走廊！结果和我想的完全不一样……,所长Wy,2026-09-23 11:00:00,487436,808,1,挑战全程电车穿越河西走廊！结果和我想的完全不一样……,42110748198,64.78800,1,25,16777215,2026-09-23 22:55:36,1790175336,3,fe858365,2206909688266870016,5
BV1nRhE6TEbK,117314380957709,挑战全程电车穿越河西走廊！结果和我想的完全不一样……,所长Wy,2026-09-23 11:00:00,487436,808,1,挑战全程电车穿越河西走廊！结果和我想的完全不一样……,42110748198,67.04500,1,25,16777215,2026-09-23 22:54:37,1790175277,3,1e6a4108,2206909196333635840,5
BV1nRhE6TEbK,117314380957709,挑战全程电车穿越河西走廊！结果和我想的完全不一样……,所长Wy,2026-09-23 11:00:00,487436,808,1,挑战全程电车穿越河西走廊！结果和我想的完全不一样……,42110748198,12.12000,1,25,16777215,2026-09-23 22:50:38,1790175038,0,af782efc,2206907194249712640,2000年。
BV1nRhE6TEbK,117314380957709,挑战全程电车穿越河西走廊！结果和我想的完全不一样……,所长Wy,2026-09-23 11:00:00,487436,808,1,挑战全程电车穿越河西走廊！结果和我想的完全不一样……,42110748198,27.48900,1,25,16777215,2026-09-23 22:47:24,1790174844,3,e1b26dfc,2206905562640619008,5
BV1nRhE6TEbK,117314380957709,挑战全程电车穿越河西走廊！结果和我想的完全不一样……,所长Wy,2026-09-23 11:00:00,487436,808,1,挑战全程电车穿越河西走廊！结果和我想的完全不一样……,42110748198,67.28900,1,25,16777215,2026-09-23 22:34:37,1790174077,3,2b927f91,2206899129609882368,5
BV1nRhE6TEbK,117314380957709,挑战全程电车穿越河西走廊！结果和我想的完全不一样……,所长Wy,2026-09-23 11:00:00,487436,808,1,挑战全程电车穿越河西走廊！结果和我想的完全不一样……,42110748198,0.57800,5,25,16777215,2026-09-23 22:33:27,1790174007,0,9a5f4288,2206898546685700096,千年學校嗎
BV1nRhE6TEbK,117314380957709,挑战全程电车穿越河西走廊！结果和我想的完全不一样……,所长Wy,2026-09-23 11:00:00,487436,808,1,挑战全程电车穿越河西走廊！结果和我想的完全不一样……,42110748198,5.84700,1,25,16777215,2026-09-23 22:31:52,1790173912,0,c2516852,2206897744785496576,送命就可以了啊
BV1nRhE6TEbK,117314380957709,挑战全程电车穿越河西走廊！结果和我想的完全不一样……,所长Wy,2026-09-23 11:00:00,487436,808,1,挑战全程电车穿越河西走廊！结果和我想的完全不一样……,42110748198,389.47100,1,25,16777215,2026-09-23 22:29:47,1790173787,0,4078c796,2206896700629922560,全是燕云bgm啊，求求大家玩儿玩儿燕云吧
BV1nRhE6TEbK,117314380957709,挑战全程电车穿越河西走廊！结果和我想的完全不一样……,所长Wy,2026-09-23 11:00:00,487436,808,1,挑战全程电车穿越河西走廊！结果和我想的完全不一样……,42110748198,15.97100,1,25,16777215,2026-09-23 22:28:37,1790173717,0,bf2d4d95,2206896111388734208,我废了，记成张塞了。。。
BV1nRhE6TEbK,117314380957709,挑战全程电车穿越河西走廊！结果和我想的完全不一样……,所长Wy,2026-09-23 11:00:00,487436,808,1,挑战全程电车穿越河西走廊！结果和我想的完全不一样……,42110748198,63.00000,1,25,16777215,2026-09-23 22:28:30,1790173710,3,ad1e4725,2206896051653489920,5
BV1nRhE6TEbK,117314380957709,挑战全程电车穿越河西走廊！结果和我想的完全不一样……,所长Wy,2026-09-23 11:00:00,487436,808,1,挑战全程电车穿越河西走廊！结果和我想的完全不一样……,42110748198,41.36100,1,25,16777215,2026-09-23 22:28:19,1790173699,0,4078c796,2206895957181088512,麻布袋
BV1nRhE6TEbK,117314380957709,挑战全程电车穿越河西走廊！结果和我想的完全不一样……,所长Wy,2026-09-23 11:00:00,487436,808,1,挑战全程电车穿越河西走廊！结果和我想的完全不一样……,42110748198,29.02800,1,25,16777215,2026-09-23 22:27:45,1790173665,0,4078c796,2206895670886332672,忽闻犬戎起狼心，叛逆西同把险林，星夜排兵奔疾道，此时用命总须擒
BV1nRhE6TEbK,117314380957709,挑战全程电车穿越河西走廊！结果和我想的完全不一样……,所长Wy,2026-09-23 11:00:00,487436,808,1,挑战全程电车穿越河西走廊！结果和我想的完全不一样……,42110748198,64.16000,1,25,16777215,2026-09-23 22:26:53,1790173613,3,52f6864d,2206895239552250368,5
BV1nRhE6TEbK,117314380957709,挑战全程电车穿越河西走廊！结果和我想的完全不一样……,所长Wy,2026-09-23 11:00:00,487436,808,1,挑战全程电车穿越河西走廊！结果和我想的完全不一样……,42110748198,22.88600,1,25,16777215,2026-09-23 22:26:15,1790173575,0,ded02312,2206894921615865088,5
BV1nRhE6TEbK,117314380957709,挑战全程电车穿越河西走廊！结果和我想的完全不一样……,所长Wy,2026-09-23 11:00:00,487436,808,1,挑战全程电车穿越河西走廊！结果和我想的完全不一样……,42110748198,65.23300,1,25,16777215,2026-09-23 22:26:13,1790173573,3,a7c2a5f2,2206894905039807232,5
BV1nRhE6TEbK,117314380957709,挑战全程电车穿越河西走廊！结果和我想的完全不一样……,所长Wy,2026-09-23 11:00:00,487436,808,1,挑战全程电车穿越河西走廊！结果和我想的完全不一样……,42110748198,338.44000,1,25,16777215,2026-09-23 22:22:17,1790173337,3,57a5c899,2206892924548235776,5
BV1nRhE6TEbK,117314380957709,挑战全程电车穿越河西走廊！结果和我想的完全不一样……,所长Wy,2026-09-23 11:00:00,487436,808,1,挑战全程电车穿越河西走廊！结果和我想的完全不一样……,42110748198,0.30000,1,25,16777215,2026-09-23 22:15:24,1790172924,0,c41eeb06,2206889456144045568,你变成病毒载体，所有靠近你的人大概率都会被毒死
BV1nRhE6TEbK,117314380957709,挑战全程电车穿越河西走廊！结果和我想的完全不一样……,所长Wy,2026-09-23 11:00:00,487436,808,1,挑战全程电车穿越河西走廊！结果和我想的完全不一样……,42110748198,65.18600,1,25,16777215,2026-09-23 22:14:10,1790172850,3,74a38783,2206888837014264320,5
BV1nRhE6TEbK,117314380957709,挑战全程电车穿越河西走廊！结果和我想的完全不一样……,所长Wy,2026-09-23 11:00:00,487436,808,1,挑战全程电车穿越河西走廊！结果和我想的完全不一样……,42110748198,338.56200,1,25,16777215,2026-09-23 22:13:31,1790172811,3,d2deea0b,2206888506855737856,5
BV1nRhE6TEbK,117314380957709,挑战全程电车穿越河西走廊！结果和我想的完全不一样……,所长Wy,2026-09-23 11:00:00,487436,808,1,挑战全程电车穿越河西走廊！结果和我想的完全不一样……,42110748198,4.49900,1,25,16777215,2026-09-23 22:12:00,1790172720,0,d100e85,2206887751318726400,三连再看
BV1nRhE6TEbK,117314380957709,挑战全程电车穿越河西走廊！结果和我想的完全不一样……,所长Wy,2026-09-23 11:00:00,487436,808,1,挑战全程电车穿越河西走廊！结果和我想的完全不一样……,42110748198,54.86100,1,25,16777215,2026-09-23 22:11:59,1790172719,0,11775f6e,2206887742888663808,汉使我喜欢，我去就是为了给祖国找一个开战的理由
BV1nRhE6TEbK,117314380957709,挑战全程电车穿越河西走廊！结果和我想的完全不一样……,所长Wy,2026-09-23 11:00:00,487436,808,1,挑战全程电车穿越河西走廊！结果和我想的完全不一样……,42110748198,29.58700,1,25,16777215,2026-09-23 22:10:47,1790172647,3,d2deea0b,2206887132332357888,5
BV1nRhE6TEbK,117314380957709,挑战全程电车穿越河西走廊！结果和我想的完全不一样……,所长Wy,2026-09-23 11:00:00,487436,808,1,挑战全程电车穿越河西走廊！结果和我想的完全不一样……,42110748198,67.90000,1,25,16777215,2026-09-23 22:09:40,1790172580,3,d7f654b0,2206886576351784704,5
BV1nRhE6TEbK,117314380957709,挑战全程电车穿越河西走廊！结果和我想的完全不一样……,所长Wy,2026-09-23 11:00:00,487436,808,1,挑战全程电车穿越河西走廊！结果和我想的完全不一样……,42110748198,65.42800,1,25,16777215,2026-09-23 22:06:04,1790172364,3,8848fe86,2206884764932306176,5
BV1nRhE6TEbK,117314380957709,挑战全程电车穿越河西走廊！结果和我想的完全不一样……,所长Wy,2026-09-23 11:00:00,487436,808,1,挑战全程电车穿越河西走廊！结果和我想的完全不一样……,42110748198,65.20000,1,25,16777215,2026-09-23 22:05:12,1790172312,3,fad37bff,2206884329051755520,5
BV1nRhE6TEbK,117314380957709,挑战全程电车穿越河西走廊！结果和我想的完全不一样……,所长Wy,2026-09-23 11:00:00,487436,808,1,挑战全程电车穿越河西走廊！结果和我想的完全不一样……,42110748198,65.86500,1,25,16777215,2026-09-23 22:04:48,1790172288,3,1bb05d7,2206884122574723072,5
BV1nRhE6TEbK,117314380957709,挑战全程电车穿越河西走廊！结果和我想的完全不一样……,所长Wy,2026-09-23 11:00:00,487436,808,1,挑战全程电车穿越河西走廊！结果和我想的完全不一样……,42110748198,339.00000,1,25,16777215,2026-09-23 22:04:10,1790172250,3,df096062,2206883808211778048,5
BV1nRhE6TEbK,117314380957709,挑战全程电车穿越河西走廊！结果和我想的完全不一样……,所长Wy,2026-09-23 11:00:00,487436,808,1,挑战全程电车穿越河西走廊！结果和我想的完全不一样……,42110748198,337.59200,1,25,16777215,2026-09-23 22:01:29,1790172089,3,35c2c37,2206882457133835264,5
BV1nRhE6TEbK,117314380957709,挑战全程电车穿越河西走廊！结果和我想的完全不一样……,所长Wy,2026-09-23 11:00:00,487436,808,1,挑战全程电车穿越河西走廊！结果和我想的完全不一样……,42110748198,336.31400,1,25,16777215,2026-09-23 22:00:36,1790172036,3,cca52408,2206882010533106432,5
BV1nRhE6TEbK,117314380957709,挑战全程电车穿越河西走廊！结果和我想的完全不一样……,所长Wy,2026-09-23 11:00:00,487436,808,1,挑战全程电车穿越河西走廊！结果和我想的完全不一样……,42110748198,11.33300,1,25,16777215,2026-09-23 21:59:33,1790171973,0,2eca0191,2206881483359162880,我吗？
BV1nRhE6TEbK,117314380957709,挑战全程电车穿越河西走廊！结果和我想的完全不一样……,所长Wy,2026-09-23 11:00:00,487436,808,1,挑战全程电车穿越河西走廊！结果和我想的完全不一样……,42110748198,66.11300,1,25,16777215,2026-09-23 21:57:06,1790171826,3,8ed691ed,2206880247113378560,5
BV1nRhE6TEbK,117314380957709,挑战全程电车穿越河西走廊！结果和我想的完全不一样……,所长Wy,2026-09-23 11:00:00,487436,808,1,挑战全程电车穿越河西走廊！结果和我想的完全不一样……,42110748198,64.72100,1,25,16777215,2026-09-23 21:56:29,1790171789,3,cca52408,2206879934058655488,5
BV1nRhE6TEbK,117314380957709,挑战全程电车穿越河西走廊！结果和我想的完全不一样……,所长Wy,2026-09-23 11:00:00,487436,808,1,挑战全程电车穿越河西走廊！结果和我想的完全不一样……,42110748198,27.57100,1,25,16777215,2026-09-23 21:56:09,1790171769,3,109122bd,2206879766572062208,5
BV1nRhE6TEbK,117314380957709,挑战全程电车穿越河西走廊！结果和我想的完全不一样……,所长Wy,2026-09-23 11:00:00,487436,808,1,挑战全程电车穿越河西走廊！结果和我想的完全不一样……,42110748198,46.85100,5,25,15138834,2026-09-23 21:56:00,1790171760,0,cca52408,2206879698842774016,整段垮掉
BV1nRhE6TEbK,117314380957709,挑战全程电车穿越河西走廊！结果和我想的完全不一样……,所长Wy,2026-09-23 11:00:00,487436,808,1,挑战全程电车穿越河西走廊！结果和我想的完全不一样……,42110748198,66.26600,1,25,16777215,2026-09-23 21:54:53,1790171693,3,ee445057,2206879131789055232,5
BV1nRhE6TEbK,117314380957709,挑战全程电车穿越河西走廊！结果和我想的完全不一样……,所长Wy,2026-09-23 11:00:00,487436,808,1,挑战全程电车穿越河西走廊！结果和我想的完全不一样……,42110748198,67.08300,1,25,16777215,2026-09-23 21:53:14,1790171594,3,549db38c,2206878305175798784,4
BV1nRhE6TEbK,117314380957709,挑战全程电车穿越河西走廊！结果和我想的完全不一样……,所长Wy,2026-09-23 11:00:00,487436,808,1,挑战全程电车穿越河西走廊！结果和我想的完全不一样……,42110748198,11.05600,1,25,16777215,2026-09-23 21:51:59,1790171519,0,92f563e6,2206877669789587712,我吗？
BV1nRhE6TEbK,117314380957709,挑战全程电车穿越河西走廊！结果和我想的完全不一样……,所长Wy,2026-09-23 11:00:00,487436,808,1,挑战全程电车穿越河西走廊！结果和我想的完全不一样……,42110748198,66.45600,1,25,16777215,2026-09-23 21:50:55,1790171455,3,20c25dd,2206877136155926016,5
BV1nRhE6TEbK,117314380957709,挑战全程电车穿越河西走廊！结果和我想的完全不一样……,所长Wy,2026-09-23 11:00:00,487436,808,1,挑战全程电车穿越河西走廊！结果和我想的完全不一样……,42110748198,65.05700,1,25,16777215,2026-09-23 21:49:27,1790171367,3,7f88e7a3,2206876393706132736,5
BV1nRhE6TEbK,117314380957709,挑战全程电车穿越河西走廊！结果和我想的完全不一样……,所长Wy,2026-09-23 11:00:00,487436,808,1,挑战全程电车穿越河西走廊！结果和我想的完全不一样……,42110748198,3.60300,1,25,16777215,2026-09-23 21:49:00,1790171340,0,10aeab7f,2206876174586897152,穿越千年的眼泪
BV1nRhE6TEbK,117314380957709,挑战全程电车穿越河西走廊！结果和我想的完全不一样……,所长Wy,2026-09-23 11:00:00,487436,808,1,挑战全程电车穿越河西走廊！结果和我想的完全不一样……,42110748198,34.17100,5,25,15138834,2026-09-23 21:48:26,1790171306,0,20742736,2206875888250175744,燕子？
BV1nRhE6TEbK,117314380957709,挑战全程电车穿越河西走廊！结果和我想的完全不一样……,所长Wy,2026-09-23 11:00:00,487436,808,1,挑战全程电车穿越河西走廊！结果和我想的完全不一样……,42110748198,7.49900,1,25,16777215,2026-09-23 21:47:40,1790171260,0,a3e9034f,2206875497030649088,不去！！！！！我会死半路上的
BV1nRhE6TEbK,117314380957709,挑战全程电车穿越河西走廊！结果和我想的完全不一样……,所长Wy,2026-09-23 11:00:00,487436,808,1,挑战全程电车穿越河西走廊！结果和我想的完全不一样……,42110748198,12.81800,1,25,16777215,2026-09-23 21:45:22,1790171122,0,32d11ab,2206874346046336256,600
BV1nRhE6TEbK,117314380957709,挑战全程电车穿越河西走廊！结果和我想的完全不一样……,所长Wy,2026-09-23 11:00:00,487436,808,1,挑战全程电车穿越河西走廊！结果和我想的完全不一样……,42110748198,66.00000,1,25,16777215,2026-09-23 21:44:39,1790171079,3,df096062,2206873982467062784,5
BV1nRhE6TEbK,117314380957709,挑战全程电车穿越河西走廊！结果和我想的完全不一样……,所长Wy,2026-09-23 11:00:00,487436,808,1,挑战全程电车穿越河西走廊！结果和我想的完全不一样……,42110748198,65.47200,1,25,16777215,2026-09-23 21:42:35,1790170955,3,9bed5164,2206872940048695808,5
BV1nRhE6TEbK,117314380957709,挑战全程电车穿越河西走廊！结果和我想的完全不一样……,所长Wy,2026-09-23 11:00:00,487436,808,1,挑战全程电车穿越河西走廊！结果和我想的完全不一样……,42110748198,5.68800,1,25,16777215,2026-09-23 21:42:17,1790170937,0,722fd77e,2206872793918854912,我吗？
BV1nRhE6TEbK,117314380957709,挑战全程电车穿越河西走廊！结果和我想的完全不一样……,所长Wy,2026-09-23 11:00:00,487436,808,1,挑战全程电车穿越河西走廊！结果和我想的完全不一样……,42110748198,8.06400,1,25,16777215,2026-09-23 21:42:16,1790170936,0,da9d1928,2206872780564928000,我？
BV1nRhE6TEbK,117314380957709,挑战全程电车穿越河西走廊！结果和我想的完全不一样……,所长Wy,2026-09-23 11:00:00,487436,808,1,挑战全程电车穿越河西走廊！结果和我想的完全不一样……,42110748198,67.90000,1,25,16777215,2026-09-23 21:34:17,1790170457,3,133f21c1,2206868766313496320,5
BV1nRhE6TEbK,117314380957709,挑战全程电车穿越河西走廊！结果和我想的完全不一样……,所长Wy,2026-09-23 11:00:00,487436,808,1,挑战全程电车穿越河西走廊！结果和我想的完全不一样……,42110748198,7.87100,1,25,16777215,2026-09-23 21:31:29,1790170289,0,879a47f3,2206867357757536512,走半路就是毒虫毒死了
BV1nRhE6TEbK,117314380957709,挑战全程电车穿越河西走廊！结果和我想的完全不一样……,所长Wy,2026-09-23 11:00:00,487436,808,1,挑战全程电车穿越河西走廊！结果和我想的完全不一样……,42110748198,69.16800,1,25,16777215,2026-09-23 21:31:07,1790170267,0,223b8aa0,2206867169684572160,5
BV1nRhE6TEbK,117314380957709,挑战全程电车穿越河西走廊！结果和我想的完全不一样……,所长Wy,2026-09-23 11:00:00,487436,808,1,挑战全程电车穿越河西走廊！结果和我想的完全不一样……,42110748198,65.75700,1,25,16777215,2026-09-23 21:28:29,1790170109,3,d98d2dac,2206865844082917376,5
BV1nRhE6TEbK,117314380957709,挑战全程电车穿越河西走廊！结果和我想的完全不一样……,所长Wy,2026-09-23 11:00:00,487436,808,1,挑战全程电车穿越河西走廊！结果和我想的完全不一样……,42110748198,67.01400,1,25,16777215,2026-09-23 21:27:49,1790170069,3,7ae6d7ad,2206865507079031808,5
BV1nRhE6TEbK,117314380957709,挑战全程电车穿越河西走廊！结果和我想的完全不一样……,所长Wy,2026-09-23 11:00:00,487436,808,1,挑战全程电车穿越河西走廊！结果和我想的完全不一样……,42110748198,65.94900,1,25,16777215,2026-09-23 21:27:29,1790170049,3,54aba135,2206865340674160384,5
BV1nRhE6TEbK,117314380957709,挑战全程电车穿越河西走廊！结果和我想的完全不一样……,所长Wy,2026-09-23 11:00:00,487436,808,1,挑战全程电车穿越河西走廊！结果和我想的完全不一样……,42110748198,66.78600,1,25,16777215,2026-09-23 21:26:52,1790170012,3,a450b6a2,2206865030849338880,5
BV1nRhE6TEbK,117314380957709,挑战全程电车穿越河西走廊！结果和我想的完全不一样……,所长Wy,2026-09-23 11:00:00,487436,808,1,挑战全程电车穿越河西走廊！结果和我想的完全不一样……,42110748198,7.95100,1,25,16777215,2026-09-23 21:26:49,1790170009,0,72ba197,2206865001942442752,大汉有自己的命运
BV1nRhE6TEbK,117314380957709,挑战全程电车穿越河西走廊！结果和我想的完全不一样……,所长Wy,2026-09-23 11:00:00,487436,808,1,挑战全程电车穿越河西走廊！结果和我想的完全不一样……,42110748198,64.92200,1,25,16777215,2026-09-23 21:25:55,1790169955,3,9a2d5e09,2206864552564465920,5
BV1nRhE6TEbK,117314380957709,挑战全程电车穿越河西走廊！结果和我想的完全不一样……,所长Wy,2026-09-23 11:00:00,487436,808,1,挑战全程电车穿越河西走廊！结果和我想的完全不一样……,42110748198,3.05800,1,25,16777215,2026-09-23 21:24:47,1790169887,0,3569e4a9,2206863982945205504,穿越千年的画面的钟
BV1nRhE6TEbK,117314380957709,挑战全程电车穿越河西走廊！结果和我想的完全不一样……,所长Wy,2026-09-23 11:00:00,487436,808,1,挑战全程电车穿越河西走廊！结果和我想的完全不一样……,42110748198,19.88000,1,25,16777215,2026-09-23 21:24:21,1790169861,0,c8bfcb20,2206863765201377536,可能走去的地方西欧
BV1nRhE6TEbK,117314380957709,挑战全程电车穿越河西走廊！结果和我想的完全不一样……,所长Wy,2026-09-23 11:00:00,487436,808,1,挑战全程电车穿越河西走廊！结果和我想的完全不一样……,42110748198,64.35100,1,25,16777215,2026-09-23 21:23:45,1790169825,3,5f54337e,2206863461013735680,5
BV1nRhE6TEbK,117314380957709,挑战全程电车穿越河西走廊！结果和我想的完全不一样……,所长Wy,2026-09-23 11:00:00,487436,808,1,挑战全程电车穿越河西走廊！结果和我想的完全不一样……,42110748198,69.84400,1,25,16777215,2026-09-23 21:23:22,1790169802,0,8a5ae759,2206863270902963456,5
BV1nRhE6TEbK,117314380957709,挑战全程电车穿越河西走廊！结果和我想的完全不一样……,所长Wy,2026-09-23 11:00:00,487436,808,1,挑战全程电车穿越河西走廊！结果和我想的完全不一样……,42110748198,67.34600,1,25,16777215,2026-09-23 21:23:06,1790169786,3,9a7d9e2e,2206863137884629248,5
BV1nRhE6TEbK,117314380957709,挑战全程电车穿越河西走廊！结果和我想的完全不一样……,所长Wy,2026-09-23 11:00:00,487436,808,1,挑战全程电车穿越河西走廊！结果和我想的完全不一样……,42110748198,65.12400,1,25,16777215,2026-09-23 21:22:53,1790169773,3,a0b734e0,2206863030342633472,5
BV1nRhE6TEbK,117314380957709,挑战全程电车穿越河西走廊！结果和我想的完全不一样……,所长Wy,2026-09-23 11:00:00,487436,808,1,挑战全程电车穿越河西走廊！结果和我想的完全不一样……,42110748198,65.92200,1,25,16777215,2026-09-23 21:21:17,1790169677,3,6f8082e,2206862218568864256,5
BV1nRhE6TEbK,117314380957709,挑战全程电车穿越河西走廊！结果和我想的完全不一样……,所长Wy,2026-09-23 11:00:00,487436,808,1,挑战全程电车穿越河西走廊！结果和我想的完全不一样……,42110748198,66.98100,1,25,16777215,2026-09-23 21:21:10,1790169670,3,f8778c86,2206862158791636224,4
BV1nRhE6TEbK,117314380957709,挑战全程电车穿越河西走廊！结果和我想的完全不一样……,所长Wy,2026-09-23 11:00:00,487436,808,1,挑战全程电车穿越河西走廊！结果和我想的完全不一样……,42110748198,63.00000,1,25,16777215,2026-09-23 21:18:36,1790169516,3,f1643b13,2206860868220949760,5
BV1nRhE6TEbK,117314380957709,挑战全程电车穿越河西走廊！结果和我想的完全不一样……,所长Wy,2026-09-23 11:00:00,487436,808,1,挑战全程电车穿越河西走廊！结果和我想的完全不一样……,42110748198,6.89400,1,25,16777215,2026-09-23 21:18:25,1790169505,0,acaa17c,2206860776332553984,算了吧
BV1nRhE6TEbK,117314380957709,挑战全程电车穿越河西走廊！结果和我想的完全不一样……,所长Wy,2026-09-23 11:00:00,487436,808,1,挑战全程电车穿越河西走廊！结果和我想的完全不一样……,42110748198,27.67300,1,25,16777215,2026-09-23 21:16:45,1790169405,3,41fa2984,2206859939551542272,5
BV1nRhE6TEbK,117314380957709,挑战全程电车穿越河西走廊！结果和我想的完全不一样……,所长Wy,2026-09-23 11:00:00,487436,808,1,挑战全程电车穿越河西走廊！结果和我想的完全不一样……,42110748198,83.14500,1,25,16777215,2026-09-23 21:14:28,1790169268,0,b44c2d72,2206858790589364480,韭菜车
BV1nRhE6TEbK,117314380957709,挑战全程电车穿越河西走廊！结果和我想的完全不一样……,所长Wy,2026-09-23 11:00:00,487436,808,1,挑战全程电车穿越河西走廊！结果和我想的完全不一样……,42110748198,10.33400,1,25,16777215,2026-09-23 20:52:21,1790167941,0,fa9e4bcc,2206847656591711744,我就在河西走廊，还是家里
BV1nRhE6TEbK,117314380957709,挑战全程电车穿越河西走廊！结果和我想的完全不一样……,所长Wy,2026-09-23 11:00:00,487436,808,1,挑战全程电车穿越河西走廊！结果和我想的完全不一样……,42110748198,28.30900,1,25,16777215,2026-09-23 19:42:06,1790163726,0,f80624b3,2206812297350151936,楼兰：请输入文本
BV1nRhE6TEbK,117314380957709,挑战全程电车穿越河西走廊！结果和我想的完全不一样……,所长Wy,2026-09-23 11:00:00,487436,808,1,挑战全程电车穿越河西走廊！结果和我想的完全不一样……,42110748198,28.07600,1,25,16777215,2026-09-23 19:40:23,1790163623,3,a0c9dfac,2206811432635726336,5
BV1nRhE6TEbK,117314380957709,挑战全程电车穿越河西走廊！结果和我想的完全不一样……,所长Wy,2026-09-23 11:00:00,487436,808,1,挑战全程电车穿越河西走廊！结果和我想的完全不一样……,42110748198,8.79000,1,25,16777215,2026-09-23 19:33:24,1790163204,0,57aeeb6a,2206807921130775808,没那么位高权重
BV1nRhE6TEbK,117314380957709,挑战全程电车穿越河西走廊！结果和我想的完全不一样……,所长Wy,2026-09-23 11:00:00,487436,808,1,挑战全程电车穿越河西走廊！结果和我想的完全不一样……,42110748198,25.55000,1,25,16777215,2026-09-23 19:32:21,1790163141,3,4a179193,2206807395207331840,5
BV1nRhE6TEbK,117314380957709,挑战全程电车穿越河西走廊！结果和我想的完全不一样……,所长Wy,2026-09-23 11:00:00,487436,808,1,挑战全程电车穿越河西走廊！结果和我想的完全不一样……,42110748198,18.14500,1,25,16777215,2026-09-23 19:31:10,1790163070,0,2d2b080,2206806798726706176,不是刚出使就被抓了吗？
BV1nRhE6TEbK,117314380957709,挑战全程电车穿越河西走廊！结果和我想的完全不一样……,所长Wy,2026-09-23 11:00:00,487436,808,1,挑战全程电车穿越河西走廊！结果和我想的完全不一样……,42110748198,223.31600,1,25,16777215,2026-09-23 19:21:06,1790162466,0,2ed5f417,2206801734708775680,因为上一个车主的电池还没充满
BV1nRhE6TEbK,117314380957709,挑战全程电车穿越河西走廊！结果和我想的完全不一样……,所长Wy,2026-09-23 11:00:00,487436,808,1,挑战全程电车穿越河西走廊！结果和我想的完全不一样……,42110748198,15.28900,1,25,16777215,2026-09-23 19:19:00,1790162340,0,b0964835,2206800678004433152,赴汤蹈火啊刘哥
BV1nRhE6TEbK,117314380957709,挑战全程电车穿越河西走廊！结果和我想的完全不一样……,所长Wy,2026-09-23 11:00:00,487436,808,1,挑战全程电车穿越河西走廊！结果和我想的完全不一样……,42110748198,338.99600,1,25,16777215,2026-09-23 19:16:24,1790162184,3,a35f47bf,2206799364322689024,5
BV1nRhE6TEbK,117314380957709,挑战全程电车穿越河西走廊！结果和我想的完全不一样……,所长Wy,2026-09-23 11:00:00,487436,808,1,挑战全程电车穿越河西走廊！结果和我想的完全不一样……,42110748198,31.41700,1,25,16777215,2026-09-23 19:09:32,1790161772,0,6d3c700e,2206795912578550528,5
BV1nRhE6TEbK,117314380957709,挑战全程电车穿越河西走廊！结果和我想的完全不一样……,所长Wy,2026-09-23 11:00:00,487436,808,1,挑战全程电车穿越河西走廊！结果和我想的完全不一样……,42110748198,29.84000,1,25,16777215,2026-09-23 19:07:20,1790161640,0,e56abeef,2206794803814082816,5
BV1nRhE6TEbK,117314380957709,挑战全程电车穿越河西走廊！结果和我想的完全不一样……,所长Wy,2026-09-23 11:00:00,487436,808,1,挑战全程电车穿越河西走廊！结果和我想的完全不一样……,42110748198,17.24000,1,25,16777215,2026-09-23 19:03:24,1790161404,0,2fea6f56,2206792822743459328,我吗？
BV1nRhE6TEbK,117314380957709,挑战全程电车穿越河西走廊！结果和我想的完全不一样……,所长Wy,2026-09-23 11:00:00,487436,808,1,挑战全程电车穿越河西走廊！结果和我想的完全不一样……,42110748198,337.45100,1,25,16777215,2026-09-23 19:01:09,1790161269,3,835510cf,2206791691070150400,5
BV1nRhE6TEbK,117314380957709,挑战全程电车穿越河西走廊！结果和我想的完全不一样……,所长Wy,2026-09-23 11:00:00,487436,808,1,挑战全程电车穿越河西走廊！结果和我想的完全不一样……,42110748198,10.84800,1,25,15138834,2026-09-23 19:00:05,1790161205,0,c1e4d215,2206791150869494016,出使西域？（外族：汉使何来？ 我：你骂我！我自刎归天！）狗头
BV1nRhE6TEbK,117314380957709,挑战全程电车穿越河西走廊！结果和我想的完全不一样……,所长Wy,2026-09-23 11:00:00,487436,808,1,挑战全程电车穿越河西走廊！结果和我想的完全不一样……,42110748198,11.42700,1,25,16777215,2026-09-23 18:55:04,1790160904,0,65bdf1a0,2206788624111638272,我还是秦始皇呢
BV1nRhE6TEbK,117314380957709,挑战全程电车穿越河西走廊！结果和我想的完全不一样……,所长Wy,2026-09-23 11:00:00,487436,808,1,挑战全程电车穿越河西走廊！结果和我想的完全不一样……,42110748198,69.57000,1,25,9487136,2026-09-23 18:53:05,1790160785,0,7a8af36a,2206787628182640128,5
BV1nRhE6TEbK,117314380957709,挑战全程电车穿越河西走廊！结果和我想的完全不一样……,所长Wy,2026-09-23 11:00:00,487436,808,1,挑战全程电车穿越河西走廊！结果和我想的完全不一样……,42110748198,26.52300,1,25,16777215,2026-09-23 18:43:59,1790160239,3,e714ac24,2206783052129839360,5
BV1nRhE6TEbK,117314380957709,挑战全程电车穿越河西走廊！结果和我想的完全不一样……,所长Wy,2026-09-23 11:00:00,487436,808,1,挑战全程电车穿越河西走廊！结果和我想的完全不一样……,42110748198,338.31200,1,25,16777215,2026-09-23 18:39:22,1790159962,3,1b6bf851,2206780722193226496,5
BV1nRhE6TEbK,117314380957709,挑战全程电车穿越河西走廊！结果和我想的完全不一样……,所长Wy,2026-09-23 11:00:00,487436,808,1,挑战全程电车穿越河西走廊！结果和我想的完全不一样……,42110748198,20.52400,1,25,16777215,2026-09-23 18:34:50,1790159690,0,a7c3c975,2206778447479774720,我一直叫他张赛 哈哈
BV1nRhE6TEbK,117314380957709,挑战全程电车穿越河西走廊！结果和我想的完全不一样……,所长Wy,2026-09-23 11:00:00,487436,808,1,挑战全程电车穿越河西走廊！结果和我想的完全不一样……,42110748198,28.21000,1,25,16777215,2026-09-23 18:30:50,1790159450,3,818f19e5,2206776432519702528,5
BV1nRhE6TEbK,117314380957709,挑战全程电车穿越河西走廊！结果和我想的完全不一样……,所长Wy,2026-09-23 11:00:00,487436,808,1,挑战全程电车穿越河西走廊！结果和我想的完全不一样……,42110748198,28.79500,1,25,16777215,2026-09-23 18:25:14,1790159114,3,36685cf7,2206773614811630080,5
BV1nRhE6TEbK,117314380957709,挑战全程电车穿越河西走廊！结果和我想的完全不一样……,所长Wy,2026-09-23 11:00:00,487436,808,1,挑战全程电车穿越河西走廊！结果和我想的完全不一样……,42110748198,5.38300,1,25,16777215,2026-09-23 18:24:22,1790159062,0,1dae170a,2206773177948984576,啊，我也要死西域吗？
BV1nRhE6TEbK,117314380957709,挑战全程电车穿越河西走廊！结果和我想的完全不一样……,所长Wy,2026-09-23 11:00:00,487436,808,1,挑战全程电车穿越河西走廊！结果和我想的完全不一样……,42110748198,7.64000,1,25,16777215,2026-09-23 18:24:21,1790159061,0,1a333d8b,2206773167446971904,哦，那我死也要死在那边了
BV1nRhE6TEbK,117314380957709,挑战全程电车穿越河西走廊！结果和我想的完全不一样……,所长Wy,2026-09-23 11:00:00,487436,808,1,挑战全程电车穿越河西走廊！结果和我想的完全不一样……,42110748198,339.51200,1,25,16777215,2026-09-23 18:21:58,1790158918,3,8913b53c,2206771965803446272,5
BV1nRhE6TEbK,117314380957709,挑战全程电车穿越河西走廊！结果和我想的完全不一样……,所长Wy,2026-09-23 11:00:00,487436,808,1,挑战全程电车穿越河西走廊！结果和我想的完全不一样……,42110748198,337.00000,1,25,16777215,2026-09-23 18:17:25,1790158645,3,679fd4b9,2206769678490344448,1
BV1nRhE6TEbK,117314380957709,挑战全程电车穿越河西走廊！结果和我想的完全不一样……,所长Wy,2026-09-23 11:00:00,487436,808,1,挑战全程电车穿越河西走廊！结果和我想的完全不一样……,42110748198,338.95600,1,25,16777215,2026-09-23 18:16:47,1790158607,3,71e947eb,2206769362491267584,5
BV1nRhE6TEbK,117314380957709,挑战全程电车穿越河西走廊！结果和我想的完全不一样……,所长Wy,2026-09-23 11:00:00,487436,808,1,挑战全程电车穿越河西走廊！结果和我想的完全不一样……,42110748198,9.74400,1,25,16777215,2026-09-23 18:10:54,1790158254,0,26a94c9f,2206766398561475072,张骞大概率是一支使团，他不可能走路的，骑马骑骆驼
BV1nRhE6TEbK,117314380957709,挑战全程电车穿越河西走廊！结果和我想的完全不一样……,所长Wy,2026-09-23 11:00:00,487436,808,1,挑战全程电车穿越河西走廊！结果和我想的完全不一样……,42110748198,334.80000,1,25,16777215,2026-09-23 18:08:22,1790158102,3,e30a12c5,2206765119382296832,5
BV1nRhE6TEbK,117314380957709,挑战全程电车穿越河西走廊！结果和我想的完全不一样……,所长Wy,2026-09-23 11:00:00,487436,808,1,挑战全程电车穿越河西走廊！结果和我想的完全不一样……,42110748198,4.54600,1,25,16777215,2026-09-23 18:03:12,1790157792,0,8c8e7340,2206762526270990336,直接去坎皇帝
BV1nRhE6TEbK,117314380957709,挑战全程电车穿越河西走廊！结果和我想的完全不一样……,所长Wy,2026-09-23 11:00:00,487436,808,1,挑战全程电车穿越河西走廊！结果和我想的完全不一样……,42110748198,225.27800,1,25,16777215,2026-09-23 18:00:43,1790157643,0,df71702d,2206761270991614976,为了电池寿命考虑的，延缓衰减
BV1nRhE6TEbK,117314380957709,挑战全程电车穿越河西走廊！结果和我想的完全不一样……,所长Wy,2026-09-23 11:00:00,487436,808,1,挑战全程电车穿越河西走廊！结果和我想的完全不一样……,42110748198,8.07800,1,25,16707842,2026-09-23 17:59:10,1790157550,0,e52faac3,2206760494684159232,张骞通西域?
BV1nRhE6TEbK,117314380957709,挑战全程电车穿越河西走廊！结果和我想的完全不一样……,所长Wy,2026-09-23 11:00:00,487436,808,1,挑战全程电车穿越河西走廊！结果和我想的完全不一样……,42110748198,80.10400,1,25,16777215,2026-09-23 17:57:07,1790157427,0,df71702d,2206759462399258368,大制作
BV1nRhE6TEbK,117314380957709,挑战全程电车穿越河西走廊！结果和我想的完全不一样……,所长Wy,2026-09-23 11:00:00,487436,808,1,挑战全程电车穿越河西走廊！结果和我想的完全不一样……,42110748198,9.18200,1,25,16777215,2026-09-23 17:52:09,1790157129,0,a27205e7,2206756958399951616,不想
BV1nRhE6TEbK,117314380957709,挑战全程电车穿越河西走廊！结果和我想的完全不一样……,所长Wy,2026-09-23 11:00:00,487436,808,1,挑战全程电车穿越河西走廊！结果和我想的完全不一样……,42110748198,154.26000,1,25,16777215,2026-09-23 17:49:58,1790156998,0,6d8d83fe,2206755862897363968,三单，第三人称单数
BV1nRhE6TEbK,117314380957709,挑战全程电车穿越河西走廊！结果和我想的完全不一样……,所长Wy,2026-09-23 11:00:00,487436,808,1,挑战全程电车穿越河西走廊！结果和我想的完全不一样……,42110748198,340.06600,1,25,16777215,2026-09-23 17:17:34,1790155054,0,c3d45d5,2206739558480060672,好看
BV1nRhE6TEbK,117314380957709,挑战全程电车穿越河西走廊！结果和我想的完全不一样……,所长Wy,2026-09-23 11:00:00,487436,808,1,挑战全程电车穿越河西走廊！结果和我想的完全不一样……,42110748198,73.09300,1,25,16777215,2026-09-23 17:15:29,1790154929,0,a2b9576e,2206738505609866496,s and I
BV1nRhE6TEbK,117314380957709,挑战全程电车穿越河西走廊！结果和我想的完全不一样……,所长Wy,2026-09-23 11:00:00,487436,808,1,挑战全程电车穿越河西走廊！结果和我想的完全不一样……,42110748198,156.93900,1,25,16777215,2026-09-23 17:14:07,1790154847,0,c3d45d5,2206737821602306304,风景太美了
BV1nRhE6TEbK,117314380957709,挑战全程电车穿越河西走廊！结果和我想的完全不一样……,所长Wy,2026-09-23 11:00:00,487436,808,1,挑战全程电车穿越河西走廊！结果和我想的完全不一样……,42110748198,339.00000,1,25,16777215,2026-09-23 17:13:41,1790154821,3,b19d8a02,2206737599455041792,5
BV1nRhE6TEbK,117314380957709,挑战全程电车穿越河西走廊！结果和我想的完全不一样……,所长Wy,2026-09-23 11:00:00,487436,808,1,挑战全程电车穿越河西走廊！结果和我想的完全不一样……,42110748198,83.47000,1,25,16777215,2026-09-23 17:13:13,1790154793,0,c3d45d5,2206737363558978816,太震撼了
BV1nRhE6TEbK,117314380957709,挑战全程电车穿越河西走廊！结果和我想的完全不一样……,所长Wy,2026-09-23 11:00:00,487436,808,1,挑战全程电车穿越河西走廊！结果和我想的完全不一样……,42110748198,8.40000,1,25,16777215,2026-09-23 17:09:41,1790154581,0,858c553b,2206735583782076160,自杀   出师之名   好文明
BV1nRhE6TEbK,117314380957709,挑战全程电车穿越河西走廊！结果和我想的完全不一样……,所长Wy,2026-09-23 11:00:00,487436,808,1,挑战全程电车穿越河西走廊！结果和我想的完全不一样……,42110748198,44.24000,1,25,16777215,2026-09-23 17:01:31,1790154091,0,391a0a72,2206731475100545280,明月出天山，苍茫云海间！
BV1nRhE6TEbK,117314380957709,挑战全程电车穿越河西走廊！结果和我想的完全不一样……,所长Wy,2026-09-23 11:00:00,487436,808,1,挑战全程电车穿越河西走廊！结果和我想的完全不一样……,42110748198,13.80000,1,25,16777215,2026-09-23 16:58:43,1790153923,0,696f3b3e,2206730070847434496,发型太草率了
BV1nRhE6TEbK,117314380957709,挑战全程电车穿越河西走廊！结果和我想的完全不一样……,所长Wy,2026-09-23 11:00:00,487436,808,1,挑战全程电车穿越河西走廊！结果和我想的完全不一样……,42110748198,40.80000,1,25,16777215,2026-09-23 16:55:43,1790153743,0,64a4263a,2206728555302532608,公元前到现在多少年了？穿越千年到什么朝代？这么不严谨的吗？
BV1nRhE6TEbK,117314380957709,挑战全程电车穿越河西走廊！结果和我想的完全不一样……,所长Wy,2026-09-23 11:00:00,487436,808,1,挑战全程电车穿越河西走廊！结果和我想的完全不一样……,42110748198,23.83800,1,25,16777215,2026-09-23 16:54:06,1790153646,0,eb91cad9,2206727740517596160,5
BV1nRhE6TEbK,117314380957709,挑战全程电车穿越河西走廊！结果和我想的完全不一样……,所长Wy,2026-09-23 11:00:00,487436,808,1,挑战全程电车穿越河西走廊！结果和我想的完全不一样……,42110748198,13.26400,1,25,16777215,2026-09-23 16:50:36,1790153436,0,565cd1f3,2206725978943460352,好多热巴和娜扎
BV1nRhE6TEbK,117314380957709,挑战全程电车穿越河西走廊！结果和我想的完全不一样……,所长Wy,2026-09-23 11:00:00,487436,808,1,挑战全程电车穿越河西走廊！结果和我想的完全不一样……,42110748198,8.69800,1,25,16777215,2026-09-23 16:45:24,1790153124,0,6d356419,2206723364432013056,电车算挑战吗，合着不豹就行是吗
BV1nRhE6TEbK,117314380957709,挑战全程电车穿越河西走廊！结果和我想的完全不一样……,所长Wy,2026-09-23 11:00:00,487436,808,1,挑战全程电车穿越河西走廊！结果和我想的完全不一样……,42110748198,26.14100,1,25,16777215,2026-09-23 16:43:50,1790153030,0,4b3dde4,2206722571968648704,一拍即合
BV1nRhE6TEbK,117314380957709,挑战全程电车穿越河西走廊！结果和我想的完全不一样……,所长Wy,2026-09-23 11:00:00,487436,808,1,挑战全程电车穿越河西走廊！结果和我想的完全不一样……,42110748198,147.92800,5,25,16777215,2026-09-23 16:42:35,1790152955,0,9d25de90,2206721949080485888,三单动词场{doge
BV1nRhE6TEbK,117314380957709,挑战全程电车穿越河西走廊！结果和我想的完全不一样……,所长Wy,2026-09-23 11:00:00,487436,808,1,挑战全程电车穿越河西走廊！结果和我想的完全不一样……,42110748198,6.08600,1,25,16777215,2026-09-23 16:42:27,1790152947,0,a545092f,2206721876947685888,语言不通，下一个
BV1nRhE6TEbK,117314380957709,挑战全程电车穿越河西走廊！结果和我想的完全不一样……,所长Wy,2026-09-23 11:00:00,487436,808,1,挑战全程电车穿越河西走廊！结果和我想的完全不一样……,42110748198,97.36000,1,25,16777215,2026-09-23 16:36:12,1790152572,0,247bbde5,2206718734608292864,燕云十六声的BGM？
BV1nRhE6TEbK,117314380957709,挑战全程电车穿越河西走廊！结果和我想的完全不一样……,所长Wy,2026-09-23 11:00:00,487436,808,1,挑战全程电车穿越河西走廊！结果和我想的完全不一样……,42110748198,11.94400,1,25,16777215,2026-09-23 16:24:03,1790151843,0,1cd37508,2206712618004867840,不去，路上会被喂大便
BV1nRhE6TEbK,117314380957709,挑战全程电车穿越河西走廊！结果和我想的完全不一样……,所长Wy,2026-09-23 11:00:00,487436,808,1,挑战全程电车穿越河西走廊！结果和我想的完全不一样……,42110748198,337.07200,1,25,16777215,2026-09-23 16:14:46,1790151286,3,78dfbd56,2206707943402019840,5
BV1nRhE6TEbK,117314380957709,挑战全程电车穿越河西走廊！结果和我想的完全不一样……,所长Wy,2026-09-23 11:00:00,487436,808,1,挑战全程电车穿越河西走廊！结果和我想的完全不一样……,42110748198,27.63400,1,25,16777215,2026-09-23 15:57:46,1790150266,3,e2c2dd5,2206699391225245440,5
BV1nRhE6TEbK,117314380957709,挑战全程电车穿越河西走廊！结果和我想的完全不一样……,所长Wy,2026-09-23 11:00:00,487436,808,1,挑战全程电车穿越河西走廊！结果和我想的完全不一样……,42110748198,338.30400,1,25,16777215,2026-09-23 15:54:25,1790150065,3,4758a439,2206697706582523392,5
BV1nRhE6TEbK,117314380957709,挑战全程电车穿越河西走廊！结果和我想的完全不一样……,所长Wy,2026-09-23 11:00:00,487436,808,1,挑战全程电车穿越河西走廊！结果和我想的完全不一样……,42110748198,103.99400,1,25,16777215,2026-09-23 15:53:51,1790150031,0,455e95b6,2206697418593695232,燕云的BGM
BV1nRhE6TEbK,117314380957709,挑战全程电车穿越河西走廊！结果和我想的完全不一样……,所长Wy,2026-09-23 11:00:00,487436,808,1,挑战全程电车穿越河西走廊！结果和我想的完全不一样……,42110748198,29.58700,1,25,16777215,2026-09-23 15:51:15,1790149875,3,7810d8ac,2206696112402811904,5
BV1nRhE6TEbK,117314380957709,挑战全程电车穿越河西走廊！结果和我想的完全不一样……,所长Wy,2026-09-23 11:00:00,487436,808,1,挑战全程电车穿越河西走廊！结果和我想的完全不一样……,42110748198,7.83900,1,25,16777215,2026-09-23 15:51:03,1790149863,0,7ebd8de3,2206696011622462976,我的死相，超乎你的想象
BV1nRhE6TEbK,117314380957709,挑战全程电车穿越河西走廊！结果和我想的完全不一样……,所长Wy,2026-09-23 11:00:00,487436,808,1,挑战全程电车穿越河西走廊！结果和我想的完全不一样……,42110748198,28.73000,1,25,16777215,2026-09-23 15:48:44,1790149724,3,4758a439,2206694846872299008,5
BV1nRhE6TEbK,117314380957709,挑战全程电车穿越河西走廊！结果和我想的完全不一样……,所长Wy,2026-09-23 11:00:00,487436,808,1,挑战全程电车穿越河西走廊！结果和我想的完全不一样……,42110748198,28.08200,1,25,16777215,2026-09-23 15:48:13,1790149693,3,293548bc,2206694583402869248,5
BV1nRhE6TEbK,117314380957709,挑战全程电车穿越河西走廊！结果和我想的完全不一样……,所长Wy,2026-09-23 11:00:00,487436,808,1,挑战全程电车穿越河西走廊！结果和我想的完全不一样……,42110748198,27.91600,1,25,16777215,2026-09-23 15:45:43,1790149543,3,67852093,2206693327737401088,5
BV1nRhE6TEbK,117314380957709,挑战全程电车穿越河西走廊！结果和我想的完全不一样……,所长Wy,2026-09-23 11:00:00,487436,808,1,挑战全程电车穿越河西走廊！结果和我想的完全不一样……,42110748198,26.99700,1,25,16777215,2026-09-23 15:41:59,1790149319,3,3d4b99ac,2206691449553446656,5
BV1nRhE6TEbK,117314380957709,挑战全程电车穿越河西走廊！结果和我想的完全不一样……,所长Wy,2026-09-23 11:00:00,487436,808,1,挑战全程电车穿越河西走廊！结果和我想的完全不一样……,42110748198,29.30400,1,25,16777215,2026-09-23 15:39:46,1790149186,3,971ae8d1,2206690332266294272,5
BV1nRhE6TEbK,117314380957709,挑战全程电车穿越河西走廊！结果和我想的完全不一样……,所长Wy,2026-09-23 11:00:00,487436,808,1,挑战全程电车穿越河西走廊！结果和我想的完全不一样……,42110748198,26.05300,1,25,16777215,2026-09-23 15:32:14,1790148734,3,c252f278,2206686541211056384,5
BV1nRhE6TEbK,117314380957709,挑战全程电车穿越河西走廊！结果和我想的完全不一样……,所长Wy,2026-09-23 11:00:00,487436,808,1,挑战全程电车穿越河西走廊！结果和我想的完全不一样……,42110748198,28.59300,1,25,16777215,2026-09-23 15:31:28,1790148688,3,d6b6949d,2206686156173888256,5
BV1nRhE6TEbK,117314380957709,挑战全程电车穿越河西走廊！结果和我想的完全不一样……,所长Wy,2026-09-23 11:00:00,487436,808,1,挑战全程电车穿越河西走廊！结果和我想的完全不一样……,42110748198,28.21600,1,25,16777215,2026-09-23 15:29:47,1790148587,3,14c614c7,2206685301131648512,5
BV1nRhE6TEbK,117314380957709,挑战全程电车穿越河西走廊！结果和我想的完全不一样……,所长Wy,2026-09-23 11:00:00,487436,808,1,挑战全程电车穿越河西走廊！结果和我想的完全不一样……,42110748198,26.54100,1,25,16777215,2026-09-23 15:28:17,1790148497,3,5e78c6f7,2206684547188710400,5
BV1nRhE6TEbK,117314380957709,挑战全程电车穿越河西走廊！结果和我想的完全不一样……,所长Wy,2026-09-23 11:00:00,487436,808,1,挑战全程电车穿越河西走廊！结果和我想的完全不一样……,42110748198,9.42600,5,25,16777215,2026-09-23 15:23:43,1790148223,0,e3eafa7,2206682248776834304,不去江山不负我 我为何负江山？
BV1nRhE6TEbK,117314380957709,挑战全程电车穿越河西走廊！结果和我想的完全不一样……,所长Wy,2026-09-23 11:00:00,487436,808,1,挑战全程电车穿越河西走廊！结果和我想的完全不一样……,42110748198,25.96400,1,25,16777215,2026-09-23 15:23:34,1790148214,3,e7e37345,2206682178807877376,5
BV1nRhE6TEbK,117314380957709,挑战全程电车穿越河西走廊！结果和我想的完全不一样……,所长Wy,2026-09-23 11:00:00,487436,808,1,挑战全程电车穿越河西走廊！结果和我想的完全不一样……,42110748198,15.07100,1,25,16777215,2026-09-23 15:23:10,1790148190,0,4228406b,2206681974512081152,我是张骞？我怎么不知道。
BV1nRhE6TEbK,117314380957709,挑战全程电车穿越河西走廊！结果和我想的完全不一样……,所长Wy,2026-09-23 11:00:00,487436,808,1,挑战全程电车穿越河西走廊！结果和我想的完全不一样……,42110748198,28.89000,1,25,16777215,2026-09-23 15:15:48,1790147748,3,456c37ff,2206678264045671936,5
BV1nRhE6TEbK,117314380957709,挑战全程电车穿越河西走廊！结果和我想的完全不一样……,所长Wy,2026-09-23 11:00:00,487436,808,1,挑战全程电车穿越河西走廊！结果和我想的完全不一样……,42110748198,28.11900,1,25,16777215,2026-09-23 15:12:27,1790147547,3,ebf7385b,2206676584310977792,5
BV1nRhE6TEbK,117314380957709,挑战全程电车穿越河西走廊！结果和我想的完全不一样……,所长Wy,2026-09-23 11:00:00,487436,808,1,挑战全程电车穿越河西走廊！结果和我想的完全不一样……,42110748198,26.11800,1,25,16777215,2026-09-23 15:11:12,1790147472,3,dc0622cf,2206675951968874496,4
BV1nRhE6TEbK,117314380957709,挑战全程电车穿越河西走廊！结果和我想的完全不一样……,所长Wy,2026-09-23 11:00:00,487436,808,1,挑战全程电车穿越河西走廊！结果和我想的完全不一样……,42110748198,26.10400,1,25,16777215,2026-09-23 15:10:24,1790147424,3,828b78af,2206675551119497984,5
BV1nRhE6TEbK,117314380957709,挑战全程电车穿越河西走廊！结果和我想的完全不一样……,所长Wy,2026-09-23 11:00:00,487436,808,1,挑战全程电车穿越河西走廊！结果和我想的完全不一样……,42110748198,26.63600,1,25,16777215,2026-09-23 15:05:21,1790147121,3,4d1ef21a,2206673005386587136,5
BV1nRhE6TEbK,117314380957709,挑战全程电车穿越河西走廊！结果和我想的完全不一样……,所长Wy,2026-09-23 11:00:00,487436,808,1,挑战全程电车穿越河西走廊！结果和我想的完全不一样……,42110748198,26.97800,1,25,16777215,2026-09-23 15:01:49,1790146909,3,16cb6aad,2206671228352446976,5
BV1nRhE6TEbK,117314380957709,挑战全程电车穿越河西走廊！结果和我想的完全不一样……,所长Wy,2026-09-23 11:00:00,487436,808,1,挑战全程电车穿越河西走廊！结果和我想的完全不一样……,42110748198,5.76000,1,25,16777215,2026-09-23 15:00:19,1790146819,0,db5e876c,2206670477421233408,？？？？他怎么走出空气墙的
BV1nRhE6TEbK,117314380957709,挑战全程电车穿越河西走廊！结果和我想的完全不一样……,所长Wy,2026-09-23 11:00:00,487436,808,1,挑战全程电车穿越河西走廊！结果和我想的完全不一样……,42110748198,29.55400,1,25,16777215,2026-09-23 14:59:53,1790146793,3,96f61e77,2206670258327298048,5
BV1nRhE6TEbK,117314380957709,挑战全程电车穿越河西走廊！结果和我想的完全不一样……,所长Wy,2026-09-23 11:00:00,487436,808,1,挑战全程电车穿越河西走廊！结果和我想的完全不一样……,42110748198,13.43700,1,25,16777215,2026-09-23 14:58:20,1790146700,0,b28cc489,2206669477608060928,去过
BV1nRhE6TEbK,117314380957709,挑战全程电车穿越河西走廊！结果和我想的完全不一样……,所长Wy,2026-09-23 11:00:00,487436,808,1,挑战全程电车穿越河西走廊！结果和我想的完全不一样……,42110748198,28.01500,1,25,16777215,2026-09-23 14:40:41,1790145641,3,331b3bfe,2206660592368951296,5
BV1nRhE6TEbK,117314380957709,挑战全程电车穿越河西走廊！结果和我想的完全不一样……,所长Wy,2026-09-23 11:00:00,487436,808,1,挑战全程电车穿越河西走廊！结果和我想的完全不一样……,42110748198,339.02500,1,25,16777215,2026-09-23 14:39:37,1790145577,3,eec54388,2206660057452755968,5
BV1nRhE6TEbK,117314380957709,挑战全程电车穿越河西走廊！结果和我想的完全不一样……,所长Wy,2026-09-23 11:00:00,487436,808,1,挑战全程电车穿越河西走廊！结果和我想的完全不一样……,42110748198,27.82700,1,25,16777215,2026-09-23 14:39:20,1790145560,3,ffd3a7f8,2206659914762479616,5
BV1nRhE6TEbK,117314380957709,挑战全程电车穿越河西走廊！结果和我想的完全不一样……,所长Wy,2026-09-23 11:00:00,487436,808,1,挑战全程电车穿越河西走廊！结果和我想的完全不一样……,42110748198,27.42900,1,25,16777215,2026-09-23 14:39:16,1790145556,3,4a30be7a,2206659880755111424,5
BV1nRhE6TEbK,117314380957709,挑战全程电车穿越河西走廊！结果和我想的完全不一样……,所长Wy,2026-09-23 11:00:00,487436,808,1,挑战全程电车穿越河西走廊！结果和我想的完全不一样……,42110748198,27.33800,1,25,16777215,2026-09-23 14:34:53,1790145293,3,df01c958,2206657670969278464,5
BV1nRhE6TEbK,117314380957709,挑战全程电车穿越河西走廊！结果和我想的完全不一样……,所长Wy,2026-09-23 11:00:00,487436,808,1,挑战全程电车穿越河西走廊！结果和我想的完全不一样……,42110748198,29.16800,1,25,16777215,2026-09-23 14:34:08,1790145248,3,3d5816fb,2206657295436656128,5
BV1nRhE6TEbK,117314380957709,挑战全程电车穿越河西走廊！结果和我想的完全不一样……,所长Wy,2026-09-23 11:00:00,487436,808,1,挑战全程电车穿越河西走廊！结果和我想的完全不一样……,42110748198,481.84600,1,25,16777215,2026-09-23 14:29:14,1790144954,0,dd38fbba,2206654831098849024,古代过了星星峡才算西域
BV1nRhE6TEbK,117314380957709,挑战全程电车穿越河西走廊！结果和我想的完全不一样……,所长Wy,2026-09-23 11:00:00,487436,808,1,挑战全程电车穿越河西走廊！结果和我想的完全不一样……,42110748198,27.35900,1,25,16777215,2026-09-23 14:28:40,1790144920,3,d7231992,2206654545055141376,5
BV1nRhE6TEbK,117314380957709,挑战全程电车穿越河西走廊！结果和我想的完全不一样……,所长Wy,2026-09-23 11:00:00,487436,808,1,挑战全程电车穿越河西走廊！结果和我想的完全不一样……,42110748198,23.98000,1,25,16777215,2026-09-23 14:27:50,1790144870,0,f9ac8c24,2206654121758145024,5
BV1nRhE6TEbK,117314380957709,挑战全程电车穿越河西走廊！结果和我想的完全不一样……,所长Wy,2026-09-23 11:00:00,487436,808,1,挑战全程电车穿越河西走廊！结果和我想的完全不一样……,42110748198,26.17400,1,25,16777215,2026-09-23 14:27:35,1790144855,3,99572215,2206653996012408064,5
BV1nRhE6TEbK,117314380957709,挑战全程电车穿越河西走廊！结果和我想的完全不一样……,所长Wy,2026-09-23 11:00:00,487436,808,1,挑战全程电车穿越河西走廊！结果和我想的完全不一样……,42110748198,26.81900,1,25,16777215,2026-09-23 14:27:19,1790144839,3,89964b98,2206653863950358528,5
BV1nRhE6TEbK,117314380957709,挑战全程电车穿越河西走廊！结果和我想的完全不一样……,所长Wy,2026-09-23 11:00:00,487436,808,1,挑战全程电车穿越河西走廊！结果和我想的完全不一样……,42110748198,27.19000,1,25,16777215,2026-09-23 14:24:25,1790144665,3,16f82c5a,2206652402755898624,5
BV1nRhE6TEbK,117314380957709,挑战全程电车穿越河西走廊！结果和我想的完全不一样……,所长Wy,2026-09-23 11:00:00,487436,808,1,挑战全程电车穿越河西走廊！结果和我想的完全不一样……,42110748198,13.75700,1,25,16777215,2026-09-23 14:24:13,1790144653,0,f478c0ac,2206652307486081280,出使西域？？我若穿越之后姓刘，整备军伍，善待百姓，清查吏治，我直接平推过去
BV1nRhE6TEbK,117314380957709,挑战全程电车穿越河西走廊！结果和我想的完全不一样……,所长Wy,2026-09-23 11:00:00,487436,808,1,挑战全程电车穿越河西走廊！结果和我想的完全不一样……,42110748198,27.68300,1,25,16777215,2026-09-23 14:21:57,1790144517,3,5ded27e6,2206651161057302016,5
BV1nRhE6TEbK,117314380957709,挑战全程电车穿越河西走廊！结果和我想的完全不一样……,所长Wy,2026-09-23 11:00:00,487436,808,1,挑战全程电车穿越河西走廊！结果和我想的完全不一样……,42110748198,29.03600,1,25,16777215,2026-09-23 14:19:30,1790144370,3,f49fab10,2206649928846764800,5
BV1nRhE6TEbK,117314380957709,挑战全程电车穿越河西走廊！结果和我想的完全不一样……,所长Wy,2026-09-23 11:00:00,487436,808,1,挑战全程电车穿越河西走廊！结果和我想的完全不一样……,42110748198,26.95400,1,25,16777215,2026-09-23 14:18:44,1790144324,3,ab4d9912,2206649540814345216,5
BV1nRhE6TEbK,117314380957709,挑战全程电车穿越河西走廊！结果和我想的完全不一样……,所长Wy,2026-09-23 11:00:00,487436,808,1,挑战全程电车穿越河西走廊！结果和我想的完全不一样……,42110748198,26.98000,1,25,16777215,2026-09-23 14:18:29,1790144309,3,88d2d3e4,2206649422400684032,5
BV1nRhE6TEbK,117314380957709,挑战全程电车穿越河西走廊！结果和我想的完全不一样……,所长Wy,2026-09-23 11:00:00,487436,808,1,挑战全程电车穿越河西走廊！结果和我想的完全不一样……,42110748198,26.59400,1,25,16777215,2026-09-23 14:17:36,1790144256,3,f8b6b5fc,2206648976034462208,5
BV1nRhE6TEbK,117314380957709,挑战全程电车穿越河西走廊！结果和我想的完全不一样……,所长Wy,2026-09-23 11:00:00,487436,808,1,挑战全程电车穿越河西走廊！结果和我想的完全不一样……,42110748198,29.47000,1,25,16777215,2026-09-23 14:12:02,1790143922,3,558bb1a1,2206646174600544256,5
BV1nRhE6TEbK,117314380957709,挑战全程电车穿越河西走廊！结果和我想的完全不一样……,所长Wy,2026-09-23 11:00:00,487436,808,1,挑战全程电车穿越河西走廊！结果和我想的完全不一样……,42110748198,28.28400,1,25,16777215,2026-09-23 14:10:53,1790143853,3,19a9241,2206645589737961216,5
BV1nRhE6TEbK,117314380957709,挑战全程电车穿越河西走廊！结果和我想的完全不一样……,所长Wy,2026-09-23 11:00:00,487436,808,1,挑战全程电车穿越河西走廊！结果和我想的完全不一样……,42110748198,25.87100,1,25,16777215,2026-09-23 14:09:59,1790143799,3,318f3db2,2206645142172416512,5
BV1nRhE6TEbK,117314380957709,挑战全程电车穿越河西走廊！结果和我想的完全不一样……,所长Wy,2026-09-23 11:00:00,487436,808,1,挑战全程电车穿越河西走廊！结果和我想的完全不一样……,42110748198,27.90100,1,25,16777215,2026-09-23 14:09:49,1790143789,3,a18e9446,2206645056918997760,5
BV1nRhE6TEbK,117314380957709,挑战全程电车穿越河西走廊！结果和我想的完全不一样……,所长Wy,2026-09-23 11:00:00,487436,808,1,挑战全程电车穿越河西走廊！结果和我想的完全不一样……,42110748198,10.83200,1,25,16777215,2026-09-23 14:09:48,1790143788,0,c652ac1e,2206645052095448064,去个得，不管什么实际情况，八国联军侵华战争什么的锅都得这些皇帝来背，死那么多人，再多理由和解释都是借口
BV1nRhE6TEbK,117314380957709,挑战全程电车穿越河西走廊！结果和我想的完全不一样……,所长Wy,2026-09-23 11:00:00,487436,808,1,挑战全程电车穿越河西走廊！结果和我想的完全不一样……,42110748198,107.22100,1,25,16777215,2026-09-23 14:07:53,1790143673,0,f7c6afa7,2206644086500020992,构图好评
BV1nRhE6TEbK,117314380957709,挑战全程电车穿越河西走廊！结果和我想的完全不一样……,所长Wy,2026-09-23 11:00:00,487436,808,1,挑战全程电车穿越河西走廊！结果和我想的完全不一样……,42110748198,27.01000,1,25,16777215,2026-09-23 14:07:17,1790143637,3,2282cf27,2206643782789960960,5
BV1nRhE6TEbK,117314380957709,挑战全程电车穿越河西走廊！结果和我想的完全不一样……,所长Wy,2026-09-23 11:00:00,487436,808,1,挑战全程电车穿越河西走廊！结果和我想的完全不一样……,42110748198,27.53400,1,25,16777215,2026-09-23 14:06:29,1790143589,3,5b3812f4,2206643375598637312,5
BV1nRhE6TEbK,117314380957709,挑战全程电车穿越河西走廊！结果和我想的完全不一样……,所长Wy,2026-09-23 11:00:00,487436,808,1,挑战全程电车穿越河西走廊！结果和我想的完全不一样……,42110748198,24.80000,1,25,16777215,2026-09-23 14:06:07,1790143567,3,e4481581,2206643195218240256,5
BV1nRhE6TEbK,117314380957709,挑战全程电车穿越河西走廊！结果和我想的完全不一样……,所长Wy,2026-09-23 11:00:00,487436,808,1,挑战全程电车穿越河西走廊！结果和我想的完全不一样……,42110748198,27.73900,1,25,16777215,2026-09-23 14:06:02,1790143562,3,df46887d,2206643152981433856,5
BV1nRhE6TEbK,117314380957709,挑战全程电车穿越河西走廊！结果和我想的完全不一样……,所长Wy,2026-09-23 11:00:00,487436,808,1,挑战全程电车穿越河西走廊！结果和我想的完全不一样……,42110748198,27.82800,1,25,16777215,2026-09-23 14:05:25,1790143525,3,352b1c86,2206642840036220672,5
BV1nRhE6TEbK,117314380957709,挑战全程电车穿越河西走廊！结果和我想的完全不一样……,所长Wy,2026-09-23 11:00:00,487436,808,1,挑战全程电车穿越河西走廊！结果和我想的完全不一样……,42110748198,16.78000,1,25,16777215,2026-09-23 14:05:15,1790143515,0,f238a5d8,2206642755344812800,十几年够逛玩地球了
BV1nRhE6TEbK,117314380957709,挑战全程电车穿越河西走廊！结果和我想的完全不一样……,所长Wy,2026-09-23 11:00:00,487436,808,1,挑战全程电车穿越河西走廊！结果和我想的完全不一样……,42110748198,28.66300,1,25,16777215,2026-09-23 14:03:35,1790143415,3,ef830e91,2206641918992119040,5
BV1nRhE6TEbK,117314380957709,挑战全程电车穿越河西走廊！结果和我想的完全不一样……,所长Wy,2026-09-23 11:00:00,487436,808,1,挑战全程电车穿越河西走廊！结果和我想的完全不一样……,42110748198,27.92500,1,25,16777215,2026-09-23 14:03:24,1790143404,3,1cf3ff43,2206641830953616384,5
BV1nRhE6TEbK,117314380957709,挑战全程电车穿越河西走廊！结果和我想的完全不一样……,所长Wy,2026-09-23 11:00:00,487436,808,1,挑战全程电车穿越河西走廊！结果和我想的完全不一样……,42110748198,27.84100,1,25,16777215,2026-09-23 14:01:22,1790143282,3,e20cf1ee,2206640800002418688,5
BV1nRhE6TEbK,117314380957709,挑战全程电车穿越河西走廊！结果和我想的完全不一样……,所长Wy,2026-09-23 11:00:00,487436,808,1,挑战全程电车穿越河西走廊！结果和我想的完全不一样……,42110748198,29.18900,1,25,16777215,2026-09-23 14:00:14,1790143214,3,7ff1ae4,2206640229811728128,5
BV1nRhE6TEbK,117314380957709,挑战全程电车穿越河西走廊！结果和我想的完全不一样……,所长Wy,2026-09-23 11:00:00,487436,808,1,挑战全程电车穿越河西走廊！结果和我想的完全不一样……,42110748198,15.48900,1,25,16777215,2026-09-23 13:58:54,1790143134,0,aeedb31e,2206639561433181952,我们今天才学了丝绸之路美术课
BV1nRhE6TEbK,117314380957709,挑战全程电车穿越河西走廊！结果和我想的完全不一样……,所长Wy,2026-09-23 11:00:00,487436,808,1,挑战全程电车穿越河西走廊！结果和我想的完全不一样……,42110748198,29.54500,1,25,16777215,2026-09-23 13:58:34,1790143114,3,88a0aefa,2206639392897321216,5
BV1nRhE6TEbK,117314380957709,挑战全程电车穿越河西走廊！结果和我想的完全不一样……,所长Wy,2026-09-23 11:00:00,487436,808,1,挑战全程电车穿越河西走廊！结果和我想的完全不一样……,42110748198,26.29900,1,25,16777215,2026-09-23 13:58:28,1790143108,3,4b4231a0,2206639347934113280,5
BV1nRhE6TEbK,117314380957709,挑战全程电车穿越河西走廊！结果和我想的完全不一样……,所长Wy,2026-09-23 11:00:00,487436,808,1,挑战全程电车穿越河西走廊！结果和我想的完全不一样……,42110748198,26.63400,1,25,16777215,2026-09-23 13:58:25,1790143105,3,cf8d79d,2206639315797446400,5
BV1nRhE6TEbK,117314380957709,挑战全程电车穿越河西走廊！结果和我想的完全不一样……,所长Wy,2026-09-23 11:00:00,487436,808,1,挑战全程电车穿越河西走廊！结果和我想的完全不一样……,42110748198,27.83100,1,25,16777215,2026-09-23 13:58:15,1790143095,3,1b61efa4,2206639234813554688,5
BV1nRhE6TEbK,117314380957709,挑战全程电车穿越河西走廊！结果和我想的完全不一样……,所长Wy,2026-09-23 11:00:00,487436,808,1,挑战全程电车穿越河西走廊！结果和我想的完全不一样……,42110748198,16.71300,1,25,16777215,2026-09-23 13:58:11,1790143091,0,b920b0c5,2206639198659500288,你走错路了。
BV1nRhE6TEbK,117314380957709,挑战全程电车穿越河西走廊！结果和我想的完全不一样……,所长Wy,2026-09-23 11:00:00,487436,808,1,挑战全程电车穿越河西走廊！结果和我想的完全不一样……,42110748198,27.94200,1,25,16777215,2026-09-23 13:57:12,1790143032,3,f43a2ed,2206638710517234432,5
BV1nRhE6TEbK,117314380957709,挑战全程电车穿越河西走廊！结果和我想的完全不一样……,所长Wy,2026-09-23 11:00:00,487436,808,1,挑战全程电车穿越河西走廊！结果和我想的完全不一样……,42110748198,26.95100,1,25,16777215,2026-09-23 13:56:59,1790143019,3,6328c6bb,2206638600181804544,5
BV1nRhE6TEbK,117314380957709,挑战全程电车穿越河西走廊！结果和我想的完全不一样……,所长Wy,2026-09-23 11:00:00,487436,808,1,挑战全程电车穿越河西走廊！结果和我想的完全不一样……,42110748198,6.64500,1,25,16777215,2026-09-23 13:56:38,1790142998,0,54f3d4bf,2206638421798671616,一个人？
BV1nRhE6TEbK,117314380957709,挑战全程电车穿越河西走廊！结果和我想的完全不一样……,所长Wy,2026-09-23 11:00:00,487436,808,1,挑战全程电车穿越河西走廊！结果和我想的完全不一样……,42110748198,27.08600,1,25,16777215,2026-09-23 13:56:28,1790142988,3,841bd33c,2206638339866564608,5
BV1nRhE6TEbK,117314380957709,挑战全程电车穿越河西走廊！结果和我想的完全不一样……,所长Wy,2026-09-23 11:00:00,487436,808,1,挑战全程电车穿越河西走廊！结果和我想的完全不一样……,42110748198,106.35700,1,25,8700107,2026-09-23 13:55:41,1790142941,0,2cf91eba,2206637944604226816,这个曲子好像在燕云里面听到过
BV1nRhE6TEbK,117314380957709,挑战全程电车穿越河西走廊！结果和我想的完全不一样……,所长Wy,2026-09-23 11:00:00,487436,808,1,挑战全程电车穿越河西走廊！结果和我想的完全不一样……,42110748198,28.18200,1,25,16777215,2026-09-23 13:55:18,1790142918,3,a913e95e,2206637753209494272,5
BV1nRhE6TEbK,117314380957709,挑战全程电车穿越河西走廊！结果和我想的完全不一样……,所长Wy,2026-09-23 11:00:00,487436,808,1,挑战全程电车穿越河西走廊！结果和我想的完全不一样……,42110748198,24.96000,1,25,16777215,2026-09-23 13:54:44,1790142884,3,4d6686dc,2206637466075956224,5
BV1nRhE6TEbK,117314380957709,挑战全程电车穿越河西走廊！结果和我想的完全不一样……,所长Wy,2026-09-23 11:00:00,487436,808,1,挑战全程电车穿越河西走廊！结果和我想的完全不一样……,42110748198,29.65400,1,25,16777215,2026-09-23 13:53:32,1790142812,3,95f30669,2206636865216784384,5
BV1nRhE6TEbK,117314380957709,挑战全程电车穿越河西走廊！结果和我想的完全不一样……,所长Wy,2026-09-23 11:00:00,487436,808,1,挑战全程电车穿越河西走廊！结果和我想的完全不一样……,42110748198,27.15500,1,25,16777215,2026-09-23 13:53:30,1790142810,3,e67e99bf,2206636842944854272,5
BV1nRhE6TEbK,117314380957709,挑战全程电车穿越河西走廊！结果和我想的完全不一样……,所长Wy,2026-09-23 11:00:00,487436,808,1,挑战全程电车穿越河西走廊！结果和我想的完全不一样……,42110748198,29.33400,1,25,16777215,2026-09-23 13:52:48,1790142768,3,13c67bdd,2206636493928361984,5
BV1nRhE6TEbK,117314380957709,挑战全程电车穿越河西走廊！结果和我想的完全不一样……,所长Wy,2026-09-23 11:00:00,487436,808,1,挑战全程电车穿越河西走廊！结果和我想的完全不一样……,42110748198,5.75300,1,25,16777215,2026-09-23 13:49:30,1790142570,0,b39da67,2206634832765874176,我，我吗
BV1nRhE6TEbK,117314380957709,挑战全程电车穿越河西走廊！结果和我想的完全不一样……,所长Wy,2026-09-23 11:00:00,487436,808,1,挑战全程电车穿越河西走廊！结果和我想的完全不一样……,42110748198,12.60000,1,25,16777215,2026-09-23 13:46:41,1790142401,0,2d850915,2206633411350296832,我老家呀。
BV1nRhE6TEbK,117314380957709,挑战全程电车穿越河西走廊！结果和我想的完全不一样……,所长Wy,2026-09-23 11:00:00,487436,808,1,挑战全程电车穿越河西走廊！结果和我想的完全不一样……,42110748198,11.31300,1,25,16777215,2026-09-23 13:45:41,1790142341,0,99d32f84,2206632908847161088,想去。
BV1nRhE6TEbK,117314380957709,挑战全程电车穿越河西走廊！结果和我想的完全不一样……,所长Wy,2026-09-23 11:00:00,487436,808,1,挑战全程电车穿越河西走廊！结果和我想的完全不一样……,42110748198,19.41100,1,25,16777215,2026-09-23 13:45:24,1790142324,0,4837b86,2206632764345490176,啊！我这么伟大吗？
BV1nRhE6TEbK,117314380957709,挑战全程电车穿越河西走廊！结果和我想的完全不一样……,所长Wy,2026-09-23 11:00:00,487436,808,1,挑战全程电车穿越河西走廊！结果和我想的完全不一样……,42110748198,6.69100,1,25,16777215,2026-09-23 13:45:18,1790142318,0,dc023371,2206632717897693696,我吗？
BV1nRhE6TEbK,117314380957709,挑战全程电车穿越河西走廊！结果和我想的完全不一样……,所长Wy,2026-09-23 11:00:00,487436,808,1,挑战全程电车穿越河西走廊！结果和我想的完全不一样……,42110748198,21.46400,1,25,16777215,2026-09-23 13:36:00,1790141760,0,2a45bb7a,2206628033270694400,穿越千年到不了汉朝
BV1nRhE6TEbK,117314380957709,挑战全程电车穿越河西走廊！结果和我想的完全不一样……,所长Wy,2026-09-23 11:00:00,487436,808,1,挑战全程电车穿越河西走廊！结果和我想的完全不一样……,42110748198,23.59100,1,25,16777215,2026-09-23 13:32:44,1790141564,0,aabc7adf,2206626390781793536,5
BV1nRhE6TEbK,117314380957709,挑战全程电车穿越河西走廊！结果和我想的完全不一样……,所长Wy,2026-09-23 11:00:00,487436,808,1,挑战全程电车穿越河西走廊！结果和我想的完全不一样……,42110748198,8.32800,1,25,14811775,2026-09-23 13:01:38,1790139698,0,6ccabbbf,2206610741615179776,穿越回去当一次性用品～汉使？
BV1nRhE6TEbK,117314380957709,挑战全程电车穿越河西走廊！结果和我想的完全不一样……,所长Wy,2026-09-23 11:00:00,487436,808,1,挑战全程电车穿越河西走廊！结果和我想的完全不一样……,42110748198,23.04100,1,25,16777215,2026-09-23 12:55:36,1790139336,0,9641a07f,2206607703596542720,5
BV1nRhE6TEbK,117314380957709,挑战全程电车穿越河西走廊！结果和我想的完全不一样……,所长Wy,2026-09-23 11:00:00,487436,808,1,挑战全程电车穿越河西走廊！结果和我想的完全不一样……,42110748198,9.68300,1,25,16777215,2026-09-23 12:49:23,1790138963,0,e5302100,2206604575274980352,我？我吗？
BV1nRhE6TEbK,117314380957709,挑战全程电车穿越河西走廊！结果和我想的完全不一样……,所长Wy,2026-09-23 11:00:00,487436,808,1,挑战全程电车穿越河西走廊！结果和我想的完全不一样……,42110748198,35.40300,1,25,16777215,2026-09-23 12:47:12,1790138832,0,93d48426,2206603474597449728,吃瓜吃到自己家？
BV1nRhE6TEbK,117314380957709,挑战全程电车穿越河西走廊！结果和我想的完全不一样……,所长Wy,2026-09-23 11:00:00,487436,808,1,挑战全程电车穿越河西走廊！结果和我想的完全不一样……,42110748198,21.72300,1,25,16777215,2026-09-23 12:46:34,1790138794,0,7ac62e8,2206603151770007552,还公费
BV1nRhE6TEbK,117314380957709,挑战全程电车穿越河西走廊！结果和我想的完全不一样……,所长Wy,2026-09-23 11:00:00,487436,808,1,挑战全程电车穿越河西走廊！结果和我想的完全不一样……,42110748198,19.80300,1,25,16777215,2026-09-23 12:46:28,1790138788,0,7ac62e8,2206603101472145664,自驾游10年
BV1nRhE6TEbK,117314380957709,挑战全程电车穿越河西走廊！结果和我想的完全不一样……,所长Wy,2026-09-23 11:00:00,487436,808,1,挑战全程电车穿越河西走廊！结果和我想的完全不一样……,42110748198,7.39900,1,25,16777215,2026-09-23 12:44:49,1790138689,0,e5054eb7,2206602272527015936,我就这儿本地人啊。我不想去也得去吧。
BV1nRhE6TEbK,117314380957709,挑战全程电车穿越河西走廊！结果和我想的完全不一样……,所长Wy,2026-09-23 11:00:00,487436,808,1,挑战全程电车穿越河西走廊！结果和我想的完全不一样……,42110748198,87.61800,1,25,16777215,2026-09-23 12:44:44,1790138684,0,1e40a2ca,2206602231640492800,就是这么强
BV1nRhE6TEbK,117314380957709,挑战全程电车穿越河西走廊！结果和我想的完全不一样……,所长Wy,2026-09-23 11:00:00,487436,808,1,挑战全程电车穿越河西走廊！结果和我想的完全不一样……,42110748198,75.37800,1,25,16777215,2026-09-23 12:44:25,1790138665,0,1e40a2ca,2206602077298337024,这么强
BV1nRhE6TEbK,117314380957709,挑战全程电车穿越河西走廊！结果和我想的完全不一样……,所长Wy,2026-09-23 11:00:00,487436,808,1,挑战全程电车穿越河西走廊！结果和我想的完全不一样……,42110748198,11.66100,1,25,16777215,2026-09-23 12:35:48,1790138148,0,cbd3ff4b,2206597738559561216,如果你穿越 不过两天就被剔骨切肉摆在肉铺上
BV1nRhE6TEbK,117314380957709,挑战全程电车穿越河西走廊！结果和我想的完全不一样……,所长Wy,2026-09-23 11:00:00,487436,808,1,挑战全程电车穿越河西走廊！结果和我想的完全不一样……,42110748198,13.98300,1,25,15138834,2026-09-23 12:35:36,1790138136,0,b8503ed9,2206597639188185600,汉穿？老子要敲诈西域各国……
BV1nRhE6TEbK,117314380957709,挑战全程电车穿越河西走廊！结果和我想的完全不一样……,所长Wy,2026-09-23 11:00:00,487436,808,1,挑战全程电车穿越河西走廊！结果和我想的完全不一样……,42110748198,336.64900,1,25,16777215,2026-09-23 12:32:33,1790137953,3,202c766,2206596103779236352,5
BV1nRhE6TEbK,117314380957709,挑战全程电车穿越河西走廊！结果和我想的完全不一样……,所长Wy,2026-09-23 11:00:00,487436,808,1,挑战全程电车穿越河西走廊！结果和我想的完全不一样……,42110748198,335.69800,1,25,16777215,2026-09-23 12:26:30,1790137590,3,e8228ffa,2206593059092087040,5
BV1nRhE6TEbK,117314380957709,挑战全程电车穿越河西走廊！结果和我想的完全不一样……,所长Wy,2026-09-23 11:00:00,487436,808,1,挑战全程电车穿越河西走廊！结果和我想的完全不一样……,42110748198,15.59600,1,25,16777215,2026-09-23 12:22:17,1790137337,0,a06c2c87,2206590931027826944,可恶的曹贼
BV1nRhE6TEbK,117314380957709,挑战全程电车穿越河西走廊！结果和我想的完全不一样……,所长Wy,2026-09-23 11:00:00,487436,808,1,挑战全程电车穿越河西走廊！结果和我想的完全不一样……,42110748198,77.02300,1,25,16777215,2026-09-23 12:19:55,1790137195,0,9f6f78bd,2206589739275682560,蔚来打钱
BV1nRhE6TEbK,117314380957709,挑战全程电车穿越河西走廊！结果和我想的完全不一样……,所长Wy,2026-09-23 11:00:00,487436,808,1,挑战全程电车穿越河西走廊！结果和我想的完全不一样……,42110748198,218.53700,1,25,16777215,2026-09-23 11:30:40,1790134240,0,af804e32,2206564955602499584,为什么不是100%？
BV1a7WczPEMh,115241237219969,【沉浸式驾驶】蔚来ES6市区通勤（浦西-浦东）,高雅的大蒜儿,2025-09-21 16:21:09,8367,25,1,【沉浸式驾驶】蔚来ES6市区通勤（浦西-浦东）,32530697070,301.49100,1,25,16777215,2025-10-22 20:32:55,1761136375,0,bb1b5a1f,1963313233926428672,这音乐+这路况，我3秒入睡。。。
BV1a7WczPEMh,115241237219969,【沉浸式驾驶】蔚来ES6市区通勤（浦西-浦东）,高雅的大蒜儿,2025-09-21 16:21:09,8367,25,1,【沉浸式驾驶】蔚来ES6市区通勤（浦西-浦东）,32530697070,8.91100,1,25,16777215,2025-10-04 15:31:40,1759563100,0,cc13adc,1950115647136946944,湿地mo shi湿地模式
BV1a7WczPEMh,115241237219969,【沉浸式驾驶】蔚来ES6市区通勤（浦西-浦东）,高雅的大蒜儿,2025-09-21 16:21:09,8367,25,1,【沉浸式驾驶】蔚来ES6市区通勤（浦西-浦东）,32530697070,350.73600,1,25,16777215,2025-10-01 00:43:05,1759250585,0,6dd7a82,1947494076954263808,想看泊车辅助，定了es8，车大有点慌
BV15Xb86nEzv,117108709072765,【无广】9大辅助驾驶晚高峰实测！谁是真正的第一梯队？,凤凰车研所,2026-08-17 11:34:40,232731,1923,1,【无广实测】问/鹏/理/迪/米/蔚/尚/氪/奔 9车辅助驾驶深度体验,40983071508,149.58700,5,25,16707842,2026-08-17 23:13:34,1786979614,0,1f7c730d,2180102033125100800,买到正品理想了
BV15Xb86nEzv,117108709072765,【无广】9大辅助驾驶晚高峰实测！谁是真正的第一梯队？,凤凰车研所,2026-08-17 11:34:40,232731,1923,1,【无广实测】问/鹏/理/迪/米/蔚/尚/氪/奔 9车辅助驾驶深度体验,40983071508,149.97700,5,25,16646914,2026-08-18 16:40:16,1787042416,0,27230100,2180628854694422784,理他们干嘛，想怎么开就怎么开
BV15Xb86nEzv,117108709072765,【无广】9大辅助驾驶晚高峰实测！谁是真正的第一梯队？,凤凰车研所,2026-08-17 11:34:40,232731,1923,1,【无广实测】问/鹏/理/迪/米/蔚/尚/氪/奔 9车辅助驾驶深度体验,40983071508,311.62400,1,25,16777215,2026-08-17 22:14:07,1786976047,0,12a567f6,2180072107512868864,遇到自家人在叙旧
BV15Xb86nEzv,117108709072765,【无广】9大辅助驾驶晚高峰实测！谁是真正的第一梯队？,凤凰车研所,2026-08-17 11:34:40,232731,1923,1,【无广实测】问/鹏/理/迪/米/蔚/尚/氪/奔 9车辅助驾驶深度体验,40983071508,148.14500,1,25,16777215,2026-08-17 21:11:25,1786972285,0,675b1899,2180040552111102464,这没问题啊，不然买理想干啥
BV15Xb86nEzv,117108709072765,【无广】9大辅助驾驶晚高峰实测！谁是真正的第一梯队？,凤凰车研所,2026-08-17 11:34:40,232731,1923,1,【无广实测】问/鹏/理/迪/米/蔚/尚/氪/奔 9车辅助驾驶深度体验,40983071508,384.15000,5,25,16707842,2026-08-17 23:17:46,1786979866,0,1f7c730d,2180104143505648640,小鹏：广州训练日常
BV15Xb86nEzv,117108709072765,【无广】9大辅助驾驶晚高峰实测！谁是真正的第一梯队？,凤凰车研所,2026-08-17 11:34:40,232731,1923,1,【无广实测】问/鹏/理/迪/米/蔚/尚/氪/奔 9车辅助驾驶深度体验,40983071508,623.50900,1,25,16777215,2026-08-20 12:07:31,1787198851,0,eb3096f1,2181941123944481280,小鹏：你知道我在广州怎么过来的吗
BV15Xb86nEzv,117108709072765,【无广】9大辅助驾驶晚高峰实测！谁是真正的第一梯队？,凤凰车研所,2026-08-17 11:34:40,232731,1923,1,【无广实测】问/鹏/理/迪/米/蔚/尚/氪/奔 9车辅助驾驶深度体验,40983071508,508.08700,1,25,16777215,2026-08-20 02:02:43,1787162563,0,dd2515f0,2181636720620588032,千里冒汗名不虚传
BV15Xb86nEzv,117108709072765,【无广】9大辅助驾驶晚高峰实测！谁是真正的第一梯队？,凤凰车研所,2026-08-17 11:34:40,232731,1923,1,【无广实测】问/鹏/理/迪/米/蔚/尚/氪/奔 9车辅助驾驶深度体验,40983071508,194.51700,1,25,16777215,2026-08-17 18:13:06,1786961586,0,e3251cdf,2179950801630627072,没绷住，你要干什么？
BV15Xb86nEzv,117108709072765,【无广】9大辅助驾驶晚高峰实测！谁是真正的第一梯队？,凤凰车研所,2026-08-17 11:34:40,232731,1923,1,【无广实测】问/鹏/理/迪/米/蔚/尚/氪/奔 9车辅助驾驶深度体验,40983071508,676.64900,1,25,16777215,2026-08-18 21:24:24,1787059464,0,f09931e4,2180771866569440512,鸿蒙智行的车你先得选那个， etc或者人工都不选的话，你得自己操作。
BV15Xb86nEzv,117108709072765,【无广】9大辅助驾驶晚高峰实测！谁是真正的第一梯队？,凤凰车研所,2026-08-17 11:34:40,232731,1923,1,【无广实测】问/鹏/理/迪/米/蔚/尚/氪/奔 9车辅助驾驶深度体验,40983071508,241.73900,1,25,16777215,2026-08-19 21:24:19,1787145859,0,6e6f21e6,2181496595651849472,这个汇入的阻碍明显少很多啊
BV15Xb86nEzv,117108709072765,【无广】9大辅助驾驶晚高峰实测！谁是真正的第一梯队？,凤凰车研所,2026-08-17 11:34:40,232731,1923,1,【无广实测】问/鹏/理/迪/米/蔚/尚/氪/奔 9车辅助驾驶深度体验,40983071508,227.54100,1,25,16777215,2026-08-18 18:23:39,1787048619,0,bbb58a46,2180680889792115712,千里冒汗了
BV15Xb86nEzv,117108709072765,【无广】9大辅助驾驶晚高峰实测！谁是真正的第一梯队？,凤凰车研所,2026-08-17 11:34:40,232731,1923,1,【无广实测】问/鹏/理/迪/米/蔚/尚/氪/奔 9车辅助驾驶深度体验,40983071508,248.84900,1,25,16777215,2026-08-17 23:45:03,1786981503,0,9e95c07c,2180117880070034944,虽然我知道路况有随机性，但是z7t的也太简单了，大范围没车
BV15Xb86nEzv,117108709072765,【无广】9大辅助驾驶晚高峰实测！谁是真正的第一梯队？,凤凰车研所,2026-08-17 11:34:40,232731,1923,1,【无广实测】问/鹏/理/迪/米/蔚/尚/氪/奔 9车辅助驾驶深度体验,40983071508,620.12400,1,25,16777215,2026-08-17 23:39:57,1786981197,0,f7b801dc,2180115315127196672,还是广州日常路况
BV15Xb86nEzv,117108709072765,【无广】9大辅助驾驶晚高峰实测！谁是真正的第一梯队？,凤凰车研所,2026-08-17 11:34:40,232731,1923,1,【无广实测】问/鹏/理/迪/米/蔚/尚/氪/奔 9车辅助驾驶深度体验,40983071508,960.43800,1,25,16777215,2026-09-02 11:06:57,1788318417,0,7b78a2c7,2191332729306958080,断崖和紧随，用词点矛盾哦
BV15Xb86nEzv,117108709072765,【无广】9大辅助驾驶晚高峰实测！谁是真正的第一梯队？,凤凰车研所,2026-08-17 11:34:40,232731,1923,1,【无广实测】问/鹏/理/迪/米/蔚/尚/氪/奔 9车辅助驾驶深度体验,40983071508,496.62800,5,25,15138834,2026-08-18 00:28:27,1786984107,0,4d115627,2180139722260394752,白干了哈哈哈哈哈
BV15Xb86nEzv,117108709072765,【无广】9大辅助驾驶晚高峰实测！谁是真正的第一梯队？,凤凰车研所,2026-08-17 11:34:40,232731,1923,1,【无广实测】问/鹏/理/迪/米/蔚/尚/氪/奔 9车辅助驾驶深度体验,40983071508,382.00000,1,25,16777215,2026-08-17 12:19:01,1786940341,0,501c21fe,2179772586156824576,小鹏舒适区了
BV15Xb86nEzv,117108709072765,【无广】9大辅助驾驶晚高峰实测！谁是真正的第一梯队？,凤凰车研所,2026-08-17 11:34:40,232731,1923,1,【无广实测】问/鹏/理/迪/米/蔚/尚/氪/奔 9车辅助驾驶深度体验,40983071508,383.17700,1,25,16777215,2026-08-20 11:31:17,1787196677,0,eb3096f1,2181922893427154432,老广舒适区了属于是
BV15Xb86nEzv,117108709072765,【无广】9大辅助驾驶晚高峰实测！谁是真正的第一梯队？,凤凰车研所,2026-08-17 11:34:40,232731,1923,1,【无广实测】问/鹏/理/迪/米/蔚/尚/氪/奔 9车辅助驾驶深度体验,40983071508,724.46700,1,25,16777215,2026-08-19 08:16:15,1787098575,0,544ba393,2181099949281598464,？问界怎么以下变5/2了？
BV15Xb86nEzv,117108709072765,【无广】9大辅助驾驶晚高峰实测！谁是真正的第一梯队？,凤凰车研所,2026-08-17 11:34:40,232731,1923,1,【无广实测】问/鹏/理/迪/米/蔚/尚/氪/奔 9车辅助驾驶深度体验,40983071508,287.37700,1,25,16777215,2026-08-19 00:16:11,1787069771,0,d5735f87,2180858325938397696,运气？
BV15Xb86nEzv,117108709072765,【无广】9大辅助驾驶晚高峰实测！谁是真正的第一梯队？,凤凰车研所,2026-08-17 11:34:40,232731,1923,1,【无广实测】问/鹏/理/迪/米/蔚/尚/氪/奔 9车辅助驾驶深度体验,40983071508,149.23400,1,25,16777215,2026-08-18 10:30:12,1787020212,0,16473da3,2180442596231756032,此时响起了一首强力的BGM哒哒哒
BV15Xb86nEzv,117108709072765,【无广】9大辅助驾驶晚高峰实测！谁是真正的第一梯队？,凤凰车研所,2026-08-17 11:34:40,232731,1923,1,【无广实测】问/鹏/理/迪/米/蔚/尚/氪/奔 9车辅助驾驶深度体验,40983071508,407.59900,5,25,16707842,2026-08-17 23:18:21,1786979901,0,1f7c730d,2180104436678999040,阿姨666
BV15Xb86nEzv,117108709072765,【无广】9大辅助驾驶晚高峰实测！谁是真正的第一梯队？,凤凰车研所,2026-08-17 11:34:40,232731,1923,1,【无广实测】问/鹏/理/迪/米/蔚/尚/氪/奔 9车辅助驾驶深度体验,40983071508,205.17000,1,25,16777215,2026-08-17 22:11:19,1786975879,0,12a567f6,2180070701674555136,前面小米第一梯队的还在看吗
BV15Xb86nEzv,117108709072765,【无广】9大辅助驾驶晚高峰实测！谁是真正的第一梯队？,凤凰车研所,2026-08-17 11:34:40,232731,1923,1,【无广实测】问/鹏/理/迪/米/蔚/尚/氪/奔 9车辅助驾驶深度体验,40983071508,148.66900,1,25,16777215,2026-08-17 12:38:08,1786941488,0,c1d455f,2179782204794888960,这理想没毛病，符合预期。
BV15Xb86nEzv,117108709072765,【无广】9大辅助驾驶晚高峰实测！谁是真正的第一梯队？,凤凰车研所,2026-08-17 11:34:40,232731,1923,1,【无广实测】问/鹏/理/迪/米/蔚/尚/氪/奔 9车辅助驾驶深度体验,40983071508,150.64800,5,25,16777215,2026-09-08 14:46:29,1788849989,0,a9678deb,2195791877541305600,买到正品了，理他干什么，想怎么开怎么开
BV15Xb86nEzv,117108709072765,【无广】9大辅助驾驶晚高峰实测！谁是真正的第一梯队？,凤凰车研所,2026-08-17 11:34:40,232731,1923,1,【无广实测】问/鹏/理/迪/米/蔚/尚/氪/奔 9车辅助驾驶深度体验,40983071508,688.89800,1,25,16777215,2026-08-18 21:22:04,1787059324,0,55683de1,2180770690276917248,以后哪家厂商能拍胸脯说出了问题他们陪，就买这家。否则牛B吹的在响也无视
BV15Xb86nEzv,117108709072765,【无广】9大辅助驾驶晚高峰实测！谁是真正的第一梯队？,凤凰车研所,2026-08-17 11:34:40,232731,1923,1,【无广实测】问/鹏/理/迪/米/蔚/尚/氪/奔 9车辅助驾驶深度体验,40983071508,148.54100,1,25,16777215,2026-08-18 18:06:11,1787047571,0,8fed9236,2180672100266913536,此时应该响起一股强劲的音乐
BV15Xb86nEzv,117108709072765,【无广】9大辅助驾驶晚高峰实测！谁是真正的第一梯队？,凤凰车研所,2026-08-17 11:34:40,232731,1923,1,【无广实测】问/鹏/理/迪/米/蔚/尚/氪/奔 9车辅助驾驶深度体验,40983071508,674.25400,1,25,16777215,2026-08-18 01:04:36,1786986276,0,8b760385,2180157919742802688,设置ETC和人工了吗 我经常用没出现过这情况
BV15Xb86nEzv,117108709072765,【无广】9大辅助驾驶晚高峰实测！谁是真正的第一梯队？,凤凰车研所,2026-08-17 11:34:40,232731,1923,1,【无广实测】问/鹏/理/迪/米/蔚/尚/氪/奔 9车辅助驾驶深度体验,40983071508,494.52600,1,25,16777215,2026-08-17 23:11:41,1786979501,0,3af66580,2180101087603466240,一顿操作猛如虎
BV15Xb86nEzv,117108709072765,【无广】9大辅助驾驶晚高峰实测！谁是真正的第一梯队？,凤凰车研所,2026-08-17 11:34:40,232731,1923,1,【无广实测】问/鹏/理/迪/米/蔚/尚/氪/奔 9车辅助驾驶深度体验,40983071508,551.66900,1,25,16777215,2026-08-17 22:00:42,1786975242,0,691640e7,2180065361486287616,接管啥意思？
BV15Xb86nEzv,117108709072765,【无广】9大辅助驾驶晚高峰实测！谁是真正的第一梯队？,凤凰车研所,2026-08-17 11:34:40,232731,1923,1,【无广实测】问/鹏/理/迪/米/蔚/尚/氪/奔 9车辅助驾驶深度体验,40983071508,548.09900,1,25,16777215,2026-08-17 18:15:03,1786961703,0,1fcd9801,2179951787216867840,这里的退出接管意义是什么？
BV15Xb86nEzv,117108709072765,【无广】9大辅助驾驶晚高峰实测！谁是真正的第一梯队？,凤凰车研所,2026-08-17 11:34:40,232731,1923,1,【无广实测】问/鹏/理/迪/米/蔚/尚/氪/奔 9车辅助驾驶深度体验,40983071508,621.32300,1,25,16777215,2026-08-26 15:12:09,1787728329,0,a81e9094,2186382711106326528,老广本地人的从容
BV15Xb86nEzv,117108709072765,【无广】9大辅助驾驶晚高峰实测！谁是真正的第一梯队？,凤凰车研所,2026-08-17 11:34:40,232731,1923,1,【无广实测】问/鹏/理/迪/米/蔚/尚/氪/奔 9车辅助驾驶深度体验,40983071508,148.48000,1,25,16777215,2026-08-24 13:03:20,1787547800,0,7bd126e7,2184868319075933696,这有什么问题？不这么走你怎么知道自己买的是真理想
BV15Xb86nEzv,117108709072765,【无广】9大辅助驾驶晚高峰实测！谁是真正的第一梯队？,凤凰车研所,2026-08-17 11:34:40,232731,1923,1,【无广实测】问/鹏/理/迪/米/蔚/尚/氪/奔 9车辅助驾驶深度体验,40983071508,292.38800,1,25,16777215,2026-08-23 09:41:01,1787449261,0,8257b0ea,2184041717999715328,前面急死了，遇上交通管制还不是运气不好啊
BV15Xb86nEzv,117108709072765,【无广】9大辅助驾驶晚高峰实测！谁是真正的第一梯队？,凤凰车研所,2026-08-17 11:34:40,232731,1923,1,【无广实测】问/鹏/理/迪/米/蔚/尚/氪/奔 9车辅助驾驶深度体验,40983071508,755.06800,1,25,16777215,2026-08-21 01:49:44,1787248184,0,743e6975,2182354958958210048,太多理想车主这样干了，系统已经学习到了
BV15Xb86nEzv,117108709072765,【无广】9大辅助驾驶晚高峰实测！谁是真正的第一梯队？,凤凰车研所,2026-08-17 11:34:40,232731,1923,1,【无广实测】问/鹏/理/迪/米/蔚/尚/氪/奔 9车辅助驾驶深度体验,40983071508,847.67500,1,25,16777215,2026-08-20 22:07:27,1787234847,0,cf0e6c9d,2182243082978832896,华子笑而不语（doge
BV15Xb86nEzv,117108709072765,【无广】9大辅助驾驶晚高峰实测！谁是真正的第一梯队？,凤凰车研所,2026-08-17 11:34:40,232731,1923,1,【无广实测】问/鹏/理/迪/米/蔚/尚/氪/奔 9车辅助驾驶深度体验,40983071508,285.10400,1,25,16777215,2026-08-20 16:09:22,1787213362,0,53af74c4,2182062853434039296,这回运气不太好了？ 那之前是不是运气太好了？
BV15Xb86nEzv,117108709072765,【无广】9大辅助驾驶晚高峰实测！谁是真正的第一梯队？,凤凰车研所,2026-08-17 11:34:40,232731,1923,1,【无广实测】问/鹏/理/迪/米/蔚/尚/氪/奔 9车辅助驾驶深度体验,40983071508,192.74500,5,25,41194,2026-08-20 09:41:28,1787190088,0,db1d956f,2181867615445341184,撞上了就是已经退出辅助驾驶了
BV15Xb86nEzv,117108709072765,【无广】9大辅助驾驶晚高峰实测！谁是真正的第一梯队？,凤凰车研所,2026-08-17 11:34:40,232731,1923,1,【无广实测】问/鹏/理/迪/米/蔚/尚/氪/奔 9车辅助驾驶深度体验,40983071508,726.71600,1,25,16777215,2026-08-20 00:50:53,1787158253,0,c620b199,2181600567934390784,M7多了4次接管？
BV15Xb86nEzv,117108709072765,【无广】9大辅助驾驶晚高峰实测！谁是真正的第一梯队？,凤凰车研所,2026-08-17 11:34:40,232731,1923,1,【无广实测】问/鹏/理/迪/米/蔚/尚/氪/奔 9车辅助驾驶深度体验,40983071508,245.65100,1,25,16777215,2026-08-19 13:56:56,1787119016,0,ca1e97e0,2181271422847396352,虽然是同一条路线，但路况不一样，我感觉对比不出来
BV15Xb86nEzv,117108709072765,【无广】9大辅助驾驶晚高峰实测！谁是真正的第一梯队？,凤凰车研所,2026-08-17 11:34:40,232731,1923,1,【无广实测】问/鹏/理/迪/米/蔚/尚/氪/奔 9车辅助驾驶深度体验,40983071508,174.16000,5,25,16777215,2026-08-19 06:11:18,1787091078,0,4dd2e21e,2181037064786265088,玄武骂归骂，华子智驾确实有东西的
BV15Xb86nEzv,117108709072765,【无广】9大辅助驾驶晚高峰实测！谁是真正的第一梯队？,凤凰车研所,2026-08-17 11:34:40,232731,1923,1,【无广实测】问/鹏/理/迪/米/蔚/尚/氪/奔 9车辅助驾驶深度体验,40983071508,152.89400,1,25,16777215,2026-08-18 22:45:19,1787064319,0,16da50a3,2180812589889255936,哈哈哈，虽然我是理想车主，看到这个也蚌埠住笑了
BV15Xb86nEzv,117108709072765,【无广】9大辅助驾驶晚高峰实测！谁是真正的第一梯队？,凤凰车研所,2026-08-17 11:34:40,232731,1923,1,【无广实测】问/鹏/理/迪/米/蔚/尚/氪/奔 9车辅助驾驶深度体验,40983071508,929.59500,1,25,16777215,2026-08-18 14:26:10,1787034370,0,1366147c,2180561358008510464,这里路况变量太大了，基本无法对比
BV15Xb86nEzv,117108709072765,【无广】9大辅助驾驶晚高峰实测！谁是真正的第一梯队？,凤凰车研所,2026-08-17 11:34:40,232731,1923,1,【无广实测】问/鹏/理/迪/米/蔚/尚/氪/奔 9车辅助驾驶深度体验,40983071508,243.60600,1,25,16777215,2026-08-17 23:54:28,1786982068,0,dec56442,2180122615438445056,说实在的，就这种路况没几个人开辅助驾驶，比自己开还累
BV15Xb86nEzv,117108709072765,【无广】9大辅助驾驶晚高峰实测！谁是真正的第一梯队？,凤凰车研所,2026-08-17 11:34:40,232731,1923,1,【无广实测】问/鹏/理/迪/米/蔚/尚/氪/奔 9车辅助驾驶深度体验,40983071508,293.13000,1,25,16777215,2026-08-17 23:32:58,1786980778,0,8b669a01,2180111800174393088,其他家前面运气也不好。。。
BV15Xb86nEzv,117108709072765,【无广】9大辅助驾驶晚高峰实测！谁是真正的第一梯队？,凤凰车研所,2026-08-17 11:34:40,232731,1923,1,【无广实测】问/鹏/理/迪/米/蔚/尚/氪/奔 9车辅助驾驶深度体验,40983071508,149.30500,1,25,16777215,2026-08-17 22:16:50,1786976210,0,34499134,2180073481625729536,是正品了
BV15Xb86nEzv,117108709072765,【无广】9大辅助驾驶晚高峰实测！谁是真正的第一梯队？,凤凰车研所,2026-08-17 11:34:40,232731,1923,1,【无广实测】问/鹏/理/迪/米/蔚/尚/氪/奔 9车辅助驾驶深度体验,40983071508,181.82100,1,25,16777215,2026-08-17 20:19:07,1786969147,0,9aeb0179,2180014232736193280,没事，咱有兜底
BV15Xb86nEzv,117108709072765,【无广】9大辅助驾驶晚高峰实测！谁是真正的第一梯队？,凤凰车研所,2026-08-17 11:34:40,232731,1923,1,【无广实测】问/鹏/理/迪/米/蔚/尚/氪/奔 9车辅助驾驶深度体验,40983071508,506.53600,5,25,16777215,2026-08-17 19:39:15,1786966755,0,e810564d,2179994161884495104,千里冒汗了
BV15Xb86nEzv,117108709072765,【无广】9大辅助驾驶晚高峰实测！谁是真正的第一梯队？,凤凰车研所,2026-08-17 11:34:40,232731,1923,1,【无广实测】问/鹏/理/迪/米/蔚/尚/氪/奔 9车辅助驾驶深度体验,40983071508,688.46600,1,25,16777215,2026-08-26 23:15:10,1787757310,0,c548fbdb,2186625819827616256,尚界不是接管了吗？接管次数怎么没变成2
BV15Xb86nEzv,117108709072765,【无广】9大辅助驾驶晚高峰实测！谁是真正的第一梯队？,凤凰车研所,2026-08-17 11:34:40,232731,1923,1,【无广实测】问/鹏/理/迪/米/蔚/尚/氪/奔 9车辅助驾驶深度体验,40983071508,241.92000,1,25,0,2026-08-26 18:30:55,1787740255,0,5f974530,2186482750272720896,华为确实有点东西
BV15Xb86nEzv,117108709072765,【无广】9大辅助驾驶晚高峰实测！谁是真正的第一梯队？,凤凰车研所,2026-08-17 11:34:40,232731,1923,1,【无广实测】问/鹏/理/迪/米/蔚/尚/氪/奔 9车辅助驾驶深度体验,40983071508,368.13000,1,25,16777215,2026-08-26 16:33:00,1787733180,0,1025d79d,2186423400367720960,同一路端，测试时的路况复杂度完全没法比，这个测试参考意义不大
BV15Xb86nEzv,117108709072765,【无广】9大辅助驾驶晚高峰实测！谁是真正的第一梯队？,凤凰车研所,2026-08-17 11:34:40,232731,1923,1,【无广实测】问/鹏/理/迪/米/蔚/尚/氪/奔 9车辅助驾驶深度体验,40983071508,314.01700,1,25,16646914,2026-08-26 01:25:12,1787678712,0,4c93ca2a,2185966492704249344,前车也是小鹏，人家开双闪跟你打招呼呢，你还一脸懵在原地
BV15Xb86nEzv,117108709072765,【无广】9大辅助驾驶晚高峰实测！谁是真正的第一梯队？,凤凰车研所,2026-08-17 11:34:40,232731,1923,1,【无广实测】问/鹏/理/迪/米/蔚/尚/氪/奔 9车辅助驾驶深度体验,40983071508,385.70200,1,25,16777215,2026-08-24 02:46:03,1787510763,0,b5ae8d96,2184557634118728192,广州模型
BV15Xb86nEzv,117108709072765,【无广】9大辅助驾驶晚高峰实测！谁是真正的第一梯队？,凤凰车研所,2026-08-17 11:34:40,232731,1923,1,【无广实测】问/鹏/理/迪/米/蔚/尚/氪/奔 9车辅助驾驶深度体验,40983071508,515.98300,1,25,16777215,2026-08-21 18:51:45,1787309505,0,1a0e09ac,2182869359809839616,极客的智驾真的偏弱，不过相比于之前的令人汗颜的技术，现在的已经是长进巨大了
BV15Xb86nEzv,117108709072765,【无广】9大辅助驾驶晚高峰实测！谁是真正的第一梯队？,凤凰车研所,2026-08-17 11:34:40,232731,1923,1,【无广实测】问/鹏/理/迪/米/蔚/尚/氪/奔 9车辅助驾驶深度体验,40983071508,626.10400,1,25,16777215,2026-08-20 21:11:39,1787231499,0,1291979b,2182214995989990656,很想看看FSD在国内这些复杂路况下是什么表现……
BV15Xb86nEzv,117108709072765,【无广】9大辅助驾驶晚高峰实测！谁是真正的第一梯队？,凤凰车研所,2026-08-17 11:34:40,232731,1923,1,【无广实测】问/鹏/理/迪/米/蔚/尚/氪/奔 9车辅助驾驶深度体验,40983071508,826.74800,1,25,16777215,2026-08-20 09:05:10,1787187910,0,305bdc26,2181849343395599872,开的看起来慢而已，实际上舒适型轿车在这里70速度过急弯很容易失控
BV15Xb86nEzv,117108709072765,【无广】9大辅助驾驶晚高峰实测！谁是真正的第一梯队？,凤凰车研所,2026-08-17 11:34:40,232731,1923,1,【无广实测】问/鹏/理/迪/米/蔚/尚/氪/奔 9车辅助驾驶深度体验,40983071508,317.02200,1,25,16777215,2026-08-19 21:00:13,1787144413,0,ea5347c2,2181484468970504704,前车也在测试？
BV15Xb86nEzv,117108709072765,【无广】9大辅助驾驶晚高峰实测！谁是真正的第一梯队？,凤凰车研所,2026-08-17 11:34:40,232731,1923,1,【无广实测】问/鹏/理/迪/米/蔚/尚/氪/奔 9车辅助驾驶深度体验,40983071508,310.17800,5,25,16776960,2026-08-19 12:02:05,1787112125,0,7cc44e0,2181213614701449472,遇到鹏友了让一下能理解
BV15Xb86nEzv,117108709072765,【无广】9大辅助驾驶晚高峰实测！谁是真正的第一梯队？,凤凰车研所,2026-08-17 11:34:40,232731,1923,1,【无广实测】问/鹏/理/迪/米/蔚/尚/氪/奔 9车辅助驾驶深度体验,40983071508,192.62000,1,25,16777215,2026-08-18 23:47:13,1787068033,0,7d845c6e,2180843745103934464,是正品了
BV15Xb86nEzv,117108709072765,【无广】9大辅助驾驶晚高峰实测！谁是真正的第一梯队？,凤凰车研所,2026-08-17 11:34:40,232731,1923,1,【无广实测】问/鹏/理/迪/米/蔚/尚/氪/奔 9车辅助驾驶深度体验,40983071508,1042.16600,1,25,16777215,2026-08-18 21:32:31,1787059951,0,f09931e4,2180775952358337536,这还只是智驾的，问界和上界的安全那才是厉害。
BV15Xb86nEzv,117108709072765,【无广】9大辅助驾驶晚高峰实测！谁是真正的第一梯队？,凤凰车研所,2026-08-17 11:34:40,232731,1923,1,【无广实测】问/鹏/理/迪/米/蔚/尚/氪/奔 9车辅助驾驶深度体验,40983071508,676.64900,1,25,16777215,2026-08-18 21:24:09,1787059449,0,f09931e4,2180771740832776960,应该是没设置选项没选。
BV15Xb86nEzv,117108709072765,【无广】9大辅助驾驶晚高峰实测！谁是真正的第一梯队？,凤凰车研所,2026-08-17 11:34:40,232731,1923,1,【无广实测】问/鹏/理/迪/米/蔚/尚/氪/奔 9车辅助驾驶深度体验,40983071508,794.31300,1,25,16777215,2026-08-18 20:56:34,1787057794,0,7b3e9892,2180757856604033024,还得是ADS
BV15Xb86nEzv,117108709072765,【无广】9大辅助驾驶晚高峰实测！谁是真正的第一梯队？,凤凰车研所,2026-08-17 11:34:40,232731,1923,1,【无广实测】问/鹏/理/迪/米/蔚/尚/氪/奔 9车辅助驾驶深度体验,40983071508,597.87800,5,25,16777215,2026-08-18 15:59:00,1787039940,0,745524f7,2180608087923956480,这里太多闯红灯的路人了吧。
BV15Xb86nEzv,117108709072765,【无广】9大辅助驾驶晚高峰实测！谁是真正的第一梯队？,凤凰车研所,2026-08-17 11:34:40,232731,1923,1,【无广实测】问/鹏/理/迪/米/蔚/尚/氪/奔 9车辅助驾驶深度体验,40983071508,107.50600,1,25,16777215,2026-08-18 14:53:00,1787035980,0,e66daa53,2180574863541668352,前面这z9gt真帅吧
BV15Xb86nEzv,117108709072765,【无广】9大辅助驾驶晚高峰实测！谁是真正的第一梯队？,凤凰车研所,2026-08-17 11:34:40,232731,1923,1,【无广实测】问/鹏/理/迪/米/蔚/尚/氪/奔 9车辅助驾驶深度体验,40983071508,193.37700,1,25,16777215,2026-08-18 14:31:04,1787034664,0,cf76445f,2180563822279578368,看到绿化带了
BV15Xb86nEzv,117108709072765,【无广】9大辅助驾驶晚高峰实测！谁是真正的第一梯队？,凤凰车研所,2026-08-17 11:34:40,232731,1923,1,【无广实测】问/鹏/理/迪/米/蔚/尚/氪/奔 9车辅助驾驶深度体验,40983071508,168.03800,5,25,15138835,2026-08-18 08:55:15,1787014515,0,9b2bd3bd,2180394806784857088,ads牛啊
BV15Xb86nEzv,117108709072765,【无广】9大辅助驾驶晚高峰实测！谁是真正的第一梯队？,凤凰车研所,2026-08-17 11:34:40,232731,1923,1,【无广实测】问/鹏/理/迪/米/蔚/尚/氪/奔 9车辅助驾驶深度体验,40983071508,93.15500,1,25,16777215,2026-08-18 01:20:32,1786987232,0,f9511c82,2180165940099398400,奔驰标的汉l？？
BV15Xb86nEzv,117108709072765,【无广】9大辅助驾驶晚高峰实测！谁是真正的第一梯队？,凤凰车研所,2026-08-17 11:34:40,232731,1923,1,【无广实测】问/鹏/理/迪/米/蔚/尚/氪/奔 9车辅助驾驶深度体验,40983071508,378.47800,1,25,16777215,2026-08-17 23:35:41,1786980941,0,f7b801dc,2180113164405580544,这才是广州本土企业辅助驾驶面临的路况
BV15Xb86nEzv,117108709072765,【无广】9大辅助驾驶晚高峰实测！谁是真正的第一梯队？,凤凰车研所,2026-08-17 11:34:40,232731,1923,1,【无广实测】问/鹏/理/迪/米/蔚/尚/氪/奔 9车辅助驾驶深度体验,40983071508,123.37300,5,25,15138834,2026-08-17 23:27:21,1786980441,0,d8645890,2180108973784147456,我就经常这样，总会有起步慢和玩手机的人的
BV15Xb86nEzv,117108709072765,【无广】9大辅助驾驶晚高峰实测！谁是真正的第一梯队？,凤凰车研所,2026-08-17 11:34:40,232731,1923,1,【无广实测】问/鹏/理/迪/米/蔚/尚/氪/奔 9车辅助驾驶深度体验,40983071508,1034.19400,5,25,16707842,2026-08-17 22:16:57,1786976217,0,fbfb4d3c,2180073537048652800,问界尚界相对来说更安全一些
BV15Xb86nEzv,117108709072765,【无广】9大辅助驾驶晚高峰实测！谁是真正的第一梯队？,凤凰车研所,2026-08-17 11:34:40,232731,1923,1,【无广实测】问/鹏/理/迪/米/蔚/尚/氪/奔 9车辅助驾驶深度体验,40983071508,877.53500,1,25,16777215,2026-08-17 21:52:52,1786974772,0,e82a01f2,2180061416240513280,华为依旧独一档
BV15Xb86nEzv,117108709072765,【无广】9大辅助驾驶晚高峰实测！谁是真正的第一梯队？,凤凰车研所,2026-08-17 11:34:40,232731,1923,1,【无广实测】问/鹏/理/迪/米/蔚/尚/氪/奔 9车辅助驾驶深度体验,40983071508,213.95900,1,25,16777215,2026-08-17 20:43:38,1786970618,0,380804fe,2180026567764587264,比亚迪那个没接管
BV15Xb86nEzv,117108709072765,【无广】9大辅助驾驶晚高峰实测！谁是真正的第一梯队？,凤凰车研所,2026-08-17 11:34:40,232731,1923,1,【无广实测】问/鹏/理/迪/米/蔚/尚/氪/奔 9车辅助驾驶深度体验,40983071508,152.08100,1,25,16777215,2026-08-17 16:54:48,1786956888,0,9973877c,2179911389912182784,理他们干什么，想怎么开就怎么开
BV15Xb86nEzv,117108709072765,【无广】9大辅助驾驶晚高峰实测！谁是真正的第一梯队？,凤凰车研所,2026-08-17 11:34:40,232731,1923,1,【无广实测】问/鹏/理/迪/米/蔚/尚/氪/奔 9车辅助驾驶深度体验,40983071508,388.20800,1,25,16777215,2026-08-17 13:52:33,1786945953,0,d20adec1,2179819665055555584,极氪进步挺大
BV15Xb86nEzv,117108709072765,【无广】9大辅助驾驶晚高峰实测！谁是真正的第一梯队？,凤凰车研所,2026-08-17 11:34:40,232731,1923,1,【无广实测】问/鹏/理/迪/米/蔚/尚/氪/奔 9车辅助驾驶深度体验,40983071508,54.34500,1,25,16777215,2026-08-17 12:52:04,1786942324,0,43294cb0,2179789218577604096,理想不用马赫的那套新的感觉缺点意思…
BV15Xb86nEzv,117108709072765,【无广】9大辅助驾驶晚高峰实测！谁是真正的第一梯队？,凤凰车研所,2026-08-17 11:34:40,232731,1923,1,【无广实测】问/鹏/理/迪/米/蔚/尚/氪/奔 9车辅助驾驶深度体验,40983071508,822.88400,1,25,16777215,2026-09-06 19:07:43,1788692863,0,377c52e9,2194473809875922432,这个确实是真的 感觉比亚迪的智驾进带弯匝道有问题 我开的也是 进匝道必接管
BV15Xb86nEzv,117108709072765,【无广】9大辅助驾驶晚高峰实测！谁是真正的第一梯队？,凤凰车研所,2026-08-17 11:34:40,232731,1923,1,【无广实测】问/鹏/理/迪/米/蔚/尚/氪/奔 9车辅助驾驶深度体验,40983071508,538.14400,1,25,16777215,2026-09-04 14:59:28,1788505168,0,e2aa2dbe,2192899303519970816,我避他锋芒？
BV15Xb86nEzv,117108709072765,【无广】9大辅助驾驶晚高峰实测！谁是真正的第一梯队？,凤凰车研所,2026-08-17 11:34:40,232731,1923,1,【无广实测】问/鹏/理/迪/米/蔚/尚/氪/奔 9车辅助驾驶深度体验,40983071508,357.34700,1,25,16777215,2026-09-02 21:24:57,1788355497,0,4ff86ba5,2191643779814434560,会不会放图啊，这俩表现好一些的，感觉和前面俩表现好的最大差别是人多人少。。
BV15Xb86nEzv,117108709072765,【无广】9大辅助驾驶晚高峰实测！谁是真正的第一梯队？,凤凰车研所,2026-08-17 11:34:40,232731,1923,1,【无广实测】问/鹏/理/迪/米/蔚/尚/氪/奔 9车辅助驾驶深度体验,40983071508,133.47200,1,25,16777215,2026-08-27 22:43:23,1787841803,0,29a22f13,2187334594901335552,依旧冒汗。。。
BV15Xb86nEzv,117108709072765,【无广】9大辅助驾驶晚高峰实测！谁是真正的第一梯队？,凤凰车研所,2026-08-17 11:34:40,232731,1923,1,【无广实测】问/鹏/理/迪/米/蔚/尚/氪/奔 9车辅助驾驶深度体验,40983071508,590.72600,1,25,16777215,2026-08-25 15:05:34,1787641534,0,c3b16cc,2185654618620186880,城市乱成这样？？？？？咋规划的啊
BV15Xb86nEzv,117108709072765,【无广】9大辅助驾驶晚高峰实测！谁是真正的第一梯队？,凤凰车研所,2026-08-17 11:34:40,232731,1923,1,【无广实测】问/鹏/理/迪/米/蔚/尚/氪/奔 9车辅助驾驶深度体验,40983071508,147.72700,1,25,16777215,2026-08-25 01:36:43,1787593003,0,e9550b05,2185247510691120384,想怎么走就怎么走，理他干什么
BV15Xb86nEzv,117108709072765,【无广】9大辅助驾驶晚高峰实测！谁是真正的第一梯队？,凤凰车研所,2026-08-17 11:34:40,232731,1923,1,【无广实测】问/鹏/理/迪/米/蔚/尚/氪/奔 9车辅助驾驶深度体验,40983071508,934.93200,1,25,16777215,2026-08-23 22:28:32,1787495312,0,ecd8054a,2184428020520112384,这里变量和运气运气影响很大吧，建议此路段同一车型多次测试
BV15Xb86nEzv,117108709072765,【无广】9大辅助驾驶晚高峰实测！谁是真正的第一梯队？,凤凰车研所,2026-08-17 11:34:40,232731,1923,1,【无广实测】问/鹏/理/迪/米/蔚/尚/氪/奔 9车辅助驾驶深度体验,40983071508,193.73500,5,25,16777215,2026-08-23 19:19:16,1787483956,0,47bc77d5,2184332761853542144,小米：我稳定发挥，问题不大
BV15Xb86nEzv,117108709072765,【无广】9大辅助驾驶晚高峰实测！谁是真正的第一梯队？,凤凰车研所,2026-08-17 11:34:40,232731,1923,1,【无广实测】问/鹏/理/迪/米/蔚/尚/氪/奔 9车辅助驾驶深度体验,40983071508,146.01600,1,25,16777215,2026-08-23 09:41:54,1787449314,0,e6fd155,2184042159912222464,咚咚咚~哒哒哒哒，哒哒哒哒
BV15Xb86nEzv,117108709072765,【无广】9大辅助驾驶晚高峰实测！谁是真正的第一梯队？,凤凰车研所,2026-08-17 11:34:40,232731,1923,1,【无广实测】问/鹏/理/迪/米/蔚/尚/氪/奔 9车辅助驾驶深度体验,40983071508,52.82600,1,25,16777215,2026-08-22 12:06:33,1787371593,0,d2469e1f,2183390191585691904,小米也是第一梯队（）
BV15Xb86nEzv,117108709072765,【无广】9大辅助驾驶晚高峰实测！谁是真正的第一梯队？,凤凰车研所,2026-08-17 11:34:40,232731,1923,1,【无广实测】问/鹏/理/迪/米/蔚/尚/氪/奔 9车辅助驾驶深度体验,40983071508,349.55400,1,25,16777215,2026-08-21 23:47:02,1787327222,0,13fc6a1d,2183017982715192832,这个不是同一时间段录的吧，周边的行道树有些都是冬天没有叶子。
BV15Xb86nEzv,117108709072765,【无广】9大辅助驾驶晚高峰实测！谁是真正的第一梯队？,凤凰车研所,2026-08-17 11:34:40,232731,1923,1,【无广实测】问/鹏/理/迪/米/蔚/尚/氪/奔 9车辅助驾驶深度体验,40983071508,526.57000,1,25,16777215,2026-08-21 22:33:27,1787322807,0,ea62ce45,2182980941004901120,纯视觉方案在夜晚无法正确判断距离
BV15Xb86nEzv,117108709072765,【无广】9大辅助驾驶晚高峰实测！谁是真正的第一梯队？,凤凰车研所,2026-08-17 11:34:40,232731,1923,1,【无广实测】问/鹏/理/迪/米/蔚/尚/氪/奔 9车辅助驾驶深度体验,40983071508,909.48000,1,25,16777215,2026-08-21 06:51:57,1787266317,0,3d1e45e5,2182507070107686656,难道不是因为在广州给练出来了吗...
BV15Xb86nEzv,117108709072765,【无广】9大辅助驾驶晚高峰实测！谁是真正的第一梯队？,凤凰车研所,2026-08-17 11:34:40,232731,1923,1,【无广实测】问/鹏/理/迪/米/蔚/尚/氪/奔 9车辅助驾驶深度体验,40983071508,9.95600,5,25,16646914,2026-08-21 00:13:19,1787242399,0,769d42e0,2182306431724729088,华为5.0发布快1年了，用4.1版本，WHY？
BV15Xb86nEzv,117108709072765,【无广】9大辅助驾驶晚高峰实测！谁是真正的第一梯队？,凤凰车研所,2026-08-17 11:34:40,232731,1923,1,【无广实测】问/鹏/理/迪/米/蔚/尚/氪/奔 9车辅助驾驶深度体验,40983071508,196.79400,1,25,16777215,2026-08-20 22:52:26,1787237546,0,702f285a,2182265725912473856,已取餐
BV15Xb86nEzv,117108709072765,【无广】9大辅助驾驶晚高峰实测！谁是真正的第一梯队？,凤凰车研所,2026-08-17 11:34:40,232731,1923,1,【无广实测】问/鹏/理/迪/米/蔚/尚/氪/奔 9车辅助驾驶深度体验,40983071508,460.15300,1,25,16777215,2026-08-20 20:04:32,1787227472,0,dba8ae15,2182181213027399424,这里的迪子是因为有牵扯才停的把
BV15Xb86nEzv,117108709072765,【无广】9大辅助驾驶晚高峰实测！谁是真正的第一梯队？,凤凰车研所,2026-08-17 11:34:40,232731,1923,1,【无广实测】问/鹏/理/迪/米/蔚/尚/氪/奔 9车辅助驾驶深度体验,40983071508,494.07900,1,25,16777215,2026-08-20 16:17:38,1787213858,0,53af74c4,2182067011432377856,这难道不是运气不好，正好赶上直行？
BV15Xb86nEzv,117108709072765,【无广】9大辅助驾驶晚高峰实测！谁是真正的第一梯队？,凤凰车研所,2026-08-17 11:34:40,232731,1923,1,【无广实测】问/鹏/理/迪/米/蔚/尚/氪/奔 9车辅助驾驶深度体验,40983071508,600.69600,1,25,16777215,2026-08-20 14:46:13,1787208373,0,2bef6920,2182021000126999296,两台华为依旧遥遥领先
BV15Xb86nEzv,117108709072765,【无广】9大辅助驾驶晚高峰实测！谁是真正的第一梯队？,凤凰车研所,2026-08-17 11:34:40,232731,1923,1,【无广实测】问/鹏/理/迪/米/蔚/尚/氪/奔 9车辅助驾驶深度体验,40983071508,1021.50900,1,25,16777215,2026-08-20 14:34:49,1787207689,0,52f42dfc,2182015261438430208,锁单了 尚界Z7T
BV15Xb86nEzv,117108709072765,【无广】9大辅助驾驶晚高峰实测！谁是真正的第一梯队？,凤凰车研所,2026-08-17 11:34:40,232731,1923,1,【无广实测】问/鹏/理/迪/米/蔚/尚/氪/奔 9车辅助驾驶深度体验,40983071508,406.49800,1,25,16777215,2026-08-20 11:42:28,1787197348,0,4949718a,2181928515640075264,马路边坐着聊天，难崩
BV15Xb86nEzv,117108709072765,【无广】9大辅助驾驶晚高峰实测！谁是真正的第一梯队？,凤凰车研所,2026-08-17 11:34:40,232731,1923,1,【无广实测】问/鹏/理/迪/米/蔚/尚/氪/奔 9车辅助驾驶深度体验,40983071508,1055.46800,1,25,16777215,2026-08-20 02:36:34,1787164594,0,c06cafce,2181653756373439232,看完就是都还远达不到L3
BV15Xb86nEzv,117108709072765,【无广】9大辅助驾驶晚高峰实测！谁是真正的第一梯队？,凤凰车研所,2026-08-17 11:34:40,232731,1923,1,【无广实测】问/鹏/理/迪/米/蔚/尚/氪/奔 9车辅助驾驶深度体验,40983071508,317.40500,1,25,16777215,2026-08-19 22:52:11,1787151131,0,564f244a,2181540821760536832,智驾是让你安心，而不是要多快，着急就应该自己开
BV15Xb86nEzv,117108709072765,【无广】9大辅助驾驶晚高峰实测！谁是真正的第一梯队？,凤凰车研所,2026-08-17 11:34:40,232731,1923,1,【无广实测】问/鹏/理/迪/米/蔚/尚/氪/奔 9车辅助驾驶深度体验,40983071508,539.08400,1,25,16777215,2026-08-19 22:30:45,1787149845,0,2f8be8dd,2181530031443379968,还是乾崑5.0强
BV15Xb86nEzv,117108709072765,【无广】9大辅助驾驶晚高峰实测！谁是真正的第一梯队？,凤凰车研所,2026-08-17 11:34:40,232731,1923,1,【无广实测】问/鹏/理/迪/米/蔚/尚/氪/奔 9车辅助驾驶深度体验,40983071508,242.72800,1,25,16777215,2026-08-19 22:28:08,1787149688,0,aca58d63,2181528714130224896,尚界这个都没什么流量了没什么好比啊
BV15Xb86nEzv,117108709072765,【无广】9大辅助驾驶晚高峰实测！谁是真正的第一梯队？,凤凰车研所,2026-08-17 11:34:40,232731,1923,1,【无广实测】问/鹏/理/迪/米/蔚/尚/氪/奔 9车辅助驾驶深度体验,40983071508,198.10200,1,25,16777215,2026-08-19 21:17:41,1787145461,0,6e6f21e6,2181493255945593344,小鹏什么原因呢？
BV15Xb86nEzv,117108709072765,【无广】9大辅助驾驶晚高峰实测！谁是真正的第一梯队？,凤凰车研所,2026-08-17 11:34:40,232731,1923,1,【无广实测】问/鹏/理/迪/米/蔚/尚/氪/奔 9车辅助驾驶深度体验,40983071508,158.42100,1,25,16777215,2026-08-19 16:39:03,1787128743,0,37960453,2181353020817347584,理都不理，想开就开
BV15Xb86nEzv,117108709072765,【无广】9大辅助驾驶晚高峰实测！谁是真正的第一梯队？,凤凰车研所,2026-08-17 11:34:40,232731,1923,1,【无广实测】问/鹏/理/迪/米/蔚/尚/氪/奔 9车辅助驾驶深度体验,40983071508,152.81100,1,25,16777215,2026-08-19 15:00:47,1787122847,0,54443293,2181303560820792064,这很理想
BV15Xb86nEzv,117108709072765,【无广】9大辅助驾驶晚高峰实测！谁是真正的第一梯队？,凤凰车研所,2026-08-17 11:34:40,232731,1923,1,【无广实测】问/鹏/理/迪/米/蔚/尚/氪/奔 9车辅助驾驶深度体验,40983071508,1020.41000,1,25,16777215,2026-08-19 13:17:29,1787116649,0,73c5f88c,2181251564940617728,极氪冒汗了吗
BV15Xb86nEzv,117108709072765,【无广】9大辅助驾驶晚高峰实测！谁是真正的第一梯队？,凤凰车研所,2026-08-17 11:34:40,232731,1923,1,【无广实测】问/鹏/理/迪/米/蔚/尚/氪/奔 9车辅助驾驶深度体验,40983071508,1081.30900,1,25,16777215,2026-08-19 11:10:55,1787109055,0,19b687d9,2181187866398020352,個人小總結：買得起買界車，預算少點買小鵬。
BV15Xb86nEzv,117108709072765,【无广】9大辅助驾驶晚高峰实测！谁是真正的第一梯队？,凤凰车研所,2026-08-17 11:34:40,232731,1923,1,【无广实测】问/鹏/理/迪/米/蔚/尚/氪/奔 9车辅助驾驶深度体验,40983071508,195.04900,1,25,16777215,2026-08-19 10:20:42,1787106042,0,411b43a8,2181162591102384128,那就对了
BV15Xb86nEzv,117108709072765,【无广】9大辅助驾驶晚高峰实测！谁是真正的第一梯队？,凤凰车研所,2026-08-17 11:34:40,232731,1923,1,【无广实测】问/鹏/理/迪/米/蔚/尚/氪/奔 9车辅助驾驶深度体验,40983071508,306.45400,1,25,16776960,2026-08-19 00:47:02,1787071622,0,3bcdec8c,2180873853529059328,P7：前面的是我前辈大哥啊，我得停下来
BV15Xb86nEzv,117108709072765,【无广】9大辅助驾驶晚高峰实测！谁是真正的第一梯队？,凤凰车研所,2026-08-17 11:34:40,232731,1923,1,【无广实测】问/鹏/理/迪/米/蔚/尚/氪/奔 9车辅助驾驶深度体验,40983071508,420.34800,1,25,16777215,2026-08-18 23:11:44,1787065904,0,197df193,2180825883903047680,没招啊极客9x最胖
BV15Xb86nEzv,117108709072765,【无广】9大辅助驾驶晚高峰实测！谁是真正的第一梯队？,凤凰车研所,2026-08-17 11:34:40,232731,1923,1,【无广实测】问/鹏/理/迪/米/蔚/尚/氪/奔 9车辅助驾驶深度体验,40983071508,350.39700,1,25,16777215,2026-08-18 20:58:07,1787057887,0,b5456a8a,2180758635041589760,大胆
BV15Xb86nEzv,117108709072765,【无广】9大辅助驾驶晚高峰实测！谁是真正的第一梯队？,凤凰车研所,2026-08-17 11:34:40,232731,1923,1,【无广实测】问/鹏/理/迪/米/蔚/尚/氪/奔 9车辅助驾驶深度体验,40983071508,193.77500,1,25,16777215,2026-08-18 20:55:38,1787057738,0,b5456a8a,2180757381649413632,大胆
BV15Xb86nEzv,117108709072765,【无广】9大辅助驾驶晚高峰实测！谁是真正的第一梯队？,凤凰车研所,2026-08-17 11:34:40,232731,1923,1,【无广实测】问/鹏/理/迪/米/蔚/尚/氪/奔 9车辅助驾驶深度体验,40983071508,405.76000,1,25,8700107,2026-08-18 18:18:01,1787048281,0,f30db5e7,2180678050105857024,前面不是激进吗？这里又保守了？
BV15Xb86nEzv,117108709072765,【无广】9大辅助驾驶晚高峰实测！谁是真正的第一梯队？,凤凰车研所,2026-08-17 11:34:40,232731,1923,1,【无广实测】问/鹏/理/迪/米/蔚/尚/氪/奔 9车辅助驾驶深度体验,40983071508,151.45000,1,25,16777215,2026-08-18 17:05:40,1787043940,0,57aecb83,2180641639394628864,理他干什么想怎么就怎么走
BV15Xb86nEzv,117108709072765,【无广】9大辅助驾驶晚高峰实测！谁是真正的第一梯队？,凤凰车研所,2026-08-17 11:34:40,232731,1923,1,【无广实测】问/鹏/理/迪/米/蔚/尚/氪/奔 9车辅助驾驶深度体验,40983071508,910.41600,1,25,16777215,2026-08-18 16:14:04,1787040844,0,a156bd4b,2180615666880311552,广州城中村锻炼出来的
BV15Xb86nEzv,117108709072765,【无广】9大辅助驾驶晚高峰实测！谁是真正的第一梯队？,凤凰车研所,2026-08-17 11:34:40,232731,1923,1,【无广实测】问/鹏/理/迪/米/蔚/尚/氪/奔 9车辅助驾驶深度体验,40983071508,698.59100,1,25,16777215,2026-08-18 16:05:31,1787040331,0,745524f7,2180611367550898688,奔驰在这里也是倒了大霉，其他车没有出现这种情况。
BV15Xb86nEzv,117108709072765,【无广】9大辅助驾驶晚高峰实测！谁是真正的第一梯队？,凤凰车研所,2026-08-17 11:34:40,232731,1923,1,【无广实测】问/鹏/理/迪/米/蔚/尚/氪/奔 9车辅助驾驶深度体验,40983071508,9.27900,1,25,16777215,2026-08-18 15:42:39,1787038959,0,729590f6,2180599850889265664,特斯拉fsd呢
BV15Xb86nEzv,117108709072765,【无广】9大辅助驾驶晚高峰实测！谁是真正的第一梯队？,凤凰车研所,2026-08-17 11:34:40,232731,1923,1,【无广实测】问/鹏/理/迪/米/蔚/尚/氪/奔 9车辅助驾驶深度体验,40983071508,830.95900,1,25,16777215,2026-08-18 14:39:17,1787035157,0,4f01d7b7,2180567962728756480,作为天神之眼用户来说 这个应该是之前手工介入过调速，这系统有个bug手工介入过就会一直维持这个限速。但是如果真过不了弯他会自己降速的。完全不用接管
BV15Xb86nEzv,117108709072765,【无广】9大辅助驾驶晚高峰实测！谁是真正的第一梯队？,凤凰车研所,2026-08-17 11:34:40,232731,1923,1,【无广实测】问/鹏/理/迪/米/蔚/尚/氪/奔 9车辅助驾驶深度体验,40983071508,36.88300,1,25,16777215,2026-08-18 12:57:55,1787029075,0,fc868621,2180516937879458304,影视飓风赞助了T恤
BV15Xb86nEzv,117108709072765,【无广】9大辅助驾驶晚高峰实测！谁是真正的第一梯队？,凤凰车研所,2026-08-17 11:34:40,232731,1923,1,【无广实测】问/鹏/理/迪/米/蔚/尚/氪/奔 9车辅助驾驶深度体验,40983071508,340.87200,5,25,15138834,2026-08-18 11:47:22,1787024842,0,3299a4c,2180481429136766720,《布朗运动》
BV15Xb86nEzv,117108709072765,【无广】9大辅助驾驶晚高峰实测！谁是真正的第一梯队？,凤凰车研所,2026-08-17 11:34:40,232731,1923,1,【无广实测】问/鹏/理/迪/米/蔚/尚/氪/奔 9车辅助驾驶深度体验,40983071508,148.84900,1,25,16777215,2026-08-18 11:30:23,1787023823,0,f96f7a14,2180472884786140416,理想进行曲
BV15Xb86nEzv,117108709072765,【无广】9大辅助驾驶晚高峰实测！谁是真正的第一梯队？,凤凰车研所,2026-08-17 11:34:40,232731,1923,1,【无广实测】问/鹏/理/迪/米/蔚/尚/氪/奔 9车辅助驾驶深度体验,40983071508,261.09500,1,25,16777215,2026-08-18 11:09:04,1787022544,0,9467056c,2180462159388710912,我老婆就在这种路上开智驾...能不能过全看智驾
BV15Xb86nEzv,117108709072765,【无广】9大辅助驾驶晚高峰实测！谁是真正的第一梯队？,凤凰车研所,2026-08-17 11:34:40,232731,1923,1,【无广实测】问/鹏/理/迪/米/蔚/尚/氪/奔 9车辅助驾驶深度体验,40983071508,272.76000,1,25,16777215,2026-08-18 10:45:24,1787021124,0,86436679,2180450244025324032,过快在哪这不就是正常交替通行
BV15Xb86nEzv,117108709072765,【无广】9大辅助驾驶晚高峰实测！谁是真正的第一梯队？,凤凰车研所,2026-08-17 11:34:40,232731,1923,1,【无广实测】问/鹏/理/迪/米/蔚/尚/氪/奔 9车辅助驾驶深度体验,40983071508,92.65700,1,25,16777215,2026-08-18 10:05:21,1787018721,0,2a551ffd,2180430085822562048,不是你纯电GLC，左上角标汉L
BV15Xb86nEzv,117108709072765,【无广】9大辅助驾驶晚高峰实测！谁是真正的第一梯队？,凤凰车研所,2026-08-17 11:34:40,232731,1923,1,【无广实测】问/鹏/理/迪/米/蔚/尚/氪/奔 9车辅助驾驶深度体验,40983071508,9.59500,1,25,16777215,2026-08-18 09:44:02,1787017442,0,84019835,2180419358311219456,怎么没有呆地？
BV15Xb86nEzv,117108709072765,【无广】9大辅助驾驶晚高峰实测！谁是真正的第一梯队？,凤凰车研所,2026-08-17 11:34:40,232731,1923,1,【无广实测】问/鹏/理/迪/米/蔚/尚/氪/奔 9车辅助驾驶深度体验,40983071508,878.30500,1,25,16777215,2026-08-18 08:49:37,1787014177,0,caacfb0e,2180391968206188288,两个“界”还是老版本
BV15Xb86nEzv,117108709072765,【无广】9大辅助驾驶晚高峰实测！谁是真正的第一梯队？,凤凰车研所,2026-08-17 11:34:40,232731,1923,1,【无广实测】问/鹏/理/迪/米/蔚/尚/氪/奔 9车辅助驾驶深度体验,40983071508,550.41000,1,25,16777215,2026-08-18 01:29:15,1786987755,0,f9511c82,2180170326141772288,？？？？
BV15Xb86nEzv,117108709072765,【无广】9大辅助驾驶晚高峰实测！谁是真正的第一梯队？,凤凰车研所,2026-08-17 11:34:40,232731,1923,1,【无广实测】问/鹏/理/迪/米/蔚/尚/氪/奔 9车辅助驾驶深度体验,40983071508,198.52000,1,25,16777215,2026-08-18 00:48:15,1786985295,0,9ed3f585,2180149686106210560,我避它锋芒？
BV15Xb86nEzv,117108709072765,【无广】9大辅助驾驶晚高峰实测！谁是真正的第一梯队？,凤凰车研所,2026-08-17 11:34:40,232731,1923,1,【无广实测】问/鹏/理/迪/米/蔚/尚/氪/奔 9车辅助驾驶深度体验,40983071508,240.01300,1,25,16777215,2026-08-18 00:41:30,1786984890,0,73c5e945,2180146288761909504,瑶瑶领先
BV15Xb86nEzv,117108709072765,【无广】9大辅助驾驶晚高峰实测！谁是真正的第一梯队？,凤凰车研所,2026-08-17 11:34:40,232731,1923,1,【无广实测】问/鹏/理/迪/米/蔚/尚/氪/奔 9车辅助驾驶深度体验,40983071508,845.94600,1,25,16777215,2026-08-18 00:10:17,1786983017,0,b8c2ee7a,2180130581387104256,蔚来拉满了
BV15Xb86nEzv,117108709072765,【无广】9大辅助驾驶晚高峰实测！谁是真正的第一梯队？,凤凰车研所,2026-08-17 11:34:40,232731,1923,1,【无广实测】问/鹏/理/迪/米/蔚/尚/氪/奔 9车辅助驾驶深度体验,40983071508,76.22800,1,25,16777215,2026-08-17 23:01:34,1786978894,0,c2d6af19,2180095995374378752,极氪9X考点一没有问题，剪辑师需要认真点了。
BV15Xb86nEzv,117108709072765,【无广】9大辅助驾驶晚高峰实测！谁是真正的第一梯队？,凤凰车研所,2026-08-17 11:34:40,232731,1923,1,【无广实测】问/鹏/理/迪/米/蔚/尚/氪/奔 9车辅助驾驶深度体验,40983071508,1024.64400,1,25,16777215,2026-08-17 21:20:45,1786972845,0,b8ffa2d3,2180045248414427904,总结，目前依然不能全场景令人都满意
BV15Xb86nEzv,117108709072765,【无广】9大辅助驾驶晚高峰实测！谁是真正的第一梯队？,凤凰车研所,2026-08-17 11:34:40,232731,1923,1,【无广实测】问/鹏/理/迪/米/蔚/尚/氪/奔 9车辅助驾驶深度体验,40983071508,826.43500,1,25,16777215,2026-08-17 20:29:24,1786969764,0,717c62dc,2180019405260669696,比亚迪最近智驾确实有这个问题，上下匝道太快，太危险
BV15Xb86nEzv,117108709072765,【无广】9大辅助驾驶晚高峰实测！谁是真正的第一梯队？,凤凰车研所,2026-08-17 11:34:40,232731,1923,1,【无广实测】问/鹏/理/迪/米/蔚/尚/氪/奔 9车辅助驾驶深度体验,40983071508,505.90100,1,25,16777215,2026-08-17 19:11:05,1786965065,0,aec042c3,2179979987980352768,or
BV15Xb86nEzv,117108709072765,【无广】9大辅助驾驶晚高峰实测！谁是真正的第一梯队？,凤凰车研所,2026-08-17 11:34:40,232731,1923,1,【无广实测】问/鹏/理/迪/米/蔚/尚/氪/奔 9车辅助驾驶深度体验,40983071508,210.86000,1,25,16777215,2026-08-17 16:56:08,1786956968,0,9973877c,2179912065387999232,su7都接管3次了？？
BV15Xb86nEzv,117108709072765,【无广】9大辅助驾驶晚高峰实测！谁是真正的第一梯队？,凤凰车研所,2026-08-17 11:34:40,232731,1923,1,【无广实测】问/鹏/理/迪/米/蔚/尚/氪/奔 9车辅助驾驶深度体验,40983071508,677.80100,1,25,16777215,2026-08-17 15:52:19,1786953139,0,9a00b1b2,2179879945617584896,接管前找到ETC通道，怎么还加了一次接管？
BV15Xb86nEzv,117108709072765,【无广】9大辅助驾驶晚高峰实测！谁是真正的第一梯队？,凤凰车研所,2026-08-17 11:34:40,232731,1923,1,【无广实测】问/鹏/理/迪/米/蔚/尚/氪/奔 9车辅助驾驶深度体验,40983071508,740.82600,1,25,16777215,2026-08-17 13:18:34,1786943914,0,bbad82ce,2179802562864328448,车型不一样测试结果差异大吧
BV15Xb86nEzv,117108709072765,【无广】9大辅助驾驶晚高峰实测！谁是真正的第一梯队？,凤凰车研所,2026-08-17 11:34:40,232731,1923,1,【无广实测】问/鹏/理/迪/米/蔚/尚/氪/奔 9车辅助驾驶深度体验,40983071508,150.60800,1,25,16777215,2026-09-13 19:56:05,1789300565,0,2065396d,2199571577610681344,正品
BV15Xb86nEzv,117108709072765,【无广】9大辅助驾驶晚高峰实测！谁是真正的第一梯队？,凤凰车研所,2026-08-17 11:34:40,232731,1923,1,【无广实测】问/鹏/理/迪/米/蔚/尚/氪/奔 9车辅助驾驶深度体验,40983071508,14.08800,1,25,16777215,2026-09-09 08:28:12,1788913692,0,8dce572c,2196326252968011008,哦吼，全是家门口的地段
BV15Xb86nEzv,117108709072765,【无广】9大辅助驾驶晚高峰实测！谁是真正的第一梯队？,凤凰车研所,2026-08-17 11:34:40,232731,1923,1,【无广实测】问/鹏/理/迪/米/蔚/尚/氪/奔 9车辅助驾驶深度体验,40983071508,599.26500,1,25,16777215,2026-09-05 19:47:09,1788608829,0,42eaafdc,2193768878445531136,这视频真是刷新我对郑州的认知了。。。
BV15Xb86nEzv,117108709072765,【无广】9大辅助驾驶晚高峰实测！谁是真正的第一梯队？,凤凰车研所,2026-08-17 11:34:40,232731,1923,1,【无广实测】问/鹏/理/迪/米/蔚/尚/氪/奔 9车辅助驾驶深度体验,40983071508,719.18600,1,25,16777215,2026-09-04 11:51:58,1788493918,0,55780ea5,2192804936017205760,千里冒汗名不虚传啊！
BV15Xb86nEzv,117108709072765,【无广】9大辅助驾驶晚高峰实测！谁是真正的第一梯队？,凤凰车研所,2026-08-17 11:34:40,232731,1923,1,【无广实测】问/鹏/理/迪/米/蔚/尚/氪/奔 9车辅助驾驶深度体验,40983071508,152.51600,1,25,16777215,2026-09-03 18:23:06,1788430986,0,6e7a5ff5,2192277023727524864,正品
BV15Xb86nEzv,117108709072765,【无广】9大辅助驾驶晚高峰实测！谁是真正的第一梯队？,凤凰车研所,2026-08-17 11:34:40,232731,1923,1,【无广实测】问/鹏/理/迪/米/蔚/尚/氪/奔 9车辅助驾驶深度体验,40983071508,146.83400,1,25,16777215,2026-09-02 19:03:56,1788347036,0,147deced,2191572797896428800,理想没错啊，理想就是这么开的
BV15Xb86nEzv,117108709072765,【无广】9大辅助驾驶晚高峰实测！谁是真正的第一梯队？,凤凰车研所,2026-08-17 11:34:40,232731,1923,1,【无广实测】问/鹏/理/迪/米/蔚/尚/氪/奔 9车辅助驾驶深度体验,40983071508,880.87700,1,25,16777215,2026-09-02 09:18:14,1788311894,0,7f7d6bf7,2191278010223987456,用过的都知道
BV15Xb86nEzv,117108709072765,【无广】9大辅助驾驶晚高峰实测！谁是真正的第一梯队？,凤凰车研所,2026-08-17 11:34:40,232731,1923,1,【无广实测】问/鹏/理/迪/米/蔚/尚/氪/奔 9车辅助驾驶深度体验,40983071508,491.21400,1,25,16777215,2026-09-02 01:44:35,1788284675,0,a7a086dd,2191049682271281664,已取餐
BV15Xb86nEzv,117108709072765,【无广】9大辅助驾驶晚高峰实测！谁是真正的第一梯队？,凤凰车研所,2026-08-17 11:34:40,232731,1923,1,【无广实测】问/鹏/理/迪/米/蔚/尚/氪/奔 9车辅助驾驶深度体验,40983071508,1025.94600,1,25,16777215,2026-09-01 15:36:44,1788248204,0,cfd747e7,2190743738731765248,高速和高架是最实用的
BV15Xb86nEzv,117108709072765,【无广】9大辅助驾驶晚高峰实测！谁是真正的第一梯队？,凤凰车研所,2026-08-17 11:34:40,232731,1923,1,【无广实测】问/鹏/理/迪/米/蔚/尚/氪/奔 9车辅助驾驶深度体验,40983071508,106.35500,5,25,15138834,2026-08-31 20:42:35,1788180155,0,564ab276,2190172897270881024,还有辆z9gt
BV15Xb86nEzv,117108709072765,【无广】9大辅助驾驶晚高峰实测！谁是真正的第一梯队？,凤凰车研所,2026-08-17 11:34:40,232731,1923,1,【无广实测】问/鹏/理/迪/米/蔚/尚/氪/奔 9车辅助驾驶深度体验,40983071508,906.21700,1,25,16777215,2026-08-31 19:44:40,1788176680,0,7cef9ba9,2190143746883404544,广州打法
BV15Xb86nEzv,117108709072765,【无广】9大辅助驾驶晚高峰实测！谁是真正的第一梯队？,凤凰车研所,2026-08-17 11:34:40,232731,1923,1,【无广实测】问/鹏/理/迪/米/蔚/尚/氪/奔 9车辅助驾驶深度体验,40983071508,351.64000,1,25,16777215,2026-08-30 23:40:36,1788104436,0,607f1e78,2189537725882303488,正品小米和理想
BV15Xb86nEzv,117108709072765,【无广】9大辅助驾驶晚高峰实测！谁是真正的第一梯队？,凤凰车研所,2026-08-17 11:34:40,232731,1923,1,【无广实测】问/鹏/理/迪/米/蔚/尚/氪/奔 9车辅助驾驶深度体验,40983071508,729.55300,1,25,16777215,2026-08-29 22:48:06,1788014886,0,4cd31f08,2188786524425481984,小鹏的接管除了两次待转和环岛，其他都莫名其妙的
BV15Xb86nEzv,117108709072765,【无广】9大辅助驾驶晚高峰实测！谁是真正的第一梯队？,凤凰车研所,2026-08-17 11:34:40,232731,1923,1,【无广实测】问/鹏/理/迪/米/蔚/尚/氪/奔 9车辅助驾驶深度体验,40983071508,883.41300,1,25,16777215,2026-08-29 10:44:29,1787971469,0,7715501c,2188422313237342208,这里可以回答最开始的问题了，华为只是4.1，但应付一个测试仍然足够。
BV15Xb86nEzv,117108709072765,【无广】9大辅助驾驶晚高峰实测！谁是真正的第一梯队？,凤凰车研所,2026-08-17 11:34:40,232731,1923,1,【无广实测】问/鹏/理/迪/米/蔚/尚/氪/奔 9车辅助驾驶深度体验,40983071508,296.47600,1,25,16777215,2026-08-29 10:28:45,1787970525,0,7715501c,2188414394743425280,这个就没办法了，交通管制不是常规的道路规则
BV15Xb86nEzv,117108709072765,【无广】9大辅助驾驶晚高峰实测！谁是真正的第一梯队？,凤凰车研所,2026-08-17 11:34:40,232731,1923,1,【无广实测】问/鹏/理/迪/米/蔚/尚/氪/奔 9车辅助驾驶深度体验,40983071508,254.77700,1,25,16777215,2026-08-28 21:31:01,1787923861,0,c384c8,2188022949318244352,可能看不出谁最好但是肯定能看出谁最差
BV15Xb86nEzv,117108709072765,【无广】9大辅助驾驶晚高峰实测！谁是真正的第一梯队？,凤凰车研所,2026-08-17 11:34:40,232731,1923,1,【无广实测】问/鹏/理/迪/米/蔚/尚/氪/奔 9车辅助驾驶深度体验,40983071508,994.15900,1,25,16777215,2026-08-26 23:52:29,1787759549,0,f9e92d2d,2186644602089172480,环氧地坪＋湿地 这不是摄像头和雷达看得到的东西 加速是逻辑错误
BV15Xb86nEzv,117108709072765,【无广】9大辅助驾驶晚高峰实测！谁是真正的第一梯队？,凤凰车研所,2026-08-17 11:34:40,232731,1923,1,【无广实测】问/鹏/理/迪/米/蔚/尚/氪/奔 9车辅助驾驶深度体验,40983071508,725.34800,1,25,16777215,2026-08-26 22:32:13,1787754733,0,e95d9753,2186604198383530752,对停车比较渴望可以理解doge
BV15Xb86nEzv,117108709072765,【无广】9大辅助驾驶晚高峰实测！谁是真正的第一梯队？,凤凰车研所,2026-08-17 11:34:40,232731,1923,1,【无广实测】问/鹏/理/迪/米/蔚/尚/氪/奔 9车辅助驾驶深度体验,40983071508,197.15600,1,25,16777215,2026-08-26 15:19:25,1787728765,0,34386d5b,2186386366450305024,奇怪，怎么没有千里冒汗智驾
BV15Xb86nEzv,117108709072765,【无广】9大辅助驾驶晚高峰实测！谁是真正的第一梯队？,凤凰车研所,2026-08-17 11:34:40,232731,1923,1,【无广实测】问/鹏/理/迪/米/蔚/尚/氪/奔 9车辅助驾驶深度体验,40983071508,297.80900,1,25,16777215,2026-08-26 15:16:50,1787728610,0,18f05a30,2186385067608605952,运气不好
BV15Xb86nEzv,117108709072765,【无广】9大辅助驾驶晚高峰实测！谁是真正的第一梯队？,凤凰车研所,2026-08-17 11:34:40,232731,1923,1,【无广实测】问/鹏/理/迪/米/蔚/尚/氪/奔 9车辅助驾驶深度体验,40983071508,383.35800,1,25,16777215,2026-08-26 15:07:14,1787728034,0,a81e9094,2186380234881474048,小鹏广州本地人，这种情况绰绰有余
BV15Xb86nEzv,117108709072765,【无广】9大辅助驾驶晚高峰实测！谁是真正的第一梯队？,凤凰车研所,2026-08-17 11:34:40,232731,1923,1,【无广实测】问/鹏/理/迪/米/蔚/尚/氪/奔 9车辅助驾驶深度体验,40983071508,598.85200,1,25,16777215,2026-08-25 21:05:32,1787663132,0,42145820,2185835795960011008,就是要这种规划乱七八糟的路段才能最考验智能驾驶，好的路谁都能满分
BV15Xb86nEzv,117108709072765,【无广】9大辅助驾驶晚高峰实测！谁是真正的第一梯队？,凤凰车研所,2026-08-17 11:34:40,232731,1923,1,【无广实测】问/鹏/理/迪/米/蔚/尚/氪/奔 9车辅助驾驶深度体验,40983071508,351.39000,1,25,16777215,2026-08-25 17:37:09,1787650629,0,c937f897,2185730918663550464,已取餐
BV15Xb86nEzv,117108709072765,【无广】9大辅助驾驶晚高峰实测！谁是真正的第一梯队？,凤凰车研所,2026-08-17 11:34:40,232731,1923,1,【无广实测】问/鹏/理/迪/米/蔚/尚/氪/奔 9车辅助驾驶深度体验,40983071508,26.93300,1,25,16777215,2026-08-25 16:46:55,1787647615,0,cadd3b24,2185705633377206784,特斯拉借来的路上就撞了 所以没上节目
BV15Xb86nEzv,117108709072765,【无广】9大辅助驾驶晚高峰实测！谁是真正的第一梯队？,凤凰车研所,2026-08-17 11:34:40,232731,1923,1,【无广实测】问/鹏/理/迪/米/蔚/尚/氪/奔 9车辅助驾驶深度体验,40983071508,286.18800,1,25,16777215,2026-08-25 01:48:30,1787593710,0,37ce7a29,2185253442803899136,扫图大队遇上意外
BV15Xb86nEzv,117108709072765,【无广】9大辅助驾驶晚高峰实测！谁是真正的第一梯队？,凤凰车研所,2026-08-17 11:34:40,232731,1923,1,【无广实测】问/鹏/理/迪/米/蔚/尚/氪/奔 9车辅助驾驶深度体验,40983071508,303.79100,5,25,16646914,2026-08-24 13:42:27,1787550147,0,467118fd,2184888009185631744,前面急死了，遇上交通管制还不是运气不好啊
BV15Xb86nEzv,117108709072765,【无广】9大辅助驾驶晚高峰实测！谁是真正的第一梯队？,凤凰车研所,2026-08-17 11:34:40,232731,1923,1,【无广实测】问/鹏/理/迪/米/蔚/尚/氪/奔 9车辅助驾驶深度体验,40983071508,185.17200,5,25,16777215,2026-08-24 13:39:54,1787549994,0,467118fd,2184886728421412352,玄武骂归骂，华子智驾确实有东西的
BV15Xb86nEzv,117108709072765,【无广】9大辅助驾驶晚高峰实测！谁是真正的第一梯队？,凤凰车研所,2026-08-17 11:34:40,232731,1923,1,【无广实测】问/鹏/理/迪/米/蔚/尚/氪/奔 9车辅助驾驶深度体验,40983071508,591.65600,1,25,16777215,2026-08-23 23:56:38,1787500598,0,d7ed1274,2184472364396354816,差点绿化带
BV15Xb86nEzv,117108709072765,【无广】9大辅助驾驶晚高峰实测！谁是真正的第一梯队？,凤凰车研所,2026-08-17 11:34:40,232731,1923,1,【无广实测】问/鹏/理/迪/米/蔚/尚/氪/奔 9车辅助驾驶深度体验,40983071508,595.82000,1,25,16777215,2026-08-23 20:58:00,1787489880,0,7b6f2aba,2184382450833496064,我只在高速用智驾省省力，城市道路还是自己开更放心，只让他做辅助。。
BV15Xb86nEzv,117108709072765,【无广】9大辅助驾驶晚高峰实测！谁是真正的第一梯队？,凤凰车研所,2026-08-17 11:34:40,232731,1923,1,【无广实测】问/鹏/理/迪/米/蔚/尚/氪/奔 9车辅助驾驶深度体验,40983071508,353.28700,1,25,16777215,2026-08-23 18:14:23,1787480063,0,a7145c43,2184300099776319744,已取餐
BV15Xb86nEzv,117108709072765,【无广】9大辅助驾驶晚高峰实测！谁是真正的第一梯队？,凤凰车研所,2026-08-17 11:34:40,232731,1923,1,【无广实测】问/鹏/理/迪/米/蔚/尚/氪/奔 9车辅助驾驶深度体验,40983071508,56.79100,1,25,16777215,2026-08-23 16:54:43,1787475283,0,d947d282,2184260005342351104,没有地平线的hsd就好比几大菜系测评，少了川菜，那么荒唐
BV15Xb86nEzv,117108709072765,【无广】9大辅助驾驶晚高峰实测！谁是真正的第一梯队？,凤凰车研所,2026-08-17 11:34:40,232731,1923,1,【无广实测】问/鹏/理/迪/米/蔚/尚/氪/奔 9车辅助驾驶深度体验,40983071508,275.38700,1,25,16777215,2026-08-22 20:07:38,1787400458,0,c77829f8,2183632330131459840,比亚迪现在选道很有问题
BV15Xb86nEzv,117108709072765,【无广】9大辅助驾驶晚高峰实测！谁是真正的第一梯队？,凤凰车研所,2026-08-17 11:34:40,232731,1923,1,【无广实测】问/鹏/理/迪/米/蔚/尚/氪/奔 9车辅助驾驶深度体验,40983071508,362.04000,1,25,16777215,2026-08-22 14:00:00,1787378400,0,ed0170f8,2183447291212812800,这两还刚好都跟moment有合作
BV15Xb86nEzv,117108709072765,【无广】9大辅助驾驶晚高峰实测！谁是真正的第一梯队？,凤凰车研所,2026-08-17 11:34:40,232731,1923,1,【无广实测】问/鹏/理/迪/米/蔚/尚/氪/奔 9车辅助驾驶深度体验,40983071508,681.51200,1,25,16777215,2026-08-22 13:48:37,1787377717,0,b18ca3c3,2183441564377015552,是不是设置了人工通道？
BV15Xb86nEzv,117108709072765,【无广】9大辅助驾驶晚高峰实测！谁是真正的第一梯队？,凤凰车研所,2026-08-17 11:34:40,232731,1923,1,【无广实测】问/鹏/理/迪/米/蔚/尚/氪/奔 9车辅助驾驶深度体验,40983071508,429.94800,1,25,16777215,2026-08-22 13:44:08,1787377448,0,b18ca3c3,2183439305509632256,怎么没有HSD的
BV15Xb86nEzv,117108709072765,【无广】9大辅助驾驶晚高峰实测！谁是真正的第一梯队？,凤凰车研所,2026-08-17 11:34:40,232731,1923,1,【无广实测】问/鹏/理/迪/米/蔚/尚/氪/奔 9车辅助驾驶深度体验,40983071508,407.40700,1,25,16777215,2026-08-22 13:42:41,1787377361,0,b18ca3c3,2183438574761231616,坐在马路上聊天也是真没谁了
BV15Xb86nEzv,117108709072765,【无广】9大辅助驾驶晚高峰实测！谁是真正的第一梯队？,凤凰车研所,2026-08-17 11:34:40,232731,1923,1,【无广实测】问/鹏/理/迪/米/蔚/尚/氪/奔 9车辅助驾驶深度体验,40983071508,228.22000,1,25,16777215,2026-08-22 13:38:47,1787377127,0,b18ca3c3,2183436614788031232,那个7接管三次有什么好奇怪的
BV15Xb86nEzv,117108709072765,【无广】9大辅助驾驶晚高峰实测！谁是真正的第一梯队？,凤凰车研所,2026-08-17 11:34:40,232731,1923,1,【无广实测】问/鹏/理/迪/米/蔚/尚/氪/奔 9车辅助驾驶深度体验,40983071508,764.67600,1,25,16777215,2026-08-22 13:17:56,1787375876,0,f42738be,2183426120052244992,我去，追尾太恐怖了。
BV15Xb86nEzv,117108709072765,【无广】9大辅助驾驶晚高峰实测！谁是真正的第一梯队？,凤凰车研所,2026-08-17 11:34:40,232731,1923,1,【无广实测】问/鹏/理/迪/米/蔚/尚/氪/奔 9车辅助驾驶深度体验,40983071508,70.09800,1,25,16777215,2026-08-22 12:06:41,1787371601,0,3d025197,2183390259491147520,千里冒汗前来围观
BV15Xb86nEzv,117108709072765,【无广】9大辅助驾驶晚高峰实测！谁是真正的第一梯队？,凤凰车研所,2026-08-17 11:34:40,232731,1923,1,【无广实测】问/鹏/理/迪/米/蔚/尚/氪/奔 9车辅助驾驶深度体验,40983071508,246.17700,1,25,16777215,2026-08-22 03:29:18,1787340558,0,ea6d125,2183129854466743552,为什么这里小鹏已经有一次了？没听到过啊？
BV15Xb86nEzv,117108709072765,【无广】9大辅助驾驶晚高峰实测！谁是真正的第一梯队？,凤凰车研所,2026-08-17 11:34:40,232731,1923,1,【无广实测】问/鹏/理/迪/米/蔚/尚/氪/奔 9车辅助驾驶深度体验,40983071508,214.10200,1,25,16777215,2026-08-22 01:35:18,1787333718,0,3c93be98,2183072475842948096,小鹏啥时候加了一个接管？
BV15Xb86nEzv,117108709072765,【无广】9大辅助驾驶晚高峰实测！谁是真正的第一梯队？,凤凰车研所,2026-08-17 11:34:40,232731,1923,1,【无广实测】问/鹏/理/迪/米/蔚/尚/氪/奔 9车辅助驾驶深度体验,40983071508,271.27900,1,25,16777215,2026-08-21 09:49:00,1787276940,0,a1dc5046,2182596182634459136,他不是在交替通行吗，很正常啊
BV15Xb86nEzv,117108709072765,【无广】9大辅助驾驶晚高峰实测！谁是真正的第一梯队？,凤凰车研所,2026-08-17 11:34:40,232731,1923,1,【无广实测】问/鹏/理/迪/米/蔚/尚/氪/奔 9车辅助驾驶深度体验,40983071508,677.72300,1,25,16777215,2026-08-21 09:23:20,1787275400,0,58ba3bbe,2182583266987889408,界车接管了次数还是1？
BV15Xb86nEzv,117108709072765,【无广】9大辅助驾驶晚高峰实测！谁是真正的第一梯队？,凤凰车研所,2026-08-17 11:34:40,232731,1923,1,【无广实测】问/鹏/理/迪/米/蔚/尚/氪/奔 9车辅助驾驶深度体验,40983071508,415.60100,1,25,16777215,2026-08-21 01:52:52,1787248372,0,370b14c7,2182356542668910592,千里冒汗
BV15Xb86nEzv,117108709072765,【无广】9大辅助驾驶晚高峰实测！谁是真正的第一梯队？,凤凰车研所,2026-08-17 11:34:40,232731,1923,1,【无广实测】问/鹏/理/迪/米/蔚/尚/氪/奔 9车辅助驾驶深度体验,40983071508,824.77500,1,25,16777215,2026-08-21 00:42:53,1787244173,0,ee3e33c8,2182321317125603584,确实，我家唐L下匝道就不知道为什么就加速我每次都接管
BV15Xb86nEzv,117108709072765,【无广】9大辅助驾驶晚高峰实测！谁是真正的第一梯队？,凤凰车研所,2026-08-17 11:34:40,232731,1923,1,【无广实测】问/鹏/理/迪/米/蔚/尚/氪/奔 9车辅助驾驶深度体验,40983071508,871.06500,1,25,16777215,2026-08-20 23:34:37,1787240077,0,8e5517b6,2182286955868890880,问界：你是不是把我忘了，你也说说我呀
BV15Xb86nEzv,117108709072765,【无广】9大辅助驾驶晚高峰实测！谁是真正的第一梯队？,凤凰车研所,2026-08-17 11:34:40,232731,1923,1,【无广实测】问/鹏/理/迪/米/蔚/尚/氪/奔 9车辅助驾驶深度体验,40983071508,355.24000,1,25,16777215,2026-08-20 23:04:21,1787238261,0,702f285a,2182271722399968256,已取餐
BV15Xb86nEzv,117108709072765,【无广】9大辅助驾驶晚高峰实测！谁是真正的第一梯队？,凤凰车研所,2026-08-17 11:34:40,232731,1923,1,【无广实测】问/鹏/理/迪/米/蔚/尚/氪/奔 9车辅助驾驶深度体验,40983071508,1041.65000,1,25,16777215,2026-08-20 22:39:51,1787236791,0,6c40c018,2182259386893276928,应该学习深圳交警，严查解速电动自行车
BV15Xb86nEzv,117108709072765,【无广】9大辅助驾驶晚高峰实测！谁是真正的第一梯队？,凤凰车研所,2026-08-17 11:34:40,232731,1923,1,【无广实测】问/鹏/理/迪/米/蔚/尚/氪/奔 9车辅助驾驶深度体验,40983071508,916.49600,1,25,16777215,2026-08-20 22:09:14,1787234954,0,cf0e6c9d,2182243982044731904,他也没遇上对象车这种bug考题（doge
BV15Xb86nEzv,117108709072765,【无广】9大辅助驾驶晚高峰实测！谁是真正的第一梯队？,凤凰车研所,2026-08-17 11:34:40,232731,1923,1,【无广实测】问/鹏/理/迪/米/蔚/尚/氪/奔 9车辅助驾驶深度体验,40983071508,875.67100,1,25,16777215,2026-08-20 22:07:54,1787234874,0,cf0e6c9d,2182243308121010432,华子笑而不语（doge
BV15Xb86nEzv,117108709072765,【无广】9大辅助驾驶晚高峰实测！谁是真正的第一梯队？,凤凰车研所,2026-08-17 11:34:40,232731,1923,1,【无广实测】问/鹏/理/迪/米/蔚/尚/氪/奔 9车辅助驾驶深度体验,40983071508,244.24400,1,25,16777215,2026-08-20 21:59:56,1787234396,0,cf0e6c9d,2182239301034001920,华子笑而不语（doge
BV15Xb86nEzv,117108709072765,【无广】9大辅助驾驶晚高峰实测！谁是真正的第一梯队？,凤凰车研所,2026-08-17 11:34:40,232731,1923,1,【无广实测】问/鹏/理/迪/米/蔚/尚/氪/奔 9车辅助驾驶深度体验,40983071508,546.48500,1,25,16777215,2026-08-20 21:11:44,1787231504,0,b974957b,2182215035425028352,千里冒汗名不虚传
BV15Xb86nEzv,117108709072765,【无广】9大辅助驾驶晚高峰实测！谁是真正的第一梯队？,凤凰车研所,2026-08-17 11:34:40,232731,1923,1,【无广实测】问/鹏/理/迪/米/蔚/尚/氪/奔 9车辅助驾驶深度体验,40983071508,426.64500,1,25,16777215,2026-08-20 18:01:16,1787220076,0,eb93eaea,2182119173122581248,华为商标上面一个大大的SU7
BV15Xb86nEzv,117108709072765,【无广】9大辅助驾驶晚高峰实测！谁是真正的第一梯队？,凤凰车研所,2026-08-17 11:34:40,232731,1923,1,【无广实测】问/鹏/理/迪/米/蔚/尚/氪/奔 9车辅助驾驶深度体验,40983071508,197.35200,1,25,16777215,2026-08-20 17:46:38,1787219198,0,74cc68e9,2182111808285257984,正版小米
BV15Xb86nEzv,117108709072765,【无广】9大辅助驾驶晚高峰实测！谁是真正的第一梯队？,凤凰车研所,2026-08-17 11:34:40,232731,1923,1,【无广实测】问/鹏/理/迪/米/蔚/尚/氪/奔 9车辅助驾驶深度体验,40983071508,324.79500,1,25,16777215,2026-08-20 15:10:17,1787209817,0,b4a0b1cf,2182033116549107456,建议UP主把FSD的测试补上
BV15Xb86nEzv,117108709072765,【无广】9大辅助驾驶晚高峰实测！谁是真正的第一梯队？,凤凰车研所,2026-08-17 11:34:40,232731,1923,1,【无广实测】问/鹏/理/迪/米/蔚/尚/氪/奔 9车辅助驾驶深度体验,40983071508,651.00700,1,25,16777215,2026-08-20 14:38:37,1787207917,0,880a5951,2182017181037467136,这样走是违章的呀
BV15Xb86nEzv,117108709072765,【无广】9大辅助驾驶晚高峰实测！谁是真正的第一梯队？,凤凰车研所,2026-08-17 11:34:40,232731,1923,1,【无广实测】问/鹏/理/迪/米/蔚/尚/氪/奔 9车辅助驾驶深度体验,40983071508,203.08500,1,25,16777215,2026-08-20 14:26:14,1787207174,0,d2b56822,2182010947009990656,正品
BV15Xb86nEzv,117108709072765,【无广】9大辅助驾驶晚高峰实测！谁是真正的第一梯队？,凤凰车研所,2026-08-17 11:34:40,232731,1923,1,【无广实测】问/鹏/理/迪/米/蔚/尚/氪/奔 9车辅助驾驶深度体验,40983071508,52.44000,1,25,16777215,2026-08-20 14:07:28,1787206048,0,8ad97fa,2182001502326298368,第一梯队没有fsd？
BV15Xb86nEzv,117108709072765,【无广】9大辅助驾驶晚高峰实测！谁是真正的第一梯队？,凤凰车研所,2026-08-17 11:34:40,232731,1923,1,【无广实测】问/鹏/理/迪/米/蔚/尚/氪/奔 9车辅助驾驶深度体验,40983071508,750.90100,1,25,16777215,2026-08-20 13:11:15,1787202675,0,24f7fbb2,2181973202686149632,高速、高架、快速路还是可以用的
BV15Xb86nEzv,117108709072765,【无广】9大辅助驾驶晚高峰实测！谁是真正的第一梯队？,凤凰车研所,2026-08-17 11:34:40,232731,1923,1,【无广实测】问/鹏/理/迪/米/蔚/尚/氪/奔 9车辅助驾驶深度体验,40983071508,13.12700,1,25,16777215,2026-08-20 12:58:13,1787201893,0,529fc9f,2181966644581785600,竟然是我大郑州的吗 有点意思
BV15Xb86nEzv,117108709072765,【无广】9大辅助驾驶晚高峰实测！谁是真正的第一梯队？,凤凰车研所,2026-08-17 11:34:40,232731,1923,1,【无广实测】问/鹏/理/迪/米/蔚/尚/氪/奔 9车辅助驾驶深度体验,40983071508,234.04800,1,25,16777215,2026-08-20 12:17:56,1787199476,0,8d5d232a,2181946370414731008,太危险了，目前城市还是少用为好
BV15Xb86nEzv,117108709072765,【无广】9大辅助驾驶晚高峰实测！谁是真正的第一梯队？,凤凰车研所,2026-08-17 11:34:40,232731,1923,1,【无广实测】问/鹏/理/迪/米/蔚/尚/氪/奔 9车辅助驾驶深度体验,40983071508,364.47800,1,25,16777215,2026-08-20 11:24:08,1787196248,0,8ecf505a,2181919291006756608,这路况差别也太
BV15Xb86nEzv,117108709072765,【无广】9大辅助驾驶晚高峰实测！谁是真正的第一梯队？,凤凰车研所,2026-08-17 11:34:40,232731,1923,1,【无广实测】问/鹏/理/迪/米/蔚/尚/氪/奔 9车辅助驾驶深度体验,40983071508,232.44000,1,25,16777215,2026-08-20 10:27:13,1787192833,0,296f7e1b,2181890643415173120,这种路有车就必然有风险
BV15Xb86nEzv,117108709072765,【无广】9大辅助驾驶晚高峰实测！谁是真正的第一梯队？,凤凰车研所,2026-08-17 11:34:40,232731,1923,1,【无广实测】问/鹏/理/迪/米/蔚/尚/氪/奔 9车辅助驾驶深度体验,40983071508,281.34000,1,25,15138834,2026-08-20 07:59:59,1787183999,0,75927cb2,2181816542403569408,国产车还是得看尚界
BV15Xb86nEzv,117108709072765,【无广】9大辅助驾驶晚高峰实测！谁是真正的第一梯队？,凤凰车研所,2026-08-17 11:34:40,232731,1923,1,【无广实测】问/鹏/理/迪/米/蔚/尚/氪/奔 9车辅助驾驶深度体验,40983071508,881.94100,1,25,16777215,2026-08-20 02:33:30,1787164410,0,c06cafce,2181652212072889600,别家都要做全车，华为只要做智驾
BV15Xb86nEzv,117108709072765,【无广】9大辅助驾驶晚高峰实测！谁是真正的第一梯队？,凤凰车研所,2026-08-17 11:34:40,232731,1923,1,【无广实测】问/鹏/理/迪/米/蔚/尚/氪/奔 9车辅助驾驶深度体验,40983071508,566.53000,1,25,16777215,2026-08-20 00:47:30,1787158050,0,c620b199,2181598864342166784,三排临停车也太夸张了
BV15Xb86nEzv,117108709072765,【无广】9大辅助驾驶晚高峰实测！谁是真正的第一梯队？,凤凰车研所,2026-08-17 11:34:40,232731,1923,1,【无广实测】问/鹏/理/迪/米/蔚/尚/氪/奔 9车辅助驾驶深度体验,40983071508,549.68100,1,25,16777215,2026-08-20 00:46:50,1787158010,0,c620b199,2181598524058278656,没必要吧？
BV15Xb86nEzv,117108709072765,【无广】9大辅助驾驶晚高峰实测！谁是真正的第一梯队？,凤凰车研所,2026-08-17 11:34:40,232731,1923,1,【无广实测】问/鹏/理/迪/米/蔚/尚/氪/奔 9车辅助驾驶深度体验,40983071508,246.55400,1,25,16777215,2026-08-19 22:51:36,1787151096,0,564f244a,2181540524250138624,比亚迪保守没毛病啊
BV15Xb86nEzv,117108709072765,【无广】9大辅助驾驶晚高峰实测！谁是真正的第一梯队？,凤凰车研所,2026-08-17 11:34:40,232731,1923,1,【无广实测】问/鹏/理/迪/米/蔚/尚/氪/奔 9车辅助驾驶深度体验,40983071508,120.04900,1,25,16777215,2026-08-19 22:41:35,1787150495,0,7c30e4fa,2181535490430616832,符合车主了属于是
BV15Xb86nEzv,117108709072765,【无广】9大辅助驾驶晚高峰实测！谁是真正的第一梯队？,凤凰车研所,2026-08-17 11:34:40,232731,1923,1,【无广实测】问/鹏/理/迪/米/蔚/尚/氪/奔 9车辅助驾驶深度体验,40983071508,865.32500,1,25,16777215,2026-08-19 21:45:40,1787147140,0,a1998887,2181507340459983104,感觉和车型车宽也有关吧，SUV和轿车的驾驶策略肯定不一样
BV15Xb86nEzv,117108709072765,【无广】9大辅助驾驶晚高峰实测！谁是真正的第一梯队？,凤凰车研所,2026-08-17 11:34:40,232731,1923,1,【无广实测】问/鹏/理/迪/米/蔚/尚/氪/奔 9车辅助驾驶深度体验,40983071508,355.01600,1,25,16777215,2026-08-19 18:18:05,1787134685,0,380e20fc,2181402866915333120,问界有点东西
BV15Xb86nEzv,117108709072765,【无广】9大辅助驾驶晚高峰实测！谁是真正的第一梯队？,凤凰车研所,2026-08-17 11:34:40,232731,1923,1,【无广实测】问/鹏/理/迪/米/蔚/尚/氪/奔 9车辅助驾驶深度体验,40983071508,317.66800,1,25,16777215,2026-08-19 17:46:58,1787132818,0,fb1b8db4,2181387203086049280,问界呢？消失了？？
BV15Xb86nEzv,117108709072765,【无广】9大辅助驾驶晚高峰实测！谁是真正的第一梯队？,凤凰车研所,2026-08-17 11:34:40,232731,1923,1,【无广实测】问/鹏/理/迪/米/蔚/尚/氪/奔 9车辅助驾驶深度体验,40983071508,464.22000,1,25,16777215,2026-08-19 14:50:34,1787122234,0,99fdc59f,2181298418134170368,问界本来就不看扫图啊，以前走过就能有
BV15Xb86nEzv,117108709072765,【无广】9大辅助驾驶晚高峰实测！谁是真正的第一梯队？,凤凰车研所,2026-08-17 11:34:40,232731,1923,1,【无广实测】问/鹏/理/迪/米/蔚/尚/氪/奔 9车辅助驾驶深度体验,40983071508,239.29500,1,25,16777215,2026-08-19 14:48:06,1787122086,0,99fdc59f,2181297175177385728,估计是效率接管
BV15Xb86nEzv,117108709072765,【无广】9大辅助驾驶晚高峰实测！谁是真正的第一梯队？,凤凰车研所,2026-08-17 11:34:40,232731,1923,1,【无广实测】问/鹏/理/迪/米/蔚/尚/氪/奔 9车辅助驾驶深度体验,40983071508,730.48400,1,25,16777215,2026-08-19 13:49:47,1787118587,0,46e61fe4,2181267826147737088,千里冒汗
BV15Xb86nEzv,117108709072765,【无广】9大辅助驾驶晚高峰实测！谁是真正的第一梯队？,凤凰车研所,2026-08-17 11:34:40,232731,1923,1,【无广实测】问/鹏/理/迪/米/蔚/尚/氪/奔 9车辅助驾驶深度体验,40983071508,664.52200,1,25,16777215,2026-08-19 13:28:56,1787117336,0,416d0e2e,2181257329474204416,收费站战神来了
BV15Xb86nEzv,117108709072765,【无广】9大辅助驾驶晚高峰实测！谁是真正的第一梯队？,凤凰车研所,2026-08-17 11:34:40,232731,1923,1,【无广实测】问/鹏/理/迪/米/蔚/尚/氪/奔 9车辅助驾驶深度体验,40983071508,295.40500,1,25,16777215,2026-08-19 11:10:32,1787109032,0,d18d6250,2181187671111081216,不是说我
BV15Xb86nEzv,117108709072765,【无广】9大辅助驾驶晚高峰实测！谁是真正的第一梯队？,凤凰车研所,2026-08-17 11:34:40,232731,1923,1,【无广实测】问/鹏/理/迪/米/蔚/尚/氪/奔 9车辅助驾驶深度体验,40983071508,759.83800,1,25,16777215,2026-08-18 23:53:53,1787068433,0,fec9f2eb,2180847103508033024,这个太危险了
BV15Xb86nEzv,117108709072765,【无广】9大辅助驾驶晚高峰实测！谁是真正的第一梯队？,凤凰车研所,2026-08-17 11:34:40,232731,1923,1,【无广实测】问/鹏/理/迪/米/蔚/尚/氪/奔 9车辅助驾驶深度体验,40983071508,189.91700,5,25,16776960,2026-08-18 23:49:54,1787068194,0,d9c5ca7b,2180845095787009536,乐，人家免费的智驾还兜底这还不行？
BV15Xb86nEzv,117108709072765,【无广】9大辅助驾驶晚高峰实测！谁是真正的第一梯队？,凤凰车研所,2026-08-17 11:34:40,232731,1923,1,【无广实测】问/鹏/理/迪/米/蔚/尚/氪/奔 9车辅助驾驶深度体验,40983071508,20.56400,1,25,16777215,2026-08-18 23:12:41,1787065961,0,698162bb,2180826364821958656,头一次见在郑州测车的
BV15Xb86nEzv,117108709072765,【无广】9大辅助驾驶晚高峰实测！谁是真正的第一梯队？,凤凰车研所,2026-08-17 11:34:40,232731,1923,1,【无广实测】问/鹏/理/迪/米/蔚/尚/氪/奔 9车辅助驾驶深度体验,40983071508,122.10900,1,25,16777215,2026-08-18 22:43:44,1787064224,0,44ac229b,2180811789674586880,1.15.3这个版本我都没见过，不应该是1.16吗
BV15Xb86nEzv,117108709072765,【无广】9大辅助驾驶晚高峰实测！谁是真正的第一梯队？,凤凰车研所,2026-08-17 11:34:40,232731,1923,1,【无广实测】问/鹏/理/迪/米/蔚/尚/氪/奔 9车辅助驾驶深度体验,40983071508,20.66000,1,25,16777215,2026-08-18 22:31:44,1787063504,0,4b7c4e3a,2180805751227493888,NB还有郑州的事？
BV15Xb86nEzv,117108709072765,【无广】9大辅助驾驶晚高峰实测！谁是真正的第一梯队？,凤凰车研所,2026-08-17 11:34:40,232731,1923,1,【无广实测】问/鹏/理/迪/米/蔚/尚/氪/奔 9车辅助驾驶深度体验,40983071508,297.86000,1,25,16777215,2026-08-18 22:25:23,1787063123,0,242734dc,2180802553707748352,前面运气好啊
BV15Xb86nEzv,117108709072765,【无广】9大辅助驾驶晚高峰实测！谁是真正的第一梯队？,凤凰车研所,2026-08-17 11:34:40,232731,1923,1,【无广实测】问/鹏/理/迪/米/蔚/尚/氪/奔 9车辅助驾驶深度体验,40983071508,827.64000,1,25,16777215,2026-08-18 22:04:53,1787061893,0,af15b56d,2180792236592706560,我宋u也有这个毛病，入匝道弯会急减速
BV15Xb86nEzv,117108709072765,【无广】9大辅助驾驶晚高峰实测！谁是真正的第一梯队？,凤凰车研所,2026-08-17 11:34:40,232731,1923,1,【无广实测】问/鹏/理/迪/米/蔚/尚/氪/奔 9车辅助驾驶深度体验,40983071508,847.75200,1,25,16777215,2026-08-18 21:56:27,1787061387,0,ca7a07ec,2180787994716974592,所有路段的压力路况都不给M7评分可不好吗
BV15Xb86nEzv,117108709072765,【无广】9大辅助驾驶晚高峰实测！谁是真正的第一梯队？,凤凰车研所,2026-08-17 11:34:40,232731,1923,1,【无广实测】问/鹏/理/迪/米/蔚/尚/氪/奔 9车辅助驾驶深度体验,40983071508,585.68800,1,25,16777215,2026-08-18 21:38:48,1787060328,0,65718306,2180779111072099328,这怎么不说这个绿化带了
BV15Xb86nEzv,117108709072765,【无广】9大辅助驾驶晚高峰实测！谁是真正的第一梯队？,凤凰车研所,2026-08-17 11:34:40,232731,1923,1,【无广实测】问/鹏/理/迪/米/蔚/尚/氪/奔 9车辅助驾驶深度体验,40983071508,777.30000,1,25,16777215,2026-08-18 19:35:51,1787052951,0,8021a033,2180717227714966784,我只有高速和大堵车时候用智驾，车辆多环境复杂还是自己开靠谱
BV15Xb86nEzv,117108709072765,【无广】9大辅助驾驶晚高峰实测！谁是真正的第一梯队？,凤凰车研所,2026-08-17 11:34:40,232731,1923,1,【无广实测】问/鹏/理/迪/米/蔚/尚/氪/奔 9车辅助驾驶深度体验,40983071508,213.71700,1,25,16777215,2026-08-18 19:19:57,1787051997,0,54f70e5d,2180709224219288320,都1.17了吧
BV15Xb86nEzv,117108709072765,【无广】9大辅助驾驶晚高峰实测！谁是真正的第一梯队？,凤凰车研所,2026-08-17 11:34:40,232731,1923,1,【无广实测】问/鹏/理/迪/米/蔚/尚/氪/奔 9车辅助驾驶深度体验,40983071508,125.47100,1,25,16777215,2026-08-18 19:18:09,1787051889,0,54f70e5d,2180708320028322048,我的小米就这样，好尴尬
BV15Xb86nEzv,117108709072765,【无广】9大辅助驾驶晚高峰实测！谁是真正的第一梯队？,凤凰车研所,2026-08-17 11:34:40,232731,1923,1,【无广实测】问/鹏/理/迪/米/蔚/尚/氪/奔 9车辅助驾驶深度体验,40983071508,152.89800,1,25,16777215,2026-08-18 19:08:30,1787051310,0,4235d0f9,2180703465968826624,蔚来现在智驾第一梯队
BV15Xb86nEzv,117108709072765,【无广】9大辅助驾驶晚高峰实测！谁是真正的第一梯队？,凤凰车研所,2026-08-17 11:34:40,232731,1923,1,【无广实测】问/鹏/理/迪/米/蔚/尚/氪/奔 9车辅助驾驶深度体验,40983071508,370.40900,1,25,16777215,2026-08-18 18:45:39,1787049939,0,a78d6b2,2180691958493420032,感觉车流量不在一个级别
BV15Xb86nEzv,117108709072765,【无广】9大辅助驾驶晚高峰实测！谁是真正的第一梯队？,凤凰车研所,2026-08-17 11:34:40,232731,1923,1,【无广实测】问/鹏/理/迪/米/蔚/尚/氪/奔 9车辅助驾驶深度体验,40983071508,1.78600,1,25,16777215,2026-08-18 17:57:01,1787047021,0,e6c2509d,2180667482372288768,极氪有没有第一啊？？？
BV15Xb86nEzv,117108709072765,【无广】9大辅助驾驶晚高峰实测！谁是真正的第一梯队？,凤凰车研所,2026-08-17 11:34:40,232731,1923,1,【无广实测】问/鹏/理/迪/米/蔚/尚/氪/奔 9车辅助驾驶深度体验,40983071508,295.14900,1,25,16777215,2026-08-18 17:52:55,1787046775,0,92b38143,2180665417650733824,怎么他家就运气的问题····
BV15Xb86nEzv,117108709072765,【无广】9大辅助驾驶晚高峰实测！谁是真正的第一梯队？,凤凰车研所,2026-08-17 11:34:40,232731,1923,1,【无广实测】问/鹏/理/迪/米/蔚/尚/氪/奔 9车辅助驾驶深度体验,40983071508,547.43800,5,25,16777215,2026-08-18 15:57:54,1787039874,0,745524f7,2180607534015770880,这里加塞车变道，应该要让主路的车行驶。强行接管减速，反而是纵容了对方加塞。
BV15Xb86nEzv,117108709072765,【无广】9大辅助驾驶晚高峰实测！谁是真正的第一梯队？,凤凰车研所,2026-08-17 11:34:40,232731,1923,1,【无广实测】问/鹏/理/迪/米/蔚/尚/氪/奔 9车辅助驾驶深度体验,40983071508,276.66100,1,25,16777215,2026-08-18 14:44:00,1787035440,0,a4c84683,2180570337845054720,这白车黑车连变两道没绷住
BV15Xb86nEzv,117108709072765,【无广】9大辅助驾驶晚高峰实测！谁是真正的第一梯队？,凤凰车研所,2026-08-17 11:34:40,232731,1923,1,【无广实测】问/鹏/理/迪/米/蔚/尚/氪/奔 9车辅助驾驶深度体验,40983071508,802.46200,1,25,16777215,2026-08-18 12:37:31,1787027851,0,3987537,2180506672178028544,蔚来哪怕最老的车型，高速和高架都挺好用的
BV15Xb86nEzv,117108709072765,【无广】9大辅助驾驶晚高峰实测！谁是真正的第一梯队？,凤凰车研所,2026-08-17 11:34:40,232731,1923,1,【无广实测】问/鹏/理/迪/米/蔚/尚/氪/奔 9车辅助驾驶深度体验,40983071508,824.97900,1,25,16777215,2026-08-18 12:29:53,1787027393,0,5b8cee1c,2180502831260866304,天眼的通病，下匝道前急减速，匝道中急加速
BV15Xb86nEzv,117108709072765,【无广】9大辅助驾驶晚高峰实测！谁是真正的第一梯队？,凤凰车研所,2026-08-17 11:34:40,232731,1923,1,【无广实测】问/鹏/理/迪/米/蔚/尚/氪/奔 9车辅助驾驶深度体验,40983071508,26.29100,1,25,16777215,2026-08-18 11:59:11,1787025551,0,b9e782db,2180487379947736320,竟然是在郑州，那不得不看了
BV15Xb86nEzv,117108709072765,【无广】9大辅助驾驶晚高峰实测！谁是真正的第一梯队？,凤凰车研所,2026-08-17 11:34:40,232731,1923,1,【无广实测】问/鹏/理/迪/米/蔚/尚/氪/奔 9车辅助驾驶深度体验,40983071508,333.18600,5,25,16777215,2026-08-18 11:45:19,1787024719,0,8c40d280,2180480399762045184,问界M7深藏不露啊。
BV15Xb86nEzv,117108709072765,【无广】9大辅助驾驶晚高峰实测！谁是真正的第一梯队？,凤凰车研所,2026-08-17 11:34:40,232731,1923,1,【无广实测】问/鹏/理/迪/米/蔚/尚/氪/奔 9车辅助驾驶深度体验,40983071508,146.99000,1,25,16777215,2026-08-18 11:30:13,1787023813,0,a806b4ae,2180472802141067520,别管选哪个车道，你就说晚高峰走的快不快吧
BV15Xb86nEzv,117108709072765,【无广】9大辅助驾驶晚高峰实测！谁是真正的第一梯队？,凤凰车研所,2026-08-17 11:34:40,232731,1923,1,【无广实测】问/鹏/理/迪/米/蔚/尚/氪/奔 9车辅助驾驶深度体验,40983071508,244.00000,1,25,16777215,2026-08-18 11:10:50,1787022650,0,ed440637,2180463047851023104,这纯粹是运气，路况没那几个复杂
BV15Xb86nEzv,117108709072765,【无广】9大辅助驾驶晚高峰实测！谁是真正的第一梯队？,凤凰车研所,2026-08-17 11:34:40,232731,1923,1,【无广实测】问/鹏/理/迪/米/蔚/尚/氪/奔 9车辅助驾驶深度体验,40983071508,362.98400,1,25,16777215,2026-08-18 10:53:04,1787021584,0,8e05c533,2180454104252687616,没有特斯拉
BV15Xb86nEzv,117108709072765,【无广】9大辅助驾驶晚高峰实测！谁是真正的第一梯队？,凤凰车研所,2026-08-17 11:34:40,232731,1923,1,【无广实测】问/鹏/理/迪/米/蔚/尚/氪/奔 9车辅助驾驶深度体验,40983071508,537.76300,1,25,16777215,2026-08-18 10:37:05,1787020625,0,16473da3,2180446056230577152,又是理想，哒哒哒
BV15Xb86nEzv,117108709072765,【无广】9大辅助驾驶晚高峰实测！谁是真正的第一梯队？,凤凰车研所,2026-08-17 11:34:40,232731,1923,1,【无广实测】问/鹏/理/迪/米/蔚/尚/氪/奔 9车辅助驾驶深度体验,40983071508,703.69500,5,25,16777215,2026-08-18 09:38:48,1787017128,0,cf9c923a,2180416721176418560,蔚来怎么变9了，刚刚还是8
BV15Xb86nEzv,117108709072765,【无广】9大辅助驾驶晚高峰实测！谁是真正的第一梯队？,凤凰车研所,2026-08-17 11:34:40,232731,1923,1,【无广实测】问/鹏/理/迪/米/蔚/尚/氪/奔 9车辅助驾驶深度体验,40983071508,229.49800,1,25,15138835,2026-08-18 08:56:31,1787014591,0,9b2bd3bd,2180395439025634304,有点危险啊……
BV15Xb86nEzv,117108709072765,【无广】9大辅助驾驶晚高峰实测！谁是真正的第一梯队？,凤凰车研所,2026-08-17 11:34:40,232731,1923,1,【无广实测】问/鹏/理/迪/米/蔚/尚/氪/奔 9车辅助驾驶深度体验,40983071508,858.45900,1,25,16777215,2026-08-18 05:56:15,1787003775,0,201d2a40,2180304706306680576,哇哇哇哇哇哇哇哇哇
BV15Xb86nEzv,117108709072765,【无广】9大辅助驾驶晚高峰实测！谁是真正的第一梯队？,凤凰车研所,2026-08-17 11:34:40,232731,1923,1,【无广实测】问/鹏/理/迪/米/蔚/尚/氪/奔 9车辅助驾驶深度体验,40983071508,666.29100,1,25,16777215,2026-08-18 02:04:59,1786989899,0,88023d6c,2180188313456163840,这个是通病，我的问界M6也是进收费站疯狂摇摆路线
BV15Xb86nEzv,117108709072765,【无广】9大辅助驾驶晚高峰实测！谁是真正的第一梯队？,凤凰车研所,2026-08-17 11:34:40,232731,1923,1,【无广实测】问/鹏/理/迪/米/蔚/尚/氪/奔 9车辅助驾驶深度体验,40983071508,239.38000,1,25,16777215,2026-08-18 01:23:26,1786987406,0,f9511c82,2180167399045778432,只是刚好有个没人的窗口罢了，运气
BV15Xb86nEzv,117108709072765,【无广】9大辅助驾驶晚高峰实测！谁是真正的第一梯队？,凤凰车研所,2026-08-17 11:34:40,232731,1923,1,【无广实测】问/鹏/理/迪/米/蔚/尚/氪/奔 9车辅助驾驶深度体验,40983071508,184.34100,1,25,16777215,2026-08-18 01:19:34,1786987174,0,a92a8d9f,2180165453753080320,没事能自适应
BV15Xb86nEzv,117108709072765,【无广】9大辅助驾驶晚高峰实测！谁是真正的第一梯队？,凤凰车研所,2026-08-17 11:34:40,232731,1923,1,【无广实测】问/鹏/理/迪/米/蔚/尚/氪/奔 9车辅助驾驶深度体验,40983071508,256.82200,1,25,16777215,2026-08-17 23:57:37,1786982257,0,110d5cfd,2180124200131074816,呃。。其他的车那么多，到尚界又没车？这很难不让我多想吧
BV15Xb86nEzv,117108709072765,【无广】9大辅助驾驶晚高峰实测！谁是真正的第一梯队？,凤凰车研所,2026-08-17 11:34:40,232731,1923,1,【无广实测】问/鹏/理/迪/米/蔚/尚/氪/奔 9车辅助驾驶深度体验,40983071508,878.09900,1,25,16777215,2026-08-17 23:54:27,1786982067,0,f314f7b1,2180122611026439680,ADS5现在真的比4强非常多，变道更早更丝滑了
BV15Xb86nEzv,117108709072765,【无广】9大辅助驾驶晚高峰实测！谁是真正的第一梯队？,凤凰车研所,2026-08-17 11:34:40,232731,1923,1,【无广实测】问/鹏/理/迪/米/蔚/尚/氪/奔 9车辅助驾驶深度体验,40983071508,149.92500,1,25,16777215,2026-08-17 23:50:34,1786981834,0,8d5b3e6a,2180120652202848256,蔚来先苦后甜了，现在是甜的阶段了
BV15Xb86nEzv,117108709072765,【无广】9大辅助驾驶晚高峰实测！谁是真正的第一梯队？,凤凰车研所,2026-08-17 11:34:40,232731,1923,1,【无广实测】问/鹏/理/迪/米/蔚/尚/氪/奔 9车辅助驾驶深度体验,40983071508,1029.11000,1,25,16777215,2026-08-17 23:49:27,1786981767,0,9d71971a,2180120096130183168,综合下来还是问界和尚界最强啊
BV15Xb86nEzv,117108709072765,【无广】9大辅助驾驶晚高峰实测！谁是真正的第一梯队？,凤凰车研所,2026-08-17 11:34:40,232731,1923,1,【无广实测】问/鹏/理/迪/米/蔚/尚/氪/奔 9车辅助驾驶深度体验,40983071508,278.95300,1,25,16777215,2026-08-17 23:27:09,1786980429,0,e4cabad3,2180108871660638720,这没撞上吗？车都抖了一下
BV15Xb86nEzv,117108709072765,【无广】9大辅助驾驶晚高峰实测！谁是真正的第一梯队？,凤凰车研所,2026-08-17 11:34:40,232731,1923,1,【无广实测】问/鹏/理/迪/米/蔚/尚/氪/奔 9车辅助驾驶深度体验,40983071508,545.80500,1,25,16777215,2026-08-17 23:19:23,1786979963,0,37f85b60,2180104961546317312,以我开比亚迪的经验，面对加塞完全不用接管
BV15Xb86nEzv,117108709072765,【无广】9大辅助驾驶晚高峰实测！谁是真正的第一梯队？,凤凰车研所,2026-08-17 11:34:40,232731,1923,1,【无广实测】问/鹏/理/迪/米/蔚/尚/氪/奔 9车辅助驾驶深度体验,40983071508,298.37400,1,25,16777215,2026-08-17 23:06:12,1786979172,0,c2d6af19,2180098322517012224,理想i8不是走公交车车道了嘛，也不算介入？
BV15Xb86nEzv,117108709072765,【无广】9大辅助驾驶晚高峰实测！谁是真正的第一梯队？,凤凰车研所,2026-08-17 11:34:40,232731,1923,1,【无广实测】问/鹏/理/迪/米/蔚/尚/氪/奔 9车辅助驾驶深度体验,40983071508,149.46400,1,25,16777215,2026-08-17 22:48:18,1786978098,0,ede953fd,2180089311951879680,蔚来早就今非昔比了
BV15Xb86nEzv,117108709072765,【无广】9大辅助驾驶晚高峰实测！谁是真正的第一梯队？,凤凰车研所,2026-08-17 11:34:40,232731,1923,1,【无广实测】问/鹏/理/迪/米/蔚/尚/氪/奔 9车辅助驾驶深度体验,40983071508,937.36200,1,25,16777215,2026-08-17 22:37:47,1786977467,0,95c64f76,2180084025887312640,这些车的体型也不一样 大大小小的
BV15Xb86nEzv,117108709072765,【无广】9大辅助驾驶晚高峰实测！谁是真正的第一梯队？,凤凰车研所,2026-08-17 11:34:40,232731,1923,1,【无广实测】问/鹏/理/迪/米/蔚/尚/氪/奔 9车辅助驾驶深度体验,40983071508,807.70100,1,25,16777215,2026-08-17 22:24:18,1786976658,0,12a567f6,2180077235829829376,再次确认是真小鹏
BV15Xb86nEzv,117108709072765,【无广】9大辅助驾驶晚高峰实测！谁是真正的第一梯队？,凤凰车研所,2026-08-17 11:34:40,232731,1923,1,【无广实测】问/鹏/理/迪/米/蔚/尚/氪/奔 9车辅助驾驶深度体验,40983071508,187.79500,1,25,16777215,2026-08-17 22:15:59,1786976159,0,63ce1b84,2180073054485379328,目前，小米和理想都符合受众人群
BV15Xb86nEzv,117108709072765,【无广】9大辅助驾驶晚高峰实测！谁是真正的第一梯队？,凤凰车研所,2026-08-17 11:34:40,232731,1923,1,【无广实测】问/鹏/理/迪/米/蔚/尚/氪/奔 9车辅助驾驶深度体验,40983071508,286.92400,1,25,16777215,2026-08-17 22:13:43,1786976023,0,c98d3894,2180071905380747520,对着交警冲过去了！！！
BV15Xb86nEzv,117108709072765,【无广】9大辅助驾驶晚高峰实测！谁是真正的第一梯队？,凤凰车研所,2026-08-17 11:34:40,232731,1923,1,【无广实测】问/鹏/理/迪/米/蔚/尚/氪/奔 9车辅助驾驶深度体验,40983071508,497.76600,1,25,16777215,2026-08-17 20:56:45,1786971405,0,bf44dbc5,2180033168215324416,绷不住了
BV15Xb86nEzv,117108709072765,【无广】9大辅助驾驶晚高峰实测！谁是真正的第一梯队？,凤凰车研所,2026-08-17 11:34:40,232731,1923,1,【无广实测】问/鹏/理/迪/米/蔚/尚/氪/奔 9车辅助驾驶深度体验,40983071508,1022.96900,1,25,16777215,2026-08-17 20:50:44,1786971044,0,d3733607,2180030145388242944,小鹏vla6.3这个月出来，期待再战
BV15Xb86nEzv,117108709072765,【无广】9大辅助驾驶晚高峰实测！谁是真正的第一梯队？,凤凰车研所,2026-08-17 11:34:40,232731,1923,1,【无广实测】问/鹏/理/迪/米/蔚/尚/氪/奔 9车辅助驾驶深度体验,40983071508,194.84000,1,25,16777215,2026-08-17 20:50:14,1786971014,0,bf44dbc5,2180029889217586688,太正常了
BV15Xb86nEzv,117108709072765,【无广】9大辅助驾驶晚高峰实测！谁是真正的第一梯队？,凤凰车研所,2026-08-17 11:34:40,232731,1923,1,【无广实测】问/鹏/理/迪/米/蔚/尚/氪/奔 9车辅助驾驶深度体验,40983071508,82.31700,1,25,16777215,2026-08-17 20:42:16,1786970536,0,a7fa364d,2180025880410293760,这里P7的素材拼错了吧
BV15Xb86nEzv,117108709072765,【无广】9大辅助驾驶晚高峰实测！谁是真正的第一梯队？,凤凰车研所,2026-08-17 11:34:40,232731,1923,1,【无广实测】问/鹏/理/迪/米/蔚/尚/氪/奔 9车辅助驾驶深度体验,40983071508,849.37600,1,25,16777215,2026-08-17 20:05:24,1786968324,0,56832f44,2180007322586552320,尚界问界最强，
BV15Xb86nEzv,117108709072765,【无广】9大辅助驾驶晚高峰实测！谁是真正的第一梯队？,凤凰车研所,2026-08-17 11:34:40,232731,1923,1,【无广实测】问/鹏/理/迪/米/蔚/尚/氪/奔 9车辅助驾驶深度体验,40983071508,153.04300,1,25,16777215,2026-08-17 18:48:47,1786963727,0,1919dd1b,2179968759107116800,哒~哒~哒哒~
BV15Xb86nEzv,117108709072765,【无广】9大辅助驾驶晚高峰实测！谁是真正的第一梯队？,凤凰车研所,2026-08-17 11:34:40,232731,1923,1,【无广实测】问/鹏/理/迪/米/蔚/尚/氪/奔 9车辅助驾驶深度体验,40983071508,844.59700,1,25,16777215,2026-08-17 18:11:51,1786961511,0,da9cce8e,2179950173349188608,赢了
BV15Xb86nEzv,117108709072765,【无广】9大辅助驾驶晚高峰实测！谁是真正的第一梯队？,凤凰车研所,2026-08-17 11:34:40,232731,1923,1,【无广实测】问/鹏/理/迪/米/蔚/尚/氪/奔 9车辅助驾驶深度体验,40983071508,596.19000,1,25,16777215,2026-08-17 17:02:46,1786957366,0,8464856c,2179915402326089728,郑大一附院吗
BV15Xb86nEzv,117108709072765,【无广】9大辅助驾驶晚高峰实测！谁是真正的第一梯队？,凤凰车研所,2026-08-17 11:34:40,232731,1923,1,【无广实测】问/鹏/理/迪/米/蔚/尚/氪/奔 9车辅助驾驶深度体验,40983071508,540.72200,1,25,16777215,2026-08-17 16:23:40,1786955020,0,a1350a0d,2179895723649645312,又是理想，画像精准
BV15Xb86nEzv,117108709072765,【无广】9大辅助驾驶晚高峰实测！谁是真正的第一梯队？,凤凰车研所,2026-08-17 11:34:40,232731,1923,1,【无广实测】问/鹏/理/迪/米/蔚/尚/氪/奔 9车辅助驾驶深度体验,40983071508,154.18000,1,25,16777215,2026-08-17 14:45:10,1786949110,0,7431e39a,2179846149560114688,理想没毛病，哪都能停哪都能开
BV15Xb86nEzv,117108709072765,【无广】9大辅助驾驶晚高峰实测！谁是真正的第一梯队？,凤凰车研所,2026-08-17 11:34:40,232731,1923,1,【无广实测】问/鹏/理/迪/米/蔚/尚/氪/奔 9车辅助驾驶深度体验,40983071508,109.03400,1,25,16777215,2026-08-17 13:53:59,1786946039,0,f667c35f,2179820383732382464,我济南也有吗
BV15Xb86nEzv,117108709072765,【无广】9大辅助驾驶晚高峰实测！谁是真正的第一梯队？,凤凰车研所,2026-08-17 11:34:40,232731,1923,1,【无广实测】问/鹏/理/迪/米/蔚/尚/氪/奔 9车辅助驾驶深度体验,40983071508,15.71300,1,25,16777215,2026-09-28 17:13:04,1790586784,0,177969d3,2210361170794535424,FSD直接推沟里
BV15Xb86nEzv,117108709072765,【无广】9大辅助驾驶晚高峰实测！谁是真正的第一梯队？,凤凰车研所,2026-08-17 11:34:40,232731,1923,1,【无广实测】问/鹏/理/迪/米/蔚/尚/氪/奔 9车辅助驾驶深度体验,40983071508,205.96400,1,25,16777215,2026-09-28 10:23:53,1790562233,0,5c667931,2210155216316293632,弹幕high什么呢，睁开眼看看左边跑分小米是不是第一？
BV15Xb86nEzv,117108709072765,【无广】9大辅助驾驶晚高峰实测！谁是真正的第一梯队？,凤凰车研所,2026-08-17 11:34:40,232731,1923,1,【无广实测】问/鹏/理/迪/米/蔚/尚/氪/奔 9车辅助驾驶深度体验,40983071508,153.01600,5,25,16777215,2026-09-27 16:56:17,1790499377,0,e712cbb1,2209627943255991552,恭喜你买到原版了。
BV15Xb86nEzv,117108709072765,【无广】9大辅助驾驶晚高峰实测！谁是真正的第一梯队？,凤凰车研所,2026-08-17 11:34:40,232731,1923,1,【无广实测】问/鹏/理/迪/米/蔚/尚/氪/奔 9车辅助驾驶深度体验,40983071508,883.82000,1,25,16777215,2026-09-27 01:21:12,1790443272,0,97613db,2209157298868819456,蔚来智驾是不太行
BV15Xb86nEzv,117108709072765,【无广】9大辅助驾驶晚高峰实测！谁是真正的第一梯队？,凤凰车研所,2026-08-17 11:34:40,232731,1923,1,【无广实测】问/鹏/理/迪/米/蔚/尚/氪/奔 9车辅助驾驶深度体验,40983071508,229.06400,1,25,16777215,2026-09-27 01:09:29,1790442569,0,97613db,2209151408212102912,原地不动
BV15Xb86nEzv,117108709072765,【无广】9大辅助驾驶晚高峰实测！谁是真正的第一梯队？,凤凰车研所,2026-08-17 11:34:40,232731,1923,1,【无广实测】问/鹏/理/迪/米/蔚/尚/氪/奔 9车辅助驾驶深度体验,40983071508,223.75100,1,25,16777215,2026-09-27 01:09:04,1790442544,0,97613db,2209151196492047104,原地不动
BV15Xb86nEzv,117108709072765,【无广】9大辅助驾驶晚高峰实测！谁是真正的第一梯队？,凤凰车研所,2026-08-17 11:34:40,232731,1923,1,【无广实测】问/鹏/理/迪/米/蔚/尚/氪/奔 9车辅助驾驶深度体验,40983071508,844.38800,1,25,16777215,2026-09-26 22:23:05,1790432585,0,c5bccef1,2209067651358280448,蔚来拉满了。。。。
BV15Xb86nEzv,117108709072765,【无广】9大辅助驾驶晚高峰实测！谁是真正的第一梯队？,凤凰车研所,2026-08-17 11:34:40,232731,1923,1,【无广实测】问/鹏/理/迪/米/蔚/尚/氪/奔 9车辅助驾驶深度体验,40983071508,752.80400,1,25,16777215,2026-09-26 22:21:37,1790432497,0,c5bccef1,2209066912296508928,哈哈哈哈
BV15Xb86nEzv,117108709072765,【无广】9大辅助驾驶晚高峰实测！谁是真正的第一梯队？,凤凰车研所,2026-08-17 11:34:40,232731,1923,1,【无广实测】问/鹏/理/迪/米/蔚/尚/氪/奔 9车辅助驾驶深度体验,40983071508,418.94300,1,25,16777215,2026-09-26 22:16:12,1790432172,0,c5bccef1,2209064192735176960,这些阿姨是认真的吗。。。坐路上聊天。。。。
BV15Xb86nEzv,117108709072765,【无广】9大辅助驾驶晚高峰实测！谁是真正的第一梯队？,凤凰车研所,2026-08-17 11:34:40,232731,1923,1,【无广实测】问/鹏/理/迪/米/蔚/尚/氪/奔 9车辅助驾驶深度体验,40983071508,963.22300,1,25,16777215,2026-09-26 21:36:38,1790429798,0,9ddf6544,2209044271905025792,那这么说来小米和极氪的智驾很困难啊
BV15Xb86nEzv,117108709072765,【无广】9大辅助驾驶晚高峰实测！谁是真正的第一梯队？,凤凰车研所,2026-08-17 11:34:40,232731,1923,1,【无广实测】问/鹏/理/迪/米/蔚/尚/氪/奔 9车辅助驾驶深度体验,40983071508,185.56500,1,25,16777215,2026-09-26 18:53:02,1790419982,0,92ac3260,2208961931325476352,比亚迪的东西硬件强的离谱，软件一言难尽
BV15Xb86nEzv,117108709072765,【无广】9大辅助驾驶晚高峰实测！谁是真正的第一梯队？,凤凰车研所,2026-08-17 11:34:40,232731,1923,1,【无广实测】问/鹏/理/迪/米/蔚/尚/氪/奔 9车辅助驾驶深度体验,40983071508,728.25400,1,25,16777215,2026-09-26 15:51:54,1790409114,0,5d13a57e,2208870761517685248,up主辛苦了 这得出多少冷汗啊
BV15Xb86nEzv,117108709072765,【无广】9大辅助驾驶晚高峰实测！谁是真正的第一梯队？,凤凰车研所,2026-08-17 11:34:40,232731,1923,1,【无广实测】问/鹏/理/迪/米/蔚/尚/氪/奔 9车辅助驾驶深度体验,40983071508,643.82700,1,25,16777215,2026-09-26 15:49:56,1790408996,0,5d13a57e,2208869773239171072,这些路况对我都是地狱级的
BV15Xb86nEzv,117108709072765,【无广】9大辅助驾驶晚高峰实测！谁是真正的第一梯队？,凤凰车研所,2026-08-17 11:34:40,232731,1923,1,【无广实测】问/鹏/理/迪/米/蔚/尚/氪/奔 9车辅助驾驶深度体验,40983071508,651.35600,1,25,16777215,2026-09-26 13:20:03,1790400003,0,4209573c,2208794333212748032,车主可以体验到刺激
BV15Xb86nEzv,117108709072765,【无广】9大辅助驾驶晚高峰实测！谁是真正的第一梯队？,凤凰车研所,2026-08-17 11:34:40,232731,1923,1,【无广实测】问/鹏/理/迪/米/蔚/尚/氪/奔 9车辅助驾驶深度体验,40983071508,132.81100,5,25,15138834,2026-09-25 00:55:17,1790268917,0,6c0e71cc,2207694707231052032,冒汗了
BV15Xb86nEzv,117108709072765,【无广】9大辅助驾驶晚高峰实测！谁是真正的第一梯队？,凤凰车研所,2026-08-17 11:34:40,232731,1923,1,【无广实测】问/鹏/理/迪/米/蔚/尚/氪/奔 9车辅助驾驶深度体验,40983071508,309.89200,1,25,16777215,2026-09-25 00:51:00,1790268660,0,ca0ae448,2207692550863792896,前面一辆车都没有咋就不说运气太好了？？
BV15Xb86nEzv,117108709072765,【无广】9大辅助驾驶晚高峰实测！谁是真正的第一梯队？,凤凰车研所,2026-08-17 11:34:40,232731,1923,1,【无广实测】问/鹏/理/迪/米/蔚/尚/氪/奔 9车辅助驾驶深度体验,40983071508,343.75900,1,25,16777215,2026-09-24 10:13:06,1790215986,0,9763cd2a,2207250693059097088,问界两个0蛋，问界输
BV15Xb86nEzv,117108709072765,【无广】9大辅助驾驶晚高峰实测！谁是真正的第一梯队？,凤凰车研所,2026-08-17 11:34:40,232731,1923,1,【无广实测】问/鹏/理/迪/米/蔚/尚/氪/奔 9车辅助驾驶深度体验,40983071508,1050.60100,1,25,16777215,2026-09-24 01:09:47,1790183387,0,68ef9c0b,2206977227349359872,安全在哪？？
BV15Xb86nEzv,117108709072765,【无广】9大辅助驾驶晚高峰实测！谁是真正的第一梯队？,凤凰车研所,2026-08-17 11:34:40,232731,1923,1,【无广实测】问/鹏/理/迪/米/蔚/尚/氪/奔 9车辅助驾驶深度体验,40983071508,479.26000,1,25,16777215,2026-09-23 22:07:41,1790172461,0,94e08f5b,2206885572177108736,小米很拉胯啊
BV15Xb86nEzv,117108709072765,【无广】9大辅助驾驶晚高峰实测！谁是真正的第一梯队？,凤凰车研所,2026-08-17 11:34:40,232731,1923,1,【无广实测】问/鹏/理/迪/米/蔚/尚/氪/奔 9车辅助驾驶深度体验,40983071508,935.80000,1,25,16777215,2026-09-23 19:55:52,1790164552,0,cd358dee,2206819232522788864,ads撞死人最多
BV15Xb86nEzv,117108709072765,【无广】9大辅助驾驶晚高峰实测！谁是真正的第一梯队？,凤凰车研所,2026-08-17 11:34:40,232731,1923,1,【无广实测】问/鹏/理/迪/米/蔚/尚/氪/奔 9车辅助驾驶深度体验,40983071508,889.15000,1,25,16777215,2026-09-23 19:55:06,1790164506,0,cd358dee,2206818841857046528,无广
BV15Xb86nEzv,117108709072765,【无广】9大辅助驾驶晚高峰实测！谁是真正的第一梯队？,凤凰车研所,2026-08-17 11:34:40,232731,1923,1,【无广实测】问/鹏/理/迪/米/蔚/尚/氪/奔 9车辅助驾驶深度体验,40983071508,875.52400,1,25,16777215,2026-09-23 19:54:52,1790164492,0,cd358dee,2206818728107478272,理想没这么差。其实跟华为CBD
BV15Xb86nEzv,117108709072765,【无广】9大辅助驾驶晚高峰实测！谁是真正的第一梯队？,凤凰车研所,2026-08-17 11:34:40,232731,1923,1,【无广实测】问/鹏/理/迪/米/蔚/尚/氪/奔 9车辅助驾驶深度体验,40983071508,663.71500,1,25,16777215,2026-09-23 19:51:20,1790164280,0,cd358dee,2206816950066471424,华为呢
BV15Xb86nEzv,117108709072765,【无广】9大辅助驾驶晚高峰实测！谁是真正的第一梯队？,凤凰车研所,2026-08-17 11:34:40,232731,1923,1,【无广实测】问/鹏/理/迪/米/蔚/尚/氪/奔 9车辅助驾驶深度体验,40983071508,257.78200,1,25,16777215,2026-09-23 19:44:34,1790163874,0,cd358dee,2206813545826784768,z7完全是运气好
BV15Xb86nEzv,117108709072765,【无广】9大辅助驾驶晚高峰实测！谁是真正的第一梯队？,凤凰车研所,2026-08-17 11:34:40,232731,1923,1,【无广实测】问/鹏/理/迪/米/蔚/尚/氪/奔 9车辅助驾驶深度体验,40983071508,249.32800,1,25,16777215,2026-09-23 19:44:26,1790163866,0,cd358dee,2206813474783603968,运气好
BV15Xb86nEzv,117108709072765,【无广】9大辅助驾驶晚高峰实测！谁是真正的第一梯队？,凤凰车研所,2026-08-17 11:34:40,232731,1923,1,【无广实测】问/鹏/理/迪/米/蔚/尚/氪/奔 9车辅助驾驶深度体验,40983071508,6.59000,1,25,16777215,2026-09-23 15:47:57,1790149677,0,97f6b767,2206694444773283840,特斯拉呢
BV15Xb86nEzv,117108709072765,【无广】9大辅助驾驶晚高峰实测！谁是真正的第一梯队？,凤凰车研所,2026-08-17 11:34:40,232731,1923,1,【无广实测】问/鹏/理/迪/米/蔚/尚/氪/奔 9车辅助驾驶深度体验,40983071508,154.99200,1,25,16777215,2026-09-23 10:02:04,1790128924,0,e69755bf,2206520356553180416,这很理想
BV15Xb86nEzv,117108709072765,【无广】9大辅助驾驶晚高峰实测！谁是真正的第一梯队？,凤凰车研所,2026-08-17 11:34:40,232731,1923,1,【无广实测】问/鹏/理/迪/米/蔚/尚/氪/奔 9车辅助驾驶深度体验,40983071508,184.29500,1,25,16777215,2026-09-22 11:52:27,1790049147,0,871a3500,2205851144184979200,..
BV15Xb86nEzv,117108709072765,【无广】9大辅助驾驶晚高峰实测！谁是真正的第一梯队？,凤凰车研所,2026-08-17 11:34:40,232731,1923,1,【无广实测】问/鹏/理/迪/米/蔚/尚/氪/奔 9车辅助驾驶深度体验,40983071508,157.69900,1,25,16777215,2026-09-22 11:51:43,1790049103,0,871a3500,2205850768937565952,。。。。。。。
BV15Xb86nEzv,117108709072765,【无广】9大辅助驾驶晚高峰实测！谁是真正的第一梯队？,凤凰车研所,2026-08-17 11:34:40,232731,1923,1,【无广实测】问/鹏/理/迪/米/蔚/尚/氪/奔 9车辅助驾驶深度体验,40983071508,916.21900,1,25,16777215,2026-09-22 00:16:01,1790007361,0,4a648efb,2205500618197051392,事实证明，这种窄路场景只有视觉+高算力+无规则才能高效率
BV15Xb86nEzv,117108709072765,【无广】9大辅助驾驶晚高峰实测！谁是真正的第一梯队？,凤凰车研所,2026-08-17 11:34:40,232731,1923,1,【无广实测】问/鹏/理/迪/米/蔚/尚/氪/奔 9车辅助驾驶深度体验,40983071508,274.07100,1,25,16777215,2026-09-20 21:06:25,1789909585,0,9fdfa64b,2204680408863099648,比亚迪的显示器还有这种风格 好阴间
BV15Xb86nEzv,117108709072765,【无广】9大辅助驾驶晚高峰实测！谁是真正的第一梯队？,凤凰车研所,2026-08-17 11:34:40,232731,1923,1,【无广实测】问/鹏/理/迪/米/蔚/尚/氪/奔 9车辅助驾驶深度体验,40983071508,52.29900,1,25,16777215,2026-09-20 18:03:57,1789898637,0,25d849d7,2204588571464359424,理想进不了第一梯队吧，我是理想车主
BV15Xb86nEzv,117108709072765,【无广】9大辅助驾驶晚高峰实测！谁是真正的第一梯队？,凤凰车研所,2026-08-17 11:34:40,232731,1923,1,【无广实测】问/鹏/理/迪/米/蔚/尚/氪/奔 9车辅助驾驶深度体验,40983071508,680.73200,1,25,16777215,2026-09-20 07:17:55,1789859875,0,bedfd103,2204263415412355328,华为的ETC开通要499 狠狠的增加智慧了
BV15Xb86nEzv,117108709072765,【无广】9大辅助驾驶晚高峰实测！谁是真正的第一梯队？,凤凰车研所,2026-08-17 11:34:40,232731,1923,1,【无广实测】问/鹏/理/迪/米/蔚/尚/氪/奔 9车辅助驾驶深度体验,40983071508,671.84600,1,25,16777215,2026-09-20 07:17:19,1789859839,0,bedfd103,2204263111140574208,遥遥领先！
BV15Xb86nEzv,117108709072765,【无广】9大辅助驾驶晚高峰实测！谁是真正的第一梯队？,凤凰车研所,2026-08-17 11:34:40,232731,1923,1,【无广实测】问/鹏/理/迪/米/蔚/尚/氪/奔 9车辅助驾驶深度体验,40983071508,619.30200,1,25,16777215,2026-09-20 07:14:28,1789859668,0,bedfd103,2204261674214290688,这里人开都很费劲了  本地人都很讨厌来这里
BV15Xb86nEzv,117108709072765,【无广】9大辅助驾驶晚高峰实测！谁是真正的第一梯队？,凤凰车研所,2026-08-17 11:34:40,232731,1923,1,【无广实测】问/鹏/理/迪/米/蔚/尚/氪/奔 9车辅助驾驶深度体验,40983071508,607.79100,1,25,16777215,2026-09-20 07:13:51,1789859631,0,bedfd103,2204261368659154944,我是郑州的 河医立交桥上还好 桥下简直是灾难
BV15Xb86nEzv,117108709072765,【无广】9大辅助驾驶晚高峰实测！谁是真正的第一梯队？,凤凰车研所,2026-08-17 11:34:40,232731,1923,1,【无广实测】问/鹏/理/迪/米/蔚/尚/氪/奔 9车辅助驾驶深度体验,40983071508,342.66300,1,25,16777215,2026-09-20 07:07:52,1789859272,0,bedfd103,2204258356276434176,这种地方我开车都不往里面进
BV15Xb86nEzv,117108709072765,【无广】9大辅助驾驶晚高峰实测！谁是真正的第一梯队？,凤凰车研所,2026-08-17 11:34:40,232731,1923,1,【无广实测】问/鹏/理/迪/米/蔚/尚/氪/奔 9车辅助驾驶深度体验,40983071508,248.47500,1,25,16777215,2026-09-20 07:01:04,1789858864,0,bedfd103,2204254932700885248,这个环岛往五个方向去的
BV15Xb86nEzv,117108709072765,【无广】9大辅助驾驶晚高峰实测！谁是真正的第一梯队？,凤凰车研所,2026-08-17 11:34:40,232731,1923,1,【无广实测】问/鹏/理/迪/米/蔚/尚/氪/奔 9车辅助驾驶深度体验,40983071508,145.64200,1,25,16777215,2026-09-20 06:57:54,1789858674,0,bedfd103,2204253336760000512,这个路口是未来路纬四路我经常走 这里其实不拍 但是肯定算违章
BV15Xb86nEzv,117108709072765,【无广】9大辅助驾驶晚高峰实测！谁是真正的第一梯队？,凤凰车研所,2026-08-17 11:34:40,232731,1923,1,【无广实测】问/鹏/理/迪/米/蔚/尚/氪/奔 9车辅助驾驶深度体验,40983071508,145.89500,1,25,16777215,2026-09-20 06:56:21,1789858581,0,bedfd103,2204252555688355840,未来路
BV15Xb86nEzv,117108709072765,【无广】9大辅助驾驶晚高峰实测！谁是真正的第一梯队？,凤凰车研所,2026-08-17 11:34:40,232731,1923,1,【无广实测】问/鹏/理/迪/米/蔚/尚/氪/奔 9车辅助驾驶深度体验,40983071508,135.04900,1,25,16777215,2026-09-20 06:55:48,1789858548,0,bedfd103,2204252282689388800,保守被吹成了安全
BV15Xb86nEzv,117108709072765,【无广】9大辅助驾驶晚高峰实测！谁是真正的第一梯队？,凤凰车研所,2026-08-17 11:34:40,232731,1923,1,【无广实测】问/鹏/理/迪/米/蔚/尚/氪/奔 9车辅助驾驶深度体验,40983071508,31.18900,1,25,16777215,2026-09-20 06:52:43,1789858363,0,bedfd103,2204250731023505152,上车就睡！
BV15Xb86nEzv,117108709072765,【无广】9大辅助驾驶晚高峰实测！谁是真正的第一梯队？,凤凰车研所,2026-08-17 11:34:40,232731,1923,1,【无广实测】问/鹏/理/迪/米/蔚/尚/氪/奔 9车辅助驾驶深度体验,40983071508,1025.23000,1,25,16777215,2026-09-20 02:36:14,1789842974,0,60501416,2204121640168676864,极氪太拉了
BV15Xb86nEzv,117108709072765,【无广】9大辅助驾驶晚高峰实测！谁是真正的第一梯队？,凤凰车研所,2026-08-17 11:34:40,232731,1923,1,【无广实测】问/鹏/理/迪/米/蔚/尚/氪/奔 9车辅助驾驶深度体验,40983071508,187.94400,1,25,16777215,2026-09-20 02:18:17,1789841897,0,60501416,2204112603020542976,兜底王
BV15Xb86nEzv,117108709072765,【无广】9大辅助驾驶晚高峰实测！谁是真正的第一梯队？,凤凰车研所,2026-08-17 11:34:40,232731,1923,1,【无广实测】问/鹏/理/迪/米/蔚/尚/氪/奔 9车辅助驾驶深度体验,40983071508,139.90200,1,25,16777215,2026-09-20 02:17:21,1789841841,0,60501416,2204112132939880960,蔚来智驾上来了
BV15Xb86nEzv,117108709072765,【无广】9大辅助驾驶晚高峰实测！谁是真正的第一梯队？,凤凰车研所,2026-08-17 11:34:40,232731,1923,1,【无广实测】问/鹏/理/迪/米/蔚/尚/氪/奔 9车辅助驾驶深度体验,40983071508,145.59800,1,25,16777215,2026-09-20 02:16:37,1789841797,0,60501416,2204111763757182976,理想吹出来洗地
BV15Xb86nEzv,117108709072765,【无广】9大辅助驾驶晚高峰实测！谁是真正的第一梯队？,凤凰车研所,2026-08-17 11:34:40,232731,1923,1,【无广实测】问/鹏/理/迪/米/蔚/尚/氪/奔 9车辅助驾驶深度体验,40983071508,133.33100,1,25,16777215,2026-09-20 02:16:02,1789841762,0,60501416,2204111469065646848,极氪智驾就算了
BV15Xb86nEzv,117108709072765,【无广】9大辅助驾驶晚高峰实测！谁是真正的第一梯队？,凤凰车研所,2026-08-17 11:34:40,232731,1923,1,【无广实测】问/鹏/理/迪/米/蔚/尚/氪/奔 9车辅助驾驶深度体验,40983071508,576.87200,1,25,16777215,2026-09-19 22:37:16,1789828636,0,5c151634,2204001359308334592,郑州这路真是地狱中的地狱
BV15Xb86nEzv,117108709072765,【无广】9大辅助驾驶晚高峰实测！谁是真正的第一梯队？,凤凰车研所,2026-08-17 11:34:40,232731,1923,1,【无广实测】问/鹏/理/迪/米/蔚/尚/氪/奔 9车辅助驾驶深度体验,40983071508,149.00400,1,25,16777215,2026-09-19 20:52:38,1789822358,0,18106b49,2203948697765587968,理他干嘛，想开就开
BV15Xb86nEzv,117108709072765,【无广】9大辅助驾驶晚高峰实测！谁是真正的第一梯队？,凤凰车研所,2026-08-17 11:34:40,232731,1923,1,【无广实测】问/鹏/理/迪/米/蔚/尚/氪/奔 9车辅助驾驶深度体验,40983071508,258.64200,1,25,16777215,2026-09-19 16:29:57,1789806597,0,ac06abb1,2203816488078227712,还是得华为啊
BV15Xb86nEzv,117108709072765,【无广】9大辅助驾驶晚高峰实测！谁是真正的第一梯队？,凤凰车研所,2026-08-17 11:34:40,232731,1923,1,【无广实测】问/鹏/理/迪/米/蔚/尚/氪/奔 9车辅助驾驶深度体验,40983071508,888.01700,1,25,16777215,2026-09-19 00:25:00,1789748700,0,c5108d3f,2203330813762838016,理想还是古早版本8.5 非常弱的版本
BV15Xb86nEzv,117108709072765,【无广】9大辅助驾驶晚高峰实测！谁是真正的第一梯队？,凤凰车研所,2026-08-17 11:34:40,232731,1923,1,【无广实测】问/鹏/理/迪/米/蔚/尚/氪/奔 9车辅助驾驶深度体验,40983071508,199.12300,1,25,16777215,2026-09-18 22:36:59,1789742219,0,4271c7d5,2203276446472884224,你嫌命长就买小米，嫌钱多也可买小米，
BV15Xb86nEzv,117108709072765,【无广】9大辅助驾驶晚高峰实测！谁是真正的第一梯队？,凤凰车研所,2026-08-17 11:34:40,232731,1923,1,【无广实测】问/鹏/理/迪/米/蔚/尚/氪/奔 9车辅助驾驶深度体验,40983071508,127.44200,1,25,16777215,2026-09-18 21:11:45,1789737105,0,a5a878dd,2203233546158610944,哈哈哈
BV15Xb86nEzv,117108709072765,【无广】9大辅助驾驶晚高峰实测！谁是真正的第一梯队？,凤凰车研所,2026-08-17 11:34:40,232731,1923,1,【无广实测】问/鹏/理/迪/米/蔚/尚/氪/奔 9车辅助驾驶深度体验,40983071508,227.55200,1,25,16777215,2026-09-18 19:15:34,1789730134,0,51ac9340,2203175064030299648,自适应这块还得服迪粉。
BV15Xb86nEzv,117108709072765,【无广】9大辅助驾驶晚高峰实测！谁是真正的第一梯队？,凤凰车研所,2026-08-17 11:34:40,232731,1923,1,【无广实测】问/鹏/理/迪/米/蔚/尚/氪/奔 9车辅助驾驶深度体验,40983071508,117.79400,1,25,16777215,2026-09-18 19:06:52,1789729612,0,51ac9340,2203170687483789824,笛子就是momenta
BV15Xb86nEzv,117108709072765,【无广】9大辅助驾驶晚高峰实测！谁是真正的第一梯队？,凤凰车研所,2026-08-17 11:34:40,232731,1923,1,【无广实测】问/鹏/理/迪/米/蔚/尚/氪/奔 9车辅助驾驶深度体验,40983071508,664.83200,4,25,16777215,2026-09-18 18:44:18,1789728258,0,c4611e7a,2203159334022895104,妹说就是零卡
BV15Xb86nEzv,117108709072765,【无广】9大辅助驾驶晚高峰实测！谁是真正的第一梯队？,凤凰车研所,2026-08-17 11:34:40,232731,1923,1,【无广实测】问/鹏/理/迪/米/蔚/尚/氪/奔 9车辅助驾驶深度体验,40983071508,254.43000,1,25,16777215,2026-09-18 11:19:10,1789701550,0,b85613b7,2202935284201816576,我去NM这还不是商单
BV15Xb86nEzv,117108709072765,【无广】9大辅助驾驶晚高峰实测！谁是真正的第一梯队？,凤凰车研所,2026-08-17 11:34:40,232731,1923,1,【无广实测】问/鹏/理/迪/米/蔚/尚/氪/奔 9车辅助驾驶深度体验,40983071508,704.78300,1,25,16777215,2026-09-17 19:44:06,1789645446,0,51092c0f,2202464652825857536,比亚迪城市道路兜底啊
BV15Xb86nEzv,117108709072765,【无广】9大辅助驾驶晚高峰实测！谁是真正的第一梯队？,凤凰车研所,2026-08-17 11:34:40,232731,1923,1,【无广实测】问/鹏/理/迪/米/蔚/尚/氪/奔 9车辅助驾驶深度体验,40983071508,10.96400,1,25,16777215,2026-09-17 11:52:24,1789617144,0,5151b6,2202227241856472576,禁止专业选手（fsd）参赛
BV15Xb86nEzv,117108709072765,【无广】9大辅助驾驶晚高峰实测！谁是真正的第一梯队？,凤凰车研所,2026-08-17 11:34:40,232731,1923,1,【无广实测】问/鹏/理/迪/米/蔚/尚/氪/奔 9车辅助驾驶深度体验,40983071508,30.08800,1,25,16777215,2026-09-17 01:08:25,1789578505,0,1d06aace,2201903113366726656,郑州好呀！！郑州全是电动车，更贴近二线城市现状
BV15Xb86nEzv,117108709072765,【无广】9大辅助驾驶晚高峰实测！谁是真正的第一梯队？,凤凰车研所,2026-08-17 11:34:40,232731,1923,1,【无广实测】问/鹏/理/迪/米/蔚/尚/氪/奔 9车辅助驾驶深度体验,40983071508,243.98500,1,25,16777215,2026-09-16 23:24:49,1789572289,0,fb3a61e2,2201850967866515456,遥遥领先
BV15Xb86nEzv,117108709072765,【无广】9大辅助驾驶晚高峰实测！谁是真正的第一梯队？,凤凰车研所,2026-08-17 11:34:40,232731,1923,1,【无广实测】问/鹏/理/迪/米/蔚/尚/氪/奔 9车辅助驾驶深度体验,40983071508,260.88100,1,25,16777215,2026-09-16 17:58:44,1789552724,0,a78e29fa,2201686843073134336,小鹏高架入口就是容易错，还会在路口左右犹豫
BV15Xb86nEzv,117108709072765,【无广】9大辅助驾驶晚高峰实测！谁是真正的第一梯队？,凤凰车研所,2026-08-17 11:34:40,232731,1923,1,【无广实测】问/鹏/理/迪/米/蔚/尚/氪/奔 9车辅助驾驶深度体验,40983071508,749.49700,1,25,16777215,2026-09-16 11:41:05,1789530065,0,70b88798,2201496762534038272,千里冒汗，名不虚传
BV15Xb86nEzv,117108709072765,【无广】9大辅助驾驶晚高峰实测！谁是真正的第一梯队？,凤凰车研所,2026-08-17 11:34:40,232731,1923,1,【无广实测】问/鹏/理/迪/米/蔚/尚/氪/奔 9车辅助驾驶深度体验,40983071508,150.77400,1,25,16777215,2026-09-16 11:00:07,1789527607,0,6dec96d3,2201476145072594688,理他干什么，想怎么开怎么开
BV15Xb86nEzv,117108709072765,【无广】9大辅助驾驶晚高峰实测！谁是真正的第一梯队？,凤凰车研所,2026-08-17 11:34:40,232731,1923,1,【无广实测】问/鹏/理/迪/米/蔚/尚/氪/奔 9车辅助驾驶深度体验,40983071508,815.50700,1,25,16777215,2026-09-16 00:45:40,1789490740,0,edce435e,2201166880818227200,小鹏依然走错路
BV15Xb86nEzv,117108709072765,【无广】9大辅助驾驶晚高峰实测！谁是真正的第一梯队？,凤凰车研所,2026-08-17 11:34:40,232731,1923,1,【无广实测】问/鹏/理/迪/米/蔚/尚/氪/奔 9车辅助驾驶深度体验,40983071508,353.40600,1,25,16777215,2026-09-15 18:32:50,1789468370,0,b5cf4ea1,2200979235089624320,不是端到端的自动驾驶吗
BV15Xb86nEzv,117108709072765,【无广】9大辅助驾驶晚高峰实测！谁是真正的第一梯队？,凤凰车研所,2026-08-17 11:34:40,232731,1923,1,【无广实测】问/鹏/理/迪/米/蔚/尚/氪/奔 9车辅助驾驶深度体验,40983071508,907.04600,1,25,16777215,2026-09-15 15:16:01,1789456561,0,dd6db98f,2200880173161665024,小鹏智能驾驶的调教是最狠的
BV15Xb86nEzv,117108709072765,【无广】9大辅助驾驶晚高峰实测！谁是真正的第一梯队？,凤凰车研所,2026-08-17 11:34:40,232731,1923,1,【无广实测】问/鹏/理/迪/米/蔚/尚/氪/奔 9车辅助驾驶深度体验,40983071508,993.37300,1,25,16777215,2026-09-15 14:50:14,1789455014,0,9a2ad327,2200867195944010496,用特斯拉FSD，驾照分够扣吗
BV15Xb86nEzv,117108709072765,【无广】9大辅助驾驶晚高峰实测！谁是真正的第一梯队？,凤凰车研所,2026-08-17 11:34:40,232731,1923,1,【无广实测】问/鹏/理/迪/米/蔚/尚/氪/奔 9车辅助驾驶深度体验,40983071508,131.04200,1,25,16777215,2026-09-14 19:43:35,1789386215,0,519ad23f,2200290068915763968,我也加塞过极氪的车，确实好塞====哈哈哈
BV15Xb86nEzv,117108709072765,【无广】9大辅助驾驶晚高峰实测！谁是真正的第一梯队？,凤凰车研所,2026-08-17 11:34:40,232731,1923,1,【无广实测】问/鹏/理/迪/米/蔚/尚/氪/奔 9车辅助驾驶深度体验,40983071508,835.53600,1,25,16777215,2026-09-14 01:59:59,1789322399,0,76708e38,2199754735979177984,es8 今天走高速120码进互通弯道，紧急接管，吓我一身汗
BV15Xb86nEzv,117108709072765,【无广】9大辅助驾驶晚高峰实测！谁是真正的第一梯队？,凤凰车研所,2026-08-17 11:34:40,232731,1923,1,【无广实测】问/鹏/理/迪/米/蔚/尚/氪/奔 9车辅助驾驶深度体验,40983071508,331.41400,1,25,16777215,2026-09-14 01:39:36,1789321176,0,ce5eecf0,2199744482583530240,哈哈哈，刷到自家门口了，这个是城北路尽头城中村改造半成品
BV15Xb86nEzv,117108709072765,【无广】9大辅助驾驶晚高峰实测！谁是真正的第一梯队？,凤凰车研所,2026-08-17 11:34:40,232731,1923,1,【无广实测】问/鹏/理/迪/米/蔚/尚/氪/奔 9车辅助驾驶深度体验,40983071508,585.86000,1,25,16777215,2026-09-13 23:57:20,1789315040,0,89e17365,2199693003281807104,你应该测试一下，某些路最右侧的车道是不受右转红绿灯控制的，反正我的天神b不行，它会停下来
BV15Xb86nEzv,117108709072765,【无广】9大辅助驾驶晚高峰实测！谁是真正的第一梯队？,凤凰车研所,2026-08-17 11:34:40,232731,1923,1,【无广实测】问/鹏/理/迪/米/蔚/尚/氪/奔 9车辅助驾驶深度体验,40983071508,151.01500,1,25,16777215,2026-09-13 20:49:34,1789303774,0,f4b801f,2199598501502253824,理他干嘛 想怎么开就怎么开
BV15Xb86nEzv,117108709072765,【无广】9大辅助驾驶晚高峰实测！谁是真正的第一梯队？,凤凰车研所,2026-08-17 11:34:40,232731,1923,1,【无广实测】问/鹏/理/迪/米/蔚/尚/氪/奔 9车辅助驾驶深度体验,40983071508,61.83500,1,25,16777215,2026-09-13 19:54:39,1789300479,0,2065396d,2199570860686339328,fsd怎么测，把这些车拉火星去吗
BV15Xb86nEzv,117108709072765,【无广】9大辅助驾驶晚高峰实测！谁是真正的第一梯队？,凤凰车研所,2026-08-17 11:34:40,232731,1923,1,【无广实测】问/鹏/理/迪/米/蔚/尚/氪/奔 9车辅助驾驶深度体验,40983071508,522.06000,1,25,16777215,2026-09-13 16:35:44,1789288544,0,edcdaecc,2199470738967657984,这智能驾驶全是噱头，让它开我更累。
BV15Xb86nEzv,117108709072765,【无广】9大辅助驾驶晚高峰实测！谁是真正的第一梯队？,凤凰车研所,2026-08-17 11:34:40,232731,1923,1,【无广实测】问/鹏/理/迪/米/蔚/尚/氪/奔 9车辅助驾驶深度体验,40983071508,55.65600,1,25,16777215,2026-09-13 10:21:33,1789266093,0,4c2dc5a,2199282411001695744,传说中的满血fsd呢？
BV15Xb86nEzv,117108709072765,【无广】9大辅助驾驶晚高峰实测！谁是真正的第一梯队？,凤凰车研所,2026-08-17 11:34:40,232731,1923,1,【无广实测】问/鹏/理/迪/米/蔚/尚/氪/奔 9车辅助驾驶深度体验,40983071508,263.61300,1,25,16777215,2026-09-12 18:38:10,1789209490,0,b830a500,2198807585321936896,没特斯拉？
BV15Xb86nEzv,117108709072765,【无广】9大辅助驾驶晚高峰实测！谁是真正的第一梯队？,凤凰车研所,2026-08-17 11:34:40,232731,1923,1,【无广实测】问/鹏/理/迪/米/蔚/尚/氪/奔 9车辅助驾驶深度体验,40983071508,373.09700,1,25,16777215,2026-09-12 16:38:20,1789202300,0,62736a9b,2198747273570880256,小米和华为两家的粉丝能不能走远点，和路边那个什么一样
BV15Xb86nEzv,117108709072765,【无广】9大辅助驾驶晚高峰实测！谁是真正的第一梯队？,凤凰车研所,2026-08-17 11:34:40,232731,1923,1,【无广实测】问/鹏/理/迪/米/蔚/尚/氪/奔 9车辅助驾驶深度体验,40983071508,1070.50400,1,25,16777215,2026-09-12 12:39:14,1789187954,0,45c2431d,2198626934970499584,还是ADS在第一段，小鹏解决高速能追上，新势力差一档，大品牌还在追
BV15Xb86nEzv,117108709072765,【无广】9大辅助驾驶晚高峰实测！谁是真正的第一梯队？,凤凰车研所,2026-08-17 11:34:40,232731,1923,1,【无广实测】问/鹏/理/迪/米/蔚/尚/氪/奔 9车辅助驾驶深度体验,40983071508,202.27100,1,25,16777215,2026-09-12 12:25:25,1789187125,0,b4857ad5,2198619981418634240,大胆
BV15Xb86nEzv,117108709072765,【无广】9大辅助驾驶晚高峰实测！谁是真正的第一梯队？,凤凰车研所,2026-08-17 11:34:40,232731,1923,1,【无广实测】问/鹏/理/迪/米/蔚/尚/氪/奔 9车辅助驾驶深度体验,40983071508,478.33800,1,25,16777215,2026-09-12 11:46:08,1789184768,0,45c2431d,2198600204998358528,ADS还是断层领先
BV15Xb86nEzv,117108709072765,【无广】9大辅助驾驶晚高峰实测！谁是真正的第一梯队？,凤凰车研所,2026-08-17 11:34:40,232731,1923,1,【无广实测】问/鹏/理/迪/米/蔚/尚/氪/奔 9车辅助驾驶深度体验,40983071508,572.01400,1,25,16777215,2026-09-12 01:30:39,1789147839,0,a9afae31,2198290426699276032,接孩子呢
BV15Xb86nEzv,117108709072765,【无广】9大辅助驾驶晚高峰实测！谁是真正的第一梯队？,凤凰车研所,2026-08-17 11:34:40,232731,1923,1,【无广实测】问/鹏/理/迪/米/蔚/尚/氪/奔 9车辅助驾驶深度体验,40983071508,96.23500,1,25,16777215,2026-09-11 19:28:41,1789126121,0,3bc683d4,2198108241970445568,没BYD？
BV15Xb86nEzv,117108709072765,【无广】9大辅助驾驶晚高峰实测！谁是真正的第一梯队？,凤凰车研所,2026-08-17 11:34:40,232731,1923,1,【无广实测】问/鹏/理/迪/米/蔚/尚/氪/奔 9车辅助驾驶深度体验,40983071508,717.86100,1,25,16777215,2026-09-11 15:06:42,1789110402,0,75d961a4,2197976376240598016,比亚迪的兜底是不设置赔偿上限，跟智驾险还是不太一样
BV15Xb86nEzv,117108709072765,【无广】9大辅助驾驶晚高峰实测！谁是真正的第一梯队？,凤凰车研所,2026-08-17 11:34:40,232731,1923,1,【无广实测】问/鹏/理/迪/米/蔚/尚/氪/奔 9车辅助驾驶深度体验,40983071508,124.03300,1,25,16777215,2026-09-11 14:07:33,1789106853,0,a4399ac4,2197946609600893696,？
BV15Xb86nEzv,117108709072765,【无广】9大辅助驾驶晚高峰实测！谁是真正的第一梯队？,凤凰车研所,2026-08-17 11:34:40,232731,1923,1,【无广实测】问/鹏/理/迪/米/蔚/尚/氪/奔 9车辅助驾驶深度体验,40983071508,1042.90000,1,25,16777215,2026-09-11 12:17:39,1789100259,0,7dc8873c,2197891295254221568,千里冒汗
BV15Xb86nEzv,117108709072765,【无广】9大辅助驾驶晚高峰实测！谁是真正的第一梯队？,凤凰车研所,2026-08-17 11:34:40,232731,1923,1,【无广实测】问/鹏/理/迪/米/蔚/尚/氪/奔 9车辅助驾驶深度体验,40983071508,25.29100,1,25,16777215,2026-09-11 10:07:44,1789092464,0,317fd54c,2197825905148295424,郑州测车难度大
BV15Xb86nEzv,117108709072765,【无广】9大辅助驾驶晚高峰实测！谁是真正的第一梯队？,凤凰车研所,2026-08-17 11:34:40,232731,1923,1,【无广实测】问/鹏/理/迪/米/蔚/尚/氪/奔 9车辅助驾驶深度体验,40983071508,28.87700,1,25,16777215,2026-09-11 09:27:21,1789090041,0,ed8ebf1c,2197805575164163072,真的，头一次见在郑州测试
BV15Xb86nEzv,117108709072765,【无广】9大辅助驾驶晚高峰实测！谁是真正的第一梯队？,凤凰车研所,2026-08-17 11:34:40,232731,1923,1,【无广实测】问/鹏/理/迪/米/蔚/尚/氪/奔 9车辅助驾驶深度体验,40983071508,47.56100,1,25,16777215,2026-09-10 12:06:41,1789013201,0,c3f1f470,2197160995213165312,智驾第一是猎鹰700+
BV15Xb86nEzv,117108709072765,【无广】9大辅助驾驶晚高峰实测！谁是真正的第一梯队？,凤凰车研所,2026-08-17 11:34:40,232731,1923,1,【无广实测】问/鹏/理/迪/米/蔚/尚/氪/奔 9车辅助驾驶深度体验,40983071508,147.04000,1,25,16777215,2026-09-10 03:23:56,1788981836,0,9d2386e0,2196897888007936768,登登登登登
BV15Xb86nEzv,117108709072765,【无广】9大辅助驾驶晚高峰实测！谁是真正的第一梯队？,凤凰车研所,2026-08-17 11:34:40,232731,1923,1,【无广实测】问/鹏/理/迪/米/蔚/尚/氪/奔 9车辅助驾驶深度体验,40983071508,623.83900,1,25,16777215,2026-09-09 23:06:14,1788966374,0,e0372615,2196768183057903104,郑州的路你就开吧 一开一个不吱声
BV15Xb86nEzv,117108709072765,【无广】9大辅助驾驶晚高峰实测！谁是真正的第一梯队？,凤凰车研所,2026-08-17 11:34:40,232731,1923,1,【无广实测】问/鹏/理/迪/米/蔚/尚/氪/奔 9车辅助驾驶深度体验,40983071508,911.09900,1,25,16777215,2026-09-09 21:27:23,1788960443,0,35d16789,2196718427547595520,新势力的事怎么能算偷呢
BV15Xb86nEzv,117108709072765,【无广】9大辅助驾驶晚高峰实测！谁是真正的第一梯队？,凤凰车研所,2026-08-17 11:34:40,232731,1923,1,【无广实测】问/鹏/理/迪/米/蔚/尚/氪/奔 9车辅助驾驶深度体验,40983071508,708.36000,1,25,16777215,2026-09-09 20:56:09,1788958569,0,c4b94073,2196702711658674432,谁特么告诉你兜底限制多？？？？
BV15Xb86nEzv,117108709072765,【无广】9大辅助驾驶晚高峰实测！谁是真正的第一梯队？,凤凰车研所,2026-08-17 11:34:40,232731,1923,1,【无广实测】问/鹏/理/迪/米/蔚/尚/氪/奔 9车辅助驾驶深度体验,40983071508,992.89400,1,25,16777215,2026-09-09 20:35:30,1788957330,0,5679aeb4,2196692317073805568,极氪：竟敢不许加速？
BV15Xb86nEzv,117108709072765,【无广】9大辅助驾驶晚高峰实测！谁是真正的第一梯队？,凤凰车研所,2026-08-17 11:34:40,232731,1923,1,【无广实测】问/鹏/理/迪/米/蔚/尚/氪/奔 9车辅助驾驶深度体验,40983071508,1055.54300,1,25,16777215,2026-09-09 19:08:18,1788952098,0,940c5040,2196648430511397632,整体来说没有水桶选手，各自都有问题
BV15Xb86nEzv,117108709072765,【无广】9大辅助驾驶晚高峰实测！谁是真正的第一梯队？,凤凰车研所,2026-08-17 11:34:40,232731,1923,1,【无广实测】问/鹏/理/迪/米/蔚/尚/氪/奔 9车辅助驾驶深度体验,40983071508,955.30900,1,25,16777215,2026-09-09 17:48:44,1788947324,0,6fa3221f,2196608380662793472,小米PTSD了
BV15Xb86nEzv,117108709072765,【无广】9大辅助驾驶晚高峰实测！谁是真正的第一梯队？,凤凰车研所,2026-08-17 11:34:40,232731,1923,1,【无广实测】问/鹏/理/迪/米/蔚/尚/氪/奔 9车辅助驾驶深度体验,40983071508,151.34800,5,25,16646914,2026-09-09 16:05:01,1788941101,0,4007ead6,2196556179890157056,正品
BV15Xb86nEzv,117108709072765,【无广】9大辅助驾驶晚高峰实测！谁是真正的第一梯队？,凤凰车研所,2026-08-17 11:34:40,232731,1923,1,【无广实测】问/鹏/理/迪/米/蔚/尚/氪/奔 9车辅助驾驶深度体验,40983071508,611.45900,1,25,16777215,2026-09-09 14:22:58,1788934978,0,6d18c739,2196504812307962112,河南
BV15Xb86nEzv,117108709072765,【无广】9大辅助驾驶晚高峰实测！谁是真正的第一梯队？,凤凰车研所,2026-08-17 11:34:40,232731,1923,1,【无广实测】问/鹏/理/迪/米/蔚/尚/氪/奔 9车辅助驾驶深度体验,40983071508,352.06300,1,25,16777215,2026-09-09 12:18:39,1788927519,0,44cfdec6,2196442240472672000,最差总是有小米，哈哈哈哈
BV15Xb86nEzv,117108709072765,【无广】9大辅助驾驶晚高峰实测！谁是真正的第一梯队？,凤凰车研所,2026-08-17 11:34:40,232731,1923,1,【无广实测】问/鹏/理/迪/米/蔚/尚/氪/奔 9车辅助驾驶深度体验,40983071508,221.27400,1,25,16777215,2026-09-09 12:16:17,1788927377,0,44cfdec6,2196441055431051776,都2026年了，还有傻瓜相信小米吗
BV15Xb86nEzv,117108709072765,【无广】9大辅助驾驶晚高峰实测！谁是真正的第一梯队？,凤凰车研所,2026-08-17 11:34:40,232731,1923,1,【无广实测】问/鹏/理/迪/米/蔚/尚/氪/奔 9车辅助驾驶深度体验,40983071508,493.44000,1,25,16777215,2026-09-09 11:47:17,1788925637,0,da8ba90d,2196426459244333568,正品
BV15Xb86nEzv,117108709072765,【无广】9大辅助驾驶晚高峰实测！谁是真正的第一梯队？,凤凰车研所,2026-08-17 11:34:40,232731,1923,1,【无广实测】问/鹏/理/迪/米/蔚/尚/氪/奔 9车辅助驾驶深度体验,40983071508,155.29800,1,25,16777215,2026-09-09 02:15:38,1788891338,0,3ad2ab95,2196138736365498368,是正品
BV15Xb86nEzv,117108709072765,【无广】9大辅助驾驶晚高峰实测！谁是真正的第一梯队？,凤凰车研所,2026-08-17 11:34:40,232731,1923,1,【无广实测】问/鹏/理/迪/米/蔚/尚/氪/奔 9车辅助驾驶深度体验,40983071508,61.17100,1,25,16777215,2026-09-09 01:36:05,1788888965,0,1cd5f7f0,2196118827555639808,免责声明？
BV15Xb86nEzv,117108709072765,【无广】9大辅助驾驶晚高峰实测！谁是真正的第一梯队？,凤凰车研所,2026-08-17 11:34:40,232731,1923,1,【无广实测】问/鹏/理/迪/米/蔚/尚/氪/奔 9车辅助驾驶深度体验,40983071508,840.36400,1,25,16777215,2026-09-08 21:24:27,1788873867,0,31652878,2195992181905789696,华子赢嘛了
BV15Xb86nEzv,117108709072765,【无广】9大辅助驾驶晚高峰实测！谁是真正的第一梯队？,凤凰车研所,2026-08-17 11:34:40,232731,1923,1,【无广实测】问/鹏/理/迪/米/蔚/尚/氪/奔 9车辅助驾驶深度体验,40983071508,353.54300,1,25,16777215,2026-09-08 21:15:13,1788873313,0,31652878,2195987529583794176,所以小米卖这个价就离谱了，还是会营销
BV15Xb86nEzv,117108709072765,【无广】9大辅助驾驶晚高峰实测！谁是真正的第一梯队？,凤凰车研所,2026-08-17 11:34:40,232731,1923,1,【无广实测】问/鹏/理/迪/米/蔚/尚/氪/奔 9车辅助驾驶深度体验,40983071508,179.70800,1,25,16777215,2026-09-08 21:11:43,1788873103,0,31652878,2195985766239484928,华为智驾不错，有钱我也买华为车，这次的尚界狠狠拿捏我了
BV15Xb86nEzv,117108709072765,【无广】9大辅助驾驶晚高峰实测！谁是真正的第一梯队？,凤凰车研所,2026-08-17 11:34:40,232731,1923,1,【无广实测】问/鹏/理/迪/米/蔚/尚/氪/奔 9车辅助驾驶深度体验,40983071508,351.86400,5,25,16777215,2026-09-08 14:49:19,1788850159,0,a9678deb,2195793305039136768,已取餐
BV15Xb86nEzv,117108709072765,【无广】9大辅助驾驶晚高峰实测！谁是真正的第一梯队？,凤凰车研所,2026-08-17 11:34:40,232731,1923,1,【无广实测】问/鹏/理/迪/米/蔚/尚/氪/奔 9车辅助驾驶深度体验,40983071508,574.31900,1,25,16777215,2026-09-08 10:46:15,1788835575,0,d955d752,2195670962626932480,这不算加塞吧？只是正常并道而已，毕竟这是一个交汇路口
BV15Xb86nEzv,117108709072765,【无广】9大辅助驾驶晚高峰实测！谁是真正的第一梯队？,凤凰车研所,2026-08-17 11:34:40,232731,1923,1,【无广实测】问/鹏/理/迪/米/蔚/尚/氪/奔 9车辅助驾驶深度体验,40983071508,859.20900,1,25,16777215,2026-09-07 22:10:39,1788790239,0,6b3e9773,2195290655369800704,我感觉高速公路下大雨时根本看不清路况，确实很需要辅助驾驶！
BV15Xb86nEzv,117108709072765,【无广】9大辅助驾驶晚高峰实测！谁是真正的第一梯队？,凤凰车研所,2026-08-17 11:34:40,232731,1923,1,【无广实测】问/鹏/理/迪/米/蔚/尚/氪/奔 9车辅助驾驶深度体验,40983071508,377.68100,1,25,16777215,2026-09-07 21:48:47,1788788927,0,516fbd44,2195279654724788736,真有人能在这种情况安心让智驾开吗？那跟睡着了有什么区别
BV15Xb86nEzv,117108709072765,【无广】9大辅助驾驶晚高峰实测！谁是真正的第一梯队？,凤凰车研所,2026-08-17 11:34:40,232731,1923,1,【无广实测】问/鹏/理/迪/米/蔚/尚/氪/奔 9车辅助驾驶深度体验,40983071508,379.97600,1,25,16777215,2026-09-07 21:15:14,1788786914,0,b6ffef4d,2195262763709049856,从头批评到尾。但是最后说他就是第一
BV15Xb86nEzv,117108709072765,【无广】9大辅助驾驶晚高峰实测！谁是真正的第一梯队？,凤凰车研所,2026-08-17 11:34:40,232731,1923,1,【无广实测】问/鹏/理/迪/米/蔚/尚/氪/奔 9车辅助驾驶深度体验,40983071508,243.50200,1,25,16777215,2026-09-07 21:08:02,1788786482,0,b6ffef4d,2195259140887391488,这不是运气吗
BV15Xb86nEzv,117108709072765,【无广】9大辅助驾驶晚高峰实测！谁是真正的第一梯队？,凤凰车研所,2026-08-17 11:34:40,232731,1923,1,【无广实测】问/鹏/理/迪/米/蔚/尚/氪/奔 9车辅助驾驶深度体验,40983071508,10.44800,1,25,16777215,2026-09-07 15:25:44,1788765944,0,f8cc6588,2195086854574490112,那很读了
BV15Xb86nEzv,117108709072765,【无广】9大辅助驾驶晚高峰实测！谁是真正的第一梯队？,凤凰车研所,2026-08-17 11:34:40,232731,1923,1,【无广实测】问/鹏/理/迪/米/蔚/尚/氪/奔 9车辅助驾驶深度体验,40983071508,200.64000,5,25,16707842,2026-09-07 15:14:29,1788765269,0,2c774b67,2195081196390754816,可以，这很小米
BV15Xb86nEzv,117108709072765,【无广】9大辅助驾驶晚高峰实测！谁是真正的第一梯队？,凤凰车研所,2026-08-17 11:34:40,232731,1923,1,【无广实测】问/鹏/理/迪/米/蔚/尚/氪/奔 9车辅助驾驶深度体验,40983071508,642.91900,1,25,16777215,2026-09-07 01:41:02,1788716462,0,a0ed20c8,2194671773298307840,这开车太吓人了
BV15Xb86nEzv,117108709072765,【无广】9大辅助驾驶晚高峰实测！谁是真正的第一梯队？,凤凰车研所,2026-08-17 11:34:40,232731,1923,1,【无广实测】问/鹏/理/迪/米/蔚/尚/氪/奔 9车辅助驾驶深度体验,40983071508,372.90100,1,25,16777215,2026-09-07 01:36:17,1788716177,0,a0ed20c8,2194669382662570752,极氪智驾也没说的那么差啊
BV15Xb86nEzv,117108709072765,【无广】9大辅助驾驶晚高峰实测！谁是真正的第一梯队？,凤凰车研所,2026-08-17 11:34:40,232731,1923,1,【无广实测】问/鹏/理/迪/米/蔚/尚/氪/奔 9车辅助驾驶深度体验,40983071508,119.85000,1,25,16777215,2026-09-06 23:02:53,1788706973,0,5925aab3,2194592169846468352,最恨这种加塞的混蛋了
BV15Xb86nEzv,117108709072765,【无广】9大辅助驾驶晚高峰实测！谁是真正的第一梯队？,凤凰车研所,2026-08-17 11:34:40,232731,1923,1,【无广实测】问/鹏/理/迪/米/蔚/尚/氪/奔 9车辅助驾驶深度体验,40983071508,498.24800,1,25,16777215,2026-09-06 22:23:39,1788704619,0,707659b1,2194572426451656704,笑死
BV15Xb86nEzv,117108709072765,【无广】9大辅助驾驶晚高峰实测！谁是真正的第一梯队？,凤凰车研所,2026-08-17 11:34:40,232731,1923,1,【无广实测】问/鹏/理/迪/米/蔚/尚/氪/奔 9车辅助驾驶深度体验,40983071508,353.00100,1,25,16777215,2026-09-06 22:21:05,1788704465,0,707659b1,2194571132617780480,两个卧龙凤雏正常
BV15Xb86nEzv,117108709072765,【无广】9大辅助驾驶晚高峰实测！谁是真正的第一梯队？,凤凰车研所,2026-08-17 11:34:40,232731,1923,1,【无广实测】问/鹏/理/迪/米/蔚/尚/氪/奔 9车辅助驾驶深度体验,40983071508,54.37900,1,25,16777215,2026-09-06 18:42:16,1788691336,0,4ae7ddce,2194460999850601728,这么看不起特斯拉吗？连考试的机会都不给
BV15Xb86nEzv,117108709072765,【无广】9大辅助驾驶晚高峰实测！谁是真正的第一梯队？,凤凰车研所,2026-08-17 11:34:40,232731,1923,1,【无广实测】问/鹏/理/迪/米/蔚/尚/氪/奔 9车辅助驾驶深度体验,40983071508,131.85300,1,25,16777215,2026-09-06 18:26:14,1788690374,0,5c32ced1,2194452930605099264,什么激进保守，就是一个守规矩一个不守规矩
BV15Xb86nEzv,117108709072765,【无广】9大辅助驾驶晚高峰实测！谁是真正的第一梯队？,凤凰车研所,2026-08-17 11:34:40,232731,1923,1,【无广实测】问/鹏/理/迪/米/蔚/尚/氪/奔 9车辅助驾驶深度体验,40983071508,356.07700,1,25,16777215,2026-09-06 18:25:27,1788690327,0,8995f817,2194452531407876096,理想的智驾那么差了
BV15Xb86nEzv,117108709072765,【无广】9大辅助驾驶晚高峰实测！谁是真正的第一梯队？,凤凰车研所,2026-08-17 11:34:40,232731,1923,1,【无广实测】问/鹏/理/迪/米/蔚/尚/氪/奔 9车辅助驾驶深度体验,40983071508,152.37400,1,25,16777215,2026-09-06 17:04:46,1788685486,0,af94c0c3,2194411923943420160,正版理想
BV15Xb86nEzv,117108709072765,【无广】9大辅助驾驶晚高峰实测！谁是真正的第一梯队？,凤凰车研所,2026-08-17 11:34:40,232731,1923,1,【无广实测】问/鹏/理/迪/米/蔚/尚/氪/奔 9车辅助驾驶深度体验,40983071508,155.04800,1,25,16777215,2026-09-06 16:51:50,1788684710,0,83b3371d,2194405414207412736,理想的车主就是这么开的啊····哈哈哈
BV15Xb86nEzv,117108709072765,【无广】9大辅助驾驶晚高峰实测！谁是真正的第一梯队？,凤凰车研所,2026-08-17 11:34:40,232731,1923,1,【无广实测】问/鹏/理/迪/米/蔚/尚/氪/奔 9车辅助驾驶深度体验,40983071508,110.43500,1,25,16777215,2026-09-06 16:50:51,1788684651,0,83b3371d,2194404917677044224,瞧不起我大苏州？
BV15Xb86nEzv,117108709072765,【无广】9大辅助驾驶晚高峰实测！谁是真正的第一梯队？,凤凰车研所,2026-08-17 11:34:40,232731,1923,1,【无广实测】问/鹏/理/迪/米/蔚/尚/氪/奔 9车辅助驾驶深度体验,40983071508,296.75600,5,25,15138834,2026-09-06 12:39:04,1788669544,0,2c9b628f,2194278193845589248,说fsd的别逗我笑
BV15Xb86nEzv,117108709072765,【无广】9大辅助驾驶晚高峰实测！谁是真正的第一梯队？,凤凰车研所,2026-08-17 11:34:40,232731,1923,1,【无广实测】问/鹏/理/迪/米/蔚/尚/氪/奔 9车辅助驾驶深度体验,40983071508,498.18600,1,25,16777215,2026-09-06 10:04:48,1788660288,0,61aeceaa,2194200552463098368,白干了
BV15Xb86nEzv,117108709072765,【无广】9大辅助驾驶晚高峰实测！谁是真正的第一梯队？,凤凰车研所,2026-08-17 11:34:40,232731,1923,1,【无广实测】问/鹏/理/迪/米/蔚/尚/氪/奔 9车辅助驾驶深度体验,40983071508,409.67600,1,25,16777215,2026-09-06 10:03:16,1788660196,0,61aeceaa,2194199777515049216,尼玛，马路当客厅也是没谁了
BV15Xb86nEzv,117108709072765,【无广】9大辅助驾驶晚高峰实测！谁是真正的第一梯队？,凤凰车研所,2026-08-17 11:34:40,232731,1923,1,【无广实测】问/鹏/理/迪/米/蔚/尚/氪/奔 9车辅助驾驶深度体验,40983071508,824.67400,1,25,16777215,2026-09-06 09:31:21,1788658281,0,82a494ae,2194183708885121024,经典天使之眼的弯道有问题，真车
BV15Xb86nEzv,117108709072765,【无广】9大辅助驾驶晚高峰实测！谁是真正的第一梯队？,凤凰车研所,2026-08-17 11:34:40,232731,1923,1,【无广实测】问/鹏/理/迪/米/蔚/尚/氪/奔 9车辅助驾驶深度体验,40983071508,289.29600,1,25,16777215,2026-09-06 04:16:36,1788639396,0,373907ac,2194025290475808768,fsd能自己拐
BV15Xb86nEzv,117108709072765,【无广】9大辅助驾驶晚高峰实测！谁是真正的第一梯队？,凤凰车研所,2026-08-17 11:34:40,232731,1923,1,【无广实测】问/鹏/理/迪/米/蔚/尚/氪/奔 9车辅助驾驶深度体验,40983071508,18.02800,1,25,16777215,2026-09-06 04:06:50,1788638810,0,a0d881c7,2194020376135727872,批量产出统一形象？数字产线AI角色设计服务，让品牌IP更有记忆点。
BV15Xb86nEzv,117108709072765,【无广】9大辅助驾驶晚高峰实测！谁是真正的第一梯队？,凤凰车研所,2026-08-17 11:34:40,232731,1923,1,【无广实测】问/鹏/理/迪/米/蔚/尚/氪/奔 9车辅助驾驶深度体验,40983071508,192.71900,1,25,16777215,2026-09-06 03:15:27,1788635727,0,c9ffbb53,2193994515256636160,我避他。
BV15Xb86nEzv,117108709072765,【无广】9大辅助驾驶晚高峰实测！谁是真正的第一梯队？,凤凰车研所,2026-08-17 11:34:40,232731,1923,1,【无广实测】问/鹏/理/迪/米/蔚/尚/氪/奔 9车辅助驾驶深度体验,40983071508,25.95400,1,25,16777215,2026-09-06 02:59:42,1788634782,0,b8d801bf,2193986585279204096,敢来我大重庆吗?
BV15Xb86nEzv,117108709072765,【无广】9大辅助驾驶晚高峰实测！谁是真正的第一梯队？,凤凰车研所,2026-08-17 11:34:40,232731,1923,1,【无广实测】问/鹏/理/迪/米/蔚/尚/氪/奔 9车辅助驾驶深度体验,40983071508,867.47200,1,25,16777215,2026-09-06 01:23:02,1788628982,0,3ed03e80,2193937933608974336,瞭望塔布局看得远吧
BV15Xb86nEzv,117108709072765,【无广】9大辅助驾驶晚高峰实测！谁是真正的第一梯队？,凤凰车研所,2026-08-17 11:34:40,232731,1923,1,【无广实测】问/鹏/理/迪/米/蔚/尚/氪/奔 9车辅助驾驶深度体验,40983071508,244.33400,1,25,16777215,2026-09-06 01:12:18,1788628338,0,e0808925,2193932532528732928,这个车流也是幺幺零线了
BV15Xb86nEzv,117108709072765,【无广】9大辅助驾驶晚高峰实测！谁是真正的第一梯队？,凤凰车研所,2026-08-17 11:34:40,232731,1923,1,【无广实测】问/鹏/理/迪/米/蔚/尚/氪/奔 9车辅助驾驶深度体验,40983071508,151.55700,1,25,16777215,2026-09-06 00:14:53,1788624893,0,3ed03e80,2193903633832545792,哒哒哒~哒~哒
BV15Xb86nEzv,117108709072765,【无广】9大辅助驾驶晚高峰实测！谁是真正的第一梯队？,凤凰车研所,2026-08-17 11:34:40,232731,1923,1,【无广实测】问/鹏/理/迪/米/蔚/尚/氪/奔 9车辅助驾驶深度体验,40983071508,207.79400,1,25,16777215,2026-09-05 23:15:08,1788621308,0,edc9d2a7,2193873561025510656,买到正品小米辣
BV15Xb86nEzv,117108709072765,【无广】9大辅助驾驶晚高峰实测！谁是真正的第一梯队？,凤凰车研所,2026-08-17 11:34:40,232731,1923,1,【无广实测】问/鹏/理/迪/米/蔚/尚/氪/奔 9车辅助驾驶深度体验,40983071508,550.92800,1,25,16777215,2026-09-05 22:54:20,1788620060,0,186a7763,2193863091438077184,小米真的垃的稳定
BV15Xb86nEzv,117108709072765,【无广】9大辅助驾驶晚高峰实测！谁是真正的第一梯队？,凤凰车研所,2026-08-17 11:34:40,232731,1923,1,【无广实测】问/鹏/理/迪/米/蔚/尚/氪/奔 9车辅助驾驶深度体验,40983071508,17.40500,1,25,16777215,2026-09-05 22:28:27,1788618507,0,9bd84057,2193850062562862848,进来看看谁给钱给多
BV15Xb86nEzv,117108709072765,【无广】9大辅助驾驶晚高峰实测！谁是真正的第一梯队？,凤凰车研所,2026-08-17 11:34:40,232731,1923,1,【无广实测】问/鹏/理/迪/米/蔚/尚/氪/奔 9车辅助驾驶深度体验,40983071508,335.17400,1,25,16777215,2026-09-05 18:45:45,1788605145,0,98a8a6ad,2193737974670557440,别FSD了，国内上不了满血FSD
BV15Xb86nEzv,117108709072765,【无广】9大辅助驾驶晚高峰实测！谁是真正的第一梯队？,凤凰车研所,2026-08-17 11:34:40,232731,1923,1,【无广实测】问/鹏/理/迪/米/蔚/尚/氪/奔 9车辅助驾驶深度体验,40983071508,362.99800,1,25,16777215,2026-09-05 13:59:32,1788587972,0,52fb6057,2193593915578718208,momenta R6方案
BV15Xb86nEzv,117108709072765,【无广】9大辅助驾驶晚高峰实测！谁是真正的第一梯队？,凤凰车研所,2026-08-17 11:34:40,232731,1923,1,【无广实测】问/鹏/理/迪/米/蔚/尚/氪/奔 9车辅助驾驶深度体验,40983071508,77.31100,1,25,16777215,2026-09-05 13:45:22,1788587122,0,25210777,2193586789439349760,老版本测试有什么意义？
BV15Xb86nEzv,117108709072765,【无广】9大辅助驾驶晚高峰实测！谁是真正的第一梯队？,凤凰车研所,2026-08-17 11:34:40,232731,1923,1,【无广实测】问/鹏/理/迪/米/蔚/尚/氪/奔 9车辅助驾驶深度体验,40983071508,803.82600,1,25,16777215,2026-09-05 10:48:35,1788576515,0,cf6476e5,2193497809603744256,路况好我才开，路况不好开那玩意有点不放心
BV15Xb86nEzv,117108709072765,【无广】9大辅助驾驶晚高峰实测！谁是真正的第一梯队？,凤凰车研所,2026-08-17 11:34:40,232731,1923,1,【无广实测】问/鹏/理/迪/米/蔚/尚/氪/奔 9车辅助驾驶深度体验,40983071508,447.76000,1,25,16777215,2026-09-05 08:04:06,1788566646,0,5e275acc,2193415026298379008,日照条件完全不一样 不太能参考
BV15Xb86nEzv,117108709072765,【无广】9大辅助驾驶晚高峰实测！谁是真正的第一梯队？,凤凰车研所,2026-08-17 11:34:40,232731,1923,1,【无广实测】问/鹏/理/迪/米/蔚/尚/氪/奔 9车辅助驾驶深度体验,40983071508,13.06800,1,25,16777215,2026-09-05 07:49:09,1788565749,0,5e275acc,2193407497707308800,首先得是同一天同一个时段吧 这几个视频有的天黑有的天亮有可比性吗
BV15Xb86nEzv,117108709072765,【无广】9大辅助驾驶晚高峰实测！谁是真正的第一梯队？,凤凰车研所,2026-08-17 11:34:40,232731,1923,1,【无广实测】问/鹏/理/迪/米/蔚/尚/氪/奔 9车辅助驾驶深度体验,40983071508,497.77000,1,25,16777215,2026-09-05 07:18:20,1788563900,0,21d1280b,2193391988177946880,哈哈哈哈哈
BV15Xb86nEzv,117108709072765,【无广】9大辅助驾驶晚高峰实测！谁是真正的第一梯队？,凤凰车研所,2026-08-17 11:34:40,232731,1923,1,【无广实测】问/鹏/理/迪/米/蔚/尚/氪/奔 9车辅助驾驶深度体验,40983071508,346.81400,1,25,16777215,2026-09-05 00:43:53,1788540233,0,f4ed092c,2193193452450295296,fsd降维打击了
BV15Xb86nEzv,117108709072765,【无广】9大辅助驾驶晚高峰实测！谁是真正的第一梯队？,凤凰车研所,2026-08-17 11:34:40,232731,1923,1,【无广实测】问/鹏/理/迪/米/蔚/尚/氪/奔 9车辅助驾驶深度体验,40983071508,911.63600,1,25,16777215,2026-09-04 20:53:30,1788526410,0,f0aeac5a,2193077497561327104,路况也是最好的
BV15Xb86nEzv,117108709072765,【无广】9大辅助驾驶晚高峰实测！谁是真正的第一梯队？,凤凰车研所,2026-08-17 11:34:40,232731,1923,1,【无广实测】问/鹏/理/迪/米/蔚/尚/氪/奔 9车辅助驾驶深度体验,40983071508,178.50600,1,25,16777215,2026-09-04 19:35:51,1788521751,0,1d5517b2,2193038415011610624,卷卷有爷名23333
BV15Xb86nEzv,117108709072765,【无广】9大辅助驾驶晚高峰实测！谁是真正的第一梯队？,凤凰车研所,2026-08-17 11:34:40,232731,1923,1,【无广实测】问/鹏/理/迪/米/蔚/尚/氪/奔 9车辅助驾驶深度体验,40983071508,626.71000,1,25,16777215,2026-09-04 15:52:53,1788508373,0,d52624ca,2192926189411675904,广州路况还是太超标了
BV15Xb86nEzv,117108709072765,【无广】9大辅助驾驶晚高峰实测！谁是真正的第一梯队？,凤凰车研所,2026-08-17 11:34:40,232731,1923,1,【无广实测】问/鹏/理/迪/米/蔚/尚/氪/奔 9车辅助驾驶深度体验,40983071508,151.12800,1,25,16777215,2026-09-04 15:27:13,1788506833,0,4f04f53d,2192913275753125632,发挥稳定 符合刻板印象
BV15Xb86nEzv,117108709072765,【无广】9大辅助驾驶晚高峰实测！谁是真正的第一梯队？,凤凰车研所,2026-08-17 11:34:40,232731,1923,1,【无广实测】问/鹏/理/迪/米/蔚/尚/氪/奔 9车辅助驾驶深度体验,40983071508,96.74500,1,25,16777215,2026-09-04 15:00:16,1788505216,0,f10932df,2192899710284258048,法务在哪
BV15Xb86nEzv,117108709072765,【无广】9大辅助驾驶晚高峰实测！谁是真正的第一梯队？,凤凰车研所,2026-08-17 11:34:40,232731,1923,1,【无广实测】问/鹏/理/迪/米/蔚/尚/氪/奔 9车辅助驾驶深度体验,40983071508,413.36100,1,25,16777215,2026-09-04 14:56:51,1788505011,0,e2aa2dbe,2192897986953006336,贴脸打方向才是老司机
BV15Xb86nEzv,117108709072765,【无广】9大辅助驾驶晚高峰实测！谁是真正的第一梯队？,凤凰车研所,2026-08-17 11:34:40,232731,1923,1,【无广实测】问/鹏/理/迪/米/蔚/尚/氪/奔 9车辅助驾驶深度体验,40983071508,2.46100,1,25,16777215,2026-09-04 12:00:47,1788494447,0,d7eddf8e,2192809372777252352,"蔚来es8  为什么不是cedar1,5,5"
BV15Xb86nEzv,117108709072765,【无广】9大辅助驾驶晚高峰实测！谁是真正的第一梯队？,凤凰车研所,2026-08-17 11:34:40,232731,1923,1,【无广实测】问/鹏/理/迪/米/蔚/尚/氪/奔 9车辅助驾驶深度体验,40983071508,200.53000,1,25,16777215,2026-09-04 09:10:52,1788484252,0,4ecbb044,2192723848855380736,哈哈哈哈哈哈
BV15Xb86nEzv,117108709072765,【无广】9大辅助驾驶晚高峰实测！谁是真正的第一梯队？,凤凰车研所,2026-08-17 11:34:40,232731,1923,1,【无广实测】问/鹏/理/迪/米/蔚/尚/氪/奔 9车辅助驾驶深度体验,40983071508,1022.67200,1,25,16777215,2026-09-04 08:24:48,1788481488,0,a72d6052,2192700662575083520,千里冒汗
BV15Xb86nEzv,117108709072765,【无广】9大辅助驾驶晚高峰实测！谁是真正的第一梯队？,凤凰车研所,2026-08-17 11:34:40,232731,1923,1,【无广实测】问/鹏/理/迪/米/蔚/尚/氪/奔 9车辅助驾驶深度体验,40983071508,794.81700,1,25,16777215,2026-09-04 03:17:49,1788463069,0,903a8833,2192546154431653632,前车车距都有300米了，限速80开65，说不过去
BV15Xb86nEzv,117108709072765,【无广】9大辅助驾驶晚高峰实测！谁是真正的第一梯队？,凤凰车研所,2026-08-17 11:34:40,232731,1923,1,【无广实测】问/鹏/理/迪/米/蔚/尚/氪/奔 9车辅助驾驶深度体验,40983071508,855.16000,1,25,16777215,2026-09-03 23:21:57,1788448917,0,1428e71e,2192427442542005248,汉唐l的智能驾驶能力远比视频高。
BV15Xb86nEzv,117108709072765,【无广】9大辅助驾驶晚高峰实测！谁是真正的第一梯队？,凤凰车研所,2026-08-17 11:34:40,232731,1923,1,【无广实测】问/鹏/理/迪/米/蔚/尚/氪/奔 9车辅助驾驶深度体验,40983071508,827.04600,1,25,16777215,2026-09-03 23:21:05,1788448865,0,1428e71e,2192427003759188224,比亚迪汉l显示的不是想向右变道吗？
BV15Xb86nEzv,117108709072765,【无广】9大辅助驾驶晚高峰实测！谁是真正的第一梯队？,凤凰车研所,2026-08-17 11:34:40,232731,1923,1,【无广实测】问/鹏/理/迪/米/蔚/尚/氪/奔 9车辅助驾驶深度体验,40983071508,243.24200,1,25,16777215,2026-09-03 22:21:30,1788445290,0,cc9f16af,2192397018050704384,都1.17了。你咋还在1.15？
BV15Xb86nEzv,117108709072765,【无广】9大辅助驾驶晚高峰实测！谁是真正的第一梯队？,凤凰车研所,2026-08-17 11:34:40,232731,1923,1,【无广实测】问/鹏/理/迪/米/蔚/尚/氪/奔 9车辅助驾驶深度体验,40983071508,724.18900,1,25,16777215,2026-09-03 21:54:28,1788443668,0,85b8363,2192383411661634560,问界这中间是干啥了3次接管？
BV15Xb86nEzv,117108709072765,【无广】9大辅助驾驶晚高峰实测！谁是真正的第一梯队？,凤凰车研所,2026-08-17 11:34:40,232731,1923,1,【无广实测】问/鹏/理/迪/米/蔚/尚/氪/奔 9车辅助驾驶深度体验,40983071508,284.01000,1,25,16777215,2026-09-03 21:46:28,1788443188,0,85b8363,2192379377487678208,小鹏没上来。在底下呢
BV15Xb86nEzv,117108709072765,【无广】9大辅助驾驶晚高峰实测！谁是真正的第一梯队？,凤凰车研所,2026-08-17 11:34:40,232731,1923,1,【无广实测】问/鹏/理/迪/米/蔚/尚/氪/奔 9车辅助驾驶深度体验,40983071508,134.05200,1,25,16777215,2026-09-03 21:43:46,1788443026,0,85b8363,2192378022752642560,千里冒汗名不虚传
BV15Xb86nEzv,117108709072765,【无广】9大辅助驾驶晚高峰实测！谁是真正的第一梯队？,凤凰车研所,2026-08-17 11:34:40,232731,1923,1,【无广实测】问/鹏/理/迪/米/蔚/尚/氪/奔 9车辅助驾驶深度体验,40983071508,92.55000,1,25,16777215,2026-09-03 21:42:50,1788442970,0,85b8363,2192377553636616192,车是奔驰，左上角比亚迪？
BV15Xb86nEzv,117108709072765,【无广】9大辅助驾驶晚高峰实测！谁是真正的第一梯队？,凤凰车研所,2026-08-17 11:34:40,232731,1923,1,【无广实测】问/鹏/理/迪/米/蔚/尚/氪/奔 9车辅助驾驶深度体验,40983071508,878.92900,1,25,16777215,2026-09-03 20:27:33,1788438453,0,8aae2198,2192339665514799872,保持领先
BV15Xb86nEzv,117108709072765,【无广】9大辅助驾驶晚高峰实测！谁是真正的第一梯队？,凤凰车研所,2026-08-17 11:34:40,232731,1923,1,【无广实测】问/鹏/理/迪/米/蔚/尚/氪/奔 9车辅助驾驶深度体验,40983071508,10.39300,1,25,16777215,2026-09-03 20:12:22,1788437542,0,8aae2198,2192332016522246912,各方辩手有序入场
BV15Xb86nEzv,117108709072765,【无广】9大辅助驾驶晚高峰实测！谁是真正的第一梯队？,凤凰车研所,2026-08-17 11:34:40,232731,1923,1,【无广实测】问/鹏/理/迪/米/蔚/尚/氪/奔 9车辅助驾驶深度体验,40983071508,455.44000,1,25,16777215,2026-09-03 19:26:20,1788434780,0,24707023,2192308850526003200,小鹏总是走错路
BV15Xb86nEzv,117108709072765,【无广】9大辅助驾驶晚高峰实测！谁是真正的第一梯队？,凤凰车研所,2026-08-17 11:34:40,232731,1923,1,【无广实测】问/鹏/理/迪/米/蔚/尚/氪/奔 9车辅助驾驶深度体验,40983071508,892.42200,1,25,16777215,2026-09-03 18:42:37,1788432157,0,7f7d6bf7,2192286844312784128,5.0比4.1又进步很多
BV15Xb86nEzv,117108709072765,【无广】9大辅助驾驶晚高峰实测！谁是真正的第一梯队？,凤凰车研所,2026-08-17 11:34:40,232731,1923,1,【无广实测】问/鹏/理/迪/米/蔚/尚/氪/奔 9车辅助驾驶深度体验,40983071508,503.39800,1,25,16777215,2026-09-03 18:36:06,1788431766,0,7f7d6bf7,2192283570297417472,满头大汗
BV15Xb86nEzv,117108709072765,【无广】9大辅助驾驶晚高峰实测！谁是真正的第一梯队？,凤凰车研所,2026-08-17 11:34:40,232731,1923,1,【无广实测】问/鹏/理/迪/米/蔚/尚/氪/奔 9车辅助驾驶深度体验,40983071508,265.08100,1,25,16777215,2026-09-03 18:31:58,1788431518,0,7f7d6bf7,2192281489629195776,买特斯拉
BV15Xb86nEzv,117108709072765,【无广】9大辅助驾驶晚高峰实测！谁是真正的第一梯队？,凤凰车研所,2026-08-17 11:34:40,232731,1923,1,【无广实测】问/鹏/理/迪/米/蔚/尚/氪/奔 9车辅助驾驶深度体验,40983071508,133.29800,1,25,16777215,2026-09-03 18:29:47,1788431387,0,7f7d6bf7,2192280383792763648,不愧是千里冒汗
BV15Xb86nEzv,117108709072765,【无广】9大辅助驾驶晚高峰实测！谁是真正的第一梯队？,凤凰车研所,2026-08-17 11:34:40,232731,1923,1,【无广实测】问/鹏/理/迪/米/蔚/尚/氪/奔 9车辅助驾驶深度体验,40983071508,838.04600,1,25,16777215,2026-09-03 15:23:45,1788420225,0,d6393329,2192186755183385344,你说这话？是在反驳大嘴的睡觉论吗？大胆！！！！
BV15Xb86nEzv,117108709072765,【无广】9大辅助驾驶晚高峰实测！谁是真正的第一梯队？,凤凰车研所,2026-08-17 11:34:40,232731,1923,1,【无广实测】问/鹏/理/迪/米/蔚/尚/氪/奔 9车辅助驾驶深度体验,40983071508,882.28100,1,25,16777215,2026-09-03 15:13:52,1788419632,0,a5b84ce1,2192181775513118976,现在都ads5.0了，能追上吗
BV15Xb86nEzv,117108709072765,【无广】9大辅助驾驶晚高峰实测！谁是真正的第一梯队？,凤凰车研所,2026-08-17 11:34:40,232731,1923,1,【无广实测】问/鹏/理/迪/米/蔚/尚/氪/奔 9车辅助驾驶深度体验,40983071508,882.97200,1,25,16777215,2026-09-03 15:13:31,1788419611,0,a5b84ce1,2192181605660564736,友商不顶用啊，把华子智驾干涨价了
BV15Xb86nEzv,117108709072765,【无广】9大辅助驾驶晚高峰实测！谁是真正的第一梯队？,凤凰车研所,2026-08-17 11:34:40,232731,1923,1,【无广实测】问/鹏/理/迪/米/蔚/尚/氪/奔 9车辅助驾驶深度体验,40983071508,851.28900,1,25,16777215,2026-09-03 15:12:19,1788419539,0,a5b84ce1,2192180998233077504,小米是因为之前不把安全当回事，出事故了才把智驾限制的保守了，保守到刹停了当然不容易出错
BV15Xb86nEzv,117108709072765,【无广】9大辅助驾驶晚高峰实测！谁是真正的第一梯队？,凤凰车研所,2026-08-17 11:34:40,232731,1923,1,【无广实测】问/鹏/理/迪/米/蔚/尚/氪/奔 9车辅助驾驶深度体验,40983071508,797.39700,1,25,16777215,2026-09-03 15:10:21,1788419421,0,a5b84ce1,2192180013099951872,蔚来的智驾还不够强
BV15Xb86nEzv,117108709072765,【无广】9大辅助驾驶晚高峰实测！谁是真正的第一梯队？,凤凰车研所,2026-08-17 11:34:40,232731,1923,1,【无广实测】问/鹏/理/迪/米/蔚/尚/氪/奔 9车辅助驾驶深度体验,40983071508,892.94500,1,25,16777215,2026-09-03 12:21:26,1788409286,0,6af9a69b,2192094995078030848,这路我都不想开
BV15Xb86nEzv,117108709072765,【无广】9大辅助驾驶晚高峰实测！谁是真正的第一梯队？,凤凰车研所,2026-08-17 11:34:40,232731,1923,1,【无广实测】问/鹏/理/迪/米/蔚/尚/氪/奔 9车辅助驾驶深度体验,40983071508,824.92500,1,25,16777215,2026-09-03 12:20:11,1788409211,0,6af9a69b,2192094365462779648,真实，匝道不减速
BV15Xb86nEzv,117108709072765,【无广】9大辅助驾驶晚高峰实测！谁是真正的第一梯队？,凤凰车研所,2026-08-17 11:34:40,232731,1923,1,【无广实测】问/鹏/理/迪/米/蔚/尚/氪/奔 9车辅助驾驶深度体验,40983071508,748.80500,1,25,16777215,2026-09-03 12:18:46,1788409126,0,6af9a69b,2192093647708308480,天神B的钛3车主表示只用车道巡航……
BV15Xb86nEzv,117108709072765,【无广】9大辅助驾驶晚高峰实测！谁是真正的第一梯队？,凤凰车研所,2026-08-17 11:34:40,232731,1923,1,【无广实测】问/鹏/理/迪/米/蔚/尚/氪/奔 9车辅助驾驶深度体验,40983071508,125.24000,1,25,16777215,2026-09-03 11:35:59,1788406559,0,26842c9d,2192072114453516032,小米变道，特别是高速变道，总喜欢贴着隔壁第三条道的车变过去，就很吓人
BV15Xb86nEzv,117108709072765,【无广】9大辅助驾驶晚高峰实测！谁是真正的第一梯队？,凤凰车研所,2026-08-17 11:34:40,232731,1923,1,【无广实测】问/鹏/理/迪/米/蔚/尚/氪/奔 9车辅助驾驶深度体验,40983071508,1022.44000,5,25,16777215,2026-09-03 11:04:56,1788404696,0,1c76479b,2192056486636363776,依旧千里冒汗
BV15Xb86nEzv,117108709072765,【无广】9大辅助驾驶晚高峰实测！谁是真正的第一梯队？,凤凰车研所,2026-08-17 11:34:40,232731,1923,1,【无广实测】问/鹏/理/迪/米/蔚/尚/氪/奔 9车辅助驾驶深度体验,40983071508,507.00000,1,25,16777215,2026-09-03 10:55:59,1788404159,0,1c76479b,2192051981777580288,依旧千里冒汗
BV15Xb86nEzv,117108709072765,【无广】9大辅助驾驶晚高峰实测！谁是真正的第一梯队？,凤凰车研所,2026-08-17 11:34:40,232731,1923,1,【无广实测】问/鹏/理/迪/米/蔚/尚/氪/奔 9车辅助驾驶深度体验,40983071508,131.85700,5,25,16777215,2026-09-03 10:49:16,1788403756,0,1c76479b,2192048598090056704,依旧千里冒汗
BV15Xb86nEzv,117108709072765,【无广】9大辅助驾驶晚高峰实测！谁是真正的第一梯队？,凤凰车研所,2026-08-17 11:34:40,232731,1923,1,【无广实测】问/鹏/理/迪/米/蔚/尚/氪/奔 9车辅助驾驶深度体验,40983071508,124.30800,1,25,16777215,2026-09-03 09:52:49,1788400369,0,40e7d65d,2192020192250000384,？
BV15Xb86nEzv,117108709072765,【无广】9大辅助驾驶晚高峰实测！谁是真正的第一梯队？,凤凰车研所,2026-08-17 11:34:40,232731,1923,1,【无广实测】问/鹏/理/迪/米/蔚/尚/氪/奔 9车辅助驾驶深度体验,40983071508,833.69600,1,25,16777215,2026-09-03 09:33:32,1788399212,0,393efb74,2192010480456089344,别特么扯，那种湾超过60都比较危险
BV15Xb86nEzv,117108709072765,【无广】9大辅助驾驶晚高峰实测！谁是真正的第一梯队？,凤凰车研所,2026-08-17 11:34:40,232731,1923,1,【无广实测】问/鹏/理/迪/米/蔚/尚/氪/奔 9车辅助驾驶深度体验,40983071508,953.28700,1,25,16777215,2026-09-03 06:54:29,1788389669,0,fc733d9f,2191930434001449984,i8这个氛围灯这么好看
BV15Xb86nEzv,117108709072765,【无广】9大辅助驾驶晚高峰实测！谁是真正的第一梯队？,凤凰车研所,2026-08-17 11:34:40,232731,1923,1,【无广实测】问/鹏/理/迪/米/蔚/尚/氪/奔 9车辅助驾驶深度体验,40983071508,500.01000,1,25,16777215,2026-09-03 06:47:37,1788389257,0,fc733d9f,2191926975353097728,难绷
BV15Xb86nEzv,117108709072765,【无广】9大辅助驾驶晚高峰实测！谁是真正的第一梯队？,凤凰车研所,2026-08-17 11:34:40,232731,1923,1,【无广实测】问/鹏/理/迪/米/蔚/尚/氪/奔 9车辅助驾驶深度体验,40983071508,412.94200,1,25,16777215,2026-09-02 23:23:54,1788362634,0,9bc4920c,2191703645014800384,跟马路上坐着聊天？？？
BV15Xb86nEzv,117108709072765,【无广】9大辅助驾驶晚高峰实测！谁是真正的第一梯队？,凤凰车研所,2026-08-17 11:34:40,232731,1923,1,【无广实测】问/鹏/理/迪/米/蔚/尚/氪/奔 9车辅助驾驶深度体验,40983071508,25.98000,1,25,16777215,2026-09-02 21:45:28,1788356728,0,f8a0e579,2191654099027162880,特斯拉呢
BV15Xb86nEzv,117108709072765,【无广】9大辅助驾驶晚高峰实测！谁是真正的第一梯队？,凤凰车研所,2026-08-17 11:34:40,232731,1923,1,【无广实测】问/鹏/理/迪/米/蔚/尚/氪/奔 9车辅助驾驶深度体验,40983071508,810.65300,1,25,16777215,2026-09-02 20:48:03,1788353283,0,cc66116f,2191625206706800640,纯视觉还是有硬伤
BV15Xb86nEzv,117108709072765,【无广】9大辅助驾驶晚高峰实测！谁是真正的第一梯队？,凤凰车研所,2026-08-17 11:34:40,232731,1923,1,【无广实测】问/鹏/理/迪/米/蔚/尚/氪/奔 9车辅助驾驶深度体验,40983071508,670.36200,1,25,16777215,2026-09-02 20:47:08,1788353228,0,6b8ec5a,2191624746163541760,怪的，我的R7就很正常选条最近的就进去了
BV15Xb86nEzv,117108709072765,【无广】9大辅助驾驶晚高峰实测！谁是真正的第一梯队？,凤凰车研所,2026-08-17 11:34:40,232731,1923,1,【无广实测】问/鹏/理/迪/米/蔚/尚/氪/奔 9车辅助驾驶深度体验,40983071508,155.48300,1,25,16777215,2026-09-02 20:11:42,1788351102,0,32ce5c5d,2191606904751867904,哈哈哈
BV15Xb86nEzv,117108709072765,【无广】9大辅助驾驶晚高峰实测！谁是真正的第一梯队？,凤凰车研所,2026-08-17 11:34:40,232731,1923,1,【无广实测】问/鹏/理/迪/米/蔚/尚/氪/奔 9车辅助驾驶深度体验,40983071508,676.94400,1,25,16777215,2026-09-02 20:01:13,1788350473,0,f2af56a9,2191601630851078912,华为好像etc要自己开的
BV15Xb86nEzv,117108709072765,【无广】9大辅助驾驶晚高峰实测！谁是真正的第一梯队？,凤凰车研所,2026-08-17 11:34:40,232731,1923,1,【无广实测】问/鹏/理/迪/米/蔚/尚/氪/奔 9车辅助驾驶深度体验,40983071508,656.78400,1,25,16777215,2026-09-02 20:00:41,1788350441,0,f2af56a9,2191601362650620416,华为还需要问吗？
BV15Xb86nEzv,117108709072765,【无广】9大辅助驾驶晚高峰实测！谁是真正的第一梯队？,凤凰车研所,2026-08-17 11:34:40,232731,1923,1,【无广实测】问/鹏/理/迪/米/蔚/尚/氪/奔 9车辅助驾驶深度体验,40983071508,254.46100,1,25,16777215,2026-09-02 19:05:44,1788347144,0,147deced,2191573702892760832,也有运气成分
BV15Xb86nEzv,117108709072765,【无广】9大辅助驾驶晚高峰实测！谁是真正的第一梯队？,凤凰车研所,2026-08-17 11:34:40,232731,1923,1,【无广实测】问/鹏/理/迪/米/蔚/尚/氪/奔 9车辅助驾驶深度体验,40983071508,116.90200,1,25,16777215,2026-09-02 19:03:02,1788346982,0,147deced,2191572349424493824,这种动作在上海算加塞违章
BV15Xb86nEzv,117108709072765,【无广】9大辅助驾驶晚高峰实测！谁是真正的第一梯队？,凤凰车研所,2026-08-17 11:34:40,232731,1923,1,【无广实测】问/鹏/理/迪/米/蔚/尚/氪/奔 9车辅助驾驶深度体验,40983071508,334.75700,1,25,16777215,2026-09-02 18:35:30,1788345330,0,c86886b5,2191558491771577600,说测试FSD的请先贡献出3本驾驶证，不然不够扣分的。
BV15Xb86nEzv,117108709072765,【无广】9大辅助驾驶晚高峰实测！谁是真正的第一梯队？,凤凰车研所,2026-08-17 11:34:40,232731,1923,1,【无广实测】问/鹏/理/迪/米/蔚/尚/氪/奔 9车辅助驾驶深度体验,40983071508,133.10000,1,25,16777215,2026-09-02 17:37:24,1788341844,0,634a6f28,2191529245023779328,千里冒汗
BV15Xb86nEzv,117108709072765,【无广】9大辅助驾驶晚高峰实测！谁是真正的第一梯队？,凤凰车研所,2026-08-17 11:34:40,232731,1923,1,【无广实测】问/鹏/理/迪/米/蔚/尚/氪/奔 9车辅助驾驶深度体验,40983071508,478.10500,1,25,16777215,2026-09-02 17:18:17,1788340697,0,31d6a5fe,2191519627786891008,鸿蒙智驾还是太超模了
BV15Xb86nEzv,117108709072765,【无广】9大辅助驾驶晚高峰实测！谁是真正的第一梯队？,凤凰车研所,2026-08-17 11:34:40,232731,1923,1,【无广实测】问/鹏/理/迪/米/蔚/尚/氪/奔 9车辅助驾驶深度体验,40983071508,302.85500,1,25,16777215,2026-09-02 17:15:20,1788340520,0,31d6a5fe,2191518137911462144,交通管制没办法的，他又看不懂交警手势
BV15Xb86nEzv,117108709072765,【无广】9大辅助驾驶晚高峰实测！谁是真正的第一梯队？,凤凰车研所,2026-08-17 11:34:40,232731,1923,1,【无广实测】问/鹏/理/迪/米/蔚/尚/氪/奔 9车辅助驾驶深度体验,40983071508,261.11600,1,25,16777215,2026-09-02 14:51:20,1788331880,0,212cd675,2191445661235885056,第四梯队超常发挥
BV15Xb86nEzv,117108709072765,【无广】9大辅助驾驶晚高峰实测！谁是真正的第一梯队？,凤凰车研所,2026-08-17 11:34:40,232731,1923,1,【无广实测】问/鹏/理/迪/米/蔚/尚/氪/奔 9车辅助驾驶深度体验,40983071508,186.40000,1,25,16777215,2026-09-02 14:50:05,1788331805,0,212cd675,2191445034841927680,第四梯队的果然还行
BV15Xb86nEzv,117108709072765,【无广】9大辅助驾驶晚高峰实测！谁是真正的第一梯队？,凤凰车研所,2026-08-17 11:34:40,232731,1923,1,【无广实测】问/鹏/理/迪/米/蔚/尚/氪/奔 9车辅助驾驶深度体验,40983071508,305.94300,1,25,16777215,2026-09-02 14:46:08,1788331568,0,657af446,2191443048083980544,公交车道走错道但还是能通过路口的
BV15Xb86nEzv,117108709072765,【无广】9大辅助驾驶晚高峰实测！谁是真正的第一梯队？,凤凰车研所,2026-08-17 11:34:40,232731,1923,1,【无广实测】问/鹏/理/迪/米/蔚/尚/氪/奔 9车辅助驾驶深度体验,40983071508,507.78100,1,25,16777215,2026-09-02 14:36:02,1788330962,0,55216663,2191437960946660096,极氪这么拉的吗
BV15Xb86nEzv,117108709072765,【无广】9大辅助驾驶晚高峰实测！谁是真正的第一梯队？,凤凰车研所,2026-08-17 11:34:40,232731,1923,1,【无广实测】问/鹏/理/迪/米/蔚/尚/氪/奔 9车辅助驾驶深度体验,40983071508,150.74700,1,25,16777215,2026-09-02 14:29:27,1788330567,0,55216663,2191434652052172544,管它呢，想怎么开就怎么开
BV15Xb86nEzv,117108709072765,【无广】9大辅助驾驶晚高峰实测！谁是真正的第一梯队？,凤凰车研所,2026-08-17 11:34:40,232731,1923,1,【无广实测】问/鹏/理/迪/米/蔚/尚/氪/奔 9车辅助驾驶深度体验,40983071508,216.12300,1,25,16777215,2026-09-02 12:45:11,1788324311,0,8fc99d0a,2191382167777743872,算法永远赶不上人脑
BV15Xb86nEzv,117108709072765,【无广】9大辅助驾驶晚高峰实测！谁是真正的第一梯队？,凤凰车研所,2026-08-17 11:34:40,232731,1923,1,【无广实测】问/鹏/理/迪/米/蔚/尚/氪/奔 9车辅助驾驶深度体验,40983071508,1031.33300,1,25,16777215,2026-09-02 12:36:19,1788323779,0,372ec10d,2191377707555417856,总结：辅助驾驶并没有拉开显著差异
BV15Xb86nEzv,117108709072765,【无广】9大辅助驾驶晚高峰实测！谁是真正的第一梯队？,凤凰车研所,2026-08-17 11:34:40,232731,1923,1,【无广实测】问/鹏/理/迪/米/蔚/尚/氪/奔 9车辅助驾驶深度体验,40983071508,254.46000,1,25,16777215,2026-09-02 12:22:07,1788322927,0,372ec10d,2191370559236670208,说了是体验报告  测试不严谨 拉踩就没意思了
BV15Xb86nEzv,117108709072765,【无广】9大辅助驾驶晚高峰实测！谁是真正的第一梯队？,凤凰车研所,2026-08-17 11:34:40,232731,1923,1,【无广实测】问/鹏/理/迪/米/蔚/尚/氪/奔 9车辅助驾驶深度体验,40983071508,231.25000,1,25,16777215,2026-09-02 12:04:36,1788321876,0,b3b8b1ad,2191361741684805376,极氪的臭毛病，转弯永远转大弯侵入别人的车道
BV15Xb86nEzv,117108709072765,【无广】9大辅助驾驶晚高峰实测！谁是真正的第一梯队？,凤凰车研所,2026-08-17 11:34:40,232731,1923,1,【无广实测】问/鹏/理/迪/米/蔚/尚/氪/奔 9车辅助驾驶深度体验,40983071508,597.28300,1,25,16777215,2026-09-02 10:58:22,1788317902,0,7b78a2c7,2191328409097955840,这行人都不看红绿灯的吗？
BV15Xb86nEzv,117108709072765,【无广】9大辅助驾驶晚高峰实测！谁是真正的第一梯队？,凤凰车研所,2026-08-17 11:34:40,232731,1923,1,【无广实测】问/鹏/理/迪/米/蔚/尚/氪/奔 9车辅助驾驶深度体验,40983071508,388.20100,1,25,16777215,2026-09-02 10:54:32,1788317672,0,7b78a2c7,2191326480288793856,这路人开都一肚子气了。
BV15Xb86nEzv,117108709072765,【无广】9大辅助驾驶晚高峰实测！谁是真正的第一梯队？,凤凰车研所,2026-08-17 11:34:40,232731,1923,1,【无广实测】问/鹏/理/迪/米/蔚/尚/氪/奔 9车辅助驾驶深度体验,40983071508,1077.24700,1,25,16777215,2026-09-02 09:49:15,1788313755,0,31e59bc6,2191293615618955776,前面的是不是分不清必要条件和充分条件？
BV15Xb86nEzv,117108709072765,【无广】9大辅助驾驶晚高峰实测！谁是真正的第一梯队？,凤凰车研所,2026-08-17 11:34:40,232731,1923,1,【无广实测】问/鹏/理/迪/米/蔚/尚/氪/奔 9车辅助驾驶深度体验,40983071508,450.13300,1,25,16777215,2026-09-02 01:43:48,1788284628,0,a7a086dd,2191049285934816768,已取餐
BV15Xb86nEzv,117108709072765,【无广】9大辅助驾驶晚高峰实测！谁是真正的第一梯队？,凤凰车研所,2026-08-17 11:34:40,232731,1923,1,【无广实测】问/鹏/理/迪/米/蔚/尚/氪/奔 9车辅助驾驶深度体验,40983071508,354.43100,1,25,16777215,2026-09-02 01:41:58,1788284518,0,a7a086dd,2191048357710129920,已取餐
BV15Xb86nEzv,117108709072765,【无广】9大辅助驾驶晚高峰实测！谁是真正的第一梯队？,凤凰车研所,2026-08-17 11:34:40,232731,1923,1,【无广实测】问/鹏/理/迪/米/蔚/尚/氪/奔 9车辅助驾驶深度体验,40983071508,189.52300,1,25,16777215,2026-09-01 23:47:21,1788277641,0,d140a95e,2190990671660758784,敢加塞我，撞他妹的
BV15Xb86nEzv,117108709072765,【无广】9大辅助驾驶晚高峰实测！谁是真正的第一梯队？,凤凰车研所,2026-08-17 11:34:40,232731,1923,1,【无广实测】问/鹏/理/迪/米/蔚/尚/氪/奔 9车辅助驾驶深度体验,40983071508,190.49800,1,25,16777215,2026-09-01 22:19:17,1788272357,0,a9157ed1,2190946349628206336,有兜底~怎么了？羡慕？
BV15Xb86nEzv,117108709072765,【无广】9大辅助驾驶晚高峰实测！谁是真正的第一梯队？,凤凰车研所,2026-08-17 11:34:40,232731,1923,1,【无广实测】问/鹏/理/迪/米/蔚/尚/氪/奔 9车辅助驾驶深度体验,40983071508,305.45100,1,25,16777215,2026-09-01 20:57:32,1788267452,0,b1a6a89d,2190905198279879168,这商单太明显了吧
BV15Xb86nEzv,117108709072765,【无广】9大辅助驾驶晚高峰实测！谁是真正的第一梯队？,凤凰车研所,2026-08-17 11:34:40,232731,1923,1,【无广实测】问/鹏/理/迪/米/蔚/尚/氪/奔 9车辅助驾驶深度体验,40983071508,242.44900,1,25,16777215,2026-09-01 20:07:36,1788264456,0,162dea36,2190880066261912576,看懂了
BV15Xb86nEzv,117108709072765,【无广】9大辅助驾驶晚高峰实测！谁是真正的第一梯队？,凤凰车研所,2026-08-17 11:34:40,232731,1923,1,【无广实测】问/鹏/理/迪/米/蔚/尚/氪/奔 9车辅助驾驶深度体验,40983071508,309.18900,1,25,16777215,2026-09-01 20:04:19,1788264259,0,fdc37aaa,2190878418378677760,小米刚才接管怎么没记录
BV15Xb86nEzv,117108709072765,【无广】9大辅助驾驶晚高峰实测！谁是真正的第一梯队？,凤凰车研所,2026-08-17 11:34:40,232731,1923,1,【无广实测】问/鹏/理/迪/米/蔚/尚/氪/奔 9车辅助驾驶深度体验,40983071508,826.39900,1,25,16777215,2026-09-01 19:03:36,1788260616,0,4869d365,2190847856179841792,这个弯急吗？？
BV15Xb86nEzv,117108709072765,【无广】9大辅助驾驶晚高峰实测！谁是真正的第一梯队？,凤凰车研所,2026-08-17 11:34:40,232731,1923,1,【无广实测】问/鹏/理/迪/米/蔚/尚/氪/奔 9车辅助驾驶深度体验,40983071508,710.94200,1,25,16777215,2026-09-01 18:55:17,1788260117,0,e4ad7bf2,2190843671472475648,ads的是你保险不够赔了才起效
BV15Xb86nEzv,117108709072765,【无广】9大辅助驾驶晚高峰实测！谁是真正的第一梯队？,凤凰车研所,2026-08-17 11:34:40,232731,1923,1,【无广实测】问/鹏/理/迪/米/蔚/尚/氪/奔 9车辅助驾驶深度体验,40983071508,152.68900,1,25,16777215,2026-09-01 18:43:05,1788259385,0,8c8e6145,2190837532512736768,买到正品了
BV15Xb86nEzv,117108709072765,【无广】9大辅助驾驶晚高峰实测！谁是真正的第一梯队？,凤凰车研所,2026-08-17 11:34:40,232731,1923,1,【无广实测】问/鹏/理/迪/米/蔚/尚/氪/奔 9车辅助驾驶深度体验,40983071508,640.50800,1,25,16777215,2026-09-01 16:55:17,1788252917,0,c22a06eb,2190783269300743424,还是罚款罚太少了
BV15Xb86nEzv,117108709072765,【无广】9大辅助驾驶晚高峰实测！谁是真正的第一梯队？,凤凰车研所,2026-08-17 11:34:40,232731,1923,1,【无广实测】问/鹏/理/迪/米/蔚/尚/氪/奔 9车辅助驾驶深度体验,40983071508,811.80500,1,25,16777215,2026-09-01 16:51:57,1788252717,0,567cc1ab,2190781595798779392,小鹏近视眼
BV15Xb86nEzv,117108709072765,【无广】9大辅助驾驶晚高峰实测！谁是真正的第一梯队？,凤凰车研所,2026-08-17 11:34:40,232731,1923,1,【无广实测】问/鹏/理/迪/米/蔚/尚/氪/奔 9车辅助驾驶深度体验,40983071508,416.99700,1,25,16777215,2026-09-01 16:49:22,1788252562,0,22392652,2190780295236902656,郑州属实是地狱难度
BV15Xb86nEzv,117108709072765,【无广】9大辅助驾驶晚高峰实测！谁是真正的第一梯队？,凤凰车研所,2026-08-17 11:34:40,232731,1923,1,【无广实测】问/鹏/理/迪/米/蔚/尚/氪/奔 9车辅助驾驶深度体验,40983071508,45.26000,1,25,16777215,2026-09-01 15:46:04,1788248764,0,d072836d,2190748438247971072,特斯拉？先不闯红灯吧
BV15Xb86nEzv,117108709072765,【无广】9大辅助驾驶晚高峰实测！谁是真正的第一梯队？,凤凰车研所,2026-08-17 11:34:40,232731,1923,1,【无广实测】问/鹏/理/迪/米/蔚/尚/氪/奔 9车辅助驾驶深度体验,40983071508,497.92800,1,25,16777215,2026-09-01 15:29:25,1788247765,0,76960a94,2190740051770967296,尬住了
BV15Xb86nEzv,117108709072765,【无广】9大辅助驾驶晚高峰实测！谁是真正的第一梯队？,凤凰车研所,2026-08-17 11:34:40,232731,1923,1,【无广实测】问/鹏/理/迪/米/蔚/尚/氪/奔 9车辅助驾驶深度体验,40983071508,244.59600,1,25,16777215,2026-09-01 12:56:20,1788238580,0,636fe73e,2190663006986615296,什么眼 什么汗？
BV15Xb86nEzv,117108709072765,【无广】9大辅助驾驶晚高峰实测！谁是真正的第一梯队？,凤凰车研所,2026-08-17 11:34:40,232731,1923,1,【无广实测】问/鹏/理/迪/米/蔚/尚/氪/奔 9车辅助驾驶深度体验,40983071508,163.31700,1,25,16777215,2026-09-01 11:58:08,1788235088,0,c5f1ab11,2190633711207887104,终于解密了，原来是理想车教的司机这么开
BV15Xb86nEzv,117108709072765,【无广】9大辅助驾驶晚高峰实测！谁是真正的第一梯队？,凤凰车研所,2026-08-17 11:34:40,232731,1923,1,【无广实测】问/鹏/理/迪/米/蔚/尚/氪/奔 9车辅助驾驶深度体验,40983071508,342.15400,1,25,16777215,2026-09-01 09:39:10,1788226750,0,ed94ef13,2190563769736764928,这里面只有问界的智驾需要单独购买
BV15Xb86nEzv,117108709072765,【无广】9大辅助驾驶晚高峰实测！谁是真正的第一梯队？,凤凰车研所,2026-08-17 11:34:40,232731,1923,1,【无广实测】问/鹏/理/迪/米/蔚/尚/氪/奔 9车辅助驾驶深度体验,40983071508,536.30900,1,25,16777215,2026-09-01 09:37:53,1788226673,0,494fa1d2,2190563123168506624,这些路实在是够烂的
BV15Xb86nEzv,117108709072765,【无广】9大辅助驾驶晚高峰实测！谁是真正的第一梯队？,凤凰车研所,2026-08-17 11:34:40,232731,1923,1,【无广实测】问/鹏/理/迪/米/蔚/尚/氪/奔 9车辅助驾驶深度体验,40983071508,960.35300,1,25,16777215,2026-09-01 05:02:12,1788210132,0,f553a1fb,2190424363655366656,不要说什么其他的车大，新P7车宽197，没比他们窄多少
BV15Xb86nEzv,117108709072765,【无广】9大辅助驾驶晚高峰实测！谁是真正的第一梯队？,凤凰车研所,2026-08-17 11:34:40,232731,1923,1,【无广实测】问/鹏/理/迪/米/蔚/尚/氪/奔 9车辅助驾驶深度体验,40983071508,322.26300,1,25,16777215,2026-09-01 00:21:45,1788193305,0,ea781987,2190283212432503552,m7呢
BV15Xb86nEzv,117108709072765,【无广】9大辅助驾驶晚高峰实测！谁是真正的第一梯队？,凤凰车研所,2026-08-17 11:34:40,232731,1923,1,【无广实测】问/鹏/理/迪/米/蔚/尚/氪/奔 9车辅助驾驶深度体验,40983071508,340.81500,1,25,16777215,2026-08-31 23:49:28,1788191368,0,ada18be2,2190266960460793344,这挡的位置都不一样。。。。
BV15Xb86nEzv,117108709072765,【无广】9大辅助驾驶晚高峰实测！谁是真正的第一梯队？,凤凰车研所,2026-08-17 11:34:40,232731,1923,1,【无广实测】问/鹏/理/迪/米/蔚/尚/氪/奔 9车辅助驾驶深度体验,40983071508,203.76200,1,25,16777215,2026-08-31 23:47:11,1788191231,0,ada18be2,2190265810827350016,人流都不一样
BV15Xb86nEzv,117108709072765,【无广】9大辅助驾驶晚高峰实测！谁是真正的第一梯队？,凤凰车研所,2026-08-17 11:34:40,232731,1923,1,【无广实测】问/鹏/理/迪/米/蔚/尚/氪/奔 9车辅助驾驶深度体验,40983071508,373.21000,1,25,16777215,2026-08-31 23:26:58,1788190018,0,2612a87a,2190255636628645888,时间不一样，季节不一样，有什么可比性
BV15Xb86nEzv,117108709072765,【无广】9大辅助驾驶晚高峰实测！谁是真正的第一梯队？,凤凰车研所,2026-08-17 11:34:40,232731,1923,1,【无广实测】问/鹏/理/迪/米/蔚/尚/氪/奔 9车辅助驾驶深度体验,40983071508,307.54100,5,25,16777215,2026-08-31 23:25:07,1788189907,0,2612a87a,2190254702976525568,可不是呢，奔着锥桶去可不是运气不好呢
BV15Xb86nEzv,117108709072765,【无广】9大辅助驾驶晚高峰实测！谁是真正的第一梯队？,凤凰车研所,2026-08-17 11:34:40,232731,1923,1,【无广实测】问/鹏/理/迪/米/蔚/尚/氪/奔 9车辅助驾驶深度体验,40983071508,293.84800,1,25,16777215,2026-08-31 23:24:06,1788189846,0,2612a87a,2190254192689242624,呵，对着锥桶去是运气不太好呢
BV15Xb86nEzv,117108709072765,【无广】9大辅助驾驶晚高峰实测！谁是真正的第一梯队？,凤凰车研所,2026-08-17 11:34:40,232731,1923,1,【无广实测】问/鹏/理/迪/米/蔚/尚/氪/奔 9车辅助驾驶深度体验,40983071508,86.35600,1,25,16777215,2026-08-31 23:20:03,1788189603,0,2612a87a,2190252154508903424,说不对的，理想还是老车型没上马赫100呢
BV15Xb86nEzv,117108709072765,【无广】9大辅助驾驶晚高峰实测！谁是真正的第一梯队？,凤凰车研所,2026-08-17 11:34:40,232731,1923,1,【无广实测】问/鹏/理/迪/米/蔚/尚/氪/奔 9车辅助驾驶深度体验,40983071508,151.94300,1,25,16777215,2026-08-31 23:19:06,1788189546,0,85e4453b,2190251680712144128,这是买到正品了
BV15Xb86nEzv,117108709072765,【无广】9大辅助驾驶晚高峰实测！谁是真正的第一梯队？,凤凰车研所,2026-08-17 11:34:40,232731,1923,1,【无广实测】问/鹏/理/迪/米/蔚/尚/氪/奔 9车辅助驾驶深度体验,40983071508,199.07200,5,25,16707842,2026-08-31 21:18:34,1788182314,0,ef9401d0,2190191014097251584,符合正常人对糙的刻板印象
BV15Xb86nEzv,117108709072765,【无广】9大辅助驾驶晚高峰实测！谁是真正的第一梯队？,凤凰车研所,2026-08-17 11:34:40,232731,1923,1,【无广实测】问/鹏/理/迪/米/蔚/尚/氪/奔 9车辅助驾驶深度体验,40983071508,118.68200,1,25,16777215,2026-08-31 20:53:19,1788180799,0,a3fcf8ff,2190178305792825088,加塞出租车666让他带薪休假就舒服了
BV15Xb86nEzv,117108709072765,【无广】9大辅助驾驶晚高峰实测！谁是真正的第一梯队？,凤凰车研所,2026-08-17 11:34:40,232731,1923,1,【无广实测】问/鹏/理/迪/米/蔚/尚/氪/奔 9车辅助驾驶深度体验,40983071508,1004.08500,1,25,16777215,2026-08-31 18:55:50,1788173750,0,20d597d1,2190119174838588928,城市里用毛线自驾
BV15Xb86nEzv,117108709072765,【无广】9大辅助驾驶晚高峰实测！谁是真正的第一梯队？,凤凰车研所,2026-08-17 11:34:40,232731,1923,1,【无广实测】问/鹏/理/迪/米/蔚/尚/氪/奔 9车辅助驾驶深度体验,40983071508,312.28500,1,25,16777215,2026-08-31 14:01:59,1788156119,0,690a5909,2189971270023341056,懂了，等L3和L4
BV15Xb86nEzv,117108709072765,【无广】9大辅助驾驶晚高峰实测！谁是真正的第一梯队？,凤凰车研所,2026-08-17 11:34:40,232731,1923,1,【无广实测】问/鹏/理/迪/米/蔚/尚/氪/奔 9车辅助驾驶深度体验,40983071508,832.02600,1,25,16777215,2026-08-31 13:39:41,1788154781,0,61af24fc,2189960044446253824,前面匝道开七八十的。对你以后还这么开就对了。谁家好人匝道开七八十啊不说限速就是对自己生命也不负责啊
BV15Xb86nEzv,117108709072765,【无广】9大辅助驾驶晚高峰实测！谁是真正的第一梯队？,凤凰车研所,2026-08-17 11:34:40,232731,1923,1,【无广实测】问/鹏/理/迪/米/蔚/尚/氪/奔 9车辅助驾驶深度体验,40983071508,704.42000,1,25,16777215,2026-08-31 13:36:32,1788154592,0,61af24fc,2189958458957513728,ads 有智驾险送一年相当于兜底一年吧
BV15Xb86nEzv,117108709072765,【无广】9大辅助驾驶晚高峰实测！谁是真正的第一梯队？,凤凰车研所,2026-08-17 11:34:40,232731,1923,1,【无广实测】问/鹏/理/迪/米/蔚/尚/氪/奔 9车辅助驾驶深度体验,40983071508,489.72000,1,25,16777215,2026-08-31 13:32:28,1788154348,0,61af24fc,2189956413403771904,。。。。
BV15Xb86nEzv,117108709072765,【无广】9大辅助驾驶晚高峰实测！谁是真正的第一梯队？,凤凰车研所,2026-08-17 11:34:40,232731,1923,1,【无广实测】问/鹏/理/迪/米/蔚/尚/氪/奔 9车辅助驾驶深度体验,40983071508,407.46400,1,25,14811775,2026-08-31 01:35:57,1788111357,0,d085d961,2189595784662976768,这阿姨都是帮子孙后代挣大钱的，懂得都懂
BV15Xb86nEzv,117108709072765,【无广】9大辅助驾驶晚高峰实测！谁是真正的第一梯队？,凤凰车研所,2026-08-17 11:34:40,232731,1923,1,【无广实测】问/鹏/理/迪/米/蔚/尚/氪/奔 9车辅助驾驶深度体验,40983071508,751.33900,1,25,16777215,2026-08-31 01:30:23,1788111023,0,9e8aaaf5,2189592975687495936,依旧千里冒汗
BV15Xb86nEzv,117108709072765,【无广】9大辅助驾驶晚高峰实测！谁是真正的第一梯队？,凤凰车研所,2026-08-17 11:34:40,232731,1923,1,【无广实测】问/鹏/理/迪/米/蔚/尚/氪/奔 9车辅助驾驶深度体验,40983071508,196.48000,1,25,16777215,2026-08-30 23:37:51,1788104271,0,607f1e78,2189536340369817344,河里 合理呀
BV15Xb86nEzv,117108709072765,【无广】9大辅助驾驶晚高峰实测！谁是真正的第一梯队？,凤凰车研所,2026-08-17 11:34:40,232731,1923,1,【无广实测】问/鹏/理/迪/米/蔚/尚/氪/奔 9车辅助驾驶深度体验,40983071508,155.42000,1,25,16777215,2026-08-30 23:37:00,1788104220,0,607f1e78,2189535914614349824,正品理想车
BV15Xb86nEzv,117108709072765,【无广】9大辅助驾驶晚高峰实测！谁是真正的第一梯队？,凤凰车研所,2026-08-17 11:34:40,232731,1923,1,【无广实测】问/鹏/理/迪/米/蔚/尚/氪/奔 9车辅助驾驶深度体验,40983071508,51.30500,1,25,16777215,2026-08-30 23:35:40,1788104140,0,209e7258,2189535239490825728,《华为系》《第一梯队》典啊
BV15Xb86nEzv,117108709072765,【无广】9大辅助驾驶晚高峰实测！谁是真正的第一梯队？,凤凰车研所,2026-08-17 11:34:40,232731,1923,1,【无广实测】问/鹏/理/迪/米/蔚/尚/氪/奔 9车辅助驾驶深度体验,40983071508,13.03800,1,25,16777215,2026-08-30 22:07:52,1788098872,0,16369fe6,2189491049913796864,big 胆!
BV15Xb86nEzv,117108709072765,【无广】9大辅助驾驶晚高峰实测！谁是真正的第一梯队？,凤凰车研所,2026-08-17 11:34:40,232731,1923,1,【无广实测】问/鹏/理/迪/米/蔚/尚/氪/奔 9车辅助驾驶深度体验,40983071508,202.58000,1,25,16777215,2026-08-30 20:20:11,1788092411,0,d57427bc,2189436854884007680,.
BV15Xb86nEzv,117108709072765,【无广】9大辅助驾驶晚高峰实测！谁是真正的第一梯队？,凤凰车研所,2026-08-17 11:34:40,232731,1923,1,【无广实测】问/鹏/理/迪/米/蔚/尚/氪/奔 9车辅助驾驶深度体验,40983071508,12.69700,1,25,16777215,2026-08-30 19:08:35,1788088115,0,41078f98,2189400810176709120,智己呢？
BV15Xb86nEzv,117108709072765,【无广】9大辅助驾驶晚高峰实测！谁是真正的第一梯队？,凤凰车研所,2026-08-17 11:34:40,232731,1923,1,【无广实测】问/鹏/理/迪/米/蔚/尚/氪/奔 9车辅助驾驶深度体验,40983071508,937.80400,1,25,16777215,2026-08-30 10:40:16,1788057616,0,2eff70f7,2189144971582383616,这是因为车多方案保守所以起步困难吧
BV15Xb86nEzv,117108709072765,【无广】9大辅助驾驶晚高峰实测！谁是真正的第一梯队？,凤凰车研所,2026-08-17 11:34:40,232731,1923,1,【无广实测】问/鹏/理/迪/米/蔚/尚/氪/奔 9车辅助驾驶深度体验,40983071508,435.87700,1,25,16777215,2026-08-30 10:08:40,1788055720,0,a65b1edc,2189129062662897152,这是什么要求。。。你在路上开启还能把车变小吗
BV15Xb86nEzv,117108709072765,【无广】9大辅助驾驶晚高峰实测！谁是真正的第一梯队？,凤凰车研所,2026-08-17 11:34:40,232731,1923,1,【无广实测】问/鹏/理/迪/米/蔚/尚/氪/奔 9车辅助驾驶深度体验,40983071508,186.46700,1,25,16777215,2026-08-30 09:19:43,1788052783,0,7e4549c1,2189104423165406464,问就是兜底
BV15Xb86nEzv,117108709072765,【无广】9大辅助驾驶晚高峰实测！谁是真正的第一梯队？,凤凰车研所,2026-08-17 11:34:40,232731,1923,1,【无广实测】问/鹏/理/迪/米/蔚/尚/氪/奔 9车辅助驾驶深度体验,40983071508,197.12600,5,25,16707842,2026-08-30 07:59:54,1788047994,0,4267251e,2189064251112252672,米猴子看到绿化带了
BV15Xb86nEzv,117108709072765,【无广】9大辅助驾驶晚高峰实测！谁是真正的第一梯队？,凤凰车研所,2026-08-17 11:34:40,232731,1923,1,【无广实测】问/鹏/理/迪/米/蔚/尚/氪/奔 9车辅助驾驶深度体验,40983071508,385.92500,1,25,16777215,2026-08-30 01:46:10,1788025570,0,7d2873ac,2188876149689048064,就买特斯拉
BV15Xb86nEzv,117108709072765,【无广】9大辅助驾驶晚高峰实测！谁是真正的第一梯队？,凤凰车研所,2026-08-17 11:34:40,232731,1923,1,【无广实测】问/鹏/理/迪/米/蔚/尚/氪/奔 9车辅助驾驶深度体验,40983071508,695.21200,1,25,16777215,2026-08-30 01:06:14,1788023174,0,e6248e39,2188856048142959104,byd 就有这个底气说兜底
BV15Xb86nEzv,117108709072765,【无广】9大辅助驾驶晚高峰实测！谁是真正的第一梯队？,凤凰车研所,2026-08-17 11:34:40,232731,1923,1,【无广实测】问/鹏/理/迪/米/蔚/尚/氪/奔 9车辅助驾驶深度体验,40983071508,263.82100,1,25,16776960,2026-08-29 22:09:33,1788012573,0,5f804d86,2188767122782756864,哈哈哈
BV15Xb86nEzv,117108709072765,【无广】9大辅助驾驶晚高峰实测！谁是真正的第一梯队？,凤凰车研所,2026-08-17 11:34:40,232731,1923,1,【无广实测】问/鹏/理/迪/米/蔚/尚/氪/奔 9车辅助驾驶深度体验,40983071508,148.84000,1,25,16776960,2026-08-29 22:07:20,1788012440,0,5f804d86,2188766002609732608,什么这道那道的，统统都是理想道
BV15Xb86nEzv,117108709072765,【无广】9大辅助驾驶晚高峰实测！谁是真正的第一梯队？,凤凰车研所,2026-08-17 11:34:40,232731,1923,1,【无广实测】问/鹏/理/迪/米/蔚/尚/氪/奔 9车辅助驾驶深度体验,40983071508,1089.81600,1,25,16777215,2026-08-29 20:22:09,1788006129,0,8ab80a93,2188713068941742848,说白了不管啥车智驾还是达不到人的驾驶水平，现在比较保险的可能就是高速、高架上开开
BV15Xb86nEzv,117108709072765,【无广】9大辅助驾驶晚高峰实测！谁是真正的第一梯队？,凤凰车研所,2026-08-17 11:34:40,232731,1923,1,【无广实测】问/鹏/理/迪/米/蔚/尚/氪/奔 9车辅助驾驶深度体验,40983071508,906.61100,5,25,15138834,2026-08-29 19:21:37,1788002497,0,a1ab6428,2188682596366845440,在广州日常训练环境下小鹏
BV15Xb86nEzv,117108709072765,【无广】9大辅助驾驶晚高峰实测！谁是真正的第一梯队？,凤凰车研所,2026-08-17 11:34:40,232731,1923,1,【无广实测】问/鹏/理/迪/米/蔚/尚/氪/奔 9车辅助驾驶深度体验,40983071508,66.75100,1,25,16777215,2026-08-29 17:33:09,1787995989,0,a37e1771,2188628004194930688,开始叠甲
BV15Xb86nEzv,117108709072765,【无广】9大辅助驾驶晚高峰实测！谁是真正的第一梯队？,凤凰车研所,2026-08-17 11:34:40,232731,1923,1,【无广实测】问/鹏/理/迪/米/蔚/尚/氪/奔 9车辅助驾驶深度体验,40983071508,353.91800,1,25,16777215,2026-08-29 15:28:35,1787988515,0,bf3cfc74,2188565308729282816,这就不是运气不好了哦
BV15Xb86nEzv,117108709072765,【无广】9大辅助驾驶晚高峰实测！谁是真正的第一梯队？,凤凰车研所,2026-08-17 11:34:40,232731,1923,1,【无广实测】问/鹏/理/迪/米/蔚/尚/氪/奔 9车辅助驾驶深度体验,40983071508,288.06000,1,25,16777215,2026-08-29 15:27:08,1787988428,0,bf3cfc74,2188564575011245824,懂了懂了，表现不好就是运气不佳
BV15Xb86nEzv,117108709072765,【无广】9大辅助驾驶晚高峰实测！谁是真正的第一梯队？,凤凰车研所,2026-08-17 11:34:40,232731,1923,1,【无广实测】问/鹏/理/迪/米/蔚/尚/氪/奔 9车辅助驾驶深度体验,40983071508,734.75400,1,25,16777215,2026-08-29 12:20:40,1787977240,3,5a45babf,2188470728591161344,5
BV15Xb86nEzv,117108709072765,【无广】9大辅助驾驶晚高峰实测！谁是真正的第一梯队？,凤凰车研所,2026-08-17 11:34:40,232731,1923,1,【无广实测】问/鹏/理/迪/米/蔚/尚/氪/奔 9车辅助驾驶深度体验,40983071508,873.62800,1,25,16777215,2026-08-29 11:22:27,1787973747,0,86aeb2ed,2188441428542909184,金主露面
BV15Xb86nEzv,117108709072765,【无广】9大辅助驾驶晚高峰实测！谁是真正的第一梯队？,凤凰车研所,2026-08-17 11:34:40,232731,1923,1,【无广实测】问/鹏/理/迪/米/蔚/尚/氪/奔 9车辅助驾驶深度体验,40983071508,989.93300,1,25,16777215,2026-08-29 11:04:35,1787972675,0,7715501c,2188432430234038272,特斯拉在中国表现不行的
BV15Xb86nEzv,117108709072765,【无广】9大辅助驾驶晚高峰实测！谁是真正的第一梯队？,凤凰车研所,2026-08-17 11:34:40,232731,1923,1,【无广实测】问/鹏/理/迪/米/蔚/尚/氪/奔 9车辅助驾驶深度体验,40983071508,149.99700,1,25,16777215,2026-08-29 10:25:43,1787970343,0,7715501c,2188412867606046976,啊这，好像反而说明走对了
BV15Xb86nEzv,117108709072765,【无广】9大辅助驾驶晚高峰实测！谁是真正的第一梯队？,凤凰车研所,2026-08-17 11:34:40,232731,1923,1,【无广实测】问/鹏/理/迪/米/蔚/尚/氪/奔 9车辅助驾驶深度体验,40983071508,93.67600,1,25,16777215,2026-08-29 10:24:01,1787970241,0,7715501c,2188412017378374400,没关系，华为4.1也够用了
BV15Xb86nEzv,117108709072765,【无广】9大辅助驾驶晚高峰实测！谁是真正的第一梯队？,凤凰车研所,2026-08-17 11:34:40,232731,1923,1,【无广实测】问/鹏/理/迪/米/蔚/尚/氪/奔 9车辅助驾驶深度体验,40983071508,604.75000,1,25,16777215,2026-08-29 02:25:58,1787941558,0,701cbf33,2188171405752619776,这里不是故意闯红灯，是人车太多来不及通过
BV15Xb86nEzv,117108709072765,【无广】9大辅助驾驶晚高峰实测！谁是真正的第一梯队？,凤凰车研所,2026-08-17 11:34:40,232731,1923,1,【无广实测】问/鹏/理/迪/米/蔚/尚/氪/奔 9车辅助驾驶深度体验,40983071508,428.41800,1,25,16777215,2026-08-29 00:53:56,1787936036,0,781caed,2188125084068280320,这城市规划也是666
BV15Xb86nEzv,117108709072765,【无广】9大辅助驾驶晚高峰实测！谁是真正的第一梯队？,凤凰车研所,2026-08-17 11:34:40,232731,1923,1,【无广实测】问/鹏/理/迪/米/蔚/尚/氪/奔 9车辅助驾驶深度体验,40983071508,670.89400,1,25,16777215,2026-08-28 23:38:35,1787931515,0,db7504c8,2188087158551413504,大胆！！！！
BV15Xb86nEzv,117108709072765,【无广】9大辅助驾驶晚高峰实测！谁是真正的第一梯队？,凤凰车研所,2026-08-17 11:34:40,232731,1923,1,【无广实测】问/鹏/理/迪/米/蔚/尚/氪/奔 9车辅助驾驶深度体验,40983071508,604.18300,1,25,16777215,2026-08-28 19:33:59,1787916839,0,194dc2e9,2187964044420581888,郑州确实有点素质低了
BV15Xb86nEzv,117108709072765,【无广】9大辅助驾驶晚高峰实测！谁是真正的第一梯队？,凤凰车研所,2026-08-17 11:34:40,232731,1923,1,【无广实测】问/鹏/理/迪/米/蔚/尚/氪/奔 9车辅助驾驶深度体验,40983071508,196.09400,1,25,16777215,2026-08-28 19:14:54,1787915694,0,ae65f22d,2187954437619428096,这是触发米子本能了
BV15Xb86nEzv,117108709072765,【无广】9大辅助驾驶晚高峰实测！谁是真正的第一梯队？,凤凰车研所,2026-08-17 11:34:40,232731,1923,1,【无广实测】问/鹏/理/迪/米/蔚/尚/氪/奔 9车辅助驾驶深度体验,40983071508,554.20900,1,25,16777215,2026-08-28 18:54:57,1787914497,0,9a039a58,2187944398678544896,这为什么要接管？？？
BV15Xb86nEzv,117108709072765,【无广】9大辅助驾驶晚高峰实测！谁是真正的第一梯队？,凤凰车研所,2026-08-17 11:34:40,232731,1923,1,【无广实测】问/鹏/理/迪/米/蔚/尚/氪/奔 9车辅助驾驶深度体验,40983071508,356.50300,1,25,16777215,2026-08-28 18:51:44,1787914304,0,9a039a58,2187942781397030656,小米可是第一梯队啊，第一梯队这么差的吗 哈哈哈
BV15Xb86nEzv,117108709072765,【无广】9大辅助驾驶晚高峰实测！谁是真正的第一梯队？,凤凰车研所,2026-08-17 11:34:40,232731,1923,1,【无广实测】问/鹏/理/迪/米/蔚/尚/氪/奔 9车辅助驾驶深度体验,40983071508,245.53700,1,25,16777215,2026-08-28 18:28:55,1787912935,0,58a91910,2187931293474684416,每台车的路况都不一样，大家仅参考看看得了
BV15Xb86nEzv,117108709072765,【无广】9大辅助驾驶晚高峰实测！谁是真正的第一梯队？,凤凰车研所,2026-08-17 11:34:40,232731,1923,1,【无广实测】问/鹏/理/迪/米/蔚/尚/氪/奔 9车辅助驾驶深度体验,40983071508,876.26400,1,25,16777215,2026-08-28 18:11:05,1787911865,0,ef8d1a4b,2187922324953854976,华子确实有点东西
BV15Xb86nEzv,117108709072765,【无广】9大辅助驾驶晚高峰实测！谁是真正的第一梯队？,凤凰车研所,2026-08-17 11:34:40,232731,1923,1,【无广实测】问/鹏/理/迪/米/蔚/尚/氪/奔 9车辅助驾驶深度体验,40983071508,1084.96000,1,25,16777215,2026-08-28 11:10:36,1787886636,0,c0f75771,2187710686682378240,我觉得以后会有和驾驶员交互的ai问要不要过
BV15Xb86nEzv,117108709072765,【无广】9大辅助驾驶晚高峰实测！谁是真正的第一梯队？,凤凰车研所,2026-08-17 11:34:40,232731,1923,1,【无广实测】问/鹏/理/迪/米/蔚/尚/氪/奔 9车辅助驾驶深度体验,40983071508,1029.08000,1,25,16777215,2026-08-28 11:09:40,1787886580,0,c0f75771,2187710217935187968,特斯拉还没测
BV15Xb86nEzv,117108709072765,【无广】9大辅助驾驶晚高峰实测！谁是真正的第一梯队？,凤凰车研所,2026-08-17 11:34:40,232731,1923,1,【无广实测】问/鹏/理/迪/米/蔚/尚/氪/奔 9车辅助驾驶深度体验,40983071508,945.16000,1,25,16777215,2026-08-28 11:08:16,1787886496,0,c0f75771,2187709513870638592,华子别的不说，智驾绝对牛
BV15Xb86nEzv,117108709072765,【无广】9大辅助驾驶晚高峰实测！谁是真正的第一梯队？,凤凰车研所,2026-08-17 11:34:40,232731,1923,1,【无广实测】问/鹏/理/迪/米/蔚/尚/氪/奔 9车辅助驾驶深度体验,40983071508,390.09800,1,25,16777215,2026-08-28 09:48:20,1787881700,0,bdd1abba,2187669282316529408,都说了是体验
BV15Xb86nEzv,117108709072765,【无广】9大辅助驾驶晚高峰实测！谁是真正的第一梯队？,凤凰车研所,2026-08-17 11:34:40,232731,1923,1,【无广实测】问/鹏/理/迪/米/蔚/尚/氪/奔 9车辅助驾驶深度体验,40983071508,618.46300,1,25,16777215,2026-08-28 04:01:16,1787860876,0,94dd910f,2187494597608256000,我去，，。我以为南昌已经是难走了。这。。。地狱难度
BV15Xb86nEzv,117108709072765,【无广】9大辅助驾驶晚高峰实测！谁是真正的第一梯队？,凤凰车研所,2026-08-17 11:34:40,232731,1923,1,【无广实测】问/鹏/理/迪/米/蔚/尚/氪/奔 9车辅助驾驶深度体验,40983071508,877.40700,1,25,16777215,2026-08-28 01:35:48,1787852148,0,d4baaaa2,2187421380470660096,看懂了
BV15Xb86nEzv,117108709072765,【无广】9大辅助驾驶晚高峰实测！谁是真正的第一梯队？,凤凰车研所,2026-08-17 11:34:40,232731,1923,1,【无广实测】问/鹏/理/迪/米/蔚/尚/氪/奔 9车辅助驾驶深度体验,40983071508,417.85400,1,25,16777215,2026-08-28 01:04:09,1787850249,0,216743de,2187405452902609664,这不纯运气差么
BV15Xb86nEzv,117108709072765,【无广】9大辅助驾驶晚高峰实测！谁是真正的第一梯队？,凤凰车研所,2026-08-17 11:34:40,232731,1923,1,【无广实测】问/鹏/理/迪/米/蔚/尚/氪/奔 9车辅助驾驶深度体验,40983071508,857.67400,1,25,16777215,2026-08-28 00:55:52,1787849752,0,d18a2b87,2187401282582292736,小米已经进步明显了，之前在大明湖，走都走不动
BV15Xb86nEzv,117108709072765,【无广】9大辅助驾驶晚高峰实测！谁是真正的第一梯队？,凤凰车研所,2026-08-17 11:34:40,232731,1923,1,【无广实测】问/鹏/理/迪/米/蔚/尚/氪/奔 9车辅助驾驶深度体验,40983071508,127.25500,1,25,16777215,2026-08-28 00:41:32,1787848892,0,28a58411,2187394068060065536,代码智驾
BV15Xb86nEzv,117108709072765,【无广】9大辅助驾驶晚高峰实测！谁是真正的第一梯队？,凤凰车研所,2026-08-17 11:34:40,232731,1923,1,【无广实测】问/鹏/理/迪/米/蔚/尚/氪/奔 9车辅助驾驶深度体验,40983071508,153.63200,1,25,16777215,2026-08-27 22:43:48,1787841828,0,29a22f13,2187334805774356224,正品理想
BV15Xb86nEzv,117108709072765,【无广】9大辅助驾驶晚高峰实测！谁是真正的第一梯队？,凤凰车研所,2026-08-17 11:34:40,232731,1923,1,【无广实测】问/鹏/理/迪/米/蔚/尚/氪/奔 9车辅助驾驶深度体验,40983071508,1085.38400,5,25,16777215,2026-08-27 22:39:33,1787841573,0,a05fbc99,2187332669841808128,这么多人问特斯拉，没发现都是国产车吗？特斯拉坐小孩桌去
BV15Xb86nEzv,117108709072765,【无广】9大辅助驾驶晚高峰实测！谁是真正的第一梯队？,凤凰车研所,2026-08-17 11:34:40,232731,1923,1,【无广实测】问/鹏/理/迪/米/蔚/尚/氪/奔 9车辅助驾驶深度体验,40983071508,150.71600,1,25,16777215,2026-08-27 22:03:17,1787839397,0,47c46180,2187314419779056384,买到正品了
BV15Xb86nEzv,117108709072765,【无广】9大辅助驾驶晚高峰实测！谁是真正的第一梯队？,凤凰车研所,2026-08-17 11:34:40,232731,1923,1,【无广实测】问/鹏/理/迪/米/蔚/尚/氪/奔 9车辅助驾驶深度体验,40983071508,303.87300,1,25,16777215,2026-08-27 21:19:25,1787836765,0,97c14dfb,2187292332952211200,我看是你急死了吧？那前面几台车从辅路拐入主路车流量那么大你怎么不说，他拐入主路的时候就没几台车了又没看见你叫了
BV15Xb86nEzv,117108709072765,【无广】9大辅助驾驶晚高峰实测！谁是真正的第一梯队？,凤凰车研所,2026-08-17 11:34:40,232731,1923,1,【无广实测】问/鹏/理/迪/米/蔚/尚/氪/奔 9车辅助驾驶深度体验,40983071508,57.34200,1,25,16777215,2026-08-27 20:13:36,1787832816,0,2cc1019e,2187259214190868480,TSL应该拉出来鞭尸
BV15Xb86nEzv,117108709072765,【无广】9大辅助驾驶晚高峰实测！谁是真正的第一梯队？,凤凰车研所,2026-08-17 11:34:40,232731,1923,1,【无广实测】问/鹏/理/迪/米/蔚/尚/氪/奔 9车辅助驾驶深度体验,40983071508,119.14100,1,25,16777215,2026-08-27 19:57:29,1787831849,0,9627d1c,2187251100309725440,我极狐，一模一样
BV15Xb86nEzv,117108709072765,【无广】9大辅助驾驶晚高峰实测！谁是真正的第一梯队？,凤凰车研所,2026-08-17 11:34:40,232731,1923,1,【无广实测】问/鹏/理/迪/米/蔚/尚/氪/奔 9车辅助驾驶深度体验,40983071508,596.75500,1,25,16777215,2026-08-27 19:27:10,1787830030,0,d9f141f7,2187235835752416512,智驾不行怪规划，666
BV15Xb86nEzv,117108709072765,【无广】9大辅助驾驶晚高峰实测！谁是真正的第一梯队？,凤凰车研所,2026-08-17 11:34:40,232731,1923,1,【无广实测】问/鹏/理/迪/米/蔚/尚/氪/奔 9车辅助驾驶深度体验,40983071508,66.51100,1,25,16777215,2026-08-27 19:26:33,1787829993,0,58c7d411,2187235527470683904,没有奇瑞的吗
BV15Xb86nEzv,117108709072765,【无广】9大辅助驾驶晚高峰实测！谁是真正的第一梯队？,凤凰车研所,2026-08-17 11:34:40,232731,1923,1,【无广实测】问/鹏/理/迪/米/蔚/尚/氪/奔 9车辅助驾驶深度体验,40983071508,97.54600,1,25,16777215,2026-08-27 19:06:05,1787828765,0,8c46f559,2187225225388436992,+
BV15Xb86nEzv,117108709072765,【无广】9大辅助驾驶晚高峰实测！谁是真正的第一梯队？,凤凰车研所,2026-08-17 11:34:40,232731,1923,1,【无广实测】问/鹏/理/迪/米/蔚/尚/氪/奔 9车辅助驾驶深度体验,40983071508,910.11100,1,25,16777215,2026-08-27 12:25:58,1787804758,0,8b9fa49e,2187023845108852480,夺少算力？
BV15Xb86nEzv,117108709072765,【无广】9大辅助驾驶晚高峰实测！谁是真正的第一梯队？,凤凰车研所,2026-08-17 11:34:40,232731,1923,1,【无广实测】问/鹏/理/迪/米/蔚/尚/氪/奔 9车辅助驾驶深度体验,40983071508,196.81100,1,25,16777215,2026-08-27 12:11:54,1787803914,0,8b9fa49e,2187016758924506624,就是要干他哈哈哈
BV15Xb86nEzv,117108709072765,【无广】9大辅助驾驶晚高峰实测！谁是真正的第一梯队？,凤凰车研所,2026-08-17 11:34:40,232731,1923,1,【无广实测】问/鹏/理/迪/米/蔚/尚/氪/奔 9车辅助驾驶深度体验,40983071508,407.60600,1,25,16777215,2026-08-27 10:23:25,1787797405,0,72d23935,2186962160897867008,这个阿姨是认真的吗？
BV15Xb86nEzv,117108709072765,【无广】9大辅助驾驶晚高峰实测！谁是真正的第一梯队？,凤凰车研所,2026-08-17 11:34:40,232731,1923,1,【无广实测】问/鹏/理/迪/米/蔚/尚/氪/奔 9车辅助驾驶深度体验,40983071508,242.72900,1,25,16777215,2026-08-27 00:13:11,1787760791,0,c6b2b671,2186655021377303296,都没车来，比较不了
BV15Xb86nEzv,117108709072765,【无广】9大辅助驾驶晚高峰实测！谁是真正的第一梯队？,凤凰车研所,2026-08-17 11:34:40,232731,1923,1,【无广实测】问/鹏/理/迪/米/蔚/尚/氪/奔 9车辅助驾驶深度体验,40983071508,322.08000,1,25,16777215,2026-08-26 23:30:29,1787758229,0,8a0bf62b,2186633532716359680,问界没有遇到刚才的双闪车这下不是运气好了？？
BV15Xb86nEzv,117108709072765,【无广】9大辅助驾驶晚高峰实测！谁是真正的第一梯队？,凤凰车研所,2026-08-17 11:34:40,232731,1923,1,【无广实测】问/鹏/理/迪/米/蔚/尚/氪/奔 9车辅助驾驶深度体验,40983071508,284.16000,1,25,16777215,2026-08-26 23:28:51,1787758131,0,8a0bf62b,2186632707881324800,到尚界就是运气了，尚界刚才汇入主路没有公交车怎么不说运气好呢？
BV15Xb86nEzv,117108709072765,【无广】9大辅助驾驶晚高峰实测！谁是真正的第一梯队？,凤凰车研所,2026-08-17 11:34:40,232731,1923,1,【无广实测】问/鹏/理/迪/米/蔚/尚/氪/奔 9车辅助驾驶深度体验,40983071508,630.32500,1,25,16777215,2026-08-26 21:34:48,1787751288,0,31659f88,2186575302523391488,这城市道路有规划吗 ？
BV15Xb86nEzv,117108709072765,【无广】9大辅助驾驶晚高峰实测！谁是真正的第一梯队？,凤凰车研所,2026-08-17 11:34:40,232731,1923,1,【无广实测】问/鹏/理/迪/米/蔚/尚/氪/奔 9车辅助驾驶深度体验,40983071508,25.65000,1,25,16777215,2026-08-26 21:00:44,1787749244,0,abbcdc02,2186558155646492672,fsd出来全镇，所以特别安排休息O(∩_∩)O哈哈~
BV15Xb86nEzv,117108709072765,【无广】9大辅助驾驶晚高峰实测！谁是真正的第一梯队？,凤凰车研所,2026-08-17 11:34:40,232731,1923,1,【无广实测】问/鹏/理/迪/米/蔚/尚/氪/奔 9车辅助驾驶深度体验,40983071508,149.60800,1,25,16777215,2026-08-26 20:06:40,1787746000,0,7c122d87,2186530948756509440,正品
BV15Xb86nEzv,117108709072765,【无广】9大辅助驾驶晚高峰实测！谁是真正的第一梯队？,凤凰车研所,2026-08-17 11:34:40,232731,1923,1,【无广实测】问/鹏/理/迪/米/蔚/尚/氪/奔 9车辅助驾驶深度体验,40983071508,599.64100,1,25,16777215,2026-08-26 20:05:21,1787745921,0,2343612e,2186530278557425664,河医立交我感觉是最难的，走一次就堵一次迷一次，比紫荆山立交难很多
BV15Xb86nEzv,117108709072765,【无广】9大辅助驾驶晚高峰实测！谁是真正的第一梯队？,凤凰车研所,2026-08-17 11:34:40,232731,1923,1,【无广实测】问/鹏/理/迪/米/蔚/尚/氪/奔 9车辅助驾驶深度体验,40983071508,461.86800,1,25,16777215,2026-08-26 18:00:54,1787738454,0,9c1dc929,2186467640753737728,千里冒汗了
BV15Xb86nEzv,117108709072765,【无广】9大辅助驾驶晚高峰实测！谁是真正的第一梯队？,凤凰车研所,2026-08-17 11:34:40,232731,1923,1,【无广实测】问/鹏/理/迪/米/蔚/尚/氪/奔 9车辅助驾驶深度体验,40983071508,731.14300,1,25,16777215,2026-08-26 17:45:29,1787737529,0,98c7d29a,2186459885830234880,千里冒汗
BV15Xb86nEzv,117108709072765,【无广】9大辅助驾驶晚高峰实测！谁是真正的第一梯队？,凤凰车研所,2026-08-17 11:34:40,232731,1923,1,【无广实测】问/鹏/理/迪/米/蔚/尚/氪/奔 9车辅助驾驶深度体验,40983071508,298.91800,1,25,16777215,2026-08-26 17:38:17,1787737097,0,98c7d29a,2186456260131012608,这就变成运气不好了？
BV15Xb86nEzv,117108709072765,【无广】9大辅助驾驶晚高峰实测！谁是真正的第一梯队？,凤凰车研所,2026-08-17 11:34:40,232731,1923,1,【无广实测】问/鹏/理/迪/米/蔚/尚/氪/奔 9车辅助驾驶深度体验,40983071508,645.80200,1,25,16777215,2026-08-26 15:29:52,1787729392,0,34386d5b,2186391624362319360,不然怎么叫千里冒汗，最喜欢吓人
BV15Xb86nEzv,117108709072765,【无广】9大辅助驾驶晚高峰实测！谁是真正的第一梯队？,凤凰车研所,2026-08-17 11:34:40,232731,1923,1,【无广实测】问/鹏/理/迪/米/蔚/尚/氪/奔 9车辅助驾驶深度体验,40983071508,1063.14100,1,25,16777215,2026-08-26 15:21:26,1787728886,0,a81e9094,2186387383762334976,就这水平，再更新一代车都未必能L3
BV15Xb86nEzv,117108709072765,【无广】9大辅助驾驶晚高峰实测！谁是真正的第一梯队？,凤凰车研所,2026-08-17 11:34:40,232731,1923,1,【无广实测】问/鹏/理/迪/米/蔚/尚/氪/奔 9车辅助驾驶深度体验,40983071508,804.73900,1,25,16777215,2026-08-26 15:16:46,1787728606,0,a81e9094,2186385034314583552,这真是第一梯队？？？真多致命问题
BV15Xb86nEzv,117108709072765,【无广】9大辅助驾驶晚高峰实测！谁是真正的第一梯队？,凤凰车研所,2026-08-17 11:34:40,232731,1923,1,【无广实测】问/鹏/理/迪/米/蔚/尚/氪/奔 9车辅助驾驶深度体验,40983071508,762.44200,1,25,16777215,2026-08-26 15:15:11,1787728511,0,a81e9094,2186384235383504128,这种也叫第一梯队？？这不是直接毙了吗
BV15Xb86nEzv,117108709072765,【无广】9大辅助驾驶晚高峰实测！谁是真正的第一梯队？,凤凰车研所,2026-08-17 11:34:40,232731,1923,1,【无广实测】问/鹏/理/迪/米/蔚/尚/氪/奔 9车辅助驾驶深度体验,40983071508,712.11500,1,25,16777215,2026-08-26 15:14:02,1787728442,0,a81e9094,2186383661099418112,小米对吗，压线调头？？
BV15Xb86nEzv,117108709072765,【无广】9大辅助驾驶晚高峰实测！谁是真正的第一梯队？,凤凰车研所,2026-08-17 11:34:40,232731,1923,1,【无广实测】问/鹏/理/迪/米/蔚/尚/氪/奔 9车辅助驾驶深度体验,40983071508,536.93000,1,25,16777215,2026-08-26 15:10:33,1787728233,0,a81e9094,2186381906185677312,上海训练的，模型，遵守交规
BV15Xb86nEzv,117108709072765,【无广】9大辅助驾驶晚高峰实测！谁是真正的第一梯队？,凤凰车研所,2026-08-17 11:34:40,232731,1923,1,【无广实测】问/鹏/理/迪/米/蔚/尚/氪/奔 9车辅助驾驶深度体验,40983071508,243.82300,1,25,16777215,2026-08-26 15:04:40,1787727880,0,a81e9094,2186378946416498688,这种路口你得测两次才合理
BV15Xb86nEzv,117108709072765,【无广】9大辅助驾驶晚高峰实测！谁是真正的第一梯队？,凤凰车研所,2026-08-17 11:34:40,232731,1923,1,【无广实测】问/鹏/理/迪/米/蔚/尚/氪/奔 9车辅助驾驶深度体验,40983071508,190.75600,1,25,16777215,2026-08-26 15:03:30,1787727810,0,a81e9094,2186378356923668480,小米常规操作
BV15Xb86nEzv,117108709072765,【无广】9大辅助驾驶晚高峰实测！谁是真正的第一梯队？,凤凰车研所,2026-08-17 11:34:40,232731,1923,1,【无广实测】问/鹏/理/迪/米/蔚/尚/氪/奔 9车辅助驾驶深度体验,40983071508,150.04000,1,25,16777215,2026-08-26 15:02:20,1787727740,0,a81e9094,2186377767708054272,正品理想啊
BV15Xb86nEzv,117108709072765,【无广】9大辅助驾驶晚高峰实测！谁是真正的第一梯队？,凤凰车研所,2026-08-17 11:34:40,232731,1923,1,【无广实测】问/鹏/理/迪/米/蔚/尚/氪/奔 9车辅助驾驶深度体验,40983071508,414.83500,1,25,16777215,2026-08-26 13:36:21,1787722581,0,21945771,2186334493018420480,这条路有问题啊，对向车道分出一部分给非机动车，黄虚线也没重新分配(也没法分配，为啥不规划成单向车道)
BV15Xb86nEzv,117108709072765,【无广】9大辅助驾驶晚高峰实测！谁是真正的第一梯队？,凤凰车研所,2026-08-17 11:34:40,232731,1923,1,【无广实测】问/鹏/理/迪/米/蔚/尚/氪/奔 9车辅助驾驶深度体验,40983071508,372.29200,1,25,16777215,2026-08-26 09:01:30,1787706090,0,740dce8b,2186196152415023104,这个测试还不是未来的试驾更新的系统。
BV15Xb86nEzv,117108709072765,【无广】9大辅助驾驶晚高峰实测！谁是真正的第一梯队？,凤凰车研所,2026-08-17 11:34:40,232731,1923,1,【无广实测】问/鹏/理/迪/米/蔚/尚/氪/奔 9车辅助驾驶深度体验,40983071508,140.23700,1,25,16777215,2026-08-26 08:58:17,1787705897,0,740dce8b,2186194535820931072,蔚来的支架6月份进步超级大。
BV15Xb86nEzv,117108709072765,【无广】9大辅助驾驶晚高峰实测！谁是真正的第一梯队？,凤凰车研所,2026-08-17 11:34:40,232731,1923,1,【无广实测】问/鹏/理/迪/米/蔚/尚/氪/奔 9车辅助驾驶深度体验,40983071508,398.63100,1,25,16777215,2026-08-26 02:03:17,1787680997,0,ac081eeb,2185985658911504640,你用ads5.0可能就不一样了
BV15Xb86nEzv,117108709072765,【无广】9大辅助驾驶晚高峰实测！谁是真正的第一梯队？,凤凰车研所,2026-08-17 11:34:40,232731,1923,1,【无广实测】问/鹏/理/迪/米/蔚/尚/氪/奔 9车辅助驾驶深度体验,40983071508,440.02400,1,25,16646914,2026-08-26 01:30:25,1787679025,0,4c93ca2a,2185969121568319744,北汽也有智能驾驶，不拿出来比比？
BV15Xb86nEzv,117108709072765,【无广】9大辅助驾驶晚高峰实测！谁是真正的第一梯队？,凤凰车研所,2026-08-17 11:34:40,232731,1923,1,【无广实测】问/鹏/理/迪/米/蔚/尚/氪/奔 9车辅助驾驶深度体验,40983071508,525.03000,1,25,16777215,2026-08-26 01:20:04,1787678404,0,5e975d7a,2185963911026402304,小鹏好像是纯视觉方案，光线不好效率变低了
BV15Xb86nEzv,117108709072765,【无广】9大辅助驾驶晚高峰实测！谁是真正的第一梯队？,凤凰车研所,2026-08-17 11:34:40,232731,1923,1,【无广实测】问/鹏/理/迪/米/蔚/尚/氪/奔 9车辅助驾驶深度体验,40983071508,922.88000,1,25,16777215,2026-08-25 23:25:32,1787671532,0,e7520c36,2185906265552223232,还歹是ADS呀
BV15Xb86nEzv,117108709072765,【无广】9大辅助驾驶晚高峰实测！谁是真正的第一梯队？,凤凰车研所,2026-08-17 11:34:40,232731,1923,1,【无广实测】问/鹏/理/迪/米/蔚/尚/氪/奔 9车辅助驾驶深度体验,40983071508,628.28000,1,25,16777215,2026-08-25 23:20:38,1787671238,0,e7520c36,2185903794377214976,环岛是辅助驾驶非常难应对的场景之一
BV15Xb86nEzv,117108709072765,【无广】9大辅助驾驶晚高峰实测！谁是真正的第一梯队？,凤凰车研所,2026-08-17 11:34:40,232731,1923,1,【无广实测】问/鹏/理/迪/米/蔚/尚/氪/奔 9车辅助驾驶深度体验,40983071508,844.87900,1,25,16777215,2026-08-25 22:51:14,1787669474,0,8e5045d7,2185888996831024896,蔚来不错，第一梯队，真牛。
BV15Xb86nEzv,117108709072765,【无广】9大辅助驾驶晚高峰实测！谁是真正的第一梯队？,凤凰车研所,2026-08-17 11:34:40,232731,1923,1,【无广实测】问/鹏/理/迪/米/蔚/尚/氪/奔 9车辅助驾驶深度体验,40983071508,303.29500,1,25,16777215,2026-08-25 22:45:54,1787669154,0,2be7d2f9,2185886312451133696,这都算好了，提前计算。比亚迪是直接车身左右摇摆，让后急速起步，然后杀停
BV15Xb86nEzv,117108709072765,【无广】9大辅助驾驶晚高峰实测！谁是真正的第一梯队？,凤凰车研所,2026-08-17 11:34:40,232731,1923,1,【无广实测】问/鹏/理/迪/米/蔚/尚/氪/奔 9车辅助驾驶深度体验,40983071508,293.85300,1,25,16777215,2026-08-25 22:44:55,1787669095,0,2be7d2f9,2185885814679615488,比亚迪确实有问题，上次调个头。都要接管
BV15Xb86nEzv,117108709072765,【无广】9大辅助驾驶晚高峰实测！谁是真正的第一梯队？,凤凰车研所,2026-08-17 11:34:40,232731,1923,1,【无广实测】问/鹏/理/迪/米/蔚/尚/氪/奔 9车辅助驾驶深度体验,40983071508,684.94600,1,25,16777215,2026-08-25 22:17:46,1787667466,0,377c2386,2185872155635083008,就算设置etc通道也有漂移的情况。我智界也遇到过
BV15Xb86nEzv,117108709072765,【无广】9大辅助驾驶晚高峰实测！谁是真正的第一梯队？,凤凰车研所,2026-08-17 11:34:40,232731,1923,1,【无广实测】问/鹏/理/迪/米/蔚/尚/氪/奔 9车辅助驾驶深度体验,40983071508,504.14300,1,25,16777215,2026-08-25 22:14:01,1787667241,0,377c2386,2185870268743397888,雷军金凡
BV15Xb86nEzv,117108709072765,【无广】9大辅助驾驶晚高峰实测！谁是真正的第一梯队？,凤凰车研所,2026-08-17 11:34:40,232731,1923,1,【无广实测】问/鹏/理/迪/米/蔚/尚/氪/奔 9车辅助驾驶深度体验,40983071508,196.24100,1,25,16777215,2026-08-25 22:08:41,1787666921,0,377c2386,2185867580832318208,小米这事故不就来了。哈哈哈哈
BV15Xb86nEzv,117108709072765,【无广】9大辅助驾驶晚高峰实测！谁是真正的第一梯队？,凤凰车研所,2026-08-17 11:34:40,232731,1923,1,【无广实测】问/鹏/理/迪/米/蔚/尚/氪/奔 9车辅助驾驶深度体验,40983071508,153.35200,1,25,16777215,2026-08-25 22:07:48,1787666868,0,377c2386,2185867133258078464,想怎么走就怎么走，理他干什么
BV15Xb86nEzv,117108709072765,【无广】9大辅助驾驶晚高峰实测！谁是真正的第一梯队？,凤凰车研所,2026-08-17 11:34:40,232731,1923,1,【无广实测】问/鹏/理/迪/米/蔚/尚/氪/奔 9车辅助驾驶深度体验,40983071508,67.39600,1,25,16777215,2026-08-25 22:06:14,1787666774,0,377c2386,2185866347832750336,凭什么小米不是第一梯队
BV15Xb86nEzv,117108709072765,【无广】9大辅助驾驶晚高峰实测！谁是真正的第一梯队？,凤凰车研所,2026-08-17 11:34:40,232731,1923,1,【无广实测】问/鹏/理/迪/米/蔚/尚/氪/奔 9车辅助驾驶深度体验,40983071508,1.42300,1,25,16777215,2026-08-25 19:36:17,1787657777,0,3f577e3a,2185790879980315904,小米第一，太强了，真正的第一梯队
BV15Xb86nEzv,117108709072765,【无广】9大辅助驾驶晚高峰实测！谁是真正的第一梯队？,凤凰车研所,2026-08-17 11:34:40,232731,1923,1,【无广实测】问/鹏/理/迪/米/蔚/尚/氪/奔 9车辅助驾驶深度体验,40983071508,873.56700,1,25,16777215,2026-08-25 17:47:23,1787651243,0,c937f897,2185736063027287808,继续领先
BV15Xb86nEzv,117108709072765,【无广】9大辅助驾驶晚高峰实测！谁是真正的第一梯队？,凤凰车研所,2026-08-17 11:34:40,232731,1923,1,【无广实测】问/鹏/理/迪/米/蔚/尚/氪/奔 9车辅助驾驶深度体验,40983071508,875.86900,1,25,16777215,2026-08-25 17:47:13,1787651233,0,c937f897,2185735980215335936,继续领先！
BV15Xb86nEzv,117108709072765,【无广】9大辅助驾驶晚高峰实测！谁是真正的第一梯队？,凤凰车研所,2026-08-17 11:34:40,232731,1923,1,【无广实测】问/鹏/理/迪/米/蔚/尚/氪/奔 9车辅助驾驶深度体验,40983071508,653.89600,1,25,16777215,2026-08-25 17:43:12,1787650992,0,c937f897,2185733958158123520,两台华为呢？
BV15Xb86nEzv,117108709072765,【无广】9大辅助驾驶晚高峰实测！谁是真正的第一梯队？,凤凰车研所,2026-08-17 11:34:40,232731,1923,1,【无广实测】问/鹏/理/迪/米/蔚/尚/氪/奔 9车辅助驾驶深度体验,40983071508,943.77000,1,25,16777215,2026-08-25 17:34:43,1787650483,0,ef1df537,2185729687870361856,9X多宽啊
BV15Xb86nEzv,117108709072765,【无广】9大辅助驾驶晚高峰实测！谁是真正的第一梯队？,凤凰车研所,2026-08-17 11:34:40,232731,1923,1,【无广实测】问/鹏/理/迪/米/蔚/尚/氪/奔 9车辅助驾驶深度体验,40983071508,844.26100,1,25,16777215,2026-08-25 16:54:58,1787648098,0,49ed026c,2185709681090610688,我自己有小鹏P7和理想LIVIS 小鹏强太多了
BV15Xb86nEzv,117108709072765,【无广】9大辅助驾驶晚高峰实测！谁是真正的第一梯队？,凤凰车研所,2026-08-17 11:34:40,232731,1923,1,【无广实测】问/鹏/理/迪/米/蔚/尚/氪/奔 9车辅助驾驶深度体验,40983071508,853.61600,1,25,16777215,2026-08-25 15:09:45,1787641785,0,c3b16cc,2185656722491500288,“无广”
BV15Xb86nEzv,117108709072765,【无广】9大辅助驾驶晚高峰实测！谁是真正的第一梯队？,凤凰车研所,2026-08-17 11:34:40,232731,1923,1,【无广实测】问/鹏/理/迪/米/蔚/尚/氪/奔 9车辅助驾驶深度体验,40983071508,677.99400,1,25,16777215,2026-08-25 14:01:03,1787637663,0,1b178923,2185622150982551808,尚界接管了没有加上去
BV15Xb86nEzv,117108709072765,【无广】9大辅助驾驶晚高峰实测！谁是真正的第一梯队？,凤凰车研所,2026-08-17 11:34:40,232731,1923,1,【无广实测】问/鹏/理/迪/米/蔚/尚/氪/奔 9车辅助驾驶深度体验,40983071508,268.24100,5,25,16777215,2026-08-25 13:40:10,1787636410,0,96b2bad8,2185611641348784128,小鹏VLA2在郑州老是走错路，还是在路况正常的情况，很奇怪
BV15Xb86nEzv,117108709072765,【无广】9大辅助驾驶晚高峰实测！谁是真正的第一梯队？,凤凰车研所,2026-08-17 11:34:40,232731,1923,1,【无广实测】问/鹏/理/迪/米/蔚/尚/氪/奔 9车辅助驾驶深度体验,40983071508,724.11300,1,25,16777215,2026-08-25 13:40:02,1787636402,0,b8a1685d,2185611567469906944,又冒汗了
BV15Xb86nEzv,117108709072765,【无广】9大辅助驾驶晚高峰实测！谁是真正的第一梯队？,凤凰车研所,2026-08-17 11:34:40,232731,1923,1,【无广实测】问/鹏/理/迪/米/蔚/尚/氪/奔 9车辅助驾驶深度体验,40983071508,135.59800,1,25,16777215,2026-08-25 11:02:04,1787626924,0,79d7a0de,2185532065184424448,我的极氪也是…城里面跟车能有2辆车的距离，直接就可以插
BV15Xb86nEzv,117108709072765,【无广】9大辅助驾驶晚高峰实测！谁是真正的第一梯队？,凤凰车研所,2026-08-17 11:34:40,232731,1923,1,【无广实测】问/鹏/理/迪/米/蔚/尚/氪/奔 9车辅助驾驶深度体验,40983071508,700.74700,1,25,16777215,2026-08-25 08:04:32,1787616272,0,d03a5d1e,2185442708062124288,兜底的那家对兜底的要求也高的很，全是限制
BV15Xb86nEzv,117108709072765,【无广】9大辅助驾驶晚高峰实测！谁是真正的第一梯队？,凤凰车研所,2026-08-17 11:34:40,232731,1923,1,【无广实测】问/鹏/理/迪/米/蔚/尚/氪/奔 9车辅助驾驶深度体验,40983071508,824.33400,1,25,16777215,2026-08-25 01:53:05,1787593985,0,e9550b05,2185255753664372736,说船夫哥求稳的人呢
BV15Xb86nEzv,117108709072765,【无广】9大辅助驾驶晚高峰实测！谁是真正的第一梯队？,凤凰车研所,2026-08-17 11:34:40,232731,1923,1,【无广实测】问/鹏/理/迪/米/蔚/尚/氪/奔 9车辅助驾驶深度体验,40983071508,603.19500,1,25,16777215,2026-08-25 01:47:25,1787593645,0,be0cba2e,2185252896085110272,郑州这城建跟规划感觉比济南好不了多少一股大县城味道
BV15Xb86nEzv,117108709072765,【无广】9大辅助驾驶晚高峰实测！谁是真正的第一梯队？,凤凰车研所,2026-08-17 11:34:40,232731,1923,1,【无广实测】问/鹏/理/迪/米/蔚/尚/氪/奔 9车辅助驾驶深度体验,40983071508,389.50400,1,25,16777215,2026-08-25 01:43:20,1787593400,0,be0cba2e,2185250840641295104,纯视觉这优势就是挺大，fsd也擅长这种路
BV15Xb86nEzv,117108709072765,【无广】9大辅助驾驶晚高峰实测！谁是真正的第一梯队？,凤凰车研所,2026-08-17 11:34:40,232731,1923,1,【无广实测】问/鹏/理/迪/米/蔚/尚/氪/奔 9车辅助驾驶深度体验,40983071508,318.09600,1,25,16777215,2026-08-25 01:42:19,1787593339,0,e9550b05,2185250334623734016,红字急死了，交通管制都躲不开还算宇宙第一车？
BV15Xb86nEzv,117108709072765,【无广】9大辅助驾驶晚高峰实测！谁是真正的第一梯队？,凤凰车研所,2026-08-17 11:34:40,232731,1923,1,【无广实测】问/鹏/理/迪/米/蔚/尚/氪/奔 9车辅助驾驶深度体验,40983071508,304.36600,1,25,16777215,2026-08-25 01:40:44,1787593244,0,e9550b05,2185249538670676992,懂了其他都是靠实力，尚界靠运气
BV15Xb86nEzv,117108709072765,【无广】9大辅助驾驶晚高峰实测！谁是真正的第一梯队？,凤凰车研所,2026-08-17 11:34:40,232731,1923,1,【无广实测】问/鹏/理/迪/米/蔚/尚/氪/奔 9车辅助驾驶深度体验,40983071508,286.92500,1,25,16777215,2026-08-25 01:39:52,1787593192,0,e9550b05,2185249097580614656,其他都是表现不好，尚界是运气不好，懂得都懂
BV15Xb86nEzv,117108709072765,【无广】9大辅助驾驶晚高峰实测！谁是真正的第一梯队？,凤凰车研所,2026-08-17 11:34:40,232731,1923,1,【无广实测】问/鹏/理/迪/米/蔚/尚/氪/奔 9车辅助驾驶深度体验,40983071508,131.09700,1,25,16777215,2026-08-25 01:38:10,1787593090,0,be0cba2e,2185248245331533056,冒汗经典放空10米
BV15Xb86nEzv,117108709072765,【无广】9大辅助驾驶晚高峰实测！谁是真正的第一梯队？,凤凰车研所,2026-08-17 11:34:40,232731,1923,1,【无广实测】问/鹏/理/迪/米/蔚/尚/氪/奔 9车辅助驾驶深度体验,40983071508,784.33600,1,25,16777215,2026-08-25 00:11:09,1787587869,0,e0e4b6da,2185204448492911104,前面的我跟你一样
BV15Xb86nEzv,117108709072765,【无广】9大辅助驾驶晚高峰实测！谁是真正的第一梯队？,凤凰车研所,2026-08-17 11:34:40,232731,1923,1,【无广实测】问/鹏/理/迪/米/蔚/尚/氪/奔 9车辅助驾驶深度体验,40983071508,910.06100,1,25,16777215,2026-08-24 23:48:14,1787586494,0,b0ddf2d9,2185192910188743680,纸面算力党？
BV15Xb86nEzv,117108709072765,【无广】9大辅助驾驶晚高峰实测！谁是真正的第一梯队？,凤凰车研所,2026-08-17 11:34:40,232731,1923,1,【无广实测】问/鹏/理/迪/米/蔚/尚/氪/奔 9车辅助驾驶深度体验,40983071508,445.31400,1,25,16777215,2026-08-24 23:39:22,1787585962,0,b0ddf2d9,2185188449169181184,汉L都那么老的车，而且应该也是这里面最便宜的车了吧，这么比有意义吗？
BV15Xb86nEzv,117108709072765,【无广】9大辅助驾驶晚高峰实测！谁是真正的第一梯队？,凤凰车研所,2026-08-17 11:34:40,232731,1923,1,【无广实测】问/鹏/理/迪/米/蔚/尚/氪/奔 9车辅助驾驶深度体验,40983071508,77.16500,1,25,16777215,2026-08-24 23:32:01,1787585521,0,b0ddf2d9,2185184745716200960,汉L会不会太老了？
BV15Xb86nEzv,117108709072765,【无广】9大辅助驾驶晚高峰实测！谁是真正的第一梯队？,凤凰车研所,2026-08-17 11:34:40,232731,1923,1,【无广实测】问/鹏/理/迪/米/蔚/尚/氪/奔 9车辅助驾驶深度体验,40983071508,17.69100,1,25,16777215,2026-08-24 21:29:50,1787578190,0,e92a521e,2185123253629548032,零跑呢
BV15Xb86nEzv,117108709072765,【无广】9大辅助驾驶晚高峰实测！谁是真正的第一梯队？,凤凰车研所,2026-08-17 11:34:40,232731,1923,1,【无广实测】问/鹏/理/迪/米/蔚/尚/氪/奔 9车辅助驾驶深度体验,40983071508,742.55200,1,25,16777215,2026-08-24 21:09:05,1787576945,0,fb649349,2185112804502476544,这种程度的智能驾驶，在市区是无法使用的。
BV15Xb86nEzv,117108709072765,【无广】9大辅助驾驶晚高峰实测！谁是真正的第一梯队？,凤凰车研所,2026-08-17 11:34:40,232731,1923,1,【无广实测】问/鹏/理/迪/米/蔚/尚/氪/奔 9车辅助驾驶深度体验,40983071508,18.01800,1,25,16777215,2026-08-24 20:02:20,1787572940,0,84e45b4f,2185079215593101568,道理很深，创作也不难。用数字产线一键生成视频，告别焦虑。
BV15Xb86nEzv,117108709072765,【无广】9大辅助驾驶晚高峰实测！谁是真正的第一梯队？,凤凰车研所,2026-08-17 11:34:40,232731,1923,1,【无广实测】问/鹏/理/迪/米/蔚/尚/氪/奔 9车辅助驾驶深度体验,40983071508,383.86100,1,25,16777215,2026-08-24 17:13:36,1787562816,0,1011d261,2184994283982362624,纯视觉的优势来了
BV15Xb86nEzv,117108709072765,【无广】9大辅助驾驶晚高峰实测！谁是真正的第一梯队？,凤凰车研所,2026-08-17 11:34:40,232731,1923,1,【无广实测】问/鹏/理/迪/米/蔚/尚/氪/奔 9车辅助驾驶深度体验,40983071508,121.96800,1,25,16777215,2026-08-24 17:08:07,1787562487,0,84e9d27,2184991530187183616,神了这不被骂
BV15Xb86nEzv,117108709072765,【无广】9大辅助驾驶晚高峰实测！谁是真正的第一梯队？,凤凰车研所,2026-08-17 11:34:40,232731,1923,1,【无广实测】问/鹏/理/迪/米/蔚/尚/氪/奔 9车辅助驾驶深度体验,40983071508,91.86200,1,25,16777215,2026-08-24 16:38:27,1787560707,0,8c82ef67,2184976591158131456,这不是奔驰么？
BV15Xb86nEzv,117108709072765,【无广】9大辅助驾驶晚高峰实测！谁是真正的第一梯队？,凤凰车研所,2026-08-17 11:34:40,232731,1923,1,【无广实测】问/鹏/理/迪/米/蔚/尚/氪/奔 9车辅助驾驶深度体验,40983071508,727.81100,1,25,16777215,2026-08-24 13:55:35,1787550935,0,1019295b,2184894617211433216,问界怎么突然多了4次接管？
BV15Xb86nEzv,117108709072765,【无广】9大辅助驾驶晚高峰实测！谁是真正的第一梯队？,凤凰车研所,2026-08-17 11:34:40,232731,1923,1,【无广实测】问/鹏/理/迪/米/蔚/尚/氪/奔 9车辅助驾驶深度体验,40983071508,313.06100,4,25,16646914,2026-08-24 13:42:37,1787550157,0,467118fd,2184888095387044352,前面急死了，遇上交通管制还不是运气不好啊
BV15Xb86nEzv,117108709072765,【无广】9大辅助驾驶晚高峰实测！谁是真正的第一梯队？,凤凰车研所,2026-08-17 11:34:40,232731,1923,1,【无广实测】问/鹏/理/迪/米/蔚/尚/氪/奔 9车辅助驾驶深度体验,40983071508,301.25000,5,25,16777215,2026-08-24 13:42:18,1787550138,0,467118fd,2184887935290560768,前面急死了，遇上交通管制还不是运气不好啊
BV15Xb86nEzv,117108709072765,【无广】9大辅助驾驶晚高峰实测！谁是真正的第一梯队？,凤凰车研所,2026-08-17 11:34:40,232731,1923,1,【无广实测】问/鹏/理/迪/米/蔚/尚/氪/奔 9车辅助驾驶深度体验,40983071508,243.85400,5,25,16777215,2026-08-24 13:41:13,1787550073,0,467118fd,2184887386834717952,华为牛逼
BV15Xb86nEzv,117108709072765,【无广】9大辅助驾驶晚高峰实测！谁是真正的第一梯队？,凤凰车研所,2026-08-17 11:34:40,232731,1923,1,【无广实测】问/鹏/理/迪/米/蔚/尚/氪/奔 9车辅助驾驶深度体验,40983071508,205.03500,5,25,16777215,2026-08-24 13:40:27,1787550027,0,467118fd,2184887005840944128,买到正品小米辣
BV15Xb86nEzv,117108709072765,【无广】9大辅助驾驶晚高峰实测！谁是真正的第一梯队？,凤凰车研所,2026-08-17 11:34:40,232731,1923,1,【无广实测】问/鹏/理/迪/米/蔚/尚/氪/奔 9车辅助驾驶深度体验,40983071508,196.31700,5,25,16777215,2026-08-24 13:40:17,1787550017,0,467118fd,2184886917676747520,买到正品小米辣
BV15Xb86nEzv,117108709072765,【无广】9大辅助驾驶晚高峰实测！谁是真正的第一梯队？,凤凰车研所,2026-08-17 11:34:40,232731,1923,1,【无广实测】问/鹏/理/迪/米/蔚/尚/氪/奔 9车辅助驾驶深度体验,40983071508,178.27200,5,25,16777215,2026-08-24 13:39:42,1787549982,0,467118fd,2184886629460827648,玄武骂归骂，华子智驾确实有东西的
BV15Xb86nEzv,117108709072765,【无广】9大辅助驾驶晚高峰实测！谁是真正的第一梯队？,凤凰车研所,2026-08-17 11:34:40,232731,1923,1,【无广实测】问/鹏/理/迪/米/蔚/尚/氪/奔 9车辅助驾驶深度体验,40983071508,108.93600,5,25,16777215,2026-08-24 13:38:26,1787549906,0,467118fd,2184885991280951040,小鹏纯陪跑
BV15Xb86nEzv,117108709072765,【无广】9大辅助驾驶晚高峰实测！谁是真正的第一梯队？,凤凰车研所,2026-08-17 11:34:40,232731,1923,1,【无广实测】问/鹏/理/迪/米/蔚/尚/氪/奔 9车辅助驾驶深度体验,40983071508,91.29500,1,25,16777215,2026-08-24 13:38:09,1787549889,0,467118fd,2184885843741644288,小鹏纯陪跑
BV15Xb86nEzv,117108709072765,【无广】9大辅助驾驶晚高峰实测！谁是真正的第一梯队？,凤凰车研所,2026-08-17 11:34:40,232731,1923,1,【无广实测】问/鹏/理/迪/米/蔚/尚/氪/奔 9车辅助驾驶深度体验,40983071508,72.76300,1,25,16777215,2026-08-24 13:37:50,1787549870,0,467118fd,2184885687386874624,fsd呢？
BV15Xb86nEzv,117108709072765,【无广】9大辅助驾驶晚高峰实测！谁是真正的第一梯队？,凤凰车研所,2026-08-17 11:34:40,232731,1923,1,【无广实测】问/鹏/理/迪/米/蔚/尚/氪/奔 9车辅助驾驶深度体验,40983071508,632.23900,1,25,16777215,2026-08-24 12:55:59,1787547359,0,9cadf8a7,2184864626125923072,恐怖路况
BV15Xb86nEzv,117108709072765,【无广】9大辅助驾驶晚高峰实测！谁是真正的第一梯队？,凤凰车研所,2026-08-17 11:34:40,232731,1923,1,【无广实测】问/鹏/理/迪/米/蔚/尚/氪/奔 9车辅助驾驶深度体验,40983071508,1054.81800,1,25,16777215,2026-08-24 12:06:30,1787544390,0,f76b247,2184839714090802176,小鹏牛啊
BV15Xb86nEzv,117108709072765,【无广】9大辅助驾驶晚高峰实测！谁是真正的第一梯队？,凤凰车研所,2026-08-17 11:34:40,232731,1923,1,【无广实测】问/鹏/理/迪/米/蔚/尚/氪/奔 9车辅助驾驶深度体验,40983071508,832.64200,1,25,16777215,2026-08-24 12:00:37,1787544037,0,584f77eb,2184836760537297152,前面说看起来70能过的别太夸张了好吗
BV15Xb86nEzv,117108709072765,【无广】9大辅助驾驶晚高峰实测！谁是真正的第一梯队？,凤凰车研所,2026-08-17 11:34:40,232731,1923,1,【无广实测】问/鹏/理/迪/米/蔚/尚/氪/奔 9车辅助驾驶深度体验,40983071508,907.91900,1,25,16777215,2026-08-24 11:52:29,1787543549,0,7d38b2b9,2184832664832486656,现在的M7有老手风范，两年前的M7完全是新手
BV15Xb86nEzv,117108709072765,【无广】9大辅助驾驶晚高峰实测！谁是真正的第一梯队？,凤凰车研所,2026-08-17 11:34:40,232731,1923,1,【无广实测】问/鹏/理/迪/米/蔚/尚/氪/奔 9车辅助驾驶深度体验,40983071508,55.07100,1,25,16777215,2026-08-24 11:35:03,1787542503,0,7d38b2b9,2184823891758040576,好奇奔驰是来陪练还是有一手
BV15Xb86nEzv,117108709072765,【无广】9大辅助驾驶晚高峰实测！谁是真正的第一梯队？,凤凰车研所,2026-08-17 11:34:40,232731,1923,1,【无广实测】问/鹏/理/迪/米/蔚/尚/氪/奔 9车辅助驾驶深度体验,40983071508,38.43000,1,25,16777215,2026-08-24 11:34:08,1787542448,0,7d38b2b9,2184823425326322944,这些路况都不太好用
BV15Xb86nEzv,117108709072765,【无广】9大辅助驾驶晚高峰实测！谁是真正的第一梯队？,凤凰车研所,2026-08-17 11:34:40,232731,1923,1,【无广实测】问/鹏/理/迪/米/蔚/尚/氪/奔 9车辅助驾驶深度体验,40983071508,75.35300,1,25,16777215,2026-08-24 10:24:48,1787538288,0,13ac148,2184788532383132928,极氪车主表示极氪智驾是真的拉。
BV15Xb86nEzv,117108709072765,【无广】9大辅助驾驶晚高峰实测！谁是真正的第一梯队？,凤凰车研所,2026-08-17 11:34:40,232731,1923,1,【无广实测】问/鹏/理/迪/米/蔚/尚/氪/奔 9车辅助驾驶深度体验,40983071508,894.91200,1,25,16777215,2026-08-24 10:17:42,1787537862,0,8c079eb3,2184784953693672704,小米车子不错，智驾真拉胯，问界刚好相反
BV15Xb86nEzv,117108709072765,【无广】9大辅助驾驶晚高峰实测！谁是真正的第一梯队？,凤凰车研所,2026-08-17 11:34:40,232731,1923,1,【无广实测】问/鹏/理/迪/米/蔚/尚/氪/奔 9车辅助驾驶深度体验,40983071508,855.28400,1,25,16777215,2026-08-24 10:17:02,1787537822,0,8c079eb3,2184784620816609024,小米是拉胯
BV15Xb86nEzv,117108709072765,【无广】9大辅助驾驶晚高峰实测！谁是真正的第一梯队？,凤凰车研所,2026-08-17 11:34:40,232731,1923,1,【无广实测】问/鹏/理/迪/米/蔚/尚/氪/奔 9车辅助驾驶深度体验,40983071508,264.54800,1,25,16777215,2026-08-24 09:13:21,1787534001,0,cc440d25,2184752567845201664,来重庆试试哈哈
BV15Xb86nEzv,117108709072765,【无广】9大辅助驾驶晚高峰实测！谁是真正的第一梯队？,凤凰车研所,2026-08-17 11:34:40,232731,1923,1,【无广实测】问/鹏/理/迪/米/蔚/尚/氪/奔 9车辅助驾驶深度体验,40983071508,602.89700,1,25,16777215,2026-08-24 03:28:58,1787513338,0,1b78510,2184579234876742144,这里交通情况巨差
BV15Xb86nEzv,117108709072765,【无广】9大辅助驾驶晚高峰实测！谁是真正的第一梯队？,凤凰车研所,2026-08-17 11:34:40,232731,1923,1,【无广实测】问/鹏/理/迪/米/蔚/尚/氪/奔 9车辅助驾驶深度体验,40983071508,114.38100,1,25,16777215,2026-08-24 00:56:08,1787504168,0,fc911f27,2184502310259275264,济南不知道，武汉也挺严重的
BV15Xb86nEzv,117108709072765,【无广】9大辅助驾驶晚高峰实测！谁是真正的第一梯队？,凤凰车研所,2026-08-17 11:34:40,232731,1923,1,【无广实测】问/鹏/理/迪/米/蔚/尚/氪/奔 9车辅助驾驶深度体验,40983071508,105.36300,1,25,16777215,2026-08-24 00:55:32,1787504132,0,fc911f27,2184502011121528832,郑州特色，加塞严重，哈哈哈哈
BV15Xb86nEzv,117108709072765,【无广】9大辅助驾驶晚高峰实测！谁是真正的第一梯队？,凤凰车研所,2026-08-17 11:34:40,232731,1923,1,【无广实测】问/鹏/理/迪/米/蔚/尚/氪/奔 9车辅助驾驶深度体验,40983071508,115.33300,1,25,16777215,2026-08-23 23:54:35,1787500475,0,994b470f,2184471330425096960,很符合没素质的固有印象
BV15Xb86nEzv,117108709072765,【无广】9大辅助驾驶晚高峰实测！谁是真正的第一梯队？,凤凰车研所,2026-08-17 11:34:40,232731,1923,1,【无广实测】问/鹏/理/迪/米/蔚/尚/氪/奔 9车辅助驾驶深度体验,40983071508,352.74500,1,25,16777215,2026-08-23 23:51:52,1787500312,0,d7ed1274,2184469964952828672,已取餐
BV15Xb86nEzv,117108709072765,【无广】9大辅助驾驶晚高峰实测！谁是真正的第一梯队？,凤凰车研所,2026-08-17 11:34:40,232731,1923,1,【无广实测】问/鹏/理/迪/米/蔚/尚/氪/奔 9车辅助驾驶深度体验,40983071508,149.81100,1,25,16777215,2026-08-23 23:50:39,1787500239,0,f22e16bf,2184469351578134272,买到正版了
BV15Xb86nEzv,117108709072765,【无广】9大辅助驾驶晚高峰实测！谁是真正的第一梯队？,凤凰车研所,2026-08-17 11:34:40,232731,1923,1,【无广实测】问/鹏/理/迪/米/蔚/尚/氪/奔 9车辅助驾驶深度体验,40983071508,241.55500,1,25,16777215,2026-08-23 23:49:49,1787500189,0,d7ed1274,2184468936593466880,人类最强，吹不了一点
BV15Xb86nEzv,117108709072765,【无广】9大辅助驾驶晚高峰实测！谁是真正的第一梯队？,凤凰车研所,2026-08-17 11:34:40,232731,1923,1,【无广实测】问/鹏/理/迪/米/蔚/尚/氪/奔 9车辅助驾驶深度体验,40983071508,197.43700,1,25,16777215,2026-08-23 23:48:44,1787500124,0,d7ed1274,2184468386871179520,小米：杀杀杀
BV15Xb86nEzv,117108709072765,【无广】9大辅助驾驶晚高峰实测！谁是真正的第一梯队？,凤凰车研所,2026-08-17 11:34:40,232731,1923,1,【无广实测】问/鹏/理/迪/米/蔚/尚/氪/奔 9车辅助驾驶深度体验,40983071508,191.54500,1,25,16777215,2026-08-23 23:22:33,1787498553,0,edc06eca,2184455212033601536,理他干啥，想这么走就这么走
BV15Xb86nEzv,117108709072765,【无广】9大辅助驾驶晚高峰实测！谁是真正的第一梯队？,凤凰车研所,2026-08-17 11:34:40,232731,1923,1,【无广实测】问/鹏/理/迪/米/蔚/尚/氪/奔 9车辅助驾驶深度体验,40983071508,699.00300,1,25,16777215,2026-08-23 22:50:20,1787496620,0,3789bdb5,2184438995193597184,现在没有一家真正兜底
BV15Xb86nEzv,117108709072765,【无广】9大辅助驾驶晚高峰实测！谁是真正的第一梯队？,凤凰车研所,2026-08-17 11:34:40,232731,1923,1,【无广实测】问/鹏/理/迪/米/蔚/尚/氪/奔 9车辅助驾驶深度体验,40983071508,828.95600,1,25,16777215,2026-08-23 22:28:08,1787495288,0,736e31f0,2184427821979149056,我的汉L怎么每次去下匝道直接急刹到30
BV15Xb86nEzv,117108709072765,【无广】9大辅助驾驶晚高峰实测！谁是真正的第一梯队？,凤凰车研所,2026-08-17 11:34:40,232731,1923,1,【无广实测】问/鹏/理/迪/米/蔚/尚/氪/奔 9车辅助驾驶深度体验,40983071508,548.46500,1,25,16777215,2026-08-23 22:28:07,1787495287,0,42652de1,2184427812155659776,这里接管没有意义，辅路上来要让行主路，反而纵容这种行为
BV15Xb86nEzv,117108709072765,【无广】9大辅助驾驶晚高峰实测！谁是真正的第一梯队？,凤凰车研所,2026-08-17 11:34:40,232731,1923,1,【无广实测】问/鹏/理/迪/米/蔚/尚/氪/奔 9车辅助驾驶深度体验,40983071508,20.62400,1,25,16777215,2026-08-23 21:30:04,1787491804,0,c3753668,2184398597343863296,TSLA呢
BV15Xb86nEzv,117108709072765,【无广】9大辅助驾驶晚高峰实测！谁是真正的第一梯队？,凤凰车研所,2026-08-17 11:34:40,232731,1923,1,【无广实测】问/鹏/理/迪/米/蔚/尚/氪/奔 9车辅助驾驶深度体验,40983071508,707.47000,1,25,16777215,2026-08-23 20:47:26,1787489246,0,e9801dd2,2184377136214052352,证明他们都不懂思考
BV15Xb86nEzv,117108709072765,【无广】9大辅助驾驶晚高峰实测！谁是真正的第一梯队？,凤凰车研所,2026-08-17 11:34:40,232731,1923,1,【无广实测】问/鹏/理/迪/米/蔚/尚/氪/奔 9车辅助驾驶深度体验,40983071508,77.83200,1,25,16777215,2026-08-23 20:08:22,1787486902,0,7857fc3a,2184357476605522176,上来就冒汗了么
BV15Xb86nEzv,117108709072765,【无广】9大辅助驾驶晚高峰实测！谁是真正的第一梯队？,凤凰车研所,2026-08-17 11:34:40,232731,1923,1,【无广实测】问/鹏/理/迪/米/蔚/尚/氪/奔 9车辅助驾驶深度体验,40983071508,248.25500,5,25,16777215,2026-08-23 19:21:04,1787484064,0,47bc77d5,2184333668100025600,ADS强是真强，吹也是在一步一步进步的前提下。不说无敌，但仍然是最强的一档
BV15Xb86nEzv,117108709072765,【无广】9大辅助驾驶晚高峰实测！谁是真正的第一梯队？,凤凰车研所,2026-08-17 11:34:40,232731,1923,1,【无广实测】问/鹏/理/迪/米/蔚/尚/氪/奔 9车辅助驾驶深度体验,40983071508,175.55900,1,25,16777215,2026-08-23 17:44:56,1787478296,0,c464a22c,2184285277139636224,电摩真可怕
BV15Xb86nEzv,117108709072765,【无广】9大辅助驾驶晚高峰实测！谁是真正的第一梯队？,凤凰车研所,2026-08-17 11:34:40,232731,1923,1,【无广实测】问/鹏/理/迪/米/蔚/尚/氪/奔 9车辅助驾驶深度体验,40983071508,738.77100,1,25,16777215,2026-08-23 17:41:59,1787478119,0,dbd7ee71,2184283797263684864,提神
BV15Xb86nEzv,117108709072765,【无广】9大辅助驾驶晚高峰实测！谁是真正的第一梯队？,凤凰车研所,2026-08-17 11:34:40,232731,1923,1,【无广实测】问/鹏/理/迪/米/蔚/尚/氪/奔 9车辅助驾驶深度体验,40983071508,162.61000,1,25,16777215,2026-08-23 13:11:45,1787461905,0,a044946d,2184147784004211456,小米果然是第一梯队，接管也算。
BV15Xb86nEzv,117108709072765,【无广】9大辅助驾驶晚高峰实测！谁是真正的第一梯队？,凤凰车研所,2026-08-17 11:34:40,232731,1923,1,【无广实测】问/鹏/理/迪/米/蔚/尚/氪/奔 9车辅助驾驶深度体验,40983071508,737.74900,1,25,16777215,2026-08-23 12:51:44,1787460704,0,553e2378,2184137706710635264,5
BV15Xb86nEzv,117108709072765,【无广】9大辅助驾驶晚高峰实测！谁是真正的第一梯队？,凤凰车研所,2026-08-17 11:34:40,232731,1923,1,【无广实测】问/鹏/理/迪/米/蔚/尚/氪/奔 9车辅助驾驶深度体验,40983071508,427.96200,1,25,16777215,2026-08-23 12:00:33,1787457633,0,77b92049,2184111946277409792,这什么b路
BV15Xb86nEzv,117108709072765,【无广】9大辅助驾驶晚高峰实测！谁是真正的第一梯队？,凤凰车研所,2026-08-17 11:34:40,232731,1923,1,【无广实测】问/鹏/理/迪/米/蔚/尚/氪/奔 9车辅助驾驶深度体验,40983071508,288.61900,1,25,16777215,2026-08-23 11:48:32,1787456912,0,68726b5b,2184105902679457280,绝对是商单，遥遥领先还是太超前了
BV15Xb86nEzv,117108709072765,【无广】9大辅助驾驶晚高峰实测！谁是真正的第一梯队？,凤凰车研所,2026-08-17 11:34:40,232731,1923,1,【无广实测】问/鹏/理/迪/米/蔚/尚/氪/奔 9车辅助驾驶深度体验,40983071508,86.88100,1,25,16777215,2026-08-23 10:44:36,1787453076,0,9c226d49,2184073720665158400,FSD没有，怕尴尬？
BV15Xb86nEzv,117108709072765,【无广】9大辅助驾驶晚高峰实测！谁是真正的第一梯队？,凤凰车研所,2026-08-17 11:34:40,232731,1923,1,【无广实测】问/鹏/理/迪/米/蔚/尚/氪/奔 9车辅助驾驶深度体验,40983071508,54.77000,1,25,16777215,2026-08-23 10:43:25,1787453005,0,9c226d49,2184073122272042752,你们不知道吗？特斯拉是第三梯队，梯队越大越厉害：）
BV15Xb86nEzv,117108709072765,【无广】9大辅助驾驶晚高峰实测！谁是真正的第一梯队？,凤凰车研所,2026-08-17 11:34:40,232731,1923,1,【无广实测】问/鹏/理/迪/米/蔚/尚/氪/奔 9车辅助驾驶深度体验,40983071508,1031.31300,1,25,16777215,2026-08-23 10:25:36,1787451936,0,8257b0ea,2184064160554780928,弹幕是懂得，95分没到100就和60分没区别咯
BV15Xb86nEzv,117108709072765,【无广】9大辅助驾驶晚高峰实测！谁是真正的第一梯队？,凤凰车研所,2026-08-17 11:34:40,232731,1923,1,【无广实测】问/鹏/理/迪/米/蔚/尚/氪/奔 9车辅助驾驶深度体验,40983071508,597.55700,1,25,16777215,2026-08-23 10:24:42,1787451882,0,a261b275,2184063703686406144,ES8版本不是最新的，可惜了。
BV15Xb86nEzv,117108709072765,【无广】9大辅助驾驶晚高峰实测！谁是真正的第一梯队？,凤凰车研所,2026-08-17 11:34:40,232731,1923,1,【无广实测】问/鹏/理/迪/米/蔚/尚/氪/奔 9车辅助驾驶深度体验,40983071508,197.85000,1,25,16777215,2026-08-23 09:59:44,1787450384,0,e71cba9b,2184051139111605248,小米第一了
BV15Xb86nEzv,117108709072765,【无广】9大辅助驾驶晚高峰实测！谁是真正的第一梯队？,凤凰车研所,2026-08-17 11:34:40,232731,1923,1,【无广实测】问/鹏/理/迪/米/蔚/尚/氪/奔 9车辅助驾驶深度体验,40983071508,355.82700,1,25,16777215,2026-08-23 09:52:20,1787449940,0,e6fd155,2184047412338581760,小米法务部！启动！
BV15Xb86nEzv,117108709072765,【无广】9大辅助驾驶晚高峰实测！谁是真正的第一梯队？,凤凰车研所,2026-08-17 11:34:40,232731,1923,1,【无广实测】问/鹏/理/迪/米/蔚/尚/氪/奔 9车辅助驾驶深度体验,40983071508,349.96600,1,25,16777215,2026-08-23 09:52:03,1787449923,0,e6fd155,2184047268801111552,法务部7000勇士明天打车来找你
BV15Xb86nEzv,117108709072765,【无广】9大辅助驾驶晚高峰实测！谁是真正的第一梯队？,凤凰车研所,2026-08-17 11:34:40,232731,1923,1,【无广实测】问/鹏/理/迪/米/蔚/尚/氪/奔 9车辅助驾驶深度体验,40983071508,121.94100,1,25,16777215,2026-08-23 09:32:41,1787448761,0,83b490b9,2184037521280130048,？？？？什么流氓智驾
BV15Xb86nEzv,117108709072765,【无广】9大辅助驾驶晚高峰实测！谁是真正的第一梯队？,凤凰车研所,2026-08-17 11:34:40,232731,1923,1,【无广实测】问/鹏/理/迪/米/蔚/尚/氪/奔 9车辅助驾驶深度体验,40983071508,437.02500,1,25,16777215,2026-08-23 07:09:26,1787440166,0,40219e8e,2183965419223379200,现在的二七已经很好了，16年的二七才是地狱
BV15Xb86nEzv,117108709072765,【无广】9大辅助驾驶晚高峰实测！谁是真正的第一梯队？,凤凰车研所,2026-08-17 11:34:40,232731,1923,1,【无广实测】问/鹏/理/迪/米/蔚/尚/氪/奔 9车辅助驾驶深度体验,40983071508,698.22900,1,25,16777215,2026-08-23 03:48:15,1787428095,0,59c2aad6,2183864164144626688,兜底的只是泊车，还没有哪家敢说上路兜底
BV15Xb86nEzv,117108709072765,【无广】9大辅助驾驶晚高峰实测！谁是真正的第一梯队？,凤凰车研所,2026-08-17 11:34:40,232731,1923,1,【无广实测】问/鹏/理/迪/米/蔚/尚/氪/奔 9车辅助驾驶深度体验,40983071508,202.46900,1,25,16777215,2026-08-23 02:09:38,1787422178,0,1aac253b,2183814532358086912,我支持小米，我们都喜欢绿化带，有共同的爱好
BV15Xb86nEzv,117108709072765,【无广】9大辅助驾驶晚高峰实测！谁是真正的第一梯队？,凤凰车研所,2026-08-17 11:34:40,232731,1923,1,【无广实测】问/鹏/理/迪/米/蔚/尚/氪/奔 9车辅助驾驶深度体验,40983071508,384.88000,1,25,16777215,2026-08-23 01:59:05,1787421545,0,ad0b9d4a,2183809218602282496,各有长处啊
BV15Xb86nEzv,117108709072765,【无广】9大辅助驾驶晚高峰实测！谁是真正的第一梯队？,凤凰车研所,2026-08-17 11:34:40,232731,1923,1,【无广实测】问/鹏/理/迪/米/蔚/尚/氪/奔 9车辅助驾驶深度体验,40983071508,147.86500,1,25,16777215,2026-08-23 01:20:34,1787419234,0,ae016f50,2183789832185211648,这不才是表现最好的吗？
BV15Xb86nEzv,117108709072765,【无广】9大辅助驾驶晚高峰实测！谁是真正的第一梯队？,凤凰车研所,2026-08-17 11:34:40,232731,1923,1,【无广实测】问/鹏/理/迪/米/蔚/尚/氪/奔 9车辅助驾驶深度体验,40983071508,153.10000,1,25,16777215,2026-08-23 01:16:28,1787418988,0,513d85b8,2183787772463769088,哈哈哈哈
BV15Xb86nEzv,117108709072765,【无广】9大辅助驾驶晚高峰实测！谁是真正的第一梯队？,凤凰车研所,2026-08-17 11:34:40,232731,1923,1,【无广实测】问/鹏/理/迪/米/蔚/尚/氪/奔 9车辅助驾驶深度体验,40983071508,138.78300,1,25,16777215,2026-08-22 23:14:03,1787411643,0,2e45fe83,2183726151250761472,千里冒汗
BV15Xb86nEzv,117108709072765,【无广】9大辅助驾驶晚高峰实测！谁是真正的第一梯队？,凤凰车研所,2026-08-17 11:34:40,232731,1923,1,【无广实测】问/鹏/理/迪/米/蔚/尚/氪/奔 9车辅助驾驶深度体验,40983071508,353.60500,1,25,16777215,2026-08-22 22:19:27,1787408367,0,5a3b5f1d,2183698677720805632,第一梯队？？？
BV15Xb86nEzv,117108709072765,【无广】9大辅助驾驶晚高峰实测！谁是真正的第一梯队？,凤凰车研所,2026-08-17 11:34:40,232731,1923,1,【无广实测】问/鹏/理/迪/米/蔚/尚/氪/奔 9车辅助驾驶深度体验,40983071508,265.03500,1,25,16777215,2026-08-22 22:17:48,1787408268,0,5a3b5f1d,2183697840999286272,洋人之下我第一
BV15Xb86nEzv,117108709072765,【无广】9大辅助驾驶晚高峰实测！谁是真正的第一梯队？,凤凰车研所,2026-08-17 11:34:40,232731,1923,1,【无广实测】问/鹏/理/迪/米/蔚/尚/氪/奔 9车辅助驾驶深度体验,40983071508,202.94600,1,25,16777215,2026-08-22 22:16:31,1787408191,0,5a3b5f1d,2183697198473751808,小米祖传幽默
BV15Xb86nEzv,117108709072765,【无广】9大辅助驾驶晚高峰实测！谁是真正的第一梯队？,凤凰车研所,2026-08-17 11:34:40,232731,1923,1,【无广实测】问/鹏/理/迪/米/蔚/尚/氪/奔 9车辅助驾驶深度体验,40983071508,750.83100,1,25,16777215,2026-08-22 21:18:25,1787404705,0,ef725fdb,2183667956222425344,高情商：这不太聪明，，低情商：这有点笨
BV15Xb86nEzv,117108709072765,【无广】9大辅助驾驶晚高峰实测！谁是真正的第一梯队？,凤凰车研所,2026-08-17 11:34:40,232731,1923,1,【无广实测】问/鹏/理/迪/米/蔚/尚/氪/奔 9车辅助驾驶深度体验,40983071508,399.25600,1,25,16777215,2026-08-22 21:10:27,1787404227,0,ef725fdb,2183663941845754112,高情商：保守策略，，低情商：智障
BV15Xb86nEzv,117108709072765,【无广】9大辅助驾驶晚高峰实测！谁是真正的第一梯队？,凤凰车研所,2026-08-17 11:34:40,232731,1923,1,【无广实测】问/鹏/理/迪/米/蔚/尚/氪/奔 9车辅助驾驶深度体验,40983071508,828.56900,1,25,16777215,2026-08-22 21:02:06,1787403726,0,7bccc6f7,2183659744018451456,没事有比亚迪兜底
BV15Xb86nEzv,117108709072765,【无广】9大辅助驾驶晚高峰实测！谁是真正的第一梯队？,凤凰车研所,2026-08-17 11:34:40,232731,1923,1,【无广实测】问/鹏/理/迪/米/蔚/尚/氪/奔 9车辅助驾驶深度体验,40983071508,877.98700,1,25,16777215,2026-08-22 20:58:39,1787403519,0,a5464c5f,2183658006880487424,这种叼路我就不可能往里开，更别说让智驾开了…
BV15Xb86nEzv,117108709072765,【无广】9大辅助驾驶晚高峰实测！谁是真正的第一梯队？,凤凰车研所,2026-08-17 11:34:40,232731,1923,1,【无广实测】问/鹏/理/迪/米/蔚/尚/氪/奔 9车辅助驾驶深度体验,40983071508,190.60200,1,25,16777215,2026-08-22 20:50:42,1787403042,0,7bccc6f7,2183654004482612736,Duang到Duang
BV15Xb86nEzv,117108709072765,【无广】9大辅助驾驶晚高峰实测！谁是真正的第一梯队？,凤凰车研所,2026-08-17 11:34:40,232731,1923,1,【无广实测】问/鹏/理/迪/米/蔚/尚/氪/奔 9车辅助驾驶深度体验,40983071508,823.09200,1,25,16777215,2026-08-22 20:24:05,1787401445,0,18359016,2183640611104900608,小米意料之中，纯纯烂车
BV15Xb86nEzv,117108709072765,【无广】9大辅助驾驶晚高峰实测！谁是真正的第一梯队？,凤凰车研所,2026-08-17 11:34:40,232731,1923,1,【无广实测】问/鹏/理/迪/米/蔚/尚/氪/奔 9车辅助驾驶深度体验,40983071508,149.50200,1,25,16777215,2026-08-22 20:02:19,1787400139,0,ee2a15d6,2183629652856894720,这才叫理想嘛
BV15Xb86nEzv,117108709072765,【无广】9大辅助驾驶晚高峰实测！谁是真正的第一梯队？,凤凰车研所,2026-08-17 11:34:40,232731,1923,1,【无广实测】问/鹏/理/迪/米/蔚/尚/氪/奔 9车辅助驾驶深度体验,40983071508,27.17900,1,25,16777215,2026-08-22 19:37:50,1787398670,0,64f2cb5b,2183617330704691456,文远知行呢？
BV15Xb86nEzv,117108709072765,【无广】9大辅助驾驶晚高峰实测！谁是真正的第一梯队？,凤凰车研所,2026-08-17 11:34:40,232731,1923,1,【无广实测】问/鹏/理/迪/米/蔚/尚/氪/奔 9车辅助驾驶深度体验,40983071508,849.65100,1,25,16777215,2026-08-22 19:33:43,1787398423,0,57aecb83,2183615259591130880,小米问题算少了
BV15Xb86nEzv,117108709072765,【无广】9大辅助驾驶晚高峰实测！谁是真正的第一梯队？,凤凰车研所,2026-08-17 11:34:40,232731,1923,1,【无广实测】问/鹏/理/迪/米/蔚/尚/氪/奔 9车辅助驾驶深度体验,40983071508,351.12100,1,25,16777215,2026-08-22 17:55:42,1787392542,0,6dbbdcd,2183565921355247872,又黑我米，我猕猴给你爆了
BV15Xb86nEzv,117108709072765,【无广】9大辅助驾驶晚高峰实测！谁是真正的第一梯队？,凤凰车研所,2026-08-17 11:34:40,232731,1923,1,【无广实测】问/鹏/理/迪/米/蔚/尚/氪/奔 9车辅助驾驶深度体验,40983071508,209.89700,1,25,16777215,2026-08-22 17:53:01,1787392381,0,6dbbdcd,2183564576661291264,猕猴高潮了
BV15Xb86nEzv,117108709072765,【无广】9大辅助驾驶晚高峰实测！谁是真正的第一梯队？,凤凰车研所,2026-08-17 11:34:40,232731,1923,1,【无广实测】问/鹏/理/迪/米/蔚/尚/氪/奔 9车辅助驾驶深度体验,40983071508,698.09900,1,25,16777215,2026-08-22 16:03:19,1787385799,0,a21bd147,2183509363187127296,你没见过保险公司这也不赔那也不赔吗？
BV15Xb86nEzv,117108709072765,【无广】9大辅助驾驶晚高峰实测！谁是真正的第一梯队？,凤凰车研所,2026-08-17 11:34:40,232731,1923,1,【无广实测】问/鹏/理/迪/米/蔚/尚/氪/奔 9车辅助驾驶深度体验,40983071508,56.99500,1,25,16777215,2026-08-22 15:52:21,1787385141,0,a21bd147,2183503844162607616,大胆，我累总说了小米是第一梯队
BV15Xb86nEzv,117108709072765,【无广】9大辅助驾驶晚高峰实测！谁是真正的第一梯队？,凤凰车研所,2026-08-17 11:34:40,232731,1923,1,【无广实测】问/鹏/理/迪/米/蔚/尚/氪/奔 9车辅助驾驶深度体验,40983071508,351.61000,1,25,16777215,2026-08-22 15:12:31,1787382751,0,a0719b21,2183483792537574400,大胆！
BV15Xb86nEzv,117108709072765,【无广】9大辅助驾驶晚高峰实测！谁是真正的第一梯队？,凤凰车研所,2026-08-17 11:34:40,232731,1923,1,【无广实测】问/鹏/理/迪/米/蔚/尚/氪/奔 9车辅助驾驶深度体验,40983071508,191.39200,1,25,16777215,2026-08-22 15:09:38,1787382578,0,a0719b21,2183482342717604352,右面有绿色，它向往自然
BV15Xb86nEzv,117108709072765,【无广】9大辅助驾驶晚高峰实测！谁是真正的第一梯队？,凤凰车研所,2026-08-17 11:34:40,232731,1923,1,【无广实测】问/鹏/理/迪/米/蔚/尚/氪/奔 9车辅助驾驶深度体验,40983071508,156.37400,1,25,16777215,2026-08-22 15:08:12,1787382492,0,a0719b21,2183481616884906240,它应该是在找大运或者同级别车
BV15Xb86nEzv,117108709072765,【无广】9大辅助驾驶晚高峰实测！谁是真正的第一梯队？,凤凰车研所,2026-08-17 11:34:40,232731,1923,1,【无广实测】问/鹏/理/迪/米/蔚/尚/氪/奔 9车辅助驾驶深度体验,40983071508,435.80000,1,25,16777215,2026-08-22 13:44:11,1787377451,0,4531d291,2183439335758658560,千里冒汗
BV15Xb86nEzv,117108709072765,【无广】9大辅助驾驶晚高峰实测！谁是真正的第一梯队？,凤凰车研所,2026-08-17 11:34:40,232731,1923,1,【无广实测】问/鹏/理/迪/米/蔚/尚/氪/奔 9车辅助驾驶深度体验,40983071508,375.81900,1,25,16777215,2026-08-22 13:42:42,1787377362,0,4531d291,2183438581992068352,ads还是最稳
BV15Xb86nEzv,117108709072765,【无广】9大辅助驾驶晚高峰实测！谁是真正的第一梯队？,凤凰车研所,2026-08-17 11:34:40,232731,1923,1,【无广实测】问/鹏/理/迪/米/蔚/尚/氪/奔 9车辅助驾驶深度体验,40983071508,338.85300,1,25,16777215,2026-08-22 13:40:54,1787377254,0,b18ca3c3,2183437676878128896,问界是运气好没有碰到交通管制？
BV15Xb86nEzv,117108709072765,【无广】9大辅助驾驶晚高峰实测！谁是真正的第一梯队？,凤凰车研所,2026-08-17 11:34:40,232731,1923,1,【无广实测】问/鹏/理/迪/米/蔚/尚/氪/奔 9车辅助驾驶深度体验,40983071508,735.72300,1,25,16777215,2026-08-22 13:00:59,1787374859,3,fdfc11dc,2183417587789068288,3
BV15Xb86nEzv,117108709072765,【无广】9大辅助驾驶晚高峰实测！谁是真正的第一梯队？,凤凰车研所,2026-08-17 11:34:40,232731,1923,1,【无广实测】问/鹏/理/迪/米/蔚/尚/氪/奔 9车辅助驾驶深度体验,40983071508,700.38000,1,25,16777215,2026-08-22 12:52:27,1787374347,0,f71f3905,2183413291262018304,等出大事故了，让兜底的那家替你蹲局子去。。
BV15Xb86nEzv,117108709072765,【无广】9大辅助驾驶晚高峰实测！谁是真正的第一梯队？,凤凰车研所,2026-08-17 11:34:40,232731,1923,1,【无广实测】问/鹏/理/迪/米/蔚/尚/氪/奔 9车辅助驾驶深度体验,40983071508,736.00000,1,25,16777215,2026-08-22 11:12:55,1787368375,3,2af68f8c,2183363196742734848,5
BV15Xb86nEzv,117108709072765,【无广】9大辅助驾驶晚高峰实测！谁是真正的第一梯队？,凤凰车研所,2026-08-17 11:34:40,232731,1923,1,【无广实测】问/鹏/理/迪/米/蔚/尚/氪/奔 9车辅助驾驶深度体验,40983071508,152.57600,1,25,16777215,2026-08-22 11:08:24,1787368104,0,f42738be,2183360927406136320,可以，这很理想
BV15Xb86nEzv,117108709072765,【无广】9大辅助驾驶晚高峰实测！谁是真正的第一梯队？,凤凰车研所,2026-08-17 11:34:40,232731,1923,1,【无广实测】问/鹏/理/迪/米/蔚/尚/氪/奔 9车辅助驾驶深度体验,40983071508,734.00000,1,25,16777215,2026-08-22 09:32:21,1787362341,3,eb202ada,2183312579177503488,5
BV15Xb86nEzv,117108709072765,【无广】9大辅助驾驶晚高峰实测！谁是真正的第一梯队？,凤凰车研所,2026-08-17 11:34:40,232731,1923,1,【无广实测】问/鹏/理/迪/米/蔚/尚/氪/奔 9车辅助驾驶深度体验,40983071508,735.00000,1,25,16777215,2026-08-22 08:25:44,1787358344,3,efa50088,2183279053979936768,5
BV15Xb86nEzv,117108709072765,【无广】9大辅助驾驶晚高峰实测！谁是真正的第一梯队？,凤凰车研所,2026-08-17 11:34:40,232731,1923,1,【无广实测】问/鹏/理/迪/米/蔚/尚/氪/奔 9车辅助驾驶深度体验,40983071508,735.15000,1,25,16777215,2026-08-22 04:15:12,1787343312,3,8fc6796e,2183152956231586048,5
BV15Xb86nEzv,117108709072765,【无广】9大辅助驾驶晚高峰实测！谁是真正的第一梯队？,凤凰车研所,2026-08-17 11:34:40,232731,1923,1,【无广实测】问/鹏/理/迪/米/蔚/尚/氪/奔 9车辅助驾驶深度体验,40983071508,733.10800,1,25,16777215,2026-08-22 00:27:39,1787329659,3,988c44be,2183038421348881408,5
BV15Xb86nEzv,117108709072765,【无广】9大辅助驾驶晚高峰实测！谁是真正的第一梯队？,凤凰车研所,2026-08-17 11:34:40,232731,1923,1,【无广实测】问/鹏/理/迪/米/蔚/尚/氪/奔 9车辅助驾驶深度体验,40983071508,432.26300,1,25,16777215,2026-08-21 22:25:44,1787322344,0,fa11748a,2182977061893886976,窄道对大车要求更高？最好选大小相近的车。
BV15Xb86nEzv,117108709072765,【无广】9大辅助驾驶晚高峰实测！谁是真正的第一梯队？,凤凰车研所,2026-08-17 11:34:40,232731,1923,1,【无广实测】问/鹏/理/迪/米/蔚/尚/氪/奔 9车辅助驾驶深度体验,40983071508,86.33500,1,25,16777215,2026-08-21 21:32:51,1787319171,0,9fa21696,2182950445142855936,未来科学城
BV15Xb86nEzv,117108709072765,【无广】9大辅助驾驶晚高峰实测！谁是真正的第一梯队？,凤凰车研所,2026-08-17 11:34:40,232731,1923,1,【无广实测】问/鹏/理/迪/米/蔚/尚/氪/奔 9车辅助驾驶深度体验,40983071508,376.48000,1,25,16777215,2026-08-21 21:18:49,1787318329,0,42b9122b,2182943382446764288,蔚来？？有几个敢用？
BV15Xb86nEzv,117108709072765,【无广】9大辅助驾驶晚高峰实测！谁是真正的第一梯队？,凤凰车研所,2026-08-17 11:34:40,232731,1923,1,【无广实测】问/鹏/理/迪/米/蔚/尚/氪/奔 9车辅助驾驶深度体验,40983071508,205.01800,1,25,16777215,2026-08-21 21:18:26,1787318306,0,b2842ca4,2182943183812789248,弹幕划为higo又沸腾了
BV15Xb86nEzv,117108709072765,【无广】9大辅助驾驶晚高峰实测！谁是真正的第一梯队？,凤凰车研所,2026-08-17 11:34:40,232731,1923,1,【无广实测】问/鹏/理/迪/米/蔚/尚/氪/奔 9车辅助驾驶深度体验,40983071508,739.11900,1,25,16777215,2026-08-21 19:58:26,1787313506,0,daf9c3cc,2182902924182352640,5
BV15Xb86nEzv,117108709072765,【无广】9大辅助驾驶晚高峰实测！谁是真正的第一梯队？,凤凰车研所,2026-08-17 11:34:40,232731,1923,1,【无广实测】问/鹏/理/迪/米/蔚/尚/氪/奔 9车辅助驾驶深度体验,40983071508,736.00000,1,25,16777215,2026-08-21 19:40:51,1787312451,3,14aa77cd,2182894069779477760,5
BV15Xb86nEzv,117108709072765,【无广】9大辅助驾驶晚高峰实测！谁是真正的第一梯队？,凤凰车研所,2026-08-17 11:34:40,232731,1923,1,【无广实测】问/鹏/理/迪/米/蔚/尚/氪/奔 9车辅助驾驶深度体验,40983071508,734.38000,1,25,16777215,2026-08-21 19:29:59,1787311799,3,dba05995,2182888598939333888,5
BV15Xb86nEzv,117108709072765,【无广】9大辅助驾驶晚高峰实测！谁是真正的第一梯队？,凤凰车研所,2026-08-17 11:34:40,232731,1923,1,【无广实测】问/鹏/理/迪/米/蔚/尚/氪/奔 9车辅助驾驶深度体验,40983071508,882.77500,1,25,16777215,2026-08-21 18:19:08,1787307548,0,d178c50f,2182852940124166144,总结一下：富人不是傻子直到什么是好东西！！！
BV15Xb86nEzv,117108709072765,【无广】9大辅助驾驶晚高峰实测！谁是真正的第一梯队？,凤凰车研所,2026-08-17 11:34:40,232731,1923,1,【无广实测】问/鹏/理/迪/米/蔚/尚/氪/奔 9车辅助驾驶深度体验,40983071508,54.12200,1,25,16777215,2026-08-21 18:05:09,1787306709,0,1093647e,2182845903767997440,印象里华为倒数第一
BV15Xb86nEzv,117108709072765,【无广】9大辅助驾驶晚高峰实测！谁是真正的第一梯队？,凤凰车研所,2026-08-17 11:34:40,232731,1923,1,【无广实测】问/鹏/理/迪/米/蔚/尚/氪/奔 9车辅助驾驶深度体验,40983071508,37.61200,1,25,16777215,2026-08-21 18:04:43,1787306683,0,1093647e,2182845688189250816,嘲讽尊借是吧
BV15Xb86nEzv,117108709072765,【无广】9大辅助驾驶晚高峰实测！谁是真正的第一梯队？,凤凰车研所,2026-08-17 11:34:40,232731,1923,1,【无广实测】问/鹏/理/迪/米/蔚/尚/氪/奔 9车辅助驾驶深度体验,40983071508,386.45000,1,25,16777215,2026-08-21 17:16:29,1787303789,0,322a51fd,2182821413847983872,说白了都不成熟
BV15Xb86nEzv,117108709072765,【无广】9大辅助驾驶晚高峰实测！谁是真正的第一梯队？,凤凰车研所,2026-08-17 11:34:40,232731,1923,1,【无广实测】问/鹏/理/迪/米/蔚/尚/氪/奔 9车辅助驾驶深度体验,40983071508,153.85400,1,25,16777215,2026-08-21 16:57:38,1787302658,0,9b67b766,2182811921643550720,理想啊，那不奇怪了
BV15Xb86nEzv,117108709072765,【无广】9大辅助驾驶晚高峰实测！谁是真正的第一梯队？,凤凰车研所,2026-08-17 11:34:40,232731,1923,1,【无广实测】问/鹏/理/迪/米/蔚/尚/氪/奔 9车辅助驾驶深度体验,40983071508,734.00000,1,25,16777215,2026-08-21 16:11:12,1787299872,3,df40beb2,2182788554856815360,5
BV15Xb86nEzv,117108709072765,【无广】9大辅助驾驶晚高峰实测！谁是真正的第一梯队？,凤凰车研所,2026-08-17 11:34:40,232731,1923,1,【无广实测】问/鹏/理/迪/米/蔚/尚/氪/奔 9车辅助驾驶深度体验,40983071508,85.03200,1,25,16777215,2026-08-21 16:07:09,1787299629,0,13eae6a6,2182786513036265728,你这个不对，华为的智驾已经是5.0了，你这还是4.1
BV15Xb86nEzv,117108709072765,【无广】9大辅助驾驶晚高峰实测！谁是真正的第一梯队？,凤凰车研所,2026-08-17 11:34:40,232731,1923,1,【无广实测】问/鹏/理/迪/米/蔚/尚/氪/奔 9车辅助驾驶深度体验,40983071508,614.74200,1,25,16777215,2026-08-21 15:24:11,1787297051,0,e3bfc840,2182764889369299968,这交通环境也是跟广州有一拼了
BV15Xb86nEzv,117108709072765,【无广】9大辅助驾驶晚高峰实测！谁是真正的第一梯队？,凤凰车研所,2026-08-17 11:34:40,232731,1923,1,【无广实测】问/鹏/理/迪/米/蔚/尚/氪/奔 9车辅助驾驶深度体验,40983071508,735.00000,1,25,16777215,2026-08-21 15:19:08,1787296748,3,a8ca5f9d,2182762347536802048,5
BV15Xb86nEzv,117108709072765,【无广】9大辅助驾驶晚高峰实测！谁是真正的第一梯队？,凤凰车研所,2026-08-17 11:34:40,232731,1923,1,【无广实测】问/鹏/理/迪/米/蔚/尚/氪/奔 9车辅助驾驶深度体验,40983071508,143.20800,1,25,16777215,2026-08-21 15:16:18,1787296578,0,e3bfc840,2182760918587831552,不还是加塞？
BV15Xb86nEzv,117108709072765,【无广】9大辅助驾驶晚高峰实测！谁是真正的第一梯队？,凤凰车研所,2026-08-17 11:34:40,232731,1923,1,【无广实测】问/鹏/理/迪/米/蔚/尚/氪/奔 9车辅助驾驶深度体验,40983071508,195.23600,1,25,16777215,2026-08-21 14:51:32,1787295092,0,419d5617,2182748454508886784,理想费钱，xiaomi要命
BV15Xb86nEzv,117108709072765,【无广】9大辅助驾驶晚高峰实测！谁是真正的第一梯队？,凤凰车研所,2026-08-17 11:34:40,232731,1923,1,【无广实测】问/鹏/理/迪/米/蔚/尚/氪/奔 9车辅助驾驶深度体验,40983071508,153.08600,1,25,16777215,2026-08-21 14:17:47,1787293067,0,ebdea50c,2182731464834804992,理想这么开就对了
BV15Xb86nEzv,117108709072765,【无广】9大辅助驾驶晚高峰实测！谁是真正的第一梯队？,凤凰车研所,2026-08-17 11:34:40,232731,1923,1,【无广实测】问/鹏/理/迪/米/蔚/尚/氪/奔 9车辅助驾驶深度体验,40983071508,733.77900,1,25,16777215,2026-08-21 13:20:00,1787289600,3,9c6ef759,2182702382050427136,5
BV15Xb86nEzv,117108709072765,【无广】9大辅助驾驶晚高峰实测！谁是真正的第一梯队？,凤凰车研所,2026-08-17 11:34:40,232731,1923,1,【无广实测】问/鹏/理/迪/米/蔚/尚/氪/奔 9车辅助驾驶深度体验,40983071508,278.66800,1,25,16777215,2026-08-21 13:14:38,1787289278,0,7cf329cc,2182699683628778240,下次还有人跟我说ads不行，我就发这个视频！！！
BV15Xb86nEzv,117108709072765,【无广】9大辅助驾驶晚高峰实测！谁是真正的第一梯队？,凤凰车研所,2026-08-17 11:34:40,232731,1923,1,【无广实测】问/鹏/理/迪/米/蔚/尚/氪/奔 9车辅助驾驶深度体验,40983071508,735.56300,1,25,16777215,2026-08-21 12:56:19,1787288179,3,2290a1bb,2182690459774972160,5
BV15Xb86nEzv,117108709072765,【无广】9大辅助驾驶晚高峰实测！谁是真正的第一梯队？,凤凰车研所,2026-08-17 11:34:40,232731,1923,1,【无广实测】问/鹏/理/迪/米/蔚/尚/氪/奔 9车辅助驾驶深度体验,40983071508,197.20400,1,25,16777215,2026-08-21 12:31:08,1787286668,0,c81ea613,2182677791643306240,？
BV15Xb86nEzv,117108709072765,【无广】9大辅助驾驶晚高峰实测！谁是真正的第一梯队？,凤凰车研所,2026-08-17 11:34:40,232731,1923,1,【无广实测】问/鹏/理/迪/米/蔚/尚/氪/奔 9车辅助驾驶深度体验,40983071508,111.92000,1,25,16777215,2026-08-21 12:30:55,1787286655,0,65cfa23d,2182677675855176448,窝嘞个横穿马路
BV15Xb86nEzv,117108709072765,【无广】9大辅助驾驶晚高峰实测！谁是真正的第一梯队？,凤凰车研所,2026-08-17 11:34:40,232731,1923,1,【无广实测】问/鹏/理/迪/米/蔚/尚/氪/奔 9车辅助驾驶深度体验,40983071508,470.14000,1,25,16777215,2026-08-21 12:30:35,1787286635,0,755098f7,2182677512101274112,问界还是牛的
BV15Xb86nEzv,117108709072765,【无广】9大辅助驾驶晚高峰实测！谁是真正的第一梯队？,凤凰车研所,2026-08-17 11:34:40,232731,1923,1,【无广实测】问/鹏/理/迪/米/蔚/尚/氪/奔 9车辅助驾驶深度体验,40983071508,121.91800,1,25,16777215,2026-08-21 12:29:38,1787286578,0,c81ea613,2182677033724495872,？
BV15Xb86nEzv,117108709072765,【无广】9大辅助驾驶晚高峰实测！谁是真正的第一梯队？,凤凰车研所,2026-08-17 11:34:40,232731,1923,1,【无广实测】问/鹏/理/迪/米/蔚/尚/氪/奔 9车辅助驾驶深度体验,40983071508,734.00000,1,25,16777215,2026-08-21 11:48:24,1787284104,3,e684ee2b,2182656277573089280,5
BV15Xb86nEzv,117108709072765,【无广】9大辅助驾驶晚高峰实测！谁是真正的第一梯队？,凤凰车研所,2026-08-17 11:34:40,232731,1923,1,【无广实测】问/鹏/理/迪/米/蔚/尚/氪/奔 9车辅助驾驶深度体验,40983071508,734.00000,1,25,16777215,2026-08-21 11:44:39,1787283879,3,9f8ebd00,2182654392199867648,5
BV15Xb86nEzv,117108709072765,【无广】9大辅助驾驶晚高峰实测！谁是真正的第一梯队？,凤凰车研所,2026-08-17 11:34:40,232731,1923,1,【无广实测】问/鹏/理/迪/米/蔚/尚/氪/奔 9车辅助驾驶深度体验,40983071508,26.20100,1,25,16777215,2026-08-21 10:45:15,1787280315,0,1a1a7eb,2182624496081923072,特斯拉6.4w，成本太高了
BV15Xb86nEzv,117108709072765,【无广】9大辅助驾驶晚高峰实测！谁是真正的第一梯队？,凤凰车研所,2026-08-17 11:34:40,232731,1923,1,【无广实测】问/鹏/理/迪/米/蔚/尚/氪/奔 9车辅助驾驶深度体验,40983071508,658.60500,1,25,16777215,2026-08-21 09:55:53,1787277353,0,a1dc5046,2182599650518344448,这个城市还说什么违章不违章，全是乱开的，真的看的血压高
BV15Xb86nEzv,117108709072765,【无广】9大辅助驾驶晚高峰实测！谁是真正的第一梯队？,凤凰车研所,2026-08-17 11:34:40,232731,1923,1,【无广实测】问/鹏/理/迪/米/蔚/尚/氪/奔 9车辅助驾驶深度体验,40983071508,148.54800,1,25,16777215,2026-08-21 09:45:45,1787276745,0,37cca185,2182594544699386624,这很理想!!!
BV15Xb86nEzv,117108709072765,【无广】9大辅助驾驶晚高峰实测！谁是真正的第一梯队？,凤凰车研所,2026-08-17 11:34:40,232731,1923,1,【无广实测】问/鹏/理/迪/米/蔚/尚/氪/奔 9车辅助驾驶深度体验,40983071508,734.00000,1,25,16777215,2026-08-21 09:36:34,1787276194,3,ecace78f,2182589930101244928,5
BV15Xb86nEzv,117108709072765,【无广】9大辅助驾驶晚高峰实测！谁是真正的第一梯队？,凤凰车研所,2026-08-17 11:34:40,232731,1923,1,【无广实测】问/鹏/理/迪/米/蔚/尚/氪/奔 9车辅助驾驶深度体验,40983071508,180.42500,1,25,16777215,2026-08-21 09:09:35,1787274575,0,e91ee10e,2182576341848013056,撞死人兜吗？谁替司机坐牢？
BV15Xb86nEzv,117108709072765,【无广】9大辅助驾驶晚高峰实测！谁是真正的第一梯队？,凤凰车研所,2026-08-17 11:34:40,232731,1923,1,【无广实测】问/鹏/理/迪/米/蔚/尚/氪/奔 9车辅助驾驶深度体验,40983071508,147.89500,1,25,16777215,2026-08-21 08:42:57,1787272977,0,7e7081d6,2182562941634249472,这不是它的问题，这是你的问题。理想车主买车送30分，你是借的所以没有
BV15Xb86nEzv,117108709072765,【无广】9大辅助驾驶晚高峰实测！谁是真正的第一梯队？,凤凰车研所,2026-08-17 11:34:40,232731,1923,1,【无广实测】问/鹏/理/迪/米/蔚/尚/氪/奔 9车辅助驾驶深度体验,40983071508,734.00000,1,25,16777215,2026-08-21 08:31:59,1787272319,3,4252bef7,2182557422433062144,5
BV15Xb86nEzv,117108709072765,【无广】9大辅助驾驶晚高峰实测！谁是真正的第一梯队？,凤凰车研所,2026-08-17 11:34:40,232731,1923,1,【无广实测】问/鹏/理/迪/米/蔚/尚/氪/奔 9车辅助驾驶深度体验,40983071508,736.12500,1,25,16777215,2026-08-21 07:23:31,1787268211,3,ae521e65,2182522959917717760,5
BV15Xb86nEzv,117108709072765,【无广】9大辅助驾驶晚高峰实测！谁是真正的第一梯队？,凤凰车研所,2026-08-17 11:34:40,232731,1923,1,【无广实测】问/鹏/理/迪/米/蔚/尚/氪/奔 9车辅助驾驶深度体验,40983071508,620.81100,1,25,16777215,2026-08-21 06:46:26,1787265986,0,3d1e45e5,2182504293218434816,又tm是广州交通的教育成果...
BV15Xb86nEzv,117108709072765,【无广】9大辅助驾驶晚高峰实测！谁是真正的第一梯队？,凤凰车研所,2026-08-17 11:34:40,232731,1923,1,【无广实测】问/鹏/理/迪/米/蔚/尚/氪/奔 9车辅助驾驶深度体验,40983071508,328.88000,1,25,16777215,2026-08-21 04:35:57,1787258157,0,59fb7e64,2182438622874298624,我米那个5/1太抽象了
BV15Xb86nEzv,117108709072765,【无广】9大辅助驾驶晚高峰实测！谁是真正的第一梯队？,凤凰车研所,2026-08-17 11:34:40,232731,1923,1,【无广实测】问/鹏/理/迪/米/蔚/尚/氪/奔 9车辅助驾驶深度体验,40983071508,893.13300,1,25,16777215,2026-08-21 04:10:09,1787256609,0,f9e3c4d0,2182425631823017216,华为的单智驾投入25年就100亿 其他厂商没法比
BV15Xb86nEzv,117108709072765,【无广】9大辅助驾驶晚高峰实测！谁是真正的第一梯队？,凤凰车研所,2026-08-17 11:34:40,232731,1923,1,【无广实测】问/鹏/理/迪/米/蔚/尚/氪/奔 9车辅助驾驶深度体验,40983071508,760.65900,1,25,16777215,2026-08-21 01:48:33,1787248113,0,743e6975,2182354367586711552,理想啊？那没事了
BV15Xb86nEzv,117108709072765,【无广】9大辅助驾驶晚高峰实测！谁是真正的第一梯队？,凤凰车研所,2026-08-17 11:34:40,232731,1923,1,【无广实测】问/鹏/理/迪/米/蔚/尚/氪/奔 9车辅助驾驶深度体验,40983071508,5.88600,5,25,16777215,2026-08-21 00:50:05,1787244605,0,2d204e70,2182324941616115712,刚升级你就用了一年了？再说4.1还不够打吗？
BV15Xb86nEzv,117108709072765,【无广】9大辅助驾驶晚高峰实测！谁是真正的第一梯队？,凤凰车研所,2026-08-17 11:34:40,232731,1923,1,【无广实测】问/鹏/理/迪/米/蔚/尚/氪/奔 9车辅助驾驶深度体验,40983071508,151.92200,5,25,16777215,2026-08-21 00:41:52,1787244112,0,ffb44ee9,2182320802568587008,《理想是这样的》
BV15Xb86nEzv,117108709072765,【无广】9大辅助驾驶晚高峰实测！谁是真正的第一梯队？,凤凰车研所,2026-08-17 11:34:40,232731,1923,1,【无广实测】问/鹏/理/迪/米/蔚/尚/氪/奔 9车辅助驾驶深度体验,40983071508,273.94000,1,25,16777215,2026-08-21 00:24:51,1787243091,0,1b987d8b,2182312239687284224,小鹏不是吹纯视觉么？就这
BV15Xb86nEzv,117108709072765,【无广】9大辅助驾驶晚高峰实测！谁是真正的第一梯队？,凤凰车研所,2026-08-17 11:34:40,232731,1923,1,【无广实测】问/鹏/理/迪/米/蔚/尚/氪/奔 9车辅助驾驶深度体验,40983071508,409.50700,1,25,16777215,2026-08-21 00:24:38,1787243078,0,9df106ff,2182312127430277120,这阿姨？这合理吗？
BV15Xb86nEzv,117108709072765,【无广】9大辅助驾驶晚高峰实测！谁是真正的第一梯队？,凤凰车研所,2026-08-17 11:34:40,232731,1923,1,【无广实测】问/鹏/理/迪/米/蔚/尚/氪/奔 9车辅助驾驶深度体验,40983071508,988.49000,1,25,16777215,2026-08-21 00:23:44,1787243024,0,4166991a,2182311679302874880,这不一眼小鹏的广子？
BV15Xb86nEzv,117108709072765,【无广】9大辅助驾驶晚高峰实测！谁是真正的第一梯队？,凤凰车研所,2026-08-17 11:34:40,232731,1923,1,【无广实测】问/鹏/理/迪/米/蔚/尚/氪/奔 9车辅助驾驶深度体验,40983071508,4.01500,5,25,16646914,2026-08-21 00:12:33,1787242353,0,769d42e0,2182306051226048000,ADS 5.0都用一年了，你为何用4.1？
BV15Xb86nEzv,117108709072765,【无广】9大辅助驾驶晚高峰实测！谁是真正的第一梯队？,凤凰车研所,2026-08-17 11:34:40,232731,1923,1,【无广实测】问/鹏/理/迪/米/蔚/尚/氪/奔 9车辅助驾驶深度体验,40983071508,737.21700,1,25,16777215,2026-08-21 00:08:27,1787242107,0,75930b22,2182303985045156864,5
BV15Xb86nEzv,117108709072765,【无广】9大辅助驾驶晚高峰实测！谁是真正的第一梯队？,凤凰车研所,2026-08-17 11:34:40,232731,1923,1,【无广实测】问/鹏/理/迪/米/蔚/尚/氪/奔 9车辅助驾驶深度体验,40983071508,733.09000,1,25,16777215,2026-08-21 00:01:03,1787241663,3,22961bb1,2182300260553362176,5
BV15Xb86nEzv,117108709072765,【无广】9大辅助驾驶晚高峰实测！谁是真正的第一梯队？,凤凰车研所,2026-08-17 11:34:40,232731,1923,1,【无广实测】问/鹏/理/迪/米/蔚/尚/氪/奔 9车辅助驾驶深度体验,40983071508,351.77100,1,25,16777215,2026-08-20 23:48:15,1787240895,0,b894e6e2,2182293813245092096,已取餐
BV15Xb86nEzv,117108709072765,【无广】9大辅助驾驶晚高峰实测！谁是真正的第一梯队？,凤凰车研所,2026-08-17 11:34:40,232731,1923,1,【无广实测】问/鹏/理/迪/米/蔚/尚/氪/奔 9车辅助驾驶深度体验,40983071508,845.91800,1,25,16777215,2026-08-20 23:42:21,1787240541,0,691df63b,2182290843552439552,都说了，买蔚来就当没有智驾，千万别自作多情
BV15Xb86nEzv,117108709072765,【无广】9大辅助驾驶晚高峰实测！谁是真正的第一梯队？,凤凰车研所,2026-08-17 11:34:40,232731,1923,1,【无广实测】问/鹏/理/迪/米/蔚/尚/氪/奔 9车辅助驾驶深度体验,40983071508,834.08000,1,25,16777215,2026-08-20 23:36:43,1787240203,0,1d7bf63c,2182288012036443392,所以买电车图辅助驾驶的意义在哪里呢，开辅助比自己开还紧张，完全无意义
BV15Xb86nEzv,117108709072765,【无广】9大辅助驾驶晚高峰实测！谁是真正的第一梯队？,凤凰车研所,2026-08-17 11:34:40,232731,1923,1,【无广实测】问/鹏/理/迪/米/蔚/尚/氪/奔 9车辅助驾驶深度体验,40983071508,406.63300,1,25,16777215,2026-08-20 23:22:03,1787239323,0,9f7e1155,2182280628895587840,为什么坐在马路上？神人
BV15Xb86nEzv,117108709072765,【无广】9大辅助驾驶晚高峰实测！谁是真正的第一梯队？,凤凰车研所,2026-08-17 11:34:40,232731,1923,1,【无广实测】问/鹏/理/迪/米/蔚/尚/氪/奔 9车辅助驾驶深度体验,40983071508,734.86400,1,25,16777215,2026-08-20 23:14:44,1787238884,3,f01b68da,2182276948200738816,5
BV15Xb86nEzv,117108709072765,【无广】9大辅助驾驶晚高峰实测！谁是真正的第一梯队？,凤凰车研所,2026-08-17 11:34:40,232731,1923,1,【无广实测】问/鹏/理/迪/米/蔚/尚/氪/奔 9车辅助驾驶深度体验,40983071508,55.21400,1,25,16777215,2026-08-20 23:01:41,1787238101,0,89994575,2182270378762925568,FSD在中国表现真不够看
BV15Xb86nEzv,117108709072765,【无广】9大辅助驾驶晚高峰实测！谁是真正的第一梯队？,凤凰车研所,2026-08-17 11:34:40,232731,1923,1,【无广实测】问/鹏/理/迪/米/蔚/尚/氪/奔 9车辅助驾驶深度体验,40983071508,429.55300,1,25,16777215,2026-08-20 22:44:47,1787237087,0,6c702022,2182261873544926720,城市规划是谁做的啊
BV15Xb86nEzv,117108709072765,【无广】9大辅助驾驶晚高峰实测！谁是真正的第一梯队？,凤凰车研所,2026-08-17 11:34:40,232731,1923,1,【无广实测】问/鹏/理/迪/米/蔚/尚/氪/奔 9车辅助驾驶深度体验,40983071508,592.11200,1,25,16777215,2026-08-20 22:30:14,1787236214,0,6c40c018,2182254546280838144,用的车机系统差不多吧
BV15Xb86nEzv,117108709072765,【无广】9大辅助驾驶晚高峰实测！谁是真正的第一梯队？,凤凰车研所,2026-08-17 11:34:40,232731,1923,1,【无广实测】问/鹏/理/迪/米/蔚/尚/氪/奔 9车辅助驾驶深度体验,40983071508,367.31800,1,25,16777215,2026-08-20 22:26:29,1787235989,0,6c40c018,2182252660563722240,哒哒哒 哒胆
BV15Xb86nEzv,117108709072765,【无广】9大辅助驾驶晚高峰实测！谁是真正的第一梯队？,凤凰车研所,2026-08-17 11:34:40,232731,1923,1,【无广实测】问/鹏/理/迪/米/蔚/尚/氪/奔 9车辅助驾驶深度体验,40983071508,306.49200,1,25,16777215,2026-08-20 22:25:28,1787235928,0,6c40c018,2182252150485704960,开自动也许就聪明了
BV15Xb86nEzv,117108709072765,【无广】9大辅助驾驶晚高峰实测！谁是真正的第一梯队？,凤凰车研所,2026-08-17 11:34:40,232731,1923,1,【无广实测】问/鹏/理/迪/米/蔚/尚/氪/奔 9车辅助驾驶深度体验,40983071508,269.02400,1,25,16777215,2026-08-20 22:24:51,1787235891,0,6c40c018,2182251837137805824,这种撞了就i只能怪自己了
BV15Xb86nEzv,117108709072765,【无广】9大辅助驾驶晚高峰实测！谁是真正的第一梯队？,凤凰车研所,2026-08-17 11:34:40,232731,1923,1,【无广实测】问/鹏/理/迪/米/蔚/尚/氪/奔 9车辅助驾驶深度体验,40983071508,131.77400,1,25,16777215,2026-08-20 22:22:33,1787235753,0,6c40c018,2182250679996552448,辅助驾驶，还要摸方向盘的
BV15Xb86nEzv,117108709072765,【无广】9大辅助驾驶晚高峰实测！谁是真正的第一梯队？,凤凰车研所,2026-08-17 11:34:40,232731,1923,1,【无广实测】问/鹏/理/迪/米/蔚/尚/氪/奔 9车辅助驾驶深度体验,40983071508,811.01800,1,25,16777215,2026-08-20 22:14:58,1787235298,0,2a7e6a06,2182246862659769344,小鹏匝道真有问题 总是走错 每次快到匝道口我就自己开了
BV15Xb86nEzv,117108709072765,【无广】9大辅助驾驶晚高峰实测！谁是真正的第一梯队？,凤凰车研所,2026-08-17 11:34:40,232731,1923,1,【无广实测】问/鹏/理/迪/米/蔚/尚/氪/奔 9车辅助驾驶深度体验,40983071508,153.20400,1,25,16777215,2026-08-20 21:58:39,1787234319,0,cf0e6c9d,2182238654054130944,理想把罚款结一下（doge
BV15Xb86nEzv,117108709072765,【无广】9大辅助驾驶晚高峰实测！谁是真正的第一梯队？,凤凰车研所,2026-08-17 11:34:40,232731,1923,1,【无广实测】问/鹏/理/迪/米/蔚/尚/氪/奔 9车辅助驾驶深度体验,40983071508,126.12500,1,25,16777215,2026-08-20 21:58:07,1787234287,0,cf0e6c9d,2182238381751312896,不亏是北京路测出来的车，开车很有那个味道了hhh（doge
BV15Xb86nEzv,117108709072765,【无广】9大辅助驾驶晚高峰实测！谁是真正的第一梯队？,凤凰车研所,2026-08-17 11:34:40,232731,1923,1,【无广实测】问/鹏/理/迪/米/蔚/尚/氪/奔 9车辅助驾驶深度体验,40983071508,12.20600,1,25,16777215,2026-08-20 21:56:21,1787234181,0,cf0e6c9d,2182237491820934656,这个视频华子有话说（doge
BV15Xb86nEzv,117108709072765,【无广】9大辅助驾驶晚高峰实测！谁是真正的第一梯队？,凤凰车研所,2026-08-17 11:34:40,232731,1923,1,【无广实测】问/鹏/理/迪/米/蔚/尚/氪/奔 9车辅助驾驶深度体验,40983071508,376.99600,1,25,16777215,2026-08-20 21:50:48,1787233848,0,667355d5,2182234699329185280,特斯拉直接无敌
BV15Xb86nEzv,117108709072765,【无广】9大辅助驾驶晚高峰实测！谁是真正的第一梯队？,凤凰车研所,2026-08-17 11:34:40,232731,1923,1,【无广实测】问/鹏/理/迪/米/蔚/尚/氪/奔 9车辅助驾驶深度体验,40983071508,735.00000,1,25,16777215,2026-08-20 21:28:52,1787232532,3,bee7180d,2182223659945913600,5
BV15Xb86nEzv,117108709072765,【无广】9大辅助驾驶晚高峰实测！谁是真正的第一梯队？,凤凰车研所,2026-08-17 11:34:40,232731,1923,1,【无广实测】问/鹏/理/迪/米/蔚/尚/氪/奔 9车辅助驾驶深度体验,40983071508,154.78200,1,25,16777215,2026-08-20 21:05:03,1787231103,0,92861b61,2182211671618633728,没问题啊，理想都是这么开的
BV15Xb86nEzv,117108709072765,【无广】9大辅助驾驶晚高峰实测！谁是真正的第一梯队？,凤凰车研所,2026-08-17 11:34:40,232731,1923,1,【无广实测】问/鹏/理/迪/米/蔚/尚/氪/奔 9车辅助驾驶深度体验,40983071508,90.70700,1,25,16777215,2026-08-20 21:03:30,1787231010,0,43b4190c,2182210897140293888,后期能不能认真点，这么大个奔驰标能写成汉L
BV15Xb86nEzv,117108709072765,【无广】9大辅助驾驶晚高峰实测！谁是真正的第一梯队？,凤凰车研所,2026-08-17 11:34:40,232731,1923,1,【无广实测】问/鹏/理/迪/米/蔚/尚/氪/奔 9车辅助驾驶深度体验,40983071508,70.98500,1,25,16777215,2026-08-20 20:50:15,1787230215,0,635f852b,2182204229086241536,零跑有智驾吗？直接撞防撞车是吧？
BV15Xb86nEzv,117108709072765,【无广】9大辅助驾驶晚高峰实测！谁是真正的第一梯队？,凤凰车研所,2026-08-17 11:34:40,232731,1923,1,【无广实测】问/鹏/理/迪/米/蔚/尚/氪/奔 9车辅助驾驶深度体验,40983071508,734.53400,1,25,16777215,2026-08-20 20:49:08,1787230148,3,fb55e0f7,2182203668248874496,5
BV15Xb86nEzv,117108709072765,【无广】9大辅助驾驶晚高峰实测！谁是真正的第一梯队？,凤凰车研所,2026-08-17 11:34:40,232731,1923,1,【无广实测】问/鹏/理/迪/米/蔚/尚/氪/奔 9车辅助驾驶深度体验,40983071508,736.20300,1,25,16777215,2026-08-20 20:33:20,1787229200,3,4ec08979,2182195712249668352,5
BV15Xb86nEzv,117108709072765,【无广】9大辅助驾驶晚高峰实测！谁是真正的第一梯队？,凤凰车研所,2026-08-17 11:34:40,232731,1923,1,【无广实测】问/鹏/理/迪/米/蔚/尚/氪/奔 9车辅助驾驶深度体验,40983071508,654.80800,1,25,16777215,2026-08-20 20:21:56,1787228516,0,f1667660,2182189975867832832,2026年了还有说“违章”的
BV15Xb86nEzv,117108709072765,【无广】9大辅助驾驶晚高峰实测！谁是真正的第一梯队？,凤凰车研所,2026-08-17 11:34:40,232731,1923,1,【无广实测】问/鹏/理/迪/米/蔚/尚/氪/奔 9车辅助驾驶深度体验,40983071508,292.07100,1,25,16777215,2026-08-20 19:51:07,1787226667,0,3ad39255,2182174465709521664,懂了
BV15Xb86nEzv,117108709072765,【无广】9大辅助驾驶晚高峰实测！谁是真正的第一梯队？,凤凰车研所,2026-08-17 11:34:40,232731,1923,1,【无广实测】问/鹏/理/迪/米/蔚/尚/氪/奔 9车辅助驾驶深度体验,40983071508,468.69100,1,25,16777215,2026-08-20 19:39:50,1787225990,0,78bf5587,2182168788123088384,目前还是文杰M7名单垫底啊
BV15Xb86nEzv,117108709072765,【无广】9大辅助驾驶晚高峰实测！谁是真正的第一梯队？,凤凰车研所,2026-08-17 11:34:40,232731,1923,1,【无广实测】问/鹏/理/迪/米/蔚/尚/氪/奔 9车辅助驾驶深度体验,40983071508,499.11800,1,25,16777215,2026-08-20 19:26:10,1787225170,0,9d2a3301,2182161902258668032,哈哈哈
BV15Xb86nEzv,117108709072765,【无广】9大辅助驾驶晚高峰实测！谁是真正的第一梯队？,凤凰车研所,2026-08-17 11:34:40,232731,1923,1,【无广实测】问/鹏/理/迪/米/蔚/尚/氪/奔 9车辅助驾驶深度体验,40983071508,117.55400,1,25,16777215,2026-08-20 19:21:39,1787224899,0,2fa4719b,2182159629877293824,符合车主素质
BV15Xb86nEzv,117108709072765,【无广】9大辅助驾驶晚高峰实测！谁是真正的第一梯队？,凤凰车研所,2026-08-17 11:34:40,232731,1923,1,【无广实测】问/鹏/理/迪/米/蔚/尚/氪/奔 9车辅助驾驶深度体验,40983071508,284.99200,1,25,16777215,2026-08-20 19:15:03,1787224503,0,9d2a3301,2182156307157691136,怎么不是ads5.0
BV15Xb86nEzv,117108709072765,【无广】9大辅助驾驶晚高峰实测！谁是真正的第一梯队？,凤凰车研所,2026-08-17 11:34:40,232731,1923,1,【无广实测】问/鹏/理/迪/米/蔚/尚/氪/奔 9车辅助驾驶深度体验,40983071508,91.03000,1,25,16777215,2026-08-20 19:06:30,1787223990,0,bc3e97c,2182152005295298560,居然是郑州cbd
BV15Xb86nEzv,117108709072765,【无广】9大辅助驾驶晚高峰实测！谁是真正的第一梯队？,凤凰车研所,2026-08-17 11:34:40,232731,1923,1,【无广实测】问/鹏/理/迪/米/蔚/尚/氪/奔 9车辅助驾驶深度体验,40983071508,560.52700,1,25,16777215,2026-08-20 18:56:53,1787223413,0,253e7f7e,2182147167593342976,特斯拉有多少人买FSD啊，一直说特斯拉干什么
BV15Xb86nEzv,117108709072765,【无广】9大辅助驾驶晚高峰实测！谁是真正的第一梯队？,凤凰车研所,2026-08-17 11:34:40,232731,1923,1,【无广实测】问/鹏/理/迪/米/蔚/尚/氪/奔 9车辅助驾驶深度体验,40983071508,265.21200,1,25,16777215,2026-08-20 18:41:04,1787222464,0,cb2e96ae,2182139206158729472,。。。。。。。。。。。。。。
BV15Xb86nEzv,117108709072765,【无广】9大辅助驾驶晚高峰实测！谁是真正的第一梯队？,凤凰车研所,2026-08-17 11:34:40,232731,1923,1,【无广实测】问/鹏/理/迪/米/蔚/尚/氪/奔 9车辅助驾驶深度体验,40983071508,152.96200,1,25,16777215,2026-08-20 18:40:21,1787222421,0,51256dd7,2182138845473787648,哈哈哈
BV15Xb86nEzv,117108709072765,【无广】9大辅助驾驶晚高峰实测！谁是真正的第一梯队？,凤凰车研所,2026-08-17 11:34:40,232731,1923,1,【无广实测】问/鹏/理/迪/米/蔚/尚/氪/奔 9车辅助驾驶深度体验,40983071508,151.84100,1,25,16777215,2026-08-20 18:31:42,1787221902,0,34a26968,2182134492087821056,买到正版理想了
BV15Xb86nEzv,117108709072765,【无广】9大辅助驾驶晚高峰实测！谁是真正的第一梯队？,凤凰车研所,2026-08-17 11:34:40,232731,1923,1,【无广实测】问/鹏/理/迪/米/蔚/尚/氪/奔 9车辅助驾驶深度体验,40983071508,883.61200,1,25,16777215,2026-08-20 18:22:09,1787221329,0,69504bd9,2182129682890153472,ADS4在ADS5面前就像个傻子
BV15Xb86nEzv,117108709072765,【无广】9大辅助驾驶晚高峰实测！谁是真正的第一梯队？,凤凰车研所,2026-08-17 11:34:40,232731,1923,1,【无广实测】问/鹏/理/迪/米/蔚/尚/氪/奔 9车辅助驾驶深度体验,40983071508,736.00000,1,25,16777215,2026-08-20 17:52:58,1787219578,3,39c1dc48,2182115000033179136,5
BV15Xb86nEzv,117108709072765,【无广】9大辅助驾驶晚高峰实测！谁是真正的第一梯队？,凤凰车研所,2026-08-17 11:34:40,232731,1923,1,【无广实测】问/鹏/理/迪/米/蔚/尚/氪/奔 9车辅助驾驶深度体验,40983071508,1.36600,1,25,16777215,2026-08-20 17:47:29,1787219249,0,cf7c02b3,2182112241036468736,首先排除千里好汉
BV15Xb86nEzv,117108709072765,【无广】9大辅助驾驶晚高峰实测！谁是真正的第一梯队？,凤凰车研所,2026-08-17 11:34:40,232731,1923,1,【无广实测】问/鹏/理/迪/米/蔚/尚/氪/奔 9车辅助驾驶深度体验,40983071508,271.16800,1,25,16777215,2026-08-20 17:38:53,1787218733,0,7e1649bf,2182107910275276544,小鹏不是吹得很牛逼吗
BV15Xb86nEzv,117108709072765,【无广】9大辅助驾驶晚高峰实测！谁是真正的第一梯队？,凤凰车研所,2026-08-17 11:34:40,232731,1923,1,【无广实测】问/鹏/理/迪/米/蔚/尚/氪/奔 9车辅助驾驶深度体验,40983071508,0.00000,1,25,16777215,2026-08-20 17:38:47,1787218727,0,449a46e9,2182107861965302272,shi一定要分出香臭是吧...搞得一群没资格上路的祸患全都堂而皇之上路祸祸了...
BV15Xb86nEzv,117108709072765,【无广】9大辅助驾驶晚高峰实测！谁是真正的第一梯队？,凤凰车研所,2026-08-17 11:34:40,232731,1923,1,【无广实测】问/鹏/理/迪/米/蔚/尚/氪/奔 9车辅助驾驶深度体验,40983071508,623.12100,1,25,16777215,2026-08-20 17:37:08,1787218628,0,c1bf442d,2182107029673016832,郑州这路况真是没谁了
BV15Xb86nEzv,117108709072765,【无广】9大辅助驾驶晚高峰实测！谁是真正的第一梯队？,凤凰车研所,2026-08-17 11:34:40,232731,1923,1,【无广实测】问/鹏/理/迪/米/蔚/尚/氪/奔 9车辅助驾驶深度体验,40983071508,531.23300,1,25,16777215,2026-08-20 17:35:36,1787218536,0,c1bf442d,2182106259036865280,怎么不测特斯拉？
BV15Xb86nEzv,117108709072765,【无广】9大辅助驾驶晚高峰实测！谁是真正的第一梯队？,凤凰车研所,2026-08-17 11:34:40,232731,1923,1,【无广实测】问/鹏/理/迪/米/蔚/尚/氪/奔 9车辅助驾驶深度体验,40983071508,215.40100,1,25,16777215,2026-08-20 17:30:21,1787218221,0,c1bf442d,2182103609545408256,小米的智驾看个乐子就行了
BV15Xb86nEzv,117108709072765,【无广】9大辅助驾驶晚高峰实测！谁是真正的第一梯队？,凤凰车研所,2026-08-17 11:34:40,232731,1923,1,【无广实测】问/鹏/理/迪/米/蔚/尚/氪/奔 9车辅助驾驶深度体验,40983071508,736.00000,1,25,16777215,2026-08-20 16:51:43,1787215903,3,dacd4576,2182084168945913088,5
BV15Xb86nEzv,117108709072765,【无广】9大辅助驾驶晚高峰实测！谁是真正的第一梯队？,凤凰车研所,2026-08-17 11:34:40,232731,1923,1,【无广实测】问/鹏/理/迪/米/蔚/尚/氪/奔 9车辅助驾驶深度体验,40983071508,835.52500,1,25,16777215,2026-08-20 16:38:26,1787215106,0,6232131d,2182077479223935232,华为：一定要上车就睡觉
BV15Xb86nEzv,117108709072765,【无广】9大辅助驾驶晚高峰实测！谁是真正的第一梯队？,凤凰车研所,2026-08-17 11:34:40,232731,1923,1,【无广实测】问/鹏/理/迪/米/蔚/尚/氪/奔 9车辅助驾驶深度体验,40983071508,562.58700,1,25,16777215,2026-08-20 16:30:07,1787214607,0,a5d63dbc,2182073296630526720,我说眼熟，以前高中门口
BV15Xb86nEzv,117108709072765,【无广】9大辅助驾驶晚高峰实测！谁是真正的第一梯队？,凤凰车研所,2026-08-17 11:34:40,232731,1923,1,【无广实测】问/鹏/理/迪/米/蔚/尚/氪/奔 9车辅助驾驶深度体验,40983071508,859.18700,1,25,16777215,2026-08-20 16:17:58,1787213878,0,d2a430c9,2182067178332192768,问届拉满
BV15Xb86nEzv,117108709072765,【无广】9大辅助驾驶晚高峰实测！谁是真正的第一梯队？,凤凰车研所,2026-08-17 11:34:40,232731,1923,1,【无广实测】问/鹏/理/迪/米/蔚/尚/氪/奔 9车辅助驾驶深度体验,40983071508,732.00000,1,25,16777215,2026-08-20 16:16:19,1787213779,3,165f14fb,2182066350938541312,4
BV15Xb86nEzv,117108709072765,【无广】9大辅助驾驶晚高峰实测！谁是真正的第一梯队？,凤凰车研所,2026-08-17 11:34:40,232731,1923,1,【无广实测】问/鹏/理/迪/米/蔚/尚/氪/奔 9车辅助驾驶深度体验,40983071508,385.63900,1,25,16777215,2026-08-20 16:13:21,1787213601,0,53af74c4,2182064856792964096,车流量差距这么大 仅作参考
BV15Xb86nEzv,117108709072765,【无广】9大辅助驾驶晚高峰实测！谁是真正的第一梯队？,凤凰车研所,2026-08-17 11:34:40,232731,1923,1,【无广实测】问/鹏/理/迪/米/蔚/尚/氪/奔 9车辅助驾驶深度体验,40983071508,359.70900,1,25,16777215,2026-08-20 16:04:37,1787213077,0,c123426b,2182060460148056064,最后一期
BV15Xb86nEzv,117108709072765,【无广】9大辅助驾驶晚高峰实测！谁是真正的第一梯队？,凤凰车研所,2026-08-17 11:34:40,232731,1923,1,【无广实测】问/鹏/理/迪/米/蔚/尚/氪/奔 9车辅助驾驶深度体验,40983071508,824.04200,1,25,16777215,2026-08-20 15:58:58,1787212738,0,880a5951,2182057621996536064,之前001就是匝道没减速驾驶员也没管撞了
BV15Xb86nEzv,117108709072765,【无广】9大辅助驾驶晚高峰实测！谁是真正的第一梯队？,凤凰车研所,2026-08-17 11:34:40,232731,1923,1,【无广实测】问/鹏/理/迪/米/蔚/尚/氪/奔 9车辅助驾驶深度体验,40983071508,722.46000,1,25,16777215,2026-08-20 15:54:35,1787212475,0,880a5951,2182055413829941248,我猜极客只是控制了油门开度没管刹车
BV15Xb86nEzv,117108709072765,【无广】9大辅助驾驶晚高峰实测！谁是真正的第一梯队？,凤凰车研所,2026-08-17 11:34:40,232731,1923,1,【无广实测】问/鹏/理/迪/米/蔚/尚/氪/奔 9车辅助驾驶深度体验,40983071508,190.13300,1,25,16777215,2026-08-20 15:41:49,1787211709,0,f9da88bc,2182048989716213760,非机车道为啥在中间？
BV15Xb86nEzv,117108709072765,【无广】9大辅助驾驶晚高峰实测！谁是真正的第一梯队？,凤凰车研所,2026-08-17 11:34:40,232731,1923,1,【无广实测】问/鹏/理/迪/米/蔚/尚/氪/奔 9车辅助驾驶深度体验,40983071508,735.00000,1,25,16777215,2026-08-20 15:41:17,1787211677,3,2d9d0980,2182048716842852608,5
BV15Xb86nEzv,117108709072765,【无广】9大辅助驾驶晚高峰实测！谁是真正的第一梯队？,凤凰车研所,2026-08-17 11:34:40,232731,1923,1,【无广实测】问/鹏/理/迪/米/蔚/尚/氪/奔 9车辅助驾驶深度体验,40983071508,151.46700,1,25,16777215,2026-08-20 15:31:14,1787211074,0,2b34f7a4,2182043660769352704,搞错了吧，这才是理想啊
BV15Xb86nEzv,117108709072765,【无广】9大辅助驾驶晚高峰实测！谁是真正的第一梯队？,凤凰车研所,2026-08-17 11:34:40,232731,1923,1,【无广实测】问/鹏/理/迪/米/蔚/尚/氪/奔 9车辅助驾驶深度体验,40983071508,530.73900,1,25,16777215,2026-08-20 15:10:21,1787209821,0,3750d5a9,2182033145640866816,手里冒汗
BV15Xb86nEzv,117108709072765,【无广】9大辅助驾驶晚高峰实测！谁是真正的第一梯队？,凤凰车研所,2026-08-17 11:34:40,232731,1923,1,【无广实测】问/鹏/理/迪/米/蔚/尚/氪/奔 9车辅助驾驶深度体验,40983071508,63.08300,1,25,16777215,2026-08-20 15:07:23,1787209643,0,b4a0b1cf,2182031652661499136,看不起FSD么？
BV15Xb86nEzv,117108709072765,【无广】9大辅助驾驶晚高峰实测！谁是真正的第一梯队？,凤凰车研所,2026-08-17 11:34:40,232731,1923,1,【无广实测】问/鹏/理/迪/米/蔚/尚/氪/奔 9车辅助驾驶深度体验,40983071508,532.28000,1,25,16777215,2026-08-20 14:52:41,1787208761,0,62ec0ce2,2182024254194116096,小鹏每次都是非常靠右，和右边贴的非常近，吓人
BV15Xb86nEzv,117108709072765,【无广】9大辅助驾驶晚高峰实测！谁是真正的第一梯队？,凤凰车研所,2026-08-17 11:34:40,232731,1923,1,【无广实测】问/鹏/理/迪/米/蔚/尚/氪/奔 9车辅助驾驶深度体验,40983071508,734.54600,1,25,16777215,2026-08-20 14:49:22,1787208562,3,de5c478e,2182022588400866816,4
BV15Xb86nEzv,117108709072765,【无广】9大辅助驾驶晚高峰实测！谁是真正的第一梯队？,凤凰车研所,2026-08-17 11:34:40,232731,1923,1,【无广实测】问/鹏/理/迪/米/蔚/尚/氪/奔 9车辅助驾驶深度体验,40983071508,910.86000,1,25,16776960,2026-08-20 14:46:55,1787208415,0,71d7dc01,2182021357163552256,2250算力？？汉L才245tops
BV15Xb86nEzv,117108709072765,【无广】9大辅助驾驶晚高峰实测！谁是真正的第一梯队？,凤凰车研所,2026-08-17 11:34:40,232731,1923,1,【无广实测】问/鹏/理/迪/米/蔚/尚/氪/奔 9车辅助驾驶深度体验,40983071508,874.14300,1,25,16776960,2026-08-20 14:45:45,1787208345,0,71d7dc01,2182020765565134592,一万五的智驾体验也仅此而已
BV15Xb86nEzv,117108709072765,【无广】9大辅助驾驶晚高峰实测！谁是真正的第一梯队？,凤凰车研所,2026-08-17 11:34:40,232731,1923,1,【无广实测】问/鹏/理/迪/米/蔚/尚/氪/奔 9车辅助驾驶深度体验,40983071508,327.59000,1,25,16777215,2026-08-20 14:40:42,1787208042,0,2bef6920,2182018222096714240,好了，现在问界最好了
BV15Xb86nEzv,117108709072765,【无广】9大辅助驾驶晚高峰实测！谁是真正的第一梯队？,凤凰车研所,2026-08-17 11:34:40,232731,1923,1,【无广实测】问/鹏/理/迪/米/蔚/尚/氪/奔 9车辅助驾驶深度体验,40983071508,254.53000,1,25,16777215,2026-08-20 14:38:53,1787207933,0,2bef6920,2182017315078897408,目前两台华为和一台理想表现最好。
BV15Xb86nEzv,117108709072765,【无广】9大辅助驾驶晚高峰实测！谁是真正的第一梯队？,凤凰车研所,2026-08-17 11:34:40,232731,1923,1,【无广实测】问/鹏/理/迪/米/蔚/尚/氪/奔 9车辅助驾驶深度体验,40983071508,930.71100,1,25,16777215,2026-08-20 14:38:33,1787207913,0,d2b56822,2182017142844323072,？？
BV15Xb86nEzv,117108709072765,【无广】9大辅助驾驶晚高峰实测！谁是真正的第一梯队？,凤凰车研所,2026-08-17 11:34:40,232731,1923,1,【无广实测】问/鹏/理/迪/米/蔚/尚/氪/奔 9车辅助驾驶深度体验,40983071508,735.00000,1,25,16777215,2026-08-20 14:36:04,1787207764,3,9bd5b080,2182015894518180608,5
BV15Xb86nEzv,117108709072765,【无广】9大辅助驾驶晚高峰实测！谁是真正的第一梯队？,凤凰车研所,2026-08-17 11:34:40,232731,1923,1,【无广实测】问/鹏/理/迪/米/蔚/尚/氪/奔 9车辅助驾驶深度体验,40983071508,735.93100,1,25,16777215,2026-08-20 14:14:49,1787206489,3,c6100410,2182005201785897472,5
BV15Xb86nEzv,117108709072765,【无广】9大辅助驾驶晚高峰实测！谁是真正的第一梯队？,凤凰车研所,2026-08-17 11:34:40,232731,1923,1,【无广实测】问/鹏/理/迪/米/蔚/尚/氪/奔 9车辅助驾驶深度体验,40983071508,111.94600,1,25,16777215,2026-08-20 14:08:36,1787206116,0,8ad97fa,2182002073556902912,没有momenta吗
BV15Xb86nEzv,117108709072765,【无广】9大辅助驾驶晚高峰实测！谁是真正的第一梯队？,凤凰车研所,2026-08-17 11:34:40,232731,1923,1,【无广实测】问/鹏/理/迪/米/蔚/尚/氪/奔 9车辅助驾驶深度体验,40983071508,734.00000,1,25,16777215,2026-08-20 13:59:14,1787205554,3,473f4bf5,2181997357606985216,1
BV15Xb86nEzv,117108709072765,【无广】9大辅助驾驶晚高峰实测！谁是真正的第一梯队？,凤凰车研所,2026-08-17 11:34:40,232731,1923,1,【无广实测】问/鹏/理/迪/米/蔚/尚/氪/奔 9车辅助驾驶深度体验,40983071508,141.59700,1,25,16777215,2026-08-20 13:50:44,1787205044,0,814d8338,2181993073965089536,外景的摄像机是安装在激光雷达那个位置左右的
BV15Xb86nEzv,117108709072765,【无广】9大辅助驾驶晚高峰实测！谁是真正的第一梯队？,凤凰车研所,2026-08-17 11:34:40,232731,1923,1,【无广实测】问/鹏/理/迪/米/蔚/尚/氪/奔 9车辅助驾驶深度体验,40983071508,733.00000,1,25,16777215,2026-08-20 13:31:23,1787203883,3,5eb98cac,2181983335394750208,5
BV15Xb86nEzv,117108709072765,【无广】9大辅助驾驶晚高峰实测！谁是真正的第一梯队？,凤凰车研所,2026-08-17 11:34:40,232731,1923,1,【无广实测】问/鹏/理/迪/米/蔚/尚/氪/奔 9车辅助驾驶深度体验,40983071508,735.00000,1,25,16777215,2026-08-20 13:23:33,1787203413,3,2f5aec6b,2181979393956581120,5
BV15Xb86nEzv,117108709072765,【无广】9大辅助驾驶晚高峰实测！谁是真正的第一梯队？,凤凰车研所,2026-08-17 11:34:40,232731,1923,1,【无广实测】问/鹏/理/迪/米/蔚/尚/氪/奔 9车辅助驾驶深度体验,40983071508,141.87400,1,25,16777215,2026-08-20 13:13:40,1787202820,0,2f5aec6b,2181974418028028672,相信华为
BV15Xb86nEzv,117108709072765,【无广】9大辅助驾驶晚高峰实测！谁是真正的第一梯队？,凤凰车研所,2026-08-17 11:34:40,232731,1923,1,【无广实测】问/鹏/理/迪/米/蔚/尚/氪/奔 9车辅助驾驶深度体验,40983071508,410.77200,1,25,16777215,2026-08-20 12:58:39,1787201919,0,d7ab2587,2181966864606618112,最合理
BV15Xb86nEzv,117108709072765,【无广】9大辅助驾驶晚高峰实测！谁是真正的第一梯队？,凤凰车研所,2026-08-17 11:34:40,232731,1923,1,【无广实测】问/鹏/理/迪/米/蔚/尚/氪/奔 9车辅助驾驶深度体验,40983071508,253.92600,1,25,16777215,2026-08-20 12:42:01,1787200921,0,1bd40a8b,2181958488858390016,这里可不是2条主干道，是3条路5个方向
BV15Xb86nEzv,117108709072765,【无广】9大辅助驾驶晚高峰实测！谁是真正的第一梯队？,凤凰车研所,2026-08-17 11:34:40,232731,1923,1,【无广实测】问/鹏/理/迪/米/蔚/尚/氪/奔 9车辅助驾驶深度体验,40983071508,821.17600,1,25,16777215,2026-08-20 12:15:34,1787199334,0,ab7a9184,2181945174778469888,没事 有兜底 随便撞
BV15Xb86nEzv,117108709072765,【无广】9大辅助驾驶晚高峰实测！谁是真正的第一梯队？,凤凰车研所,2026-08-17 11:34:40,232731,1923,1,【无广实测】问/鹏/理/迪/米/蔚/尚/氪/奔 9车辅助驾驶深度体验,40983071508,26.14000,1,25,16777215,2026-08-20 12:14:26,1787199266,0,4f1cce16,2181944611214535680,ai风格
BV15Xb86nEzv,117108709072765,【无广】9大辅助驾驶晚高峰实测！谁是真正的第一梯队？,凤凰车研所,2026-08-17 11:34:40,232731,1923,1,【无广实测】问/鹏/理/迪/米/蔚/尚/氪/奔 9车辅助驾驶深度体验,40983071508,186.45300,1,25,16777215,2026-08-20 11:58:07,1787198287,0,829d72cd,2181936392946121216,非机动车撞一下可不是兜底能解决的
BV15Xb86nEzv,117108709072765,【无广】9大辅助驾驶晚高峰实测！谁是真正的第一梯队？,凤凰车研所,2026-08-17 11:34:40,232731,1923,1,【无广实测】问/鹏/理/迪/米/蔚/尚/氪/奔 9车辅助驾驶深度体验,40983071508,735.14500,1,25,16777215,2026-08-20 11:54:05,1787198045,3,31533ad5,2181934368447225344,5
BV15Xb86nEzv,117108709072765,【无广】9大辅助驾驶晚高峰实测！谁是真正的第一梯队？,凤凰车研所,2026-08-17 11:34:40,232731,1923,1,【无广实测】问/鹏/理/迪/米/蔚/尚/氪/奔 9车辅助驾驶深度体验,40983071508,52.84300,1,25,16777215,2026-08-20 11:48:53,1787197733,0,7167c42d,2181931748593188864,你这个全都不是最高版本的
BV15Xb86nEzv,117108709072765,【无广】9大辅助驾驶晚高峰实测！谁是真正的第一梯队？,凤凰车研所,2026-08-17 11:34:40,232731,1923,1,【无广实测】问/鹏/理/迪/米/蔚/尚/氪/奔 9车辅助驾驶深度体验,40983071508,193.30700,1,25,16777215,2026-08-20 11:45:36,1787197536,0,9166e917,2181930093101138688,小米：哪里激进了，怕什么！大不了车毁人亡，重新来过！
BV15Xb86nEzv,117108709072765,【无广】9大辅助驾驶晚高峰实测！谁是真正的第一梯队？,凤凰车研所,2026-08-17 11:34:40,232731,1923,1,【无广实测】问/鹏/理/迪/米/蔚/尚/氪/奔 9车辅助驾驶深度体验,40983071508,170.08200,1,25,16777215,2026-08-20 11:42:50,1787197370,0,9166e917,2181928706497367296,理想：理都不要理，想怎么开就怎么开！
BV15Xb86nEzv,117108709072765,【无广】9大辅助驾驶晚高峰实测！谁是真正的第一梯队？,凤凰车研所,2026-08-17 11:34:40,232731,1923,1,【无广实测】问/鹏/理/迪/米/蔚/尚/氪/奔 9车辅助驾驶深度体验,40983071508,734.80300,1,25,16777215,2026-08-20 11:28:49,1787196529,3,a4118bc8,2181921650629579264,5
BV15Xb86nEzv,117108709072765,【无广】9大辅助驾驶晚高峰实测！谁是真正的第一梯队？,凤凰车研所,2026-08-17 11:34:40,232731,1923,1,【无广实测】问/鹏/理/迪/米/蔚/尚/氪/奔 9车辅助驾驶深度体验,40983071508,736.00000,1,25,16777215,2026-08-20 11:18:51,1787195931,3,a5972f8f,2181916631306287360,5
BV15Xb86nEzv,117108709072765,【无广】9大辅助驾驶晚高峰实测！谁是真正的第一梯队？,凤凰车研所,2026-08-17 11:34:40,232731,1923,1,【无广实测】问/鹏/理/迪/米/蔚/尚/氪/奔 9车辅助驾驶深度体验,40983071508,694.15500,1,25,16777215,2026-08-20 10:56:20,1787194580,0,994d1b68,2181905299983298048,所以兜底就一家
BV15Xb86nEzv,117108709072765,【无广】9大辅助驾驶晚高峰实测！谁是真正的第一梯队？,凤凰车研所,2026-08-17 11:34:40,232731,1923,1,【无广实测】问/鹏/理/迪/米/蔚/尚/氪/奔 9车辅助驾驶深度体验,40983071508,733.24100,1,25,16777215,2026-08-20 10:53:59,1787194439,3,d4ce8738,2181904111971458816,5
BV15Xb86nEzv,117108709072765,【无广】9大辅助驾驶晚高峰实测！谁是真正的第一梯队？,凤凰车研所,2026-08-17 11:34:40,232731,1923,1,【无广实测】问/鹏/理/迪/米/蔚/尚/氪/奔 9车辅助驾驶深度体验,40983071508,20.64000,1,25,16777215,2026-08-20 10:44:59,1787193899,0,66c1e89b,2181899586174465024,duang到duang
BV15Xb86nEzv,117108709072765,【无广】9大辅助驾驶晚高峰实测！谁是真正的第一梯队？,凤凰车研所,2026-08-17 11:34:40,232731,1923,1,【无广实测】问/鹏/理/迪/米/蔚/尚/氪/奔 9车辅助驾驶深度体验,40983071508,280.58000,1,25,16777215,2026-08-20 10:28:28,1787192908,0,296f7e1b,2181891272485174784,交替通行是建立在排队的前提下，弹幕一堆法盲
BV15Xb86nEzv,117108709072765,【无广】9大辅助驾驶晚高峰实测！谁是真正的第一梯队？,凤凰车研所,2026-08-17 11:34:40,232731,1923,1,【无广实测】问/鹏/理/迪/米/蔚/尚/氪/奔 9车辅助驾驶深度体验,40983071508,291.87300,1,25,16777215,2026-08-20 10:17:09,1787192229,0,121a7ecc,2181885577257882624,吹牛领先
BV15Xb86nEzv,117108709072765,【无广】9大辅助驾驶晚高峰实测！谁是真正的第一梯队？,凤凰车研所,2026-08-17 11:34:40,232731,1923,1,【无广实测】问/鹏/理/迪/米/蔚/尚/氪/奔 9车辅助驾驶深度体验,40983071508,71.83600,1,25,16777215,2026-08-20 09:54:32,1787190872,0,b7a903b6,2181874192625793024,华为做的好都不行？这视频是巧克力
BV15Xb86nEzv,117108709072765,【无广】9大辅助驾驶晚高峰实测！谁是真正的第一梯队？,凤凰车研所,2026-08-17 11:34:40,232731,1923,1,【无广实测】问/鹏/理/迪/米/蔚/尚/氪/奔 9车辅助驾驶深度体验,40983071508,449.30000,5,25,16777215,2026-08-20 09:45:40,1787190340,0,db1d956f,2181869732830639360,哈哈哈哈哈哈哈
BV15Xb86nEzv,117108709072765,【无广】9大辅助驾驶晚高峰实测！谁是真正的第一梯队？,凤凰车研所,2026-08-17 11:34:40,232731,1923,1,【无广实测】问/鹏/理/迪/米/蔚/尚/氪/奔 9车辅助驾驶深度体验,40983071508,352.36100,5,25,41194,2026-08-20 09:44:07,1787190247,0,db1d956f,2181868947639899392,小心法务
BV15Xb86nEzv,117108709072765,【无广】9大辅助驾驶晚高峰实测！谁是真正的第一梯队？,凤凰车研所,2026-08-17 11:34:40,232731,1923,1,【无广实测】问/鹏/理/迪/米/蔚/尚/氪/奔 9车辅助驾驶深度体验,40983071508,385.03200,1,25,16777215,2026-08-20 09:33:26,1787189606,0,1f66c03d,2181863570995299584,小鹏G9看到这舒服了
BV15Xb86nEzv,117108709072765,【无广】9大辅助驾驶晚高峰实测！谁是真正的第一梯队？,凤凰车研所,2026-08-17 11:34:40,232731,1923,1,【无广实测】问/鹏/理/迪/米/蔚/尚/氪/奔 9车辅助驾驶深度体验,40983071508,872.20200,1,25,16777215,2026-08-20 09:12:05,1787188325,0,305bdc26,2181852831756471296,小米差的就是大家都一样，小米好的就开始刷遥遥领先
BV15Xb86nEzv,117108709072765,【无广】9大辅助驾驶晚高峰实测！谁是真正的第一梯队？,凤凰车研所,2026-08-17 11:34:40,232731,1923,1,【无广实测】问/鹏/理/迪/米/蔚/尚/氪/奔 9车辅助驾驶深度体验,40983071508,203.60600,1,25,16777215,2026-08-20 09:08:40,1787188120,0,7481c65,2181851107201319424,小鹏压根就没法识别这种路况
BV15Xb86nEzv,117108709072765,【无广】9大辅助驾驶晚高峰实测！谁是真正的第一梯队？,凤凰车研所,2026-08-17 11:34:40,232731,1923,1,【无广实测】问/鹏/理/迪/米/蔚/尚/氪/奔 9车辅助驾驶深度体验,40983071508,699.67600,5,25,16707842,2026-08-20 09:00:54,1787187654,0,305bdc26,2181847199133138176,捷途的智驾敢用吗
BV15Xb86nEzv,117108709072765,【无广】9大辅助驾驶晚高峰实测！谁是真正的第一梯队？,凤凰车研所,2026-08-17 11:34:40,232731,1923,1,【无广实测】问/鹏/理/迪/米/蔚/尚/氪/奔 9车辅助驾驶深度体验,40983071508,358.66300,5,25,16707842,2026-08-20 08:55:14,1787187314,0,305bdc26,2181844344523556608,？小米的智驾还不如奔驰吗
BV15Xb86nEzv,117108709072765,【无广】9大辅助驾驶晚高峰实测！谁是真正的第一梯队？,凤凰车研所,2026-08-17 11:34:40,232731,1923,1,【无广实测】问/鹏/理/迪/米/蔚/尚/氪/奔 9车辅助驾驶深度体验,40983071508,297.36700,5,25,16777215,2026-08-20 08:54:01,1787187241,0,305bdc26,2181843737490212096,怎么没见问界M7
BV15Xb86nEzv,117108709072765,【无广】9大辅助驾驶晚高峰实测！谁是真正的第一梯队？,凤凰车研所,2026-08-17 11:34:40,232731,1923,1,【无广实测】问/鹏/理/迪/米/蔚/尚/氪/奔 9车辅助驾驶深度体验,40983071508,203.66200,5,25,15138835,2026-08-20 08:52:12,1787187132,0,305bdc26,2181842822855197696,雷总说了，你强大，自会有人给你让路，三轮不让路是三轮的错 关我小米SU7什么问题
BV15Xb86nEzv,117108709072765,【无广】9大辅助驾驶晚高峰实测！谁是真正的第一梯队？,凤凰车研所,2026-08-17 11:34:40,232731,1923,1,【无广实测】问/鹏/理/迪/米/蔚/尚/氪/奔 9车辅助驾驶深度体验,40983071508,386.31000,1,25,16777215,2026-08-20 08:51:31,1787187091,0,48379c42,2181842480105458432,小鹏舒服了
BV15Xb86nEzv,117108709072765,【无广】9大辅助驾驶晚高峰实测！谁是真正的第一梯队？,凤凰车研所,2026-08-17 11:34:40,232731,1923,1,【无广实测】问/鹏/理/迪/米/蔚/尚/氪/奔 9车辅助驾驶深度体验,40983071508,317.99000,1,25,16777215,2026-08-20 08:50:16,1787187016,0,48379c42,2181841847562578688,这个应该不算 换新手来开也得懵
BV15Xb86nEzv,117108709072765,【无广】9大辅助驾驶晚高峰实测！谁是真正的第一梯队？,凤凰车研所,2026-08-17 11:34:40,232731,1923,1,【无广实测】问/鹏/理/迪/米/蔚/尚/氪/奔 9车辅助驾驶深度体验,40983071508,11.68000,5,25,16777215,2026-08-20 08:49:16,1787186956,0,305bdc26,2181841340696907776,可以可以，我操在郑州，辅助驾驶能跑完郑州27广场、火车站那一片，基本上全国其他地方就不用愁了
BV15Xb86nEzv,117108709072765,【无广】9大辅助驾驶晚高峰实测！谁是真正的第一梯队？,凤凰车研所,2026-08-17 11:34:40,232731,1923,1,【无广实测】问/鹏/理/迪/米/蔚/尚/氪/奔 9车辅助驾驶深度体验,40983071508,212.79900,1,25,16777215,2026-08-20 08:47:56,1787186876,0,48379c42,2181840674902241536,你就说现在是不是在第一梯队吧 手动狗头
BV15Xb86nEzv,117108709072765,【无广】9大辅助驾驶晚高峰实测！谁是真正的第一梯队？,凤凰车研所,2026-08-17 11:34:40,232731,1923,1,【无广实测】问/鹏/理/迪/米/蔚/尚/氪/奔 9车辅助驾驶深度体验,40983071508,734.00000,1,25,16777215,2026-08-20 08:05:21,1787184321,3,76ae09a3,2181819238996972544,5
BV15Xb86nEzv,117108709072765,【无广】9大辅助驾驶晚高峰实测！谁是真正的第一梯队？,凤凰车研所,2026-08-17 11:34:40,232731,1923,1,【无广实测】问/鹏/理/迪/米/蔚/尚/氪/奔 9车辅助驾驶深度体验,40983071508,466.40900,1,25,38979,2026-08-20 08:03:35,1787184215,0,75927cb2,2181818348194328320,不愧是重庆车厂，对路况的把握精准到位
BV15Xb86nEzv,117108709072765,【无广】9大辅助驾驶晚高峰实测！谁是真正的第一梯队？,凤凰车研所,2026-08-17 11:34:40,232731,1923,1,【无广实测】问/鹏/理/迪/米/蔚/尚/氪/奔 9车辅助驾驶深度体验,40983071508,734.49400,1,25,16777215,2026-08-20 07:48:05,1787183285,3,c40b0b07,2181810547518321664,5
BV15Xb86nEzv,117108709072765,【无广】9大辅助驾驶晚高峰实测！谁是真正的第一梯队？,凤凰车研所,2026-08-17 11:34:40,232731,1923,1,【无广实测】问/鹏/理/迪/米/蔚/尚/氪/奔 9车辅助驾驶深度体验,40983071508,735.00000,1,25,16777215,2026-08-20 04:44:17,1787172257,3,c8961a09,2181718042159931136,5
BV15Xb86nEzv,117108709072765,【无广】9大辅助驾驶晚高峰实测！谁是真正的第一梯队？,凤凰车研所,2026-08-17 11:34:40,232731,1923,1,【无广实测】问/鹏/理/迪/米/蔚/尚/氪/奔 9车辅助驾驶深度体验,40983071508,735.00000,1,25,16777215,2026-08-20 03:48:42,1787168922,3,2a8f9e7b,2181690064424294656,5
BV15Xb86nEzv,117108709072765,【无广】9大辅助驾驶晚高峰实测！谁是真正的第一梯队？,凤凰车研所,2026-08-17 11:34:40,232731,1923,1,【无广实测】问/鹏/理/迪/米/蔚/尚/氪/奔 9车辅助驾驶深度体验,40983071508,805.70800,1,25,16777215,2026-08-20 03:45:44,1787168744,0,e288a6af,2181688573642845952,目前第一梯队只有华为和小鹏 其他的还是差点意思
BV15Xb86nEzv,117108709072765,【无广】9大辅助驾驶晚高峰实测！谁是真正的第一梯队？,凤凰车研所,2026-08-17 11:34:40,232731,1923,1,【无广实测】问/鹏/理/迪/米/蔚/尚/氪/奔 9车辅助驾驶深度体验,40983071508,1025.33800,1,25,16777215,2026-08-20 03:37:19,1787168239,0,2d7fc722,2181684337119649536,现阶段，高架好用最核心，然后是高速，其他场景等L3吧
BV15Xb86nEzv,117108709072765,【无广】9大辅助驾驶晚高峰实测！谁是真正的第一梯队？,凤凰车研所,2026-08-17 11:34:40,232731,1923,1,【无广实测】问/鹏/理/迪/米/蔚/尚/氪/奔 9车辅助驾驶深度体验,40983071508,13.44100,1,25,16777215,2026-08-20 03:29:53,1787167793,0,e288a6af,2181680593828773888,特斯拉？？？？特批拉  幽灵刹车都来了还智驾
BV15Xb86nEzv,117108709072765,【无广】9大辅助驾驶晚高峰实测！谁是真正的第一梯队？,凤凰车研所,2026-08-17 11:34:40,232731,1923,1,【无广实测】问/鹏/理/迪/米/蔚/尚/氪/奔 9车辅助驾驶深度体验,40983071508,733.47900,1,25,16777215,2026-08-20 02:30:31,1787164231,0,c06cafce,2181650709715075840,小米差点掉出前三
BV15Xb86nEzv,117108709072765,【无广】9大辅助驾驶晚高峰实测！谁是真正的第一梯队？,凤凰车研所,2026-08-17 11:34:40,232731,1923,1,【无广实测】问/鹏/理/迪/米/蔚/尚/氪/奔 9车辅助驾驶深度体验,40983071508,839.50300,1,25,16777215,2026-08-20 02:00:43,1787162443,0,426385ee,2181635714273079552,小鹏现在导航权重太低了，特别相信他自己的判断，但大部分时候导航都是对的，也不知道咋优化的
BV15Xb86nEzv,117108709072765,【无广】9大辅助驾驶晚高峰实测！谁是真正的第一梯队？,凤凰车研所,2026-08-17 11:34:40,232731,1923,1,【无广实测】问/鹏/理/迪/米/蔚/尚/氪/奔 9车辅助驾驶深度体验,40983071508,765.87800,1,25,16777215,2026-08-20 01:34:38,1787160878,0,f36dc32,2181622581588261376,理想下匝道特别特别晚！
BV15Xb86nEzv,117108709072765,【无广】9大辅助驾驶晚高峰实测！谁是真正的第一梯队？,凤凰车研所,2026-08-17 11:34:40,232731,1923,1,【无广实测】问/鹏/理/迪/米/蔚/尚/氪/奔 9车辅助驾驶深度体验,40983071508,810.84000,1,25,16777215,2026-08-20 01:08:30,1787159310,0,30eb1582,2181609429165074432,这小鹏 怎么尽在走错路。。。
BV15Xb86nEzv,117108709072765,【无广】9大辅助驾驶晚高峰实测！谁是真正的第一梯队？,凤凰车研所,2026-08-17 11:34:40,232731,1923,1,【无广实测】问/鹏/理/迪/米/蔚/尚/氪/奔 9车辅助驾驶深度体验,40983071508,735.00000,1,25,16777215,2026-08-20 00:51:54,1787158314,3,e18b3bea,2181601074018973440,5
BV15Xb86nEzv,117108709072765,【无广】9大辅助驾驶晚高峰实测！谁是真正的第一梯队？,凤凰车研所,2026-08-17 11:34:40,232731,1923,1,【无广实测】问/鹏/理/迪/米/蔚/尚/氪/奔 9车辅助驾驶深度体验,40983071508,731.30000,1,25,16777215,2026-08-20 00:46:51,1787158011,3,a4210864,2181598536809164288,1
BV15Xb86nEzv,117108709072765,【无广】9大辅助驾驶晚高峰实测！谁是真正的第一梯队？,凤凰车研所,2026-08-17 11:34:40,232731,1923,1,【无广实测】问/鹏/理/迪/米/蔚/尚/氪/奔 9车辅助驾驶深度体验,40983071508,436.41200,1,25,16777215,2026-08-20 00:44:28,1787157868,0,c620b199,2181597337942766336,介入问题不大，自己开着就知道了
BV15Xb86nEzv,117108709072765,【无广】9大辅助驾驶晚高峰实测！谁是真正的第一梯队？,凤凰车研所,2026-08-17 11:34:40,232731,1923,1,【无广实测】问/鹏/理/迪/米/蔚/尚/氪/奔 9车辅助驾驶深度体验,40983071508,599.87100,1,25,16777215,2026-08-20 00:21:49,1787156509,0,6a2eccbd,2181585937732682496,这是河医，那个最大的在东边
BV15Xb86nEzv,117108709072765,【无广】9大辅助驾驶晚高峰实测！谁是真正的第一梯队？,凤凰车研所,2026-08-17 11:34:40,232731,1923,1,【无广实测】问/鹏/理/迪/米/蔚/尚/氪/奔 9车辅助驾驶深度体验,40983071508,440.29700,1,25,16777215,2026-08-20 00:18:45,1787156325,0,6a2eccbd,2181584388692453376,铭功路
BV15Xb86nEzv,117108709072765,【无广】9大辅助驾驶晚高峰实测！谁是真正的第一梯队？,凤凰车研所,2026-08-17 11:34:40,232731,1923,1,【无广实测】问/鹏/理/迪/米/蔚/尚/氪/奔 9车辅助驾驶深度体验,40983071508,359.38000,1,25,16777215,2026-08-20 00:18:20,1787156300,0,f36dc32,2181584185486770688,奔驰智驾都比理想好哈哈哈
BV15Xb86nEzv,117108709072765,【无广】9大辅助驾驶晚高峰实测！谁是真正的第一梯队？,凤凰车研所,2026-08-17 11:34:40,232731,1923,1,【无广实测】问/鹏/理/迪/米/蔚/尚/氪/奔 9车辅助驾驶深度体验,40983071508,244.26500,1,25,16777215,2026-08-20 00:13:43,1787156023,0,f36dc32,2181581861011705344,遥遥领先
BV15Xb86nEzv,117108709072765,【无广】9大辅助驾驶晚高峰实测！谁是真正的第一梯队？,凤凰车研所,2026-08-17 11:34:40,232731,1923,1,【无广实测】问/鹏/理/迪/米/蔚/尚/氪/奔 9车辅助驾驶深度体验,40983071508,147.49700,1,25,16777215,2026-08-20 00:09:56,1787155796,0,f36dc32,2181579956604769792,正品理想
BV15Xb86nEzv,117108709072765,【无广】9大辅助驾驶晚高峰实测！谁是真正的第一梯队？,凤凰车研所,2026-08-17 11:34:40,232731,1923,1,【无广实测】问/鹏/理/迪/米/蔚/尚/氪/奔 9车辅助驾驶深度体验,40983071508,200.67700,5,25,15138834,2026-08-20 00:02:28,1787155348,0,6b22184f,2181576195421578752,小米稳定发挥
BV15Xb86nEzv,117108709072765,【无广】9大辅助驾驶晚高峰实测！谁是真正的第一梯队？,凤凰车研所,2026-08-17 11:34:40,232731,1923,1,【无广实测】问/鹏/理/迪/米/蔚/尚/氪/奔 9车辅助驾驶深度体验,40983071508,356.05100,1,25,16777215,2026-08-19 23:29:05,1787153345,0,7f1fa2d8,2181559390925828096,再见了凤小弟
BV15Xb86nEzv,117108709072765,【无广】9大辅助驾驶晚高峰实测！谁是真正的第一梯队？,凤凰车研所,2026-08-17 11:34:40,232731,1923,1,【无广实测】问/鹏/理/迪/米/蔚/尚/氪/奔 9车辅助驾驶深度体验,40983071508,188.14000,1,25,16777215,2026-08-19 23:24:31,1787153071,0,f726c59e,2181557098511543040,白盒交付称自研，摇身一变成天眼。智驾兜底不营销，吊打驾险早两年。
BV15Xb86nEzv,117108709072765,【无广】9大辅助驾驶晚高峰实测！谁是真正的第一梯队？,凤凰车研所,2026-08-17 11:34:40,232731,1923,1,【无广实测】问/鹏/理/迪/米/蔚/尚/氪/奔 9车辅助驾驶深度体验,40983071508,734.39800,1,25,16777215,2026-08-19 23:19:17,1787152757,3,6cf20b59,2181554463062822400,5
BV15Xb86nEzv,117108709072765,【无广】9大辅助驾驶晚高峰实测！谁是真正的第一梯队？,凤凰车研所,2026-08-17 11:34:40,232731,1923,1,【无广实测】问/鹏/理/迪/米/蔚/尚/氪/奔 9车辅助驾驶深度体验,40983071508,735.00000,1,25,16777215,2026-08-19 22:57:40,1787151460,3,7c30e4fa,2181543582920509440,5
BV15Xb86nEzv,117108709072765,【无广】9大辅助驾驶晚高峰实测！谁是真正的第一梯队？,凤凰车研所,2026-08-17 11:34:40,232731,1923,1,【无广实测】问/鹏/理/迪/米/蔚/尚/氪/奔 9车辅助驾驶深度体验,40983071508,652.68000,1,25,16777215,2026-08-19 22:56:08,1787151368,0,7c30e4fa,2181542812133464576,饥渴这是拿车主数据练的吧
BV15Xb86nEzv,117108709072765,【无广】9大辅助驾驶晚高峰实测！谁是真正的第一梯队？,凤凰车研所,2026-08-17 11:34:40,232731,1923,1,【无广实测】问/鹏/理/迪/米/蔚/尚/氪/奔 9车辅助驾驶深度体验,40983071508,194.84400,1,25,16777215,2026-08-19 22:47:42,1787150862,0,7c30e4fa,2181538564343747584,要命了这个牢米
BV15Xb86nEzv,117108709072765,【无广】9大辅助驾驶晚高峰实测！谁是真正的第一梯队？,凤凰车研所,2026-08-17 11:34:40,232731,1923,1,【无广实测】问/鹏/理/迪/米/蔚/尚/氪/奔 9车辅助驾驶深度体验,40983071508,151.11400,1,25,16777215,2026-08-19 22:46:35,1787150795,0,7c30e4fa,2181538005922372352,再说就给你停路上了
BV15Xb86nEzv,117108709072765,【无广】9大辅助驾驶晚高峰实测！谁是真正的第一梯队？,凤凰车研所,2026-08-17 11:34:40,232731,1923,1,【无广实测】问/鹏/理/迪/米/蔚/尚/氪/奔 9车辅助驾驶深度体验,40983071508,143.62500,1,25,16777215,2026-08-19 22:46:10,1787150770,0,7c30e4fa,2181537793052986112,蔚来的智驾进步很大
BV15Xb86nEzv,117108709072765,【无广】9大辅助驾驶晚高峰实测！谁是真正的第一梯队？,凤凰车研所,2026-08-17 11:34:40,232731,1923,1,【无广实测】问/鹏/理/迪/米/蔚/尚/氪/奔 9车辅助驾驶深度体验,40983071508,330.86000,1,25,16777215,2026-08-19 22:44:38,1787150678,0,3036fe75,2181537019195339520,种草尚界Z7T
BV15Xb86nEzv,117108709072765,【无广】9大辅助驾驶晚高峰实测！谁是真正的第一梯队？,凤凰车研所,2026-08-17 11:34:40,232731,1923,1,【无广实测】问/鹏/理/迪/米/蔚/尚/氪/奔 9车辅助驾驶深度体验,40983071508,23.96300,1,25,16777215,2026-08-19 22:38:28,1787150308,0,3ed45b72,2181533919856722944,蔚来智驾看到学校30公里限速后，速度降到30了，行驶过学校路段必须看到新的标速牌才会改限速。。。
BV15Xb86nEzv,117108709072765,【无广】9大辅助驾驶晚高峰实测！谁是真正的第一梯队？,凤凰车研所,2026-08-17 11:34:40,232731,1923,1,【无广实测】问/鹏/理/迪/米/蔚/尚/氪/奔 9车辅助驾驶深度体验,40983071508,123.36700,1,25,16777215,2026-08-19 22:33:25,1787150005,0,41ba0d01,2181531379417500416,666，这 18 码的
BV15Xb86nEzv,117108709072765,【无广】9大辅助驾驶晚高峰实测！谁是真正的第一梯队？,凤凰车研所,2026-08-17 11:34:40,232731,1923,1,【无广实测】问/鹏/理/迪/米/蔚/尚/氪/奔 9车辅助驾驶深度体验,40983071508,277.12600,1,25,16777215,2026-08-19 22:28:01,1787149681,0,cb37c118,2181528655074132480,正常在哪。。。
BV15Xb86nEzv,117108709072765,【无广】9大辅助驾驶晚高峰实测！谁是真正的第一梯队？,凤凰车研所,2026-08-17 11:34:40,232731,1923,1,【无广实测】问/鹏/理/迪/米/蔚/尚/氪/奔 9车辅助驾驶深度体验,40983071508,42.60700,1,25,16777215,2026-08-19 22:21:35,1787149295,0,e941aba7,2181525419152194304,还有极氪的事？
BV15Xb86nEzv,117108709072765,【无广】9大辅助驾驶晚高峰实测！谁是真正的第一梯队？,凤凰车研所,2026-08-17 11:34:40,232731,1923,1,【无广实测】问/鹏/理/迪/米/蔚/尚/氪/奔 9车辅助驾驶深度体验,40983071508,734.91700,1,25,16777215,2026-08-19 22:07:55,1787148475,3,58dd4f43,2181518542875484160,5
BV15Xb86nEzv,117108709072765,【无广】9大辅助驾驶晚高峰实测！谁是真正的第一梯队？,凤凰车研所,2026-08-17 11:34:40,232731,1923,1,【无广实测】问/鹏/理/迪/米/蔚/尚/氪/奔 9车辅助驾驶深度体验,40983071508,52.16000,1,25,16777215,2026-08-19 22:06:35,1787148395,0,982d6b6,2181517871443146752,第一梯队是小米
BV15Xb86nEzv,117108709072765,【无广】9大辅助驾驶晚高峰实测！谁是真正的第一梯队？,凤凰车研所,2026-08-17 11:34:40,232731,1923,1,【无广实测】问/鹏/理/迪/米/蔚/尚/氪/奔 9车辅助驾驶深度体验,40983071508,733.60900,1,25,16777215,2026-08-19 21:58:51,1787147931,3,969e136b,2181513980127193856,5
BV15Xb86nEzv,117108709072765,【无广】9大辅助驾驶晚高峰实测！谁是真正的第一梯队？,凤凰车研所,2026-08-17 11:34:40,232731,1923,1,【无广实测】问/鹏/理/迪/米/蔚/尚/氪/奔 9车辅助驾驶深度体验,40983071508,696.17600,1,25,16777215,2026-08-19 21:54:18,1787147658,0,256c3ac7,2181511687956825088,捷途有安心智驾包，出事了捷途负责
BV15Xb86nEzv,117108709072765,【无广】9大辅助驾驶晚高峰实测！谁是真正的第一梯队？,凤凰车研所,2026-08-17 11:34:40,232731,1923,1,【无广实测】问/鹏/理/迪/米/蔚/尚/氪/奔 9车辅助驾驶深度体验,40983071508,699.72000,1,25,16777215,2026-08-19 21:53:05,1787147585,0,83734c91,2181511080076090624,厂家赔你一点修车费，你敢赌命嘛？
BV15Xb86nEzv,117108709072765,【无广】9大辅助驾驶晚高峰实测！谁是真正的第一梯队？,凤凰车研所,2026-08-17 11:34:40,232731,1923,1,【无广实测】问/鹏/理/迪/米/蔚/尚/氪/奔 9车辅助驾驶深度体验,40983071508,589.74600,1,25,16777215,2026-08-19 21:51:46,1787147506,0,c0a5188b,2181510412091153408,理想：我的用户数据就是我的智能驾驶依据
BV15Xb86nEzv,117108709072765,【无广】9大辅助驾驶晚高峰实测！谁是真正的第一梯队？,凤凰车研所,2026-08-17 11:34:40,232731,1923,1,【无广实测】问/鹏/理/迪/米/蔚/尚/氪/奔 9车辅助驾驶深度体验,40983071508,259.68300,1,25,16777215,2026-08-19 21:36:58,1787146618,0,cfd4ac6,2181502967227326464,这里怎么变成冬天了
BV15Xb86nEzv,117108709072765,【无广】9大辅助驾驶晚高峰实测！谁是真正的第一梯队？,凤凰车研所,2026-08-17 11:34:40,232731,1923,1,【无广实测】问/鹏/理/迪/米/蔚/尚/氪/奔 9车辅助驾驶深度体验,40983071508,734.51500,1,25,16777215,2026-08-19 21:25:50,1787145950,3,ecff9b33,2181497360985866496,4
BV15Xb86nEzv,117108709072765,【无广】9大辅助驾驶晚高峰实测！谁是真正的第一梯队？,凤凰车研所,2026-08-17 11:34:40,232731,1923,1,【无广实测】问/鹏/理/迪/米/蔚/尚/氪/奔 9车辅助驾驶深度体验,40983071508,414.67700,1,25,16777215,2026-08-19 21:23:32,1787145812,0,3efed5dc,2181496199105470720,大爷大妈家客厅里坐坐
BV15Xb86nEzv,117108709072765,【无广】9大辅助驾驶晚高峰实测！谁是真正的第一梯队？,凤凰车研所,2026-08-17 11:34:40,232731,1923,1,【无广实测】问/鹏/理/迪/米/蔚/尚/氪/奔 9车辅助驾驶深度体验,40983071508,736.72700,1,25,16777215,2026-08-19 21:13:33,1787145213,0,caf03256,2181491179856715264,5
BV15Xb86nEzv,117108709072765,【无广】9大辅助驾驶晚高峰实测！谁是真正的第一梯队？,凤凰车研所,2026-08-17 11:34:40,232731,1923,1,【无广实测】问/鹏/理/迪/米/蔚/尚/氪/奔 9车辅助驾驶深度体验,40983071508,45.06900,1,25,16777215,2026-08-19 21:05:18,1787144718,0,d51eebf4,2181487022152815616,有
BV15Xb86nEzv,117108709072765,【无广】9大辅助驾驶晚高峰实测！谁是真正的第一梯队？,凤凰车研所,2026-08-17 11:34:40,232731,1923,1,【无广实测】问/鹏/理/迪/米/蔚/尚/氪/奔 9车辅助驾驶深度体验,40983071508,621.26200,1,25,16777215,2026-08-19 21:04:04,1787144644,0,fa1f73e2,2181486402587124480,问界到现在才两次吗？
BV15Xb86nEzv,117108709072765,【无广】9大辅助驾驶晚高峰实测！谁是真正的第一梯队？,凤凰车研所,2026-08-17 11:34:40,232731,1923,1,【无广实测】问/鹏/理/迪/米/蔚/尚/氪/奔 9车辅助驾驶深度体验,40983071508,735.91400,1,25,16777215,2026-08-19 21:02:03,1787144523,3,fb9b97cc,2181485389435785984,5
BV15Xb86nEzv,117108709072765,【无广】9大辅助驾驶晚高峰实测！谁是真正的第一梯队？,凤凰车研所,2026-08-17 11:34:40,232731,1923,1,【无广实测】问/鹏/理/迪/米/蔚/尚/氪/奔 9车辅助驾驶深度体验,40983071508,147.66600,1,25,16777215,2026-08-19 20:56:55,1787144215,0,f13a622b,2181482803445673728,正品
BV15Xb86nEzv,117108709072765,【无广】9大辅助驾驶晚高峰实测！谁是真正的第一梯队？,凤凰车研所,2026-08-17 11:34:40,232731,1923,1,【无广实测】问/鹏/理/迪/米/蔚/尚/氪/奔 9车辅助驾驶深度体验,40983071508,744.63200,1,25,16777215,2026-08-19 20:55:25,1787144125,0,f83f2845,2181482049897474560,极氪是这样的，经常不看道路就是无脑加速
BV15Xb86nEzv,117108709072765,【无广】9大辅助驾驶晚高峰实测！谁是真正的第一梯队？,凤凰车研所,2026-08-17 11:34:40,232731,1923,1,【无广实测】问/鹏/理/迪/米/蔚/尚/氪/奔 9车辅助驾驶深度体验,40983071508,735.50400,1,25,16777215,2026-08-19 20:52:55,1787143975,3,b654d595,2181480792033891840,5
BV15Xb86nEzv,117108709072765,【无广】9大辅助驾驶晚高峰实测！谁是真正的第一梯队？,凤凰车研所,2026-08-17 11:34:40,232731,1923,1,【无广实测】问/鹏/理/迪/米/蔚/尚/氪/奔 9车辅助驾驶深度体验,40983071508,761.10900,1,25,16777215,2026-08-19 20:52:49,1787143969,0,49519a1a,2181480746752364032,理想是这样的，我开的时候也遇到过，下匝道变道太晚
BV15Xb86nEzv,117108709072765,【无广】9大辅助驾驶晚高峰实测！谁是真正的第一梯队？,凤凰车研所,2026-08-17 11:34:40,232731,1923,1,【无广实测】问/鹏/理/迪/米/蔚/尚/氪/奔 9车辅助驾驶深度体验,40983071508,734.74500,1,25,16777215,2026-08-19 20:51:20,1787143880,3,93885e0f,2181479995367966720,5
BV15Xb86nEzv,117108709072765,【无广】9大辅助驾驶晚高峰实测！谁是真正的第一梯队？,凤凰车研所,2026-08-17 11:34:40,232731,1923,1,【无广实测】问/鹏/理/迪/米/蔚/尚/氪/奔 9车辅助驾驶深度体验,40983071508,731.82400,1,25,16777215,2026-08-19 20:47:04,1787143624,3,a2e32935,2181477847851148800,5
BV15Xb86nEzv,117108709072765,【无广】9大辅助驾驶晚高峰实测！谁是真正的第一梯队？,凤凰车研所,2026-08-17 11:34:40,232731,1923,1,【无广实测】问/鹏/理/迪/米/蔚/尚/氪/奔 9车辅助驾驶深度体验,40983071508,735.68400,1,25,16777215,2026-08-19 20:11:47,1787141507,3,130f9f66,2181460091683981312,5
BV15Xb86nEzv,117108709072765,【无广】9大辅助驾驶晚高峰实测！谁是真正的第一梯队？,凤凰车研所,2026-08-17 11:34:40,232731,1923,1,【无广实测】问/鹏/理/迪/米/蔚/尚/氪/奔 9车辅助驾驶深度体验,40983071508,6.02000,1,25,16776960,2026-08-19 20:05:18,1787141118,0,ba683de3,2181456827987585536,坐等变古战场
BV15Xb86nEzv,117108709072765,【无广】9大辅助驾驶晚高峰实测！谁是真正的第一梯队？,凤凰车研所,2026-08-17 11:34:40,232731,1923,1,【无广实测】问/鹏/理/迪/米/蔚/尚/氪/奔 9车辅助驾驶深度体验,40983071508,734.11600,1,25,16777215,2026-08-19 19:59:17,1787140757,3,f6dd71c6,2181453795908031488,5
BV15Xb86nEzv,117108709072765,【无广】9大辅助驾驶晚高峰实测！谁是真正的第一梯队？,凤凰车研所,2026-08-17 11:34:40,232731,1923,1,【无广实测】问/鹏/理/迪/米/蔚/尚/氪/奔 9车辅助驾驶深度体验,40983071508,734.20300,1,25,16777215,2026-08-19 19:32:49,1787139169,3,f0d20594,2181440475939426816,5
BV15Xb86nEzv,117108709072765,【无广】9大辅助驾驶晚高峰实测！谁是真正的第一梯队？,凤凰车研所,2026-08-17 11:34:40,232731,1923,1,【无广实测】问/鹏/理/迪/米/蔚/尚/氪/奔 9车辅助驾驶深度体验,40983071508,149.65500,1,25,16777215,2026-08-19 19:30:34,1787139034,0,ccb9056c,2181439343535921408,没问题，理想可以走！
BV15Xb86nEzv,117108709072765,【无广】9大辅助驾驶晚高峰实测！谁是真正的第一梯队？,凤凰车研所,2026-08-17 11:34:40,232731,1923,1,【无广实测】问/鹏/理/迪/米/蔚/尚/氪/奔 9车辅助驾驶深度体验,40983071508,733.65600,1,25,16777215,2026-08-19 19:30:01,1787139001,3,c7a79e54,2181439070142641920,5
BV15Xb86nEzv,117108709072765,【无广】9大辅助驾驶晚高峰实测！谁是真正的第一梯队？,凤凰车研所,2026-08-17 11:34:40,232731,1923,1,【无广实测】问/鹏/理/迪/米/蔚/尚/氪/奔 9车辅助驾驶深度体验,40983071508,33.54600,1,25,16777215,2026-08-19 19:29:57,1787138997,0,c465af4b,2181439030465230080,人类老司机开上下班高峰期都会很累
BV15Xb86nEzv,117108709072765,【无广】9大辅助驾驶晚高峰实测！谁是真正的第一梯队？,凤凰车研所,2026-08-17 11:34:40,232731,1923,1,【无广实测】问/鹏/理/迪/米/蔚/尚/氪/奔 9车辅助驾驶深度体验,40983071508,151.63200,1,25,16777215,2026-08-19 19:28:21,1787138901,0,619cf374,2181438230166313472,对味了
BV15Xb86nEzv,117108709072765,【无广】9大辅助驾驶晚高峰实测！谁是真正的第一梯队？,凤凰车研所,2026-08-17 11:34:40,232731,1923,1,【无广实测】问/鹏/理/迪/米/蔚/尚/氪/奔 9车辅助驾驶深度体验,40983071508,500.86500,1,25,16777215,2026-08-19 19:08:21,1787137701,0,9c5ffdc,2181428162838754816,卷卷有爷名
BV15Xb86nEzv,117108709072765,【无广】9大辅助驾驶晚高峰实测！谁是真正的第一梯队？,凤凰车研所,2026-08-17 11:34:40,232731,1923,1,【无广实测】问/鹏/理/迪/米/蔚/尚/氪/奔 9车辅助驾驶深度体验,40983071508,961.48200,1,25,16777215,2026-08-19 18:28:07,1787135287,0,425d1926,2181407912647002368,好了到这里就不用看了
BV15Xb86nEzv,117108709072765,【无广】9大辅助驾驶晚高峰实测！谁是真正的第一梯队？,凤凰车研所,2026-08-17 11:34:40,232731,1923,1,【无广实测】问/鹏/理/迪/米/蔚/尚/氪/奔 9车辅助驾驶深度体验,40983071508,733.06000,1,25,16777215,2026-08-19 18:23:37,1787135017,3,a9b30620,2181405649039193856,5
BV15Xb86nEzv,117108709072765,【无广】9大辅助驾驶晚高峰实测！谁是真正的第一梯队？,凤凰车研所,2026-08-17 11:34:40,232731,1923,1,【无广实测】问/鹏/理/迪/米/蔚/尚/氪/奔 9车辅助驾驶深度体验,40983071508,590.31700,1,25,16776960,2026-08-19 18:12:42,1787134362,0,279614ff,2181400155641802240,大陆人的弹幕.DDDD.人云亦云
BV15Xb86nEzv,117108709072765,【无广】9大辅助驾驶晚高峰实测！谁是真正的第一梯队？,凤凰车研所,2026-08-17 11:34:40,232731,1923,1,【无广实测】问/鹏/理/迪/米/蔚/尚/氪/奔 9车辅助驾驶深度体验,40983071508,734.33000,1,25,16777215,2026-08-19 17:58:35,1787133515,3,3a47d106,2181393047747980800,5
BV15Xb86nEzv,117108709072765,【无广】9大辅助驾驶晚高峰实测！谁是真正的第一梯队？,凤凰车研所,2026-08-17 11:34:40,232731,1923,1,【无广实测】问/鹏/理/迪/米/蔚/尚/氪/奔 9车辅助驾驶深度体验,40983071508,11.32600,1,25,16777215,2026-08-19 17:48:46,1787132926,0,fb1b8db4,2181388110129487872,知道特斯拉完成不了测试
BV15Xb86nEzv,117108709072765,【无广】9大辅助驾驶晚高峰实测！谁是真正的第一梯队？,凤凰车研所,2026-08-17 11:34:40,232731,1923,1,【无广实测】问/鹏/理/迪/米/蔚/尚/氪/奔 9车辅助驾驶深度体验,40983071508,735.77900,1,25,16777215,2026-08-19 17:46:22,1787132782,3,5ef335a9,2181386898571116800,5
BV15Xb86nEzv,117108709072765,【无广】9大辅助驾驶晚高峰实测！谁是真正的第一梯队？,凤凰车研所,2026-08-17 11:34:40,232731,1923,1,【无广实测】问/鹏/理/迪/米/蔚/尚/氪/奔 9车辅助驾驶深度体验,40983071508,735.85400,1,25,16777215,2026-08-19 17:41:09,1787132469,3,fc63091e,2181384274161663232,5
BV15Xb86nEzv,117108709072765,【无广】9大辅助驾驶晚高峰实测！谁是真正的第一梯队？,凤凰车研所,2026-08-17 11:34:40,232731,1923,1,【无广实测】问/鹏/理/迪/米/蔚/尚/氪/奔 9车辅助驾驶深度体验,40983071508,39.61300,1,25,16777215,2026-08-19 17:40:51,1787132451,0,fb1b8db4,2181384126857511424,尚界和问界没区别吧
BV15Xb86nEzv,117108709072765,【无广】9大辅助驾驶晚高峰实测！谁是真正的第一梯队？,凤凰车研所,2026-08-17 11:34:40,232731,1923,1,【无广实测】问/鹏/理/迪/米/蔚/尚/氪/奔 9车辅助驾驶深度体验,40983071508,409.74800,1,25,16777215,2026-08-19 17:36:54,1787132214,0,49164cc8,2181382138027583744,这几个老太太诗人？
BV15Xb86nEzv,117108709072765,【无广】9大辅助驾驶晚高峰实测！谁是真正的第一梯队？,凤凰车研所,2026-08-17 11:34:40,232731,1923,1,【无广实测】问/鹏/理/迪/米/蔚/尚/氪/奔 9车辅助驾驶深度体验,40983071508,749.65800,1,25,16777215,2026-08-19 17:33:42,1787132022,0,fd85a0aa,2181380525334636544,也只是多出点汗而已
BV15Xb86nEzv,117108709072765,【无广】9大辅助驾驶晚高峰实测！谁是真正的第一梯队？,凤凰车研所,2026-08-17 11:34:40,232731,1923,1,【无广实测】问/鹏/理/迪/米/蔚/尚/氪/奔 9车辅助驾驶深度体验,40983071508,246.55800,1,25,16777215,2026-08-19 17:29:08,1787131748,0,84f734be,2181378223374918912,上届这个时候都没啥车
BV15Xb86nEzv,117108709072765,【无广】9大辅助驾驶晚高峰实测！谁是真正的第一梯队？,凤凰车研所,2026-08-17 11:34:40,232731,1923,1,【无广实测】问/鹏/理/迪/米/蔚/尚/氪/奔 9车辅助驾驶深度体验,40983071508,735.00000,1,25,16777215,2026-08-19 17:07:44,1787130464,3,56be71bc,2181367457779116032,5
BV15Xb86nEzv,117108709072765,【无广】9大辅助驾驶晚高峰实测！谁是真正的第一梯队？,凤凰车研所,2026-08-17 11:34:40,232731,1923,1,【无广实测】问/鹏/理/迪/米/蔚/尚/氪/奔 9车辅助驾驶深度体验,40983071508,27.80500,1,25,16777215,2026-08-19 17:03:30,1787130210,0,b5d86b01,2181365323129920768,特斯拉有智驾？
BV15Xb86nEzv,117108709072765,【无广】9大辅助驾驶晚高峰实测！谁是真正的第一梯队？,凤凰车研所,2026-08-17 11:34:40,232731,1923,1,【无广实测】问/鹏/理/迪/米/蔚/尚/氪/奔 9车辅助驾驶深度体验,40983071508,734.47400,1,25,16777215,2026-08-19 16:55:59,1787129759,3,fe4cd336,2181361542241685760,5
BV15Xb86nEzv,117108709072765,【无广】9大辅助驾驶晚高峰实测！谁是真正的第一梯队？,凤凰车研所,2026-08-17 11:34:40,232731,1923,1,【无广实测】问/鹏/理/迪/米/蔚/尚/氪/奔 9车辅助驾驶深度体验,40983071508,989.67700,1,25,16777215,2026-08-19 15:58:25,1787126305,0,2d754037,2181332565280111616,特斯拉国内版本落后一个大版本，V14要歪门邪道才能开，不如不测
BV15Xb86nEzv,117108709072765,【无广】9大辅助驾驶晚高峰实测！谁是真正的第一梯队？,凤凰车研所,2026-08-17 11:34:40,232731,1923,1,【无广实测】问/鹏/理/迪/米/蔚/尚/氪/奔 9车辅助驾驶深度体验,40983071508,734.84500,1,25,16777215,2026-08-19 15:56:46,1787126206,3,f7e33129,2181331737140166912,5
BV15Xb86nEzv,117108709072765,【无广】9大辅助驾驶晚高峰实测！谁是真正的第一梯队？,凤凰车研所,2026-08-17 11:34:40,232731,1923,1,【无广实测】问/鹏/理/迪/米/蔚/尚/氪/奔 9车辅助驾驶深度体验,40983071508,899.16800,1,25,16777215,2026-08-19 15:56:10,1787126170,0,2d754037,2181331433883367680,也可能会倒退，所以一般不建议第一时间更新
BV15Xb86nEzv,117108709072765,【无广】9大辅助驾驶晚高峰实测！谁是真正的第一梯队？,凤凰车研所,2026-08-17 11:34:40,232731,1923,1,【无广实测】问/鹏/理/迪/米/蔚/尚/氪/奔 9车辅助驾驶深度体验,40983071508,736.00000,1,25,16777215,2026-08-19 15:50:26,1787125826,3,d1f792f,2181328548873512192,5
BV15Xb86nEzv,117108709072765,【无广】9大辅助驾驶晚高峰实测！谁是真正的第一梯队？,凤凰车研所,2026-08-17 11:34:40,232731,1923,1,【无广实测】问/鹏/理/迪/米/蔚/尚/氪/奔 9车辅助驾驶深度体验,40983071508,862.63300,1,25,16777215,2026-08-19 15:46:06,1787125566,0,4777d3e0,2181326368355666944,蔚来太垫底了把
BV15Xb86nEzv,117108709072765,【无广】9大辅助驾驶晚高峰实测！谁是真正的第一梯队？,凤凰车研所,2026-08-17 11:34:40,232731,1923,1,【无广实测】问/鹏/理/迪/米/蔚/尚/氪/奔 9车辅助驾驶深度体验,40983071508,188.55200,1,25,16777215,2026-08-19 15:43:49,1787125429,0,2d754037,2181325217698459136,撞死撞伤有刑事责任，兜不住
BV15Xb86nEzv,117108709072765,【无广】9大辅助驾驶晚高峰实测！谁是真正的第一梯队？,凤凰车研所,2026-08-17 11:34:40,232731,1923,1,【无广实测】问/鹏/理/迪/米/蔚/尚/氪/奔 9车辅助驾驶深度体验,40983071508,265.49300,1,25,16777215,2026-08-19 15:36:27,1787124987,0,4777d3e0,2181321508784928256,尚界这个价格有这个实力厉害
BV15Xb86nEzv,117108709072765,【无广】9大辅助驾驶晚高峰实测！谁是真正的第一梯队？,凤凰车研所,2026-08-17 11:34:40,232731,1923,1,【无广实测】问/鹏/理/迪/米/蔚/尚/氪/奔 9车辅助驾驶深度体验,40983071508,733.40400,1,25,16777215,2026-08-19 15:28:04,1787124484,3,9b84f3de,2181317290019490304,5
BV15Xb86nEzv,117108709072765,【无广】9大辅助驾驶晚高峰实测！谁是真正的第一梯队？,凤凰车研所,2026-08-17 11:34:40,232731,1923,1,【无广实测】问/鹏/理/迪/米/蔚/尚/氪/奔 9车辅助驾驶深度体验,40983071508,733.88500,1,25,16777215,2026-08-19 14:51:29,1787122289,3,32b93b8b,2181298876739413760,5
BV15Xb86nEzv,117108709072765,【无广】9大辅助驾驶晚高峰实测！谁是真正的第一梯队？,凤凰车研所,2026-08-17 11:34:40,232731,1923,1,【无广实测】问/鹏/理/迪/米/蔚/尚/氪/奔 9车辅助驾驶深度体验,40983071508,847.20700,1,25,16777215,2026-08-19 14:43:34,1787121814,0,6cb3c068,2181294892176202240,还得是遥遥领先
BV15Xb86nEzv,117108709072765,【无广】9大辅助驾驶晚高峰实测！谁是真正的第一梯队？,凤凰车研所,2026-08-17 11:34:40,232731,1923,1,【无广实测】问/鹏/理/迪/米/蔚/尚/氪/奔 9车辅助驾驶深度体验,40983071508,735.00000,1,25,16777215,2026-08-19 14:39:14,1787121554,3,9bc0f926,2181292712018652160,5
BV15Xb86nEzv,117108709072765,【无广】9大辅助驾驶晚高峰实测！谁是真正的第一梯队？,凤凰车研所,2026-08-17 11:34:40,232731,1923,1,【无广实测】问/鹏/理/迪/米/蔚/尚/氪/奔 9车辅助驾驶深度体验,40983071508,736.00000,1,25,16777215,2026-08-19 14:34:39,1787121279,3,69fb902a,2181290406829058048,5
BV15Xb86nEzv,117108709072765,【无广】9大辅助驾驶晚高峰实测！谁是真正的第一梯队？,凤凰车研所,2026-08-17 11:34:40,232731,1923,1,【无广实测】问/鹏/理/迪/米/蔚/尚/氪/奔 9车辅助驾驶深度体验,40983071508,932.74400,1,25,16777215,2026-08-19 13:33:10,1787117590,0,6496bc12,2181259461506290944,运气也是实力的一部分
BV15Xb86nEzv,117108709072765,【无广】9大辅助驾驶晚高峰实测！谁是真正的第一梯队？,凤凰车研所,2026-08-17 11:34:40,232731,1923,1,【无广实测】问/鹏/理/迪/米/蔚/尚/氪/奔 9车辅助驾驶深度体验,40983071508,931.56800,1,25,16777215,2026-08-19 13:12:18,1787116338,0,29e7880,2181248958188623360,哪个爹会往这胡同里开
BV15Xb86nEzv,117108709072765,【无广】9大辅助驾驶晚高峰实测！谁是真正的第一梯队？,凤凰车研所,2026-08-17 11:34:40,232731,1923,1,【无广实测】问/鹏/理/迪/米/蔚/尚/氪/奔 9车辅助驾驶深度体验,40983071508,192.87000,1,25,16777215,2026-08-19 12:52:39,1787115159,0,2bfe5d18,2181239063020493568,正品
BV15Xb86nEzv,117108709072765,【无广】9大辅助驾驶晚高峰实测！谁是真正的第一梯队？,凤凰车研所,2026-08-17 11:34:40,232731,1923,1,【无广实测】问/鹏/理/迪/米/蔚/尚/氪/奔 9车辅助驾驶深度体验,40983071508,120.72300,1,25,16777215,2026-08-19 12:52:29,1787115149,0,4122fa4d,2181238985937729024,666
BV15Xb86nEzv,117108709072765,【无广】9大辅助驾驶晚高峰实测！谁是真正的第一梯队？,凤凰车研所,2026-08-17 11:34:40,232731,1923,1,【无广实测】问/鹏/理/迪/米/蔚/尚/氪/奔 9车辅助驾驶深度体验,40983071508,381.24100,5,25,16776960,2026-08-19 12:03:34,1787112214,0,7cc44e0,2181214362914586112,nb
BV15Xb86nEzv,117108709072765,【无广】9大辅助驾驶晚高峰实测！谁是真正的第一梯队？,凤凰车研所,2026-08-17 11:34:40,232731,1923,1,【无广实测】问/鹏/理/迪/米/蔚/尚/氪/奔 9车辅助驾驶深度体验,40983071508,735.00000,1,25,16777215,2026-08-19 11:58:54,1787111934,3,ac5c6d98,2181212015455359488,5
BV15Xb86nEzv,117108709072765,【无广】9大辅助驾驶晚高峰实测！谁是真正的第一梯队？,凤凰车研所,2026-08-17 11:34:40,232731,1923,1,【无广实测】问/鹏/理/迪/米/蔚/尚/氪/奔 9车辅助驾驶深度体验,40983071508,735.52100,1,25,16777215,2026-08-19 11:47:31,1787111251,3,d5a2f4b7,2181206281078125312,5
BV15Xb86nEzv,117108709072765,【无广】9大辅助驾驶晚高峰实测！谁是真正的第一梯队？,凤凰车研所,2026-08-17 11:34:40,232731,1923,1,【无广实测】问/鹏/理/迪/米/蔚/尚/氪/奔 9车辅助驾驶深度体验,40983071508,733.97700,1,25,16777215,2026-08-19 11:41:41,1787110901,3,9530695d,2181203346138955264,5
BV15Xb86nEzv,117108709072765,【无广】9大辅助驾驶晚高峰实测！谁是真正的第一梯队？,凤凰车研所,2026-08-17 11:34:40,232731,1923,1,【无广实测】问/鹏/理/迪/米/蔚/尚/氪/奔 9车辅助驾驶深度体验,40983071508,736.00000,1,25,16777215,2026-08-19 11:40:57,1787110857,3,1e13be30,2181202976360876032,5
BV15Xb86nEzv,117108709072765,【无广】9大辅助驾驶晚高峰实测！谁是真正的第一梯队？,凤凰车研所,2026-08-17 11:34:40,232731,1923,1,【无广实测】问/鹏/理/迪/米/蔚/尚/氪/奔 9车辅助驾驶深度体验,40983071508,969.50000,1,25,16777215,2026-08-19 11:36:16,1787110576,0,4946a876,2181200623968556288,小米的智驾吊车尾水平
BV15Xb86nEzv,117108709072765,【无广】9大辅助驾驶晚高峰实测！谁是真正的第一梯队？,凤凰车研所,2026-08-17 11:34:40,232731,1923,1,【无广实测】问/鹏/理/迪/米/蔚/尚/氪/奔 9车辅助驾驶深度体验,40983071508,981.46600,1,25,16777215,2026-08-19 11:35:52,1787110552,0,a478e0b5,2181200418867636736,特斯拉怎么不测？
BV15Xb86nEzv,117108709072765,【无广】9大辅助驾驶晚高峰实测！谁是真正的第一梯队？,凤凰车研所,2026-08-17 11:34:40,232731,1923,1,【无广实测】问/鹏/理/迪/米/蔚/尚/氪/奔 9车辅助驾驶深度体验,40983071508,234.38400,1,25,16777215,2026-08-19 11:27:31,1787110051,0,6223e361,2181196218943343360,感觉小米这大半年智驾没什么进步
BV15Xb86nEzv,117108709072765,【无广】9大辅助驾驶晚高峰实测！谁是真正的第一梯队？,凤凰车研所,2026-08-17 11:34:40,232731,1923,1,【无广实测】问/鹏/理/迪/米/蔚/尚/氪/奔 9车辅助驾驶深度体验,40983071508,735.04900,1,25,16777215,2026-08-19 11:25:46,1787109946,3,bb886f46,2181195341167316736,5
BV15Xb86nEzv,117108709072765,【无广】9大辅助驾驶晚高峰实测！谁是真正的第一梯队？,凤凰车研所,2026-08-17 11:34:40,232731,1923,1,【无广实测】问/鹏/理/迪/米/蔚/尚/氪/奔 9车辅助驾驶深度体验,40983071508,734.00000,1,25,16777215,2026-08-19 11:25:12,1787109912,3,972acb1f,2181195052339101696,5
BV15Xb86nEzv,117108709072765,【无广】9大辅助驾驶晚高峰实测！谁是真正的第一梯队？,凤凰车研所,2026-08-17 11:34:40,232731,1923,1,【无广实测】问/鹏/理/迪/米/蔚/尚/氪/奔 9车辅助驾驶深度体验,40983071508,926.19900,1,25,16777215,2026-08-19 11:21:45,1787109705,0,d18d6250,2181193311770691584,不是说我我太聪明
BV15Xb86nEzv,117108709072765,【无广】9大辅助驾驶晚高峰实测！谁是真正的第一梯队？,凤凰车研所,2026-08-17 11:34:40,232731,1923,1,【无广实测】问/鹏/理/迪/米/蔚/尚/氪/奔 9车辅助驾驶深度体验,40983071508,751.48500,1,25,16777215,2026-08-19 11:18:45,1787109525,0,d18d6250,2181191803507394048,不是说我我太聪明
BV15Xb86nEzv,117108709072765,【无广】9大辅助驾驶晚高峰实测！谁是真正的第一梯队？,凤凰车研所,2026-08-17 11:34:40,232731,1923,1,【无广实测】问/鹏/理/迪/米/蔚/尚/氪/奔 9车辅助驾驶深度体验,40983071508,736.76000,1,25,16777215,2026-08-19 11:15:10,1787109310,0,6ba94fbf,2181190002816904704,5
BV15Xb86nEzv,117108709072765,【无广】9大辅助驾驶晚高峰实测！谁是真正的第一梯队？,凤凰车研所,2026-08-17 11:34:40,232731,1923,1,【无广实测】问/鹏/理/迪/米/蔚/尚/氪/奔 9车辅助驾驶深度体验,40983071508,317.62200,1,25,16777215,2026-08-19 10:52:01,1787107921,0,19b687d9,2181178350587412224,這能算嗎？正常應該等他先走
BV15Xb86nEzv,117108709072765,【无广】9大辅助驾驶晚高峰实测！谁是真正的第一梯队？,凤凰车研所,2026-08-17 11:34:40,232731,1923,1,【无广实测】问/鹏/理/迪/米/蔚/尚/氪/奔 9车辅助驾驶深度体验,40983071508,237.32700,1,25,16777215,2026-08-19 10:49:59,1787107799,0,19b687d9,2181177329140310784,目的還沒聽到提小鵬一次
BV15Xb86nEzv,117108709072765,【无广】9大辅助驾驶晚高峰实测！谁是真正的第一梯队？,凤凰车研所,2026-08-17 11:34:40,232731,1923,1,【无广实测】问/鹏/理/迪/米/蔚/尚/氪/奔 9车辅助驾驶深度体验,40983071508,734.36700,1,25,16777215,2026-08-19 10:29:47,1787106587,3,411b43a8,2181167159051741184,5
BV15Xb86nEzv,117108709072765,【无广】9大辅助驾驶晚高峰实测！谁是真正的第一梯队？,凤凰车研所,2026-08-17 11:34:40,232731,1923,1,【无广实测】问/鹏/理/迪/米/蔚/尚/氪/奔 9车辅助驾驶深度体验,40983071508,544.86500,1,25,16777215,2026-08-19 10:28:02,1787106482,0,96317fc0,2181166282643828736,前面有别的车变道的时候，黑子就眼瞎装看不见
BV15Xb86nEzv,117108709072765,【无广】9大辅助驾驶晚高峰实测！谁是真正的第一梯队？,凤凰车研所,2026-08-17 11:34:40,232731,1923,1,【无广实测】问/鹏/理/迪/米/蔚/尚/氪/奔 9车辅助驾驶深度体验,40983071508,736.00000,1,25,16777215,2026-08-19 10:23:29,1787106209,3,562a50ff,2181163988325600768,5
BV15Xb86nEzv,117108709072765,【无广】9大辅助驾驶晚高峰实测！谁是真正的第一梯队？,凤凰车研所,2026-08-17 11:34:40,232731,1923,1,【无广实测】问/鹏/理/迪/米/蔚/尚/氪/奔 9车辅助驾驶深度体验,40983071508,399.72800,1,25,16777215,2026-08-19 10:01:03,1787104863,0,5f02eb14,2181152697754174720,和马自达一样了23333
BV15Xb86nEzv,117108709072765,【无广】9大辅助驾驶晚高峰实测！谁是真正的第一梯队？,凤凰车研所,2026-08-17 11:34:40,232731,1923,1,【无广实测】问/鹏/理/迪/米/蔚/尚/氪/奔 9车辅助驾驶深度体验,40983071508,368.84300,1,25,16777215,2026-08-19 10:00:21,1787104821,0,5f02eb14,2181152348066724864,有小米了，特斯拉垫底的位置被替代了
BV15Xb86nEzv,117108709072765,【无广】9大辅助驾驶晚高峰实测！谁是真正的第一梯队？,凤凰车研所,2026-08-17 11:34:40,232731,1923,1,【无广实测】问/鹏/理/迪/米/蔚/尚/氪/奔 9车辅助驾驶深度体验,40983071508,265.58700,1,25,16777215,2026-08-19 09:58:15,1787104695,0,5f02eb14,2181151291772800000,说好的第一梯队呢？都是自嗨而已
BV15Xb86nEzv,117108709072765,【无广】9大辅助驾驶晚高峰实测！谁是真正的第一梯队？,凤凰车研所,2026-08-17 11:34:40,232731,1923,1,【无广实测】问/鹏/理/迪/米/蔚/尚/氪/奔 9车辅助驾驶深度体验,40983071508,735.03800,1,25,16777215,2026-08-19 09:53:02,1787104382,3,156a432b,2181148663915877888,5
BV15Xb86nEzv,117108709072765,【无广】9大辅助驾驶晚高峰实测！谁是真正的第一梯队？,凤凰车研所,2026-08-17 11:34:40,232731,1923,1,【无广实测】问/鹏/理/迪/米/蔚/尚/氪/奔 9车辅助驾驶深度体验,40983071508,6.96000,1,25,16777215,2026-08-19 09:46:16,1787103976,0,72345a7b,2181145259273774080,现在的智驾都是扫地机器人，不怕堵，不怕低速人多车多，缺的是规划能力，高速处理能力
BV15Xb86nEzv,117108709072765,【无广】9大辅助驾驶晚高峰实测！谁是真正的第一梯队？,凤凰车研所,2026-08-17 11:34:40,232731,1923,1,【无广实测】问/鹏/理/迪/米/蔚/尚/氪/奔 9车辅助驾驶深度体验,40983071508,737.16300,1,25,16777215,2026-08-19 09:37:10,1787103430,0,6cd9798f,2181140678062156544,5
BV15Xb86nEzv,117108709072765,【无广】9大辅助驾驶晚高峰实测！谁是真正的第一梯队？,凤凰车研所,2026-08-17 11:34:40,232731,1923,1,【无广实测】问/鹏/理/迪/米/蔚/尚/氪/奔 9车辅助驾驶深度体验,40983071508,736.00000,1,25,16777215,2026-08-19 09:01:43,1787101303,3,6c8852f6,2181122835366484224,5
BV15Xb86nEzv,117108709072765,【无广】9大辅助驾驶晚高峰实测！谁是真正的第一梯队？,凤凰车研所,2026-08-17 11:34:40,232731,1923,1,【无广实测】问/鹏/理/迪/米/蔚/尚/氪/奔 9车辅助驾驶深度体验,40983071508,154.34700,1,25,16777215,2026-08-19 08:50:45,1787100645,0,58dcb42d,2181117315486873344,理想啊理想
BV15Xb86nEzv,117108709072765,【无广】9大辅助驾驶晚高峰实测！谁是真正的第一梯队？,凤凰车研所,2026-08-17 11:34:40,232731,1923,1,【无广实测】问/鹏/理/迪/米/蔚/尚/氪/奔 9车辅助驾驶深度体验,40983071508,736.00000,1,25,16777215,2026-08-19 08:46:09,1787100369,3,bc723c0b,2181114995700883968,5
BV15Xb86nEzv,117108709072765,【无广】9大辅助驾驶晚高峰实测！谁是真正的第一梯队？,凤凰车研所,2026-08-17 11:34:40,232731,1923,1,【无广实测】问/鹏/理/迪/米/蔚/尚/氪/奔 9车辅助驾驶深度体验,40983071508,491.90200,1,25,16777215,2026-08-19 08:40:02,1787100002,0,375e51a1,2181111922954163712,小米就喜欢走最左车道
BV15Xb86nEzv,117108709072765,【无广】9大辅助驾驶晚高峰实测！谁是真正的第一梯队？,凤凰车研所,2026-08-17 11:34:40,232731,1923,1,【无广实测】问/鹏/理/迪/米/蔚/尚/氪/奔 9车辅助驾驶深度体验,40983071508,479.24500,1,25,16777215,2026-08-19 08:35:49,1787099749,3,de200ee6,2181109799788543744,有必要
BV15Xb86nEzv,117108709072765,【无广】9大辅助驾驶晚高峰实测！谁是真正的第一梯队？,凤凰车研所,2026-08-17 11:34:40,232731,1923,1,【无广实测】问/鹏/理/迪/米/蔚/尚/氪/奔 9车辅助驾驶深度体验,40983071508,199.63900,1,25,16777215,2026-08-19 08:34:30,1787099670,0,375e51a1,2181109138724506368,跟我的体感差不多，小米智驾倒数第一梯队水平
BV15Xb86nEzv,117108709072765,【无广】9大辅助驾驶晚高峰实测！谁是真正的第一梯队？,凤凰车研所,2026-08-17 11:34:40,232731,1923,1,【无广实测】问/鹏/理/迪/米/蔚/尚/氪/奔 9车辅助驾驶深度体验,40983071508,160.47900,1,25,16777215,2026-08-19 08:33:31,1787099611,0,375e51a1,2181108643008249600,刚买的蔚来es9，智驾特别好用
BV15Xb86nEzv,117108709072765,【无广】9大辅助驾驶晚高峰实测！谁是真正的第一梯队？,凤凰车研所,2026-08-17 11:34:40,232731,1923,1,【无广实测】问/鹏/理/迪/米/蔚/尚/氪/奔 9车辅助驾驶深度体验,40983071508,195.88700,1,25,16777215,2026-08-19 04:49:42,1787086182,0,5756f10e,2180995988675413504,合理
BV15Xb86nEzv,117108709072765,【无广】9大辅助驾驶晚高峰实测！谁是真正的第一梯队？,凤凰车研所,2026-08-17 11:34:40,232731,1923,1,【无广实测】问/鹏/理/迪/米/蔚/尚/氪/奔 9车辅助驾驶深度体验,40983071508,12.69200,1,25,16777215,2026-08-19 03:30:08,1787081408,0,a3a244c9,2180955939052489728,特斯拉呢
BV15Xb86nEzv,117108709072765,【无广】9大辅助驾驶晚高峰实测！谁是真正的第一梯队？,凤凰车研所,2026-08-17 11:34:40,232731,1923,1,【无广实测】问/鹏/理/迪/米/蔚/尚/氪/奔 9车辅助驾驶深度体验,40983071508,478.47700,1,25,16777215,2026-08-19 03:29:58,1787081398,3,95a71f34,2180955863396476416,有必要
BV15Xb86nEzv,117108709072765,【无广】9大辅助驾驶晚高峰实测！谁是真正的第一梯队？,凤凰车研所,2026-08-17 11:34:40,232731,1923,1,【无广实测】问/鹏/理/迪/米/蔚/尚/氪/奔 9车辅助驾驶深度体验,40983071508,148.02500,1,25,16777215,2026-08-19 02:20:07,1787077207,0,b564aae7,2180920703409723392,大胆
BV15Xb86nEzv,117108709072765,【无广】9大辅助驾驶晚高峰实测！谁是真正的第一梯队？,凤凰车研所,2026-08-17 11:34:40,232731,1923,1,【无广实测】问/鹏/理/迪/米/蔚/尚/氪/奔 9车辅助驾驶深度体验,40983071508,735.00000,1,25,16777215,2026-08-19 01:56:00,1787075760,3,fe874cab,2180908565060002560,5
BV15Xb86nEzv,117108709072765,【无广】9大辅助驾驶晚高峰实测！谁是真正的第一梯队？,凤凰车研所,2026-08-17 11:34:40,232731,1923,1,【无广实测】问/鹏/理/迪/米/蔚/尚/氪/奔 9车辅助驾驶深度体验,40983071508,920.67300,1,25,16777215,2026-08-19 01:54:23,1787075663,0,c0d3888c,2180907752522971392,“谣谣领先，断层第一”的哄蒙，笑死我了
BV15Xb86nEzv,117108709072765,【无广】9大辅助驾驶晚高峰实测！谁是真正的第一梯队？,凤凰车研所,2026-08-17 11:34:40,232731,1923,1,【无广实测】问/鹏/理/迪/米/蔚/尚/氪/奔 9车辅助驾驶深度体验,40983071508,138.75000,1,25,16646914,2026-08-19 01:48:06,1787075286,0,9fc5f501,2180904585680634112,你这视角不对吧？ES8的车内安装摄像机，能比依维柯还高？
BV15Xb86nEzv,117108709072765,【无广】9大辅助驾驶晚高峰实测！谁是真正的第一梯队？,凤凰车研所,2026-08-17 11:34:40,232731,1923,1,【无广实测】问/鹏/理/迪/米/蔚/尚/氪/奔 9车辅助驾驶深度体验,40983071508,107.26200,1,25,16646914,2026-08-19 01:46:07,1787075167,0,9fc5f501,2180903592754872320,谁能跟我大武汉比路况。。。。。
BV15Xb86nEzv,117108709072765,【无广】9大辅助驾驶晚高峰实测！谁是真正的第一梯队？,凤凰车研所,2026-08-17 11:34:40,232731,1923,1,【无广实测】问/鹏/理/迪/米/蔚/尚/氪/奔 9车辅助驾驶深度体验,40983071508,732.83600,1,25,16777215,2026-08-19 01:30:06,1787074206,3,5635f261,2180895530824468480,5
BV15Xb86nEzv,117108709072765,【无广】9大辅助驾驶晚高峰实测！谁是真正的第一梯队？,凤凰车研所,2026-08-17 11:34:40,232731,1923,1,【无广实测】问/鹏/理/迪/米/蔚/尚/氪/奔 9车辅助驾驶深度体验,40983071508,372.88300,1,25,16777215,2026-08-19 01:25:35,1787073935,0,2878742a,2180893253099670528,特斯拉开就杀死比赛了
BV15Xb86nEzv,117108709072765,【无广】9大辅助驾驶晚高峰实测！谁是真正的第一梯队？,凤凰车研所,2026-08-17 11:34:40,232731,1923,1,【无广实测】问/鹏/理/迪/米/蔚/尚/氪/奔 9车辅助驾驶深度体验,40983071508,834.02500,1,25,16777215,2026-08-19 00:53:53,1787072033,0,59074c36,2180877298512134912,前面的不是说船夫哥保守求稳吗？这里又不求了？
BV15Xb86nEzv,117108709072765,【无广】9大辅助驾驶晚高峰实测！谁是真正的第一梯队？,凤凰车研所,2026-08-17 11:34:40,232731,1923,1,【无广实测】问/鹏/理/迪/米/蔚/尚/氪/奔 9车辅助驾驶深度体验,40983071508,952.27900,5,25,14811775,2026-08-19 00:53:15,1787071995,0,40969696,2180876983033616128,大胆！
BV15Xb86nEzv,117108709072765,【无广】9大辅助驾驶晚高峰实测！谁是真正的第一梯队？,凤凰车研所,2026-08-17 11:34:40,232731,1923,1,【无广实测】问/鹏/理/迪/米/蔚/尚/氪/奔 9车辅助驾驶深度体验,40983071508,732.41100,1,25,16777215,2026-08-19 00:51:33,1787071893,3,ffc0cd39,2180876128527822336,5
BV15Xb86nEzv,117108709072765,【无广】9大辅助驾驶晚高峰实测！谁是真正的第一梯队？,凤凰车研所,2026-08-17 11:34:40,232731,1923,1,【无广实测】问/鹏/理/迪/米/蔚/尚/氪/奔 9车辅助驾驶深度体验,40983071508,479.36700,1,25,16777215,2026-08-19 00:48:50,1787071730,3,ffc0cd39,2180874757963474432,没必要
BV15Xb86nEzv,117108709072765,【无广】9大辅助驾驶晚高峰实测！谁是真正的第一梯队？,凤凰车研所,2026-08-17 11:34:40,232731,1923,1,【无广实测】问/鹏/理/迪/米/蔚/尚/氪/奔 9车辅助驾驶深度体验,40983071508,409.76700,1,25,16777215,2026-08-19 00:46:55,1787071615,0,67b98997,2180873792854363392,自家客厅是吧
BV15Xb86nEzv,117108709072765,【无广】9大辅助驾驶晚高峰实测！谁是真正的第一梯队？,凤凰车研所,2026-08-17 11:34:40,232731,1923,1,【无广实测】问/鹏/理/迪/米/蔚/尚/氪/奔 9车辅助驾驶深度体验,40983071508,735.00000,1,25,16777215,2026-08-19 00:23:36,1787070216,3,2be647a3,2180862056142683392,5
BV15Xb86nEzv,117108709072765,【无广】9大辅助驾驶晚高峰实测！谁是真正的第一梯队？,凤凰车研所,2026-08-17 11:34:40,232731,1923,1,【无广实测】问/鹏/理/迪/米/蔚/尚/氪/奔 9车辅助驾驶深度体验,40983071508,480.54500,1,25,16777215,2026-08-19 00:18:16,1787069896,3,3887acf6,2180859371704228096,没必要
BV15Xb86nEzv,117108709072765,【无广】9大辅助驾驶晚高峰实测！谁是真正的第一梯队？,凤凰车研所,2026-08-17 11:34:40,232731,1923,1,【无广实测】问/鹏/理/迪/米/蔚/尚/氪/奔 9车辅助驾驶深度体验,40983071508,733.95900,1,25,16777215,2026-08-19 00:14:14,1787069654,3,b2be5742,2180857340713007360,5
BV15Xb86nEzv,117108709072765,【无广】9大辅助驾驶晚高峰实测！谁是真正的第一梯队？,凤凰车研所,2026-08-17 11:34:40,232731,1923,1,【无广实测】问/鹏/理/迪/米/蔚/尚/氪/奔 9车辅助驾驶深度体验,40983071508,734.39200,1,25,16777215,2026-08-19 00:11:38,1787069498,3,9eadb799,2180856036897256448,5
BV15Xb86nEzv,117108709072765,【无广】9大辅助驾驶晚高峰实测！谁是真正的第一梯队？,凤凰车研所,2026-08-17 11:34:40,232731,1923,1,【无广实测】问/鹏/理/迪/米/蔚/尚/氪/奔 9车辅助驾驶深度体验,40983071508,264.57700,1,25,16777215,2026-08-19 00:07:18,1787069238,0,72dd8f74,2180853855909476608,洋下一吗这不是
BV15Xb86nEzv,117108709072765,【无广】9大辅助驾驶晚高峰实测！谁是真正的第一梯队？,凤凰车研所,2026-08-17 11:34:40,232731,1923,1,【无广实测】问/鹏/理/迪/米/蔚/尚/氪/奔 9车辅助驾驶深度体验,40983071508,693.34900,1,25,16777215,2026-08-19 00:01:09,1787068869,0,7d845c6e,2180850757577236480,你买了天天撞完去找厂家赔吧
BV15Xb86nEzv,117108709072765,【无广】9大辅助驾驶晚高峰实测！谁是真正的第一梯队？,凤凰车研所,2026-08-17 11:34:40,232731,1923,1,【无广实测】问/鹏/理/迪/米/蔚/尚/氪/奔 9车辅助驾驶深度体验,40983071508,735.00000,1,25,16777215,2026-08-19 00:00:45,1787068845,3,d9c5ca7b,2180850554925134336,5
BV15Xb86nEzv,117108709072765,【无广】9大辅助驾驶晚高峰实测！谁是真正的第一梯队？,凤凰车研所,2026-08-17 11:34:40,232731,1923,1,【无广实测】问/鹏/理/迪/米/蔚/尚/氪/奔 9车辅助驾驶深度体验,40983071508,290.09900,1,25,16777215,2026-08-18 23:56:01,1787068561,0,dabdceaf,2180848175479742976,开小鹏的这..有了
BV15Xb86nEzv,117108709072765,【无广】9大辅助驾驶晚高峰实测！谁是真正的第一梯队？,凤凰车研所,2026-08-17 11:34:40,232731,1923,1,【无广实测】问/鹏/理/迪/米/蔚/尚/氪/奔 9车辅助驾驶深度体验,40983071508,735.00000,1,25,16777215,2026-08-18 23:52:50,1787068370,3,fec9f2eb,2180846568683551744,5
BV15Xb86nEzv,117108709072765,【无广】9大辅助驾驶晚高峰实测！谁是真正的第一梯队？,凤凰车研所,2026-08-17 11:34:40,232731,1923,1,【无广实测】问/鹏/理/迪/米/蔚/尚/氪/奔 9车辅助驾驶深度体验,40983071508,8.96000,1,25,16777215,2026-08-18 23:44:06,1787067846,0,7d845c6e,2180842173867122944,小米是来当气氛组吗
BV15Xb86nEzv,117108709072765,【无广】9大辅助驾驶晚高峰实测！谁是真正的第一梯队？,凤凰车研所,2026-08-17 11:34:40,232731,1923,1,【无广实测】问/鹏/理/迪/米/蔚/尚/氪/奔 9车辅助驾驶深度体验,40983071508,736.00000,1,25,16777215,2026-08-18 23:41:07,1787067667,3,3ead546,2180840678647408128,5
BV15Xb86nEzv,117108709072765,【无广】9大辅助驾驶晚高峰实测！谁是真正的第一梯队？,凤凰车研所,2026-08-17 11:34:40,232731,1923,1,【无广实测】问/鹏/理/迪/米/蔚/尚/氪/奔 9车辅助驾驶深度体验,40983071508,693.99900,1,25,16777215,2026-08-18 23:33:00,1787067180,0,ce420b41,2180836588429487872,那你得买比亚迪
BV15Xb86nEzv,117108709072765,【无广】9大辅助驾驶晚高峰实测！谁是真正的第一梯队？,凤凰车研所,2026-08-17 11:34:40,232731,1923,1,【无广实测】问/鹏/理/迪/米/蔚/尚/氪/奔 9车辅助驾驶深度体验,40983071508,1037.81700,1,25,16777215,2026-08-18 23:27:06,1787066826,0,13646793,2180833616815601152,华为ADS5.0更强了
BV15Xb86nEzv,117108709072765,【无广】9大辅助驾驶晚高峰实测！谁是真正的第一梯队？,凤凰车研所,2026-08-17 11:34:40,232731,1923,1,【无广实测】问/鹏/理/迪/米/蔚/尚/氪/奔 9车辅助驾驶深度体验,40983071508,862.28700,1,25,16777215,2026-08-18 23:23:27,1787066607,0,13646793,2180831784844370944,？在这都有弹幕刷怪？？？
BV15Xb86nEzv,117108709072765,【无广】9大辅助驾驶晚高峰实测！谁是真正的第一梯队？,凤凰车研所,2026-08-17 11:34:40,232731,1923,1,【无广实测】问/鹏/理/迪/米/蔚/尚/氪/奔 9车辅助驾驶深度体验,40983071508,524.96900,1,25,16777215,2026-08-18 23:22:11,1787066531,0,698162bb,2180831145137390848,选的路段确实挺难的，人车通行复杂
BV15Xb86nEzv,117108709072765,【无广】9大辅助驾驶晚高峰实测！谁是真正的第一梯队？,凤凰车研所,2026-08-17 11:34:40,232731,1923,1,【无广实测】问/鹏/理/迪/米/蔚/尚/氪/奔 9车辅助驾驶深度体验,40983071508,732.80900,1,25,16777215,2026-08-18 23:21:25,1787066485,3,7653e2b5,2180830762280975872,5
BV15Xb86nEzv,117108709072765,【无广】9大辅助驾驶晚高峰实测！谁是真正的第一梯队？,凤凰车研所,2026-08-17 11:34:40,232731,1923,1,【无广实测】问/鹏/理/迪/米/蔚/尚/氪/奔 9车辅助驾驶深度体验,40983071508,734.00000,1,25,16777215,2026-08-18 23:21:08,1787066468,3,13646793,2180830617217164032,5
BV15Xb86nEzv,117108709072765,【无广】9大辅助驾驶晚高峰实测！谁是真正的第一梯队？,凤凰车研所,2026-08-17 11:34:40,232731,1923,1,【无广实测】问/鹏/理/迪/米/蔚/尚/氪/奔 9车辅助驾驶深度体验,40983071508,736.00000,1,25,16777215,2026-08-18 23:17:34,1787066254,3,1ed71733,2180828824697344256,3
BV15Xb86nEzv,117108709072765,【无广】9大辅助驾驶晚高峰实测！谁是真正的第一梯队？,凤凰车研所,2026-08-17 11:34:40,232731,1923,1,【无广实测】问/鹏/理/迪/米/蔚/尚/氪/奔 9车辅助驾驶深度体验,40983071508,208.40100,1,25,16777215,2026-08-18 23:16:57,1787066217,0,dec6fef6,2180828509361375488,真·攻击环卫工
BV15Xb86nEzv,117108709072765,【无广】9大辅助驾驶晚高峰实测！谁是真正的第一梯队？,凤凰车研所,2026-08-17 11:34:40,232731,1923,1,【无广实测】问/鹏/理/迪/米/蔚/尚/氪/奔 9车辅助驾驶深度体验,40983071508,477.65300,1,25,16777215,2026-08-18 23:16:48,1787066208,3,7653e2b5,2180828438955809024,有必要
BV15Xb86nEzv,117108709072765,【无广】9大辅助驾驶晚高峰实测！谁是真正的第一梯队？,凤凰车研所,2026-08-17 11:34:40,232731,1923,1,【无广实测】问/鹏/理/迪/米/蔚/尚/氪/奔 9车辅助驾驶深度体验,40983071508,480.32600,1,25,16777215,2026-08-18 23:13:52,1787066032,3,5cbad170,2180826962443213312,没必要
BV15Xb86nEzv,117108709072765,【无广】9大辅助驾驶晚高峰实测！谁是真正的第一梯队？,凤凰车研所,2026-08-17 11:34:40,232731,1923,1,【无广实测】问/鹏/理/迪/米/蔚/尚/氪/奔 9车辅助驾驶深度体验,40983071508,735.00000,1,25,16777215,2026-08-18 23:12:54,1787065974,3,fe474539,2180826469805525504,5
BV15Xb86nEzv,117108709072765,【无广】9大辅助驾驶晚高峰实测！谁是真正的第一梯队？,凤凰车研所,2026-08-17 11:34:40,232731,1923,1,【无广实测】问/鹏/理/迪/米/蔚/尚/氪/奔 9车辅助驾驶深度体验,40983071508,354.66900,1,25,16777215,2026-08-18 23:06:54,1787065614,0,57aecb83,2180823451827909376,永远相信没号的事情即将发生
BV15Xb86nEzv,117108709072765,【无广】9大辅助驾驶晚高峰实测！谁是真正的第一梯队？,凤凰车研所,2026-08-17 11:34:40,232731,1923,1,【无广实测】问/鹏/理/迪/米/蔚/尚/氪/奔 9车辅助驾驶深度体验,40983071508,480.51500,1,25,16777215,2026-08-18 23:06:12,1787065572,3,13646793,2180823102458923008,有必要
BV15Xb86nEzv,117108709072765,【无广】9大辅助驾驶晚高峰实测！谁是真正的第一梯队？,凤凰车研所,2026-08-17 11:34:40,232731,1923,1,【无广实测】问/鹏/理/迪/米/蔚/尚/氪/奔 9车辅助驾驶深度体验,40983071508,333.69000,1,25,16777215,2026-08-18 23:03:13,1787065393,0,13646793,2180821603137625600,目前问界M70接管0接入
BV15Xb86nEzv,117108709072765,【无广】9大辅助驾驶晚高峰实测！谁是真正的第一梯队？,凤凰车研所,2026-08-17 11:34:40,232731,1923,1,【无广实测】问/鹏/理/迪/米/蔚/尚/氪/奔 9车辅助驾驶深度体验,40983071508,220.29100,1,25,16777215,2026-08-18 22:56:35,1787064995,0,c1d02e67,2180818264144425728,所以这就是byd的兜底策略
BV15Xb86nEzv,117108709072765,【无广】9大辅助驾驶晚高峰实测！谁是真正的第一梯队？,凤凰车研所,2026-08-17 11:34:40,232731,1923,1,【无广实测】问/鹏/理/迪/米/蔚/尚/氪/奔 9车辅助驾驶深度体验,40983071508,736.10300,1,25,16777215,2026-08-18 22:52:47,1787064767,3,e96a15a9,2180816348236657152,5
BV15Xb86nEzv,117108709072765,【无广】9大辅助驾驶晚高峰实测！谁是真正的第一梯队？,凤凰车研所,2026-08-17 11:34:40,232731,1923,1,【无广实测】问/鹏/理/迪/米/蔚/尚/氪/奔 9车辅助驾驶深度体验,40983071508,481.54300,1,25,16777215,2026-08-18 22:48:34,1787064514,3,e96a15a9,2180814224895555840,有必要
BV15Xb86nEzv,117108709072765,【无广】9大辅助驾驶晚高峰实测！谁是真正的第一梯队？,凤凰车研所,2026-08-17 11:34:40,232731,1923,1,【无广实测】问/鹏/理/迪/米/蔚/尚/氪/奔 9车辅助驾驶深度体验,40983071508,733.20300,1,25,16777215,2026-08-18 22:47:00,1787064420,3,85b1ac4,2180813435687095040,1
BV15Xb86nEzv,117108709072765,【无广】9大辅助驾驶晚高峰实测！谁是真正的第一梯队？,凤凰车研所,2026-08-17 11:34:40,232731,1923,1,【无广实测】问/鹏/理/迪/米/蔚/尚/氪/奔 9车辅助驾驶深度体验,40983071508,735.59100,1,25,16777215,2026-08-18 22:44:16,1787064256,3,4b7c4e3a,2180812062203516160,5
BV15Xb86nEzv,117108709072765,【无广】9大辅助驾驶晚高峰实测！谁是真正的第一梯队？,凤凰车研所,2026-08-17 11:34:40,232731,1923,1,【无广实测】问/鹏/理/迪/米/蔚/尚/氪/奔 9车辅助驾驶深度体验,40983071508,478.92200,1,25,16777215,2026-08-18 22:42:46,1787064166,3,85b1ac4,2180811302857872896,有必要
BV15Xb86nEzv,117108709072765,【无广】9大辅助驾驶晚高峰实测！谁是真正的第一梯队？,凤凰车研所,2026-08-17 11:34:40,232731,1923,1,【无广实测】问/鹏/理/迪/米/蔚/尚/氪/奔 9车辅助驾驶深度体验,40983071508,262.59200,1,25,16777215,2026-08-18 22:41:22,1787064082,0,f5d5ea8,2180810598651862272,哈哈哈哈，纯视觉的还是不行
BV15Xb86nEzv,117108709072765,【无广】9大辅助驾驶晚高峰实测！谁是真正的第一梯队？,凤凰车研所,2026-08-17 11:34:40,232731,1923,1,【无广实测】问/鹏/理/迪/米/蔚/尚/氪/奔 9车辅助驾驶深度体验,40983071508,478.05500,1,25,16777215,2026-08-18 22:39:58,1787063998,3,4b7c4e3a,2180809894159374848,没必要
BV15Xb86nEzv,117108709072765,【无广】9大辅助驾驶晚高峰实测！谁是真正的第一梯队？,凤凰车研所,2026-08-17 11:34:40,232731,1923,1,【无广实测】问/鹏/理/迪/米/蔚/尚/氪/奔 9车辅助驾驶深度体验,40983071508,124.25600,1,25,16777215,2026-08-18 22:30:46,1787063446,0,f37cdae4,2180805268597238528,哈哈哈哈哈
BV15Xb86nEzv,117108709072765,【无广】9大辅助驾驶晚高峰实测！谁是真正的第一梯队？,凤凰车研所,2026-08-17 11:34:40,232731,1923,1,【无广实测】问/鹏/理/迪/米/蔚/尚/氪/奔 9车辅助驾驶深度体验,40983071508,482.36900,1,25,16777215,2026-08-18 22:28:43,1787063323,3,242734dc,2180804238157263104,没必要
BV15Xb86nEzv,117108709072765,【无广】9大辅助驾驶晚高峰实测！谁是真正的第一梯队？,凤凰车研所,2026-08-17 11:34:40,232731,1923,1,【无广实测】问/鹏/理/迪/米/蔚/尚/氪/奔 9车辅助驾驶深度体验,40983071508,736.00000,1,25,16777215,2026-08-18 22:09:21,1787062161,3,941e4226,2180794487742356992,5
BV15Xb86nEzv,117108709072765,【无广】9大辅助驾驶晚高峰实测！谁是真正的第一梯队？,凤凰车研所,2026-08-17 11:34:40,232731,1923,1,【无广实测】问/鹏/理/迪/米/蔚/尚/氪/奔 9车辅助驾驶深度体验,40983071508,736.00000,1,25,16777215,2026-08-18 21:55:36,1787061336,3,90513123,2180787567694438912,4
BV15Xb86nEzv,117108709072765,【无广】9大辅助驾驶晚高峰实测！谁是真正的第一梯队？,凤凰车研所,2026-08-17 11:34:40,232731,1923,1,【无广实测】问/鹏/理/迪/米/蔚/尚/氪/奔 9车辅助驾驶深度体验,40983071508,5.76800,1,25,16777215,2026-08-18 21:55:07,1787061307,0,13646793,2180787326211723008,HUAWEI ADS Max5.0不测吗
BV15Xb86nEzv,117108709072765,【无广】9大辅助驾驶晚高峰实测！谁是真正的第一梯队？,凤凰车研所,2026-08-17 11:34:40,232731,1923,1,【无广实测】问/鹏/理/迪/米/蔚/尚/氪/奔 9车辅助驾驶深度体验,40983071508,479.19800,1,25,16777215,2026-08-18 21:55:01,1787061301,3,f34a7a57,2180787269806560768,没必要
BV15Xb86nEzv,117108709072765,【无广】9大辅助驾驶晚高峰实测！谁是真正的第一梯队？,凤凰车研所,2026-08-17 11:34:40,232731,1923,1,【无广实测】问/鹏/理/迪/米/蔚/尚/氪/奔 9车辅助驾驶深度体验,40983071508,634.76000,1,25,16777215,2026-08-18 21:53:39,1787061219,0,ca7a07ec,2180786581698081024,压力路况反正是都不给M7
BV15Xb86nEzv,117108709072765,【无广】9大辅助驾驶晚高峰实测！谁是真正的第一梯队？,凤凰车研所,2026-08-17 11:34:40,232731,1923,1,【无广实测】问/鹏/理/迪/米/蔚/尚/氪/奔 9车辅助驾驶深度体验,40983071508,481.66500,1,25,16777215,2026-08-18 21:50:26,1787061026,3,6db0798f,2180784968895274240,有必要
BV15Xb86nEzv,117108709072765,【无广】9大辅助驾驶晚高峰实测！谁是真正的第一梯队？,凤凰车研所,2026-08-17 11:34:40,232731,1923,1,【无广实测】问/鹏/理/迪/米/蔚/尚/氪/奔 9车辅助驾驶深度体验,40983071508,736.00000,1,25,16777215,2026-08-18 21:45:31,1787060731,3,9b29142b,2180782491613536256,5
BV15Xb86nEzv,117108709072765,【无广】9大辅助驾驶晚高峰实测！谁是真正的第一梯队？,凤凰车研所,2026-08-17 11:34:40,232731,1923,1,【无广实测】问/鹏/理/迪/米/蔚/尚/氪/奔 9车辅助驾驶深度体验,40983071508,736.88200,1,25,16777215,2026-08-18 21:39:26,1787060366,0,bc1c54ee,2180779430980082432,遥遥领先到后面都没镜头了
BV15Xb86nEzv,117108709072765,【无广】9大辅助驾驶晚高峰实测！谁是真正的第一梯队？,凤凰车研所,2026-08-17 11:34:40,232731,1923,1,【无广实测】问/鹏/理/迪/米/蔚/尚/氪/奔 9车辅助驾驶深度体验,40983071508,654.60500,1,25,16777215,2026-08-18 21:37:50,1787060270,0,bc1c54ee,2180778626269210624,华为车完全没镜头了
BV15Xb86nEzv,117108709072765,【无广】9大辅助驾驶晚高峰实测！谁是真正的第一梯队？,凤凰车研所,2026-08-17 11:34:40,232731,1923,1,【无广实测】问/鹏/理/迪/米/蔚/尚/氪/奔 9车辅助驾驶深度体验,40983071508,735.00000,1,25,16777215,2026-08-18 21:29:30,1787059770,3,34cdd04e,2180774427007193600,3
BV15Xb86nEzv,117108709072765,【无广】9大辅助驾驶晚高峰实测！谁是真正的第一梯队？,凤凰车研所,2026-08-17 11:34:40,232731,1923,1,【无广实测】问/鹏/理/迪/米/蔚/尚/氪/奔 9车辅助驾驶深度体验,40983071508,1036.73000,1,25,16777215,2026-08-18 21:28:53,1787059733,0,55683de1,2180774119917357824,都不及格，人命不能用来试错
BV15Xb86nEzv,117108709072765,【无广】9大辅助驾驶晚高峰实测！谁是真正的第一梯队？,凤凰车研所,2026-08-17 11:34:40,232731,1923,1,【无广实测】问/鹏/理/迪/米/蔚/尚/氪/奔 9车辅助驾驶深度体验,40983071508,890.54700,1,25,16777215,2026-08-18 21:26:09,1787059569,0,55683de1,2180772743632139776,特斯拉不在，这几个厂商就是自嗨，什么第一梯队第二梯队。。。。特斯拉以来，都歇菜
BV15Xb86nEzv,117108709072765,【无广】9大辅助驾驶晚高峰实测！谁是真正的第一梯队？,凤凰车研所,2026-08-17 11:34:40,232731,1923,1,【无广实测】问/鹏/理/迪/米/蔚/尚/氪/奔 9车辅助驾驶深度体验,40983071508,732.08400,1,25,16777215,2026-08-18 21:25:21,1787059521,3,f09931e4,2180772343629433856,5
BV15Xb86nEzv,117108709072765,【无广】9大辅助驾驶晚高峰实测！谁是真正的第一梯队？,凤凰车研所,2026-08-17 11:34:40,232731,1923,1,【无广实测】问/鹏/理/迪/米/蔚/尚/氪/奔 9车辅助驾驶深度体验,40983071508,812.34600,1,25,16777215,2026-08-18 21:24:49,1787059489,0,55683de1,2180772072367277312,高价和高速都不行的话，也就别玩智驾了
BV15Xb86nEzv,117108709072765,【无广】9大辅助驾驶晚高峰实测！谁是真正的第一梯队？,凤凰车研所,2026-08-17 11:34:40,232731,1923,1,【无广实测】问/鹏/理/迪/米/蔚/尚/氪/奔 9车辅助驾驶深度体验,40983071508,480.76200,1,25,16777215,2026-08-18 21:21:55,1787059315,3,89522d11,2180770616415444480,有必要
BV15Xb86nEzv,117108709072765,【无广】9大辅助驾驶晚高峰实测！谁是真正的第一梯队？,凤凰车研所,2026-08-17 11:34:40,232731,1923,1,【无广实测】问/鹏/理/迪/米/蔚/尚/氪/奔 9车辅助驾驶深度体验,40983071508,148.35400,5,25,15138834,2026-08-18 21:21:41,1787059301,0,3ff0aa2d,2180770496298789120,理想才是正确懂吗
BV15Xb86nEzv,117108709072765,【无广】9大辅助驾驶晚高峰实测！谁是真正的第一梯队？,凤凰车研所,2026-08-17 11:34:40,232731,1923,1,【无广实测】问/鹏/理/迪/米/蔚/尚/氪/奔 9车辅助驾驶深度体验,40983071508,478.42000,1,25,16777215,2026-08-18 21:19:31,1787059171,3,f09931e4,2180769408119898880,有必要
BV15Xb86nEzv,117108709072765,【无广】9大辅助驾驶晚高峰实测！谁是真正的第一梯队？,凤凰车研所,2026-08-17 11:34:40,232731,1923,1,【无广实测】问/鹏/理/迪/米/蔚/尚/氪/奔 9车辅助驾驶深度体验,40983071508,412.98900,1,25,16777215,2026-08-18 21:18:14,1787059094,0,f09931e4,2180768758137187072,那一会儿保守，一会儿激进，你觉得好吗？说明他都没调教对。
BV15Xb86nEzv,117108709072765,【无广】9大辅助驾驶晚高峰实测！谁是真正的第一梯队？,凤凰车研所,2026-08-17 11:34:40,232731,1923,1,【无广实测】问/鹏/理/迪/米/蔚/尚/氪/奔 9车辅助驾驶深度体验,40983071508,466.23400,1,25,16777215,2026-08-18 21:16:39,1787058999,0,55683de1,2180767961445840640,不管成绩有多好，只要有一项差强人意，就是不合格，车装了费钱，人撞了费命，厂家都是不负责任的
BV15Xb86nEzv,117108709072765,【无广】9大辅助驾驶晚高峰实测！谁是真正的第一梯队？,凤凰车研所,2026-08-17 11:34:40,232731,1923,1,【无广实测】问/鹏/理/迪/米/蔚/尚/氪/奔 9车辅助驾驶深度体验,40983071508,248.96900,1,25,16777215,2026-08-18 21:15:21,1787058921,0,f09931e4,2180767304517406720,4.1
BV15Xb86nEzv,117108709072765,【无广】9大辅助驾驶晚高峰实测！谁是真正的第一梯队？,凤凰车研所,2026-08-17 11:34:40,232731,1923,1,【无广实测】问/鹏/理/迪/米/蔚/尚/氪/奔 9车辅助驾驶深度体验,40983071508,373.13300,1,25,16777215,2026-08-18 21:13:01,1787058781,0,55683de1,2180766133610294528,特斯拉入局的话就梭哈了，没有这些牌子啥事了
BV15Xb86nEzv,117108709072765,【无广】9大辅助驾驶晚高峰实测！谁是真正的第一梯队？,凤凰车研所,2026-08-17 11:34:40,232731,1923,1,【无广实测】问/鹏/理/迪/米/蔚/尚/氪/奔 9车辅助驾驶深度体验,40983071508,479.90000,1,25,16777215,2026-08-18 21:09:31,1787058571,3,98d2e477,2180764373587478016,没必要
BV15Xb86nEzv,117108709072765,【无广】9大辅助驾驶晚高峰实测！谁是真正的第一梯队？,凤凰车研所,2026-08-17 11:34:40,232731,1923,1,【无广实测】问/鹏/理/迪/米/蔚/尚/氪/奔 9车辅助驾驶深度体验,40983071508,947.19600,1,25,16777215,2026-08-18 21:06:21,1787058381,0,b3acac4e,2180762777008837120,蔚来车大了一个尺寸
BV15Xb86nEzv,117108709072765,【无广】9大辅助驾驶晚高峰实测！谁是真正的第一梯队？,凤凰车研所,2026-08-17 11:34:40,232731,1923,1,【无广实测】问/鹏/理/迪/米/蔚/尚/氪/奔 9车辅助驾驶深度体验,40983071508,482.78000,1,25,16777215,2026-08-18 20:59:53,1787057993,3,af2c2f92,2180759524896824320,有必要
BV15Xb86nEzv,117108709072765,【无广】9大辅助驾驶晚高峰实测！谁是真正的第一梯队？,凤凰车研所,2026-08-17 11:34:40,232731,1923,1,【无广实测】问/鹏/理/迪/米/蔚/尚/氪/奔 9车辅助驾驶深度体验,40983071508,865.38700,1,25,16777215,2026-08-18 20:58:02,1787057882,0,7b3e9892,2180758594113565696,弹幕开始急了
BV15Xb86nEzv,117108709072765,【无广】9大辅助驾驶晚高峰实测！谁是真正的第一梯队？,凤凰车研所,2026-08-17 11:34:40,232731,1923,1,【无广实测】问/鹏/理/迪/米/蔚/尚/氪/奔 9车辅助驾驶深度体验,40983071508,518.84600,1,25,16777215,2026-08-18 20:45:50,1787057150,0,aba64902,2180752449710398976,果然是千里冒汗
BV15Xb86nEzv,117108709072765,【无广】9大辅助驾驶晚高峰实测！谁是真正的第一梯队？,凤凰车研所,2026-08-17 11:34:40,232731,1923,1,【无广实测】问/鹏/理/迪/米/蔚/尚/氪/奔 9车辅助驾驶深度体验,40983071508,66.15000,1,25,16777215,2026-08-18 20:43:55,1787057035,0,7b3e9892,2180751484097286656,尚界不也是鸿蒙的吗
BV15Xb86nEzv,117108709072765,【无广】9大辅助驾驶晚高峰实测！谁是真正的第一梯队？,凤凰车研所,2026-08-17 11:34:40,232731,1923,1,【无广实测】问/鹏/理/迪/米/蔚/尚/氪/奔 9车辅助驾驶深度体验,40983071508,108.51200,1,25,16777215,2026-08-18 20:33:48,1787056428,0,96ae57c3,2180746393370234368,比亚迪的设计真是太土了 丑
BV15Xb86nEzv,117108709072765,【无广】9大辅助驾驶晚高峰实测！谁是真正的第一梯队？,凤凰车研所,2026-08-17 11:34:40,232731,1923,1,【无广实测】问/鹏/理/迪/米/蔚/尚/氪/奔 9车辅助驾驶深度体验,40983071508,480.55300,1,25,16777215,2026-08-18 20:05:03,1787054703,3,9664d3bd,2180731922785798400,有必要
BV15Xb86nEzv,117108709072765,【无广】9大辅助驾驶晚高峰实测！谁是真正的第一梯队？,凤凰车研所,2026-08-17 11:34:40,232731,1923,1,【无广实测】问/鹏/理/迪/米/蔚/尚/氪/奔 9车辅助驾驶深度体验,40983071508,554.51800,1,25,16777215,2026-08-18 20:04:30,1787054670,0,2c636f6f,2180731651037251072,没看懂蔚来那个接管
BV15Xb86nEzv,117108709072765,【无广】9大辅助驾驶晚高峰实测！谁是真正的第一梯队？,凤凰车研所,2026-08-17 11:34:40,232731,1923,1,【无广实测】问/鹏/理/迪/米/蔚/尚/氪/奔 9车辅助驾驶深度体验,40983071508,36.50900,1,25,16776960,2026-08-18 20:02:26,1787054546,0,a607455b,2180730605884082944,刚看不到一分钟，就要求点关注，点个P
BV15Xb86nEzv,117108709072765,【无广】9大辅助驾驶晚高峰实测！谁是真正的第一梯队？,凤凰车研所,2026-08-17 11:34:40,232731,1923,1,【无广实测】问/鹏/理/迪/米/蔚/尚/氪/奔 9车辅助驾驶深度体验,40983071508,476.62000,1,25,16777215,2026-08-18 20:01:56,1787054516,3,745bceb,2180730356054262784,没必要
BV15Xb86nEzv,117108709072765,【无广】9大辅助驾驶晚高峰实测！谁是真正的第一梯队？,凤凰车研所,2026-08-17 11:34:40,232731,1923,1,【无广实测】问/鹏/理/迪/米/蔚/尚/氪/奔 9车辅助驾驶深度体验,40983071508,264.35100,1,25,16777215,2026-08-18 19:59:32,1787054372,0,2c636f6f,2180729153186531328,这种测的全凭运气
BV15Xb86nEzv,117108709072765,【无广】9大辅助驾驶晚高峰实测！谁是真正的第一梯队？,凤凰车研所,2026-08-17 11:34:40,232731,1923,1,【无广实测】问/鹏/理/迪/米/蔚/尚/氪/奔 9车辅助驾驶深度体验,40983071508,153.77400,1,25,16777215,2026-08-18 19:57:29,1787054249,0,2c636f6f,2180728117310715648,而且蔚来还不是最新的版本，最新的更强
BV15Xb86nEzv,117108709072765,【无广】9大辅助驾驶晚高峰实测！谁是真正的第一梯队？,凤凰车研所,2026-08-17 11:34:40,232731,1923,1,【无广实测】问/鹏/理/迪/米/蔚/尚/氪/奔 9车辅助驾驶深度体验,40983071508,595.40300,1,25,16777215,2026-08-18 19:31:51,1787052711,0,8021a033,2180715212636800000,宇宙最大医院是哪啊？
BV15Xb86nEzv,117108709072765,【无广】9大辅助驾驶晚高峰实测！谁是真正的第一梯队？,凤凰车研所,2026-08-17 11:34:40,232731,1923,1,【无广实测】问/鹏/理/迪/米/蔚/尚/氪/奔 9车辅助驾驶深度体验,40983071508,478.25800,1,25,16777215,2026-08-18 19:29:25,1787052565,3,308f6cf0,2180713988772601856,有必要
BV15Xb86nEzv,117108709072765,【无广】9大辅助驾驶晚高峰实测！谁是真正的第一梯队？,凤凰车研所,2026-08-17 11:34:40,232731,1923,1,【无广实测】问/鹏/理/迪/米/蔚/尚/氪/奔 9车辅助驾驶深度体验,40983071508,846.40300,1,25,16777215,2026-08-18 19:23:26,1787052206,0,6e878400,2180710976943536640,70公里不算急，只不过给智能驾驶这个配速让人不放心
BV15Xb86nEzv,117108709072765,【无广】9大辅助驾驶晚高峰实测！谁是真正的第一梯队？,凤凰车研所,2026-08-17 11:34:40,232731,1923,1,【无广实测】问/鹏/理/迪/米/蔚/尚/氪/奔 9车辅助驾驶深度体验,40983071508,221.51100,1,25,16777215,2026-08-18 19:20:39,1787052039,0,8021a033,2180709577094814464,比亚迪是没避让，但没退出智驾所以不算接管
BV15Xb86nEzv,117108709072765,【无广】9大辅助驾驶晚高峰实测！谁是真正的第一梯队？,凤凰车研所,2026-08-17 11:34:40,232731,1923,1,【无广实测】问/鹏/理/迪/米/蔚/尚/氪/奔 9车辅助驾驶深度体验,40983071508,567.02600,1,25,16777215,2026-08-18 19:20:28,1787052028,0,2e594b44,2180709484719288064,华一其随
BV15Xb86nEzv,117108709072765,【无广】9大辅助驾驶晚高峰实测！谁是真正的第一梯队？,凤凰车研所,2026-08-17 11:34:40,232731,1923,1,【无广实测】问/鹏/理/迪/米/蔚/尚/氪/奔 9车辅助驾驶深度体验,40983071508,115.67900,5,25,15138834,2026-08-18 19:19:14,1787051954,0,3cbe95ed,2180708863375606784,济南中国第一堵城怎么可能没有。。。
BV15Xb86nEzv,117108709072765,【无广】9大辅助驾驶晚高峰实测！谁是真正的第一梯队？,凤凰车研所,2026-08-17 11:34:40,232731,1923,1,【无广实测】问/鹏/理/迪/米/蔚/尚/氪/奔 9车辅助驾驶深度体验,40983071508,124.39300,1,25,16777215,2026-08-18 19:16:51,1787051811,0,8021a033,2180707669147716608,但这种操作在北京是没人让你的，都知道你刷机灵
BV15Xb86nEzv,117108709072765,【无广】9大辅助驾驶晚高峰实测！谁是真正的第一梯队？,凤凰车研所,2026-08-17 11:34:40,232731,1923,1,【无广实测】问/鹏/理/迪/米/蔚/尚/氪/奔 9车辅助驾驶深度体验,40983071508,293.57000,1,25,16777215,2026-08-18 19:12:02,1787051522,0,6e878400,2180705238481255168,这时候你谈运气不好了，前面怎么不谈他运气好呢？
BV15Xb86nEzv,117108709072765,【无广】9大辅助驾驶晚高峰实测！谁是真正的第一梯队？,凤凰车研所,2026-08-17 11:34:40,232731,1923,1,【无广实测】问/鹏/理/迪/米/蔚/尚/氪/奔 9车辅助驾驶深度体验,40983071508,961.85400,1,25,16777215,2026-08-18 18:55:28,1787050528,0,a78d6b2,2180696899702072064,这种路有啥意义吗，真有人在这用辅助驾驶？
BV15Xb86nEzv,117108709072765,【无广】9大辅助驾驶晚高峰实测！谁是真正的第一梯队？,凤凰车研所,2026-08-17 11:34:40,232731,1923,1,【无广实测】问/鹏/理/迪/米/蔚/尚/氪/奔 9车辅助驾驶深度体验,40983071508,151.88600,1,25,16777215,2026-08-18 18:41:02,1787049662,0,a26884b8,2180689636584818176,众所周知，买理想不扣分
BV15Xb86nEzv,117108709072765,【无广】9大辅助驾驶晚高峰实测！谁是真正的第一梯队？,凤凰车研所,2026-08-17 11:34:40,232731,1923,1,【无广实测】问/鹏/理/迪/米/蔚/尚/氪/奔 9车辅助驾驶深度体验,40983071508,833.81100,1,25,16777215,2026-08-18 18:39:47,1787049587,0,56eff0ac,2180689008110805760,80过的，现在坟头草多高了？
BV15Xb86nEzv,117108709072765,【无广】9大辅助驾驶晚高峰实测！谁是真正的第一梯队？,凤凰车研所,2026-08-17 11:34:40,232731,1923,1,【无广实测】问/鹏/理/迪/米/蔚/尚/氪/奔 9车辅助驾驶深度体验,40983071508,864.55200,1,25,16777215,2026-08-18 18:35:38,1787049338,0,4cbb5942,2180686916998417408,弹幕应激了哈哈哈
BV15Xb86nEzv,117108709072765,【无广】9大辅助驾驶晚高峰实测！谁是真正的第一梯队？,凤凰车研所,2026-08-17 11:34:40,232731,1923,1,【无广实测】问/鹏/理/迪/米/蔚/尚/氪/奔 9车辅助驾驶深度体验,40983071508,339.26000,1,25,8700107,2026-08-18 18:16:29,1787048189,0,f30db5e7,2180677284997429760,红字越多排名越离？
BV15Xb86nEzv,117108709072765,【无广】9大辅助驾驶晚高峰实测！谁是真正的第一梯队？,凤凰车研所,2026-08-17 11:34:40,232731,1923,1,【无广实测】问/鹏/理/迪/米/蔚/尚/氪/奔 9车辅助驾驶深度体验,40983071508,154.32300,1,25,16777215,2026-08-18 18:04:19,1787047459,0,2e92c67c,2180671161229995520,理想正品
BV15Xb86nEzv,117108709072765,【无广】9大辅助驾驶晚高峰实测！谁是真正的第一梯队？,凤凰车研所,2026-08-17 11:34:40,232731,1923,1,【无广实测】问/鹏/理/迪/米/蔚/尚/氪/奔 9车辅助驾驶深度体验,40983071508,264.80000,1,25,16777215,2026-08-18 17:58:13,1787047093,0,601ee2f0,2180668085957349632,z7有点出老千的嫌疑
BV15Xb86nEzv,117108709072765,【无广】9大辅助驾驶晚高峰实测！谁是真正的第一梯队？,凤凰车研所,2026-08-17 11:34:40,232731,1923,1,【无广实测】问/鹏/理/迪/米/蔚/尚/氪/奔 9车辅助驾驶深度体验,40983071508,137.52600,1,25,16777215,2026-08-18 17:57:13,1787047033,0,2ddcb14e,2180667584721558784,极氪的辅助驾驶是真保守
BV15Xb86nEzv,117108709072765,【无广】9大辅助驾驶晚高峰实测！谁是真正的第一梯队？,凤凰车研所,2026-08-17 11:34:40,232731,1923,1,【无广实测】问/鹏/理/迪/米/蔚/尚/氪/奔 9车辅助驾驶深度体验,40983071508,143.46200,1,25,16777215,2026-08-18 17:54:25,1787046865,0,601ee2f0,2180666177557487360,前面几台车没经过公交车道啊？
BV15Xb86nEzv,117108709072765,【无广】9大辅助驾驶晚高峰实测！谁是真正的第一梯队？,凤凰车研所,2026-08-17 11:34:40,232731,1923,1,【无广实测】问/鹏/理/迪/米/蔚/尚/氪/奔 9车辅助驾驶深度体验,40983071508,268.92900,1,25,16777215,2026-08-18 17:44:49,1787046289,0,60b7b1f5,2180661339293955840,熟悉的路段
BV15Xb86nEzv,117108709072765,【无广】9大辅助驾驶晚高峰实测！谁是真正的第一梯队？,凤凰车研所,2026-08-17 11:34:40,232731,1923,1,【无广实测】问/鹏/理/迪/米/蔚/尚/氪/奔 9车辅助驾驶深度体验,40983071508,1028.14400,1,25,16777215,2026-08-18 17:34:09,1787045649,0,4b00b75c,2180655976045917440,小米完美适配我，反正我就高速开辅助驾驶
BV15Xb86nEzv,117108709072765,【无广】9大辅助驾驶晚高峰实测！谁是真正的第一梯队？,凤凰车研所,2026-08-17 11:34:40,232731,1923,1,【无广实测】问/鹏/理/迪/米/蔚/尚/氪/奔 9车辅助驾驶深度体验,40983071508,908.02100,1,25,16777215,2026-08-18 17:32:43,1787045563,0,4b00b75c,2180655251983195648,小鹏完了，又要被攻击了
BV15Xb86nEzv,117108709072765,【无广】9大辅助驾驶晚高峰实测！谁是真正的第一梯队？,凤凰车研所,2026-08-17 11:34:40,232731,1923,1,【无广实测】问/鹏/理/迪/米/蔚/尚/氪/奔 9车辅助驾驶深度体验,40983071508,127.00000,1,25,16777215,2026-08-18 17:20:59,1787044859,0,6b64a547,2180649350899343872,瞧不起长沙
BV15Xb86nEzv,117108709072765,【无广】9大辅助驾驶晚高峰实测！谁是真正的第一梯队？,凤凰车研所,2026-08-17 11:34:40,232731,1923,1,【无广实测】问/鹏/理/迪/米/蔚/尚/氪/奔 9车辅助驾驶深度体验,40983071508,521.37800,1,25,16777215,2026-08-18 17:12:43,1787044363,0,57aecb83,2180645184521192192,小鹏不分场景秀极限
BV15Xb86nEzv,117108709072765,【无广】9大辅助驾驶晚高峰实测！谁是真正的第一梯队？,凤凰车研所,2026-08-17 11:34:40,232731,1923,1,【无广实测】问/鹏/理/迪/米/蔚/尚/氪/奔 9车辅助驾驶深度体验,40983071508,39.23400,1,25,16777215,2026-08-18 17:03:30,1787043810,0,57aecb83,2180640551618721536,用特斯拉你们有说欺负你没中国训练
BV15Xb86nEzv,117108709072765,【无广】9大辅助驾驶晚高峰实测！谁是真正的第一梯队？,凤凰车研所,2026-08-17 11:34:40,232731,1923,1,【无广实测】问/鹏/理/迪/米/蔚/尚/氪/奔 9车辅助驾驶深度体验,40983071508,65.68300,1,25,16777215,2026-08-18 16:53:04,1787043184,0,663772ba,2180635298320185856,租的车，辅助驾驶功能完善吗？
BV15Xb86nEzv,117108709072765,【无广】9大辅助驾驶晚高峰实测！谁是真正的第一梯队？,凤凰车研所,2026-08-17 11:34:40,232731,1923,1,【无广实测】问/鹏/理/迪/米/蔚/尚/氪/奔 9车辅助驾驶深度体验,40983071508,511.99900,1,25,16777215,2026-08-18 16:49:06,1787042946,0,6a85262b,2180633300681404160,冒汗
BV15Xb86nEzv,117108709072765,【无广】9大辅助驾驶晚高峰实测！谁是真正的第一梯队？,凤凰车研所,2026-08-17 11:34:40,232731,1923,1,【无广实测】问/鹏/理/迪/米/蔚/尚/氪/奔 9车辅助驾驶深度体验,40983071508,244.00600,1,25,16777215,2026-08-18 16:37:26,1787042246,0,e0fd509c,2180627427062492928,这个纯运气好
BV15Xb86nEzv,117108709072765,【无广】9大辅助驾驶晚高峰实测！谁是真正的第一梯队？,凤凰车研所,2026-08-17 11:34:40,232731,1923,1,【无广实测】问/鹏/理/迪/米/蔚/尚/氪/奔 9车辅助驾驶深度体验,40983071508,168.43200,1,25,16777215,2026-08-18 16:31:46,1787041906,0,8fdee483,2180624579364570880,小米工程师的工资不够吗？
BV15Xb86nEzv,117108709072765,【无广】9大辅助驾驶晚高峰实测！谁是真正的第一梯队？,凤凰车研所,2026-08-17 11:34:40,232731,1923,1,【无广实测】问/鹏/理/迪/米/蔚/尚/氪/奔 9车辅助驾驶深度体验,40983071508,199.01000,1,25,16777215,2026-08-18 16:22:34,1787041354,0,defb87e8,2180619944491429632,鬼火
BV15Xb86nEzv,117108709072765,【无广】9大辅助驾驶晚高峰实测！谁是真正的第一梯队？,凤凰车研所,2026-08-17 11:34:40,232731,1923,1,【无广实测】问/鹏/理/迪/米/蔚/尚/氪/奔 9车辅助驾驶深度体验,40983071508,704.21700,1,25,16777215,2026-08-18 16:18:43,1787041123,0,bcbdc28a,2180618006127389184,够用了
BV15Xb86nEzv,117108709072765,【无广】9大辅助驾驶晚高峰实测！谁是真正的第一梯队？,凤凰车研所,2026-08-17 11:34:40,232731,1923,1,【无广实测】问/鹏/理/迪/米/蔚/尚/氪/奔 9车辅助驾驶深度体验,40983071508,403.88000,1,25,16777215,2026-08-18 16:15:03,1787040903,0,d2a28056,2180616163191750400,这几个老太婆在这创业？
BV15Xb86nEzv,117108709072765,【无广】9大辅助驾驶晚高峰实测！谁是真正的第一梯队？,凤凰车研所,2026-08-17 11:34:40,232731,1923,1,【无广实测】问/鹏/理/迪/米/蔚/尚/氪/奔 9车辅助驾驶深度体验,40983071508,686.39800,1,25,16777215,2026-08-18 16:14:08,1787040848,0,4c006ab7,2180615702632117504,高速路口尚界接管也不统计，牛皮
BV15Xb86nEzv,117108709072765,【无广】9大辅助驾驶晚高峰实测！谁是真正的第一梯队？,凤凰车研所,2026-08-17 11:34:40,232731,1923,1,【无广实测】问/鹏/理/迪/米/蔚/尚/氪/奔 9车辅助驾驶深度体验,40983071508,391.94900,1,25,16777215,2026-08-18 16:05:45,1787040345,0,a156bd4b,2180611483506471680,小鹏应该加强高速了，老城区我都手动跑，骑手太疯狂
BV15Xb86nEzv,117108709072765,【无广】9大辅助驾驶晚高峰实测！谁是真正的第一梯队？,凤凰车研所,2026-08-17 11:34:40,232731,1923,1,【无广实测】问/鹏/理/迪/米/蔚/尚/氪/奔 9车辅助驾驶深度体验,40983071508,258.95500,1,25,16777215,2026-08-18 15:55:50,1787039750,0,3430ecf3,2180606486311650816,军说的，又不是我说的，有事找军去
BV15Xb86nEzv,117108709072765,【无广】9大辅助驾驶晚高峰实测！谁是真正的第一梯队？,凤凰车研所,2026-08-17 11:34:40,232731,1923,1,【无广实测】问/鹏/理/迪/米/蔚/尚/氪/奔 9车辅助驾驶深度体验,40983071508,368.16400,5,25,16777215,2026-08-18 15:53:08,1787039588,0,745524f7,2180605132197751552,这4辆车在路口左转时，没有遇到左边来车，所以左转很丝滑。是在进了路口以后，才来车。
BV15Xb86nEzv,117108709072765,【无广】9大辅助驾驶晚高峰实测！谁是真正的第一梯队？,凤凰车研所,2026-08-17 11:34:40,232731,1923,1,【无广实测】问/鹏/理/迪/米/蔚/尚/氪/奔 9车辅助驾驶深度体验,40983071508,83.20300,1,25,16777215,2026-08-18 15:52:54,1787039574,0,3430ecf3,2180605012584414208,军表示我们是第一梯队，瞧不起谁呢
BV15Xb86nEzv,117108709072765,【无广】9大辅助驾驶晚高峰实测！谁是真正的第一梯队？,凤凰车研所,2026-08-17 11:34:40,232731,1923,1,【无广实测】问/鹏/理/迪/米/蔚/尚/氪/奔 9车辅助驾驶深度体验,40983071508,361.82200,5,25,16777215,2026-08-18 15:50:55,1787039455,0,745524f7,2180604017553167872,其他车在比亚迪汉L这场景，3辆小电车从左边过来，难道能走吗？不需要等待？
BV15Xb86nEzv,117108709072765,【无广】9大辅助驾驶晚高峰实测！谁是真正的第一梯队？,凤凰车研所,2026-08-17 11:34:40,232731,1923,1,【无广实测】问/鹏/理/迪/米/蔚/尚/氪/奔 9车辅助驾驶深度体验,40983071508,401.03200,5,25,16777215,2026-08-18 15:48:17,1787039297,0,745524f7,2180602691641384192,这时候再上去，对面的出租车根本过不了。
BV15Xb86nEzv,117108709072765,【无广】9大辅助驾驶晚高峰实测！谁是真正的第一梯队？,凤凰车研所,2026-08-17 11:34:40,232731,1923,1,【无广实测】问/鹏/理/迪/米/蔚/尚/氪/奔 9车辅助驾驶深度体验,40983071508,1007.50700,1,25,16777215,2026-08-18 15:04:05,1787036645,0,6160a961,2180580447955525376,在地库开智驾是个什么心态。。。
BV15Xb86nEzv,117108709072765,【无广】9大辅助驾驶晚高峰实测！谁是真正的第一梯队？,凤凰车研所,2026-08-17 11:34:40,232731,1923,1,【无广实测】问/鹏/理/迪/米/蔚/尚/氪/奔 9车辅助驾驶深度体验,40983071508,830.68300,1,25,16777215,2026-08-18 14:55:21,1787036121,0,7d84a91c,2180576046460731904,能兜底啊怕什么，大大方方撞
BV15Xb86nEzv,117108709072765,【无广】9大辅助驾驶晚高峰实测！谁是真正的第一梯队？,凤凰车研所,2026-08-17 11:34:40,232731,1923,1,【无广实测】问/鹏/理/迪/米/蔚/尚/氪/奔 9车辅助驾驶深度体验,40983071508,873.79900,1,25,16777215,2026-08-18 14:45:39,1787035539,0,c994c135,2180571162361771776,遥遥领先，断层第一
BV15Xb86nEzv,117108709072765,【无广】9大辅助驾驶晚高峰实测！谁是真正的第一梯队？,凤凰车研所,2026-08-17 11:34:40,232731,1923,1,【无广实测】问/鹏/理/迪/米/蔚/尚/氪/奔 9车辅助驾驶深度体验,40983071508,367.80800,1,25,16777215,2026-08-18 14:36:32,1787034992,0,c994c135,2180566574481250304,特斯拉还没开始驾驶证分就被扣完了，提前退赛
BV15Xb86nEzv,117108709072765,【无广】9大辅助驾驶晚高峰实测！谁是真正的第一梯队？,凤凰车研所,2026-08-17 11:34:40,232731,1923,1,【无广实测】问/鹏/理/迪/米/蔚/尚/氪/奔 9车辅助驾驶深度体验,40983071508,112.42600,1,25,16777215,2026-08-18 14:32:44,1787034764,0,9316d0b9,2180564668681612800,济南没有吗
BV15Xb86nEzv,117108709072765,【无广】9大辅助驾驶晚高峰实测！谁是真正的第一梯队？,凤凰车研所,2026-08-17 11:34:40,232731,1923,1,【无广实测】问/鹏/理/迪/米/蔚/尚/氪/奔 9车辅助驾驶深度体验,40983071508,549.05600,1,25,16777215,2026-08-18 14:10:27,1787033427,0,93f00c67,2180553449849517056,你主路权，右边又没跨线，接管个寂寞
BV15Xb86nEzv,117108709072765,【无广】9大辅助驾驶晚高峰实测！谁是真正的第一梯队？,凤凰车研所,2026-08-17 11:34:40,232731,1923,1,【无广实测】问/鹏/理/迪/米/蔚/尚/氪/奔 9车辅助驾驶深度体验,40983071508,72.91700,1,25,16777215,2026-08-18 14:03:19,1787032999,0,ad6ab917,2180549855372940544,汉L的有点老了
BV15Xb86nEzv,117108709072765,【无广】9大辅助驾驶晚高峰实测！谁是真正的第一梯队？,凤凰车研所,2026-08-17 11:34:40,232731,1923,1,【无广实测】问/鹏/理/迪/米/蔚/尚/氪/奔 9车辅助驾驶深度体验,40983071508,152.59900,1,25,16777215,2026-08-18 13:56:31,1787032591,0,cc3cc92,2180546433600613120,正品
BV15Xb86nEzv,117108709072765,【无广】9大辅助驾驶晚高峰实测！谁是真正的第一梯队？,凤凰车研所,2026-08-17 11:34:40,232731,1923,1,【无广实测】问/鹏/理/迪/米/蔚/尚/氪/奔 9车辅助驾驶深度体验,40983071508,299.05400,1,25,16777215,2026-08-18 13:03:48,1787029428,0,79106c1c,2180519904662016256,怎么到某为就是运气不好
BV15Xb86nEzv,117108709072765,【无广】9大辅助驾驶晚高峰实测！谁是真正的第一梯队？,凤凰车研所,2026-08-17 11:34:40,232731,1923,1,【无广实测】问/鹏/理/迪/米/蔚/尚/氪/奔 9车辅助驾驶深度体验,40983071508,179.00300,1,25,16777215,2026-08-18 13:03:04,1787029384,0,4063023e,2180519531612084224,吓死人
BV15Xb86nEzv,117108709072765,【无广】9大辅助驾驶晚高峰实测！谁是真正的第一梯队？,凤凰车研所,2026-08-17 11:34:40,232731,1923,1,【无广实测】问/鹏/理/迪/米/蔚/尚/氪/奔 9车辅助驾驶深度体验,40983071508,195.00400,1,25,16777215,2026-08-18 12:59:05,1787029145,0,9470f3e3,2180517531809492480,这个不接管直接创上去了啊
BV15Xb86nEzv,117108709072765,【无广】9大辅助驾驶晚高峰实测！谁是真正的第一梯队？,凤凰车研所,2026-08-17 11:34:40,232731,1923,1,【无广实测】问/鹏/理/迪/米/蔚/尚/氪/奔 9车辅助驾驶深度体验,40983071508,155.70800,1,25,16777215,2026-08-18 12:58:13,1787029093,0,9470f3e3,2180517091801980928,理想越来越拉跨了
BV15Xb86nEzv,117108709072765,【无广】9大辅助驾驶晚高峰实测！谁是真正的第一梯队？,凤凰车研所,2026-08-17 11:34:40,232731,1923,1,【无广实测】问/鹏/理/迪/米/蔚/尚/氪/奔 9车辅助驾驶深度体验,40983071508,827.17900,1,25,16777215,2026-08-18 12:45:51,1787028351,0,c281b7a3,2180510868838958080,比亚迪的匝道是这样 速度过快 而且匝道也有很多无效变道
BV15Xb86nEzv,117108709072765,【无广】9大辅助驾驶晚高峰实测！谁是真正的第一梯队？,凤凰车研所,2026-08-17 11:34:40,232731,1923,1,【无广实测】问/鹏/理/迪/米/蔚/尚/氪/奔 9车辅助驾驶深度体验,40983071508,761.72900,1,25,16777215,2026-08-18 12:35:49,1787027749,0,3987537,2180505816112042752,理想这是学的车主吧
BV15Xb86nEzv,117108709072765,【无广】9大辅助驾驶晚高峰实测！谁是真正的第一梯队？,凤凰车研所,2026-08-17 11:34:40,232731,1923,1,【无广实测】问/鹏/理/迪/米/蔚/尚/氪/奔 9车辅助驾驶深度体验,40983071508,1078.46400,1,25,16777215,2026-08-18 12:16:44,1787026604,0,828d2843,2180496216490976768,这个评测还是挺好的
BV15Xb86nEzv,117108709072765,【无广】9大辅助驾驶晚高峰实测！谁是真正的第一梯队？,凤凰车研所,2026-08-17 11:34:40,232731,1923,1,【无广实测】问/鹏/理/迪/米/蔚/尚/氪/奔 9车辅助驾驶深度体验,40983071508,871.11000,1,25,16777215,2026-08-18 12:10:46,1787026246,0,b1960d52,2180493209468617984,因为现在智驾人还是第一责任人，复杂路况你光靠智驾出了事还想找媒体甩锅就没啥意思了，老老实实自己开，真出事儿了也是自己没开好。
BV15Xb86nEzv,117108709072765,【无广】9大辅助驾驶晚高峰实测！谁是真正的第一梯队？,凤凰车研所,2026-08-17 11:34:40,232731,1923,1,【无广实测】问/鹏/理/迪/米/蔚/尚/氪/奔 9车辅助驾驶深度体验,40983071508,559.81300,1,25,16777215,2026-08-18 12:06:44,1787026004,0,fb6206a0,2180491180734342656,理想这个应该是识别到会停在人行道上把？极客才是没进入
BV15Xb86nEzv,117108709072765,【无广】9大辅助驾驶晚高峰实测！谁是真正的第一梯队？,凤凰车研所,2026-08-17 11:34:40,232731,1923,1,【无广实测】问/鹏/理/迪/米/蔚/尚/氪/奔 9车辅助驾驶深度体验,40983071508,51.47900,1,25,16777215,2026-08-18 12:04:35,1787025875,0,2f22d19c,2180490096506236416,租来的车能开智驾吗?我之前租的神州的，只能有简单的高速noa
BV15Xb86nEzv,117108709072765,【无广】9大辅助驾驶晚高峰实测！谁是真正的第一梯队？,凤凰车研所,2026-08-17 11:34:40,232731,1923,1,【无广实测】问/鹏/理/迪/米/蔚/尚/氪/奔 9车辅助驾驶深度体验,40983071508,78.55900,1,25,16777215,2026-08-18 11:55:21,1787025321,0,27da60cf,2180485453881754112,全是过时版本，无意义
BV15Xb86nEzv,117108709072765,【无广】9大辅助驾驶晚高峰实测！谁是真正的第一梯队？,凤凰车研所,2026-08-17 11:34:40,232731,1923,1,【无广实测】问/鹏/理/迪/米/蔚/尚/氪/奔 9车辅助驾驶深度体验,40983071508,194.32000,1,25,16777215,2026-08-18 11:32:33,1787023953,0,f757845c,2180473978694125312,合理
BV15Xb86nEzv,117108709072765,【无广】9大辅助驾驶晚高峰实测！谁是真正的第一梯队？,凤凰车研所,2026-08-17 11:34:40,232731,1923,1,【无广实测】问/鹏/理/迪/米/蔚/尚/氪/奔 9车辅助驾驶深度体验,40983071508,22.55100,1,25,16777215,2026-08-18 11:28:31,1787023711,0,f96f7a14,2180471946184833792,你是在为难胖虎
BV15Xb86nEzv,117108709072765,【无广】9大辅助驾驶晚高峰实测！谁是真正的第一梯队？,凤凰车研所,2026-08-17 11:34:40,232731,1923,1,【无广实测】问/鹏/理/迪/米/蔚/尚/氪/奔 9车辅助驾驶深度体验,40983071508,73.00000,1,25,16777215,2026-08-18 11:07:46,1787022466,0,ed440637,2180461505630448640,蓝色弹幕符合对花粉蛆的刻板印象，还宣传片，被小鹏吊打
BV15Xb86nEzv,117108709072765,【无广】9大辅助驾驶晚高峰实测！谁是真正的第一梯队？,凤凰车研所,2026-08-17 11:34:40,232731,1923,1,【无广实测】问/鹏/理/迪/米/蔚/尚/氪/奔 9车辅助驾驶深度体验,40983071508,305.97600,1,25,16777215,2026-08-18 11:06:39,1787022399,0,930b4f2b,2180460937402971136,理想走公交车道但是没接管通过了，标注扣分罚款了
BV15Xb86nEzv,117108709072765,【无广】9大辅助驾驶晚高峰实测！谁是真正的第一梯队？,凤凰车研所,2026-08-17 11:34:40,232731,1923,1,【无广实测】问/鹏/理/迪/米/蔚/尚/氪/奔 9车辅助驾驶深度体验,40983071508,427.79500,1,25,16777215,2026-08-18 11:06:30,1787022390,0,48e55c5c,2180460860278023680,z7介入三次了
BV15Xb86nEzv,117108709072765,【无广】9大辅助驾驶晚高峰实测！谁是真正的第一梯队？,凤凰车研所,2026-08-17 11:34:40,232731,1923,1,【无广实测】问/鹏/理/迪/米/蔚/尚/氪/奔 9车辅助驾驶深度体验,40983071508,370.87100,1,25,16777215,2026-08-18 11:05:46,1787022346,0,c9bce66b,2180460496993195264,没有特斯拉你体验啥呢？
BV15Xb86nEzv,117108709072765,【无广】9大辅助驾驶晚高峰实测！谁是真正的第一梯队？,凤凰车研所,2026-08-17 11:34:40,232731,1923,1,【无广实测】问/鹏/理/迪/米/蔚/尚/氪/奔 9车辅助驾驶深度体验,40983071508,862.53700,1,25,16777215,2026-08-18 10:57:36,1787021856,0,900e1b7b,2180456383001384960,简单总结就是各家各有优劣但都达不到完美 所以现阶段这个功能还是高速或者城区开阔路面用一用能轻松一会得了
BV15Xb86nEzv,117108709072765,【无广】9大辅助驾驶晚高峰实测！谁是真正的第一梯队？,凤凰车研所,2026-08-17 11:34:40,232731,1923,1,【无广实测】问/鹏/理/迪/米/蔚/尚/氪/奔 9车辅助驾驶深度体验,40983071508,58.21500,1,25,16777215,2026-08-18 10:55:22,1787021722,0,2fb8c47c,2180455263902337280,大众油车的别招笑了
BV15Xb86nEzv,117108709072765,【无广】9大辅助驾驶晚高峰实测！谁是真正的第一梯队？,凤凰车研所,2026-08-17 11:34:40,232731,1923,1,【无广实测】问/鹏/理/迪/米/蔚/尚/氪/奔 9车辅助驾驶深度体验,40983071508,279.27100,1,25,16777215,2026-08-18 10:48:02,1787021282,0,86436679,2180451573611215616,开自己的道让什么？
BV15Xb86nEzv,117108709072765,【无广】9大辅助驾驶晚高峰实测！谁是真正的第一梯队？,凤凰车研所,2026-08-17 11:34:40,232731,1923,1,【无广实测】问/鹏/理/迪/米/蔚/尚/氪/奔 9车辅助驾驶深度体验,40983071508,207.96300,1,25,16777215,2026-08-18 10:43:56,1787021036,0,86436679,2180449504208946944,狠狠爱上小米了 别的车怎么不给电门！
BV15Xb86nEzv,117108709072765,【无广】9大辅助驾驶晚高峰实测！谁是真正的第一梯队？,凤凰车研所,2026-08-17 11:34:40,232731,1923,1,【无广实测】问/鹏/理/迪/米/蔚/尚/氪/奔 9车辅助驾驶深度体验,40983071508,900.10500,1,25,16777215,2026-08-18 10:41:36,1787020896,0,dfdc7122,2180448328704681728,我的M7最近5.0更丝滑了
BV15Xb86nEzv,117108709072765,【无广】9大辅助驾驶晚高峰实测！谁是真正的第一梯队？,凤凰车研所,2026-08-17 11:34:40,232731,1923,1,【无广实测】问/鹏/理/迪/米/蔚/尚/氪/奔 9车辅助驾驶深度体验,40983071508,354.51200,1,25,16777215,2026-08-18 10:33:36,1787020416,0,63475fb2,2180444308019231488,打击吹牛逼
BV15Xb86nEzv,117108709072765,【无广】9大辅助驾驶晚高峰实测！谁是真正的第一梯队？,凤凰车研所,2026-08-17 11:34:40,232731,1923,1,【无广实测】问/鹏/理/迪/米/蔚/尚/氪/奔 9车辅助驾驶深度体验,40983071508,193.02000,1,25,16777215,2026-08-18 10:30:16,1787020216,0,997724fc,2180442626405759744,全世界都会为你让路
BV15Xb86nEzv,117108709072765,【无广】9大辅助驾驶晚高峰实测！谁是真正的第一梯队？,凤凰车研所,2026-08-17 11:34:40,232731,1923,1,【无广实测】问/鹏/理/迪/米/蔚/尚/氪/奔 9车辅助驾驶深度体验,40983071508,983.20500,1,25,16777215,2026-08-18 10:30:07,1787020207,0,ba2153c7,2180442554205079552,小鹏GX走小路很安心
BV15Xb86nEzv,117108709072765,【无广】9大辅助驾驶晚高峰实测！谁是真正的第一梯队？,凤凰车研所,2026-08-17 11:34:40,232731,1923,1,【无广实测】问/鹏/理/迪/米/蔚/尚/氪/奔 9车辅助驾驶深度体验,40983071508,1076.30400,1,25,16777215,2026-08-18 10:05:54,1787018754,0,847907e6,2180430361220376832,中高端配置？智驾大赛贵阳站夺冠的AION60表示不同意
BV15Xb86nEzv,117108709072765,【无广】9大辅助驾驶晚高峰实测！谁是真正的第一梯队？,凤凰车研所,2026-08-17 11:34:40,232731,1923,1,【无广实测】问/鹏/理/迪/米/蔚/尚/氪/奔 9车辅助驾驶深度体验,40983071508,296.30400,1,25,16777215,2026-08-18 09:54:55,1787018095,0,e58c446c,2180424837431517952,不行就是不行，啥叫运气不好
BV15Xb86nEzv,117108709072765,【无广】9大辅助驾驶晚高峰实测！谁是真正的第一梯队？,凤凰车研所,2026-08-17 11:34:40,232731,1923,1,【无广实测】问/鹏/理/迪/米/蔚/尚/氪/奔 9车辅助驾驶深度体验,40983071508,170.41000,1,25,16777215,2026-08-18 09:03:47,1787015027,0,3373d743,2180399097801677312,拿4.1测个锤子
BV15Xb86nEzv,117108709072765,【无广】9大辅助驾驶晚高峰实测！谁是真正的第一梯队？,凤凰车研所,2026-08-17 11:34:40,232731,1923,1,【无广实测】问/鹏/理/迪/米/蔚/尚/氪/奔 9车辅助驾驶深度体验,40983071508,14.58500,1,25,16777215,2026-08-18 08:59:06,1787014746,0,8e63b084,2180396742674014720,首先排除极氪
BV15Xb86nEzv,117108709072765,【无广】9大辅助驾驶晚高峰实测！谁是真正的第一梯队？,凤凰车研所,2026-08-17 11:34:40,232731,1923,1,【无广实测】问/鹏/理/迪/米/蔚/尚/氪/奔 9车辅助驾驶深度体验,40983071508,222.17700,1,25,16777215,2026-08-18 08:50:32,1787014232,0,4bbb3abf,2180392434059138560,人行道不让人，还TM说“介入解决”？建议别测了，先学学交通法规
BV15Xb86nEzv,117108709072765,【无广】9大辅助驾驶晚高峰实测！谁是真正的第一梯队？,凤凰车研所,2026-08-17 11:34:40,232731,1923,1,【无广实测】问/鹏/理/迪/米/蔚/尚/氪/奔 9车辅助驾驶深度体验,40983071508,205.59200,1,25,16777215,2026-08-18 08:49:49,1787014189,0,4bbb3abf,2180392068232079872,????????人行道不让人
BV15Xb86nEzv,117108709072765,【无广】9大辅助驾驶晚高峰实测！谁是真正的第一梯队？,凤凰车研所,2026-08-17 11:34:40,232731,1923,1,【无广实测】问/鹏/理/迪/米/蔚/尚/氪/奔 9车辅助驾驶深度体验,40983071508,848.87100,1,25,16777215,2026-08-18 08:44:48,1787013888,0,7920bedf,2180389540483738368,华为夯爆了
BV15Xb86nEzv,117108709072765,【无广】9大辅助驾驶晚高峰实测！谁是真正的第一梯队？,凤凰车研所,2026-08-17 11:34:40,232731,1923,1,【无广实测】问/鹏/理/迪/米/蔚/尚/氪/奔 9车辅助驾驶深度体验,40983071508,181.74400,1,25,16777215,2026-08-18 08:44:40,1787013880,0,3f2dc05b,2180389478475436032,没事，撞了兜底
BV15Xb86nEzv,117108709072765,【无广】9大辅助驾驶晚高峰实测！谁是真正的第一梯队？,凤凰车研所,2026-08-17 11:34:40,232731,1923,1,【无广实测】问/鹏/理/迪/米/蔚/尚/氪/奔 9车辅助驾驶深度体验,40983071508,167.52400,1,25,16777215,2026-08-18 08:42:14,1787013734,0,25a8ffda,2180388250718625280,理想有什么错呢？
BV15Xb86nEzv,117108709072765,【无广】9大辅助驾驶晚高峰实测！谁是真正的第一梯队？,凤凰车研所,2026-08-17 11:34:40,232731,1923,1,【无广实测】问/鹏/理/迪/米/蔚/尚/氪/奔 9车辅助驾驶深度体验,40983071508,264.75100,1,25,16777215,2026-08-18 08:34:19,1787013259,0,7920bedf,2180384263982032384,666
BV15Xb86nEzv,117108709072765,【无广】9大辅助驾驶晚高峰实测！谁是真正的第一梯队？,凤凰车研所,2026-08-17 11:34:40,232731,1923,1,【无广实测】问/鹏/理/迪/米/蔚/尚/氪/奔 9车辅助驾驶深度体验,40983071508,243.65100,1,25,16777215,2026-08-18 08:33:54,1787013234,0,7920bedf,2180384062160583680,遥遥领先。
BV15Xb86nEzv,117108709072765,【无广】9大辅助驾驶晚高峰实测！谁是真正的第一梯队？,凤凰车研所,2026-08-17 11:34:40,232731,1923,1,【无广实测】问/鹏/理/迪/米/蔚/尚/氪/奔 9车辅助驾驶深度体验,40983071508,32.21100,1,25,16777215,2026-08-18 08:29:58,1787012998,0,7920bedf,2180382078003261440,华为
BV15Xb86nEzv,117108709072765,【无广】9大辅助驾驶晚高峰实测！谁是真正的第一梯队？,凤凰车研所,2026-08-17 11:34:40,232731,1923,1,【无广实测】问/鹏/理/迪/米/蔚/尚/氪/奔 9车辅助驾驶深度体验,40983071508,260.69100,1,25,16777215,2026-08-18 08:26:04,1787012764,0,db2c94e7,2180380117241772032,知道是谁的商单了
BV15Xb86nEzv,117108709072765,【无广】9大辅助驾驶晚高峰实测！谁是真正的第一梯队？,凤凰车研所,2026-08-17 11:34:40,232731,1923,1,【无广实测】问/鹏/理/迪/米/蔚/尚/氪/奔 9车辅助驾驶深度体验,40983071508,558.86700,1,25,16777215,2026-08-18 07:09:28,1787008168,0,fda7048c,2180341558694689792,这是京广路中原路口
BV15Xb86nEzv,117108709072765,【无广】9大辅助驾驶晚高峰实测！谁是真正的第一梯队？,凤凰车研所,2026-08-17 11:34:40,232731,1923,1,【无广实测】问/鹏/理/迪/米/蔚/尚/氪/奔 9车辅助驾驶深度体验,40983071508,859.72200,1,25,16777215,2026-08-18 05:56:23,1787003783,0,201d2a40,2180304776015951104,哇哇哇哇哇哇哇哇哇
BV15Xb86nEzv,117108709072765,【无广】9大辅助驾驶晚高峰实测！谁是真正的第一梯队？,凤凰车研所,2026-08-17 11:34:40,232731,1923,1,【无广实测】问/鹏/理/迪/米/蔚/尚/氪/奔 9车辅助驾驶深度体验,40983071508,856.08400,1,25,16777215,2026-08-18 05:56:05,1787003765,0,201d2a40,2180304624500892416,哇哇哇哇哇哇哇哇哇
BV15Xb86nEzv,117108709072765,【无广】9大辅助驾驶晚高峰实测！谁是真正的第一梯队？,凤凰车研所,2026-08-17 11:34:40,232731,1923,1,【无广实测】问/鹏/理/迪/米/蔚/尚/氪/奔 9车辅助驾驶深度体验,40983071508,835.85200,1,25,16777215,2026-08-18 04:46:05,1786999565,0,476ce800,2180269393488494592,这种最高50，80过的老哥早晚出事。小心点吧
BV15Xb86nEzv,117108709072765,【无广】9大辅助驾驶晚高峰实测！谁是真正的第一梯队？,凤凰车研所,2026-08-17 11:34:40,232731,1923,1,【无广实测】问/鹏/理/迪/米/蔚/尚/氪/奔 9车辅助驾驶深度体验,40983071508,381.64000,1,25,16777215,2026-08-18 04:28:19,1786998499,0,476ce800,2180260455292430080,智驾这一块，国内小米第一。只比特斯拉差一点
BV15Xb86nEzv,117108709072765,【无广】9大辅助驾驶晚高峰实测！谁是真正的第一梯队？,凤凰车研所,2026-08-17 11:34:40,232731,1923,1,【无广实测】问/鹏/理/迪/米/蔚/尚/氪/奔 9车辅助驾驶深度体验,40983071508,124.47300,1,25,16777215,2026-08-18 03:05:16,1786993516,0,ff3ad2df,2180218651041711104,多少需要点脸皮
BV15Xb86nEzv,117108709072765,【无广】9大辅助驾驶晚高峰实测！谁是真正的第一梯队？,凤凰车研所,2026-08-17 11:34:40,232731,1923,1,【无广实测】问/鹏/理/迪/米/蔚/尚/氪/奔 9车辅助驾驶深度体验,40983071508,5.16200,1,25,16777215,2026-08-18 02:48:31,1786992511,0,740c929,2180210219802865920,又拿这老版本来测
BV15Xb86nEzv,117108709072765,【无广】9大辅助驾驶晚高峰实测！谁是真正的第一梯队？,凤凰车研所,2026-08-17 11:34:40,232731,1923,1,【无广实测】问/鹏/理/迪/米/蔚/尚/氪/奔 9车辅助驾驶深度体验,40983071508,438.02300,1,25,16777215,2026-08-18 02:47:46,1786992466,0,3afcbea4,2180209839882992384,右边小区是我家
BV15Xb86nEzv,117108709072765,【无广】9大辅助驾驶晚高峰实测！谁是真正的第一梯队？,凤凰车研所,2026-08-17 11:34:40,232731,1923,1,【无广实测】问/鹏/理/迪/米/蔚/尚/氪/奔 9车辅助驾驶深度体验,40983071508,898.47500,1,25,16777215,2026-08-18 02:37:44,1786991864,0,a42a1f3e,2180204793221065728,其他家都是风味更新，明年l3估计新势力好几家都用ads
BV15Xb86nEzv,117108709072765,【无广】9大辅助驾驶晚高峰实测！谁是真正的第一梯队？,凤凰车研所,2026-08-17 11:34:40,232731,1923,1,【无广实测】问/鹏/理/迪/米/蔚/尚/氪/奔 9车辅助驾驶深度体验,40983071508,875.51600,1,25,16777215,2026-08-18 02:36:59,1786991819,0,a42a1f3e,2180204413552587264,人家遥遥领先是真遥遥领先
BV15Xb86nEzv,117108709072765,【无广】9大辅助驾驶晚高峰实测！谁是真正的第一梯队？,凤凰车研所,2026-08-17 11:34:40,232731,1923,1,【无广实测】问/鹏/理/迪/米/蔚/尚/氪/奔 9车辅助驾驶深度体验,40983071508,864.85000,1,25,16777215,2026-08-18 02:36:43,1786991803,0,a42a1f3e,2180204280400291328,洁云厕纸牌汽车还是不行啊
BV15Xb86nEzv,117108709072765,【无广】9大辅助驾驶晚高峰实测！谁是真正的第一梯队？,凤凰车研所,2026-08-17 11:34:40,232731,1923,1,【无广实测】问/鹏/理/迪/米/蔚/尚/氪/奔 9车辅助驾驶深度体验,40983071508,247.43400,1,25,16777215,2026-08-18 02:26:45,1786991205,0,a42a1f3e,2180199263131789312,徐洁云：鼓励真牛逼打击吹牛
BV15Xb86nEzv,117108709072765,【无广】9大辅助驾驶晚高峰实测！谁是真正的第一梯队？,凤凰车研所,2026-08-17 11:34:40,232731,1923,1,【无广实测】问/鹏/理/迪/米/蔚/尚/氪/奔 9车辅助驾驶深度体验,40983071508,243.19400,1,25,16777215,2026-08-18 02:26:28,1786991188,0,a42a1f3e,2180199118621465600,米粉：大家辅助驾驶都差不多
BV15Xb86nEzv,117108709072765,【无广】9大辅助驾驶晚高峰实测！谁是真正的第一梯队？,凤凰车研所,2026-08-17 11:34:40,232731,1923,1,【无广实测】问/鹏/理/迪/米/蔚/尚/氪/奔 9车辅助驾驶深度体验,40983071508,96.37400,1,25,16777215,2026-08-18 02:24:00,1786991040,0,a42a1f3e,2180197880001200640,bba就算了吧
BV15Xb86nEzv,117108709072765,【无广】9大辅助驾驶晚高峰实测！谁是真正的第一梯队？,凤凰车研所,2026-08-17 11:34:40,232731,1923,1,【无广实测】问/鹏/理/迪/米/蔚/尚/氪/奔 9车辅助驾驶深度体验,40983071508,298.32400,1,25,16777215,2026-08-18 02:14:59,1786990499,0,7e365375,2180193345312591104,l3
BV15Xb86nEzv,117108709072765,【无广】9大辅助驾驶晚高峰实测！谁是真正的第一梯队？,凤凰车研所,2026-08-17 11:34:40,232731,1923,1,【无广实测】问/鹏/理/迪/米/蔚/尚/氪/奔 9车辅助驾驶深度体验,40983071508,853.86300,1,25,16777215,2026-08-18 01:33:16,1786987996,0,a92a8d9f,2180172349490662400,哇哇哇哇哇哇哇哇
BV15Xb86nEzv,117108709072765,【无广】9大辅助驾驶晚高峰实测！谁是真正的第一梯队？,凤凰车研所,2026-08-17 11:34:40,232731,1923,1,【无广实测】问/鹏/理/迪/米/蔚/尚/氪/奔 9车辅助驾驶深度体验,40983071508,671.60600,1,25,16777215,2026-08-18 01:29:58,1786987798,0,a92a8d9f,2180170686944133376,哇哇哇哇哇哇哇
BV15Xb86nEzv,117108709072765,【无广】9大辅助驾驶晚高峰实测！谁是真正的第一梯队？,凤凰车研所,2026-08-17 11:34:40,232731,1923,1,【无广实测】问/鹏/理/迪/米/蔚/尚/氪/奔 9车辅助驾驶深度体验,40983071508,264.50100,1,25,16777215,2026-08-18 01:25:56,1786987556,0,79f70126,2180168652807353856,哈哈哈
BV15Xb86nEzv,117108709072765,【无广】9大辅助驾驶晚高峰实测！谁是真正的第一梯队？,凤凰车研所,2026-08-17 11:34:40,232731,1923,1,【无广实测】问/鹏/理/迪/米/蔚/尚/氪/奔 9车辅助驾驶深度体验,40983071508,241.77600,1,25,16777215,2026-08-18 01:21:06,1786987266,0,a92a8d9f,2180166221553692672,哇哇哇哇哇哇哇哇
BV15Xb86nEzv,117108709072765,【无广】9大辅助驾驶晚高峰实测！谁是真正的第一梯队？,凤凰车研所,2026-08-17 11:34:40,232731,1923,1,【无广实测】问/鹏/理/迪/米/蔚/尚/氪/奔 9车辅助驾驶深度体验,40983071508,383.08300,1,25,16777215,2026-08-18 01:18:00,1786987080,0,ea0700a4,2180164663907259904,半斤八两都没法安心
BV15Xb86nEzv,117108709072765,【无广】9大辅助驾驶晚高峰实测！谁是真正的第一梯队？,凤凰车研所,2026-08-17 11:34:40,232731,1923,1,【无广实测】问/鹏/理/迪/米/蔚/尚/氪/奔 9车辅助驾驶深度体验,40983071508,130.03400,1,25,16777215,2026-08-18 01:10:48,1786986648,0,afdba350,2180161041236172544,比亚迪整体策略都偏保守的，包括动力和充电，船夫哥要稳
BV15Xb86nEzv,117108709072765,【无广】9大辅助驾驶晚高峰实测！谁是真正的第一梯队？,凤凰车研所,2026-08-17 11:34:40,232731,1923,1,【无广实测】问/鹏/理/迪/米/蔚/尚/氪/奔 9车辅助驾驶深度体验,40983071508,1046.39200,1,25,16777215,2026-08-18 01:07:15,1786986435,0,64ed09e,2180159255184314112,我是理想i6，我就感觉理想的智驾太笨了
BV15Xb86nEzv,117108709072765,【无广】9大辅助驾驶晚高峰实测！谁是真正的第一梯队？,凤凰车研所,2026-08-17 11:34:40,232731,1923,1,【无广实测】问/鹏/理/迪/米/蔚/尚/氪/奔 9车辅助驾驶深度体验,40983071508,153.35000,1,25,16777215,2026-08-18 00:48:51,1786985331,0,71448cd,2180149994269873152,理想今年智驾进步几乎没有，快跟小米坐一桌了
BV15Xb86nEzv,117108709072765,【无广】9大辅助驾驶晚高峰实测！谁是真正的第一梯队？,凤凰车研所,2026-08-17 11:34:40,232731,1923,1,【无广实测】问/鹏/理/迪/米/蔚/尚/氪/奔 9车辅助驾驶深度体验,40983071508,722.32300,5,25,16777215,2026-08-18 00:47:18,1786985238,0,7ad9afdf,2180149208677013760,不愧是千里冒汗
BV15Xb86nEzv,117108709072765,【无广】9大辅助驾驶晚高峰实测！谁是真正的第一梯队？,凤凰车研所,2026-08-17 11:34:40,232731,1923,1,【无广实测】问/鹏/理/迪/米/蔚/尚/氪/奔 9车辅助驾驶深度体验,40983071508,828.74800,1,25,16777215,2026-08-18 00:47:11,1786985231,0,fc2fcc04,2180149153647889920,一般这样的弯道我都是80过的
BV15Xb86nEzv,117108709072765,【无广】9大辅助驾驶晚高峰实测！谁是真正的第一梯队？,凤凰车研所,2026-08-17 11:34:40,232731,1923,1,【无广实测】问/鹏/理/迪/米/蔚/尚/氪/奔 9车辅助驾驶深度体验,40983071508,408.36000,5,25,16777215,2026-08-18 00:41:03,1786984863,0,7ad9afdf,2180146062504543744,阿姨：小伙子怎么车开我客厅来了
BV15Xb86nEzv,117108709072765,【无广】9大辅助驾驶晚高峰实测！谁是真正的第一梯队？,凤凰车研所,2026-08-17 11:34:40,232731,1923,1,【无广实测】问/鹏/理/迪/米/蔚/尚/氪/奔 9车辅助驾驶深度体验,40983071508,205.60900,1,25,16777215,2026-08-18 00:35:59,1786984559,0,8b760385,2180143518189070080,不是没人关注 是那帮猴子知道没法比 直接不做声了
BV15Xb86nEzv,117108709072765,【无广】9大辅助驾驶晚高峰实测！谁是真正的第一梯队？,凤凰车研所,2026-08-17 11:34:40,232731,1923,1,【无广实测】问/鹏/理/迪/米/蔚/尚/氪/奔 9车辅助驾驶深度体验,40983071508,150.19300,1,25,16777215,2026-08-18 00:32:09,1786984329,0,1e97dc06,2180141586343247616,蔚来智驾现在特别可用
BV15Xb86nEzv,117108709072765,【无广】9大辅助驾驶晚高峰实测！谁是真正的第一梯队？,凤凰车研所,2026-08-17 11:34:40,232731,1923,1,【无广实测】问/鹏/理/迪/米/蔚/尚/氪/奔 9车辅助驾驶深度体验,40983071508,755.56000,1,25,16777215,2026-08-18 00:08:50,1786982930,0,b8c2ee7a,2180129853541260800,弹幕全是蔚来的机器人吗
BV15Xb86nEzv,117108709072765,【无广】9大辅助驾驶晚高峰实测！谁是真正的第一梯队？,凤凰车研所,2026-08-17 11:34:40,232731,1923,1,【无广实测】问/鹏/理/迪/米/蔚/尚/氪/奔 9车辅助驾驶深度体验,40983071508,292.61200,1,25,16777215,2026-08-18 00:05:27,1786982727,0,507bcf3a,2180128146467739904,你接管这么这么开车嘛？你这测试个人驾驶水平有很大影响啊
BV15Xb86nEzv,117108709072765,【无广】9大辅助驾驶晚高峰实测！谁是真正的第一梯队？,凤凰车研所,2026-08-17 11:34:40,232731,1923,1,【无广实测】问/鹏/理/迪/米/蔚/尚/氪/奔 9车辅助驾驶深度体验,40983071508,65.58900,1,25,16777215,2026-08-18 00:03:48,1786982628,0,1ab46191,2180127318083782144,零跑有没有？
BV15Xb86nEzv,117108709072765,【无广】9大辅助驾驶晚高峰实测！谁是真正的第一梯队？,凤凰车研所,2026-08-17 11:34:40,232731,1923,1,【无广实测】问/鹏/理/迪/米/蔚/尚/氪/奔 9车辅助驾驶深度体验,40983071508,245.80100,1,25,16777215,2026-08-17 23:59:27,1786982367,0,c912eac3,2180125128514796800,上个场景怎么小米通过了 但是没给镜头啊
BV15Xb86nEzv,117108709072765,【无广】9大辅助驾驶晚高峰实测！谁是真正的第一梯队？,凤凰车研所,2026-08-17 11:34:40,232731,1923,1,【无广实测】问/鹏/理/迪/米/蔚/尚/氪/奔 9车辅助驾驶深度体验,40983071508,1029.83900,1,25,16777215,2026-08-17 23:54:37,1786982077,0,de5c2fbb,2180122695743232256,问界够用了，老城区和地库不是智驾核心需求
BV15Xb86nEzv,117108709072765,【无广】9大辅助驾驶晚高峰实测！谁是真正的第一梯队？,凤凰车研所,2026-08-17 11:34:40,232731,1923,1,【无广实测】问/鹏/理/迪/米/蔚/尚/氪/奔 9车辅助驾驶深度体验,40983071508,48.95800,1,25,16777215,2026-08-17 23:53:33,1786982013,0,bfa561d7,2180122156959770368,大众油车的智驾可一较高低
BV15Xb86nEzv,117108709072765,【无广】9大辅助驾驶晚高峰实测！谁是真正的第一梯队？,凤凰车研所,2026-08-17 11:34:40,232731,1923,1,【无广实测】问/鹏/理/迪/米/蔚/尚/氪/奔 9车辅助驾驶深度体验,40983071508,829.51400,1,25,16777215,2026-08-17 23:52:56,1786981976,0,494afd7,2180121848351348992,万一失速或者打滑你就下去了，开车就忌讳看起来和我觉得
BV15Xb86nEzv,117108709072765,【无广】9大辅助驾驶晚高峰实测！谁是真正的第一梯队？,凤凰车研所,2026-08-17 11:34:40,232731,1923,1,【无广实测】问/鹏/理/迪/米/蔚/尚/氪/奔 9车辅助驾驶深度体验,40983071508,279.32600,1,25,16777215,2026-08-17 23:52:45,1786981965,0,8d5b3e6a,2180121751831862272,小鹏呢？
BV15Xb86nEzv,117108709072765,【无广】9大辅助驾驶晚高峰实测！谁是真正的第一梯队？,凤凰车研所,2026-08-17 11:34:40,232731,1923,1,【无广实测】问/鹏/理/迪/米/蔚/尚/氪/奔 9车辅助驾驶深度体验,40983071508,191.75600,1,25,16777215,2026-08-17 23:51:33,1786981893,0,d8b1f2c0,2180121154763769600,两边汽车，电驴，甚至自行车都在超车，简直就是个移动路障
BV15Xb86nEzv,117108709072765,【无广】9大辅助驾驶晚高峰实测！谁是真正的第一梯队？,凤凰车研所,2026-08-17 11:34:40,232731,1923,1,【无广实测】问/鹏/理/迪/米/蔚/尚/氪/奔 9车辅助驾驶深度体验,40983071508,152.48000,1,25,16777215,2026-08-17 23:50:05,1786981805,0,b68183a0,2180120415157026816,理想没问题呀
BV15Xb86nEzv,117108709072765,【无广】9大辅助驾驶晚高峰实测！谁是真正的第一梯队？,凤凰车研所,2026-08-17 11:34:40,232731,1923,1,【无广实测】问/鹏/理/迪/米/蔚/尚/氪/奔 9车辅助驾驶深度体验,40983071508,65.37000,1,25,41194,2026-08-17 23:48:28,1786981708,0,b5a3caf9,2180119594885493504,华为宣传片
BV15Xb86nEzv,117108709072765,【无广】9大辅助驾驶晚高峰实测！谁是真正的第一梯队？,凤凰车研所,2026-08-17 11:34:40,232731,1923,1,【无广实测】问/鹏/理/迪/米/蔚/尚/氪/奔 9车辅助驾驶深度体验,40983071508,500.09400,1,25,16777215,2026-08-17 23:48:20,1786981700,0,f314f7b1,2180119531928885504,哈哈哈哈哈哈
BV15Xb86nEzv,117108709072765,【无广】9大辅助驾驶晚高峰实测！谁是真正的第一梯队？,凤凰车研所,2026-08-17 11:34:40,232731,1923,1,【无广实测】问/鹏/理/迪/米/蔚/尚/氪/奔 9车辅助驾驶深度体验,40983071508,561.32800,1,25,16777215,2026-08-17 23:45:37,1786981537,0,150dcd5d,2180118166381598976,看来现阶段智驾还是不能用
BV15Xb86nEzv,117108709072765,【无广】9大辅助驾驶晚高峰实测！谁是真正的第一梯队？,凤凰车研所,2026-08-17 11:34:40,232731,1923,1,【无广实测】问/鹏/理/迪/米/蔚/尚/氪/奔 9车辅助驾驶深度体验,40983071508,34.29200,1,25,16777215,2026-08-17 23:44:54,1786981494,0,d747d681,2180117802903234816,没特斯拉？？
BV15Xb86nEzv,117108709072765,【无广】9大辅助驾驶晚高峰实测！谁是真正的第一梯队？,凤凰车研所,2026-08-17 11:34:40,232731,1923,1,【无广实测】问/鹏/理/迪/米/蔚/尚/氪/奔 9车辅助驾驶深度体验,40983071508,205.91100,1,25,16777215,2026-08-17 23:43:26,1786981406,0,f314f7b1,2180117068991440640,没人关注，因为关注的直接买华为的就不用比了
BV15Xb86nEzv,117108709072765,【无广】9大辅助驾驶晚高峰实测！谁是真正的第一梯队？,凤凰车研所,2026-08-17 11:34:40,232731,1923,1,【无广实测】问/鹏/理/迪/米/蔚/尚/氪/奔 9车辅助驾驶深度体验,40983071508,378.72000,1,25,16777215,2026-08-17 23:43:03,1786981383,0,b8d348ce,2180116876187873024,为什么没有文远知行的？
BV15Xb86nEzv,117108709072765,【无广】9大辅助驾驶晚高峰实测！谁是真正的第一梯队？,凤凰车研所,2026-08-17 11:34:40,232731,1923,1,【无广实测】问/鹏/理/迪/米/蔚/尚/氪/奔 9车辅助驾驶深度体验,40983071508,131.07700,1,25,16777215,2026-08-17 23:41:52,1786981312,0,f314f7b1,2180116279590234624,经常这样很骄傲吗？好意思吗
BV15Xb86nEzv,117108709072765,【无广】9大辅助驾驶晚高峰实测！谁是真正的第一梯队？,凤凰车研所,2026-08-17 11:34:40,232731,1923,1,【无广实测】问/鹏/理/迪/米/蔚/尚/氪/奔 9车辅助驾驶深度体验,40983071508,244.15400,1,25,16777215,2026-08-17 23:37:48,1786981068,0,683932e7,2180114233197697024,这个也算运气好吧
BV15Xb86nEzv,117108709072765,【无广】9大辅助驾驶晚高峰实测！谁是真正的第一梯队？,凤凰车研所,2026-08-17 11:34:40,232731,1923,1,【无广实测】问/鹏/理/迪/米/蔚/尚/氪/奔 9车辅助驾驶深度体验,40983071508,826.76300,1,25,16777215,2026-08-17 23:37:28,1786981048,0,f2e8c62b,2180114063714709248,？？？空中飞人你兜什么
BV15Xb86nEzv,117108709072765,【无广】9大辅助驾驶晚高峰实测！谁是真正的第一梯队？,凤凰车研所,2026-08-17 11:34:40,232731,1923,1,【无广实测】问/鹏/理/迪/米/蔚/尚/氪/奔 9车辅助驾驶深度体验,40983071508,376.92100,1,25,16777215,2026-08-17 23:34:43,1786980883,0,8b669a01,2180112676079458560,路况差距很大啊，菊花这都没多少人
BV15Xb86nEzv,117108709072765,【无广】9大辅助驾驶晚高峰实测！谁是真正的第一梯队？,凤凰车研所,2026-08-17 11:34:40,232731,1923,1,【无广实测】问/鹏/理/迪/米/蔚/尚/氪/奔 9车辅助驾驶深度体验,40983071508,1040.35300,5,25,16707842,2026-08-17 23:33:03,1786980783,0,9e3ae21a,2180111840750050816,华为的智驾确实牛逼，小问题有，但没安全问题
BV15Xb86nEzv,117108709072765,【无广】9大辅助驾驶晚高峰实测！谁是真正的第一梯队？,凤凰车研所,2026-08-17 11:34:40,232731,1923,1,【无广实测】问/鹏/理/迪/米/蔚/尚/氪/奔 9车辅助驾驶深度体验,40983071508,837.13100,1,25,16777215,2026-08-17 23:31:23,1786980683,0,8592fa01,2180110998886437120,还兜底呢，这么快的速度万一飞出去呢，命都没了
BV15Xb86nEzv,117108709072765,【无广】9大辅助驾驶晚高峰实测！谁是真正的第一梯队？,凤凰车研所,2026-08-17 11:34:40,232731,1923,1,【无广实测】问/鹏/理/迪/米/蔚/尚/氪/奔 9车辅助驾驶深度体验,40983071508,890.40800,5,25,16707842,2026-08-17 23:30:25,1786980625,0,9e3ae21a,2180110509897145344,华为这个确实没的说，断档强，智驾强还带来一个好处，就是主动安全强
BV15Xb86nEzv,117108709072765,【无广】9大辅助驾驶晚高峰实测！谁是真正的第一梯队？,凤凰车研所,2026-08-17 11:34:40,232731,1923,1,【无广实测】问/鹏/理/迪/米/蔚/尚/氪/奔 9车辅助驾驶深度体验,40983071508,827.56500,1,25,16777215,2026-08-17 23:25:42,1786980342,0,73190c94,2180108140442678016,智驾有兜底，但是你有命吗？
BV15Xb86nEzv,117108709072765,【无广】9大辅助驾驶晚高峰实测！谁是真正的第一梯队？,凤凰车研所,2026-08-17 11:34:40,232731,1923,1,【无广实测】问/鹏/理/迪/米/蔚/尚/氪/奔 9车辅助驾驶深度体验,40983071508,148.44000,1,25,16707842,2026-08-17 23:25:01,1786980301,0,4fb5410f,2180107794370761472,依旧理想，第一梯队
BV15Xb86nEzv,117108709072765,【无广】9大辅助驾驶晚高峰实测！谁是真正的第一梯队？,凤凰车研所,2026-08-17 11:34:40,232731,1923,1,【无广实测】问/鹏/理/迪/米/蔚/尚/氪/奔 9车辅助驾驶深度体验,40983071508,769.31100,1,25,16777215,2026-08-17 23:24:23,1786980263,0,1f7c730d,2180107476610258688,我只在堵车的时候启动智驾
BV15Xb86nEzv,117108709072765,【无广】9大辅助驾驶晚高峰实测！谁是真正的第一梯队？,凤凰车研所,2026-08-17 11:34:40,232731,1923,1,【无广实测】问/鹏/理/迪/米/蔚/尚/氪/奔 9车辅助驾驶深度体验,40983071508,260.11700,5,25,16707842,2026-08-17 23:19:12,1786979952,0,9e3ae21a,2180104867669086976,我是花粉，没必要黑小米，小米确实好看，但智驾这点，华为断档强
BV15Xb86nEzv,117108709072765,【无广】9大辅助驾驶晚高峰实测！谁是真正的第一梯队？,凤凰车研所,2026-08-17 11:34:40,232731,1923,1,【无广实测】问/鹏/理/迪/米/蔚/尚/氪/奔 9车辅助驾驶深度体验,40983071508,249.54600,1,25,16777215,2026-08-17 23:16:54,1786979814,0,f8fabd86,2180103712457204480,4.1.5
BV15Xb86nEzv,117108709072765,【无广】9大辅助驾驶晚高峰实测！谁是真正的第一梯队？,凤凰车研所,2026-08-17 11:34:40,232731,1923,1,【无广实测】问/鹏/理/迪/米/蔚/尚/氪/奔 9车辅助驾驶深度体验,40983071508,367.69900,1,25,16777215,2026-08-17 23:16:15,1786979775,0,1039969f,2180103387759403776,小小路战神nwm
BV15Xb86nEzv,117108709072765,【无广】9大辅助驾驶晚高峰实测！谁是真正的第一梯队？,凤凰车研所,2026-08-17 11:34:40,232731,1923,1,【无广实测】问/鹏/理/迪/米/蔚/尚/氪/奔 9车辅助驾驶深度体验,40983071508,413.38100,1,25,16777215,2026-08-17 23:13:58,1786979638,0,afab5378,2180102237580961536,不是你不看极氪9x是多大的车啊？你真人开小米SU7和极氪9x也是两个完全不同的体验。
BV15Xb86nEzv,117108709072765,【无广】9大辅助驾驶晚高峰实测！谁是真正的第一梯队？,凤凰车研所,2026-08-17 11:34:40,232731,1923,1,【无广实测】问/鹏/理/迪/米/蔚/尚/氪/奔 9车辅助驾驶深度体验,40983071508,871.65900,1,25,16777215,2026-08-17 23:12:57,1786979577,0,e56de89e,2180101723325131776,现在ads5.0了更丝滑了
BV15Xb86nEzv,117108709072765,【无广】9大辅助驾驶晚高峰实测！谁是真正的第一梯队？,凤凰车研所,2026-08-17 11:34:40,232731,1923,1,【无广实测】问/鹏/理/迪/米/蔚/尚/氪/奔 9车辅助驾驶深度体验,40983071508,885.71500,1,25,16777215,2026-08-17 23:11:43,1786979503,0,64d217ab,2180101099506649856,这里就没必要辅助驾驶了吧？
BV15Xb86nEzv,117108709072765,【无广】9大辅助驾驶晚高峰实测！谁是真正的第一梯队？,凤凰车研所,2026-08-17 11:34:40,232731,1923,1,【无广实测】问/鹏/理/迪/米/蔚/尚/氪/奔 9车辅助驾驶深度体验,40983071508,829.37500,1,25,16777215,2026-08-17 23:06:53,1786979213,0,b868b701,2180098672640585984,人都没了还兜底
BV15Xb86nEzv,117108709072765,【无广】9大辅助驾驶晚高峰实测！谁是真正的第一梯队？,凤凰车研所,2026-08-17 11:34:40,232731,1923,1,【无广实测】问/鹏/理/迪/米/蔚/尚/氪/奔 9车辅助驾驶深度体验,40983071508,409.38500,1,25,16777215,2026-08-17 23:01:45,1786978905,0,1e9a7f23,2180096084310114560,这么窄还坐马路上
BV15Xb86nEzv,117108709072765,【无广】9大辅助驾驶晚高峰实测！谁是真正的第一梯队？,凤凰车研所,2026-08-17 11:34:40,232731,1923,1,【无广实测】问/鹏/理/迪/米/蔚/尚/氪/奔 9车辅助驾驶深度体验,40983071508,197.97500,1,25,16777215,2026-08-17 23:00:09,1786978809,0,64d217ab,2180095280329364992,现在都没人关注辅助驾驶了。
BV15Xb86nEzv,117108709072765,【无广】9大辅助驾驶晚高峰实测！谁是真正的第一梯队？,凤凰车研所,2026-08-17 11:34:40,232731,1923,1,【无广实测】问/鹏/理/迪/米/蔚/尚/氪/奔 9车辅助驾驶深度体验,40983071508,160.84100,1,25,16777215,2026-08-17 22:55:49,1786978549,0,9d31d8cc,2180093099660139776,这是哪个2b设计的路
BV15Xb86nEzv,117108709072765,【无广】9大辅助驾驶晚高峰实测！谁是真正的第一梯队？,凤凰车研所,2026-08-17 11:34:40,232731,1923,1,【无广实测】问/鹏/理/迪/米/蔚/尚/氪/奔 9车辅助驾驶深度体验,40983071508,505.48000,1,25,16777215,2026-08-17 22:47:50,1786978070,0,33546d77,2180089078958163456,买极氪和小米的真有人期待或者使用智驾的么
BV15Xb86nEzv,117108709072765,【无广】9大辅助驾驶晚高峰实测！谁是真正的第一梯队？,凤凰车研所,2026-08-17 11:34:40,232731,1923,1,【无广实测】问/鹏/理/迪/米/蔚/尚/氪/奔 9车辅助驾驶深度体验,40983071508,845.92200,1,25,16777215,2026-08-17 22:36:00,1786977360,0,95c64f76,2180083128440480512,“蔚来是第一梯队”笑死
BV15Xb86nEzv,117108709072765,【无广】9大辅助驾驶晚高峰实测！谁是真正的第一梯队？,凤凰车研所,2026-08-17 11:34:40,232731,1923,1,【无广实测】问/鹏/理/迪/米/蔚/尚/氪/奔 9车辅助驾驶深度体验,40983071508,902.71200,1,25,16777215,2026-08-17 22:34:24,1786977264,0,73699413,2180082317967060224,高算力的优势
BV15Xb86nEzv,117108709072765,【无广】9大辅助驾驶晚高峰实测！谁是真正的第一梯队？,凤凰车研所,2026-08-17 11:34:40,232731,1923,1,【无广实测】问/鹏/理/迪/米/蔚/尚/氪/奔 9车辅助驾驶深度体验,40983071508,261.38400,1,25,16777215,2026-08-17 22:12:53,1786975973,0,12a567f6,2180071490455122688,很小鹏了
BV15Xb86nEzv,117108709072765,【无广】9大辅助驾驶晚高峰实测！谁是真正的第一梯队？,凤凰车研所,2026-08-17 11:34:40,232731,1923,1,【无广实测】问/鹏/理/迪/米/蔚/尚/氪/奔 9车辅助驾驶深度体验,40983071508,138.08600,1,25,16777215,2026-08-17 22:09:57,1786975797,0,12a567f6,2180070013414240768,小米插到极氪前（幻）
BV15Xb86nEzv,117108709072765,【无广】9大辅助驾驶晚高峰实测！谁是真正的第一梯队？,凤凰车研所,2026-08-17 11:34:40,232731,1923,1,【无广实测】问/鹏/理/迪/米/蔚/尚/氪/奔 9车辅助驾驶深度体验,40983071508,60.42900,1,25,16777215,2026-08-17 22:07:54,1786975674,0,12a567f6,2180068977891130368,米猴自己给小米封了第一梯队？
BV15Xb86nEzv,117108709072765,【无广】9大辅助驾驶晚高峰实测！谁是真正的第一梯队？,凤凰车研所,2026-08-17 11:34:40,232731,1923,1,【无广实测】问/鹏/理/迪/米/蔚/尚/氪/奔 9车辅助驾驶深度体验,40983071508,511.87900,1,25,16777215,2026-08-17 21:59:19,1786975159,0,691640e7,2180064657665362432,所以汉L什么时候4/1了？
BV15Xb86nEzv,117108709072765,【无广】9大辅助驾驶晚高峰实测！谁是真正的第一梯队？,凤凰车研所,2026-08-17 11:34:40,232731,1923,1,【无广实测】问/鹏/理/迪/米/蔚/尚/氪/奔 9车辅助驾驶深度体验,40983071508,443.21700,1,25,16777215,2026-08-17 21:57:59,1786975079,0,691640e7,2180063987574878976,这里3/1，为啥识别了后面还能记个4/1
BV15Xb86nEzv,117108709072765,【无广】9大辅助驾驶晚高峰实测！谁是真正的第一梯队？,凤凰车研所,2026-08-17 11:34:40,232731,1923,1,【无广实测】问/鹏/理/迪/米/蔚/尚/氪/奔 9车辅助驾驶深度体验,40983071508,402.33800,1,25,16777215,2026-08-17 21:51:38,1786974698,0,cbe6291a,2180060797614003200,洋人之下小鹏第一
BV15Xb86nEzv,117108709072765,【无广】9大辅助驾驶晚高峰实测！谁是真正的第一梯队？,凤凰车研所,2026-08-17 11:34:40,232731,1923,1,【无广实测】问/鹏/理/迪/米/蔚/尚/氪/奔 9车辅助驾驶深度体验,40983071508,90.73300,1,25,16777215,2026-08-17 21:50:38,1786974638,0,691640e7,2180060287628119040,所以说世界是个大的草台班子
BV15Xb86nEzv,117108709072765,【无广】9大辅助驾驶晚高峰实测！谁是真正的第一梯队？,凤凰车研所,2026-08-17 11:34:40,232731,1923,1,【无广实测】问/鹏/理/迪/米/蔚/尚/氪/奔 9车辅助驾驶深度体验,40983071508,823.47700,1,25,16777215,2026-08-17 21:46:59,1786974419,0,ae296e0c,2180058454810098944,别怕，有兜底
BV15Xb86nEzv,117108709072765,【无广】9大辅助驾驶晚高峰实测！谁是真正的第一梯队？,凤凰车研所,2026-08-17 11:34:40,232731,1923,1,【无广实测】问/鹏/理/迪/米/蔚/尚/氪/奔 9车辅助驾驶深度体验,40983071508,68.87800,1,25,16777215,2026-08-17 21:46:18,1786974378,0,cbe6291a,2180058113955639040,小米凭啥第一梯队？
BV15Xb86nEzv,117108709072765,【无广】9大辅助驾驶晚高峰实测！谁是真正的第一梯队？,凤凰车研所,2026-08-17 11:34:40,232731,1923,1,【无广实测】问/鹏/理/迪/米/蔚/尚/氪/奔 9车辅助驾驶深度体验,40983071508,62.26200,1,25,16777215,2026-08-17 21:42:24,1786974144,0,a937bcda,2180056146038168064,小米智驾啥时候到第一梯队了？
BV15Xb86nEzv,117108709072765,【无广】9大辅助驾驶晚高峰实测！谁是真正的第一梯队？,凤凰车研所,2026-08-17 11:34:40,232731,1923,1,【无广实测】问/鹏/理/迪/米/蔚/尚/氪/奔 9车辅助驾驶深度体验,40983071508,63.64900,1,25,16777215,2026-08-17 21:27:42,1786973262,0,80f340d3,2180048750674757376,小米啥时候是第一梯队的了？
BV15Xb86nEzv,117108709072765,【无广】9大辅助驾驶晚高峰实测！谁是真正的第一梯队？,凤凰车研所,2026-08-17 11:34:40,232731,1923,1,【无广实测】问/鹏/理/迪/米/蔚/尚/氪/奔 9车辅助驾驶深度体验,40983071508,567.44400,5,25,16777215,2026-08-17 21:25:12,1786973112,0,e43a41ff,2180047493180741888,中原路京广路口好吧
BV15Xb86nEzv,117108709072765,【无广】9大辅助驾驶晚高峰实测！谁是真正的第一梯队？,凤凰车研所,2026-08-17 11:34:40,232731,1923,1,【无广实测】问/鹏/理/迪/米/蔚/尚/氪/奔 9车辅助驾驶深度体验,40983071508,456.13200,5,25,16777215,2026-08-17 21:23:04,1786972984,0,e43a41ff,2180046412535172608,这是解放路好吧
BV15Xb86nEzv,117108709072765,【无广】9大辅助驾驶晚高峰实测！谁是真正的第一梯队？,凤凰车研所,2026-08-17 11:34:40,232731,1923,1,【无广实测】问/鹏/理/迪/米/蔚/尚/氪/奔 9车辅助驾驶深度体验,40983071508,501.40700,1,25,16777215,2026-08-17 21:17:40,1786972660,0,ae296e0c,2180043699131120896,没绷住，第一梯队如此稳定
BV15Xb86nEzv,117108709072765,【无广】9大辅助驾驶晚高峰实测！谁是真正的第一梯队？,凤凰车研所,2026-08-17 11:34:40,232731,1923,1,【无广实测】问/鹏/理/迪/米/蔚/尚/氪/奔 9车辅助驾驶深度体验,40983071508,191.93800,1,25,16777215,2026-08-17 21:12:10,1786972330,0,ae296e0c,2180040931133807360,哈哈哈
BV15Xb86nEzv,117108709072765,【无广】9大辅助驾驶晚高峰实测！谁是真正的第一梯队？,凤凰车研所,2026-08-17 11:34:40,232731,1923,1,【无广实测】问/鹏/理/迪/米/蔚/尚/氪/奔 9车辅助驾驶深度体验,40983071508,248.91500,1,25,16777215,2026-08-17 21:08:08,1786972088,0,79e04121,2180038904554694144,4.1.5
BV15Xb86nEzv,117108709072765,【无广】9大辅助驾驶晚高峰实测！谁是真正的第一梯队？,凤凰车研所,2026-08-17 11:34:40,232731,1923,1,【无广实测】问/鹏/理/迪/米/蔚/尚/氪/奔 9车辅助驾驶深度体验,40983071508,549.71300,1,25,16777215,2026-08-17 21:02:06,1786971726,0,8fc3b667,2180035866989823232,这里离这么远，需要接管吗？莫名其妙
BV15Xb86nEzv,117108709072765,【无广】9大辅助驾驶晚高峰实测！谁是真正的第一梯队？,凤凰车研所,2026-08-17 11:34:40,232731,1923,1,【无广实测】问/鹏/理/迪/米/蔚/尚/氪/奔 9车辅助驾驶深度体验,40983071508,795.99800,1,25,16777215,2026-08-17 20:58:37,1786971517,0,5752ebdb,2180034107462572800,蔚来现在是第一梯队
BV15Xb86nEzv,117108709072765,【无广】9大辅助驾驶晚高峰实测！谁是真正的第一梯队？,凤凰车研所,2026-08-17 11:34:40,232731,1923,1,【无广实测】问/鹏/理/迪/米/蔚/尚/氪/奔 9车辅助驾驶深度体验,40983071508,1077.57900,1,25,16777215,2026-08-17 20:52:04,1786971124,0,b5226c8b,2180030816971786240,tesla晚上用不了fsd
BV15Xb86nEzv,117108709072765,【无广】9大辅助驾驶晚高峰实测！谁是真正的第一梯队？,凤凰车研所,2026-08-17 11:34:40,232731,1923,1,【无广实测】问/鹏/理/迪/米/蔚/尚/氪/奔 9车辅助驾驶深度体验,40983071508,200.96000,1,25,16777215,2026-08-17 20:48:12,1786970892,0,7d18f5eb,2180028867048926720,小米：我就让你花点钱你接管什么？
BV15Xb86nEzv,117108709072765,【无广】9大辅助驾驶晚高峰实测！谁是真正的第一梯队？,凤凰车研所,2026-08-17 11:34:40,232731,1923,1,【无广实测】问/鹏/理/迪/米/蔚/尚/氪/奔 9车辅助驾驶深度体验,40983071508,559.74200,1,25,16777215,2026-08-17 20:38:49,1786970329,0,9c33a1e8,2180024148079316224,加塞的为什么要退让
BV15Xb86nEzv,117108709072765,【无广】9大辅助驾驶晚高峰实测！谁是真正的第一梯队？,凤凰车研所,2026-08-17 11:34:40,232731,1923,1,【无广实测】问/鹏/理/迪/米/蔚/尚/氪/奔 9车辅助驾驶深度体验,40983071508,199.35600,1,25,16777215,2026-08-17 20:33:06,1786969986,0,b5226c8b,2180021265342315264,大胆！
BV15Xb86nEzv,117108709072765,【无广】9大辅助驾驶晚高峰实测！谁是真正的第一梯队？,凤凰车研所,2026-08-17 11:34:40,232731,1923,1,【无广实测】问/鹏/理/迪/米/蔚/尚/氪/奔 9车辅助驾驶深度体验,40983071508,1076.14300,1,25,16777215,2026-08-17 20:22:49,1786969369,0,f7f1dbc4,2180016092247563264,tesla呢?
BV15Xb86nEzv,117108709072765,【无广】9大辅助驾驶晚高峰实测！谁是真正的第一梯队？,凤凰车研所,2026-08-17 11:34:40,232731,1923,1,【无广实测】问/鹏/理/迪/米/蔚/尚/氪/奔 9车辅助驾驶深度体验,40983071508,672.55900,1,25,16777215,2026-08-17 20:22:15,1786969335,0,6ed0cb6c,2180015810423163904,看到橙色了
BV15Xb86nEzv,117108709072765,【无广】9大辅助驾驶晚高峰实测！谁是真正的第一梯队？,凤凰车研所,2026-08-17 11:34:40,232731,1923,1,【无广实测】问/鹏/理/迪/米/蔚/尚/氪/奔 9车辅助驾驶深度体验,40983071508,197.91900,1,25,16777215,2026-08-17 20:15:27,1786968927,0,e09cbff2,2180012387854756608,估计和鱼总差不多
BV15Xb86nEzv,117108709072765,【无广】9大辅助驾驶晚高峰实测！谁是真正的第一梯队？,凤凰车研所,2026-08-17 11:34:40,232731,1923,1,【无广实测】问/鹏/理/迪/米/蔚/尚/氪/奔 9车辅助驾驶深度体验,40983071508,824.78700,1,25,16777215,2026-08-17 20:03:09,1786968189,0,f667c35f,2180006194151130112,这里看起来70能过
BV15Xb86nEzv,117108709072765,【无广】9大辅助驾驶晚高峰实测！谁是真正的第一梯队？,凤凰车研所,2026-08-17 11:34:40,232731,1923,1,【无广实测】问/鹏/理/迪/米/蔚/尚/氪/奔 9车辅助驾驶深度体验,40983071508,268.70500,1,25,16777215,2026-08-17 19:59:37,1786967977,0,5a1330b1,2180004414516080384,纯视觉牛皮
BV15Xb86nEzv,117108709072765,【无广】9大辅助驾驶晚高峰实测！谁是真正的第一梯队？,凤凰车研所,2026-08-17 11:34:40,232731,1923,1,【无广实测】问/鹏/理/迪/米/蔚/尚/氪/奔 9车辅助驾驶深度体验,40983071508,385.82600,1,25,16777215,2026-08-17 19:58:37,1786967917,0,c4471d0d,2180003915335154688,广州城中村训练出来的
BV15Xb86nEzv,117108709072765,【无广】9大辅助驾驶晚高峰实测！谁是真正的第一梯队？,凤凰车研所,2026-08-17 11:34:40,232731,1923,1,【无广实测】问/鹏/理/迪/米/蔚/尚/氪/奔 9车辅助驾驶深度体验,40983071508,353.98900,1,25,16777215,2026-08-17 19:56:37,1786967797,0,56832f44,2180002901379184896,买小米就别追求智驾了。
BV15Xb86nEzv,117108709072765,【无广】9大辅助驾驶晚高峰实测！谁是真正的第一梯队？,凤凰车研所,2026-08-17 11:34:40,232731,1923,1,【无广实测】问/鹏/理/迪/米/蔚/尚/氪/奔 9车辅助驾驶深度体验,40983071508,265.56900,1,25,16777215,2026-08-17 19:54:57,1786967697,0,56832f44,2180002064690916864,自从走过三次郑医附近。我都尽量避开这块。压力太大
BV15Xb86nEzv,117108709072765,【无广】9大辅助驾驶晚高峰实测！谁是真正的第一梯队？,凤凰车研所,2026-08-17 11:34:40,232731,1923,1,【无广实测】问/鹏/理/迪/米/蔚/尚/氪/奔 9车辅助驾驶深度体验,40983071508,242.94400,1,25,16777215,2026-08-17 19:53:41,1786967621,0,56832f44,2180001429035883520,尚界这个是5.0吗？这么强？
BV15Xb86nEzv,117108709072765,【无广】9大辅助驾驶晚高峰实测！谁是真正的第一梯队？,凤凰车研所,2026-08-17 11:34:40,232731,1923,1,【无广实测】问/鹏/理/迪/米/蔚/尚/氪/奔 9车辅助驾驶深度体验,40983071508,45.71900,1,25,16777215,2026-08-17 19:50:11,1786967411,0,56832f44,2179999665146479104,尚界Z7这个颜色好看
BV15Xb86nEzv,117108709072765,【无广】9大辅助驾驶晚高峰实测！谁是真正的第一梯队？,凤凰车研所,2026-08-17 11:34:40,232731,1923,1,【无广实测】问/鹏/理/迪/米/蔚/尚/氪/奔 9车辅助驾驶深度体验,40983071508,236.92500,1,25,16777215,2026-08-17 19:33:52,1786966432,0,8b3749a,2179991455391924736,卧槽 这惊险
BV15Xb86nEzv,117108709072765,【无广】9大辅助驾驶晚高峰实测！谁是真正的第一梯队？,凤凰车研所,2026-08-17 11:34:40,232731,1923,1,【无广实测】问/鹏/理/迪/米/蔚/尚/氪/奔 9车辅助驾驶深度体验,40983071508,371.38400,1,25,16777215,2026-08-17 19:22:00,1786965720,0,5752ebdb,2179985484943191040,蔚来现在是妥妥的第一梯队
BV15Xb86nEzv,117108709072765,【无广】9大辅助驾驶晚高峰实测！谁是真正的第一梯队？,凤凰车研所,2026-08-17 11:34:40,232731,1923,1,【无广实测】问/鹏/理/迪/米/蔚/尚/氪/奔 9车辅助驾驶深度体验,40983071508,871.46000,1,25,16777215,2026-08-17 19:11:43,1786965103,0,236f115a,2179980303861475072,遥遥领先
BV15Xb86nEzv,117108709072765,【无广】9大辅助驾驶晚高峰实测！谁是真正的第一梯队？,凤凰车研所,2026-08-17 11:34:40,232731,1923,1,【无广实测】问/鹏/理/迪/米/蔚/尚/氪/奔 9车辅助驾驶深度体验,40983071508,204.52600,1,25,16777215,2026-08-17 19:10:01,1786965001,0,7256d2d0,2179979453667882496,小米v5
BV15Xb86nEzv,117108709072765,【无广】9大辅助驾驶晚高峰实测！谁是真正的第一梯队？,凤凰车研所,2026-08-17 11:34:40,232731,1923,1,【无广实测】问/鹏/理/迪/米/蔚/尚/氪/奔 9车辅助驾驶深度体验,40983071508,253.75800,1,25,16777215,2026-08-17 19:01:12,1786964472,0,a6eb6165,2179975012445395200,尚界 z7下个月销量还有没有8000都不好说，是该来点商单了
BV15Xb86nEzv,117108709072765,【无广】9大辅助驾驶晚高峰实测！谁是真正的第一梯队？,凤凰车研所,2026-08-17 11:34:40,232731,1923,1,【无广实测】问/鹏/理/迪/米/蔚/尚/氪/奔 9车辅助驾驶深度体验,40983071508,144.06200,1,25,16777215,2026-08-17 18:58:43,1786964323,0,b0c524e1,2179973763347779584,蔚来智驾进步这么大吗
BV15Xb86nEzv,117108709072765,【无广】9大辅助驾驶晚高峰实测！谁是真正的第一梯队？,凤凰车研所,2026-08-17 11:34:40,232731,1923,1,【无广实测】问/鹏/理/迪/米/蔚/尚/氪/奔 9车辅助驾驶深度体验,40983071508,121.50300,1,25,16777215,2026-08-17 18:58:11,1786964291,0,b0c524e1,2179973498435488512,我去
BV15Xb86nEzv,117108709072765,【无广】9大辅助驾驶晚高峰实测！谁是真正的第一梯队？,凤凰车研所,2026-08-17 11:34:40,232731,1923,1,【无广实测】问/鹏/理/迪/米/蔚/尚/氪/奔 9车辅助驾驶深度体验,40983071508,574.72600,1,25,16777215,2026-08-17 18:48:57,1786963737,0,16f17ac,2179968845517977856,到医学院了啊
BV15Xb86nEzv,117108709072765,【无广】9大辅助驾驶晚高峰实测！谁是真正的第一梯队？,凤凰车研所,2026-08-17 11:34:40,232731,1923,1,【无广实测】问/鹏/理/迪/米/蔚/尚/氪/奔 9车辅助驾驶深度体验,40983071508,77.28900,1,25,16777215,2026-08-17 18:40:57,1786963257,0,8e41c591,2179964819632506112,特斯拉呢
BV15Xb86nEzv,117108709072765,【无广】9大辅助驾驶晚高峰实测！谁是真正的第一梯队？,凤凰车研所,2026-08-17 11:34:40,232731,1923,1,【无广实测】问/鹏/理/迪/米/蔚/尚/氪/奔 9车辅助驾驶深度体验,40983071508,29.16100,1,25,16777215,2026-08-17 18:40:06,1786963206,0,8e41c591,2179964396485784320,关注关注
BV15Xb86nEzv,117108709072765,【无广】9大辅助驾驶晚高峰实测！谁是真正的第一梯队？,凤凰车研所,2026-08-17 11:34:40,232731,1923,1,【无广实测】问/鹏/理/迪/米/蔚/尚/氪/奔 9车辅助驾驶深度体验,40983071508,497.70200,1,25,16777215,2026-08-17 18:37:03,1786963023,0,3c557434,2179962858652285440,666
BV15Xb86nEzv,117108709072765,【无广】9大辅助驾驶晚高峰实测！谁是真正的第一梯队？,凤凰车研所,2026-08-17 11:34:40,232731,1923,1,【无广实测】问/鹏/理/迪/米/蔚/尚/氪/奔 9车辅助驾驶深度体验,40983071508,229.79300,1,25,16777215,2026-08-17 18:36:23,1786962983,0,13edfe39,2179962524064709120,千里冒汗了是吧
BV15Xb86nEzv,117108709072765,【无广】9大辅助驾驶晚高峰实测！谁是真正的第一梯队？,凤凰车研所,2026-08-17 11:34:40,232731,1923,1,【无广实测】问/鹏/理/迪/米/蔚/尚/氪/奔 9车辅助驾驶深度体验,40983071508,61.26500,1,25,16777215,2026-08-17 18:29:24,1786962564,0,3659c94f,2179959006033200128,小米是倒数第一梯队的
BV15Xb86nEzv,117108709072765,【无广】9大辅助驾驶晚高峰实测！谁是真正的第一梯队？,凤凰车研所,2026-08-17 11:34:40,232731,1923,1,【无广实测】问/鹏/理/迪/米/蔚/尚/氪/奔 9车辅助驾驶深度体验,40983071508,63.15600,1,25,16777215,2026-08-17 18:21:14,1786962074,0,2f8d675,2179954892780174592,小米第三都算不上吧
BV15Xb86nEzv,117108709072765,【无广】9大辅助驾驶晚高峰实测！谁是真正的第一梯队？,凤凰车研所,2026-08-17 11:34:40,232731,1923,1,【无广实测】问/鹏/理/迪/米/蔚/尚/氪/奔 9车辅助驾驶深度体验,40983071508,25.99500,1,25,16777215,2026-08-17 18:18:25,1786961905,0,2f8d675,2179953480532764928,就是为难这些车
BV15Xb86nEzv,117108709072765,【无广】9大辅助驾驶晚高峰实测！谁是真正的第一梯队？,凤凰车研所,2026-08-17 11:34:40,232731,1923,1,【无广实测】问/鹏/理/迪/米/蔚/尚/氪/奔 9车辅助驾驶深度体验,40983071508,790.59300,1,25,16777215,2026-08-17 18:10:36,1786961436,0,da9cce8e,2179949548338864640,遥遥领先
BV15Xb86nEzv,117108709072765,【无广】9大辅助驾驶晚高峰实测！谁是真正的第一梯队？,凤凰车研所,2026-08-17 11:34:40,232731,1923,1,【无广实测】问/鹏/理/迪/米/蔚/尚/氪/奔 9车辅助驾驶深度体验,40983071508,990.82700,1,25,16777215,2026-08-17 18:09:06,1786961346,0,4f2581fb,2179948787190193152,毕竟千里冒汗
BV15Xb86nEzv,117108709072765,【无广】9大辅助驾驶晚高峰实测！谁是真正的第一梯队？,凤凰车研所,2026-08-17 11:34:40,232731,1923,1,【无广实测】问/鹏/理/迪/米/蔚/尚/氪/奔 9车辅助驾驶深度体验,40983071508,239.39300,1,25,16777215,2026-08-17 18:01:13,1786960873,0,da9cce8e,2179944820662066176,yoing
BV15Xb86nEzv,117108709072765,【无广】9大辅助驾驶晚高峰实测！谁是真正的第一梯队？,凤凰车研所,2026-08-17 11:34:40,232731,1923,1,【无广实测】问/鹏/理/迪/米/蔚/尚/氪/奔 9车辅助驾驶深度体验,40983071508,169.15300,1,25,16777215,2026-08-17 17:59:57,1786960797,0,da9cce8e,2179944184235154432,遥遥领先
BV15Xb86nEzv,117108709072765,【无广】9大辅助驾驶晚高峰实测！谁是真正的第一梯队？,凤凰车研所,2026-08-17 11:34:40,232731,1923,1,【无广实测】问/鹏/理/迪/米/蔚/尚/氪/奔 9车辅助驾驶深度体验,40983071508,831.58200,1,25,16777215,2026-08-17 17:35:20,1786959320,0,ed8ebf1c,2179931796895723776,就现在这个辅助驾驶阶段，城区用什么辅助驾驶啊辅助驾驶都是高速上缓解疲劳的，城区我都自己开了。
BV15Xb86nEzv,117108709072765,【无广】9大辅助驾驶晚高峰实测！谁是真正的第一梯队？,凤凰车研所,2026-08-17 11:34:40,232731,1923,1,【无广实测】问/鹏/理/迪/米/蔚/尚/氪/奔 9车辅助驾驶深度体验,40983071508,748.66200,1,25,16777215,2026-08-17 17:33:33,1786959213,0,ed8ebf1c,2179930895606661632,蔚来的高速辅助驾驶还是很不错的，加减速也都很平稳。
BV15Xb86nEzv,117108709072765,【无广】9大辅助驾驶晚高峰实测！谁是真正的第一梯队？,凤凰车研所,2026-08-17 11:34:40,232731,1923,1,【无广实测】问/鹏/理/迪/米/蔚/尚/氪/奔 9车辅助驾驶深度体验,40983071508,21.14400,1,25,16777215,2026-08-17 17:32:41,1786959161,0,21ff62fb,2179930459659313920,点点关注啊家人们！！！
BV15Xb86nEzv,117108709072765,【无广】9大辅助驾驶晚高峰实测！谁是真正的第一梯队？,凤凰车研所,2026-08-17 11:34:40,232731,1923,1,【无广实测】问/鹏/理/迪/米/蔚/尚/氪/奔 9车辅助驾驶深度体验,40983071508,732.68200,1,25,16777215,2026-08-17 17:32:29,1786959149,0,21ff62fb,2179930358098474752,实测不易，辛苦大家点点关注！！！
BV15Xb86nEzv,117108709072765,【无广】9大辅助驾驶晚高峰实测！谁是真正的第一梯队？,凤凰车研所,2026-08-17 11:34:40,232731,1923,1,【无广实测】问/鹏/理/迪/米/蔚/尚/氪/奔 9车辅助驾驶深度体验,40983071508,669.76200,1,25,16777215,2026-08-17 17:31:59,1786959119,0,ed8ebf1c,2179930110626138112,还是蔚来过收费站过得好一点。
BV15Xb86nEzv,117108709072765,【无广】9大辅助驾驶晚高峰实测！谁是真正的第一梯队？,凤凰车研所,2026-08-17 11:34:40,232731,1923,1,【无广实测】问/鹏/理/迪/米/蔚/尚/氪/奔 9车辅助驾驶深度体验,40983071508,664.40200,1,25,16777215,2026-08-17 17:31:44,1786959104,0,ed8ebf1c,2179929979763865344,没事都能过。
BV15Xb86nEzv,117108709072765,【无广】9大辅助驾驶晚高峰实测！谁是真正的第一梯队？,凤凰车研所,2026-08-17 11:34:40,232731,1923,1,【无广实测】问/鹏/理/迪/米/蔚/尚/氪/奔 9车辅助驾驶深度体验,40983071508,607.16200,1,25,16777215,2026-08-17 17:30:34,1786959034,0,ed8ebf1c,2179929395841192960,嗯，是的，宇宙最大医院的话那就是郑大一附院了，然后门前的路就是河医立交。
BV15Xb86nEzv,117108709072765,【无广】9大辅助驾驶晚高峰实测！谁是真正的第一梯队？,凤凰车研所,2026-08-17 11:34:40,232731,1923,1,【无广实测】问/鹏/理/迪/米/蔚/尚/氪/奔 9车辅助驾驶深度体验,40983071508,596.00200,1,25,16777215,2026-08-17 17:30:06,1786959006,0,ed8ebf1c,2179929160448243456,河医立交，郑大一附院。
BV15Xb86nEzv,117108709072765,【无广】9大辅助驾驶晚高峰实测！谁是真正的第一梯队？,凤凰车研所,2026-08-17 11:34:40,232731,1923,1,【无广实测】问/鹏/理/迪/米/蔚/尚/氪/奔 9车辅助驾驶深度体验,40983071508,557.16200,1,25,16777215,2026-08-17 17:29:16,1786958956,0,ed8ebf1c,2179928737452736512,郑州四中的话是陇海路，京广路。
BV15Xb86nEzv,117108709072765,【无广】9大辅助驾驶晚高峰实测！谁是真正的第一梯队？,凤凰车研所,2026-08-17 11:34:40,232731,1923,1,【无广实测】问/鹏/理/迪/米/蔚/尚/氪/奔 9车辅助驾驶深度体验,40983071508,446.10200,1,25,16777215,2026-08-17 17:27:06,1786958826,0,ed8ebf1c,2179927653317412352,这个是金水路文化路交叉口。
BV15Xb86nEzv,117108709072765,【无广】9大辅助驾驶晚高峰实测！谁是真正的第一梯队？,凤凰车研所,2026-08-17 11:34:40,232731,1923,1,【无广实测】问/鹏/理/迪/米/蔚/尚/氪/奔 9车辅助驾驶深度体验,40983071508,256.76200,1,25,16777215,2026-08-17 17:23:25,1786958605,0,ed8ebf1c,2179925794217588992,这个完全就是我上班的路线，哇塞。
BV15Xb86nEzv,117108709072765,【无广】9大辅助驾驶晚高峰实测！谁是真正的第一梯队？,凤凰车研所,2026-08-17 11:34:40,232731,1923,1,【无广实测】问/鹏/理/迪/米/蔚/尚/氪/奔 9车辅助驾驶深度体验,40983071508,152.85700,1,25,16777215,2026-08-17 17:01:34,1786957294,0,92b5d8a5,2179914796265734400,理你干嘛  想开就开
BV15Xb86nEzv,117108709072765,【无广】9大辅助驾驶晚高峰实测！谁是真正的第一梯队？,凤凰车研所,2026-08-17 11:34:40,232731,1923,1,【无广实测】问/鹏/理/迪/米/蔚/尚/氪/奔 9车辅助驾驶深度体验,40983071508,210.85000,1,25,16777215,2026-08-17 16:56:06,1786956966,0,8464856c,2179912050171228672,比亚迪接管没统计？
BV15Xb86nEzv,117108709072765,【无广】9大辅助驾驶晚高峰实测！谁是真正的第一梯队？,凤凰车研所,2026-08-17 11:34:40,232731,1923,1,【无广实测】问/鹏/理/迪/米/蔚/尚/氪/奔 9车辅助驾驶深度体验,40983071508,58.20000,1,25,16777215,2026-08-17 16:48:52,1786956532,0,a7be6ade,2179908405538985472,小米不是第一梯队的？
BV15Xb86nEzv,117108709072765,【无广】9大辅助驾驶晚高峰实测！谁是真正的第一梯队？,凤凰车研所,2026-08-17 11:34:40,232731,1923,1,【无广实测】问/鹏/理/迪/米/蔚/尚/氪/奔 9车辅助驾驶深度体验,40983071508,77.32900,1,25,16777215,2026-08-17 16:41:20,1786956080,0,5cf11155,2179904614508730112,好！三连了
BV15Xb86nEzv,117108709072765,【无广】9大辅助驾驶晚高峰实测！谁是真正的第一梯队？,凤凰车研所,2026-08-17 11:34:40,232731,1923,1,【无广实测】问/鹏/理/迪/米/蔚/尚/氪/奔 9车辅助驾驶深度体验,40983071508,585.17400,1,25,16777215,2026-08-17 16:32:43,1786955563,0,939d7ab2,2179900275409324800,理想经典的碰到主辅路就犯病
BV15Xb86nEzv,117108709072765,【无广】9大辅助驾驶晚高峰实测！谁是真正的第一梯队？,凤凰车研所,2026-08-17 11:34:40,232731,1923,1,【无广实测】问/鹏/理/迪/米/蔚/尚/氪/奔 9车辅助驾驶深度体验,40983071508,32.76500,1,25,16777215,2026-08-17 14:40:01,1786948801,0,9c7e3d1a,2179843556792527360,乾崑智驾应该用9系的，硬件上更强
BV15Xb86nEzv,117108709072765,【无广】9大辅助驾驶晚高峰实测！谁是真正的第一梯队？,凤凰车研所,2026-08-17 11:34:40,232731,1923,1,【无广实测】问/鹏/理/迪/米/蔚/尚/氪/奔 9车辅助驾驶深度体验,40983071508,0.27100,5,25,16777215,2026-08-17 14:28:07,1786948087,0,96998705,2179837567368397056,警惕评论区菊蛆带节奏，小鹏断档第一被gogo们吹成哄懵
BV15Xb86nEzv,117108709072765,【无广】9大辅助驾驶晚高峰实测！谁是真正的第一梯队？,凤凰车研所,2026-08-17 11:34:40,232731,1923,1,【无广实测】问/鹏/理/迪/米/蔚/尚/氪/奔 9车辅助驾驶深度体验,40983071508,498.62200,1,25,16777215,2026-08-17 13:27:49,1786944469,0,2e8ee833,2179807214070747136,哈哈哈
BV15Xb86nEzv,117108709072765,【无广】9大辅助驾驶晚高峰实测！谁是真正的第一梯队？,凤凰车研所,2026-08-17 11:34:40,232731,1923,1,【无广实测】问/鹏/理/迪/米/蔚/尚/氪/奔 9车辅助驾驶深度体验,40983071508,421.64100,1,25,16777215,2026-08-17 13:26:44,1786944404,0,2e8ee833,2179806667368172544,不愧是千里冒汗
BV15Xb86nEzv,117108709072765,【无广】9大辅助驾驶晚高峰实测！谁是真正的第一梯队？,凤凰车研所,2026-08-17 11:34:40,232731,1923,1,【无广实测】问/鹏/理/迪/米/蔚/尚/氪/奔 9车辅助驾驶深度体验,40983071508,759.07200,1,25,16777215,2026-08-17 13:05:33,1786943133,0,b6a7e8fd,2179796009264787200,某想哪来的第一梯队？？就它那智驾，第三梯队
BV15Xb86nEzv,117108709072765,【无广】9大辅助驾驶晚高峰实测！谁是真正的第一梯队？,凤凰车研所,2026-08-17 11:34:40,232731,1923,1,【无广实测】问/鹏/理/迪/米/蔚/尚/氪/奔 9车辅助驾驶深度体验,40983071508,154.18200,1,25,16777215,2026-08-17 13:01:12,1786942872,0,4164538e,2179793819125093376,理想就没问题了
BV15Xb86nEzv,117108709072765,【无广】9大辅助驾驶晚高峰实测！谁是真正的第一梯队？,凤凰车研所,2026-08-17 11:34:40,232731,1923,1,【无广实测】问/鹏/理/迪/米/蔚/尚/氪/奔 9车辅助驾驶深度体验,40983071508,561.36000,1,25,16777215,2026-08-17 12:01:52,1786939312,0,4391d877,2179763954556106752,奔驰这么强吗？
BV15Xb86nEzv,117108709072765,【无广】9大辅助驾驶晚高峰实测！谁是真正的第一梯队？,凤凰车研所,2026-08-17 11:34:40,232731,1923,1,【无广实测】问/鹏/理/迪/米/蔚/尚/氪/奔 9车辅助驾驶深度体验,40983071508,94.41000,1,25,16777215,2026-08-17 11:53:58,1786938838,0,4391d877,2179759976284113664,字幕错了
BV17qji6rEgg,116775781932617,行政旗舰SUV，追求极致舒适与驾控兼顾！蔚来全新ES9深度试车,POVDrive,2026-06-19 16:23:20,71968,112,1,蔚来全新ES9深度试车体验分享,39237124836,563.89000,1,25,16777215,2026-06-19 20:28:41,1781872121,0,111fa944,2137257274740471296,不是吧，那个是智驾芯片，车机还是高通的8295P
BV17qji6rEgg,116775781932617,行政旗舰SUV，追求极致舒适与驾控兼顾！蔚来全新ES9深度试车,POVDrive,2026-06-19 16:23:20,71968,112,1,蔚来全新ES9深度试车体验分享,39237124836,810.95000,1,25,16777215,2026-09-19 01:32:26,1789752746,3,8824a8e2,2203364746949095680,5
BV17qji6rEgg,116775781932617,行政旗舰SUV，追求极致舒适与驾控兼顾！蔚来全新ES9深度试车,POVDrive,2026-06-19 16:23:20,71968,112,1,蔚来全新ES9深度试车体验分享,39237124836,1336.00000,1,25,16777215,2026-09-08 22:22:07,1788877327,3,817ca92,2196021207126539776,5
BV17qji6rEgg,116775781932617,行政旗舰SUV，追求极致舒适与驾控兼顾！蔚来全新ES9深度试车,POVDrive,2026-06-19 16:23:20,71968,112,1,蔚来全新ES9深度试车体验分享,39237124836,654.00000,1,25,16777215,2026-09-08 22:11:37,1788876697,3,817ca92,2196015918629605888,1
BV17qji6rEgg,116775781932617,行政旗舰SUV，追求极致舒适与驾控兼顾！蔚来全新ES9深度试车,POVDrive,2026-06-19 16:23:20,71968,112,1,蔚来全新ES9深度试车体验分享,39237124836,118.00000,1,25,16777215,2026-09-08 22:02:00,1788876120,3,817ca92,2196011078595866368,5
BV17qji6rEgg,116775781932617,行政旗舰SUV，追求极致舒适与驾控兼顾！蔚来全新ES9深度试车,POVDrive,2026-06-19 16:23:20,71968,112,1,蔚来全新ES9深度试车体验分享,39237124836,58.18300,1,25,16777215,2026-09-05 21:21:47,1788614507,0,c5f26f80,2193816508675796224,总是能看到这种神人，油车关心油耗就算了，都电车了还天天看电耗？更何况这车有换电，其他品牌也有快充
BV17qji6rEgg,116775781932617,行政旗舰SUV，追求极致舒适与驾控兼顾！蔚来全新ES9深度试车,POVDrive,2026-06-19 16:23:20,71968,112,1,蔚来全新ES9深度试车体验分享,39237124836,118.43700,1,25,16777215,2026-09-05 20:56:55,1788613015,3,e2500e4f,2193803995490259968,5
BV17qji6rEgg,116775781932617,行政旗舰SUV，追求极致舒适与驾控兼顾！蔚来全新ES9深度试车,POVDrive,2026-06-19 16:23:20,71968,112,1,蔚来全新ES9深度试车体验分享,39237124836,1331.78900,1,25,16777215,2026-08-29 22:17:07,1788013027,3,bc5e63cd,2188770931403846656,5
BV17qji6rEgg,116775781932617,行政旗舰SUV，追求极致舒适与驾控兼顾！蔚来全新ES9深度试车,POVDrive,2026-06-19 16:23:20,71968,112,1,蔚来全新ES9深度试车体验分享,39237124836,120.03500,1,25,16777215,2026-08-05 14:18:29,1785910709,3,2eac645a,2171135408568628992,5
BV17qji6rEgg,116775781932617,行政旗舰SUV，追求极致舒适与驾控兼顾！蔚来全新ES9深度试车,POVDrive,2026-06-19 16:23:20,71968,112,1,蔚来全新ES9深度试车体验分享,39237124836,477.51600,1,25,16777215,2026-08-05 09:52:59,1785894779,0,a20d7879,2171001780560522240,这弹幕的眼睛不要可以捐了，你看不到第二排有多大了吗？
BV17qji6rEgg,116775781932617,行政旗舰SUV，追求极致舒适与驾控兼顾！蔚来全新ES9深度试车,POVDrive,2026-06-19 16:23:20,71968,112,1,蔚来全新ES9深度试车体验分享,39237124836,1063.23800,1,25,16777215,2026-08-04 03:32:53,1785785573,0,ae365f3f,2170085687725642752,仰望呗
BV17qji6rEgg,116775781932617,行政旗舰SUV，追求极致舒适与驾控兼顾！蔚来全新ES9深度试车,POVDrive,2026-06-19 16:23:20,71968,112,1,蔚来全新ES9深度试车体验分享,39237124836,652.35600,1,25,16777215,2026-07-31 16:55:19,1785488119,3,66a08dac,2167590463216047104,5
BV17qji6rEgg,116775781932617,行政旗舰SUV，追求极致舒适与驾控兼顾！蔚来全新ES9深度试车,POVDrive,2026-06-19 16:23:20,71968,112,1,蔚来全新ES9深度试车体验分享,39237124836,119.16800,1,25,16777215,2026-07-31 00:03:19,1785427399,3,719698ff,2167081112063514368,5
BV17qji6rEgg,116775781932617,行政旗舰SUV，追求极致舒适与驾控兼顾！蔚来全新ES9深度试车,POVDrive,2026-06-19 16:23:20,71968,112,1,蔚来全新ES9深度试车体验分享,39237124836,715.48300,1,25,16777215,2026-07-19 22:02:26,1784469746,0,1cd0ade4,2159047731497716736,我靠
BV17qji6rEgg,116775781932617,行政旗舰SUV，追求极致舒适与驾控兼顾！蔚来全新ES9深度试车,POVDrive,2026-06-19 16:23:20,71968,112,1,蔚来全新ES9深度试车体验分享,39237124836,465.58500,1,25,16777215,2026-07-19 11:39:57,1784432397,0,25bca9da,2158734431971202048,左边还能坐人吗
BV17qji6rEgg,116775781932617,行政旗舰SUV，追求极致舒适与驾控兼顾！蔚来全新ES9深度试车,POVDrive,2026-06-19 16:23:20,71968,112,1,蔚来全新ES9深度试车体验分享,39237124836,809.70600,1,25,16777215,2026-07-18 23:13:45,1784387625,3,2ffdd45e,2158358850645148928,5
BV17qji6rEgg,116775781932617,行政旗舰SUV，追求极致舒适与驾控兼顾！蔚来全新ES9深度试车,POVDrive,2026-06-19 16:23:20,71968,112,1,蔚来全新ES9深度试车体验分享,39237124836,119.00000,1,25,16777215,2026-07-18 20:58:13,1784379493,3,8cdd746,2158290639576856064,5
BV17qji6rEgg,116775781932617,行政旗舰SUV，追求极致舒适与驾控兼顾！蔚来全新ES9深度试车,POVDrive,2026-06-19 16:23:20,71968,112,1,蔚来全新ES9深度试车体验分享,39237124836,155.64500,1,25,16777215,2026-07-15 22:29:59,1784125799,0,92d4e9c2,2156162499891412736,我被蔚来压过你压过吗
BV17qji6rEgg,116775781932617,行政旗舰SUV，追求极致舒适与驾控兼顾！蔚来全新ES9深度试车,POVDrive,2026-06-19 16:23:20,71968,112,1,蔚来全新ES9深度试车体验分享,39237124836,119.77200,1,25,16777215,2026-07-14 11:41:16,1784000476,3,5edf9746,2155111213011635712,5
BV17qji6rEgg,116775781932617,行政旗舰SUV，追求极致舒适与驾控兼顾！蔚来全新ES9深度试车,POVDrive,2026-06-19 16:23:20,71968,112,1,蔚来全新ES9深度试车体验分享,39237124836,602.83500,1,25,16777215,2026-07-14 08:01:07,1783987267,0,3af6ff9e,2155000407452431360,余姚
BV17qji6rEgg,116775781932617,行政旗舰SUV，追求极致舒适与驾控兼顾！蔚来全新ES9深度试车,POVDrive,2026-06-19 16:23:20,71968,112,1,蔚来全新ES9深度试车体验分享,39237124836,366.46900,1,25,16777215,2026-07-13 21:42:51,1783950171,0,1fe6d11b,2154689222945467648,5090台式机狂喜
BV17qji6rEgg,116775781932617,行政旗舰SUV，追求极致舒适与驾控兼顾！蔚来全新ES9深度试车,POVDrive,2026-06-19 16:23:20,71968,112,1,蔚来全新ES9深度试车体验分享,39237124836,811.00000,1,25,16777215,2026-07-12 20:24:42,1783859082,3,21b7f055,2153925111269605888,5
BV17qji6rEgg,116775781932617,行政旗舰SUV，追求极致舒适与驾控兼顾！蔚来全新ES9深度试车,POVDrive,2026-06-19 16:23:20,71968,112,1,蔚来全新ES9深度试车体验分享,39237124836,946.31600,1,25,16777215,2026-07-11 20:33:38,1783773218,0,36a6fb38,2153204830398308608,什么概念，一堆带后轮转向的车型早就5米以内了
BV17qji6rEgg,116775781932617,行政旗舰SUV，追求极致舒适与驾控兼顾！蔚来全新ES9深度试车,POVDrive,2026-06-19 16:23:20,71968,112,1,蔚来全新ES9深度试车体验分享,39237124836,568.88300,1,25,16777215,2026-07-11 20:26:21,1783772781,0,36a6fb38,2153201166195704320,为了好看，牺牲一点安全性也没啥
BV17qji6rEgg,116775781932617,行政旗舰SUV，追求极致舒适与驾控兼顾！蔚来全新ES9深度试车,POVDrive,2026-06-19 16:23:20,71968,112,1,蔚来全新ES9深度试车体验分享,39237124836,810.00000,1,25,16777215,2026-07-11 13:09:45,1783746585,3,c7c7431d,2152981416491668480,5
BV17qji6rEgg,116775781932617,行政旗舰SUV，追求极致舒适与驾控兼顾！蔚来全新ES9深度试车,POVDrive,2026-06-19 16:23:20,71968,112,1,蔚来全新ES9深度试车体验分享,39237124836,118.00000,1,25,16777215,2026-07-11 13:05:54,1783746354,3,c7c7431d,2152979481684627712,5
BV17qji6rEgg,116775781932617,行政旗舰SUV，追求极致舒适与驾控兼顾！蔚来全新ES9深度试车,POVDrive,2026-06-19 16:23:20,71968,112,1,蔚来全新ES9深度试车体验分享,39237124836,73.08300,1,25,16777215,2026-07-08 09:19:39,1783473579,0,55267dbb,2150691282593694976,又要车大又要省电，你是不是还要免费？脑子有问题
BV17qji6rEgg,116775781932617,行政旗舰SUV，追求极致舒适与驾控兼顾！蔚来全新ES9深度试车,POVDrive,2026-06-19 16:23:20,71968,112,1,蔚来全新ES9深度试车体验分享,39237124836,652.80400,1,25,16777215,2026-06-29 23:34:39,1782747279,3,8abb4ae2,2144598631863770880,1
BV17qji6rEgg,116775781932617,行政旗舰SUV，追求极致舒适与驾控兼顾！蔚来全新ES9深度试车,POVDrive,2026-06-19 16:23:20,71968,112,1,蔚来全新ES9深度试车体验分享,39237124836,116.53300,1,25,16777215,2026-06-27 00:25:53,1782491153,3,2bc2beac,2142450089372034304,4
BV17qji6rEgg,116775781932617,行政旗舰SUV，追求极致舒适与驾控兼顾！蔚来全新ES9深度试车,POVDrive,2026-06-19 16:23:20,71968,112,1,蔚来全新ES9深度试车体验分享,39237124836,810.96600,1,25,16777215,2026-06-26 18:13:58,1782468838,3,4a6c34ff,2142262902584221952,5
BV17qji6rEgg,116775781932617,行政旗舰SUV，追求极致舒适与驾控兼顾！蔚来全新ES9深度试车,POVDrive,2026-06-19 16:23:20,71968,112,1,蔚来全新ES9深度试车体验分享,39237124836,119.58800,1,25,16777215,2026-06-26 18:02:27,1782468147,3,4a6c34ff,2142257102910208256,4
BV17qji6rEgg,116775781932617,行政旗舰SUV，追求极致舒适与驾控兼顾！蔚来全新ES9深度试车,POVDrive,2026-06-19 16:23:20,71968,112,1,蔚来全新ES9深度试车体验分享,39237124836,1332.94300,1,25,16777215,2026-06-26 13:42:34,1782452554,3,b070f351,2142126302113861376,5
BV17qji6rEgg,116775781932617,行政旗舰SUV，追求极致舒适与驾控兼顾！蔚来全新ES9深度试车,POVDrive,2026-06-19 16:23:20,71968,112,1,蔚来全新ES9深度试车体验分享,39237124836,810.76700,1,25,16777215,2026-06-26 13:37:35,1782452255,3,b070f351,2142123795220332544,5
BV17qji6rEgg,116775781932617,行政旗舰SUV，追求极致舒适与驾控兼顾！蔚来全新ES9深度试车,POVDrive,2026-06-19 16:23:20,71968,112,1,蔚来全新ES9深度试车体验分享,39237124836,119.35400,1,25,16777215,2026-06-26 12:13:32,1782447212,3,64a1bae3,2142081485983890176,5
BV17qji6rEgg,116775781932617,行政旗舰SUV，追求极致舒适与驾控兼顾！蔚来全新ES9深度试车,POVDrive,2026-06-19 16:23:20,71968,112,1,蔚来全新ES9深度试车体验分享,39237124836,120.00000,1,25,16777215,2026-06-25 21:41:38,1782394898,3,39bc434b,2141642644336924160,5
BV17qji6rEgg,116775781932617,行政旗舰SUV，追求极致舒适与驾控兼顾！蔚来全新ES9深度试车,POVDrive,2026-06-19 16:23:20,71968,112,1,蔚来全新ES9深度试车体验分享,39237124836,120.00000,1,25,16777215,2026-06-24 23:03:35,1782313415,3,c2c88e91,2140959118142381056,5
BV17qji6rEgg,116775781932617,行政旗舰SUV，追求极致舒适与驾控兼顾！蔚来全新ES9深度试车,POVDrive,2026-06-19 16:23:20,71968,112,1,蔚来全新ES9深度试车体验分享,39237124836,119.19200,1,25,16777215,2026-06-24 14:29:45,1782282585,3,5b64878a,2140700499161544704,5
BV17qji6rEgg,116775781932617,行政旗舰SUV，追求极致舒适与驾控兼顾！蔚来全新ES9深度试车,POVDrive,2026-06-19 16:23:20,71968,112,1,蔚来全新ES9深度试车体验分享,39237124836,300.64900,1,25,16777215,2026-06-24 07:13:27,1782256407,0,307d3d35,2140480898960538624,就这样啊？？
BV17qji6rEgg,116775781932617,行政旗舰SUV，追求极致舒适与驾控兼顾！蔚来全新ES9深度试车,POVDrive,2026-06-19 16:23:20,71968,112,1,蔚来全新ES9深度试车体验分享,39237124836,118.76300,1,25,16777215,2026-06-23 07:10:28,1782169828,3,f6924c64,2139754621013816064,5
BV17qji6rEgg,116775781932617,行政旗舰SUV，追求极致舒适与驾控兼顾！蔚来全新ES9深度试车,POVDrive,2026-06-19 16:23:20,71968,112,1,蔚来全新ES9深度试车体验分享,39237124836,810.00000,1,25,16777215,2026-06-23 00:40:08,1782146408,3,7023c46a,2139558161751983360,5
BV17qji6rEgg,116775781932617,行政旗舰SUV，追求极致舒适与驾控兼顾！蔚来全新ES9深度试车,POVDrive,2026-06-19 16:23:20,71968,112,1,蔚来全新ES9深度试车体验分享,39237124836,993.74500,1,25,16777215,2026-06-22 22:14:50,1782137690,0,fb282346,2139485028089118464,这不 余姚吗
BV17qji6rEgg,116775781932617,行政旗舰SUV，追求极致舒适与驾控兼顾！蔚来全新ES9深度试车,POVDrive,2026-06-19 16:23:20,71968,112,1,蔚来全新ES9深度试车体验分享,39237124836,27.03000,1,25,16777215,2026-06-22 16:03:16,1782115396,0,9785454f,2139298018049374720,几个版本都开过了，说舒适吧底盘太散，说操控吧这大平层有操控吗
BV17qji6rEgg,116775781932617,行政旗舰SUV，追求极致舒适与驾控兼顾！蔚来全新ES9深度试车,POVDrive,2026-06-19 16:23:20,71968,112,1,蔚来全新ES9深度试车体验分享,39237124836,742.44600,1,25,16777215,2026-06-22 13:14:49,1782105289,0,6f9b2c32,2139213232752777728,一个音响就牛逼了吗
BV17qji6rEgg,116775781932617,行政旗舰SUV，追求极致舒适与驾控兼顾！蔚来全新ES9深度试车,POVDrive,2026-06-19 16:23:20,71968,112,1,蔚来全新ES9深度试车体验分享,39237124836,96.11600,1,25,16777215,2026-06-22 11:01:49,1782097309,0,b70f11c1,2139146288103608320,前悬能长点就协调很多了
BV17qji6rEgg,116775781932617,行政旗舰SUV，追求极致舒适与驾控兼顾！蔚来全新ES9深度试车,POVDrive,2026-06-19 16:23:20,71968,112,1,蔚来全新ES9深度试车体验分享,39237124836,116.53300,1,25,16777215,2026-06-22 10:43:52,1782096232,3,3eccb0ec,2139137254613109248,4
BV17qji6rEgg,116775781932617,行政旗舰SUV，追求极致舒适与驾控兼顾！蔚来全新ES9深度试车,POVDrive,2026-06-19 16:23:20,71968,112,1,蔚来全新ES9深度试车体验分享,39237124836,121.00000,1,25,16777215,2026-06-22 10:02:45,1782093765,3,32e6b0db,2139116561150493184,1
BV17qji6rEgg,116775781932617,行政旗舰SUV，追求极致舒适与驾控兼顾！蔚来全新ES9深度试车,POVDrive,2026-06-19 16:23:20,71968,112,1,蔚来全新ES9深度试车体验分享,39237124836,119.56300,1,25,16777215,2026-06-22 02:32:21,1782066741,3,59828ab2,2138889863221695744,4
BV17qji6rEgg,116775781932617,行政旗舰SUV，追求极致舒适与驾控兼顾！蔚来全新ES9深度试车,POVDrive,2026-06-19 16:23:20,71968,112,1,蔚来全新ES9深度试车体验分享,39237124836,1336.68900,1,25,16777215,2026-06-21 23:47:36,1782056856,3,e257c8d3,2138806942351666944,5
BV17qji6rEgg,116775781932617,行政旗舰SUV，追求极致舒适与驾控兼顾！蔚来全新ES9深度试车,POVDrive,2026-06-19 16:23:20,71968,112,1,蔚来全新ES9深度试车体验分享,39237124836,121.00000,1,25,16777215,2026-06-21 23:25:21,1782055521,3,e257c8d3,2138795746387209472,4
BV17qji6rEgg,116775781932617,行政旗舰SUV，追求极致舒适与驾控兼顾！蔚来全新ES9深度试车,POVDrive,2026-06-19 16:23:20,71968,112,1,蔚来全新ES9深度试车体验分享,39237124836,544.97600,1,25,16777215,2026-06-21 23:18:12,1782055092,0,3c3e33a5,2138792146164495104,反光已经是蔚来通病了
BV17qji6rEgg,116775781932617,行政旗舰SUV，追求极致舒适与驾控兼顾！蔚来全新ES9深度试车,POVDrive,2026-06-19 16:23:20,71968,112,1,蔚来全新ES9深度试车体验分享,39237124836,119.82600,1,25,16777215,2026-06-21 23:16:48,1782055008,3,7d2f416f,2138791440438986496,1
BV17qji6rEgg,116775781932617,行政旗舰SUV，追求极致舒适与驾控兼顾！蔚来全新ES9深度试车,POVDrive,2026-06-19 16:23:20,71968,112,1,蔚来全新ES9深度试车体验分享,39237124836,120.00000,1,25,16777215,2026-06-21 22:57:06,1782053826,3,5b1676ee,2138781526018856448,3
BV17qji6rEgg,116775781932617,行政旗舰SUV，追求极致舒适与驾控兼顾！蔚来全新ES9深度试车,POVDrive,2026-06-19 16:23:20,71968,112,1,蔚来全新ES9深度试车体验分享,39237124836,1307.75800,1,25,16777215,2026-06-21 22:54:33,1782053673,0,9ef2a6b1,2138780248895061248,这车越看越像 MPV
BV17qji6rEgg,116775781932617,行政旗舰SUV，追求极致舒适与驾控兼顾！蔚来全新ES9深度试车,POVDrive,2026-06-19 16:23:20,71968,112,1,蔚来全新ES9深度试车体验分享,39237124836,653.79400,1,25,16777215,2026-06-21 21:41:05,1782049265,3,991ea2c3,2138743271651171584,1
BV17qji6rEgg,116775781932617,行政旗舰SUV，追求极致舒适与驾控兼顾！蔚来全新ES9深度试车,POVDrive,2026-06-19 16:23:20,71968,112,1,蔚来全新ES9深度试车体验分享,39237124836,119.00000,1,25,16777215,2026-06-21 21:23:35,1782048215,3,46f66b66,2138734459443606272,5
BV17qji6rEgg,116775781932617,行政旗舰SUV，追求极致舒适与驾控兼顾！蔚来全新ES9深度试车,POVDrive,2026-06-19 16:23:20,71968,112,1,蔚来全新ES9深度试车体验分享,39237124836,1335.21400,1,25,16777215,2026-06-21 21:11:22,1782047482,3,99919da6,2138728308580611584,5
BV17qji6rEgg,116775781932617,行政旗舰SUV，追求极致舒适与驾控兼顾！蔚来全新ES9深度试车,POVDrive,2026-06-19 16:23:20,71968,112,1,蔚来全新ES9深度试车体验分享,39237124836,810.14800,1,25,16777215,2026-06-21 21:05:07,1782047107,3,99919da6,2138725161770421248,5
BV17qji6rEgg,116775781932617,行政旗舰SUV，追求极致舒适与驾控兼顾！蔚来全新ES9深度试车,POVDrive,2026-06-19 16:23:20,71968,112,1,蔚来全新ES9深度试车体验分享,39237124836,119.00000,1,25,16777215,2026-06-21 19:22:17,1782040937,3,8e60a210,2138673405468493312,3
BV17qji6rEgg,116775781932617,行政旗舰SUV，追求极致舒适与驾控兼顾！蔚来全新ES9深度试车,POVDrive,2026-06-19 16:23:20,71968,112,1,蔚来全新ES9深度试车体验分享,39237124836,1229.25200,1,25,16777215,2026-06-21 19:11:43,1782040303,0,df17c470,2138668086109485568,你方向盘打的有问题
BV17qji6rEgg,116775781932617,行政旗舰SUV，追求极致舒适与驾控兼顾！蔚来全新ES9深度试车,POVDrive,2026-06-19 16:23:20,71968,112,1,蔚来全新ES9深度试车体验分享,39237124836,649.47800,1,25,16777215,2026-06-21 19:01:38,1782039698,3,df17c470,2138663018014375680,1
BV17qji6rEgg,116775781932617,行政旗舰SUV，追求极致舒适与驾控兼顾！蔚来全新ES9深度试车,POVDrive,2026-06-19 16:23:20,71968,112,1,蔚来全新ES9深度试车体验分享,39237124836,185.94800,1,25,16777215,2026-06-21 18:09:41,1782036581,0,6407b152,2138636868282608128,光毯很实用的，用了就知道了。
BV17qji6rEgg,116775781932617,行政旗舰SUV，追求极致舒适与驾控兼顾！蔚来全新ES9深度试车,POVDrive,2026-06-19 16:23:20,71968,112,1,蔚来全新ES9深度试车体验分享,39237124836,116.53300,1,25,16777215,2026-06-21 17:26:48,1782034008,3,a07260cd,2138615280023297024,4
BV17qji6rEgg,116775781932617,行政旗舰SUV，追求极致舒适与驾控兼顾！蔚来全新ES9深度试车,POVDrive,2026-06-19 16:23:20,71968,112,1,蔚来全新ES9深度试车体验分享,39237124836,121.00000,1,25,16777215,2026-06-21 17:11:35,1782033095,3,d72562f9,2138607621962389248,5
BV17qji6rEgg,116775781932617,行政旗舰SUV，追求极致舒适与驾控兼顾！蔚来全新ES9深度试车,POVDrive,2026-06-19 16:23:20,71968,112,1,蔚来全新ES9深度试车体验分享,39237124836,120.13700,1,25,16777215,2026-06-21 16:10:42,1782029442,3,7307ae28,2138576981086733056,1
BV17qji6rEgg,116775781932617,行政旗舰SUV，追求极致舒适与驾控兼顾！蔚来全新ES9深度试车,POVDrive,2026-06-19 16:23:20,71968,112,1,蔚来全新ES9深度试车体验分享,39237124836,361.14100,1,25,16777215,2026-06-21 14:23:47,1782023027,0,aabf09b7,2138523166388169472,接口是不是歪了
BV17qji6rEgg,116775781932617,行政旗舰SUV，追求极致舒适与驾控兼顾！蔚来全新ES9深度试车,POVDrive,2026-06-19 16:23:20,71968,112,1,蔚来全新ES9深度试车体验分享,39237124836,774.46300,1,25,16777215,2026-06-21 13:52:22,1782021142,0,5ef7d435,2138507356236511232,低频处理的真舒服
BV17qji6rEgg,116775781932617,行政旗舰SUV，追求极致舒适与驾控兼顾！蔚来全新ES9深度试车,POVDrive,2026-06-19 16:23:20,71968,112,1,蔚来全新ES9深度试车体验分享,39237124836,651.92600,1,25,16777215,2026-06-21 10:36:09,1782009369,3,2378b5e6,2138408596348971520,2
BV17qji6rEgg,116775781932617,行政旗舰SUV，追求极致舒适与驾控兼顾！蔚来全新ES9深度试车,POVDrive,2026-06-19 16:23:20,71968,112,1,蔚来全新ES9深度试车体验分享,39237124836,652.00000,1,25,16777215,2026-06-21 01:37:57,1781977077,3,541c27bf,2138137710345777408,4
BV17qji6rEgg,116775781932617,行政旗舰SUV，追求极致舒适与驾控兼顾！蔚来全新ES9深度试车,POVDrive,2026-06-19 16:23:20,71968,112,1,蔚来全新ES9深度试车体验分享,39237124836,121.26700,1,25,16777215,2026-06-21 01:21:10,1781976070,3,bc93130e,2138129267388002560,5
BV17qji6rEgg,116775781932617,行政旗舰SUV，追求极致舒适与驾控兼顾！蔚来全新ES9深度试车,POVDrive,2026-06-19 16:23:20,71968,112,1,蔚来全新ES9深度试车体验分享,39237124836,724.21400,1,25,16777215,2026-06-21 01:18:08,1781975888,0,4c78fcf3,2138127739595667200,真牛逼啊蔚来。
BV17qji6rEgg,116775781932617,行政旗舰SUV，追求极致舒适与驾控兼顾！蔚来全新ES9深度试车,POVDrive,2026-06-19 16:23:20,71968,112,1,蔚来全新ES9深度试车体验分享,39237124836,121.00000,1,25,16777215,2026-06-20 23:52:39,1781970759,3,874307ea,2138084710105256960,5
BV17qji6rEgg,116775781932617,行政旗舰SUV，追求极致舒适与驾控兼顾！蔚来全新ES9深度试车,POVDrive,2026-06-19 16:23:20,71968,112,1,蔚来全新ES9深度试车体验分享,39237124836,116.53300,1,25,16777215,2026-06-20 23:49:06,1781970546,3,eeaa6210,2138082922660802304,1
BV17qji6rEgg,116775781932617,行政旗舰SUV，追求极致舒适与驾控兼顾！蔚来全新ES9深度试车,POVDrive,2026-06-19 16:23:20,71968,112,1,蔚来全新ES9深度试车体验分享,39237124836,1335.00000,1,25,16777215,2026-06-20 23:47:56,1781970476,3,a9b4084e,2138082340516506112,5
BV17qji6rEgg,116775781932617,行政旗舰SUV，追求极致舒适与驾控兼顾！蔚来全新ES9深度试车,POVDrive,2026-06-19 16:23:20,71968,112,1,蔚来全新ES9深度试车体验分享,39237124836,810.00000,1,25,16777215,2026-06-20 23:40:19,1781970019,3,a9b4084e,2138078502376151552,5
BV17qji6rEgg,116775781932617,行政旗舰SUV，追求极致舒适与驾控兼顾！蔚来全新ES9深度试车,POVDrive,2026-06-19 16:23:20,71968,112,1,蔚来全新ES9深度试车体验分享,39237124836,120.00000,1,25,16777215,2026-06-20 23:28:43,1781969323,3,a9b4084e,2138072664467024384,5
BV17qji6rEgg,116775781932617,行政旗舰SUV，追求极致舒适与驾控兼顾！蔚来全新ES9深度试车,POVDrive,2026-06-19 16:23:20,71968,112,1,蔚来全新ES9深度试车体验分享,39237124836,620.18400,1,25,16777215,2026-06-20 23:25:30,1781969130,0,771bd1f2,2138071051002331392,这个方向盘的形状看着真难受
BV17qji6rEgg,116775781932617,行政旗舰SUV，追求极致舒适与驾控兼顾！蔚来全新ES9深度试车,POVDrive,2026-06-19 16:23:20,71968,112,1,蔚来全新ES9深度试车体验分享,39237124836,1336.28800,1,25,16777215,2026-06-20 23:10:05,1781968205,3,a9491f4c,2138063288645681152,5
BV17qji6rEgg,116775781932617,行政旗舰SUV，追求极致舒适与驾控兼顾！蔚来全新ES9深度试车,POVDrive,2026-06-19 16:23:20,71968,112,1,蔚来全新ES9深度试车体验分享,39237124836,1304.66000,1,25,16777215,2026-06-20 23:09:33,1781968173,3,a9491f4c,2138063023146204928,5
BV17qji6rEgg,116775781932617,行政旗舰SUV，追求极致舒适与驾控兼顾！蔚来全新ES9深度试车,POVDrive,2026-06-19 16:23:20,71968,112,1,蔚来全新ES9深度试车体验分享,39237124836,120.00000,1,25,16777215,2026-06-20 22:54:16,1781967256,3,744f7f91,2138055322420865536,4
BV17qji6rEgg,116775781932617,行政旗舰SUV，追求极致舒适与驾控兼顾！蔚来全新ES9深度试车,POVDrive,2026-06-19 16:23:20,71968,112,1,蔚来全新ES9深度试车体验分享,39237124836,67.86000,1,25,16777215,2026-06-20 22:27:35,1781965655,0,6da85aea,2138041896277806080,买劳斯莱斯提油耗吗？
BV17qji6rEgg,116775781932617,行政旗舰SUV，追求极致舒适与驾控兼顾！蔚来全新ES9深度试车,POVDrive,2026-06-19 16:23:20,71968,112,1,蔚来全新ES9深度试车体验分享,39237124836,1065.69800,1,25,16777215,2026-06-20 21:21:29,1781961689,0,fe083989,2138008630380057600,哈哈 yw的咚咚响
BV17qji6rEgg,116775781932617,行政旗舰SUV，追求极致舒适与驾控兼顾！蔚来全新ES9深度试车,POVDrive,2026-06-19 16:23:20,71968,112,1,蔚来全新ES9深度试车体验分享,39237124836,1218.39700,1,25,16777215,2026-06-20 21:08:25,1781960905,0,f02b979b,2138002047763902720,这里是你方向打太多又一下子贵太多，这里能看出up平时是开车习惯比较慢再加上没适应这方向比
BV17qji6rEgg,116775781932617,行政旗舰SUV，追求极致舒适与驾控兼顾！蔚来全新ES9深度试车,POVDrive,2026-06-19 16:23:20,71968,112,1,蔚来全新ES9深度试车体验分享,39237124836,810.30500,1,25,16777215,2026-06-20 20:50:35,1781959835,3,d04561ee,2137993074503481344,5
BV17qji6rEgg,116775781932617,行政旗舰SUV，追求极致舒适与驾控兼顾！蔚来全新ES9深度试车,POVDrive,2026-06-19 16:23:20,71968,112,1,蔚来全新ES9深度试车体验分享,39237124836,811.00000,1,25,16777215,2026-06-20 20:50:33,1781959833,3,6a8f6fe,2137993054446375680,5
BV17qji6rEgg,116775781932617,行政旗舰SUV，追求极致舒适与驾控兼顾！蔚来全新ES9深度试车,POVDrive,2026-06-19 16:23:20,71968,112,1,蔚来全新ES9深度试车体验分享,39237124836,121.07000,1,25,16777215,2026-06-20 19:52:56,1781956376,3,c4dd3886,2137964062125124352,5
BV17qji6rEgg,116775781932617,行政旗舰SUV，追求极致舒适与驾控兼顾！蔚来全新ES9深度试车,POVDrive,2026-06-19 16:23:20,71968,112,1,蔚来全新ES9深度试车体验分享,39237124836,1304.00000,1,25,16777215,2026-06-20 19:21:29,1781954489,3,de8722,2137948230087014656,5
BV17qji6rEgg,116775781932617,行政旗舰SUV，追求极致舒适与驾控兼顾！蔚来全新ES9深度试车,POVDrive,2026-06-19 16:23:20,71968,112,1,蔚来全新ES9深度试车体验分享,39237124836,715.56300,1,25,16777215,2026-06-20 17:48:14,1781948894,0,6ef5dfff,2137901291463790848,这音响真牛逼
BV17qji6rEgg,116775781932617,行政旗舰SUV，追求极致舒适与驾控兼顾！蔚来全新ES9深度试车,POVDrive,2026-06-19 16:23:20,71968,112,1,蔚来全新ES9深度试车体验分享,39237124836,14.02100,1,25,16777215,2026-06-20 16:21:56,1781943716,0,c1a56b21,2137857859244235264,除了太大都好
BV17qji6rEgg,116775781932617,行政旗舰SUV，追求极致舒适与驾控兼顾！蔚来全新ES9深度试车,POVDrive,2026-06-19 16:23:20,71968,112,1,蔚来全新ES9深度试车体验分享,39237124836,120.00000,1,25,16777215,2026-06-20 15:08:52,1781939332,3,f0ef9450,2137821083897105664,5
BV17qji6rEgg,116775781932617,行政旗舰SUV，追求极致舒适与驾控兼顾！蔚来全新ES9深度试车,POVDrive,2026-06-19 16:23:20,71968,112,1,蔚来全新ES9深度试车体验分享,39237124836,809.90200,1,25,16777215,2026-06-20 15:01:30,1781938890,3,7650fd84,2137817373456391168,5
BV17qji6rEgg,116775781932617,行政旗舰SUV，追求极致舒适与驾控兼顾！蔚来全新ES9深度试车,POVDrive,2026-06-19 16:23:20,71968,112,1,蔚来全新ES9深度试车体验分享,39237124836,120.00000,1,25,16777215,2026-06-20 14:52:06,1781938326,3,d4528f52,2137812642121717760,4
BV17qji6rEgg,116775781932617,行政旗舰SUV，追求极致舒适与驾控兼顾！蔚来全新ES9深度试车,POVDrive,2026-06-19 16:23:20,71968,112,1,蔚来全新ES9深度试车体验分享,39237124836,75.06000,1,25,16777215,2026-06-20 13:20:45,1781932845,0,856728f1,2137766666359602688,这比例太厚实了
BV17qji6rEgg,116775781932617,行政旗舰SUV，追求极致舒适与驾控兼顾！蔚来全新ES9深度试车,POVDrive,2026-06-19 16:23:20,71968,112,1,蔚来全新ES9深度试车体验分享,39237124836,1334.00000,1,25,16777215,2026-06-20 12:35:17,1781930117,3,5489f372,2137743782622753792,5
BV17qji6rEgg,116775781932617,行政旗舰SUV，追求极致舒适与驾控兼顾！蔚来全新ES9深度试车,POVDrive,2026-06-19 16:23:20,71968,112,1,蔚来全新ES9深度试车体验分享,39237124836,1335.00000,1,25,16777215,2026-06-20 12:22:37,1781929357,3,936ef7f0,2137737407221561344,5
BV17qji6rEgg,116775781932617,行政旗舰SUV，追求极致舒适与驾控兼顾！蔚来全新ES9深度试车,POVDrive,2026-06-19 16:23:20,71968,112,1,蔚来全新ES9深度试车体验分享,39237124836,686.43800,1,25,16777215,2026-06-20 10:14:08,1781921648,0,277148c2,2137672741615881472,老哥，这底噪是怎么回事
BV17qji6rEgg,116775781932617,行政旗舰SUV，追求极致舒适与驾控兼顾！蔚来全新ES9深度试车,POVDrive,2026-06-19 16:23:20,71968,112,1,蔚来全新ES9深度试车体验分享,39237124836,654.76000,1,25,16777215,2026-06-20 10:13:23,1781921603,0,277148c2,2137672361863520512,站里有电池在充电，分流了
BV17qji6rEgg,116775781932617,行政旗舰SUV，追求极致舒适与驾控兼顾！蔚来全新ES9深度试车,POVDrive,2026-06-19 16:23:20,71968,112,1,蔚来全新ES9深度试车体验分享,39237124836,657.42700,1,25,16777215,2026-06-20 09:49:43,1781920183,0,fc09d7ca,2137660447531533824,拉胯
BV17qji6rEgg,116775781932617,行政旗舰SUV，追求极致舒适与驾控兼顾！蔚来全新ES9深度试车,POVDrive,2026-06-19 16:23:20,71968,112,1,蔚来全新ES9深度试车体验分享,39237124836,95.52400,1,25,16777215,2026-06-20 09:40:49,1781919649,0,fc09d7ca,2137655971051374592,外观不像蔚来的设计
BV17qji6rEgg,116775781932617,行政旗舰SUV，追求极致舒适与驾控兼顾！蔚来全新ES9深度试车,POVDrive,2026-06-19 16:23:20,71968,112,1,蔚来全新ES9深度试车体验分享,39237124836,1334.32700,1,25,16777215,2026-06-20 08:49:34,1781916574,3,6a531da7,2137630174118956800,5
BV17qji6rEgg,116775781932617,行政旗舰SUV，追求极致舒适与驾控兼顾！蔚来全新ES9深度试车,POVDrive,2026-06-19 16:23:20,71968,112,1,蔚来全新ES9深度试车体验分享,39237124836,119.39800,1,25,16777215,2026-06-20 08:16:38,1781914598,3,d4e3d707,2137613597793542912,5
BV17qji6rEgg,116775781932617,行政旗舰SUV，追求极致舒适与驾控兼顾！蔚来全新ES9深度试车,POVDrive,2026-06-19 16:23:20,71968,112,1,蔚来全新ES9深度试车体验分享,39237124836,121.00000,1,25,16777215,2026-06-20 08:04:39,1781913879,3,136d6c51,2137607570553556480,4
BV17qji6rEgg,116775781932617,行政旗舰SUV，追求极致舒适与驾控兼顾！蔚来全新ES9深度试车,POVDrive,2026-06-19 16:23:20,71968,112,1,蔚来全新ES9深度试车体验分享,39237124836,811.82200,1,25,16777215,2026-06-20 03:17:09,1781896629,3,21f45677,2137462864154444032,5
BV17qji6rEgg,116775781932617,行政旗舰SUV，追求极致舒适与驾控兼顾！蔚来全新ES9深度试车,POVDrive,2026-06-19 16:23:20,71968,112,1,蔚来全新ES9深度试车体验分享,39237124836,633.58300,1,25,16777215,2026-06-20 03:14:10,1781896450,0,21f45677,2137461362023404544,智驾订阅？？？？车主先送5年，蔚来的尿性，5年后满了会接着送
BV17qji6rEgg,116775781932617,行政旗舰SUV，追求极致舒适与驾控兼顾！蔚来全新ES9深度试车,POVDrive,2026-06-19 16:23:20,71968,112,1,蔚来全新ES9深度试车体验分享,39237124836,706.30500,1,25,16777215,2026-06-20 02:33:18,1781893998,0,758cc15e,2137440794766932224,尊
BV17qji6rEgg,116775781932617,行政旗舰SUV，追求极致舒适与驾控兼顾！蔚来全新ES9深度试车,POVDrive,2026-06-19 16:23:20,71968,112,1,蔚来全新ES9深度试车体验分享,39237124836,347.00100,1,25,16777215,2026-06-20 02:20:06,1781893206,0,ea647372,2137434152617326592,早上送娃给娃吃早饭用
BV17qji6rEgg,116775781932617,行政旗舰SUV，追求极致舒适与驾控兼顾！蔚来全新ES9深度试车,POVDrive,2026-06-19 16:23:20,71968,112,1,蔚来全新ES9深度试车体验分享,39237124836,119.45400,1,25,16777215,2026-06-20 01:40:38,1781890838,3,1f44ff2d,2137414285239216640,5
BV17qji6rEgg,116775781932617,行政旗舰SUV，追求极致舒适与驾控兼顾！蔚来全新ES9深度试车,POVDrive,2026-06-19 16:23:20,71968,112,1,蔚来全新ES9深度试车体验分享,39237124836,73.71600,1,25,16777215,2026-06-20 01:24:21,1781889861,0,4379ece1,2137406086104720384,外观除了前脸感觉其他角度都没es8协调，太厚臃肿
BV17qji6rEgg,116775781932617,行政旗舰SUV，追求极致舒适与驾控兼顾！蔚来全新ES9深度试车,POVDrive,2026-06-19 16:23:20,71968,112,1,蔚来全新ES9深度试车体验分享,39237124836,740.44300,1,25,16777215,2026-06-20 00:35:36,1781886936,0,d00a8acd,2137381554300029952,不强？
BV17qji6rEgg,116775781932617,行政旗舰SUV，追求极致舒适与驾控兼顾！蔚来全新ES9深度试车,POVDrive,2026-06-19 16:23:20,71968,112,1,蔚来全新ES9深度试车体验分享,39237124836,701.95900,1,25,16777215,2026-06-20 00:34:50,1781886890,0,d00a8acd,2137381169740713728,NB
BV17qji6rEgg,116775781932617,行政旗舰SUV，追求极致舒适与驾控兼顾！蔚来全新ES9深度试车,POVDrive,2026-06-19 16:23:20,71968,112,1,蔚来全新ES9深度试车体验分享,39237124836,650.78700,1,25,16777215,2026-06-20 00:33:48,1781886828,3,d00a8acd,2137380647071735808,1
BV17qji6rEgg,116775781932617,行政旗舰SUV，追求极致舒适与驾控兼顾！蔚来全新ES9深度试车,POVDrive,2026-06-19 16:23:20,71968,112,1,蔚来全新ES9深度试车体验分享,39237124836,516.17700,1,25,16707842,2026-06-20 00:32:27,1781886747,0,d00a8acd,2137379971872642048,当然是蔚来这种，蔚来的设计断档
BV17qji6rEgg,116775781932617,行政旗舰SUV，追求极致舒适与驾控兼顾！蔚来全新ES9深度试车,POVDrive,2026-06-19 16:23:20,71968,112,1,蔚来全新ES9深度试车体验分享,39237124836,54.41900,1,25,16777215,2026-06-20 00:27:52,1781886472,0,3d076661,2137377662506181888,电耗不提？
BV17qji6rEgg,116775781932617,行政旗舰SUV，追求极致舒适与驾控兼顾！蔚来全新ES9深度试车,POVDrive,2026-06-19 16:23:20,71968,112,1,蔚来全新ES9深度试车体验分享,39237124836,119.89700,1,25,16777215,2026-06-20 00:23:09,1781886189,3,57bd0032,2137375287179418624,5
BV17qji6rEgg,116775781932617,行政旗舰SUV，追求极致舒适与驾控兼顾！蔚来全新ES9深度试车,POVDrive,2026-06-19 16:23:20,71968,112,1,蔚来全新ES9深度试车体验分享,39237124836,1331.78900,1,25,16777215,2026-06-20 00:18:03,1781885883,3,ca9e7f45,2137372719048931584,5
BV17qji6rEgg,116775781932617,行政旗舰SUV，追求极致舒适与驾控兼顾！蔚来全新ES9深度试车,POVDrive,2026-06-19 16:23:20,71968,112,1,蔚来全新ES9深度试车体验分享,39237124836,119.48600,1,25,16777215,2026-06-20 00:12:58,1781885578,3,756e9eb2,2137370165380626432,5
BV17qji6rEgg,116775781932617,行政旗舰SUV，追求极致舒适与驾控兼顾！蔚来全新ES9深度试车,POVDrive,2026-06-19 16:23:20,71968,112,1,蔚来全新ES9深度试车体验分享,39237124836,806.92200,1,25,16777215,2026-06-20 00:10:54,1781885454,3,ca9e7f45,2137369121049125888,5
BV17qji6rEgg,116775781932617,行政旗舰SUV，追求极致舒适与驾控兼顾！蔚来全新ES9深度试车,POVDrive,2026-06-19 16:23:20,71968,112,1,蔚来全新ES9深度试车体验分享,39237124836,120.48100,1,25,16777215,2026-06-20 00:04:25,1781885065,3,2197d033,2137365856202871296,5
BV17qji6rEgg,116775781932617,行政旗舰SUV，追求极致舒适与驾控兼顾！蔚来全新ES9深度试车,POVDrive,2026-06-19 16:23:20,71968,112,1,蔚来全新ES9深度试车体验分享,39237124836,119.00000,1,25,16777215,2026-06-19 23:44:19,1781883859,3,2a3c3e85,2137355743241150464,5
BV17qji6rEgg,116775781932617,行政旗舰SUV，追求极致舒适与驾控兼顾！蔚来全新ES9深度试车,POVDrive,2026-06-19 16:23:20,71968,112,1,蔚来全新ES9深度试车体验分享,39237124836,1335.00000,1,25,16777215,2026-06-19 23:40:07,1781883607,3,ba46091d,2137353630402146304,5
BV17qji6rEgg,116775781932617,行政旗舰SUV，追求极致舒适与驾控兼顾！蔚来全新ES9深度试车,POVDrive,2026-06-19 16:23:20,71968,112,1,蔚来全新ES9深度试车体验分享,39237124836,654.42600,1,25,16777215,2026-06-19 23:33:12,1781883192,3,ca9e7f45,2137350147082927104,5
BV17qji6rEgg,116775781932617,行政旗舰SUV，追求极致舒适与驾控兼顾！蔚来全新ES9深度试车,POVDrive,2026-06-19 16:23:20,71968,112,1,蔚来全新ES9深度试车体验分享,39237124836,811.00000,1,25,16777215,2026-06-19 23:31:23,1781883083,3,ba46091d,2137349234411024896,5
BV17qji6rEgg,116775781932617,行政旗舰SUV，追求极致舒适与驾控兼顾！蔚来全新ES9深度试车,POVDrive,2026-06-19 16:23:20,71968,112,1,蔚来全新ES9深度试车体验分享,39237124836,121.00000,1,25,16777215,2026-06-19 23:16:06,1781882166,3,ba46091d,2137341543844198400,5
BV17qji6rEgg,116775781932617,行政旗舰SUV，追求极致舒适与驾控兼顾！蔚来全新ES9深度试车,POVDrive,2026-06-19 16:23:20,71968,112,1,蔚来全新ES9深度试车体验分享,39237124836,728.57400,1,25,16777215,2026-06-19 23:09:38,1781881778,0,30b490b6,2137338282236281088,强？
BV17qji6rEgg,116775781932617,行政旗舰SUV，追求极致舒适与驾控兼顾！蔚来全新ES9深度试车,POVDrive,2026-06-19 16:23:20,71968,112,1,蔚来全新ES9深度试车体验分享,39237124836,120.54100,1,25,16777215,2026-06-19 23:07:06,1781881626,3,6fe2825,2137337013786329344,4
BV17qji6rEgg,116775781932617,行政旗舰SUV，追求极致舒适与驾控兼顾！蔚来全新ES9深度试车,POVDrive,2026-06-19 16:23:20,71968,112,1,蔚来全新ES9深度试车体验分享,39237124836,523.84800,1,25,16777215,2026-06-19 23:05:24,1781881524,0,30b490b6,2137336158022676736,我去，哪个欧系豪华车是这样的？奔驰，宝马还是奥迪？
BV17qji6rEgg,116775781932617,行政旗舰SUV，追求极致舒适与驾控兼顾！蔚来全新ES9深度试车,POVDrive,2026-06-19 16:23:20,71968,112,1,蔚来全新ES9深度试车体验分享,39237124836,119.36900,1,25,16777215,2026-06-19 22:54:51,1781880891,3,4b2d8ee9,2137330844342660864,5
BV17qji6rEgg,116775781932617,行政旗舰SUV，追求极致舒适与驾控兼顾！蔚来全新ES9深度试车,POVDrive,2026-06-19 16:23:20,71968,112,1,蔚来全新ES9深度试车体验分享,39237124836,121.32900,1,25,16777215,2026-06-19 22:51:20,1781880680,3,36342860,2137329078481680384,4
BV17qji6rEgg,116775781932617,行政旗舰SUV，追求极致舒适与驾控兼顾！蔚来全新ES9深度试车,POVDrive,2026-06-19 16:23:20,71968,112,1,蔚来全新ES9深度试车体验分享,39237124836,6.44300,1,25,16777215,2026-06-19 22:48:57,1781880537,0,4d67b944,2137327873525739776,嫖总好
BV17qji6rEgg,116775781932617,行政旗舰SUV，追求极致舒适与驾控兼顾！蔚来全新ES9深度试车,POVDrive,2026-06-19 16:23:20,71968,112,1,蔚来全新ES9深度试车体验分享,39237124836,808.40200,1,25,16777215,2026-06-19 22:48:35,1781880515,3,28228f16,2137327694185454080,5
BV17qji6rEgg,116775781932617,行政旗舰SUV，追求极致舒适与驾控兼顾！蔚来全新ES9深度试车,POVDrive,2026-06-19 16:23:20,71968,112,1,蔚来全新ES9深度试车体验分享,39237124836,720.31300,1,25,16777215,2026-06-19 22:46:55,1781880415,0,31b918cc,2137326853915727104,人声一出来，太强了
BV17qji6rEgg,116775781932617,行政旗舰SUV，追求极致舒适与驾控兼顾！蔚来全新ES9深度试车,POVDrive,2026-06-19 16:23:20,71968,112,1,蔚来全新ES9深度试车体验分享,39237124836,554.22900,1,25,16777215,2026-06-19 22:36:22,1781879782,0,77e6de9a,2137321543406790912,奔驰曲线用太多不大气，而且钢琴烤漆拉低档次
BV17qji6rEgg,116775781932617,行政旗舰SUV，追求极致舒适与驾控兼顾！蔚来全新ES9深度试车,POVDrive,2026-06-19 16:23:20,71968,112,1,蔚来全新ES9深度试车体验分享,39237124836,522.33200,1,25,16777215,2026-06-19 22:31:26,1781879486,0,3f771977,2137319061016025088,最喜欢奔驰那种豪华感
BV17qji6rEgg,116775781932617,行政旗舰SUV，追求极致舒适与驾控兼顾！蔚来全新ES9深度试车,POVDrive,2026-06-19 16:23:20,71968,112,1,蔚来全新ES9深度试车体验分享,39237124836,299.68600,1,25,16777215,2026-06-19 22:30:27,1781879427,0,4d77478e,2137318562137297664,之前媒体试驾的时候隐私模式不是车窗也会联动变黑，升上遮阳帘吗
BV17qji6rEgg,116775781932617,行政旗舰SUV，追求极致舒适与驾控兼顾！蔚来全新ES9深度试车,POVDrive,2026-06-19 16:23:20,71968,112,1,蔚来全新ES9深度试车体验分享,39237124836,274.71600,1,25,16777215,2026-06-19 21:51:09,1781877069,0,c8266f26,2137298785356440320,貌似有点卡啊
BV17qji6rEgg,116775781932617,行政旗舰SUV，追求极致舒适与驾控兼顾！蔚来全新ES9深度试车,POVDrive,2026-06-19 16:23:20,71968,112,1,蔚来全新ES9深度试车体验分享,39237124836,655.78600,1,25,16777215,2026-06-19 20:30:30,1781872230,0,111fa944,2137258189400327168,蔚来故意的，否则谁还换电，啊哈哈
BV17qji6rEgg,116775781932617,行政旗舰SUV，追求极致舒适与驾控兼顾！蔚来全新ES9深度试车,POVDrive,2026-06-19 16:23:20,71968,112,1,蔚来全新ES9深度试车体验分享,39237124836,652.55200,1,25,16777215,2026-06-19 20:09:53,1781870993,3,3bc35907,2137247817465605632,5
BV17qji6rEgg,116775781932617,行政旗舰SUV，追求极致舒适与驾控兼顾！蔚来全新ES9深度试车,POVDrive,2026-06-19 16:23:20,71968,112,1,蔚来全新ES9深度试车体验分享,39237124836,119.67800,1,25,16777215,2026-06-19 20:00:44,1781870444,3,aa24d7ec,2137243204872116480,5
BV17qji6rEgg,116775781932617,行政旗舰SUV，追求极致舒适与驾控兼顾！蔚来全新ES9深度试车,POVDrive,2026-06-19 16:23:20,71968,112,1,蔚来全新ES9深度试车体验分享,39237124836,121.00000,1,25,16777215,2026-06-19 19:59:01,1781870341,3,f647f3d0,2137242344309812480,4
BV17qji6rEgg,116775781932617,行政旗舰SUV，追求极致舒适与驾控兼顾！蔚来全新ES9深度试车,POVDrive,2026-06-19 16:23:20,71968,112,1,蔚来全新ES9深度试车体验分享,39237124836,102.87900,1,25,16777215,2026-06-19 19:39:54,1781869194,0,bb1b5a1f,2137232725638605568,比es8只长8.5厘米而已！不要乱说，什么长10多厘米
BV17qji6rEgg,116775781932617,行政旗舰SUV，追求极致舒适与驾控兼顾！蔚来全新ES9深度试车,POVDrive,2026-06-19 16:23:20,71968,112,1,蔚来全新ES9深度试车体验分享,39237124836,116.53300,1,25,16777215,2026-06-19 19:36:50,1781869010,3,4a9594fb,2137231176438593280,5
BV17qji6rEgg,116775781932617,行政旗舰SUV，追求极致舒适与驾控兼顾！蔚来全新ES9深度试车,POVDrive,2026-06-19 16:23:20,71968,112,1,蔚来全新ES9深度试车体验分享,39237124836,117.83800,1,25,16777215,2026-06-19 19:10:45,1781867445,3,6e687519,2137218054416059904,1
BV17qji6rEgg,116775781932617,行政旗舰SUV，追求极致舒适与驾控兼顾！蔚来全新ES9深度试车,POVDrive,2026-06-19 16:23:20,71968,112,1,蔚来全新ES9深度试车体验分享,39237124836,1331.78900,1,25,16777215,2026-06-19 19:04:45,1781867085,3,8c49239f,2137215034500453632,5
BV17qji6rEgg,116775781932617,行政旗舰SUV，追求极致舒适与驾控兼顾！蔚来全新ES9深度试车,POVDrive,2026-06-19 16:23:20,71968,112,1,蔚来全新ES9深度试车体验分享,39237124836,1300.13400,1,25,16777215,2026-06-19 19:04:01,1781867041,3,8c49239f,2137214660125250816,5
BV17qji6rEgg,116775781932617,行政旗舰SUV，追求极致舒适与驾控兼顾！蔚来全新ES9深度试车,POVDrive,2026-06-19 16:23:20,71968,112,1,蔚来全新ES9深度试车体验分享,39237124836,806.92200,1,25,16777215,2026-06-19 19:01:56,1781866916,3,8c49239f,2137213616959914240,5
BV17qji6rEgg,116775781932617,行政旗舰SUV，追求极致舒适与驾控兼顾！蔚来全新ES9深度试车,POVDrive,2026-06-19 16:23:20,71968,112,1,蔚来全新ES9深度试车体验分享,39237124836,649.47800,1,25,16777215,2026-06-19 18:59:59,1781866799,3,8c49239f,2137212636340114944,5
BV17qji6rEgg,116775781932617,行政旗舰SUV，追求极致舒适与驾控兼顾！蔚来全新ES9深度试车,POVDrive,2026-06-19 16:23:20,71968,112,1,蔚来全新ES9深度试车体验分享,39237124836,116.53300,1,25,16777215,2026-06-19 18:52:19,1781866339,3,8c49239f,2137208775583929344,4
BV17qji6rEgg,116775781932617,行政旗舰SUV，追求极致舒适与驾控兼顾！蔚来全新ES9深度试车,POVDrive,2026-06-19 16:23:20,71968,112,1,蔚来全新ES9深度试车体验分享,39237124836,251.85900,1,25,16777215,2026-06-19 18:10:40,1781863840,0,dcf95f1e,2137187814365184256,内饰真的土味
BV17qji6rEgg,116775781932617,行政旗舰SUV，追求极致舒适与驾控兼顾！蔚来全新ES9深度试车,POVDrive,2026-06-19 16:23:20,71968,112,1,蔚来全新ES9深度试车体验分享,39237124836,529.75600,1,25,16777215,2026-06-19 17:49:45,1781862585,0,c2442a9a,2137177279507004928,喜欢极简的买nt2.5的
BV17qji6rEgg,116775781932617,行政旗舰SUV，追求极致舒适与驾控兼顾！蔚来全新ES9深度试车,POVDrive,2026-06-19 16:23:20,71968,112,1,蔚来全新ES9深度试车体验分享,39237124836,571.72400,1,25,16777215,2026-06-19 16:57:15,1781859435,0,30a8ca75,2137150859057642240,神玑吧，天玑不是联发科吗，而且那是智驾芯片，车机还是高通吧
BV17qji6rEgg,116775781932617,行政旗舰SUV，追求极致舒适与驾控兼顾！蔚来全新ES9深度试车,POVDrive,2026-06-19 16:23:20,71968,112,1,蔚来全新ES9深度试车体验分享,39237124836,5.95900,1,25,16777215,2026-06-19 16:39:08,1781858348,0,58efde72,2137141736345588736,牛
BV1RfYf6kEjq,117279433954699,一镜到底横跨两城！零跑自研世界模型到底什么水平？【AI辅助驾驶实测】,图灵的猫,2026-09-16 20:00:00,1169815,334,1,一镜到底横跨两城！零跑自研世界模型到底什么水平？【辅助】,41939108999,13.99500,1,25,16777215,2026-09-17 12:54:54,1789620894,0,963b321c,2202258699194804224,咋行不通
BV1RfYf6kEjq,117279433954699,一镜到底横跨两城！零跑自研世界模型到底什么水平？【AI辅助驾驶实测】,图灵的猫,2026-09-16 20:00:00,1169815,334,1,一镜到底横跨两城！零跑自研世界模型到底什么水平？【辅助】,41939108999,24.14600,1,25,16777215,2026-09-20 00:24:42,1789835082,0,44219dce,2204055431143019264,不相信机器。命运要把握在自己手上。
BV1RfYf6kEjq,117279433954699,一镜到底横跨两城！零跑自研世界模型到底什么水平？【AI辅助驾驶实测】,图灵的猫,2026-09-16 20:00:00,1169815,334,1,一镜到底横跨两城！零跑自研世界模型到底什么水平？【辅助】,41939108999,20.28300,1,25,16777215,2026-09-18 20:29:48,1789734588,0,6f024c7f,2203212430153451776,我在新疆自驾 根本不敢开智驾
BV1RfYf6kEjq,117279433954699,一镜到底横跨两城！零跑自研世界模型到底什么水平？【AI辅助驾驶实测】,图灵的猫,2026-09-16 20:00:00,1169815,334,1,一镜到底横跨两城！零跑自研世界模型到底什么水平？【辅助】,41939108999,18.87100,1,25,16777215,2026-09-18 01:02:44,1789664564,0,4797d038,2202625025000513024,有什么行不通
BV1RfYf6kEjq,117279433954699,一镜到底横跨两城！零跑自研世界模型到底什么水平？【AI辅助驾驶实测】,图灵的猫,2026-09-16 20:00:00,1169815,334,1,一镜到底横跨两城！零跑自研世界模型到底什么水平？【辅助】,41939108999,28.30500,1,25,16777215,2026-09-17 15:22:52,1789629772,0,83cc7d6d,2202333171637800192,那你说不开AI车就行不通了呗？那街上咋还有那么多不是AI的车？
BV1RfYf6kEjq,117279433954699,一镜到底横跨两城！零跑自研世界模型到底什么水平？【AI辅助驾驶实测】,图灵的猫,2026-09-16 20:00:00,1169815,334,1,一镜到底横跨两城！零跑自研世界模型到底什么水平？【辅助】,41939108999,20.02500,5,25,16707842,2026-09-17 13:03:42,1789621422,0,aac03f9c,2202263121551794432,我有5万元，能给我吗？
BV1RfYf6kEjq,117279433954699,一镜到底横跨两城！零跑自研世界模型到底什么水平？【AI辅助驾驶实测】,图灵的猫,2026-09-16 20:00:00,1169815,334,1,一镜到底横跨两城！零跑自研世界模型到底什么水平？【辅助】,41939108999,1636.43100,1,25,16777215,2026-09-17 09:53:38,1789610018,0,d77bf03c,2202167458897751552,但是有限速拍照不是炸了
BV1RfYf6kEjq,117279433954699,一镜到底横跨两城！零跑自研世界模型到底什么水平？【AI辅助驾驶实测】,图灵的猫,2026-09-16 20:00:00,1169815,334,1,一镜到底横跨两城！零跑自研世界模型到底什么水平？【辅助】,41939108999,293.31200,1,25,16777215,2026-09-28 10:03:53,1790561033,0,15bcf09a,2210145156110966272,这胖子不会说就别说了
BV1RfYf6kEjq,117279433954699,一镜到底横跨两城！零跑自研世界模型到底什么水平？【AI辅助驾驶实测】,图灵的猫,2026-09-16 20:00:00,1169815,334,1,一镜到底横跨两城！零跑自研世界模型到底什么水平？【辅助】,41939108999,20.17500,1,25,16777215,2026-09-28 09:40:53,1790559653,0,d659c642,2210133573817269760,以前没有这些的时候车就不能开了？
BV1RfYf6kEjq,117279433954699,一镜到底横跨两城！零跑自研世界模型到底什么水平？【AI辅助驾驶实测】,图灵的猫,2026-09-16 20:00:00,1169815,334,1,一镜到底横跨两城！零跑自研世界模型到底什么水平？【辅助】,41939108999,22.21600,1,25,16777215,2026-09-28 09:33:14,1790559194,0,2874f7d3,2210129724729214208,又开始吹牛逼了？
BV1RfYf6kEjq,117279433954699,一镜到底横跨两城！零跑自研世界模型到底什么水平？【AI辅助驾驶实测】,图灵的猫,2026-09-16 20:00:00,1169815,334,1,一镜到底横跨两城！零跑自研世界模型到底什么水平？【辅助】,41939108999,40.49300,1,25,16777215,2026-09-28 09:26:58,1790558818,0,c91a1133,2210126573179693312,2w一辆零跑二手车，香
BV1RfYf6kEjq,117279433954699,一镜到底横跨两城！零跑自研世界模型到底什么水平？【AI辅助驾驶实测】,图灵的猫,2026-09-16 20:00:00,1169815,334,1,一镜到底横跨两城！零跑自研世界模型到底什么水平？【辅助】,41939108999,11.73300,1,25,16777215,2026-09-28 09:23:08,1790558588,0,6aab4352,2210124639362366208,吹牛成风
BV1RfYf6kEjq,117279433954699,一镜到底横跨两城！零跑自研世界模型到底什么水平？【AI辅助驾驶实测】,图灵的猫,2026-09-16 20:00:00,1169815,334,1,一镜到底横跨两城！零跑自研世界模型到底什么水平？【辅助】,41939108999,211.38400,1,25,16777215,2026-09-28 09:19:17,1790558357,3,f68c3e5a,2210122706014639104,1
BV1RfYf6kEjq,117279433954699,一镜到底横跨两城！零跑自研世界模型到底什么水平？【AI辅助驾驶实测】,图灵的猫,2026-09-16 20:00:00,1169815,334,1,一镜到底横跨两城！零跑自研世界模型到底什么水平？【辅助】,41939108999,23.34000,1,25,16777215,2026-09-28 09:13:09,1790557989,0,ad883847,2210119621598961664,咋种
BV1RfYf6kEjq,117279433954699,一镜到底横跨两城！零跑自研世界模型到底什么水平？【AI辅助驾驶实测】,图灵的猫,2026-09-16 20:00:00,1169815,334,1,一镜到底横跨两城！零跑自研世界模型到底什么水平？【辅助】,41939108999,22.56000,1,25,16777215,2026-09-28 09:12:50,1790557970,0,a38b6868,2210119460135430144,我预算3万，你给我吧
BV1RfYf6kEjq,117279433954699,一镜到底横跨两城！零跑自研世界模型到底什么水平？【AI辅助驾驶实测】,图灵的猫,2026-09-16 20:00:00,1169815,334,1,一镜到底横跨两城！零跑自研世界模型到底什么水平？【辅助】,41939108999,21.37900,1,25,16777215,2026-09-28 09:11:27,1790557887,0,593ab46b,2210118759778980352,情景喜剧拍的不错，就是不好笑，下次别拍了
BV1RfYf6kEjq,117279433954699,一镜到底横跨两城！零跑自研世界模型到底什么水平？【AI辅助驾驶实测】,图灵的猫,2026-09-16 20:00:00,1169815,334,1,一镜到底横跨两城！零跑自研世界模型到底什么水平？【辅助】,41939108999,16.78000,1,25,16777215,2026-09-28 09:10:29,1790557829,0,fb2c523a,2210118272534416128,？？？？？？？？
BV1RfYf6kEjq,117279433954699,一镜到底横跨两城！零跑自研世界模型到底什么水平？【AI辅助驾驶实测】,图灵的猫,2026-09-16 20:00:00,1169815,334,1,一镜到底横跨两城！零跑自研世界模型到底什么水平？【辅助】,41939108999,211.38900,1,25,16777215,2026-09-27 23:39:17,1790523557,3,d1b6605c,2209830783831976192,5
BV1RfYf6kEjq,117279433954699,一镜到底横跨两城！零跑自研世界模型到底什么水平？【AI辅助驾驶实测】,图灵的猫,2026-09-16 20:00:00,1169815,334,1,一镜到底横跨两城！零跑自研世界模型到底什么水平？【辅助】,41939108999,28.61000,1,25,16777215,2026-09-27 09:41:03,1790473263,0,a2503150,2209408883439769344,路上第一讨厌大鼠标第二就是零跑
BV1RfYf6kEjq,117279433954699,一镜到底横跨两城！零跑自研世界模型到底什么水平？【AI辅助驾驶实测】,图灵的猫,2026-09-16 20:00:00,1169815,334,1,一镜到底横跨两城！零跑自研世界模型到底什么水平？【辅助】,41939108999,326.96300,1,25,16777215,2026-09-27 09:40:40,1790473240,0,9083c360,2209408694855168000,是我早就超车了
BV1RfYf6kEjq,117279433954699,一镜到底横跨两城！零跑自研世界模型到底什么水平？【AI辅助驾驶实测】,图灵的猫,2026-09-16 20:00:00,1169815,334,1,一镜到底横跨两城！零跑自研世界模型到底什么水平？【辅助】,41939108999,42.41000,1,25,16777215,2026-09-27 09:22:39,1790472159,0,4e939f58,2209399627013356800,你的手动来动去干吗？你的手为什么一直放烟花
BV1RfYf6kEjq,117279433954699,一镜到底横跨两城！零跑自研世界模型到底什么水平？【AI辅助驾驶实测】,图灵的猫,2026-09-16 20:00:00,1169815,334,1,一镜到底横跨两城！零跑自研世界模型到底什么水平？【辅助】,41939108999,927.06200,1,25,16777215,2026-09-27 09:22:03,1790472123,0,134b06af,2209399325779086080,这车十万？
BV1RfYf6kEjq,117279433954699,一镜到底横跨两城！零跑自研世界模型到底什么水平？【AI辅助驾驶实测】,图灵的猫,2026-09-16 20:00:00,1169815,334,1,一镜到底横跨两城！零跑自研世界模型到底什么水平？【辅助】,41939108999,749.33800,1,25,16777215,2026-09-27 09:18:45,1790471925,0,134b06af,2209397664884915712,你也遥遥领先？
BV1RfYf6kEjq,117279433954699,一镜到底横跨两城！零跑自研世界模型到底什么水平？【AI辅助驾驶实测】,图灵的猫,2026-09-16 20:00:00,1169815,334,1,一镜到底横跨两城！零跑自研世界模型到底什么水平？【辅助】,41939108999,24.21500,1,25,16777215,2026-09-27 09:17:12,1790471832,0,9e9ad422,2209396879434540288,一点营养都没有的发言
BV1RfYf6kEjq,117279433954699,一镜到底横跨两城！零跑自研世界模型到底什么水平？【AI辅助驾驶实测】,图灵的猫,2026-09-16 20:00:00,1169815,334,1,一镜到底横跨两城！零跑自研世界模型到底什么水平？【辅助】,41939108999,38.17700,1,25,16777215,2026-09-27 09:15:08,1790471708,0,d8d26ee7,2209395843222859264,行不通？那几年前你不开车？
BV1RfYf6kEjq,117279433954699,一镜到底横跨两城！零跑自研世界模型到底什么水平？【AI辅助驾驶实测】,图灵的猫,2026-09-16 20:00:00,1169815,334,1,一镜到底横跨两城！零跑自研世界模型到底什么水平？【辅助】,41939108999,431.45600,1,25,16777215,2026-09-27 09:13:06,1790471586,0,134b06af,2209394815157378304,实线变道吗，有点意思
BV1RfYf6kEjq,117279433954699,一镜到底横跨两城！零跑自研世界模型到底什么水平？【AI辅助驾驶实测】,图灵的猫,2026-09-16 20:00:00,1169815,334,1,一镜到底横跨两城！零跑自研世界模型到底什么水平？【辅助】,41939108999,290.22500,1,25,16777215,2026-09-27 09:09:27,1790471367,0,6a381273,2209392981365306368,你自己家的老版本吧？
BV1RfYf6kEjq,117279433954699,一镜到底横跨两城！零跑自研世界模型到底什么水平？【AI辅助驾驶实测】,图灵的猫,2026-09-16 20:00:00,1169815,334,1,一镜到底横跨两城！零跑自研世界模型到底什么水平？【辅助】,41939108999,25.03700,1,25,16777215,2026-09-27 09:08:40,1790471320,0,fd229450,2209392588501371904,不让客户用生命帮我们训练ai.怎么能够多多捞钱呢
BV1RfYf6kEjq,117279433954699,一镜到底横跨两城！零跑自研世界模型到底什么水平？【AI辅助驾驶实测】,图灵的猫,2026-09-16 20:00:00,1169815,334,1,一镜到底横跨两城！零跑自研世界模型到底什么水平？【辅助】,41939108999,725.95000,1,25,16777215,2026-09-26 09:42:20,1790386940,0,ce189b3e,2208684757238937344,有点矛盾，第一梯队就不会是可用又比较可用
BV1RfYf6kEjq,117279433954699,一镜到底横跨两城！零跑自研世界模型到底什么水平？【AI辅助驾驶实测】,图灵的猫,2026-09-16 20:00:00,1169815,334,1,一镜到底横跨两城！零跑自研世界模型到底什么水平？【辅助】,41939108999,33.90500,1,25,16777215,2026-09-26 09:41:50,1790386910,0,bf8cf135,2208684503525118464,怎么不去高速路自驾？？专门选封闭路段测试？怕死么？
BV1RfYf6kEjq,117279433954699,一镜到底横跨两城！零跑自研世界模型到底什么水平？【AI辅助驾驶实测】,图灵的猫,2026-09-16 20:00:00,1169815,334,1,一镜到底横跨两城！零跑自研世界模型到底什么水平？【辅助】,41939108999,24.76800,1,25,16777215,2026-09-26 09:36:36,1790386596,0,a1db4e00,2208681870164944384,一本正经的吹牛逼
BV1RfYf6kEjq,117279433954699,一镜到底横跨两城！零跑自研世界模型到底什么水平？【AI辅助驾驶实测】,图灵的猫,2026-09-16 20:00:00,1169815,334,1,一镜到底横跨两城！零跑自研世界模型到底什么水平？【辅助】,41939108999,17.75500,1,25,16777215,2026-09-26 09:36:23,1790386583,0,a1db4e00,2208681756826406912,吹牛逼
BV1RfYf6kEjq,117279433954699,一镜到底横跨两城！零跑自研世界模型到底什么水平？【AI辅助驾驶实测】,图灵的猫,2026-09-16 20:00:00,1169815,334,1,一镜到底横跨两城！零跑自研世界模型到底什么水平？【辅助】,41939108999,0.33900,1,25,15138834,2026-09-26 09:32:26,1790386346,0,4c3559d4,2208679770831619584,y
BV1RfYf6kEjq,117279433954699,一镜到底横跨两城！零跑自研世界模型到底什么水平？【AI辅助驾驶实测】,图灵的猫,2026-09-16 20:00:00,1169815,334,1,一镜到底横跨两城！零跑自研世界模型到底什么水平？【辅助】,41939108999,18.24800,1,25,16777215,2026-09-26 09:30:38,1790386238,0,e688bf02,2208678867194025472,一看这肚子，就知道，他们有多不懂AI了
BV1RfYf6kEjq,117279433954699,一镜到底横跨两城！零跑自研世界模型到底什么水平？【AI辅助驾驶实测】,图灵的猫,2026-09-16 20:00:00,1169815,334,1,一镜到底横跨两城！零跑自研世界模型到底什么水平？【辅助】,41939108999,8.43200,1,25,16777215,2026-09-26 09:22:07,1790385727,0,96a638d8,2208674583307988992,上不了台面的水平
BV1RfYf6kEjq,117279433954699,一镜到底横跨两城！零跑自研世界模型到底什么水平？【AI辅助驾驶实测】,图灵的猫,2026-09-16 20:00:00,1169815,334,1,一镜到底横跨两城！零跑自研世界模型到底什么水平？【辅助】,41939108999,740.87900,1,25,16777215,2026-09-26 09:21:24,1790385684,0,1a634672,2208674223059515904,那么多都挂了，零跑真正跑出来了，确实很牛逼
BV1RfYf6kEjq,117279433954699,一镜到底横跨两城！零跑自研世界模型到底什么水平？【AI辅助驾驶实测】,图灵的猫,2026-09-16 20:00:00,1169815,334,1,一镜到底横跨两城！零跑自研世界模型到底什么水平？【辅助】,41939108999,17.33500,1,25,16777215,2026-09-26 09:20:53,1790385653,0,c93b8aed,2208673961964383744,听这群老登谈AI就令人发笑
BV1RfYf6kEjq,117279433954699,一镜到底横跨两城！零跑自研世界模型到底什么水平？【AI辅助驾驶实测】,图灵的猫,2026-09-16 20:00:00,1169815,334,1,一镜到底横跨两城！零跑自研世界模型到底什么水平？【辅助】,41939108999,6.75000,1,25,16777215,2026-09-26 09:12:56,1790385176,0,156a7eec,2208669958869945344,人也会因为有了ai重新分配一次（）
BV1RfYf6kEjq,117279433954699,一镜到底横跨两城！零跑自研世界模型到底什么水平？【AI辅助驾驶实测】,图灵的猫,2026-09-16 20:00:00,1169815,334,1,一镜到底横跨两城！零跑自研世界模型到底什么水平？【辅助】,41939108999,17.10000,1,25,16777215,2026-09-25 22:30:28,1790346628,0,5dc1c9f2,2208346592979989248,单手开车？
BV1RfYf6kEjq,117279433954699,一镜到底横跨两城！零跑自研世界模型到底什么水平？【AI辅助驾驶实测】,图灵的猫,2026-09-16 20:00:00,1169815,334,1,一镜到底横跨两城！零跑自研世界模型到底什么水平？【辅助】,41939108999,11.71000,1,25,16777215,2026-09-25 17:37:14,1790329034,0,8bf37db2,2208199000992347648,如果。。。肯定行不通的。。。一股老登说教味扑面而来
BV1RfYf6kEjq,117279433954699,一镜到底横跨两城！零跑自研世界模型到底什么水平？【AI辅助驾驶实测】,图灵的猫,2026-09-16 20:00:00,1169815,334,1,一镜到底横跨两城！零跑自研世界模型到底什么水平？【辅助】,41939108999,23.28000,1,25,16777215,2026-09-25 16:17:49,1790324269,0,110d2c04,2208159035684301824,奸商
BV1RfYf6kEjq,117279433954699,一镜到底横跨两城！零跑自研世界模型到底什么水平？【AI辅助驾驶实测】,图灵的猫,2026-09-16 20:00:00,1169815,334,1,一镜到底横跨两城！零跑自研世界模型到底什么水平？【辅助】,41939108999,22.64900,1,25,16777215,2026-09-25 15:53:55,1790322835,0,a61ccfd7,2208147003072953344,电车不卷电池，搞这些花里胡哨的
BV1RfYf6kEjq,117279433954699,一镜到底横跨两城！零跑自研世界模型到底什么水平？【AI辅助驾驶实测】,图灵的猫,2026-09-16 20:00:00,1169815,334,1,一镜到底横跨两城！零跑自研世界模型到底什么水平？【辅助】,41939108999,0.00000,1,25,16777215,2026-09-25 15:13:09,1790320389,0,8f0acfd3,2208126482801363968,有本事让AI负责产品质量
BV1RfYf6kEjq,117279433954699,一镜到底横跨两城！零跑自研世界模型到底什么水平？【AI辅助驾驶实测】,图灵的猫,2026-09-16 20:00:00,1169815,334,1,一镜到底横跨两城！零跑自研世界模型到底什么水平？【辅助】,41939108999,32.09100,1,25,16777215,2026-09-25 15:04:05,1790319845,0,b8de88c4,2208121917821812992,有激光雷达的我全都不要
BV1RfYf6kEjq,117279433954699,一镜到底横跨两城！零跑自研世界模型到底什么水平？【AI辅助驾驶实测】,图灵的猫,2026-09-16 20:00:00,1169815,334,1,一镜到底横跨两城！零跑自研世界模型到底什么水平？【辅助】,41939108999,44.96600,1,25,16777215,2026-09-25 14:30:06,1790317806,0,e8785af1,2208104816587287552,我开车闯祸算我的，ai开车闯祸还是算我的
BV1RfYf6kEjq,117279433954699,一镜到底横跨两城！零跑自研世界模型到底什么水平？【AI辅助驾驶实测】,图灵的猫,2026-09-16 20:00:00,1169815,334,1,一镜到底横跨两城！零跑自研世界模型到底什么水平？【辅助】,41939108999,121.47600,1,25,16777215,2026-09-25 13:10:42,1790313042,0,c2862859,2208064854114275840,违法了吧
BV1RfYf6kEjq,117279433954699,一镜到底横跨两城！零跑自研世界模型到底什么水平？【AI辅助驾驶实测】,图灵的猫,2026-09-16 20:00:00,1169815,334,1,一镜到底横跨两城！零跑自研世界模型到底什么水平？【辅助】,41939108999,17.73500,1,25,16777215,2026-09-25 12:25:45,1790310345,0,c9232086,2208042231708486912,没有开声音，我以为是姚大秋
BV1RfYf6kEjq,117279433954699,一镜到底横跨两城！零跑自研世界模型到底什么水平？【AI辅助驾驶实测】,图灵的猫,2026-09-16 20:00:00,1169815,334,1,一镜到底横跨两城！零跑自研世界模型到底什么水平？【辅助】,41939108999,432.29700,1,25,16777215,2026-09-25 09:46:50,1790300810,0,5ecd5e1f,2207962240332727296,实线变道改吹上了？
BV1RfYf6kEjq,117279433954699,一镜到底横跨两城！零跑自研世界模型到底什么水平？【AI辅助驾驶实测】,图灵的猫,2026-09-16 20:00:00,1169815,334,1,一镜到底横跨两城！零跑自研世界模型到底什么水平？【辅助】,41939108999,276.20000,1,25,16777215,2026-09-25 09:43:15,1790300595,0,5ecd5e1f,2207960437948165120,人家正常变道，你说加塞？
BV1RfYf6kEjq,117279433954699,一镜到底横跨两城！零跑自研世界模型到底什么水平？【AI辅助驾驶实测】,图灵的猫,2026-09-16 20:00:00,1169815,334,1,一镜到底横跨两城！零跑自研世界模型到底什么水平？【辅助】,41939108999,5.08100,1,25,16777215,2026-09-24 13:51:40,1790229100,0,a8320a44,2207360696079929600,我看你就像ai
BV1RfYf6kEjq,117279433954699,一镜到底横跨两城！零跑自研世界模型到底什么水平？【AI辅助驾驶实测】,图灵的猫,2026-09-16 20:00:00,1169815,334,1,一镜到底横跨两城！零跑自研世界模型到底什么水平？【辅助】,41939108999,40.71100,1,25,16777215,2026-09-24 13:48:22,1790228902,0,8d0c0561,2207359036100401152,故事要讲的漂亮
BV1RfYf6kEjq,117279433954699,一镜到底横跨两城！零跑自研世界模型到底什么水平？【AI辅助驾驶实测】,图灵的猫,2026-09-16 20:00:00,1169815,334,1,一镜到底横跨两城！零跑自研世界模型到底什么水平？【辅助】,41939108999,1974.29700,1,25,16777215,2026-09-23 22:29:26,1790173766,0,d27d5ed1,2206896525409038336,进厂没有审查吗
BV1RfYf6kEjq,117279433954699,一镜到底横跨两城！零跑自研世界模型到底什么水平？【AI辅助驾驶实测】,图灵的猫,2026-09-16 20:00:00,1169815,334,1,一镜到底横跨两城！零跑自研世界模型到底什么水平？【辅助】,41939108999,13.34400,1,25,16777215,2026-09-23 19:43:46,1790163826,0,b5ba4884,2206813139851947008,为什么一定要ai，哪里行不通？
BV1RfYf6kEjq,117279433954699,一镜到底横跨两城！零跑自研世界模型到底什么水平？【AI辅助驾驶实测】,图灵的猫,2026-09-16 20:00:00,1169815,334,1,一镜到底横跨两城！零跑自研世界模型到底什么水平？【辅助】,41939108999,17.52000,1,25,16777215,2026-09-23 13:41:49,1790142109,0,70218c51,2206630959737370624,什么牌子避个雷
BV1RfYf6kEjq,117279433954699,一镜到底横跨两城！零跑自研世界模型到底什么水平？【AI辅助驾驶实测】,图灵的猫,2026-09-16 20:00:00,1169815,334,1,一镜到底横跨两城！零跑自研世界模型到底什么水平？【辅助】,41939108999,21.34000,1,25,16777215,2026-09-23 09:32:37,1790127157,0,a31e3e5e,2206505535703596800,绷不住
BV1RfYf6kEjq,117279433954699,一镜到底横跨两城！零跑自研世界模型到底什么水平？【AI辅助驾驶实测】,图灵的猫,2026-09-16 20:00:00,1169815,334,1,一镜到底横跨两城！零跑自研世界模型到底什么水平？【辅助】,41939108999,27.24800,1,25,16777215,2026-09-23 08:23:03,1790122983,0,30a34e53,2206470525839186688,你算个刁毛，自己先预设个“行不通”？？
BV1RfYf6kEjq,117279433954699,一镜到底横跨两城！零跑自研世界模型到底什么水平？【AI辅助驾驶实测】,图灵的猫,2026-09-16 20:00:00,1169815,334,1,一镜到底横跨两城！零跑自研世界模型到底什么水平？【辅助】,41939108999,211.75800,1,25,16777215,2026-09-22 22:57:51,1790089071,3,ac5ec16b,2206186050995520256,5
BV1RfYf6kEjq,117279433954699,一镜到底横跨两城！零跑自研世界模型到底什么水平？【AI辅助驾驶实测】,图灵的猫,2026-09-16 20:00:00,1169815,334,1,一镜到底横跨两城！零跑自研世界模型到底什么水平？【辅助】,41939108999,49.03900,1,25,16777215,2026-09-22 19:33:25,1790076805,0,d3c72d03,2206083155122310912,AI是有钱人的玩具，行不行？都是由他们买单
BV1RfYf6kEjq,117279433954699,一镜到底横跨两城！零跑自研世界模型到底什么水平？【AI辅助驾驶实测】,图灵的猫,2026-09-16 20:00:00,1169815,334,1,一镜到底横跨两城！零跑自研世界模型到底什么水平？【辅助】,41939108999,12.17900,1,25,16777215,2026-09-22 19:19:59,1790075999,0,4ea98fa,2206076389776963328,手不摆两下话说不出来？
BV1RfYf6kEjq,117279433954699,一镜到底横跨两城！零跑自研世界模型到底什么水平？【AI辅助驾驶实测】,图灵的猫,2026-09-16 20:00:00,1169815,334,1,一镜到底横跨两城！零跑自研世界模型到底什么水平？【辅助】,41939108999,13.94000,1,25,16777215,2026-09-22 17:53:29,1790070809,0,5805668e,2206032856491637248,交警呢，这俩酒驾不管一下？
BV1RfYf6kEjq,117279433954699,一镜到底横跨两城！零跑自研世界模型到底什么水平？【AI辅助驾驶实测】,图灵的猫,2026-09-16 20:00:00,1169815,334,1,一镜到底横跨两城！零跑自研世界模型到底什么水平？【辅助】,41939108999,210.59900,1,25,16777215,2026-09-22 11:59:38,1790049578,3,b09a2c0a,2205854753685266944,5
BV1RfYf6kEjq,117279433954699,一镜到底横跨两城！零跑自研世界模型到底什么水平？【AI辅助驾驶实测】,图灵的猫,2026-09-16 20:00:00,1169815,334,1,一镜到底横跨两城！零跑自研世界模型到底什么水平？【辅助】,41939108999,17.45100,1,25,16777215,2026-09-22 11:01:35,1790046095,0,1f04e38e,2205825538034091008,肯定行不通啊
BV1RfYf6kEjq,117279433954699,一镜到底横跨两城！零跑自研世界模型到底什么水平？【AI辅助驾驶实测】,图灵的猫,2026-09-16 20:00:00,1169815,334,1,一镜到底横跨两城！零跑自研世界模型到底什么水平？【辅助】,41939108999,326.70700,1,25,16777215,2026-09-21 23:54:50,1790006090,0,8fc4001d,2205489957802526464,L3？
BV1RfYf6kEjq,117279433954699,一镜到底横跨两城！零跑自研世界模型到底什么水平？【AI辅助驾驶实测】,图灵的猫,2026-09-16 20:00:00,1169815,334,1,一镜到底横跨两城！零跑自研世界模型到底什么水平？【辅助】,41939108999,18.40300,5,25,15138834,2026-09-21 23:52:42,1790005962,0,9ab03b4c,2205488878868592640,难说
BV1RfYf6kEjq,117279433954699,一镜到底横跨两城！零跑自研世界模型到底什么水平？【AI辅助驾驶实测】,图灵的猫,2026-09-16 20:00:00,1169815,334,1,一镜到底横跨两城！零跑自研世界模型到底什么水平？【辅助】,41939108999,22.98300,1,25,16777215,2026-09-21 21:55:50,1789998950,0,bfaf14fa,2205430062663686912,车可以没有Ai
BV1RfYf6kEjq,117279433954699,一镜到底横跨两城！零跑自研世界模型到底什么水平？【AI辅助驾驶实测】,图灵的猫,2026-09-16 20:00:00,1169815,334,1,一镜到底横跨两城！零跑自研世界模型到底什么水平？【辅助】,41939108999,18.43900,1,25,16777215,2026-09-21 21:01:01,1789995661,0,8e24016,2205402470526580480,智驾？不就是辅助驾驶吗？
BV1RfYf6kEjq,117279433954699,一镜到底横跨两城！零跑自研世界模型到底什么水平？【AI辅助驾驶实测】,图灵的猫,2026-09-16 20:00:00,1169815,334,1,一镜到底横跨两城！零跑自研世界模型到底什么水平？【辅助】,41939108999,10.40000,1,25,16777215,2026-09-21 19:39:09,1789990749,0,4bd3e8bf,2205361266817134848,ai:段子别撅笋
BV1RfYf6kEjq,117279433954699,一镜到底横跨两城！零跑自研世界模型到底什么水平？【AI辅助驾驶实测】,图灵的猫,2026-09-16 20:00:00,1169815,334,1,一镜到底横跨两城！零跑自研世界模型到底什么水平？【辅助】,41939108999,48.26300,1,25,16777215,2026-09-21 17:56:51,1789984611,0,10b17183,2205309774210597120,你说，具体是谁说的？？？
BV1RfYf6kEjq,117279433954699,一镜到底横跨两城！零跑自研世界模型到底什么水平？【AI辅助驾驶实测】,图灵的猫,2026-09-16 20:00:00,1169815,334,1,一镜到底横跨两城！零跑自研世界模型到底什么水平？【辅助】,41939108999,13.49000,1,25,16777215,2026-09-21 17:38:12,1789983492,0,95027aae,2205300389162232832,特斯拉？
BV1RfYf6kEjq,117279433954699,一镜到底横跨两城！零跑自研世界模型到底什么水平？【AI辅助驾驶实测】,图灵的猫,2026-09-16 20:00:00,1169815,334,1,一镜到底横跨两城！零跑自研世界模型到底什么水平？【辅助】,41939108999,22.07900,1,25,16777215,2026-09-21 16:24:47,1789979087,0,d8a6e20f,2205263436496658176,双胞胎吗？
BV1RfYf6kEjq,117279433954699,一镜到底横跨两城！零跑自研世界模型到底什么水平？【AI辅助驾驶实测】,图灵的猫,2026-09-16 20:00:00,1169815,334,1,一镜到底横跨两城！零跑自研世界模型到底什么水平？【辅助】,41939108999,16.30600,1,25,16777215,2026-09-21 13:56:36,1789970196,0,6e84bd33,2205188850211765760,不要天天吹自驾行不行？中国目前没有开启L3，不要误导了，天天开高速遇到这些玩意儿
BV1RfYf6kEjq,117279433954699,一镜到底横跨两城！零跑自研世界模型到底什么水平？【AI辅助驾驶实测】,图灵的猫,2026-09-16 20:00:00,1169815,334,1,一镜到底横跨两城！零跑自研世界模型到底什么水平？【辅助】,41939108999,4.07700,1,25,16777215,2026-09-21 12:42:56,1789965776,0,59bb6ef3,2205151776641629696,老登
BV1RfYf6kEjq,117279433954699,一镜到底横跨两城！零跑自研世界模型到底什么水平？【AI辅助驾驶实测】,图灵的猫,2026-09-16 20:00:00,1169815,334,1,一镜到底横跨两城！零跑自研世界模型到底什么水平？【辅助】,41939108999,1639.96600,1,25,16777215,2026-09-21 10:31:44,1789957904,0,3e174893,2205085743691699456,有原则在，辅助驾驶应该会识别然后减速，没有原则就你懂的
BV1RfYf6kEjq,117279433954699,一镜到底横跨两城！零跑自研世界模型到底什么水平？【AI辅助驾驶实测】,图灵的猫,2026-09-16 20:00:00,1169815,334,1,一镜到底横跨两城！零跑自研世界模型到底什么水平？【辅助】,41939108999,203.81800,1,25,41194,2026-09-21 10:24:16,1789957456,0,65cd23bf,2205081978204908032,我的是宇宙模型
BV1RfYf6kEjq,117279433954699,一镜到底横跨两城！零跑自研世界模型到底什么水平？【AI辅助驾驶实测】,图灵的猫,2026-09-16 20:00:00,1169815,334,1,一镜到底横跨两城！零跑自研世界模型到底什么水平？【辅助】,41939108999,139.59000,1,25,41194,2026-09-21 10:22:51,1789957371,0,65cd23bf,2205081270415847424,Aeb都不测，那测这些有啥意义
BV1RfYf6kEjq,117279433954699,一镜到底横跨两城！零跑自研世界模型到底什么水平？【AI辅助驾驶实测】,图灵的猫,2026-09-16 20:00:00,1169815,334,1,一镜到底横跨两城！零跑自研世界模型到底什么水平？【辅助】,41939108999,268.16300,1,25,16777215,2026-09-21 10:05:02,1789956302,0,a8c40190,2205072298170769152,领导有点吵，听技术呢别说话
BV1RfYf6kEjq,117279433954699,一镜到底横跨两城！零跑自研世界模型到底什么水平？【AI辅助驾驶实测】,图灵的猫,2026-09-16 20:00:00,1169815,334,1,一镜到底横跨两城！零跑自研世界模型到底什么水平？【辅助】,41939108999,18.17700,1,25,16777215,2026-09-21 09:51:55,1789955515,0,74f9bbac,2205065698559631104,那现在ai迭代这么快，你想买车跟上它的速度恐怕钱包受不了吧
BV1RfYf6kEjq,117279433954699,一镜到底横跨两城！零跑自研世界模型到底什么水平？【AI辅助驾驶实测】,图灵的猫,2026-09-16 20:00:00,1169815,334,1,一镜到底横跨两城！零跑自研世界模型到底什么水平？【辅助】,41939108999,22.06900,1,25,16777215,2026-09-21 09:34:22,1789954462,0,13512b7f,2205056863744405248,那么问题来了，AI撞到人工的车，谁负责任大？
BV1RfYf6kEjq,117279433954699,一镜到底横跨两城！零跑自研世界模型到底什么水平？【AI辅助驾驶实测】,图灵的猫,2026-09-16 20:00:00,1169815,334,1,一镜到底横跨两城！零跑自研世界模型到底什么水平？【辅助】,41939108999,25.09500,1,25,16777215,2026-09-21 09:33:01,1789954381,0,31f04014,2205056188587802112,你算什么啊这样说
BV1RfYf6kEjq,117279433954699,一镜到底横跨两城！零跑自研世界模型到底什么水平？【AI辅助驾驶实测】,图灵的猫,2026-09-16 20:00:00,1169815,334,1,一镜到底横跨两城！零跑自研世界模型到底什么水平？【辅助】,41939108999,7.94300,1,25,16777215,2026-09-21 08:18:57,1789949937,0,36c17a0f,2205018911408304384,车里没人懂ai
BV1RfYf6kEjq,117279433954699,一镜到底横跨两城！零跑自研世界模型到底什么水平？【AI辅助驾驶实测】,图灵的猫,2026-09-16 20:00:00,1169815,334,1,一镜到底横跨两城！零跑自研世界模型到底什么水平？【辅助】,41939108999,10.91400,1,25,16777215,2026-09-20 22:17:38,1789913858,0,55bfff5c,2204716256396264448,井底网，，令硕
BV1RfYf6kEjq,117279433954699,一镜到底横跨两城！零跑自研世界模型到底什么水平？【AI辅助驾驶实测】,图灵的猫,2026-09-16 20:00:00,1169815,334,1,一镜到底横跨两城！零跑自研世界模型到底什么水平？【辅助】,41939108999,12.57900,1,25,16777215,2026-09-20 21:42:03,1789911723,0,e1ebe6ca,2204698346609417216,老登，你懂ai吗？ai可不是爱的意思
BV1RfYf6kEjq,117279433954699,一镜到底横跨两城！零跑自研世界模型到底什么水平？【AI辅助驾驶实测】,图灵的猫,2026-09-16 20:00:00,1169815,334,1,一镜到底横跨两城！零跑自研世界模型到底什么水平？【辅助】,41939108999,36.35200,1,25,16777215,2026-09-20 21:09:36,1789909776,0,3f0693cb,2204682010935769600,什么自驾就是往屁股贴金自己用吧
BV1RfYf6kEjq,117279433954699,一镜到底横跨两城！零跑自研世界模型到底什么水平？【AI辅助驾驶实测】,图灵的猫,2026-09-16 20:00:00,1169815,334,1,一镜到底横跨两城！零跑自研世界模型到底什么水平？【辅助】,41939108999,195.19000,1,25,16777215,2026-09-20 19:53:54,1789905234,0,b50ce2f5,2204643912805867264,可变车道
BV1RfYf6kEjq,117279433954699,一镜到底横跨两城！零跑自研世界模型到底什么水平？【AI辅助驾驶实测】,图灵的猫,2026-09-16 20:00:00,1169815,334,1,一镜到底横跨两城！零跑自研世界模型到底什么水平？【辅助】,41939108999,212.23400,1,25,16777215,2026-09-20 19:18:59,1789903139,3,18cd7eb3,2204626335056546304,5
BV1RfYf6kEjq,117279433954699,一镜到底横跨两城！零跑自研世界模型到底什么水平？【AI辅助驾驶实测】,图灵的猫,2026-09-16 20:00:00,1169815,334,1,一镜到底横跨两城！零跑自研世界模型到底什么水平？【辅助】,41939108999,55.90000,1,25,16777215,2026-09-20 19:05:29,1789902329,0,eded3214,2204619539881431296,为单一目的建算力中心。。
BV1RfYf6kEjq,117279433954699,一镜到底横跨两城！零跑自研世界模型到底什么水平？【AI辅助驾驶实测】,图灵的猫,2026-09-16 20:00:00,1169815,334,1,一镜到底横跨两城！零跑自研世界模型到底什么水平？【辅助】,41939108999,44.88000,1,25,16777215,2026-09-20 19:04:17,1789902257,0,eded3214,2204618943115805952,有钱投资AI随便你，你觉得不亏就行，大多数应该都是卖算力。
BV1RfYf6kEjq,117279433954699,一镜到底横跨两城！零跑自研世界模型到底什么水平？【AI辅助驾驶实测】,图灵的猫,2026-09-16 20:00:00,1169815,334,1,一镜到底横跨两城！零跑自研世界模型到底什么水平？【辅助】,41939108999,19.46800,1,25,16777215,2026-09-20 18:40:34,1789900834,0,26fe9270,2204607004205823232,就是行不通，一帮老登还为啥
BV1RfYf6kEjq,117279433954699,一镜到底横跨两城！零跑自研世界模型到底什么水平？【AI辅助驾驶实测】,图灵的猫,2026-09-16 20:00:00,1169815,334,1,一镜到底横跨两城！零跑自研世界模型到底什么水平？【辅助】,41939108999,212.31100,1,25,16777215,2026-09-20 18:31:21,1789900281,0,141dfb77,2204602362252417024,大地方，前后左右都是钱，即使赚了钱也是买更刺激，没意思
BV1RfYf6kEjq,117279433954699,一镜到底横跨两城！零跑自研世界模型到底什么水平？【AI辅助驾驶实测】,图灵的猫,2026-09-16 20:00:00,1169815,334,1,一镜到底横跨两城！零跑自研世界模型到底什么水平？【辅助】,41939108999,17.49400,1,25,16777215,2026-09-20 17:58:32,1789898312,0,79803162,2204585848975630336,为啥行不通？不上上路吗
BV1RfYf6kEjq,117279433954699,一镜到底横跨两城！零跑自研世界模型到底什么水平？【AI辅助驾驶实测】,图灵的猫,2026-09-16 20:00:00,1169815,334,1,一镜到底横跨两城！零跑自研世界模型到底什么水平？【辅助】,41939108999,25.91300,1,25,16777215,2026-09-20 17:28:43,1789896523,0,ef2b829e,2204570841395041024,怕不是有点啥病
BV1RfYf6kEjq,117279433954699,一镜到底横跨两城！零跑自研世界模型到底什么水平？【AI辅助驾驶实测】,图灵的猫,2026-09-16 20:00:00,1169815,334,1,一镜到底横跨两城！零跑自研世界模型到底什么水平？【辅助】,41939108999,15.40200,1,25,16777215,2026-09-20 13:56:23,1789883783,0,7c2687c5,2204463964976125184,为啥要你代表 我就不想要智驾啊
BV1RfYf6kEjq,117279433954699,一镜到底横跨两城！零跑自研世界模型到底什么水平？【AI辅助驾驶实测】,图灵的猫,2026-09-16 20:00:00,1169815,334,1,一镜到底横跨两城！零跑自研世界模型到底什么水平？【辅助】,41939108999,1781.96400,1,25,16777215,2026-09-20 13:15:52,1789881352,0,ba922cf4,2204443576657347584,这厢式货车都不关门啊
BV1RfYf6kEjq,117279433954699,一镜到底横跨两城！零跑自研世界模型到底什么水平？【AI辅助驾驶实测】,图灵的猫,2026-09-16 20:00:00,1169815,334,1,一镜到底横跨两城！零跑自研世界模型到底什么水平？【辅助】,41939108999,1632.84000,1,25,16777215,2026-09-20 13:14:24,1789881264,0,ba922cf4,2204442836446521856,30限速开56，有点吓人
BV1RfYf6kEjq,117279433954699,一镜到底横跨两城！零跑自研世界模型到底什么水平？【AI辅助驾驶实测】,图灵的猫,2026-09-16 20:00:00,1169815,334,1,一镜到底横跨两城！零跑自研世界模型到底什么水平？【辅助】,41939108999,56.97800,1,25,16777215,2026-09-20 10:41:25,1789872085,0,86b6ed3d,2204365834695721472,想送命就买
BV1RfYf6kEjq,117279433954699,一镜到底横跨两城！零跑自研世界模型到底什么水平？【AI辅助驾驶实测】,图灵的猫,2026-09-16 20:00:00,1169815,334,1,一镜到底横跨两城！零跑自研世界模型到底什么水平？【辅助】,41939108999,18.29500,1,25,16777215,2026-09-20 07:00:52,1789858852,0,c6fb375f,2204254832457251328,阴阳谁呢
BV1RfYf6kEjq,117279433954699,一镜到底横跨两城！零跑自研世界模型到底什么水平？【AI辅助驾驶实测】,图灵的猫,2026-09-16 20:00:00,1169815,334,1,一镜到底横跨两城！零跑自研世界模型到底什么水平？【辅助】,41939108999,5.06800,1,25,16777215,2026-09-20 06:46:22,1789857982,0,a5545e4e,2204247530181881856,互联网
BV1RfYf6kEjq,117279433954699,一镜到底横跨两城！零跑自研世界模型到底什么水平？【AI辅助驾驶实测】,图灵的猫,2026-09-16 20:00:00,1169815,334,1,一镜到底横跨两城！零跑自研世界模型到底什么水平？【辅助】,41939108999,574.96800,5,25,16777215,2026-09-19 23:09:06,1789830546,0,6e07f9a0,2204017381859227648,理想23年就搞定的事情，8155做环视记录仪，跟屁虫您还在这洋洋得意
BV1RfYf6kEjq,117279433954699,一镜到底横跨两城！零跑自研世界模型到底什么水平？【AI辅助驾驶实测】,图灵的猫,2026-09-16 20:00:00,1169815,334,1,一镜到底横跨两城！零跑自研世界模型到底什么水平？【辅助】,41939108999,562.89900,5,25,16777215,2026-09-19 23:01:18,1789830078,0,6e07f9a0,2204013461653198848,audio.dsp能替代功放？您真懂
BV1RfYf6kEjq,117279433954699,一镜到底横跨两城！零跑自研世界模型到底什么水平？【AI辅助驾驶实测】,图灵的猫,2026-09-16 20:00:00,1169815,334,1,一镜到底横跨两城！零跑自研世界模型到底什么水平？【辅助】,41939108999,361.86400,1,25,16777215,2026-09-19 22:23:55,1789827835,0,9bb6aff4,2203994641777498368,罗了吧嗦
BV1RfYf6kEjq,117279433954699,一镜到底横跨两城！零跑自研世界模型到底什么水平？【AI辅助驾驶实测】,图灵的猫,2026-09-16 20:00:00,1169815,334,1,一镜到底横跨两城！零跑自研世界模型到底什么水平？【辅助】,41939108999,332.70400,1,25,16777215,2026-09-19 22:23:10,1789827790,0,9bb6aff4,2203994269113413120,不会讲可以闭嘴！！！
BV1RfYf6kEjq,117279433954699,一镜到底横跨两城！零跑自研世界模型到底什么水平？【AI辅助驾驶实测】,图灵的猫,2026-09-16 20:00:00,1169815,334,1,一镜到底横跨两城！零跑自研世界模型到底什么水平？【辅助】,41939108999,10.79600,1,25,16777215,2026-09-19 19:04:22,1789815862,0,7c2eda80,2203894205410768896,老登味真重
BV1RfYf6kEjq,117279433954699,一镜到底横跨两城！零跑自研世界模型到底什么水平？【AI辅助驾驶实测】,图灵的猫,2026-09-16 20:00:00,1169815,334,1,一镜到底横跨两城！零跑自研世界模型到底什么水平？【辅助】,41939108999,12.67300,1,25,41194,2026-09-19 19:01:35,1789815695,0,65219d13,2203892801778541312,手动档行不通？
BV1RfYf6kEjq,117279433954699,一镜到底横跨两城！零跑自研世界模型到底什么水平？【AI辅助驾驶实测】,图灵的猫,2026-09-16 20:00:00,1169815,334,1,一镜到底横跨两城！零跑自研世界模型到底什么水平？【辅助】,41939108999,13.48900,1,25,16777215,2026-09-19 17:21:58,1789809718,0,d34d9c65,2203842667455099392,你也要重新投胎一次。
BV1RfYf6kEjq,117279433954699,一镜到底横跨两城！零跑自研世界模型到底什么水平？【AI辅助驾驶实测】,图灵的猫,2026-09-16 20:00:00,1169815,334,1,一镜到底横跨两城！零跑自研世界模型到底什么水平？【辅助】,41939108999,26.49400,1,25,16777215,2026-09-19 16:44:14,1789807454,0,6bc04a24,2203823671402626816,行不通指的是自家产品没有ai这个功能会被淘汰吧？
BV1RfYf6kEjq,117279433954699,一镜到底横跨两城！零跑自研世界模型到底什么水平？【AI辅助驾驶实测】,图灵的猫,2026-09-16 20:00:00,1169815,334,1,一镜到底横跨两城！零跑自研世界模型到底什么水平？【辅助】,41939108999,18.51600,1,25,16777215,2026-09-19 16:41:58,1789807318,0,e2786587,2203822529486212608,行得通的，别问，问就是情怀
BV1RfYf6kEjq,117279433954699,一镜到底横跨两城！零跑自研世界模型到底什么水平？【AI辅助驾驶实测】,图灵的猫,2026-09-16 20:00:00,1169815,334,1,一镜到底横跨两城！零跑自研世界模型到底什么水平？【辅助】,41939108999,33.99700,1,25,16777215,2026-09-19 16:02:34,1789804954,0,5c0e4ec,2203802702575360256,当Ai与人争夺驾驶 生产厂家有做物理防御按键吗
BV1RfYf6kEjq,117279433954699,一镜到底横跨两城！零跑自研世界模型到底什么水平？【AI辅助驾驶实测】,图灵的猫,2026-09-16 20:00:00,1169815,334,1,一镜到底横跨两城！零跑自研世界模型到底什么水平？【辅助】,41939108999,15.29000,1,25,15138834,2026-09-19 14:06:17,1789797977,0,ecf9a274,2203744171566211840,？？？？人是死的吗
BV1RfYf6kEjq,117279433954699,一镜到底横跨两城！零跑自研世界模型到底什么水平？【AI辅助驾驶实测】,图灵的猫,2026-09-16 20:00:00,1169815,334,1,一镜到底横跨两城！零跑自研世界模型到底什么水平？【辅助】,41939108999,0.53900,1,25,16777215,2026-09-19 13:29:13,1789795753,0,b7f5ac8a,2203725523010474496,四个魔头
BV1RfYf6kEjq,117279433954699,一镜到底横跨两城！零跑自研世界模型到底什么水平？【AI辅助驾驶实测】,图灵的猫,2026-09-16 20:00:00,1169815,334,1,一镜到底横跨两城！零跑自研世界模型到底什么水平？【辅助】,41939108999,10.60400,1,25,16777215,2026-09-19 12:51:51,1789793511,0,e5fabce6,2203706712018947328,天天重新做，死老头子
BV1RfYf6kEjq,117279433954699,一镜到底横跨两城！零跑自研世界模型到底什么水平？【AI辅助驾驶实测】,图灵的猫,2026-09-16 20:00:00,1169815,334,1,一镜到底横跨两城！零跑自研世界模型到底什么水平？【辅助】,41939108999,14.31600,1,25,16777215,2026-09-19 12:13:49,1789791229,0,7ec3dc11,2203687567898291968,AI本身没有生产力，降智的产品
BV1RfYf6kEjq,117279433954699,一镜到底横跨两城！零跑自研世界模型到底什么水平？【AI辅助驾驶实测】,图灵的猫,2026-09-16 20:00:00,1169815,334,1,一镜到底横跨两城！零跑自研世界模型到底什么水平？【辅助】,41939108999,24.38700,1,25,16777215,2026-09-19 10:43:09,1789785789,0,ee2e36fb,2203641933979797504,我只坐过一次领跑的车，我不想再坐第二次。司机偷懒开智驾，搞的我晕车，司机为省电，空调不敢开足。
BV1RfYf6kEjq,117279433954699,一镜到底横跨两城！零跑自研世界模型到底什么水平？【AI辅助驾驶实测】,图灵的猫,2026-09-16 20:00:00,1169815,334,1,一镜到底横跨两城！零跑自研世界模型到底什么水平？【辅助】,41939108999,9.33900,5,25,14811775,2026-09-19 09:10:43,1789780243,0,fbebd7bb,2203595411758110464,树新风不上税
BV1RfYf6kEjq,117279433954699,一镜到底横跨两城！零跑自研世界模型到底什么水平？【AI辅助驾驶实测】,图灵的猫,2026-09-16 20:00:00,1169815,334,1,一镜到底横跨两城！零跑自研世界模型到底什么水平？【辅助】,41939108999,13.49100,1,25,16777215,2026-09-19 08:41:34,1789778494,0,9e2b51ae,2203580741282593792,是的，会死的
BV1RfYf6kEjq,117279433954699,一镜到底横跨两城！零跑自研世界模型到底什么水平？【AI辅助驾驶实测】,图灵的猫,2026-09-16 20:00:00,1169815,334,1,一镜到底横跨两城！零跑自研世界模型到底什么水平？【辅助】,41939108999,35.65900,1,25,16777215,2026-09-19 05:23:25,1789766605,0,86a98b88,2203481006462962944,到底想说是我开车还是车开我？
BV1RfYf6kEjq,117279433954699,一镜到底横跨两城！零跑自研世界模型到底什么水平？【AI辅助驾驶实测】,图灵的猫,2026-09-16 20:00:00,1169815,334,1,一镜到底横跨两城！零跑自研世界模型到底什么水平？【辅助】,41939108999,2000.48900,1,25,16777215,2026-09-19 00:35:45,1789749345,0,98820545,2203336219382600192,桌面壁纸ui这个隐形墙，是一直都不打算优化了吗
BV1RfYf6kEjq,117279433954699,一镜到底横跨两城！零跑自研世界模型到底什么水平？【AI辅助驾驶实测】,图灵的猫,2026-09-16 20:00:00,1169815,334,1,一镜到底横跨两城！零跑自研世界模型到底什么水平？【辅助】,41939108999,192.26900,1,25,16777215,2026-09-18 22:30:22,1789741822,0,22dd45db,2203273116682863104,走到直行道右转了
BV1RfYf6kEjq,117279433954699,一镜到底横跨两城！零跑自研世界模型到底什么水平？【AI辅助驾驶实测】,图灵的猫,2026-09-16 20:00:00,1169815,334,1,一镜到底横跨两城！零跑自研世界模型到底什么水平？【辅助】,41939108999,35.34300,1,25,16777215,2026-09-18 20:12:01,1789733521,0,67b3a262,2203203480464943360,车，你信ai，还是信自己
BV1RfYf6kEjq,117279433954699,一镜到底横跨两城！零跑自研世界模型到底什么水平？【AI辅助驾驶实测】,图灵的猫,2026-09-16 20:00:00,1169815,334,1,一镜到底横跨两城！零跑自研世界模型到底什么水平？【辅助】,41939108999,18.94600,1,25,16777215,2026-09-18 19:02:17,1789729337,0,1195b58,2203168379777604352,行不通？ 你先把智驾做成熟了
BV1RfYf6kEjq,117279433954699,一镜到底横跨两城！零跑自研世界模型到底什么水平？【AI辅助驾驶实测】,图灵的猫,2026-09-16 20:00:00,1169815,334,1,一镜到底横跨两城！零跑自研世界模型到底什么水平？【辅助】,41939108999,20.63100,1,25,16777215,2026-09-18 18:27:47,1789727267,0,6214c259,2203151015443085824,光这句行不通，你这家汽车给我gun
BV1RfYf6kEjq,117279433954699,一镜到底横跨两城！零跑自研世界模型到底什么水平？【AI辅助驾驶实测】,图灵的猫,2026-09-16 20:00:00,1169815,334,1,一镜到底横跨两城！零跑自研世界模型到底什么水平？【辅助】,41939108999,1652.97000,1,25,16777215,2026-09-18 17:57:10,1789725430,0,8f749cfb,2203135608438820864,有摄像头导航老早就知道了。。。
BV1RfYf6kEjq,117279433954699,一镜到底横跨两城！零跑自研世界模型到底什么水平？【AI辅助驾驶实测】,图灵的猫,2026-09-16 20:00:00,1169815,334,1,一镜到底横跨两城！零跑自研世界模型到底什么水平？【辅助】,41939108999,24.85400,1,25,16777215,2026-09-18 17:54:44,1789725284,0,c5ab06b8,2203134383383495168,我特意买的没有智驾的
BV1RfYf6kEjq,117279433954699,一镜到底横跨两城！零跑自研世界模型到底什么水平？【AI辅助驾驶实测】,图灵的猫,2026-09-16 20:00:00,1169815,334,1,一镜到底横跨两城！零跑自研世界模型到底什么水平？【辅助】,41939108999,25.97700,1,25,16777215,2026-09-18 15:38:14,1789717094,0,3b178c09,2203065678888663552,后面两个
BV1RfYf6kEjq,117279433954699,一镜到底横跨两城！零跑自研世界模型到底什么水平？【AI辅助驾驶实测】,图灵的猫,2026-09-16 20:00:00,1169815,334,1,一镜到底横跨两城！零跑自研世界模型到底什么水平？【辅助】,41939108999,5.54800,1,25,16777215,2026-09-18 15:09:33,1789715373,0,89168525,2203051242078010880,无限
BV1RfYf6kEjq,117279433954699,一镜到底横跨两城！零跑自研世界模型到底什么水平？【AI辅助驾驶实测】,图灵的猫,2026-09-16 20:00:00,1169815,334,1,一镜到底横跨两城！零跑自研世界模型到底什么水平？【辅助】,41939108999,17.46800,1,25,16777215,2026-09-18 13:52:17,1789710737,0,97e15dc5,2203012351342006016,？
BV1RfYf6kEjq,117279433954699,一镜到底横跨两城！零跑自研世界模型到底什么水平？【AI辅助驾驶实测】,图灵的猫,2026-09-16 20:00:00,1169815,334,1,一镜到底横跨两城！零跑自研世界模型到底什么水平？【辅助】,41939108999,588.75400,1,25,16777215,2026-09-18 12:51:41,1789707101,0,aae7011,2202981854264222976,这段显功底
BV1RfYf6kEjq,117279433954699,一镜到底横跨两城！零跑自研世界模型到底什么水平？【AI辅助驾驶实测】,图灵的猫,2026-09-16 20:00:00,1169815,334,1,一镜到底横跨两城！零跑自研世界模型到底什么水平？【辅助】,41939108999,1307.72200,1,25,16777215,2026-09-18 11:48:33,1789703313,0,6e4177cd,2202950073636547840,那三辆放B站抽了吧
BV1RfYf6kEjq,117279433954699,一镜到底横跨两城！零跑自研世界模型到底什么水平？【AI辅助驾驶实测】,图灵的猫,2026-09-16 20:00:00,1169815,334,1,一镜到底横跨两城！零跑自研世界模型到底什么水平？【辅助】,41939108999,22.45900,5,25,16777215,2026-09-18 11:37:48,1789702668,0,3b9d3dcb,2202944665736069888,人家说的是厂商行不通…没说你用户
BV1RfYf6kEjq,117279433954699,一镜到底横跨两城！零跑自研世界模型到底什么水平？【AI辅助驾驶实测】,图灵的猫,2026-09-16 20:00:00,1169815,334,1,一镜到底横跨两城！零跑自研世界模型到底什么水平？【辅助】,41939108999,10.52400,1,25,16777215,2026-09-18 09:28:54,1789694934,0,59bb6ef3,2202879786908061696,老登说AI
BV1RfYf6kEjq,117279433954699,一镜到底横跨两城！零跑自研世界模型到底什么水平？【AI辅助驾驶实测】,图灵的猫,2026-09-16 20:00:00,1169815,334,1,一镜到底横跨两城！零跑自研世界模型到底什么水平？【辅助】,41939108999,16.73200,1,25,16777215,2026-09-18 09:18:42,1789694322,0,31661c68,2202874654665246976,？？？好可笑了
BV1RfYf6kEjq,117279433954699,一镜到底横跨两城！零跑自研世界模型到底什么水平？【AI辅助驾驶实测】,图灵的猫,2026-09-16 20:00:00,1169815,334,1,一镜到底横跨两城！零跑自研世界模型到底什么水平？【辅助】,41939108999,14.40100,1,25,16777215,2026-09-18 09:12:11,1789693931,0,2469010,2202871370382578432,行不通  几十年没智驾  谁开的  你这一句话    笑了  果然商人
BV1RfYf6kEjq,117279433954699,一镜到底横跨两城！零跑自研世界模型到底什么水平？【AI辅助驾驶实测】,图灵的猫,2026-09-16 20:00:00,1169815,334,1,一镜到底横跨两城！零跑自研世界模型到底什么水平？【辅助】,41939108999,5.16000,1,25,16777215,2026-09-18 09:11:28,1789693888,0,e223987e,2202871010058661632,老登tan谈ai又来了
BV1RfYf6kEjq,117279433954699,一镜到底横跨两城！零跑自研世界模型到底什么水平？【AI辅助驾驶实测】,图灵的猫,2026-09-16 20:00:00,1169815,334,1,一镜到底横跨两城！零跑自研世界模型到底什么水平？【辅助】,41939108999,338.98400,1,25,16777215,2026-09-18 09:02:21,1789693341,0,6d8c4734,2202866422018138368,这个实线变道合理，变慢了后面的车上来不好处理
BV1RfYf6kEjq,117279433954699,一镜到底横跨两城！零跑自研世界模型到底什么水平？【AI辅助驾驶实测】,图灵的猫,2026-09-16 20:00:00,1169815,334,1,一镜到底横跨两城！零跑自研世界模型到底什么水平？【辅助】,41939108999,39.31900,1,25,16777215,2026-09-18 08:51:27,1789692687,0,cd9f15fc,2202860938762406400,他说的行不通不是个人层次，是从做车的角度来说的
BV1RfYf6kEjq,117279433954699,一镜到底横跨两城！零跑自研世界模型到底什么水平？【AI辅助驾驶实测】,图灵的猫,2026-09-16 20:00:00,1169815,334,1,一镜到底横跨两城！零跑自研世界模型到底什么水平？【辅助】,41939108999,26.63200,1,25,16777215,2026-09-18 08:51:20,1789692680,0,5b1de2f3,2202860880470309120,车离开ai不能用了吗？
BV1RfYf6kEjq,117279433954699,一镜到底横跨两城！零跑自研世界模型到底什么水平？【AI辅助驾驶实测】,图灵的猫,2026-09-16 20:00:00,1169815,334,1,一镜到底横跨两城！零跑自研世界模型到底什么水平？【辅助】,41939108999,21.33700,1,25,16777215,2026-09-18 08:28:06,1789691286,0,79cb291a,2202849189485711616,我要买就买，没有自驾的车，主推自驾的溢价太高了
BV1RfYf6kEjq,117279433954699,一镜到底横跨两城！零跑自研世界模型到底什么水平？【AI辅助驾驶实测】,图灵的猫,2026-09-16 20:00:00,1169815,334,1,一镜到底横跨两城！零跑自研世界模型到底什么水平？【辅助】,41939108999,2.56000,1,25,16777215,2026-09-18 07:21:48,1789687308,0,1d3d2187,2202815819300945664,做什么？你都这岁数了？
BV1RfYf6kEjq,117279433954699,一镜到底横跨两城！零跑自研世界模型到底什么水平？【AI辅助驾驶实测】,图灵的猫,2026-09-16 20:00:00,1169815,334,1,一镜到底横跨两城！零跑自研世界模型到底什么水平？【辅助】,41939108999,267.12600,1,25,16777215,2026-09-18 04:54:42,1789678482,3,125303ca,2202741780037590272,不一定
BV1RfYf6kEjq,117279433954699,一镜到底横跨两城！零跑自研世界模型到底什么水平？【AI辅助驾驶实测】,图灵的猫,2026-09-16 20:00:00,1169815,334,1,一镜到底横跨两城！零跑自研世界模型到底什么水平？【辅助】,41939108999,267.39700,1,25,16777215,2026-09-18 04:51:43,1789678303,3,fa5eaeb9,2202740278996645120,必须的
BV1RfYf6kEjq,117279433954699,一镜到底横跨两城！零跑自研世界模型到底什么水平？【AI辅助驾驶实测】,图灵的猫,2026-09-16 20:00:00,1169815,334,1,一镜到底横跨两城！零跑自研世界模型到底什么水平？【辅助】,41939108999,267.14600,1,25,16777215,2026-09-18 04:48:43,1789678123,3,3f1fc4f5,2202738764920158720,不一定
BV1RfYf6kEjq,117279433954699,一镜到底横跨两城！零跑自研世界模型到底什么水平？【AI辅助驾驶实测】,图灵的猫,2026-09-16 20:00:00,1169815,334,1,一镜到底横跨两城！零跑自研世界模型到底什么水平？【辅助】,41939108999,267.12800,1,25,16777215,2026-09-18 04:45:43,1789677943,3,125303ca,2202737259299066880,不一定
BV1RfYf6kEjq,117279433954699,一镜到底横跨两城！零跑自研世界模型到底什么水平？【AI辅助驾驶实测】,图灵的猫,2026-09-16 20:00:00,1169815,334,1,一镜到底横跨两城！零跑自研世界模型到底什么水平？【辅助】,41939108999,267.47100,1,25,16777215,2026-09-18 04:42:42,1789677762,3,b4e89b52,2202735738830098944,必须的
BV1RfYf6kEjq,117279433954699,一镜到底横跨两城！零跑自研世界模型到底什么水平？【AI辅助驾驶实测】,图灵的猫,2026-09-16 20:00:00,1169815,334,1,一镜到底横跨两城！零跑自研世界模型到底什么水平？【辅助】,41939108999,267.32500,1,25,16777215,2026-09-18 04:39:42,1789677582,3,3ed6d08f,2202734232504569088,不一定
BV1RfYf6kEjq,117279433954699,一镜到底横跨两城！零跑自研世界模型到底什么水平？【AI辅助驾驶实测】,图灵的猫,2026-09-16 20:00:00,1169815,334,1,一镜到底横跨两城！零跑自研世界模型到底什么水平？【辅助】,41939108999,267.12900,1,25,16777215,2026-09-18 04:36:43,1789677403,3,b574000e,2202732725231458560,不一定
BV1RfYf6kEjq,117279433954699,一镜到底横跨两城！零跑自研世界模型到底什么水平？【AI辅助驾驶实测】,图灵的猫,2026-09-16 20:00:00,1169815,334,1,一镜到底横跨两城！零跑自研世界模型到底什么水平？【辅助】,41939108999,267.85700,1,25,16777215,2026-09-18 04:33:44,1789677224,3,8b83e051,2202731225759302400,不一定
BV1RfYf6kEjq,117279433954699,一镜到底横跨两城！零跑自研世界模型到底什么水平？【AI辅助驾驶实测】,图灵的猫,2026-09-16 20:00:00,1169815,334,1,一镜到底横跨两城！零跑自研世界模型到底什么水平？【辅助】,41939108999,267.33800,1,25,16777215,2026-09-18 04:30:42,1789677042,3,c0f20a93,2202729703218695680,不一定
BV1RfYf6kEjq,117279433954699,一镜到底横跨两城！零跑自研世界模型到底什么水平？【AI辅助驾驶实测】,图灵的猫,2026-09-16 20:00:00,1169815,334,1,一镜到底横跨两城！零跑自研世界模型到底什么水平？【辅助】,41939108999,267.61300,1,25,16777215,2026-09-18 04:27:45,1789676865,3,bcc1f69b,2202728213493991680,不一定
BV1RfYf6kEjq,117279433954699,一镜到底横跨两城！零跑自研世界模型到底什么水平？【AI辅助驾驶实测】,图灵的猫,2026-09-16 20:00:00,1169815,334,1,一镜到底横跨两城！零跑自研世界模型到底什么水平？【辅助】,41939108999,267.25000,1,25,16777215,2026-09-18 04:24:43,1789676683,3,125303ca,2202726683764195328,必须的
BV1RfYf6kEjq,117279433954699,一镜到底横跨两城！零跑自研世界模型到底什么水平？【AI辅助驾驶实测】,图灵的猫,2026-09-16 20:00:00,1169815,334,1,一镜到底横跨两城！零跑自研世界模型到底什么水平？【辅助】,41939108999,267.33800,1,25,16777215,2026-09-18 04:21:42,1789676502,3,330aa127,2202725169754741504,必须的
BV1RfYf6kEjq,117279433954699,一镜到底横跨两城！零跑自研世界模型到底什么水平？【AI辅助驾驶实测】,图灵的猫,2026-09-16 20:00:00,1169815,334,1,一镜到底横跨两城！零跑自研世界模型到底什么水平？【辅助】,41939108999,267.25800,1,25,16777215,2026-09-18 04:18:43,1789676323,3,23ba1a7c,2202723670718295040,不一定
BV1RfYf6kEjq,117279433954699,一镜到底横跨两城！零跑自研世界模型到底什么水平？【AI辅助驾驶实测】,图灵的猫,2026-09-16 20:00:00,1169815,334,1,一镜到底横跨两城！零跑自研世界模型到底什么水平？【辅助】,41939108999,267.83800,1,25,16777215,2026-09-18 04:15:42,1789676142,3,62979c88,2202722150199673600,必须的
BV1RfYf6kEjq,117279433954699,一镜到底横跨两城！零跑自研世界模型到底什么水平？【AI辅助驾驶实测】,图灵的猫,2026-09-16 20:00:00,1169815,334,1,一镜到底横跨两城！零跑自研世界模型到底什么水平？【辅助】,41939108999,267.42200,1,25,16777215,2026-09-18 04:12:46,1789675966,3,562ff6a9,2202720670927045888,不一定
BV1RfYf6kEjq,117279433954699,一镜到底横跨两城！零跑自研世界模型到底什么水平？【AI辅助驾驶实测】,图灵的猫,2026-09-16 20:00:00,1169815,334,1,一镜到底横跨两城！零跑自研世界模型到底什么水平？【辅助】,41939108999,267.26500,1,25,16777215,2026-09-18 04:09:44,1789675784,3,980bc87f,2202719147657000960,不一定
BV1RfYf6kEjq,117279433954699,一镜到底横跨两城！零跑自研世界模型到底什么水平？【AI辅助驾驶实测】,图灵的猫,2026-09-16 20:00:00,1169815,334,1,一镜到底横跨两城！零跑自研世界模型到底什么水平？【辅助】,41939108999,267.78600,1,25,16777215,2026-09-18 04:06:42,1789675602,3,8c7fff9c,2202717620443307008,不一定
BV1RfYf6kEjq,117279433954699,一镜到底横跨两城！零跑自研世界模型到底什么水平？【AI辅助驾驶实测】,图灵的猫,2026-09-16 20:00:00,1169815,334,1,一镜到底横跨两城！零跑自研世界模型到底什么水平？【辅助】,41939108999,267.87200,1,25,16777215,2026-09-18 04:03:43,1789675423,3,b574000e,2202716116920102656,必须的
BV1RfYf6kEjq,117279433954699,一镜到底横跨两城！零跑自研世界模型到底什么水平？【AI辅助驾驶实测】,图灵的猫,2026-09-16 20:00:00,1169815,334,1,一镜到底横跨两城！零跑自研世界模型到底什么水平？【辅助】,41939108999,267.85400,1,25,16777215,2026-09-18 04:00:44,1789675244,3,ea795fa2,2202714614754978048,必须的
BV1RfYf6kEjq,117279433954699,一镜到底横跨两城！零跑自研世界模型到底什么水平？【AI辅助驾驶实测】,图灵的猫,2026-09-16 20:00:00,1169815,334,1,一镜到底横跨两城！零跑自研世界模型到底什么水平？【辅助】,41939108999,267.43700,1,25,16777215,2026-09-18 03:57:42,1789675062,3,dfa49922,2202713089521587712,不一定
BV1RfYf6kEjq,117279433954699,一镜到底横跨两城！零跑自研世界模型到底什么水平？【AI辅助驾驶实测】,图灵的猫,2026-09-16 20:00:00,1169815,334,1,一镜到底横跨两城！零跑自研世界模型到底什么水平？【辅助】,41939108999,26.81100,1,25,16777215,2026-09-18 01:03:07,1789664587,0,4797d038,2202625222938279680,强行推概念
BV1RfYf6kEjq,117279433954699,一镜到底横跨两城！零跑自研世界模型到底什么水平？【AI辅助驾驶实测】,图灵的猫,2026-09-16 20:00:00,1169815,334,1,一镜到底横跨两城！零跑自研世界模型到底什么水平？【辅助】,41939108999,26.34200,1,25,16777215,2026-09-18 00:02:11,1789660931,0,b52143ed,2202594550471285248,到底在讲什么
BV1RfYf6kEjq,117279433954699,一镜到底横跨两城！零跑自研世界模型到底什么水平？【AI辅助驾驶实测】,图灵的猫,2026-09-16 20:00:00,1169815,334,1,一镜到底横跨两城！零跑自研世界模型到底什么水平？【辅助】,41939108999,7.70300,1,25,16777215,2026-09-17 22:56:48,1789657008,0,bf86dbe3,2202561637893637376,+去nmdb
BV1RfYf6kEjq,117279433954699,一镜到底横跨两城！零跑自研世界模型到底什么水平？【AI辅助驾驶实测】,图灵的猫,2026-09-16 20:00:00,1169815,334,1,一镜到底横跨两城！零跑自研世界模型到底什么水平？【辅助】,41939108999,14.37900,1,25,16777215,2026-09-17 21:58:39,1789653519,0,b67672a3,2202532374888111616,招笑乐子
BV1RfYf6kEjq,117279433954699,一镜到底横跨两城！零跑自研世界模型到底什么水平？【AI辅助驾驶实测】,图灵的猫,2026-09-16 20:00:00,1169815,334,1,一镜到底横跨两城！零跑自研世界模型到底什么水平？【辅助】,41939108999,1078.83200,1,25,16777215,2026-09-17 21:26:43,1789651603,0,dcaac254,2202516297794003968,零跑现在水平只敢跑高快了
BV1RfYf6kEjq,117279433954699,一镜到底横跨两城！零跑自研世界模型到底什么水平？【AI辅助驾驶实测】,图灵的猫,2026-09-16 20:00:00,1169815,334,1,一镜到底横跨两城！零跑自研世界模型到底什么水平？【辅助】,41939108999,14.18600,1,25,16777215,2026-09-17 21:18:42,1789651122,0,4a107a77,2202512265893264896,又开始炒概念了
BV1RfYf6kEjq,117279433954699,一镜到底横跨两城！零跑自研世界模型到底什么水平？【AI辅助驾驶实测】,图灵的猫,2026-09-16 20:00:00,1169815,334,1,一镜到底横跨两城！零跑自研世界模型到底什么水平？【辅助】,41939108999,17.53000,1,25,16777215,2026-09-17 21:16:34,1789650994,0,868f37c9,2202511192244211968,又轮到你来定义中国了？！几斤几两啊
BV1RfYf6kEjq,117279433954699,一镜到底横跨两城！零跑自研世界模型到底什么水平？【AI辅助驾驶实测】,图灵的猫,2026-09-16 20:00:00,1169815,334,1,一镜到底横跨两城！零跑自研世界模型到底什么水平？【辅助】,41939108999,17.42500,1,25,16707842,2026-09-17 20:54:58,1789649698,0,f712dde5,2202500322034557184,哪儿不通？真大言不惭
BV1RfYf6kEjq,117279433954699,一镜到底横跨两城！零跑自研世界模型到底什么水平？【AI辅助驾驶实测】,图灵的猫,2026-09-16 20:00:00,1169815,334,1,一镜到底横跨两城！零跑自研世界模型到底什么水平？【辅助】,41939108999,23.29000,1,25,16777215,2026-09-17 20:53:54,1789649634,0,952aab5,2202499786605921792,懂了买小米鹏程
BV1RfYf6kEjq,117279433954699,一镜到底横跨两城！零跑自研世界模型到底什么水平？【AI辅助驾驶实测】,图灵的猫,2026-09-16 20:00:00,1169815,334,1,一镜到底横跨两城！零跑自研世界模型到底什么水平？【辅助】,41939108999,14.53100,1,25,16777215,2026-09-17 20:44:25,1789649065,0,eb5cc73b,2202495008186327808,你猜ai出错了算谁的
BV1RfYf6kEjq,117279433954699,一镜到底横跨两城！零跑自研世界模型到底什么水平？【AI辅助驾驶实测】,图灵的猫,2026-09-16 20:00:00,1169815,334,1,一镜到底横跨两城！零跑自研世界模型到底什么水平？【辅助】,41939108999,11.24400,1,25,16777215,2026-09-17 20:25:17,1789647917,0,75037f3b,2202485381134907392,你们是受众群么，跟着夏季把掺和
BV1RfYf6kEjq,117279433954699,一镜到底横跨两城！零跑自研世界模型到底什么水平？【AI辅助驾驶实测】,图灵的猫,2026-09-16 20:00:00,1169815,334,1,一镜到底横跨两城！零跑自研世界模型到底什么水平？【辅助】,41939108999,129.87700,1,25,16777215,2026-09-17 20:03:28,1789646608,0,bcd3e3c1,2202474398945726464,太明显了，不看了
BV1RfYf6kEjq,117279433954699,一镜到底横跨两城！零跑自研世界模型到底什么水平？【AI辅助驾驶实测】,图灵的猫,2026-09-16 20:00:00,1169815,334,1,一镜到底横跨两城！零跑自研世界模型到底什么水平？【辅助】,41939108999,5.49900,1,25,16777215,2026-09-17 19:46:00,1789645560,0,2e4d5947,2202465610913669376,这俩人长一样
BV1RfYf6kEjq,117279433954699,一镜到底横跨两城！零跑自研世界模型到底什么水平？【AI辅助驾驶实测】,图灵的猫,2026-09-16 20:00:00,1169815,334,1,一镜到底横跨两城！零跑自研世界模型到底什么水平？【辅助】,41939108999,26.61500,1,25,16777215,2026-09-17 19:45:22,1789645522,0,1e0cb4db,2202465290611503616,车千万别玩ai
BV1RfYf6kEjq,117279433954699,一镜到底横跨两城！零跑自研世界模型到底什么水平？【AI辅助驾驶实测】,图灵的猫,2026-09-16 20:00:00,1169815,334,1,一镜到底横跨两城！零跑自研世界模型到底什么水平？【辅助】,41939108999,21.54000,1,25,16707842,2026-09-17 19:16:44,1789643804,0,6b917fb5,2202450876877313792,自定义服是这样的，好不好，行不行得通，不是大众定义
BV1RfYf6kEjq,117279433954699,一镜到底横跨两城！零跑自研世界模型到底什么水平？【AI辅助驾驶实测】,图灵的猫,2026-09-16 20:00:00,1169815,334,1,一镜到底横跨两城！零跑自研世界模型到底什么水平？【辅助】,41939108999,46.27300,1,25,16777215,2026-09-17 19:15:11,1789643711,0,c669c9d5,2202450095050896128,那么AI也能通过车来劫持乘客
BV1RfYf6kEjq,117279433954699,一镜到底横跨两城！零跑自研世界模型到底什么水平？【AI辅助驾驶实测】,图灵的猫,2026-09-16 20:00:00,1169815,334,1,一镜到底横跨两城！零跑自研世界模型到底什么水平？【辅助】,41939108999,13.87800,1,25,16777215,2026-09-17 18:59:15,1789642755,0,667bdea8,2202442082688286464,你谁啊？动不动就行不通
BV1RfYf6kEjq,117279433954699,一镜到底横跨两城！零跑自研世界模型到底什么水平？【AI辅助驾驶实测】,图灵的猫,2026-09-16 20:00:00,1169815,334,1,一镜到底横跨两城！零跑自研世界模型到底什么水平？【辅助】,41939108999,17.94100,1,25,16777215,2026-09-17 18:49:07,1789642147,0,c1366ff0,2202436982348086528,行不通？
BV1RfYf6kEjq,117279433954699,一镜到底横跨两城！零跑自研世界模型到底什么水平？【AI辅助驾驶实测】,图灵的猫,2026-09-16 20:00:00,1169815,334,1,一镜到底横跨两城！零跑自研世界模型到底什么水平？【辅助】,41939108999,738.47700,1,25,16777215,2026-09-17 18:21:47,1789640507,0,ed88d558,2202423222572726272,老企业家的稳健
BV1RfYf6kEjq,117279433954699,一镜到底横跨两城！零跑自研世界模型到底什么水平？【AI辅助驾驶实测】,图灵的猫,2026-09-16 20:00:00,1169815,334,1,一镜到底横跨两城！零跑自研世界模型到底什么水平？【辅助】,41939108999,366.64800,1,25,16777215,2026-09-17 17:52:56,1789638776,0,a172aa99,2202408700592178688,什么时候有车道级导航呀
BV1RfYf6kEjq,117279433954699,一镜到底横跨两城！零跑自研世界模型到底什么水平？【AI辅助驾驶实测】,图灵的猫,2026-09-16 20:00:00,1169815,334,1,一镜到底横跨两城！零跑自研世界模型到底什么水平？【辅助】,41939108999,334.64700,1,25,16777215,2026-09-17 17:52:22,1789638742,0,a172aa99,2202408419280244480,是不是实线变道了
BV1RfYf6kEjq,117279433954699,一镜到底横跨两城！零跑自研世界模型到底什么水平？【AI辅助驾驶实测】,图灵的猫,2026-09-16 20:00:00,1169815,334,1,一镜到底横跨两城！零跑自研世界模型到底什么水平？【辅助】,41939108999,3.08000,1,25,16777215,2026-09-17 17:46:25,1789638385,0,5c24efde,2202405417609917696,你踏马，造过ai吗？张口就来
BV1RfYf6kEjq,117279433954699,一镜到底横跨两城！零跑自研世界模型到底什么水平？【AI辅助驾驶实测】,图灵的猫,2026-09-16 20:00:00,1169815,334,1,一镜到底横跨两城！零跑自研世界模型到底什么水平？【辅助】,41939108999,19.33000,1,25,16777215,2026-09-17 16:01:33,1789632093,0,4c0a0fcd,2202352636656404736,怎么就行不通了？？
BV1RfYf6kEjq,117279433954699,一镜到底横跨两城！零跑自研世界模型到底什么水平？【AI辅助驾驶实测】,图灵的猫,2026-09-16 20:00:00,1169815,334,1,一镜到底横跨两城！零跑自研世界模型到底什么水平？【辅助】,41939108999,210.27800,1,25,16777215,2026-09-17 15:25:32,1789629932,3,feb07e8d,2202334512405760768,4
BV1RfYf6kEjq,117279433954699,一镜到底横跨两城！零跑自研世界模型到底什么水平？【AI辅助驾驶实测】,图灵的猫,2026-09-16 20:00:00,1169815,334,1,一镜到底横跨两城！零跑自研世界模型到底什么水平？【辅助】,41939108999,730.38700,1,25,16777215,2026-09-17 14:50:22,1789627822,0,2d783312,2202316811898012160,真的聪明啊朱总
BV1RfYf6kEjq,117279433954699,一镜到底横跨两城！零跑自研世界模型到底什么水平？【AI辅助驾驶实测】,图灵的猫,2026-09-16 20:00:00,1169815,334,1,一镜到底横跨两城！零跑自研世界模型到底什么水平？【辅助】,41939108999,19.28200,1,25,16777215,2026-09-17 14:28:33,1789626513,0,aedb0c55,2202305827644145152,为啥行不通，根本就不需要智驾
BV1RfYf6kEjq,117279433954699,一镜到底横跨两城！零跑自研世界模型到底什么水平？【AI辅助驾驶实测】,图灵的猫,2026-09-16 20:00:00,1169815,334,1,一镜到底横跨两城！零跑自研世界模型到底什么水平？【辅助】,41939108999,4.61300,1,25,16777215,2026-09-17 13:40:20,1789623620,0,36b6a06c,2202281561616262912,你俩吹牛逼遥遥领先
BV1RfYf6kEjq,117279433954699,一镜到底横跨两城！零跑自研世界模型到底什么水平？【AI辅助驾驶实测】,图灵的猫,2026-09-16 20:00:00,1169815,334,1,一镜到底横跨两城！零跑自研世界模型到底什么水平？【辅助】,41939108999,216.06300,1,25,16777215,2026-09-17 13:39:51,1789623591,0,928f2ff9,2202281319579740160,第一性原理（跟着特斯拉抄）
BV1RfYf6kEjq,117279433954699,一镜到底横跨两城！零跑自研世界模型到底什么水平？【AI辅助驾驶实测】,图灵的猫,2026-09-16 20:00:00,1169815,334,1,一镜到底横跨两城！零跑自研世界模型到底什么水平？【辅助】,41939108999,22.49000,1,25,16777215,2026-09-17 13:14:45,1789622085,0,7edf5773,2202268688156796928,二手丰田车，什么配置没有，不影响跑工地
BV1RfYf6kEjq,117279433954699,一镜到底横跨两城！零跑自研世界模型到底什么水平？【AI辅助驾驶实测】,图灵的猫,2026-09-16 20:00:00,1169815,334,1,一镜到底横跨两城！零跑自研世界模型到底什么水平？【辅助】,41939108999,16.23100,1,25,16777215,2026-09-17 13:10:51,1789621851,0,5d4dc580,2202266721530709248,？？没ai是不能开了
BV1RfYf6kEjq,117279433954699,一镜到底横跨两城！零跑自研世界模型到底什么水平？【AI辅助驾驶实测】,图灵的猫,2026-09-16 20:00:00,1169815,334,1,一镜到底横跨两城！零跑自研世界模型到底什么水平？【辅助】,41939108999,15.56100,1,25,16777215,2026-09-17 13:05:32,1789621532,0,52eee004,2202264048870290176,这俩人的面相，一个高高挂起，一个贪薄重利
BV1RfYf6kEjq,117279433954699,一镜到底横跨两城！零跑自研世界模型到底什么水平？【AI辅助驾驶实测】,图灵的猫,2026-09-16 20:00:00,1169815,334,1,一镜到底横跨两城！零跑自研世界模型到底什么水平？【辅助】,41939108999,29.23700,1,25,16777215,2026-09-17 13:05:00,1789621500,0,e10fb1ef,2202263775577864704,没买零跑就后悔了
BV1RfYf6kEjq,117279433954699,一镜到底横跨两城！零跑自研世界模型到底什么水平？【AI辅助驾驶实测】,图灵的猫,2026-09-16 20:00:00,1169815,334,1,一镜到底横跨两城！零跑自研世界模型到底什么水平？【辅助】,41939108999,13.19400,1,25,16777215,2026-09-17 13:00:43,1789621243,0,36c17a0f,2202261622339363584,？？？吹啥呢
BV1RfYf6kEjq,117279433954699,一镜到底横跨两城！零跑自研世界模型到底什么水平？【AI辅助驾驶实测】,图灵的猫,2026-09-16 20:00:00,1169815,334,1,一镜到底横跨两城！零跑自研世界模型到底什么水平？【辅助】,41939108999,49.90500,1,25,16777215,2026-09-17 12:56:41,1789621001,0,468b4c46,2202259592338622464,逗逼
BV1RfYf6kEjq,117279433954699,一镜到底横跨两城！零跑自研世界模型到底什么水平？【AI辅助驾驶实测】,图灵的猫,2026-09-16 20:00:00,1169815,334,1,一镜到底横跨两城！零跑自研世界模型到底什么水平？【辅助】,41939108999,18.78900,1,25,16777215,2026-09-17 12:43:11,1789620191,0,d8ac54e,2202252795653455616,好好开车瞎白胡
BV1RfYf6kEjq,117279433954699,一镜到底横跨两城！零跑自研世界模型到底什么水平？【AI辅助驾驶实测】,图灵的猫,2026-09-16 20:00:00,1169815,334,1,一镜到底横跨两城！零跑自研世界模型到底什么水平？【辅助】,41939108999,11.28800,1,25,16777215,2026-09-17 12:37:07,1789619827,0,d9c161b8,2202249744683082752,谁家老登
BV1RfYf6kEjq,117279433954699,一镜到底横跨两城！零跑自研世界模型到底什么水平？【AI辅助驾驶实测】,图灵的猫,2026-09-16 20:00:00,1169815,334,1,一镜到底横跨两城！零跑自研世界模型到底什么水平？【辅助】,41939108999,210.88100,1,25,16777215,2026-09-17 12:31:46,1789619506,3,ea17bb2c,2202247050035530240,5
BV1RfYf6kEjq,117279433954699,一镜到底横跨两城！零跑自研世界模型到底什么水平？【AI辅助驾驶实测】,图灵的猫,2026-09-16 20:00:00,1169815,334,1,一镜到底横跨两城！零跑自研世界模型到底什么水平？【辅助】,41939108999,15.85400,1,25,16777215,2026-09-17 12:20:48,1789618848,0,e352faa3,2202241528570116352,屁话，我就不需要
BV1RfYf6kEjq,117279433954699,一镜到底横跨两城！零跑自研世界模型到底什么水平？【AI辅助驾驶实测】,图灵的猫,2026-09-16 20:00:00,1169815,334,1,一镜到底横跨两城！零跑自研世界模型到底什么水平？【辅助】,41939108999,9.93100,1,25,16777215,2026-09-17 12:12:57,1789618377,0,ee83dd86,2202237583424487936,那我买没有AI的车
BV1RfYf6kEjq,117279433954699,一镜到底横跨两城！零跑自研世界模型到底什么水平？【AI辅助驾驶实测】,图灵的猫,2026-09-16 20:00:00,1169815,334,1,一镜到底横跨两城！零跑自研世界模型到底什么水平？【辅助】,41939108999,22.59000,1,25,16777215,2026-09-17 12:02:42,1789617762,0,f5e5d475,2202232424564603392,有利益当然要捧啊，没利益那就拼命踩
BV1RfYf6kEjq,117279433954699,一镜到底横跨两城！零跑自研世界模型到底什么水平？【AI辅助驾驶实测】,图灵的猫,2026-09-16 20:00:00,1169815,334,1,一镜到底横跨两城！零跑自研世界模型到底什么水平？【辅助】,41939108999,13.14500,1,25,38979,2026-09-17 11:56:50,1789617410,0,5f7b8151,2202229470432276992,GDP又增长了
BV1RfYf6kEjq,117279433954699,一镜到底横跨两城！零跑自研世界模型到底什么水平？【AI辅助驾驶实测】,图灵的猫,2026-09-16 20:00:00,1169815,334,1,一镜到底横跨两城！零跑自研世界模型到底什么水平？【辅助】,41939108999,14.04700,1,25,16777215,2026-09-17 11:45:10,1789616710,0,a2da3983,2202223601795888384,大胆
BV1RfYf6kEjq,117279433954699,一镜到底横跨两城！零跑自研世界模型到底什么水平？【AI辅助驾驶实测】,图灵的猫,2026-09-16 20:00:00,1169815,334,1,一镜到底横跨两城！零跑自研世界模型到底什么水平？【辅助】,41939108999,0.72000,1,25,16777215,2026-09-17 11:35:59,1789616159,0,817e1f82,2202218973809095424,一脸大聪明，这开头就不想往下看了。猪脑子
BV1RfYf6kEjq,117279433954699,一镜到底横跨两城！零跑自研世界模型到底什么水平？【AI辅助驾驶实测】,图灵的猫,2026-09-16 20:00:00,1169815,334,1,一镜到底横跨两城！零跑自研世界模型到底什么水平？【辅助】,41939108999,11.27600,1,25,16777215,2026-09-17 11:31:41,1789615901,0,eb28df8,2202216809481154048,不太像是支持革新的样子
BV1RfYf6kEjq,117279433954699,一镜到底横跨两城！零跑自研世界模型到底什么水平？【AI辅助驾驶实测】,图灵的猫,2026-09-16 20:00:00,1169815,334,1,一镜到底横跨两城！零跑自研世界模型到底什么水平？【辅助】,41939108999,1650.38300,1,25,16777215,2026-09-17 11:11:19,1789614679,0,f0a9ff8e,2202206562209655040,又不会超太多
BV1RfYf6kEjq,117279433954699,一镜到底横跨两城！零跑自研世界模型到底什么水平？【AI辅助驾驶实测】,图灵的猫,2026-09-16 20:00:00,1169815,334,1,一镜到底横跨两城！零跑自研世界模型到底什么水平？【辅助】,41939108999,1588.07900,1,25,16777215,2026-09-17 11:10:07,1789614607,0,f0a9ff8e,2202205959244989696,明年把后轮转向加上就完美了
BV1RfYf6kEjq,117279433954699,一镜到底横跨两城！零跑自研世界模型到底什么水平？【AI辅助驾驶实测】,图灵的猫,2026-09-16 20:00:00,1169815,334,1,一镜到底横跨两城！零跑自研世界模型到底什么水平？【辅助】,41939108999,1832.94600,1,25,16777215,2026-09-17 10:03:14,1789610594,0,d77bf03c,2202172292975342336,可以超，不然为什么是虚线，重学交规吧
BV1RfYf6kEjq,117279433954699,一镜到底横跨两城！零跑自研世界模型到底什么水平？【AI辅助驾驶实测】,图灵的猫,2026-09-16 20:00:00,1169815,334,1,一镜到底横跨两城！零跑自研世界模型到底什么水平？【辅助】,41939108999,1815.20600,1,25,16777215,2026-09-17 09:58:46,1789610326,0,d77bf03c,2202170043771607552,借道超车嘛
BV1RfYf6kEjq,117279433954699,一镜到底横跨两城！零跑自研世界模型到底什么水平？【AI辅助驾驶实测】,图灵的猫,2026-09-16 20:00:00,1169815,334,1,一镜到底横跨两城！零跑自研世界模型到底什么水平？【辅助】,41939108999,15.42200,1,25,8700107,2026-09-16 23:10:32,1789571432,0,679430e2,2201843775306072576,招笑
BV1RfYf6kEjq,117279433954699,一镜到底横跨两城！零跑自研世界模型到底什么水平？【AI辅助驾驶实测】,图灵的猫,2026-09-16 20:00:00,1169815,334,1,一镜到底横跨两城！零跑自研世界模型到底什么水平？【辅助】,41939108999,211.20500,1,25,16777215,2026-09-16 21:58:33,1789567113,3,fc8ea488,2201807549345328640,3
BV1RfYf6kEjq,117279433954699,一镜到底横跨两城！零跑自研世界模型到底什么水平？【AI辅助驾驶实测】,图灵的猫,2026-09-16 20:00:00,1169815,334,1,一镜到底横跨两城！零跑自研世界模型到底什么水平？【辅助】,41939108999,212.00000,1,25,16777215,2026-09-16 21:22:38,1789564958,3,fe157bb8,2201789474495840768,5
BV1RfYf6kEjq,117279433954699,一镜到底横跨两城！零跑自研世界模型到底什么水平？【AI辅助驾驶实测】,图灵的猫,2026-09-16 20:00:00,1169815,334,1,一镜到底横跨两城！零跑自研世界模型到底什么水平？【辅助】,41939108999,15.13800,1,25,16777215,2026-09-16 21:21:53,1789564913,0,8170e0d4,2201789092286072832,有牌面呀
BV1RfYf6kEjq,117279433954699,一镜到底横跨两城！零跑自研世界模型到底什么水平？【AI辅助驾驶实测】,图灵的猫,2026-09-16 20:00:00,1169815,334,1,一镜到底横跨两城！零跑自研世界模型到底什么水平？【辅助】,41939108999,211.32000,1,25,16777215,2026-09-16 21:13:00,1789564380,3,5cac0584,2201784624999724032,2
BV1RfYf6kEjq,117279433954699,一镜到底横跨两城！零跑自研世界模型到底什么水平？【AI辅助驾驶实测】,图灵的猫,2026-09-16 20:00:00,1169815,334,1,一镜到底横跨两城！零跑自研世界模型到底什么水平？【辅助】,41939108999,297.38400,1,25,16777215,2026-09-16 21:03:00,1789563780,0,51b8234,2201779588689338880,那些突然减速的比加塞的还吓人
BV1RfYf6kEjq,117279433954699,一镜到底横跨两城！零跑自研世界模型到底什么水平？【AI辅助驾驶实测】,图灵的猫,2026-09-16 20:00:00,1169815,334,1,一镜到底横跨两城！零跑自研世界模型到底什么水平？【辅助】,41939108999,269.22400,1,25,16777215,2026-09-16 21:02:10,1789563730,0,51b8234,2201779169191961344,适合一线以下那些太多不规范驾驶的地方
BV1RfYf6kEjq,117279433954699,一镜到底横跨两城！零跑自研世界模型到底什么水平？【AI辅助驾驶实测】,图灵的猫,2026-09-16 20:00:00,1169815,334,1,一镜到底横跨两城！零跑自研世界模型到底什么水平？【辅助】,41939108999,1116.23100,1,25,16777215,2026-09-16 20:50:26,1789563026,0,dd127833,2201773259727996928,智驾（辅助驾驶）的来的
BV1RfYf6kEjq,117279433954699,一镜到底横跨两城！零跑自研世界模型到底什么水平？【AI辅助驾驶实测】,图灵的猫,2026-09-16 20:00:00,1169815,334,1,一镜到底横跨两城！零跑自研世界模型到底什么水平？【辅助】,41939108999,165.54200,1,25,16777215,2026-09-16 20:22:23,1789561343,0,e092f36f,2201759148142802176,滨江
BV1RfYf6kEjq,117279433954699,一镜到底横跨两城！零跑自研世界模型到底什么水平？【AI辅助驾驶实测】,图灵的猫,2026-09-16 20:00:00,1169815,334,1,一镜到底横跨两城！零跑自研世界模型到底什么水平？【辅助】,41939108999,337.50900,1,25,16777215,2026-09-16 20:20:56,1789561256,0,5da4ece0,2201758419802428416,摄像头下压实线
BV11chU6REuY,117332433246153,智驾众测-小鹏6.3挑战智驾大赛常州路线,duel123,2026-09-25 23:47:21,1342,29,1,智驾众测-小鹏6.3挑战智驾大赛常州路线,42199285917,71.90700,1,25,16777215,2026-09-28 19:39:52,1790595592,0,f663d655,2210435057133814784,滑个卵滑，逼停直行的电瓶车了
BV11chU6REuY,117332433246153,智驾众测-小鹏6.3挑战智驾大赛常州路线,duel123,2026-09-25 23:47:21,1342,29,1,智驾众测-小鹏6.3挑战智驾大赛常州路线,42199285917,1841.09000,1,25,16777215,2026-09-27 15:41:05,1790494865,0,b4cf60e1,2209590093981958400,这三车道不至于一把过不来的
BV11chU6REuY,117332433246153,智驾众测-小鹏6.3挑战智驾大赛常州路线,duel123,2026-09-25 23:47:21,1342,29,1,智驾众测-小鹏6.3挑战智驾大赛常州路线,42199285917,3479.80000,1,25,16777215,2026-09-27 12:36:48,1790483808,0,cb36401a,2209497340699152640,这地方停车真随意
BV11chU6REuY,117332433246153,智驾众测-小鹏6.3挑战智驾大赛常州路线,duel123,2026-09-25 23:47:21,1342,29,1,智驾众测-小鹏6.3挑战智驾大赛常州路线,42199285917,2343.82700,1,25,16777215,2026-09-27 12:22:46,1790482966,0,cb36401a,2209490276660764416,这里识别的很好没有逆行
BV11chU6REuY,117332433246153,智驾众测-小鹏6.3挑战智驾大赛常州路线,duel123,2026-09-25 23:47:21,1342,29,1,智驾众测-小鹏6.3挑战智驾大赛常州路线,42199285917,1828.30300,1,25,16777215,2026-09-27 12:19:33,1790482773,0,cb36401a,2209488660461312256,这应该是识别错误道路，这车半径应该一把过占公交道完成掉头
BV11chU6REuY,117332433246153,智驾众测-小鹏6.3挑战智驾大赛常州路线,duel123,2026-09-25 23:47:21,1342,29,1,智驾众测-小鹏6.3挑战智驾大赛常州路线,42199285917,319.72300,1,25,16777215,2026-09-27 06:48:57,1790462937,0,8bf1770b,2209322262749144832,求大家关注一下即可，不用三连的啦
BV11chU6REuY,117332433246153,智驾众测-小鹏6.3挑战智驾大赛常州路线,duel123,2026-09-25 23:47:21,1342,29,1,智驾众测-小鹏6.3挑战智驾大赛常州路线,42199285917,82.56400,1,25,16777215,2026-09-27 00:26:28,1790439988,0,f1ec994d,2209129753490437888,真的慢啊
BV11chU6REuY,117332433246153,智驾众测-小鹏6.3挑战智驾大赛常州路线,duel123,2026-09-25 23:47:21,1342,29,1,智驾众测-小鹏6.3挑战智驾大赛常州路线,42199285917,77.48100,1,25,16777215,2026-09-26 21:52:46,1790430766,0,270e75e,2209052391407194368,这里要么就是压实线，要么就是连续变道，要严格说都是违规
BV11chU6REuY,117332433246153,智驾众测-小鹏6.3挑战智驾大赛常州路线,duel123,2026-09-25 23:47:21,1342,29,1,智驾众测-小鹏6.3挑战智驾大赛常州路线,42199285917,369.69700,1,25,16777215,2026-09-26 19:59:30,1790423970,0,e27a6eb7,2208995389087694080,进入VLA最舒适的小路了
BV11chU6REuY,117332433246153,智驾众测-小鹏6.3挑战智驾大赛常州路线,duel123,2026-09-25 23:47:21,1342,29,1,智驾众测-小鹏6.3挑战智驾大赛常州路线,42199285917,1458.91300,1,25,16777215,2026-09-26 09:48:23,1790387303,0,7d23a9c4,2208687801246173952,一刀不剪的看着还挺解压
